"scope","spatial_unit","mode","comparison","eligible","missing_scenarios","c_id","family","contrast","effect_id","level","observed_pp","B_requested","B_valid","valid_fraction","bootstrap_sd","ci_high","ci_low","status","conclusion"
"level_average","ALL","biomass","MEAN",TRUE,"",1,"Stability","within_minus_between",1,"stratum",29.1885478285555,2000,7,0.0035,3.25528495798727,,,"invalid_bootstrap_replicates","not_evaluable"
"level_average","ALL","biomass","PTa_vs_P1a",TRUE,"",2,"Stability","within_minus_between",2,"stratum",41.2336350957599,2000,775,0.3875,4.33801263170879,,,"invalid_bootstrap_replicates","not_evaluable"
"level_average","ALL","biomass","PTa_vs_P1b",TRUE,"",3,"Stability","within_minus_between",3,"stratum",42.8163140894145,2000,548,0.274,4.22917703493281,,,"invalid_bootstrap_replicates","not_evaluable"
"level_average","ALL","biomass","PTa_vs_P2",TRUE,"",4,"Stability","within_minus_between",4,"stratum",31.3932098269052,2000,39,0.0195,4.80652490105008,,,"invalid_bootstrap_replicates","not_evaluable"
"level_average","ALL","biomass","PTb_vs_P1a",TRUE,"",5,"Stability","within_minus_between",5,"stratum",22.6486247448179,2000,132,0.066,3.80698335138605,,,"invalid_bootstrap_replicates","not_evaluable"
"level_average","ALL","biomass","PTb_vs_P1b",TRUE,"",6,"Stability","within_minus_between",6,"stratum",24.2313037384725,2000,80,0.04,3.62081584273359,,,"invalid_bootstrap_replicates","not_evaluable"
"level_average","ALL","biomass","PTb_vs_P2",TRUE,"",7,"Stability","within_minus_between",7,"stratum",12.8081994759632,2000,11,0.0055,5.30190366687468,,,"invalid_bootstrap_replicates","not_evaluable"
"level_average","ALL","occurrence","MEAN",TRUE,"",8,"Stability","within_minus_between",8,"stratum",42.4739080195862,2000,7,0.0035,3.33604288041409,,,"invalid_bootstrap_replicates","not_evaluable"
"level_average","ALL","occurrence","PTa_vs_P1a",TRUE,"",9,"Stability","within_minus_between",9,"stratum",53.0067464719017,2000,775,0.3875,3.60496080257016,,,"invalid_bootstrap_replicates","not_evaluable"
"level_average","ALL","occurrence","PTa_vs_P1b",TRUE,"",10,"Stability","within_minus_between",10,"stratum",52.8459669407985,2000,548,0.274,3.57347207622682,,,"invalid_bootstrap_replicates","not_evaluable"
"level_average","ALL","occurrence","PTa_vs_P2",TRUE,"",11,"Stability","within_minus_between",11,"stratum",57.2790754269569,2000,39,0.0195,4.00299652074148,,,"invalid_bootstrap_replicates","not_evaluable"
"level_average","ALL","occurrence","PTb_vs_P1a",TRUE,"",12,"Stability","within_minus_between",12,"stratum",29.2000366179694,2000,132,0.066,4.39032675716961,,,"invalid_bootstrap_replicates","not_evaluable"
"level_average","ALL","occurrence","PTb_vs_P1b",TRUE,"",13,"Stability","within_minus_between",13,"stratum",29.0392570868662,2000,80,0.04,4.23336694377755,,,"invalid_bootstrap_replicates","not_evaluable"
"level_average","ALL","occurrence","PTb_vs_P2",TRUE,"",14,"Stability","within_minus_between",14,"stratum",33.4723655730245,2000,11,0.0055,2.75513126244951,,,"invalid_bootstrap_replicates","not_evaluable"
"spatial_unit","401","biomass","MEAN",FALSE,"P1a;P1b;P2;PTb",15,"Stability","within_minus_between",15,"stratum",,2000,0,0,,,,"missing_scenarios","not_evaluable"
"spatial_unit","401","biomass","PTa_vs_P1a",FALSE,"P1a",16,"Stability","within_minus_between",16,"stratum",,2000,0,0,,,,"missing_scenarios","not_evaluable"
"spatial_unit","401","biomass","PTa_vs_P1b",FALSE,"P1b",17,"Stability","within_minus_between",17,"stratum",,2000,0,0,,,,"missing_scenarios","not_evaluable"
"spatial_unit","401","biomass","PTa_vs_P2",FALSE,"P2",18,"Stability","within_minus_between",18,"stratum",,2000,0,0,,,,"missing_scenarios","not_evaluable"
"spatial_unit","401","biomass","PTb_vs_P1a",FALSE,"P1a;PTb",19,"Stability","within_minus_between",19,"stratum",,2000,0,0,,,,"missing_scenarios","not_evaluable"
"spatial_unit","401","biomass","PTb_vs_P1b",FALSE,"P1b;PTb",20,"Stability","within_minus_between",20,"stratum",,2000,0,0,,,,"missing_scenarios","not_evaluable"
"spatial_unit","401","biomass","PTb_vs_P2",FALSE,"P2;PTb",21,"Stability","within_minus_between",21,"stratum",,2000,0,0,,,,"missing_scenarios","not_evaluable"
"spatial_unit","401","occurrence","MEAN",FALSE,"P1a;P1b;P2;PTb",22,"Stability","within_minus_between",22,"stratum",,2000,0,0,,,,"missing_scenarios","not_evaluable"
"spatial_unit","401","occurrence","PTa_vs_P1a",FALSE,"P1a",23,"Stability","within_minus_between",23,"stratum",,2000,0,0,,,,"missing_scenarios","not_evaluable"
"spatial_unit","401","occurrence","PTa_vs_P1b",FALSE,"P1b",24,"Stability","within_minus_between",24,"stratum",,2000,0,0,,,,"missing_scenarios","not_evaluable"
"spatial_unit","401","occurrence","PTa_vs_P2",FALSE,"P2",25,"Stability","within_minus_between",25,"stratum",,2000,0,0,,,,"missing_scenarios","not_evaluable"
"spatial_unit","401","occurrence","PTb_vs_P1a",FALSE,"P1a;PTb",26,"Stability","within_minus_between",26,"stratum",,2000,0,0,,,,"missing_scenarios","not_evaluable"
"spatial_unit","401","occurrence","PTb_vs_P1b",FALSE,"P1b;PTb",27,"Stability","within_minus_between",27,"stratum",,2000,0,0,,,,"missing_scenarios","not_evaluable"
"spatial_unit","401","occurrence","PTb_vs_P2",FALSE,"P2;PTb",28,"Stability","within_minus_between",28,"stratum",,2000,0,0,,,,"missing_scenarios","not_evaluable"
"spatial_unit","402","biomass","MEAN",FALSE,"P1a;P1b;P2;PTb",29,"Stability","within_minus_between",29,"stratum",,2000,0,0,,,,"missing_scenarios","not_evaluable"
"spatial_unit","402","biomass","PTa_vs_P1a",FALSE,"P1a",30,"Stability","within_minus_between",30,"stratum",,2000,0,0,,,,"missing_scenarios","not_evaluable"
"spatial_unit","402","biomass","PTa_vs_P1b",FALSE,"P1b",31,"Stability","within_minus_between",31,"stratum",,2000,0,0,,,,"missing_scenarios","not_evaluable"
"spatial_unit","402","biomass","PTa_vs_P2",FALSE,"P2",32,"Stability","within_minus_between",32,"stratum",,2000,0,0,,,,"missing_scenarios","not_evaluable"
"spatial_unit","402","biomass","PTb_vs_P1a",FALSE,"P1a;PTb",33,"Stability","within_minus_between",33,"stratum",,2000,0,0,,,,"missing_scenarios","not_evaluable"
"spatial_unit","402","biomass","PTb_vs_P1b",FALSE,"P1b;PTb",34,"Stability","within_minus_between",34,"stratum",,2000,0,0,,,,"missing_scenarios","not_evaluable"
"spatial_unit","402","biomass","PTb_vs_P2",FALSE,"P2;PTb",35,"Stability","within_minus_between",35,"stratum",,2000,0,0,,,,"missing_scenarios","not_evaluable"
"spatial_unit","402","occurrence","MEAN",FALSE,"P1a;P1b;P2;PTb",36,"Stability","within_minus_between",36,"stratum",,2000,0,0,,,,"missing_scenarios","not_evaluable"
"spatial_unit","402","occurrence","PTa_vs_P1a",FALSE,"P1a",37,"Stability","within_minus_between",37,"stratum",,2000,0,0,,,,"missing_scenarios","not_evaluable"
"spatial_unit","402","occurrence","PTa_vs_P1b",FALSE,"P1b",38,"Stability","within_minus_between",38,"stratum",,2000,0,0,,,,"missing_scenarios","not_evaluable"
"spatial_unit","402","occurrence","PTa_vs_P2",FALSE,"P2",39,"Stability","within_minus_between",39,"stratum",,2000,0,0,,,,"missing_scenarios","not_evaluable"
"spatial_unit","402","occurrence","PTb_vs_P1a",FALSE,"P1a;PTb",40,"Stability","within_minus_between",40,"stratum",,2000,0,0,,,,"missing_scenarios","not_evaluable"
"spatial_unit","402","occurrence","PTb_vs_P1b",FALSE,"P1b;PTb",41,"Stability","within_minus_between",41,"stratum",,2000,0,0,,,,"missing_scenarios","not_evaluable"
"spatial_unit","402","occurrence","PTb_vs_P2",FALSE,"P2;PTb",42,"Stability","within_minus_between",42,"stratum",,2000,0,0,,,,"missing_scenarios","not_evaluable"
"spatial_unit","403","biomass","MEAN",FALSE,"P2;PTb",43,"Stability","within_minus_between",43,"stratum",,2000,0,0,,,,"missing_scenarios","not_evaluable"
"spatial_unit","403","biomass","PTa_vs_P1a",TRUE,"",44,"Stability","within_minus_between",44,"stratum",53.2571428571427,2000,1997,0.9985,23.3544254731819,,,"invalid_bootstrap_replicates","not_evaluable"
"spatial_unit","403","biomass","PTa_vs_P1b",TRUE,"",45,"Stability","within_minus_between",45,"stratum",70.2571428571428,2000,1997,0.9985,15.654604554508,,,"invalid_bootstrap_replicates","not_evaluable"
"spatial_unit","403","biomass","PTa_vs_P2",FALSE,"P2",46,"Stability","within_minus_between",46,"stratum",,2000,0,0,,,,"missing_scenarios","not_evaluable"
"spatial_unit","403","biomass","PTb_vs_P1a",FALSE,"PTb",47,"Stability","within_minus_between",47,"stratum",,2000,0,0,,,,"missing_scenarios","not_evaluable"
"spatial_unit","403","biomass","PTb_vs_P1b",FALSE,"PTb",48,"Stability","within_minus_between",48,"stratum",,2000,0,0,,,,"missing_scenarios","not_evaluable"
"spatial_unit","403","biomass","PTb_vs_P2",FALSE,"P2;PTb",49,"Stability","within_minus_between",49,"stratum",,2000,0,0,,,,"missing_scenarios","not_evaluable"
"spatial_unit","403","occurrence","MEAN",FALSE,"P2;PTb",50,"Stability","within_minus_between",50,"stratum",,2000,0,0,,,,"missing_scenarios","not_evaluable"
"spatial_unit","403","occurrence","PTa_vs_P1a",TRUE,"",51,"Stability","within_minus_between",51,"stratum",62.1142857142856,2000,1997,0.9985,16.658725762382,,,"invalid_bootstrap_replicates","not_evaluable"
"spatial_unit","403","occurrence","PTa_vs_P1b",TRUE,"",52,"Stability","within_minus_between",52,"stratum",50.5142857142856,2000,1997,0.9985,24.218266793458,,,"invalid_bootstrap_replicates","not_evaluable"
"spatial_unit","403","occurrence","PTa_vs_P2",FALSE,"P2",53,"Stability","within_minus_between",53,"stratum",,2000,0,0,,,,"missing_scenarios","not_evaluable"
"spatial_unit","403","occurrence","PTb_vs_P1a",FALSE,"PTb",54,"Stability","within_minus_between",54,"stratum",,2000,0,0,,,,"missing_scenarios","not_evaluable"
"spatial_unit","403","occurrence","PTb_vs_P1b",FALSE,"PTb",55,"Stability","within_minus_between",55,"stratum",,2000,0,0,,,,"missing_scenarios","not_evaluable"
"spatial_unit","403","occurrence","PTb_vs_P2",FALSE,"P2;PTb",56,"Stability","within_minus_between",56,"stratum",,2000,0,0,,,,"missing_scenarios","not_evaluable"
"spatial_unit","415","biomass","MEAN",TRUE,"",57,"Stability","within_minus_between",57,"stratum",26.0925925925925,2000,1939,0.9695,19.9341257404876,,,"invalid_bootstrap_replicates","not_evaluable"
"spatial_unit","415","biomass","PTa_vs_P1a",TRUE,"",58,"Stability","within_minus_between",58,"stratum",20.8888888888888,2000,2000,1,21.7504650704926,64.125,-21.5619642857142,"ok","interval_includes_zero"
"spatial_unit","415","biomass","PTa_vs_P1b",TRUE,"",59,"Stability","within_minus_between",59,"stratum",23.6666666666665,2000,2000,1,20.5177441356986,65.2795634920635,-17.0027777777779,"ok","interval_includes_zero"
"spatial_unit","415","biomass","PTa_vs_P2",TRUE,"",60,"Stability","within_minus_between",60,"stratum",12.5555555555554,2000,1941,0.9705,31.0880555965245,,,"invalid_bootstrap_replicates","not_evaluable"
"spatial_unit","415","biomass","PTb_vs_P1a",TRUE,"",61,"Stability","within_minus_between",61,"stratum",35.0000000000001,2000,1998,0.999,30.347191998774,,,"invalid_bootstrap_replicates","not_evaluable"
"spatial_unit","415","biomass","PTb_vs_P1b",TRUE,"",62,"Stability","within_minus_between",62,"stratum",37.7777777777778,2000,1998,0.999,28.3831727646502,,,"invalid_bootstrap_replicates","not_evaluable"
"spatial_unit","415","biomass","PTb_vs_P2",TRUE,"",63,"Stability","within_minus_between",63,"stratum",26.6666666666667,2000,1939,0.9695,28.7000401603501,,,"invalid_bootstrap_replicates","not_evaluable"
"spatial_unit","415","occurrence","MEAN",TRUE,"",64,"Stability","within_minus_between",64,"stratum",39.6814814814815,2000,1939,0.9695,15.7986165549534,,,"invalid_bootstrap_replicates","not_evaluable"
"spatial_unit","415","occurrence","PTa_vs_P1a",TRUE,"",65,"Stability","within_minus_between",65,"stratum",61.1666666666667,2000,2000,1,18.9109861466658,90.9090909090909,18.8315476190477,"ok","expected_direction"
"spatial_unit","415","occurrence","PTa_vs_P1b",TRUE,"",66,"Stability","within_minus_between",66,"stratum",56.111111111111,2000,2000,1,18.2926817842104,86.3,15.5702380952381,"ok","expected_direction"
"spatial_unit","415","occurrence","PTa_vs_P2",TRUE,"",67,"Stability","within_minus_between",67,"stratum",27.6666666666668,2000,1941,0.9705,23.7363013375215,,,"invalid_bootstrap_replicates","not_evaluable"
"spatial_unit","415","occurrence","PTb_vs_P1a",TRUE,"",68,"Stability","within_minus_between",68,"stratum",43.9,2000,1998,0.999,25.7571681509482,,,"invalid_bootstrap_replicates","not_evaluable"
"spatial_unit","415","occurrence","PTb_vs_P1b",TRUE,"",69,"Stability","within_minus_between",69,"stratum",38.8444444444443,2000,1998,0.999,22.4468498046736,,,"invalid_bootstrap_replicates","not_evaluable"
"spatial_unit","415","occurrence","PTb_vs_P2",TRUE,"",70,"Stability","within_minus_between",70,"stratum",10.4000000000001,2000,1939,0.9695,30.6349168602644,,,"invalid_bootstrap_replicates","not_evaluable"
"spatial_unit","416","biomass","MEAN",TRUE,"",71,"Stability","within_minus_between",71,"stratum",21.9310185185186,2000,1978,0.989,17.8291405846345,,,"invalid_bootstrap_replicates","not_evaluable"
"spatial_unit","416","biomass","PTa_vs_P1a",TRUE,"",72,"Stability","within_minus_between",72,"stratum",18.888888888889,2000,2000,1,19.8666338433825,55.8116758241757,-21.7923576423576,"ok","interval_includes_zero"
"spatial_unit","416","biomass","PTa_vs_P1b",TRUE,"",73,"Stability","within_minus_between",73,"stratum",24.1333333333334,2000,2000,1,18.8455420915786,57.3466666666665,-15.5301190476191,"ok","interval_includes_zero"
"spatial_unit","416","biomass","PTa_vs_P2",TRUE,"",74,"Stability","within_minus_between",74,"stratum",34.3333333333334,2000,1978,0.989,30.7337704399374,,,"invalid_bootstrap_replicates","not_evaluable"
"spatial_unit","416","biomass","PTb_vs_P1a",TRUE,"",75,"Stability","within_minus_between",75,"stratum",11.1805555555556,2000,2000,1,18.3687957762315,45.8294507575757,-26.3059523809525,"ok","interval_includes_zero"
"spatial_unit","416","biomass","PTb_vs_P1b",TRUE,"",76,"Stability","within_minus_between",76,"stratum",16.4250000000001,2000,2000,1,16.4001291678032,48.6684343434343,-15.2284090909091,"ok","interval_includes_zero"
"spatial_unit","416","biomass","PTb_vs_P2",TRUE,"",77,"Stability","within_minus_between",77,"stratum",26.625,2000,1978,0.989,23.5761400216806,,,"invalid_bootstrap_replicates","not_evaluable"
"spatial_unit","416","occurrence","MEAN",TRUE,"",78,"Stability","within_minus_between",78,"stratum",52.8541666666666,2000,1978,0.989,14.6184189616063,,,"invalid_bootstrap_replicates","not_evaluable"
"spatial_unit","416","occurrence","PTa_vs_P1a",TRUE,"",79,"Stability","within_minus_between",79,"stratum",69.0833333333333,2000,2000,1,17.4107253463121,97.4192657342657,31.9745634920635,"ok","expected_direction"
"spatial_unit","416","occurrence","PTa_vs_P1b",TRUE,"",80,"Stability","within_minus_between",80,"stratum",70.5833333333332,2000,2000,1,16.1859472286468,97.2012937062937,36.8251136363637,"ok","expected_direction"
"spatial_unit","416","occurrence","PTa_vs_P2",TRUE,"",81,"Stability","within_minus_between",81,"stratum",60.8333333333333,2000,1978,0.989,24.2509099615023,,,"invalid_bootstrap_replicates","not_evaluable"
"spatial_unit","416","occurrence","PTb_vs_P1a",TRUE,"",82,"Stability","within_minus_between",82,"stratum",41.1249999999999,2000,2000,1,22.1606972456039,85.5991666666667,-2.19234307359319,"ok","interval_includes_zero"
"spatial_unit","416","occurrence","PTb_vs_P1b",TRUE,"",83,"Stability","within_minus_between",83,"stratum",42.6249999999999,2000,2000,1,21.4970835778875,84.88625,-0.146666666666647,"ok","interval_includes_zero"
"spatial_unit","416","occurrence","PTb_vs_P2",TRUE,"",84,"Stability","within_minus_between",84,"stratum",32.875,2000,1978,0.989,23.5819750257511,,,"invalid_bootstrap_replicates","not_evaluable"
"spatial_unit","417","biomass","MEAN",FALSE,"P2",85,"Stability","within_minus_between",85,"stratum",,2000,0,0,,,,"missing_scenarios","not_evaluable"
"spatial_unit","417","biomass","PTa_vs_P1a",TRUE,"",86,"Stability","within_minus_between",86,"stratum",39.5,2000,1878,0.939,30.0687206747319,,,"invalid_bootstrap_replicates","not_evaluable"
"spatial_unit","417","biomass","PTa_vs_P1b",TRUE,"",87,"Stability","within_minus_between",87,"stratum",39.5,2000,1878,0.939,30.0687206747319,,,"invalid_bootstrap_replicates","not_evaluable"
"spatial_unit","417","biomass","PTa_vs_P2",FALSE,"P2",88,"Stability","within_minus_between",88,"stratum",,2000,0,0,,,,"missing_scenarios","not_evaluable"
"spatial_unit","417","biomass","PTb_vs_P1a",TRUE,"",89,"Stability","within_minus_between",89,"stratum",0,2000,1339,0.6695,0,,,"invalid_bootstrap_replicates","not_evaluable"
"spatial_unit","417","biomass","PTb_vs_P1b",TRUE,"",90,"Stability","within_minus_between",90,"stratum",0,2000,1339,0.6695,0,,,"invalid_bootstrap_replicates","not_evaluable"
"spatial_unit","417","biomass","PTb_vs_P2",FALSE,"P2",91,"Stability","within_minus_between",91,"stratum",,2000,0,0,,,,"missing_scenarios","not_evaluable"
"spatial_unit","417","occurrence","MEAN",FALSE,"P2",92,"Stability","within_minus_between",92,"stratum",,2000,0,0,,,,"missing_scenarios","not_evaluable"
"spatial_unit","417","occurrence","PTa_vs_P1a",TRUE,"",93,"Stability","within_minus_between",93,"stratum",54.5,2000,1878,0.939,24.7400866311085,,,"invalid_bootstrap_replicates","not_evaluable"
"spatial_unit","417","occurrence","PTa_vs_P1b",TRUE,"",94,"Stability","within_minus_between",94,"stratum",54.5,2000,1878,0.939,24.7400866311085,,,"invalid_bootstrap_replicates","not_evaluable"
"spatial_unit","417","occurrence","PTa_vs_P2",FALSE,"P2",95,"Stability","within_minus_between",95,"stratum",,2000,0,0,,,,"missing_scenarios","not_evaluable"
"spatial_unit","417","occurrence","PTb_vs_P1a",TRUE,"",96,"Stability","within_minus_between",96,"stratum",18,2000,1339,0.6695,0,,,"invalid_bootstrap_replicates","not_evaluable"
"spatial_unit","417","occurrence","PTb_vs_P1b",TRUE,"",97,"Stability","within_minus_between",97,"stratum",18,2000,1339,0.6695,0,,,"invalid_bootstrap_replicates","not_evaluable"
"spatial_unit","417","occurrence","PTb_vs_P2",FALSE,"P2",98,"Stability","within_minus_between",98,"stratum",,2000,0,0,,,,"missing_scenarios","not_evaluable"
"spatial_unit","418","biomass","MEAN",TRUE,"",99,"Stability","within_minus_between",99,"stratum",27.8492063492063,2000,837,0.4185,17.2634185787791,,,"invalid_bootstrap_replicates","not_evaluable"
"spatial_unit","418","biomass","PTa_vs_P1a",TRUE,"",100,"Stability","within_minus_between",100,"stratum",51.8095238095237,2000,1946,0.973,32.3771795818714,,,"invalid_bootstrap_replicates","not_evaluable"
"spatial_unit","418","biomass","PTa_vs_P1b",TRUE,"",101,"Stability","within_minus_between",101,"stratum",51.8095238095237,2000,1946,0.973,32.3771795818714,,,"invalid_bootstrap_replicates","not_evaluable"
"spatial_unit","418","biomass","PTa_vs_P2",TRUE,"",102,"Stability","within_minus_between",102,"stratum",85.1428571428572,2000,1308,0.654,12.5036265646072,,,"invalid_bootstrap_replicates","not_evaluable"
"spatial_unit","418","biomass","PTb_vs_P1a",TRUE,"",103,"Stability","within_minus_between",103,"stratum",-18.3333333333334,2000,1327,0.6635,23.5228047688372,,,"invalid_bootstrap_replicates","not_evaluable"
"spatial_unit","418","biomass","PTb_vs_P1b",TRUE,"",104,"Stability","within_minus_between",104,"stratum",-18.3333333333334,2000,1327,0.6635,23.5228047688372,,,"invalid_bootstrap_replicates","not_evaluable"
"spatial_unit","418","biomass","PTb_vs_P2",TRUE,"",105,"Stability","within_minus_between",105,"stratum",15,2000,837,0.4185,0,,,"invalid_bootstrap_replicates","not_evaluable"
"spatial_unit","418","occurrence","MEAN",TRUE,"",106,"Stability","within_minus_between",106,"stratum",38.3174603174603,2000,837,0.4185,6.13709412311536,,,"invalid_bootstrap_replicates","not_evaluable"
"spatial_unit","418","occurrence","PTa_vs_P1a",TRUE,"",107,"Stability","within_minus_between",107,"stratum",76.5238095238095,2000,1946,0.973,14.321090644032,,,"invalid_bootstrap_replicates","not_evaluable"
"spatial_unit","418","occurrence","PTa_vs_P1b",TRUE,"",108,"Stability","within_minus_between",108,"stratum",76.8571428571429,2000,1946,0.973,14.3383107204277,,,"invalid_bootstrap_replicates","not_evaluable"
"spatial_unit","418","occurrence","PTa_vs_P2",TRUE,"",109,"Stability","within_minus_between",109,"stratum",76.8571428571429,2000,1308,0.654,13.4970360207264,,,"invalid_bootstrap_replicates","not_evaluable"
"spatial_unit","418","occurrence","PTb_vs_P1a",TRUE,"",110,"Stability","within_minus_between",110,"stratum",-0.333333333333329,2000,1327,0.6635,0.229821966483065,,,"invalid_bootstrap_replicates","not_evaluable"
"spatial_unit","418","occurrence","PTb_vs_P1b",TRUE,"",111,"Stability","within_minus_between",111,"stratum",0,2000,1327,0.6635,0,,,"invalid_bootstrap_replicates","not_evaluable"
"spatial_unit","418","occurrence","PTb_vs_P2",TRUE,"",112,"Stability","within_minus_between",112,"stratum",0,2000,837,0.4185,0,,,"invalid_bootstrap_replicates","not_evaluable"
"spatial_unit","419","biomass","MEAN",FALSE,"P2;PTb",113,"Stability","within_minus_between",113,"stratum",,2000,0,0,,,,"missing_scenarios","not_evaluable"
"spatial_unit","419","biomass","PTa_vs_P1a",TRUE,"",114,"Stability","within_minus_between",114,"stratum",0,2000,1356,0.678,0,,,"invalid_bootstrap_replicates","not_evaluable"
"spatial_unit","419","biomass","PTa_vs_P1b",TRUE,"",115,"Stability","within_minus_between",115,"stratum",0,2000,1356,0.678,0,,,"invalid_bootstrap_replicates","not_evaluable"
"spatial_unit","419","biomass","PTa_vs_P2",FALSE,"P2",116,"Stability","within_minus_between",116,"stratum",,2000,0,0,,,,"missing_scenarios","not_evaluable"
"spatial_unit","419","biomass","PTb_vs_P1a",FALSE,"PTb",117,"Stability","within_minus_between",117,"stratum",,2000,0,0,,,,"missing_scenarios","not_evaluable"
"spatial_unit","419","biomass","PTb_vs_P1b",FALSE,"PTb",118,"Stability","within_minus_between",118,"stratum",,2000,0,0,,,,"missing_scenarios","not_evaluable"
"spatial_unit","419","biomass","PTb_vs_P2",FALSE,"P2;PTb",119,"Stability","within_minus_between",119,"stratum",,2000,0,0,,,,"missing_scenarios","not_evaluable"
"spatial_unit","419","occurrence","MEAN",FALSE,"P2;PTb",120,"Stability","within_minus_between",120,"stratum",,2000,0,0,,,,"missing_scenarios","not_evaluable"
"spatial_unit","419","occurrence","PTa_vs_P1a",TRUE,"",121,"Stability","within_minus_between",121,"stratum",0,2000,1356,0.678,0,,,"invalid_bootstrap_replicates","not_evaluable"
"spatial_unit","419","occurrence","PTa_vs_P1b",TRUE,"",122,"Stability","within_minus_between",122,"stratum",0,2000,1356,0.678,0,,,"invalid_bootstrap_replicates","not_evaluable"
"spatial_unit","419","occurrence","PTa_vs_P2",FALSE,"P2",123,"Stability","within_minus_between",123,"stratum",,2000,0,0,,,,"missing_scenarios","not_evaluable"
"spatial_unit","419","occurrence","PTb_vs_P1a",FALSE,"PTb",124,"Stability","within_minus_between",124,"stratum",,2000,0,0,,,,"missing_scenarios","not_evaluable"
"spatial_unit","419","occurrence","PTb_vs_P1b",FALSE,"PTb",125,"Stability","within_minus_between",125,"stratum",,2000,0,0,,,,"missing_scenarios","not_evaluable"
"spatial_unit","419","occurrence","PTb_vs_P2",FALSE,"P2;PTb",126,"Stability","within_minus_between",126,"stratum",,2000,0,0,,,,"missing_scenarios","not_evaluable"
"spatial_unit","420","biomass","MEAN",TRUE,"",127,"Stability","within_minus_between",127,"stratum",14.2269841269841,2000,1643,0.8215,10.0246395392591,,,"invalid_bootstrap_replicates","not_evaluable"
"spatial_unit","420","biomass","PTa_vs_P1a",TRUE,"",128,"Stability","within_minus_between",128,"stratum",30.9428571428572,2000,1998,0.999,18.4303057687113,,,"invalid_bootstrap_replicates","not_evaluable"
"spatial_unit","420","biomass","PTa_vs_P1b",TRUE,"",129,"Stability","within_minus_between",129,"stratum",50.8095238095238,2000,2000,1,20.0995029929623,87.5,8.85714285714288,"ok","expected_direction"
"spatial_unit","420","biomass","PTa_vs_P2",TRUE,"",130,"Stability","within_minus_between",130,"stratum",46.6428571428571,2000,1802,0.901,24.1284046020733,,,"invalid_bootstrap_replicates","not_evaluable"
"spatial_unit","420","biomass","PTb_vs_P1a",TRUE,"",131,"Stability","within_minus_between",131,"stratum",-26.2,2000,1787,0.8935,17.0646680651541,,,"invalid_bootstrap_replicates","not_evaluable"
"spatial_unit","420","biomass","PTb_vs_P1b",TRUE,"",132,"Stability","within_minus_between",132,"stratum",-6.33333333333337,2000,1789,0.8945,5.7367295174609,,,"invalid_bootstrap_replicates","not_evaluable"
"spatial_unit","420","biomass","PTb_vs_P2",TRUE,"",133,"Stability","within_minus_between",133,"stratum",-10.5,2000,1645,0.8225,7.57853343222018,,,"invalid_bootstrap_replicates","not_evaluable"
"spatial_unit","420","occurrence","MEAN",TRUE,"",134,"Stability","within_minus_between",134,"stratum",15.5698412698412,2000,1643,0.8215,15.2156390497406,,,"invalid_bootstrap_replicates","not_evaluable"
"spatial_unit","420","occurrence","PTa_vs_P1a",TRUE,"",135,"Stability","within_minus_between",135,"stratum",56.8285714285713,2000,1998,0.999,15.061096991263,,,"invalid_bootstrap_replicates","not_evaluable"
"spatial_unit","420","occurrence","PTa_vs_P1b",TRUE,"",136,"Stability","within_minus_between",136,"stratum",59.0952380952381,2000,2000,1,15.2792681542299,86.75,27.7987500000001,"ok","expected_direction"
"spatial_unit","420","occurrence","PTa_vs_P2",TRUE,"",137,"Stability","within_minus_between",137,"stratum",15.4285714285715,2000,1802,0.901,47.9783653730233,,,"invalid_bootstrap_replicates","not_evaluable"
"spatial_unit","420","occurrence","PTb_vs_P1a",TRUE,"",138,"Stability","within_minus_between",138,"stratum",0.399999999999878,2000,1787,0.8935,11.3504559619627,,,"invalid_bootstrap_replicates","not_evaluable"
"spatial_unit","420","occurrence","PTb_vs_P1b",TRUE,"",139,"Stability","within_minus_between",139,"stratum",2.66666666666663,2000,1789,0.8945,8.95311336894619,,,"invalid_bootstrap_replicates","not_evaluable"
"spatial_unit","420","occurrence","PTb_vs_P2",TRUE,"",140,"Stability","within_minus_between",140,"stratum",-41,2000,1645,0.8225,32.9072828461285,,,"invalid_bootstrap_replicates","not_evaluable"
"spatial_unit","421","biomass","MEAN",FALSE,"P2",141,"Stability","within_minus_between",141,"stratum",,2000,0,0,,,,"missing_scenarios","not_evaluable"
"spatial_unit","421","biomass","PTa_vs_P1a",TRUE,"",142,"Stability","within_minus_between",142,"stratum",58.6666666666666,2000,1934,0.967,18.5466897618006,,,"invalid_bootstrap_replicates","not_evaluable"
"spatial_unit","421","biomass","PTa_vs_P1b",TRUE,"",143,"Stability","within_minus_between",143,"stratum",58.6666666666666,2000,1934,0.967,18.5466897618006,,,"invalid_bootstrap_replicates","not_evaluable"
"spatial_unit","421","biomass","PTa_vs_P2",FALSE,"P2",144,"Stability","within_minus_between",144,"stratum",,2000,0,0,,,,"missing_scenarios","not_evaluable"
"spatial_unit","421","biomass","PTb_vs_P1a",TRUE,"",145,"Stability","within_minus_between",145,"stratum",0,2000,1347,0.6735,0,,,"invalid_bootstrap_replicates","not_evaluable"
"spatial_unit","421","biomass","PTb_vs_P1b",TRUE,"",146,"Stability","within_minus_between",146,"stratum",0,2000,1347,0.6735,0,,,"invalid_bootstrap_replicates","not_evaluable"
"spatial_unit","421","biomass","PTb_vs_P2",FALSE,"P2",147,"Stability","within_minus_between",147,"stratum",,2000,0,0,,,,"missing_scenarios","not_evaluable"
"spatial_unit","421","occurrence","MEAN",FALSE,"P2",148,"Stability","within_minus_between",148,"stratum",,2000,0,0,,,,"missing_scenarios","not_evaluable"
"spatial_unit","421","occurrence","PTa_vs_P1a",TRUE,"",149,"Stability","within_minus_between",149,"stratum",8.33333333333328,2000,1934,0.967,19.0059492501035,,,"invalid_bootstrap_replicates","not_evaluable"
"spatial_unit","421","occurrence","PTa_vs_P1b",TRUE,"",150,"Stability","within_minus_between",150,"stratum",8.33333333333328,2000,1934,0.967,19.0059492501035,,,"invalid_bootstrap_replicates","not_evaluable"
"spatial_unit","421","occurrence","PTa_vs_P2",FALSE,"P2",151,"Stability","within_minus_between",151,"stratum",,2000,0,0,,,,"missing_scenarios","not_evaluable"
"spatial_unit","421","occurrence","PTb_vs_P1a",TRUE,"",152,"Stability","within_minus_between",152,"stratum",-20,2000,1347,0.6735,40.8111476388726,,,"invalid_bootstrap_replicates","not_evaluable"
"spatial_unit","421","occurrence","PTb_vs_P1b",TRUE,"",153,"Stability","within_minus_between",153,"stratum",-20,2000,1347,0.6735,40.8111476388726,,,"invalid_bootstrap_replicates","not_evaluable"
"spatial_unit","421","occurrence","PTb_vs_P2",FALSE,"P2",154,"Stability","within_minus_between",154,"stratum",,2000,0,0,,,,"missing_scenarios","not_evaluable"
"spatial_unit","422","biomass","MEAN",TRUE,"",155,"Stability","within_minus_between",155,"stratum",49.8455988455989,2000,1763,0.8815,12.8067445763063,,,"invalid_bootstrap_replicates","not_evaluable"
"spatial_unit","422","biomass","PTa_vs_P1a",TRUE,"",156,"Stability","within_minus_between",156,"stratum",43.961038961039,2000,2000,1,15.7509102106029,75.1878125,10.9154283216783,"ok","expected_direction"
"spatial_unit","422","biomass","PTa_vs_P1b",TRUE,"",157,"Stability","within_minus_between",157,"stratum",39.4848484848485,2000,2000,1,14.9842285019044,67.7232843137255,8.99935064935057,"ok","expected_direction"
"spatial_unit","422","biomass","PTa_vs_P2",TRUE,"",158,"Stability","within_minus_between",158,"stratum",34.3181818181818,2000,1763,0.8815,36.4899300105437,,,"invalid_bootstrap_replicates","not_evaluable"
"spatial_unit","422","biomass","PTb_vs_P1a",TRUE,"",159,"Stability","within_minus_between",159,"stratum",65.1428571428572,2000,1974,0.987,12.1049276245806,,,"invalid_bootstrap_replicates","not_evaluable"
"spatial_unit","422","biomass","PTb_vs_P1b",TRUE,"",160,"Stability","within_minus_between",160,"stratum",60.6666666666667,2000,1974,0.987,11.3469335530398,,,"invalid_bootstrap_replicates","not_evaluable"
"spatial_unit","422","biomass","PTb_vs_P2",TRUE,"",161,"Stability","within_minus_between",161,"stratum",55.5,2000,1763,0.8815,34.571102042373,,,"invalid_bootstrap_replicates","not_evaluable"
"spatial_unit","422","occurrence","MEAN",TRUE,"",162,"Stability","within_minus_between",162,"stratum",58.497113997114,2000,1763,0.8815,13.1710659976564,,,"invalid_bootstrap_replicates","not_evaluable"
"spatial_unit","422","occurrence","PTa_vs_P1a",TRUE,"",163,"Stability","within_minus_between",163,"stratum",54.5974025974027,2000,2000,1,14.0674689010422,80.4289285714285,26.4707142857143,"ok","expected_direction"
"spatial_unit","422","occurrence","PTa_vs_P1b",TRUE,"",164,"Stability","within_minus_between",164,"stratum",55.1212121212121,2000,2000,1,13.3067940296251,79.6239133986927,27.9421590909091,"ok","expected_direction"
"spatial_unit","422","occurrence","PTa_vs_P2",TRUE,"",165,"Stability","within_minus_between",165,"stratum",93.4545454545455,2000,1763,0.8815,6.13310919616136,,,"invalid_bootstrap_replicates","not_evaluable"
"spatial_unit","422","occurrence","PTb_vs_P1a",TRUE,"",166,"Stability","within_minus_between",166,"stratum",36.1428571428573,2000,1974,0.987,24.8089544054416,,,"invalid_bootstrap_replicates","not_evaluable"
"spatial_unit","422","occurrence","PTb_vs_P1b",TRUE,"",167,"Stability","within_minus_between",167,"stratum",36.6666666666666,2000,1974,0.987,24.4426648601286,,,"invalid_bootstrap_replicates","not_evaluable"
"spatial_unit","422","occurrence","PTb_vs_P2",TRUE,"",168,"Stability","within_minus_between",168,"stratum",75,2000,1763,0.8815,24.1101461744368,,,"invalid_bootstrap_replicates","not_evaluable"
"spatial_unit","423","biomass","MEAN",TRUE,"",169,"Stability","within_minus_between",169,"stratum",56.4082788671024,2000,1993,0.9965,9.66030944956244,,,"invalid_bootstrap_replicates","not_evaluable"
"spatial_unit","423","biomass","PTa_vs_P1a",TRUE,"",170,"Stability","within_minus_between",170,"stratum",64.4313725490195,2000,2000,1,11.8740418091042,85.5025,40.6922093837534,"ok","expected_direction"
"spatial_unit","423","biomass","PTa_vs_P1b",TRUE,"",171,"Stability","within_minus_between",171,"stratum",58.8758169934642,2000,2000,1,11.0629174071986,79.3767361111111,36.4981837606838,"ok","expected_direction"
"spatial_unit","423","biomass","PTa_vs_P2",TRUE,"",172,"Stability","within_minus_between",172,"stratum",42.564705882353,2000,1995,0.9975,19.3232387342563,,,"invalid_bootstrap_replicates","not_evaluable"
"spatial_unit","423","biomass","PTb_vs_P1a",TRUE,"",173,"Stability","within_minus_between",173,"stratum",66.6666666666666,2000,1997,0.9985,12.1571301434616,,,"invalid_bootstrap_replicates","not_evaluable"
"spatial_unit","423","biomass","PTb_vs_P1b",TRUE,"",174,"Stability","within_minus_between",174,"stratum",61.1111111111112,2000,1997,0.9985,11.3628311099426,,,"invalid_bootstrap_replicates","not_evaluable"
"spatial_unit","423","biomass","PTb_vs_P2",TRUE,"",175,"Stability","within_minus_between",175,"stratum",44.8,2000,1993,0.9965,19.2596827411939,,,"invalid_bootstrap_replicates","not_evaluable"
"spatial_unit","423","occurrence","MEAN",TRUE,"",176,"Stability","within_minus_between",176,"stratum",45.162962962963,2000,1993,0.9965,11.3174135886525,,,"invalid_bootstrap_replicates","not_evaluable"
"spatial_unit","423","occurrence","PTa_vs_P1a",TRUE,"",177,"Stability","within_minus_between",177,"stratum",48.6,2000,2000,1,11.7823903047709,71.7533088235294,25.5714285714286,"ok","expected_direction"
"spatial_unit","423","occurrence","PTa_vs_P1b",TRUE,"",178,"Stability","within_minus_between",178,"stratum",51.888888888889,2000,2000,1,10.869455204725,72.1455357142857,29.8861111111112,"ok","expected_direction"
"spatial_unit","423","occurrence","PTa_vs_P2",TRUE,"",179,"Stability","within_minus_between",179,"stratum",59.9999999999999,2000,1995,0.9975,15.5089524609886,,,"invalid_bootstrap_replicates","not_evaluable"
"spatial_unit","423","occurrence","PTb_vs_P1a",TRUE,"",180,"Stability","within_minus_between",180,"stratum",31.9333333333333,2000,1997,0.9985,18.1337917104143,,,"invalid_bootstrap_replicates","not_evaluable"
"spatial_unit","423","occurrence","PTb_vs_P1b",TRUE,"",181,"Stability","within_minus_between",181,"stratum",35.2222222222223,2000,1997,0.9985,18.0586055554686,,,"invalid_bootstrap_replicates","not_evaluable"
"spatial_unit","423","occurrence","PTb_vs_P2",TRUE,"",182,"Stability","within_minus_between",182,"stratum",43.3333333333333,2000,1993,0.9965,19.2363103719865,,,"invalid_bootstrap_replicates","not_evaluable"
"spatial_unit","424","biomass","MEAN",TRUE,"",183,"Stability","within_minus_between",183,"stratum",20.6608946608947,2000,1334,0.667,15.580055089381,,,"invalid_bootstrap_replicates","not_evaluable"
"spatial_unit","424","biomass","PTa_vs_P1a",TRUE,"",184,"Stability","within_minus_between",184,"stratum",9.07575757575756,2000,2000,1,20.3995954811432,46.4013636363636,-32.91875,"ok","interval_includes_zero"
"spatial_unit","424","biomass","PTa_vs_P1b",TRUE,"",185,"Stability","within_minus_between",185,"stratum",14.5757575757575,2000,2000,1,22.2517910112893,56.0045454545454,-31.8541666666667,"ok","interval_includes_zero"
"spatial_unit","424","biomass","PTa_vs_P2",TRUE,"",186,"Stability","within_minus_between",186,"stratum",42.9090909090909,2000,1334,0.667,12.5751058652882,,,"invalid_bootstrap_replicates","not_evaluable"
"spatial_unit","424","biomass","PTb_vs_P1a",TRUE,"",187,"Stability","within_minus_between",187,"stratum",6.02380952380951,2000,2000,1,24.5044414892614,54.8091666666667,-40.5772916666667,"ok","interval_includes_zero"
"spatial_unit","424","biomass","PTb_vs_P1b",TRUE,"",188,"Stability","within_minus_between",188,"stratum",11.5238095238095,2000,2000,1,26.6702804609574,63.3778571428571,-39.6729166666667,"ok","interval_includes_zero"
"spatial_unit","424","biomass","PTb_vs_P2",TRUE,"",189,"Stability","within_minus_between",189,"stratum",39.8571428571429,2000,1334,0.667,16.4251328623983,,,"invalid_bootstrap_replicates","not_evaluable"
"spatial_unit","424","occurrence","MEAN",TRUE,"",190,"Stability","within_minus_between",190,"stratum",23.9776334776334,2000,1334,0.667,15.0674805109675,,,"invalid_bootstrap_replicates","not_evaluable"
"spatial_unit","424","occurrence","PTa_vs_P1a",TRUE,"",191,"Stability","within_minus_between",191,"stratum",4.10606060606056,2000,2000,1,18.8589840337987,40.2005555555556,-33.9166666666666,"ok","interval_includes_zero"
"spatial_unit","424","occurrence","PTa_vs_P1b",TRUE,"",192,"Stability","within_minus_between",192,"stratum",4.10606060606056,2000,2000,1,18.8589840337987,40.2005555555556,-33.9166666666666,"ok","interval_includes_zero"
"spatial_unit","424","occurrence","PTa_vs_P2",TRUE,"",193,"Stability","within_minus_between",193,"stratum",57.2727272727273,2000,1334,0.667,12.1966255046128,,,"invalid_bootstrap_replicates","not_evaluable"
"spatial_unit","424","occurrence","PTb_vs_P1a",TRUE,"",194,"Stability","within_minus_between",194,"stratum",8.40476190476189,2000,2000,1,20.1736327753304,47.1164285714285,-34.005,"ok","interval_includes_zero"
"spatial_unit","424","occurrence","PTb_vs_P1b",TRUE,"",195,"Stability","within_minus_between",195,"stratum",8.40476190476189,2000,2000,1,20.1736327753304,47.1164285714285,-34.005,"ok","interval_includes_zero"
"spatial_unit","424","occurrence","PTb_vs_P2",TRUE,"",196,"Stability","within_minus_between",196,"stratum",61.5714285714286,2000,1334,0.667,14.6447627096496,,,"invalid_bootstrap_replicates","not_evaluable"
"spatial_unit","425","biomass","MEAN",TRUE,"",197,"Stability","within_minus_between",197,"stratum",61.4444444444444,2000,1655,0.8275,17.8067171533194,,,"invalid_bootstrap_replicates","not_evaluable"
"spatial_unit","425","biomass","PTa_vs_P1a",TRUE,"",198,"Stability","within_minus_between",198,"stratum",83.3333333333334,2000,1992,0.996,15.6165040777254,,,"invalid_bootstrap_replicates","not_evaluable"
"spatial_unit","425","biomass","PTa_vs_P1b",TRUE,"",199,"Stability","within_minus_between",199,"stratum",54.1666666666666,2000,2000,1,22.313059707901,89.3191964285712,4.98214285714282,"ok","expected_direction"
"spatial_unit","425","biomass","PTa_vs_P2",TRUE,"",200,"Stability","within_minus_between",200,"stratum",83.3333333333334,2000,1807,0.9035,14.5352760052842,,,"invalid_bootstrap_replicates","not_evaluable"
"spatial_unit","425","biomass","PTb_vs_P1a",TRUE,"",201,"Stability","within_minus_between",201,"stratum",59,2000,1802,0.901,31.0765938255214,,,"invalid_bootstrap_replicates","not_evaluable"
"spatial_unit","425","biomass","PTb_vs_P1b",TRUE,"",202,"Stability","within_minus_between",202,"stratum",29.8333333333332,2000,1802,0.901,35.4171448820074,,,"invalid_bootstrap_replicates","not_evaluable"
"spatial_unit","425","biomass","PTb_vs_P2",TRUE,"",203,"Stability","within_minus_between",203,"stratum",59,2000,1655,0.8275,29.8331864770915,,,"invalid_bootstrap_replicates","not_evaluable"
"spatial_unit","425","occurrence","MEAN",TRUE,"",204,"Stability","within_minus_between",204,"stratum",47.4444444444444,2000,1655,0.8275,13.536620815223,,,"invalid_bootstrap_replicates","not_evaluable"
"spatial_unit","425","occurrence","PTa_vs_P1a",TRUE,"",205,"Stability","within_minus_between",205,"stratum",58.3333333333334,2000,1992,0.996,29.2241602187714,,,"invalid_bootstrap_replicates","not_evaluable"
"spatial_unit","425","occurrence","PTa_vs_P1b",TRUE,"",206,"Stability","within_minus_between",206,"stratum",65.6666666666667,2000,2000,1,21.7537937860714,100,15.9234523809525,"ok","expected_direction"
"spatial_unit","425","occurrence","PTa_vs_P2",TRUE,"",207,"Stability","within_minus_between",207,"stratum",68.3333333333334,2000,1807,0.9035,18.7790733755372,,,"invalid_bootstrap_replicates","not_evaluable"
"spatial_unit","425","occurrence","PTb_vs_P1a",TRUE,"",208,"Stability","within_minus_between",208,"stratum",25,2000,1802,0.901,23.6503328852001,,,"invalid_bootstrap_replicates","not_evaluable"
"spatial_unit","425","occurrence","PTb_vs_P1b",TRUE,"",209,"Stability","within_minus_between",209,"stratum",32.3333333333333,2000,1802,0.901,28.1738774979513,,,"invalid_bootstrap_replicates","not_evaluable"
"spatial_unit","425","occurrence","PTb_vs_P2",TRUE,"",210,"Stability","within_minus_between",210,"stratum",35,2000,1655,0.8275,31.4722403485597,,,"invalid_bootstrap_replicates","not_evaluable"
"spatial_unit","426","biomass","MEAN",FALSE,"P2;PTb",211,"Stability","within_minus_between",211,"stratum",,2000,0,0,,,,"missing_scenarios","not_evaluable"
"spatial_unit","426","biomass","PTa_vs_P1a",TRUE,"",212,"Stability","within_minus_between",212,"stratum",83.5,2000,1496,0.748,7.77424977228902,,,"invalid_bootstrap_replicates","not_evaluable"
"spatial_unit","426","biomass","PTa_vs_P1b",TRUE,"",213,"Stability","within_minus_between",213,"stratum",83.5,2000,1496,0.748,7.77424977228902,,,"invalid_bootstrap_replicates","not_evaluable"
"spatial_unit","426","biomass","PTa_vs_P2",FALSE,"P2",214,"Stability","within_minus_between",214,"stratum",,2000,0,0,,,,"missing_scenarios","not_evaluable"
"spatial_unit","426","biomass","PTb_vs_P1a",FALSE,"PTb",215,"Stability","within_minus_between",215,"stratum",,2000,0,0,,,,"missing_scenarios","not_evaluable"
"spatial_unit","426","biomass","PTb_vs_P1b",FALSE,"PTb",216,"Stability","within_minus_between",216,"stratum",,2000,0,0,,,,"missing_scenarios","not_evaluable"
"spatial_unit","426","biomass","PTb_vs_P2",FALSE,"P2;PTb",217,"Stability","within_minus_between",217,"stratum",,2000,0,0,,,,"missing_scenarios","not_evaluable"
"spatial_unit","426","occurrence","MEAN",FALSE,"P2;PTb",218,"Stability","within_minus_between",218,"stratum",,2000,0,0,,,,"missing_scenarios","not_evaluable"
"spatial_unit","426","occurrence","PTa_vs_P1a",TRUE,"",219,"Stability","within_minus_between",219,"stratum",99,2000,1496,0.748,0.471166652866001,,,"invalid_bootstrap_replicates","not_evaluable"
"spatial_unit","426","occurrence","PTa_vs_P1b",TRUE,"",220,"Stability","within_minus_between",220,"stratum",99,2000,1496,0.748,0.471166652866001,,,"invalid_bootstrap_replicates","not_evaluable"
"spatial_unit","426","occurrence","PTa_vs_P2",FALSE,"P2",221,"Stability","within_minus_between",221,"stratum",,2000,0,0,,,,"missing_scenarios","not_evaluable"
"spatial_unit","426","occurrence","PTb_vs_P1a",FALSE,"PTb",222,"Stability","within_minus_between",222,"stratum",,2000,0,0,,,,"missing_scenarios","not_evaluable"
"spatial_unit","426","occurrence","PTb_vs_P1b",FALSE,"PTb",223,"Stability","within_minus_between",223,"stratum",,2000,0,0,,,,"missing_scenarios","not_evaluable"
"spatial_unit","426","occurrence","PTb_vs_P2",FALSE,"P2;PTb",224,"Stability","within_minus_between",224,"stratum",,2000,0,0,,,,"missing_scenarios","not_evaluable"
"spatial_unit","427","biomass","MEAN",FALSE,"P2",225,"Stability","within_minus_between",225,"stratum",,2000,0,0,,,,"missing_scenarios","not_evaluable"
"spatial_unit","427","biomass","PTa_vs_P1a",TRUE,"",226,"Stability","within_minus_between",226,"stratum",74.1666666666666,2000,1994,0.997,14.7185321210561,,,"invalid_bootstrap_replicates","not_evaluable"
"spatial_unit","427","biomass","PTa_vs_P1b",TRUE,"",227,"Stability","within_minus_between",227,"stratum",69.6666666666666,2000,1994,0.997,15.9136158735655,,,"invalid_bootstrap_replicates","not_evaluable"
"spatial_unit","427","biomass","PTa_vs_P2",FALSE,"P2",228,"Stability","within_minus_between",228,"stratum",,2000,0,0,,,,"missing_scenarios","not_evaluable"
"spatial_unit","427","biomass","PTb_vs_P1a",TRUE,"",229,"Stability","within_minus_between",229,"stratum",33.6666666666667,2000,1952,0.976,29.9191554331016,,,"invalid_bootstrap_replicates","not_evaluable"
"spatial_unit","427","biomass","PTb_vs_P1b",TRUE,"",230,"Stability","within_minus_between",230,"stratum",29.1666666666667,2000,1952,0.976,30.9337871405687,,,"invalid_bootstrap_replicates","not_evaluable"
"spatial_unit","427","biomass","PTb_vs_P2",FALSE,"P2",231,"Stability","within_minus_between",231,"stratum",,2000,0,0,,,,"missing_scenarios","not_evaluable"
"spatial_unit","427","occurrence","MEAN",FALSE,"P2",232,"Stability","within_minus_between",232,"stratum",,2000,0,0,,,,"missing_scenarios","not_evaluable"
"spatial_unit","427","occurrence","PTa_vs_P1a",TRUE,"",233,"Stability","within_minus_between",233,"stratum",54.5833333333334,2000,1994,0.997,19.8839065109306,,,"invalid_bootstrap_replicates","not_evaluable"
"spatial_unit","427","occurrence","PTa_vs_P1b",TRUE,"",234,"Stability","within_minus_between",234,"stratum",74.3333333333334,2000,1994,0.997,13.5922200219473,,,"invalid_bootstrap_replicates","not_evaluable"
"spatial_unit","427","occurrence","PTa_vs_P2",FALSE,"P2",235,"Stability","within_minus_between",235,"stratum",,2000,0,0,,,,"missing_scenarios","not_evaluable"
"spatial_unit","427","occurrence","PTb_vs_P1a",TRUE,"",236,"Stability","within_minus_between",236,"stratum",23.5833333333334,2000,1952,0.976,34.8381715445573,,,"invalid_bootstrap_replicates","not_evaluable"
"spatial_unit","427","occurrence","PTb_vs_P1b",TRUE,"",237,"Stability","within_minus_between",237,"stratum",43.3333333333334,2000,1952,0.976,28.6621023460105,,,"invalid_bootstrap_replicates","not_evaluable"
"spatial_unit","427","occurrence","PTb_vs_P2",FALSE,"P2",238,"Stability","within_minus_between",238,"stratum",,2000,0,0,,,,"missing_scenarios","not_evaluable"
"spatial_unit","428","biomass","MEAN",FALSE,"P1a;P1b",239,"Stability","within_minus_between",239,"stratum",,2000,0,0,,,,"missing_scenarios","not_evaluable"
"spatial_unit","428","biomass","PTa_vs_P1a",FALSE,"P1a",240,"Stability","within_minus_between",240,"stratum",,2000,0,0,,,,"missing_scenarios","not_evaluable"
"spatial_unit","428","biomass","PTa_vs_P1b",FALSE,"P1b",241,"Stability","within_minus_between",241,"stratum",,2000,0,0,,,,"missing_scenarios","not_evaluable"
"spatial_unit","428","biomass","PTa_vs_P2",TRUE,"",242,"Stability","within_minus_between",242,"stratum",-27,2000,1508,0.754,19.1985346240285,,,"invalid_bootstrap_replicates","not_evaluable"
"spatial_unit","428","biomass","PTb_vs_P1a",FALSE,"P1a",243,"Stability","within_minus_between",243,"stratum",,2000,0,0,,,,"missing_scenarios","not_evaluable"
"spatial_unit","428","biomass","PTb_vs_P1b",FALSE,"P1b",244,"Stability","within_minus_between",244,"stratum",,2000,0,0,,,,"missing_scenarios","not_evaluable"
"spatial_unit","428","biomass","PTb_vs_P2",TRUE,"",245,"Stability","within_minus_between",245,"stratum",-69,2000,1508,0.754,0,,,"invalid_bootstrap_replicates","not_evaluable"
"spatial_unit","428","occurrence","MEAN",FALSE,"P1a;P1b",246,"Stability","within_minus_between",246,"stratum",,2000,0,0,,,,"missing_scenarios","not_evaluable"
"spatial_unit","428","occurrence","PTa_vs_P1a",FALSE,"P1a",247,"Stability","within_minus_between",247,"stratum",,2000,0,0,,,,"missing_scenarios","not_evaluable"
"spatial_unit","428","occurrence","PTa_vs_P1b",FALSE,"P1b",248,"Stability","within_minus_between",248,"stratum",,2000,0,0,,,,"missing_scenarios","not_evaluable"
"spatial_unit","428","occurrence","PTa_vs_P2",TRUE,"",249,"Stability","within_minus_between",249,"stratum",100,2000,1508,0.754,0,,,"invalid_bootstrap_replicates","not_evaluable"
"spatial_unit","428","occurrence","PTb_vs_P1a",FALSE,"P1a",250,"Stability","within_minus_between",250,"stratum",,2000,0,0,,,,"missing_scenarios","not_evaluable"
"spatial_unit","428","occurrence","PTb_vs_P1b",FALSE,"P1b",251,"Stability","within_minus_between",251,"stratum",,2000,0,0,,,,"missing_scenarios","not_evaluable"
"spatial_unit","428","occurrence","PTb_vs_P2",TRUE,"",252,"Stability","within_minus_between",252,"stratum",0,2000,1508,0.754,0,,,"invalid_bootstrap_replicates","not_evaluable"
"spatial_unit","429","biomass","MEAN",TRUE,"",253,"Stability","within_minus_between",253,"stratum",43.6769607843137,2000,1272,0.636,6.89186703554709,,,"invalid_bootstrap_replicates","not_evaluable"
"spatial_unit","429","biomass","PTa_vs_P1a",TRUE,"",254,"Stability","within_minus_between",254,"stratum",65.2833333333332,2000,2000,1,13.0088875893862,88.4177083333333,36.6464718614718,"ok","expected_direction"
"spatial_unit","429","biomass","PTa_vs_P1b",TRUE,"",255,"Stability","within_minus_between",255,"stratum",54.7892156862745,2000,2000,1,13.3830063268903,78.7245107323232,26.7071875,"ok","expected_direction"
"spatial_unit","429","biomass","PTa_vs_P2",TRUE,"",256,"Stability","within_minus_between",256,"stratum",-21.9166666666667,2000,1272,0.636,10.3276940295629,,,"invalid_bootstrap_replicates","not_evaluable"
"spatial_unit","429","biomass","PTb_vs_P1a",TRUE,"",257,"Stability","within_minus_between",257,"stratum",87.1999999999999,2000,1993,0.9965,7.46556330109116,,,"invalid_bootstrap_replicates","not_evaluable"
"spatial_unit","429","biomass","PTb_vs_P1b",TRUE,"",258,"Stability","within_minus_between",258,"stratum",76.7058823529412,2000,1993,0.9965,9.28508003981018,,,"invalid_bootstrap_replicates","not_evaluable"
"spatial_unit","429","biomass","PTb_vs_P2",TRUE,"",259,"Stability","within_minus_between",259,"stratum",0,2000,1272,0.636,0,,,"invalid_bootstrap_replicates","not_evaluable"
"spatial_unit","429","occurrence","MEAN",TRUE,"",260,"Stability","within_minus_between",260,"stratum",76.9299019607843,2000,1272,0.636,6.3560668100009,,,"invalid_bootstrap_replicates","not_evaluable"
"spatial_unit","429","occurrence","PTa_vs_P1a",TRUE,"",261,"Stability","within_minus_between",261,"stratum",55.4833333333333,2000,2000,1,12.0919779004234,78.6979166666665,30.5283916083916,"ok","expected_direction"
"spatial_unit","429","occurrence","PTa_vs_P1b",TRUE,"",262,"Stability","within_minus_between",262,"stratum",68.8480392156863,2000,2000,1,11.437474881151,89.7740546218487,45.3876102941177,"ok","expected_direction"
"spatial_unit","429","occurrence","PTa_vs_P2",TRUE,"",263,"Stability","within_minus_between",263,"stratum",87.0833333333333,2000,1272,0.636,7.93623338348676,,,"invalid_bootstrap_replicates","not_evaluable"
"spatial_unit","429","occurrence","PTb_vs_P1a",TRUE,"",264,"Stability","within_minus_between",264,"stratum",68.3999999999999,2000,1993,0.9965,11.7316223750927,,,"invalid_bootstrap_replicates","not_evaluable"
"spatial_unit","429","occurrence","PTb_vs_P1b",TRUE,"",265,"Stability","within_minus_between",265,"stratum",81.764705882353,2000,1993,0.9965,9.16563903204294,,,"invalid_bootstrap_replicates","not_evaluable"
"spatial_unit","429","occurrence","PTb_vs_P2",TRUE,"",266,"Stability","within_minus_between",266,"stratum",100,2000,1272,0.636,0,,,"invalid_bootstrap_replicates","not_evaluable"
"spatial_unit","431","biomass","MEAN",TRUE,"",267,"Stability","within_minus_between",267,"stratum",58.8578703703703,2000,1998,0.999,11.0568199662902,,,"invalid_bootstrap_replicates","not_evaluable"
"spatial_unit","431","biomass","PTa_vs_P1a",TRUE,"",268,"Stability","within_minus_between",268,"stratum",40.2361111111111,2000,2000,1,16.633787583593,70.2541071428571,4.55937499999993,"ok","expected_direction"
"spatial_unit","431","biomass","PTa_vs_P1b",TRUE,"",269,"Stability","within_minus_between",269,"stratum",43.525,2000,2000,1,16.0391688122885,72.0277361853831,8.43292483660136,"ok","expected_direction"
"spatial_unit","431","biomass","PTa_vs_P2",TRUE,"",270,"Stability","within_minus_between",270,"stratum",49.5,2000,2000,1,15.6679796219046,76.7179513888887,15.7786764705883,"ok","expected_direction"
"spatial_unit","431","biomass","PTb_vs_P1a",TRUE,"",271,"Stability","within_minus_between",271,"stratum",69.1111111111111,2000,1998,0.999,14.8043885972708,,,"invalid_bootstrap_replicates","not_evaluable"
"spatial_unit","431","biomass","PTb_vs_P1b",TRUE,"",272,"Stability","within_minus_between",272,"stratum",72.4,2000,1998,0.999,13.6323002901555,,,"invalid_bootstrap_replicates","not_evaluable"
"spatial_unit","431","biomass","PTb_vs_P2",TRUE,"",273,"Stability","within_minus_between",273,"stratum",78.375,2000,1998,0.999,10.2207203678277,,,"invalid_bootstrap_replicates","not_evaluable"
"spatial_unit","431","occurrence","MEAN",TRUE,"",274,"Stability","within_minus_between",274,"stratum",75.7071759259259,2000,1998,0.999,9.64210415142598,,,"invalid_bootstrap_replicates","not_evaluable"
"spatial_unit","431","occurrence","PTa_vs_P1a",TRUE,"",275,"Stability","within_minus_between",275,"stratum",63.8402777777777,2000,2000,1,15.2639467052557,92.0015625,32.5395074696546,"ok","expected_direction"
"spatial_unit","431","occurrence","PTa_vs_P1b",TRUE,"",276,"Stability","within_minus_between",276,"stratum",66.0624999999998,2000,2000,1,14.3684793130369,92.0015625,36.5414522058824,"ok","expected_direction"
"spatial_unit","431","occurrence","PTa_vs_P2",TRUE,"",277,"Stability","within_minus_between",277,"stratum",76.3125,2000,2000,1,12.6704991116183,98.2007692307692,48.6238095238095,"ok","expected_direction"
"spatial_unit","431","occurrence","PTb_vs_P1a",TRUE,"",278,"Stability","within_minus_between",278,"stratum",77.7777777777777,2000,1998,0.999,14.4147836260033,,,"invalid_bootstrap_replicates","not_evaluable"
"spatial_unit","431","occurrence","PTb_vs_P1b",TRUE,"",279,"Stability","within_minus_between",279,"stratum",79.9999999999998,2000,1998,0.999,13.1572750711766,,,"invalid_bootstrap_replicates","not_evaluable"
"spatial_unit","431","occurrence","PTb_vs_P2",TRUE,"",280,"Stability","within_minus_between",280,"stratum",90.25,2000,1998,0.999,9.36694104797078,,,"invalid_bootstrap_replicates","not_evaluable"
"spatial_unit","432","biomass","MEAN",TRUE,"",281,"Stability","within_minus_between",281,"stratum",14.7222222222222,2000,1812,0.906,6.32227582305837,,,"invalid_bootstrap_replicates","not_evaluable"
"spatial_unit","432","biomass","PTa_vs_P1a",TRUE,"",282,"Stability","within_minus_between",282,"stratum",29.4444444444445,2000,1812,0.906,12.6445516461167,,,"invalid_bootstrap_replicates","not_evaluable"
"spatial_unit","432","biomass","PTa_vs_P1b",TRUE,"",283,"Stability","within_minus_between",283,"stratum",29.4444444444445,2000,1812,0.906,12.6445516461167,,,"invalid_bootstrap_replicates","not_evaluable"
"spatial_unit","432","biomass","PTa_vs_P2",TRUE,"",284,"Stability","within_minus_between",284,"stratum",29.4444444444445,2000,1957,0.9785,13.2331604063071,,,"invalid_bootstrap_replicates","not_evaluable"
"spatial_unit","432","biomass","PTb_vs_P1a",TRUE,"",285,"Stability","within_minus_between",285,"stratum",0,2000,1812,0.906,0,,,"invalid_bootstrap_replicates","not_evaluable"
"spatial_unit","432","biomass","PTb_vs_P1b",TRUE,"",286,"Stability","within_minus_between",286,"stratum",0,2000,1812,0.906,0,,,"invalid_bootstrap_replicates","not_evaluable"
"spatial_unit","432","biomass","PTb_vs_P2",TRUE,"",287,"Stability","within_minus_between",287,"stratum",0,2000,1812,0.906,0,,,"invalid_bootstrap_replicates","not_evaluable"
"spatial_unit","432","occurrence","MEAN",TRUE,"",288,"Stability","within_minus_between",288,"stratum",24.0555555555555,2000,1812,0.906,6.58162006965353,,,"invalid_bootstrap_replicates","not_evaluable"
"spatial_unit","432","occurrence","PTa_vs_P1a",TRUE,"",289,"Stability","within_minus_between",289,"stratum",48.1111111111111,2000,1812,0.906,13.1632401393071,,,"invalid_bootstrap_replicates","not_evaluable"
"spatial_unit","432","occurrence","PTa_vs_P1b",TRUE,"",290,"Stability","within_minus_between",290,"stratum",48.1111111111111,2000,1812,0.906,13.1632401393071,,,"invalid_bootstrap_replicates","not_evaluable"
"spatial_unit","432","occurrence","PTa_vs_P2",TRUE,"",291,"Stability","within_minus_between",291,"stratum",48.1111111111111,2000,1957,0.9785,13.3672571495262,,,"invalid_bootstrap_replicates","not_evaluable"
"spatial_unit","432","occurrence","PTb_vs_P1a",TRUE,"",292,"Stability","within_minus_between",292,"stratum",0,2000,1812,0.906,0,,,"invalid_bootstrap_replicates","not_evaluable"
"spatial_unit","432","occurrence","PTb_vs_P1b",TRUE,"",293,"Stability","within_minus_between",293,"stratum",0,2000,1812,0.906,0,,,"invalid_bootstrap_replicates","not_evaluable"
"spatial_unit","432","occurrence","PTb_vs_P2",TRUE,"",294,"Stability","within_minus_between",294,"stratum",0,2000,1812,0.906,0,,,"invalid_bootstrap_replicates","not_evaluable"
"spatial_unit","433","biomass","MEAN",TRUE,"",295,"Stability","within_minus_between",295,"stratum",20.0320512820513,2000,1745,0.8725,10.8006797013904,,,"invalid_bootstrap_replicates","not_evaluable"
"spatial_unit","433","biomass","PTa_vs_P1a",TRUE,"",296,"Stability","within_minus_between",296,"stratum",30.923076923077,2000,2000,1,17.9435317823986,63.9046182983682,-6.20035714285716,"ok","interval_includes_zero"
"spatial_unit","433","biomass","PTa_vs_P1b",TRUE,"",297,"Stability","within_minus_between",297,"stratum",30.923076923077,2000,2000,1,17.9435317823986,63.9046182983682,-6.20035714285716,"ok","interval_includes_zero"
"spatial_unit","433","biomass","PTa_vs_P2",TRUE,"",298,"Stability","within_minus_between",298,"stratum",54.0000000000001,2000,1745,0.8725,13.1589713843272,,,"invalid_bootstrap_replicates","not_evaluable"
"spatial_unit","433","biomass","PTb_vs_P1a",TRUE,"",299,"Stability","within_minus_between",299,"stratum",-6.24358974358974,2000,2000,1,13.5138183537383,20.5357142857143,-33.3333333333334,"ok","interval_includes_zero"
"spatial_unit","433","biomass","PTb_vs_P1b",TRUE,"",300,"Stability","within_minus_between",300,"stratum",-6.24358974358974,2000,2000,1,13.5138183537383,20.5357142857143,-33.3333333333334,"ok","interval_includes_zero"
"spatial_unit","433","biomass","PTb_vs_P2",TRUE,"",301,"Stability","within_minus_between",301,"stratum",16.8333333333334,2000,1745,0.8725,15.4328076738287,,,"invalid_bootstrap_replicates","not_evaluable"
"spatial_unit","433","occurrence","MEAN",TRUE,"",302,"Stability","within_minus_between",302,"stratum",23.5448717948718,2000,1745,0.8725,13.8671354860928,,,"invalid_bootstrap_replicates","not_evaluable"
"spatial_unit","433","occurrence","PTa_vs_P1a",TRUE,"",303,"Stability","within_minus_between",303,"stratum",40.6923076923078,2000,2000,1,17.7441024662728,73.4570192307692,5.16639610389603,"ok","expected_direction"
"spatial_unit","433","occurrence","PTa_vs_P1b",TRUE,"",304,"Stability","within_minus_between",304,"stratum",46.3076923076922,2000,2000,1,17.5535472125504,79.0732051282051,10.1618253968254,"ok","expected_direction"
"spatial_unit","433","occurrence","PTa_vs_P2",TRUE,"",305,"Stability","within_minus_between",305,"stratum",-22.2692307692307,2000,1745,0.8725,13.5374508303162,,,"invalid_bootstrap_replicates","not_evaluable"
"spatial_unit","433","occurrence","PTb_vs_P1a",TRUE,"",306,"Stability","within_minus_between",306,"stratum",44.6282051282052,2000,2000,1,22.7477829080488,85.6885817307692,-4.97499999999995,"ok","interval_includes_zero"
"spatial_unit","433","occurrence","PTb_vs_P1b",TRUE,"",307,"Stability","within_minus_between",307,"stratum",50.2435897435896,2000,2000,1,22.3059026915351,91.7749188311689,1.48288825757568,"ok","expected_direction"
"spatial_unit","433","occurrence","PTb_vs_P2",TRUE,"",308,"Stability","within_minus_between",308,"stratum",-18.3333333333333,2000,1745,0.8725,16.1589257832904,,,"invalid_bootstrap_replicates","not_evaluable"
"spatial_unit","434","biomass","MEAN",TRUE,"",309,"Stability","within_minus_between",309,"stratum",46.65,2000,1296,0.648,13.0165960870945,,,"invalid_bootstrap_replicates","not_evaluable"
"spatial_unit","434","biomass","PTa_vs_P1a",TRUE,"",310,"Stability","within_minus_between",310,"stratum",41.2000000000001,2000,2000,1,18.1334109933992,76.401111111111,5.74663461538464,"ok","expected_direction"
"spatial_unit","434","biomass","PTa_vs_P1b",TRUE,"",311,"Stability","within_minus_between",311,"stratum",44.4999999999999,2000,2000,1,17.274077690503,77.8227272727272,9.72651515151511,"ok","expected_direction"
"spatial_unit","434","biomass","PTa_vs_P2",TRUE,"",312,"Stability","within_minus_between",312,"stratum",40,2000,1773,0.8865,38.2889925816728,,,"invalid_bootstrap_replicates","not_evaluable"
"spatial_unit","434","biomass","PTb_vs_P1a",TRUE,"",313,"Stability","within_minus_between",313,"stratum",50.7000000000001,2000,1296,0.648,13.5749126692778,,,"invalid_bootstrap_replicates","not_evaluable"
"spatial_unit","434","biomass","PTb_vs_P1b",TRUE,"",314,"Stability","within_minus_between",314,"stratum",53.9999999999999,2000,1296,0.648,12.8057309475737,,,"invalid_bootstrap_replicates","not_evaluable"
"spatial_unit","434","biomass","PTb_vs_P2",TRUE,"",315,"Stability","within_minus_between",315,"stratum",49.5,2000,1296,0.648,24.8274983789093,,,"invalid_bootstrap_replicates","not_evaluable"
"spatial_unit","434","occurrence","MEAN",TRUE,"",316,"Stability","within_minus_between",316,"stratum",61.9409090909091,2000,1296,0.648,8.07541967451244,,,"invalid_bootstrap_replicates","not_evaluable"
"spatial_unit","434","occurrence","PTa_vs_P1a",TRUE,"",317,"Stability","within_minus_between",317,"stratum",41.8000000000001,2000,2000,1,15.6920182788039,71.25125,10.9654545454546,"ok","expected_direction"
"spatial_unit","434","occurrence","PTa_vs_P1b",TRUE,"",318,"Stability","within_minus_between",318,"stratum",37.7727272727273,2000,2000,1,14.8335110734275,66.8758522727273,8.87235576923077,"ok","expected_direction"
"spatial_unit","434","occurrence","PTa_vs_P2",TRUE,"",319,"Stability","within_minus_between",319,"stratum",87.5,2000,1773,0.8865,11.6336269001829,,,"invalid_bootstrap_replicates","not_evaluable"
"spatial_unit","434","occurrence","PTb_vs_P1a",TRUE,"",320,"Stability","within_minus_between",320,"stratum",54.3000000000001,2000,1296,0.648,13.8907808135579,,,"invalid_bootstrap_replicates","not_evaluable"
"spatial_unit","434","occurrence","PTb_vs_P1b",TRUE,"",321,"Stability","within_minus_between",321,"stratum",50.2727272727273,2000,1296,0.648,13.5038525695493,,,"invalid_bootstrap_replicates","not_evaluable"
"spatial_unit","434","occurrence","PTb_vs_P2",TRUE,"",322,"Stability","within_minus_between",322,"stratum",100,2000,1296,0.648,0,,,"invalid_bootstrap_replicates","not_evaluable"
"spatial_unit","435","biomass","MEAN",TRUE,"",323,"Stability","within_minus_between",323,"stratum",-22.3174603174604,2000,1954,0.977,21.1073415329135,,,"invalid_bootstrap_replicates","not_evaluable"
"spatial_unit","435","biomass","PTa_vs_P1a",TRUE,"",324,"Stability","within_minus_between",324,"stratum",-6.10714285714288,2000,1995,0.9975,32.6206073288012,,,"invalid_bootstrap_replicates","not_evaluable"
"spatial_unit","435","biomass","PTa_vs_P1b",TRUE,"",325,"Stability","within_minus_between",325,"stratum",-6.10714285714288,2000,1995,0.9975,32.6206073288012,,,"invalid_bootstrap_replicates","not_evaluable"
"spatial_unit","435","biomass","PTa_vs_P2",TRUE,"",326,"Stability","within_minus_between",326,"stratum",-6.52380952380962,2000,1958,0.979,34.0757784339158,,,"invalid_bootstrap_replicates","not_evaluable"
"spatial_unit","435","biomass","PTb_vs_P1a",TRUE,"",327,"Stability","within_minus_between",327,"stratum",-38.25,2000,1954,0.977,21.3171421569298,,,"invalid_bootstrap_replicates","not_evaluable"
"spatial_unit","435","biomass","PTb_vs_P1b",TRUE,"",328,"Stability","within_minus_between",328,"stratum",-38.25,2000,1954,0.977,21.3171421569298,,,"invalid_bootstrap_replicates","not_evaluable"
"spatial_unit","435","biomass","PTb_vs_P2",TRUE,"",329,"Stability","within_minus_between",329,"stratum",-38.6666666666667,2000,1958,0.979,28.3653372424869,,,"invalid_bootstrap_replicates","not_evaluable"
"spatial_unit","435","occurrence","MEAN",TRUE,"",330,"Stability","within_minus_between",330,"stratum",-1.13492063492062,2000,1954,0.977,19.8191984146988,,,"invalid_bootstrap_replicates","not_evaluable"
"spatial_unit","435","occurrence","PTa_vs_P1a",TRUE,"",331,"Stability","within_minus_between",331,"stratum",2.28571428571431,2000,1995,0.9975,29.4278553940821,,,"invalid_bootstrap_replicates","not_evaluable"
"spatial_unit","435","occurrence","PTa_vs_P1b",TRUE,"",332,"Stability","within_minus_between",332,"stratum",2.28571428571431,2000,1995,0.9975,29.4278553940821,,,"invalid_bootstrap_replicates","not_evaluable"
"spatial_unit","435","occurrence","PTa_vs_P2",TRUE,"",333,"Stability","within_minus_between",333,"stratum",15.9523809523809,2000,1958,0.979,29.0606867933511,,,"invalid_bootstrap_replicates","not_evaluable"
"spatial_unit","435","occurrence","PTb_vs_P1a",TRUE,"",334,"Stability","within_minus_between",334,"stratum",-13.6666666666666,2000,1954,0.977,39.644929610907,,,"invalid_bootstrap_replicates","not_evaluable"
"spatial_unit","435","occurrence","PTb_vs_P1b",TRUE,"",335,"Stability","within_minus_between",335,"stratum",-13.6666666666666,2000,1954,0.977,39.644929610907,,,"invalid_bootstrap_replicates","not_evaluable"
"spatial_unit","435","occurrence","PTb_vs_P2",TRUE,"",336,"Stability","within_minus_between",336,"stratum",0,2000,1958,0.979,0,,,"invalid_bootstrap_replicates","not_evaluable"
"spatial_unit","436","biomass","MEAN",TRUE,"",337,"Stability","within_minus_between",337,"stratum",62.2809523809524,2000,1941,0.9705,17.7417284744837,,,"invalid_bootstrap_replicates","not_evaluable"
"spatial_unit","436","biomass","PTa_vs_P1a",TRUE,"",338,"Stability","within_minus_between",338,"stratum",70.8571428571429,2000,2000,1,20.490903131714,99.5124999999999,21.9285714285714,"ok","expected_direction"
"spatial_unit","436","biomass","PTa_vs_P1b",TRUE,"",339,"Stability","within_minus_between",339,"stratum",70.8571428571429,2000,2000,1,20.490903131714,99.5124999999999,21.9285714285714,"ok","expected_direction"
"spatial_unit","436","biomass","PTa_vs_P2",TRUE,"",340,"Stability","within_minus_between",340,"stratum",66.342857142857,2000,1999,0.9995,20.2152708765082,,,"invalid_bootstrap_replicates","not_evaluable"
"spatial_unit","436","biomass","PTb_vs_P1a",TRUE,"",341,"Stability","within_minus_between",341,"stratum",56.7142857142858,2000,1941,0.9705,29.1690502804445,,,"invalid_bootstrap_replicates","not_evaluable"
"spatial_unit","436","biomass","PTb_vs_P1b",TRUE,"",342,"Stability","within_minus_between",342,"stratum",56.7142857142858,2000,1941,0.9705,29.1690502804445,,,"invalid_bootstrap_replicates","not_evaluable"
"spatial_unit","436","biomass","PTb_vs_P2",TRUE,"",343,"Stability","within_minus_between",343,"stratum",52.1999999999999,2000,1941,0.9705,27.3561428124687,,,"invalid_bootstrap_replicates","not_evaluable"
"spatial_unit","436","occurrence","MEAN",TRUE,"",344,"Stability","within_minus_between",344,"stratum",70.4142857142857,2000,1941,0.9705,13.1374362099356,,,"invalid_bootstrap_replicates","not_evaluable"
"spatial_unit","436","occurrence","PTa_vs_P1a",TRUE,"",345,"Stability","within_minus_between",345,"stratum",57,2000,2000,1,21.8477350735949,89.5771428571428,8.31934523809524,"ok","expected_direction"
"spatial_unit","436","occurrence","PTa_vs_P1b",TRUE,"",346,"Stability","within_minus_between",346,"stratum",57.5714285714285,2000,2000,1,21.5473641175535,89.6799999999998,9.63482142857137,"ok","expected_direction"
"spatial_unit","436","occurrence","PTa_vs_P2",TRUE,"",347,"Stability","within_minus_between",347,"stratum",82.4571428571429,2000,1999,0.9995,13.9390004896073,,,"invalid_bootstrap_replicates","not_evaluable"
"spatial_unit","436","occurrence","PTb_vs_P1a",TRUE,"",348,"Stability","within_minus_between",348,"stratum",66.4761904761905,2000,1941,0.9705,15.9825642121267,,,"invalid_bootstrap_replicates","not_evaluable"
"spatial_unit","436","occurrence","PTb_vs_P1b",TRUE,"",349,"Stability","within_minus_between",349,"stratum",67.047619047619,2000,1941,0.9705,15.6435805636403,,,"invalid_bootstrap_replicates","not_evaluable"
"spatial_unit","436","occurrence","PTb_vs_P2",TRUE,"",350,"Stability","within_minus_between",350,"stratum",91.9333333333333,2000,1941,0.9705,4.223411341635,,,"invalid_bootstrap_replicates","not_evaluable"
"spatial_unit","437","biomass","MEAN",TRUE,"",351,"Stability","within_minus_between",351,"stratum",42.7559523809524,2000,1321,0.6605,16.2177256013044,,,"invalid_bootstrap_replicates","not_evaluable"
"spatial_unit","437","biomass","PTa_vs_P1a",TRUE,"",352,"Stability","within_minus_between",352,"stratum",57.1785714285714,2000,1993,0.9965,18.4307150813218,,,"invalid_bootstrap_replicates","not_evaluable"
"spatial_unit","437","biomass","PTa_vs_P1b",TRUE,"",353,"Stability","within_minus_between",353,"stratum",52.8035714285714,2000,2000,1,19.6375792790935,95.4285714285713,15.1611111111111,"ok","expected_direction"
"spatial_unit","437","biomass","PTa_vs_P2",TRUE,"",354,"Stability","within_minus_between",354,"stratum",74.4285714285714,2000,1326,0.663,13.5160646850188,,,"invalid_bootstrap_replicates","not_evaluable"
"spatial_unit","437","biomass","PTb_vs_P1a",TRUE,"",355,"Stability","within_minus_between",355,"stratum",19.75,2000,1982,0.991,24.5032391808315,,,"invalid_bootstrap_replicates","not_evaluable"
"spatial_unit","437","biomass","PTb_vs_P1b",TRUE,"",356,"Stability","within_minus_between",356,"stratum",15.375,2000,1989,0.9945,27.903580683126,,,"invalid_bootstrap_replicates","not_evaluable"
"spatial_unit","437","biomass","PTb_vs_P2",TRUE,"",357,"Stability","within_minus_between",357,"stratum",37,2000,1326,0.663,18.6025965364492,,,"invalid_bootstrap_replicates","not_evaluable"
"spatial_unit","437","occurrence","MEAN",TRUE,"",358,"Stability","within_minus_between",358,"stratum",84.0416666666667,2000,1321,0.6605,4.17024492403428,,,"invalid_bootstrap_replicates","not_evaluable"
"spatial_unit","437","occurrence","PTa_vs_P1a",TRUE,"",359,"Stability","within_minus_between",359,"stratum",100,2000,1993,0.9965,0,,,"invalid_bootstrap_replicates","not_evaluable"
"spatial_unit","437","occurrence","PTa_vs_P1b",TRUE,"",360,"Stability","within_minus_between",360,"stratum",71.625,2000,2000,1,13.4041943829458,93.6666666666666,43.2857142857143,"ok","expected_direction"
"spatial_unit","437","occurrence","PTa_vs_P2",TRUE,"",361,"Stability","within_minus_between",361,"stratum",100,2000,1326,0.663,0,,,"invalid_bootstrap_replicates","not_evaluable"
"spatial_unit","437","occurrence","PTb_vs_P1a",TRUE,"",362,"Stability","within_minus_between",362,"stratum",87,2000,1982,0.991,9.46071664678311,,,"invalid_bootstrap_replicates","not_evaluable"
"spatial_unit","437","occurrence","PTb_vs_P1b",TRUE,"",363,"Stability","within_minus_between",363,"stratum",58.625,2000,1989,0.9945,15.1731193346237,,,"invalid_bootstrap_replicates","not_evaluable"
"spatial_unit","437","occurrence","PTb_vs_P2",TRUE,"",364,"Stability","within_minus_between",364,"stratum",87,2000,1326,0.663,7.7312892365007,,,"invalid_bootstrap_replicates","not_evaluable"
"spatial_unit","438","biomass","MEAN",FALSE,"P1a",365,"Stability","within_minus_between",365,"stratum",,2000,0,0,,,,"missing_scenarios","not_evaluable"
"spatial_unit","438","biomass","PTa_vs_P1a",FALSE,"P1a",366,"Stability","within_minus_between",366,"stratum",,2000,0,0,,,,"missing_scenarios","not_evaluable"
"spatial_unit","438","biomass","PTa_vs_P1b",TRUE,"",367,"Stability","within_minus_between",367,"stratum",75,2000,1377,0.6885,19.5862565314899,,,"invalid_bootstrap_replicates","not_evaluable"
"spatial_unit","438","biomass","PTa_vs_P2",TRUE,"",368,"Stability","within_minus_between",368,"stratum",-25,2000,1377,0.6885,19.5862565314899,,,"invalid_bootstrap_replicates","not_evaluable"
"spatial_unit","438","biomass","PTb_vs_P1a",FALSE,"P1a",369,"Stability","within_minus_between",369,"stratum",,2000,0,0,,,,"missing_scenarios","not_evaluable"
"spatial_unit","438","biomass","PTb_vs_P1b",TRUE,"",370,"Stability","within_minus_between",370,"stratum",47.6666666666667,2000,1377,0.6885,20.1092596609509,,,"invalid_bootstrap_replicates","not_evaluable"
"spatial_unit","438","biomass","PTb_vs_P2",TRUE,"",371,"Stability","within_minus_between",371,"stratum",-52.3333333333333,2000,1377,0.6885,20.1092596609509,,,"invalid_bootstrap_replicates","not_evaluable"
"spatial_unit","438","occurrence","MEAN",FALSE,"P1a",372,"Stability","within_minus_between",372,"stratum",,2000,0,0,,,,"missing_scenarios","not_evaluable"
"spatial_unit","438","occurrence","PTa_vs_P1a",FALSE,"P1a",373,"Stability","within_minus_between",373,"stratum",,2000,0,0,,,,"missing_scenarios","not_evaluable"
"spatial_unit","438","occurrence","PTa_vs_P1b",TRUE,"",374,"Stability","within_minus_between",374,"stratum",98.25,2000,1377,0.6885,1.37103795720429,,,"invalid_bootstrap_replicates","not_evaluable"
"spatial_unit","438","occurrence","PTa_vs_P2",TRUE,"",375,"Stability","within_minus_between",375,"stratum",85.25,2000,1377,0.6885,1.37103795720429,,,"invalid_bootstrap_replicates","not_evaluable"
"spatial_unit","438","occurrence","PTb_vs_P1a",FALSE,"P1a",376,"Stability","within_minus_between",376,"stratum",,2000,0,0,,,,"missing_scenarios","not_evaluable"
"spatial_unit","438","occurrence","PTb_vs_P1b",TRUE,"",377,"Stability","within_minus_between",377,"stratum",0,2000,1377,0.6885,0,,,"invalid_bootstrap_replicates","not_evaluable"
"spatial_unit","438","occurrence","PTb_vs_P2",TRUE,"",378,"Stability","within_minus_between",378,"stratum",-13,2000,1377,0.6885,0,,,"invalid_bootstrap_replicates","not_evaluable"
"spatial_unit","439","biomass","MEAN",TRUE,"",379,"Stability","within_minus_between",379,"stratum",-0.291666666666657,2000,1307,0.6535,11.9608836628241,,,"invalid_bootstrap_replicates","not_evaluable"
"spatial_unit","439","biomass","PTa_vs_P1a",TRUE,"",380,"Stability","within_minus_between",380,"stratum",-6.83333333333327,2000,1972,0.986,29.0920910098463,,,"invalid_bootstrap_replicates","not_evaluable"
"spatial_unit","439","biomass","PTa_vs_P1b",TRUE,"",381,"Stability","within_minus_between",381,"stratum",11.4166666666667,2000,1997,0.9985,26.6180960847325,,,"invalid_bootstrap_replicates","not_evaluable"
"spatial_unit","439","biomass","PTa_vs_P2",TRUE,"",382,"Stability","within_minus_between",382,"stratum",43.1666666666667,2000,1307,0.6535,15.9809543186282,,,"invalid_bootstrap_replicates","not_evaluable"
"spatial_unit","439","biomass","PTb_vs_P1a",TRUE,"",383,"Stability","within_minus_between",383,"stratum",-39.25,2000,1972,0.986,19.1466924460091,,,"invalid_bootstrap_replicates","not_evaluable"
"spatial_unit","439","biomass","PTb_vs_P1b",TRUE,"",384,"Stability","within_minus_between",384,"stratum",-21,2000,1997,0.9985,26.8893593467286,,,"invalid_bootstrap_replicates","not_evaluable"
"spatial_unit","439","biomass","PTb_vs_P2",TRUE,"",385,"Stability","within_minus_between",385,"stratum",10.75,2000,1307,0.6535,6.31995935679476,,,"invalid_bootstrap_replicates","not_evaluable"
"spatial_unit","439","occurrence","MEAN",TRUE,"",386,"Stability","within_minus_between",386,"stratum",38.4583333333333,2000,1307,0.6535,15.6945923776054,,,"invalid_bootstrap_replicates","not_evaluable"
"spatial_unit","439","occurrence","PTa_vs_P1a",TRUE,"",387,"Stability","within_minus_between",387,"stratum",64.6666666666667,2000,1972,0.986,18.223096573698,,,"invalid_bootstrap_replicates","not_evaluable"
"spatial_unit","439","occurrence","PTa_vs_P1b",TRUE,"",388,"Stability","within_minus_between",388,"stratum",30.9166666666667,2000,1997,0.9985,24.8672945976087,,,"invalid_bootstrap_replicates","not_evaluable"
"spatial_unit","439","occurrence","PTa_vs_P2",TRUE,"",389,"Stability","within_minus_between",389,"stratum",64.6666666666667,2000,1307,0.6535,17.2412993262912,,,"invalid_bootstrap_replicates","not_evaluable"
"spatial_unit","439","occurrence","PTb_vs_P1a",TRUE,"",390,"Stability","within_minus_between",390,"stratum",34.75,2000,1972,0.986,21.7756612413724,,,"invalid_bootstrap_replicates","not_evaluable"
"spatial_unit","439","occurrence","PTb_vs_P1b",TRUE,"",391,"Stability","within_minus_between",391,"stratum",1,2000,1997,0.9985,33.6457866443105,,,"invalid_bootstrap_replicates","not_evaluable"
"spatial_unit","439","occurrence","PTb_vs_P2",TRUE,"",392,"Stability","within_minus_between",392,"stratum",34.75,2000,1307,0.6535,18.5513975075256,,,"invalid_bootstrap_replicates","not_evaluable"
"level_average","ALL","biomass","MEAN",TRUE,"",1,"Substitution","between_minus_within",393,"stratum",26.7857174535774,2000,7,0.0035,2.77372506228014,,,"invalid_bootstrap_replicates","not_evaluable"
"level_average","ALL","biomass","PTa_vs_P1a",TRUE,"",2,"Substitution","between_minus_within",394,"stratum",36.5273201650478,2000,775,0.3875,3.52471471787876,,,"invalid_bootstrap_replicates","not_evaluable"
"level_average","ALL","biomass","PTa_vs_P1b",TRUE,"",3,"Substitution","between_minus_within",395,"stratum",35.8394217634825,2000,548,0.274,3.61092060508897,,,"invalid_bootstrap_replicates","not_evaluable"
"level_average","ALL","biomass","PTa_vs_P2",TRUE,"",4,"Substitution","between_minus_within",396,"stratum",39.4370619107164,2000,39,0.0195,3.32938436497662,,,"invalid_bootstrap_replicates","not_evaluable"
"level_average","ALL","biomass","PTb_vs_P1a",TRUE,"",5,"Substitution","between_minus_within",397,"stratum",15.5628858460382,2000,132,0.066,3.18450677886328,,,"invalid_bootstrap_replicates","not_evaluable"
"level_average","ALL","biomass","PTb_vs_P1b",TRUE,"",6,"Substitution","between_minus_within",398,"stratum",14.8749874444729,2000,80,0.04,3.24215048257047,,,"invalid_bootstrap_replicates","not_evaluable"
"level_average","ALL","biomass","PTb_vs_P2",TRUE,"",7,"Substitution","between_minus_within",399,"stratum",18.4726275917067,2000,11,0.0055,3.11363743681672,,,"invalid_bootstrap_replicates","not_evaluable"
"level_average","ALL","occurrence","MEAN",TRUE,"",8,"Substitution","between_minus_within",400,"stratum",42.386254613171,2000,7,0.0035,3.57748051975044,,,"invalid_bootstrap_replicates","not_evaluable"
"level_average","ALL","occurrence","PTa_vs_P1a",TRUE,"",9,"Substitution","between_minus_within",401,"stratum",51.6431598270019,2000,775,0.3875,3.26863788493874,,,"invalid_bootstrap_replicates","not_evaluable"
"level_average","ALL","occurrence","PTa_vs_P1b",TRUE,"",10,"Substitution","between_minus_within",402,"stratum",51.4722714135303,2000,548,0.274,3.32775756653673,,,"invalid_bootstrap_replicates","not_evaluable"
"level_average","ALL","occurrence","PTa_vs_P2",TRUE,"",11,"Substitution","between_minus_within",403,"stratum",53.0379759503649,2000,39,0.0195,3.23639071866828,,,"invalid_bootstrap_replicates","not_evaluable"
"level_average","ALL","occurrence","PTb_vs_P1a",TRUE,"",12,"Substitution","between_minus_within",404,"stratum",32.3133975927459,2000,132,0.066,4.27504821217887,,,"invalid_bootstrap_replicates","not_evaluable"
"level_average","ALL","occurrence","PTb_vs_P1b",TRUE,"",13,"Substitution","between_minus_within",405,"stratum",32.1425091792743,2000,80,0.04,4.48349467511549,,,"invalid_bootstrap_replicates","not_evaluable"
"level_average","ALL","occurrence","PTb_vs_P2",TRUE,"",14,"Substitution","between_minus_within",406,"stratum",33.7082137161089,2000,11,0.0055,5.95324278557691,,,"invalid_bootstrap_replicates","not_evaluable"
"spatial_unit","401","biomass","MEAN",FALSE,"P1a;P1b;P2;PTb",15,"Substitution","between_minus_within",407,"stratum",,2000,0,0,,,,"missing_scenarios","not_evaluable"
"spatial_unit","401","biomass","PTa_vs_P1a",FALSE,"P1a",16,"Substitution","between_minus_within",408,"stratum",,2000,0,0,,,,"missing_scenarios","not_evaluable"
"spatial_unit","401","biomass","PTa_vs_P1b",FALSE,"P1b",17,"Substitution","between_minus_within",409,"stratum",,2000,0,0,,,,"missing_scenarios","not_evaluable"
"spatial_unit","401","biomass","PTa_vs_P2",FALSE,"P2",18,"Substitution","between_minus_within",410,"stratum",,2000,0,0,,,,"missing_scenarios","not_evaluable"
"spatial_unit","401","biomass","PTb_vs_P1a",FALSE,"P1a;PTb",19,"Substitution","between_minus_within",411,"stratum",,2000,0,0,,,,"missing_scenarios","not_evaluable"
"spatial_unit","401","biomass","PTb_vs_P1b",FALSE,"P1b;PTb",20,"Substitution","between_minus_within",412,"stratum",,2000,0,0,,,,"missing_scenarios","not_evaluable"
"spatial_unit","401","biomass","PTb_vs_P2",FALSE,"P2;PTb",21,"Substitution","between_minus_within",413,"stratum",,2000,0,0,,,,"missing_scenarios","not_evaluable"
"spatial_unit","401","occurrence","MEAN",FALSE,"P1a;P1b;P2;PTb",22,"Substitution","between_minus_within",414,"stratum",,2000,0,0,,,,"missing_scenarios","not_evaluable"
"spatial_unit","401","occurrence","PTa_vs_P1a",FALSE,"P1a",23,"Substitution","between_minus_within",415,"stratum",,2000,0,0,,,,"missing_scenarios","not_evaluable"
"spatial_unit","401","occurrence","PTa_vs_P1b",FALSE,"P1b",24,"Substitution","between_minus_within",416,"stratum",,2000,0,0,,,,"missing_scenarios","not_evaluable"
"spatial_unit","401","occurrence","PTa_vs_P2",FALSE,"P2",25,"Substitution","between_minus_within",417,"stratum",,2000,0,0,,,,"missing_scenarios","not_evaluable"
"spatial_unit","401","occurrence","PTb_vs_P1a",FALSE,"P1a;PTb",26,"Substitution","between_minus_within",418,"stratum",,2000,0,0,,,,"missing_scenarios","not_evaluable"
"spatial_unit","401","occurrence","PTb_vs_P1b",FALSE,"P1b;PTb",27,"Substitution","between_minus_within",419,"stratum",,2000,0,0,,,,"missing_scenarios","not_evaluable"
"spatial_unit","401","occurrence","PTb_vs_P2",FALSE,"P2;PTb",28,"Substitution","between_minus_within",420,"stratum",,2000,0,0,,,,"missing_scenarios","not_evaluable"
"spatial_unit","402","biomass","MEAN",FALSE,"P1a;P1b;P2;PTb",29,"Substitution","between_minus_within",421,"stratum",,2000,0,0,,,,"missing_scenarios","not_evaluable"
"spatial_unit","402","biomass","PTa_vs_P1a",FALSE,"P1a",30,"Substitution","between_minus_within",422,"stratum",,2000,0,0,,,,"missing_scenarios","not_evaluable"
"spatial_unit","402","biomass","PTa_vs_P1b",FALSE,"P1b",31,"Substitution","between_minus_within",423,"stratum",,2000,0,0,,,,"missing_scenarios","not_evaluable"
"spatial_unit","402","biomass","PTa_vs_P2",FALSE,"P2",32,"Substitution","between_minus_within",424,"stratum",,2000,0,0,,,,"missing_scenarios","not_evaluable"
"spatial_unit","402","biomass","PTb_vs_P1a",FALSE,"P1a;PTb",33,"Substitution","between_minus_within",425,"stratum",,2000,0,0,,,,"missing_scenarios","not_evaluable"
"spatial_unit","402","biomass","PTb_vs_P1b",FALSE,"P1b;PTb",34,"Substitution","between_minus_within",426,"stratum",,2000,0,0,,,,"missing_scenarios","not_evaluable"
"spatial_unit","402","biomass","PTb_vs_P2",FALSE,"P2;PTb",35,"Substitution","between_minus_within",427,"stratum",,2000,0,0,,,,"missing_scenarios","not_evaluable"
"spatial_unit","402","occurrence","MEAN",FALSE,"P1a;P1b;P2;PTb",36,"Substitution","between_minus_within",428,"stratum",,2000,0,0,,,,"missing_scenarios","not_evaluable"
"spatial_unit","402","occurrence","PTa_vs_P1a",FALSE,"P1a",37,"Substitution","between_minus_within",429,"stratum",,2000,0,0,,,,"missing_scenarios","not_evaluable"
"spatial_unit","402","occurrence","PTa_vs_P1b",FALSE,"P1b",38,"Substitution","between_minus_within",430,"stratum",,2000,0,0,,,,"missing_scenarios","not_evaluable"
"spatial_unit","402","occurrence","PTa_vs_P2",FALSE,"P2",39,"Substitution","between_minus_within",431,"stratum",,2000,0,0,,,,"missing_scenarios","not_evaluable"
"spatial_unit","402","occurrence","PTb_vs_P1a",FALSE,"P1a;PTb",40,"Substitution","between_minus_within",432,"stratum",,2000,0,0,,,,"missing_scenarios","not_evaluable"
"spatial_unit","402","occurrence","PTb_vs_P1b",FALSE,"P1b;PTb",41,"Substitution","between_minus_within",433,"stratum",,2000,0,0,,,,"missing_scenarios","not_evaluable"
"spatial_unit","402","occurrence","PTb_vs_P2",FALSE,"P2;PTb",42,"Substitution","between_minus_within",434,"stratum",,2000,0,0,,,,"missing_scenarios","not_evaluable"
"spatial_unit","403","biomass","MEAN",FALSE,"P2;PTb",43,"Substitution","between_minus_within",435,"stratum",,2000,0,0,,,,"missing_scenarios","not_evaluable"
"spatial_unit","403","biomass","PTa_vs_P1a",TRUE,"",44,"Substitution","between_minus_within",436,"stratum",60.1428571428571,2000,1997,0.9985,17.7769469548106,,,"invalid_bootstrap_replicates","not_evaluable"
"spatial_unit","403","biomass","PTa_vs_P1b",TRUE,"",45,"Substitution","between_minus_within",437,"stratum",60.1428571428571,2000,1997,0.9985,17.7769469548106,,,"invalid_bootstrap_replicates","not_evaluable"
"spatial_unit","403","biomass","PTa_vs_P2",FALSE,"P2",46,"Substitution","between_minus_within",438,"stratum",,2000,0,0,,,,"missing_scenarios","not_evaluable"
"spatial_unit","403","biomass","PTb_vs_P1a",FALSE,"PTb",47,"Substitution","between_minus_within",439,"stratum",,2000,0,0,,,,"missing_scenarios","not_evaluable"
"spatial_unit","403","biomass","PTb_vs_P1b",FALSE,"PTb",48,"Substitution","between_minus_within",440,"stratum",,2000,0,0,,,,"missing_scenarios","not_evaluable"
"spatial_unit","403","biomass","PTb_vs_P2",FALSE,"P2;PTb",49,"Substitution","between_minus_within",441,"stratum",,2000,0,0,,,,"missing_scenarios","not_evaluable"
"spatial_unit","403","occurrence","MEAN",FALSE,"P2;PTb",50,"Substitution","between_minus_within",442,"stratum",,2000,0,0,,,,"missing_scenarios","not_evaluable"
"spatial_unit","403","occurrence","PTa_vs_P1a",TRUE,"",51,"Substitution","between_minus_within",443,"stratum",67.1428571428572,2000,1997,0.9985,13.9588140626215,,,"invalid_bootstrap_replicates","not_evaluable"
"spatial_unit","403","occurrence","PTa_vs_P1b",TRUE,"",52,"Substitution","between_minus_within",444,"stratum",67.1428571428572,2000,1997,0.9985,13.9588140626215,,,"invalid_bootstrap_replicates","not_evaluable"
"spatial_unit","403","occurrence","PTa_vs_P2",FALSE,"P2",53,"Substitution","between_minus_within",445,"stratum",,2000,0,0,,,,"missing_scenarios","not_evaluable"
"spatial_unit","403","occurrence","PTb_vs_P1a",FALSE,"PTb",54,"Substitution","between_minus_within",446,"stratum",,2000,0,0,,,,"missing_scenarios","not_evaluable"
"spatial_unit","403","occurrence","PTb_vs_P1b",FALSE,"PTb",55,"Substitution","between_minus_within",447,"stratum",,2000,0,0,,,,"missing_scenarios","not_evaluable"
"spatial_unit","403","occurrence","PTb_vs_P2",FALSE,"P2;PTb",56,"Substitution","between_minus_within",448,"stratum",,2000,0,0,,,,"missing_scenarios","not_evaluable"
"spatial_unit","415","biomass","MEAN",TRUE,"",57,"Substitution","between_minus_within",449,"stratum",8.38888888888887,2000,1939,0.9695,5.35120539290867,,,"invalid_bootstrap_replicates","not_evaluable"
"spatial_unit","415","biomass","PTa_vs_P1a",TRUE,"",58,"Substitution","between_minus_within",450,"stratum",16.7777777777777,2000,2000,1,10.8479211876777,41.8437499999999,0,"ok","interval_includes_zero"
"spatial_unit","415","biomass","PTa_vs_P1b",TRUE,"",59,"Substitution","between_minus_within",451,"stratum",16.7777777777777,2000,2000,1,10.8479211876777,41.8437499999999,0,"ok","interval_includes_zero"
"spatial_unit","415","biomass","PTa_vs_P2",TRUE,"",60,"Substitution","between_minus_within",452,"stratum",16.7777777777777,2000,1941,0.9705,10.7013586759307,,,"invalid_bootstrap_replicates","not_evaluable"
"spatial_unit","415","biomass","PTb_vs_P1a",TRUE,"",61,"Substitution","between_minus_within",453,"stratum",0,2000,1998,0.999,0,,,"invalid_bootstrap_replicates","not_evaluable"
"spatial_unit","415","biomass","PTb_vs_P1b",TRUE,"",62,"Substitution","between_minus_within",454,"stratum",0,2000,1998,0.999,0,,,"invalid_bootstrap_replicates","not_evaluable"
"spatial_unit","415","biomass","PTb_vs_P2",TRUE,"",63,"Substitution","between_minus_within",455,"stratum",0,2000,1939,0.9695,0,,,"invalid_bootstrap_replicates","not_evaluable"
"spatial_unit","415","occurrence","MEAN",TRUE,"",64,"Substitution","between_minus_within",456,"stratum",33.8296296296297,2000,1939,0.9695,16.4350874851125,,,"invalid_bootstrap_replicates","not_evaluable"
"spatial_unit","415","occurrence","PTa_vs_P1a",TRUE,"",65,"Substitution","between_minus_within",457,"stratum",37.7777777777778,2000,2000,1,15.0314814429297,68.5641666666666,9.00000000000001,"ok","expected_direction"
"spatial_unit","415","occurrence","PTa_vs_P1b",TRUE,"",66,"Substitution","between_minus_within",458,"stratum",31.3333333333333,2000,2000,1,13.5737980893365,59.5840277777778,6.99999999999999,"ok","expected_direction"
"spatial_unit","415","occurrence","PTa_vs_P2",TRUE,"",67,"Substitution","between_minus_within",459,"stratum",4.44444444444448,2000,1941,0.9705,23.3704573476958,,,"invalid_bootstrap_replicates","not_evaluable"
"spatial_unit","415","occurrence","PTb_vs_P1a",TRUE,"",68,"Substitution","between_minus_within",460,"stratum",56.4,2000,1998,0.999,22.3530286744985,,,"invalid_bootstrap_replicates","not_evaluable"
"spatial_unit","415","occurrence","PTb_vs_P1b",TRUE,"",69,"Substitution","between_minus_within",461,"stratum",49.9555555555556,2000,1998,0.999,20.5193659785399,,,"invalid_bootstrap_replicates","not_evaluable"
"spatial_unit","415","occurrence","PTb_vs_P2",TRUE,"",70,"Substitution","between_minus_within",462,"stratum",23.0666666666668,2000,1939,0.9695,32.0968381094538,,,"invalid_bootstrap_replicates","not_evaluable"
"spatial_unit","416","biomass","MEAN",TRUE,"",71,"Substitution","between_minus_within",463,"stratum",24.1254629629629,2000,1978,0.989,10.277778974742,,,"invalid_bootstrap_replicates","not_evaluable"
"spatial_unit","416","biomass","PTa_vs_P1a",TRUE,"",72,"Substitution","between_minus_within",464,"stratum",27.4722222222222,2000,2000,1,14.0035673982099,54.873079004329,0.323693181818188,"ok","expected_direction"
"spatial_unit","416","biomass","PTa_vs_P1b",TRUE,"",73,"Substitution","between_minus_within",465,"stratum",29.3833333333333,2000,2000,1,14.0293339145472,57.3339285714286,1.59888888888889,"ok","expected_direction"
"spatial_unit","416","biomass","PTa_vs_P2",TRUE,"",74,"Substitution","between_minus_within",466,"stratum",34.5833333333333,2000,1978,0.989,11.8382000906913,,,"invalid_bootstrap_replicates","not_evaluable"
"spatial_unit","416","biomass","PTb_vs_P1a",TRUE,"",75,"Substitution","between_minus_within",467,"stratum",14.7638888888889,2000,2000,1,12.117065210458,37.753869047619,-8.88603896103897,"ok","interval_includes_zero"
"spatial_unit","416","biomass","PTb_vs_P1b",TRUE,"",76,"Substitution","between_minus_within",468,"stratum",16.675,2000,2000,1,11.451151756727,38.3369047619047,-5.2,"ok","interval_includes_zero"
"spatial_unit","416","biomass","PTb_vs_P2",TRUE,"",77,"Substitution","between_minus_within",469,"stratum",21.875,2000,1978,0.989,10.4897976448297,,,"invalid_bootstrap_replicates","not_evaluable"
"spatial_unit","416","occurrence","MEAN",TRUE,"",78,"Substitution","between_minus_within",470,"stratum",46.3055555555556,2000,1978,0.989,14.4492658634526,,,"invalid_bootstrap_replicates","not_evaluable"
"spatial_unit","416","occurrence","PTa_vs_P1a",TRUE,"",79,"Substitution","between_minus_within",471,"stratum",42.8333333333334,2000,2000,1,16.6788580729152,72.7977272727271,9.40446428571429,"ok","expected_direction"
"spatial_unit","416","occurrence","PTa_vs_P1b",TRUE,"",80,"Substitution","between_minus_within",472,"stratum",43.1666666666667,2000,2000,1,16.1440723558565,72.0561675824176,10.5,"ok","expected_direction"
"spatial_unit","416","occurrence","PTa_vs_P2",TRUE,"",81,"Substitution","between_minus_within",473,"stratum",47.9166666666667,2000,1978,0.989,14.5448361856795,,,"invalid_bootstrap_replicates","not_evaluable"
"spatial_unit","416","occurrence","PTb_vs_P1a",TRUE,"",82,"Substitution","between_minus_within",474,"stratum",46.1666666666667,2000,2000,1,19.1893079114049,85.3103571428571,8.51354166666669,"ok","expected_direction"
"spatial_unit","416","occurrence","PTb_vs_P1b",TRUE,"",83,"Substitution","between_minus_within",475,"stratum",46.5,2000,2000,1,18.6890542558675,83.7836174242423,10.7089285714285,"ok","expected_direction"
"spatial_unit","416","occurrence","PTb_vs_P2",TRUE,"",84,"Substitution","between_minus_within",476,"stratum",51.25,2000,1978,0.989,18.5621665491262,,,"invalid_bootstrap_replicates","not_evaluable"
"spatial_unit","417","biomass","MEAN",FALSE,"P2",85,"Substitution","between_minus_within",477,"stratum",,2000,0,0,,,,"missing_scenarios","not_evaluable"
"spatial_unit","417","biomass","PTa_vs_P1a",TRUE,"",86,"Substitution","between_minus_within",478,"stratum",39.5,2000,1878,0.939,30.0687206747319,,,"invalid_bootstrap_replicates","not_evaluable"
"spatial_unit","417","biomass","PTa_vs_P1b",TRUE,"",87,"Substitution","between_minus_within",479,"stratum",39.5,2000,1878,0.939,30.0687206747319,,,"invalid_bootstrap_replicates","not_evaluable"
"spatial_unit","417","biomass","PTa_vs_P2",FALSE,"P2",88,"Substitution","between_minus_within",480,"stratum",,2000,0,0,,,,"missing_scenarios","not_evaluable"
"spatial_unit","417","biomass","PTb_vs_P1a",TRUE,"",89,"Substitution","between_minus_within",481,"stratum",0,2000,1339,0.6695,0,,,"invalid_bootstrap_replicates","not_evaluable"
"spatial_unit","417","biomass","PTb_vs_P1b",TRUE,"",90,"Substitution","between_minus_within",482,"stratum",0,2000,1339,0.6695,0,,,"invalid_bootstrap_replicates","not_evaluable"
"spatial_unit","417","biomass","PTb_vs_P2",FALSE,"P2",91,"Substitution","between_minus_within",483,"stratum",,2000,0,0,,,,"missing_scenarios","not_evaluable"
"spatial_unit","417","occurrence","MEAN",FALSE,"P2",92,"Substitution","between_minus_within",484,"stratum",,2000,0,0,,,,"missing_scenarios","not_evaluable"
"spatial_unit","417","occurrence","PTa_vs_P1a",TRUE,"",93,"Substitution","between_minus_within",485,"stratum",54.5,2000,1878,0.939,24.7400866311085,,,"invalid_bootstrap_replicates","not_evaluable"
"spatial_unit","417","occurrence","PTa_vs_P1b",TRUE,"",94,"Substitution","between_minus_within",486,"stratum",54.5,2000,1878,0.939,24.7400866311085,,,"invalid_bootstrap_replicates","not_evaluable"
"spatial_unit","417","occurrence","PTa_vs_P2",FALSE,"P2",95,"Substitution","between_minus_within",487,"stratum",,2000,0,0,,,,"missing_scenarios","not_evaluable"
"spatial_unit","417","occurrence","PTb_vs_P1a",TRUE,"",96,"Substitution","between_minus_within",488,"stratum",18,2000,1339,0.6695,0,,,"invalid_bootstrap_replicates","not_evaluable"
"spatial_unit","417","occurrence","PTb_vs_P1b",TRUE,"",97,"Substitution","between_minus_within",489,"stratum",18,2000,1339,0.6695,0,,,"invalid_bootstrap_replicates","not_evaluable"
"spatial_unit","417","occurrence","PTb_vs_P2",FALSE,"P2",98,"Substitution","between_minus_within",490,"stratum",,2000,0,0,,,,"missing_scenarios","not_evaluable"
"spatial_unit","418","biomass","MEAN",TRUE,"",99,"Substitution","between_minus_within",491,"stratum",25.8571428571428,2000,837,0.4185,7.51993576718162,,,"invalid_bootstrap_replicates","not_evaluable"
"spatial_unit","418","biomass","PTa_vs_P1a",TRUE,"",100,"Substitution","between_minus_within",492,"stratum",51.7142857142856,2000,1946,0.973,17.5971227144318,,,"invalid_bootstrap_replicates","not_evaluable"
"spatial_unit","418","biomass","PTa_vs_P1b",TRUE,"",101,"Substitution","between_minus_within",493,"stratum",51.7142857142856,2000,1946,0.973,17.5971227144318,,,"invalid_bootstrap_replicates","not_evaluable"
"spatial_unit","418","biomass","PTa_vs_P2",TRUE,"",102,"Substitution","between_minus_within",494,"stratum",51.7142857142856,2000,1308,0.654,16.6254860246843,,,"invalid_bootstrap_replicates","not_evaluable"
"spatial_unit","418","biomass","PTb_vs_P1a",TRUE,"",103,"Substitution","between_minus_within",495,"stratum",0,2000,1327,0.6635,0,,,"invalid_bootstrap_replicates","not_evaluable"
"spatial_unit","418","biomass","PTb_vs_P1b",TRUE,"",104,"Substitution","between_minus_within",496,"stratum",0,2000,1327,0.6635,0,,,"invalid_bootstrap_replicates","not_evaluable"
"spatial_unit","418","biomass","PTb_vs_P2",TRUE,"",105,"Substitution","between_minus_within",497,"stratum",0,2000,837,0.4185,0,,,"invalid_bootstrap_replicates","not_evaluable"
"spatial_unit","418","occurrence","MEAN",TRUE,"",106,"Substitution","between_minus_within",498,"stratum",30.7460317460317,2000,837,0.4185,7.26698195654409,,,"invalid_bootstrap_replicates","not_evaluable"
"spatial_unit","418","occurrence","PTa_vs_P1a",TRUE,"",107,"Substitution","between_minus_within",499,"stratum",61.3809523809523,2000,1946,0.973,16.9773290932812,,,"invalid_bootstrap_replicates","not_evaluable"
"spatial_unit","418","occurrence","PTa_vs_P1b",TRUE,"",108,"Substitution","between_minus_within",500,"stratum",61.7142857142857,2000,1946,0.973,17.0029776517847,,,"invalid_bootstrap_replicates","not_evaluable"
"spatial_unit","418","occurrence","PTa_vs_P2",TRUE,"",109,"Substitution","between_minus_within",501,"stratum",61.7142857142857,2000,1308,0.654,15.979533704695,,,"invalid_bootstrap_replicates","not_evaluable"
"spatial_unit","418","occurrence","PTb_vs_P1a",TRUE,"",110,"Substitution","between_minus_within",502,"stratum",-0.333333333333333,2000,1327,0.6635,0.229821966483064,,,"invalid_bootstrap_replicates","not_evaluable"
"spatial_unit","418","occurrence","PTb_vs_P1b",TRUE,"",111,"Substitution","between_minus_within",503,"stratum",0,2000,1327,0.6635,0,,,"invalid_bootstrap_replicates","not_evaluable"
"spatial_unit","418","occurrence","PTb_vs_P2",TRUE,"",112,"Substitution","between_minus_within",504,"stratum",0,2000,837,0.4185,0,,,"invalid_bootstrap_replicates","not_evaluable"
"spatial_unit","419","biomass","MEAN",FALSE,"P2;PTb",113,"Substitution","between_minus_within",505,"stratum",,2000,0,0,,,,"missing_scenarios","not_evaluable"
"spatial_unit","419","biomass","PTa_vs_P1a",TRUE,"",114,"Substitution","between_minus_within",506,"stratum",0,2000,1356,0.678,0,,,"invalid_bootstrap_replicates","not_evaluable"
"spatial_unit","419","biomass","PTa_vs_P1b",TRUE,"",115,"Substitution","between_minus_within",507,"stratum",0,2000,1356,0.678,0,,,"invalid_bootstrap_replicates","not_evaluable"
"spatial_unit","419","biomass","PTa_vs_P2",FALSE,"P2",116,"Substitution","between_minus_within",508,"stratum",,2000,0,0,,,,"missing_scenarios","not_evaluable"
"spatial_unit","419","biomass","PTb_vs_P1a",FALSE,"PTb",117,"Substitution","between_minus_within",509,"stratum",,2000,0,0,,,,"missing_scenarios","not_evaluable"
"spatial_unit","419","biomass","PTb_vs_P1b",FALSE,"PTb",118,"Substitution","between_minus_within",510,"stratum",,2000,0,0,,,,"missing_scenarios","not_evaluable"
"spatial_unit","419","biomass","PTb_vs_P2",FALSE,"P2;PTb",119,"Substitution","between_minus_within",511,"stratum",,2000,0,0,,,,"missing_scenarios","not_evaluable"
"spatial_unit","419","occurrence","MEAN",FALSE,"P2;PTb",120,"Substitution","between_minus_within",512,"stratum",,2000,0,0,,,,"missing_scenarios","not_evaluable"
"spatial_unit","419","occurrence","PTa_vs_P1a",TRUE,"",121,"Substitution","between_minus_within",513,"stratum",0,2000,1356,0.678,0,,,"invalid_bootstrap_replicates","not_evaluable"
"spatial_unit","419","occurrence","PTa_vs_P1b",TRUE,"",122,"Substitution","between_minus_within",514,"stratum",0,2000,1356,0.678,0,,,"invalid_bootstrap_replicates","not_evaluable"
"spatial_unit","419","occurrence","PTa_vs_P2",FALSE,"P2",123,"Substitution","between_minus_within",515,"stratum",,2000,0,0,,,,"missing_scenarios","not_evaluable"
"spatial_unit","419","occurrence","PTb_vs_P1a",FALSE,"PTb",124,"Substitution","between_minus_within",516,"stratum",,2000,0,0,,,,"missing_scenarios","not_evaluable"
"spatial_unit","419","occurrence","PTb_vs_P1b",FALSE,"PTb",125,"Substitution","between_minus_within",517,"stratum",,2000,0,0,,,,"missing_scenarios","not_evaluable"
"spatial_unit","419","occurrence","PTb_vs_P2",FALSE,"P2;PTb",126,"Substitution","between_minus_within",518,"stratum",,2000,0,0,,,,"missing_scenarios","not_evaluable"
"spatial_unit","420","biomass","MEAN",TRUE,"",127,"Substitution","between_minus_within",519,"stratum",28.2380952380952,2000,1643,0.8215,9.63184412989743,,,"invalid_bootstrap_replicates","not_evaluable"
"spatial_unit","420","biomass","PTa_vs_P1a",TRUE,"",128,"Substitution","between_minus_within",520,"stratum",57.1428571428571,2000,1998,0.999,19.4110122046844,,,"invalid_bootstrap_replicates","not_evaluable"
"spatial_unit","420","biomass","PTa_vs_P1b",TRUE,"",129,"Substitution","between_minus_within",521,"stratum",57.1428571428571,2000,2000,1,19.4044143351873,88.8888888888887,16.6666666666666,"ok","expected_direction"
"spatial_unit","420","biomass","PTa_vs_P2",TRUE,"",130,"Substitution","between_minus_within",522,"stratum",56.1428571428571,2000,1802,0.901,19.5365478960846,,,"invalid_bootstrap_replicates","not_evaluable"
"spatial_unit","420","biomass","PTb_vs_P1a",TRUE,"",131,"Substitution","between_minus_within",523,"stratum",0,2000,1787,0.8935,0,,,"invalid_bootstrap_replicates","not_evaluable"
"spatial_unit","420","biomass","PTb_vs_P1b",TRUE,"",132,"Substitution","between_minus_within",524,"stratum",0,2000,1789,0.8945,0,,,"invalid_bootstrap_replicates","not_evaluable"
"spatial_unit","420","biomass","PTb_vs_P2",TRUE,"",133,"Substitution","between_minus_within",525,"stratum",-1,2000,1645,0.8225,0.721765088782874,,,"invalid_bootstrap_replicates","not_evaluable"
"spatial_unit","420","occurrence","MEAN",TRUE,"",134,"Substitution","between_minus_within",526,"stratum",33.7857142857143,2000,1643,0.8215,7.94486419862432,,,"invalid_bootstrap_replicates","not_evaluable"
"spatial_unit","420","occurrence","PTa_vs_P1a",TRUE,"",135,"Substitution","between_minus_within",527,"stratum",58.5714285714285,2000,1998,0.999,18.5967126648117,,,"invalid_bootstrap_replicates","not_evaluable"
"spatial_unit","420","occurrence","PTa_vs_P1b",TRUE,"",136,"Substitution","between_minus_within",528,"stratum",58.5714285714285,2000,2000,1,18.589548847777,88.7593749999999,18.8333333333333,"ok","expected_direction"
"spatial_unit","420","occurrence","PTa_vs_P2",TRUE,"",137,"Substitution","between_minus_within",529,"stratum",58.5714285714285,2000,1802,0.901,18.2264755649219,,,"invalid_bootstrap_replicates","not_evaluable"
"spatial_unit","420","occurrence","PTb_vs_P1a",TRUE,"",138,"Substitution","between_minus_within",530,"stratum",9,2000,1787,0.8935,6.86366866047007,,,"invalid_bootstrap_replicates","not_evaluable"
"spatial_unit","420","occurrence","PTb_vs_P1b",TRUE,"",139,"Substitution","between_minus_within",531,"stratum",9,2000,1789,0.8945,6.86659842674183,,,"invalid_bootstrap_replicates","not_evaluable"
"spatial_unit","420","occurrence","PTb_vs_P2",TRUE,"",140,"Substitution","between_minus_within",532,"stratum",9,2000,1645,0.8225,6.58601428540382,,,"invalid_bootstrap_replicates","not_evaluable"
"spatial_unit","421","biomass","MEAN",FALSE,"P2",141,"Substitution","between_minus_within",533,"stratum",,2000,0,0,,,,"missing_scenarios","not_evaluable"
"spatial_unit","421","biomass","PTa_vs_P1a",TRUE,"",142,"Substitution","between_minus_within",534,"stratum",38,2000,1934,0.967,25.1122440027378,,,"invalid_bootstrap_replicates","not_evaluable"
"spatial_unit","421","biomass","PTa_vs_P1b",TRUE,"",143,"Substitution","between_minus_within",535,"stratum",38,2000,1934,0.967,25.1122440027378,,,"invalid_bootstrap_replicates","not_evaluable"
"spatial_unit","421","biomass","PTa_vs_P2",FALSE,"P2",144,"Substitution","between_minus_within",536,"stratum",,2000,0,0,,,,"missing_scenarios","not_evaluable"
"spatial_unit","421","biomass","PTb_vs_P1a",TRUE,"",145,"Substitution","between_minus_within",537,"stratum",0,2000,1347,0.6735,0,,,"invalid_bootstrap_replicates","not_evaluable"
"spatial_unit","421","biomass","PTb_vs_P1b",TRUE,"",146,"Substitution","between_minus_within",538,"stratum",0,2000,1347,0.6735,0,,,"invalid_bootstrap_replicates","not_evaluable"
"spatial_unit","421","biomass","PTb_vs_P2",FALSE,"P2",147,"Substitution","between_minus_within",539,"stratum",,2000,0,0,,,,"missing_scenarios","not_evaluable"
"spatial_unit","421","occurrence","MEAN",FALSE,"P2",148,"Substitution","between_minus_within",540,"stratum",,2000,0,0,,,,"missing_scenarios","not_evaluable"
"spatial_unit","421","occurrence","PTa_vs_P1a",TRUE,"",149,"Substitution","between_minus_within",541,"stratum",50.3333333333333,2000,1934,0.967,23.637979793703,,,"invalid_bootstrap_replicates","not_evaluable"
"spatial_unit","421","occurrence","PTa_vs_P1b",TRUE,"",150,"Substitution","between_minus_within",542,"stratum",50.3333333333333,2000,1934,0.967,23.637979793703,,,"invalid_bootstrap_replicates","not_evaluable"
"spatial_unit","421","occurrence","PTa_vs_P2",FALSE,"P2",151,"Substitution","between_minus_within",543,"stratum",,2000,0,0,,,,"missing_scenarios","not_evaluable"
"spatial_unit","421","occurrence","PTb_vs_P1a",TRUE,"",152,"Substitution","between_minus_within",544,"stratum",0,2000,1347,0.6735,0,,,"invalid_bootstrap_replicates","not_evaluable"
"spatial_unit","421","occurrence","PTb_vs_P1b",TRUE,"",153,"Substitution","between_minus_within",545,"stratum",0,2000,1347,0.6735,0,,,"invalid_bootstrap_replicates","not_evaluable"
"spatial_unit","421","occurrence","PTb_vs_P2",FALSE,"P2",154,"Substitution","between_minus_within",546,"stratum",,2000,0,0,,,,"missing_scenarios","not_evaluable"
"spatial_unit","422","biomass","MEAN",TRUE,"",155,"Substitution","between_minus_within",547,"stratum",40.6734487734488,2000,1763,0.8815,17.7680402747783,,,"invalid_bootstrap_replicates","not_evaluable"
"spatial_unit","422","biomass","PTa_vs_P1a",TRUE,"",156,"Substitution","between_minus_within",548,"stratum",32.8961038961039,2000,2000,1,13.6848946466995,61.2343141233765,7.90931547619045,"ok","expected_direction"
"spatial_unit","422","biomass","PTa_vs_P1b",TRUE,"",157,"Substitution","between_minus_within",549,"stratum",33.7151515151516,2000,2000,1,13.6317104783114,61.7851785714285,8.90204545454549,"ok","expected_direction"
"spatial_unit","422","biomass","PTa_vs_P2",TRUE,"",158,"Substitution","between_minus_within",550,"stratum",39.1818181818182,2000,1763,0.8815,14.4726684524551,,,"invalid_bootstrap_replicates","not_evaluable"
"spatial_unit","422","biomass","PTb_vs_P1a",TRUE,"",159,"Substitution","between_minus_within",551,"stratum",43.7142857142857,2000,1974,0.987,26.294429196414,,,"invalid_bootstrap_replicates","not_evaluable"
"spatial_unit","422","biomass","PTb_vs_P1b",TRUE,"",160,"Substitution","between_minus_within",552,"stratum",44.5333333333333,2000,1974,0.987,26.4363308624288,,,"invalid_bootstrap_replicates","not_evaluable"
"spatial_unit","422","biomass","PTb_vs_P2",TRUE,"",161,"Substitution","between_minus_within",553,"stratum",50,2000,1763,0.8815,27.0537506122136,,,"invalid_bootstrap_replicates","not_evaluable"
"spatial_unit","422","occurrence","MEAN",TRUE,"",162,"Substitution","between_minus_within",554,"stratum",54.9875901875902,2000,1763,0.8815,15.8969627779191,,,"invalid_bootstrap_replicates","not_evaluable"
"spatial_unit","422","occurrence","PTa_vs_P1a",TRUE,"",163,"Substitution","between_minus_within",555,"stratum",65.1688311688311,2000,2000,1,13.0200292327961,89.645,39.1453438228438,"ok","expected_direction"
"spatial_unit","422","occurrence","PTa_vs_P1b",TRUE,"",164,"Substitution","between_minus_within",556,"stratum",64.521212121212,2000,2000,1,12.487564073824,87.9638461538462,39.6394230769231,"ok","expected_direction"
"spatial_unit","422","occurrence","PTa_vs_P2",TRUE,"",165,"Substitution","between_minus_within",557,"stratum",79.4545454545454,2000,1763,0.8815,9.90018415921831,,,"invalid_bootstrap_replicates","not_evaluable"
"spatial_unit","422","occurrence","PTb_vs_P1a",TRUE,"",166,"Substitution","between_minus_within",558,"stratum",35.7142857142857,2000,1974,0.987,26.3209302483045,,,"invalid_bootstrap_replicates","not_evaluable"
"spatial_unit","422","occurrence","PTb_vs_P1b",TRUE,"",167,"Substitution","between_minus_within",559,"stratum",35.0666666666667,2000,1974,0.987,26.2891650988326,,,"invalid_bootstrap_replicates","not_evaluable"
"spatial_unit","422","occurrence","PTb_vs_P2",TRUE,"",168,"Substitution","between_minus_within",560,"stratum",50,2000,1763,0.8815,27.0537506122136,,,"invalid_bootstrap_replicates","not_evaluable"
"spatial_unit","423","biomass","MEAN",TRUE,"",169,"Substitution","between_minus_within",561,"stratum",35.0727668845316,2000,1993,0.9965,13.5287973024018,,,"invalid_bootstrap_replicates","not_evaluable"
"spatial_unit","423","biomass","PTa_vs_P1a",TRUE,"",170,"Substitution","between_minus_within",562,"stratum",39.0196078431373,2000,2000,1,12.995906738489,63.7165266106442,13.1746904024768,"ok","expected_direction"
"spatial_unit","423","biomass","PTa_vs_P1b",TRUE,"",171,"Substitution","between_minus_within",563,"stratum",24.5751633986928,2000,2000,1,14.1768000723296,50.9021323529412,-4.157198142415,"ok","interval_includes_zero"
"spatial_unit","423","biomass","PTa_vs_P2",TRUE,"",172,"Substitution","between_minus_within",564,"stratum",45.1529411764706,2000,1995,0.9975,13.4452818166303,,,"invalid_bootstrap_replicates","not_evaluable"
"spatial_unit","423","biomass","PTb_vs_P1a",TRUE,"",173,"Substitution","between_minus_within",565,"stratum",36.6666666666667,2000,1997,0.9985,21.6393624732674,,,"invalid_bootstrap_replicates","not_evaluable"
"spatial_unit","423","biomass","PTb_vs_P1b",TRUE,"",174,"Substitution","between_minus_within",566,"stratum",22.2222222222222,2000,1997,0.9985,24.7287669174644,,,"invalid_bootstrap_replicates","not_evaluable"
"spatial_unit","423","biomass","PTb_vs_P2",TRUE,"",175,"Substitution","between_minus_within",567,"stratum",42.8,2000,1993,0.9965,20.8238403218726,,,"invalid_bootstrap_replicates","not_evaluable"
"spatial_unit","423","occurrence","MEAN",TRUE,"",176,"Substitution","between_minus_within",568,"stratum",17.468954248366,2000,1993,0.9965,15.1823848986007,,,"invalid_bootstrap_replicates","not_evaluable"
"spatial_unit","423","occurrence","PTa_vs_P1a",TRUE,"",177,"Substitution","between_minus_within",569,"stratum",16.8156862745099,2000,2000,1,16.386019336372,48.645751633987,-14.1691666666666,"ok","interval_includes_zero"
"spatial_unit","423","occurrence","PTa_vs_P1b",TRUE,"",178,"Substitution","between_minus_within",570,"stratum",17.8823529411765,2000,2000,1,16.4207916400249,50.2338970588235,-14.8929534313726,"ok","interval_includes_zero"
"spatial_unit","423","occurrence","PTa_vs_P2",TRUE,"",179,"Substitution","between_minus_within",571,"stratum",36.2823529411765,2000,1995,0.9975,16.1717696400272,,,"invalid_bootstrap_replicates","not_evaluable"
"spatial_unit","423","occurrence","PTb_vs_P1a",TRUE,"",180,"Substitution","between_minus_within",572,"stratum",4.43333333333334,2000,1997,0.9985,22.9310134671426,,,"invalid_bootstrap_replicates","not_evaluable"
"spatial_unit","423","occurrence","PTb_vs_P1b",TRUE,"",181,"Substitution","between_minus_within",573,"stratum",5.49999999999997,2000,1997,0.9985,22.5012930497845,,,"invalid_bootstrap_replicates","not_evaluable"
"spatial_unit","423","occurrence","PTb_vs_P2",TRUE,"",182,"Substitution","between_minus_within",574,"stratum",23.9,2000,1993,0.9965,21.2462485253919,,,"invalid_bootstrap_replicates","not_evaluable"
"spatial_unit","424","biomass","MEAN",TRUE,"",183,"Substitution","between_minus_within",575,"stratum",23.0909090909091,2000,1334,0.667,11.5062635087905,,,"invalid_bootstrap_replicates","not_evaluable"
"spatial_unit","424","biomass","PTa_vs_P1a",TRUE,"",184,"Substitution","between_minus_within",576,"stratum",30.6818181818182,2000,2000,1,14.4545951024168,59.2833928571427,3.16272727272732,"ok","expected_direction"
"spatial_unit","424","biomass","PTa_vs_P1b",TRUE,"",185,"Substitution","between_minus_within",577,"stratum",36.1818181818182,2000,2000,1,15.3536940931182,66.3737012987012,6.45090909090912,"ok","expected_direction"
"spatial_unit","424","biomass","PTa_vs_P2",TRUE,"",186,"Substitution","between_minus_within",578,"stratum",31.1818181818182,2000,1334,0.667,12.0896238487953,,,"invalid_bootstrap_replicates","not_evaluable"
"spatial_unit","424","biomass","PTb_vs_P1a",TRUE,"",187,"Substitution","between_minus_within",579,"stratum",11.5,2000,2000,1,18.7346547770107,51,-23.0083333333333,"ok","interval_includes_zero"
"spatial_unit","424","biomass","PTb_vs_P1b",TRUE,"",188,"Substitution","between_minus_within",580,"stratum",17,2000,2000,1,17.0767692621099,52.0000000000001,-14.1800595238095,"ok","interval_includes_zero"
"spatial_unit","424","biomass","PTb_vs_P2",TRUE,"",189,"Substitution","between_minus_within",581,"stratum",12,2000,1334,0.667,13.1610144741428,,,"invalid_bootstrap_replicates","not_evaluable"
"spatial_unit","424","occurrence","MEAN",TRUE,"",190,"Substitution","between_minus_within",582,"stratum",33.1616161616162,2000,1334,0.667,14.9110569446816,,,"invalid_bootstrap_replicates","not_evaluable"
"spatial_unit","424","occurrence","PTa_vs_P1a",TRUE,"",191,"Substitution","between_minus_within",583,"stratum",34.378787878788,2000,2000,1,20.6385535164067,71.4013636363638,-9.7121969696969,"ok","interval_includes_zero"
"spatial_unit","424","occurrence","PTa_vs_P1b",TRUE,"",192,"Substitution","between_minus_within",584,"stratum",34.378787878788,2000,2000,1,20.6385535164067,71.4013636363638,-9.7121969696969,"ok","interval_includes_zero"
"spatial_unit","424","occurrence","PTa_vs_P2",TRUE,"",193,"Substitution","between_minus_within",585,"stratum",37.5454545454546,2000,1334,0.667,12.078430150908,,,"invalid_bootstrap_replicates","not_evaluable"
"spatial_unit","424","occurrence","PTb_vs_P1a",TRUE,"",194,"Substitution","between_minus_within",586,"stratum",29.8333333333334,2000,2000,1,19.3758685625913,69.1111111111111,-6.8214285714286,"ok","interval_includes_zero"
"spatial_unit","424","occurrence","PTb_vs_P1b",TRUE,"",195,"Substitution","between_minus_within",587,"stratum",29.8333333333334,2000,2000,1,19.3758685625913,69.1111111111111,-6.8214285714286,"ok","interval_includes_zero"
"spatial_unit","424","occurrence","PTb_vs_P2",TRUE,"",196,"Substitution","between_minus_within",588,"stratum",33,2000,1334,0.667,16.8090969017755,,,"invalid_bootstrap_replicates","not_evaluable"
"spatial_unit","425","biomass","MEAN",TRUE,"",197,"Substitution","between_minus_within",589,"stratum",23.1111111111111,2000,1655,0.8275,8.76573871273774,,,"invalid_bootstrap_replicates","not_evaluable"
"spatial_unit","425","biomass","PTa_vs_P1a",TRUE,"",198,"Substitution","between_minus_within",590,"stratum",38,2000,1992,0.996,17.5055491804621,,,"invalid_bootstrap_replicates","not_evaluable"
"spatial_unit","425","biomass","PTa_vs_P1b",TRUE,"",199,"Substitution","between_minus_within",591,"stratum",36.8333333333333,2000,2000,1,17.6429667182754,72.5,4.58333333333334,"ok","expected_direction"
"spatial_unit","425","biomass","PTa_vs_P2",TRUE,"",200,"Substitution","between_minus_within",592,"stratum",38,2000,1807,0.9035,17.805514141968,,,"invalid_bootstrap_replicates","not_evaluable"
"spatial_unit","425","biomass","PTb_vs_P1a",TRUE,"",201,"Substitution","between_minus_within",593,"stratum",9,2000,1802,0.901,6.82169132755347,,,"invalid_bootstrap_replicates","not_evaluable"
"spatial_unit","425","biomass","PTb_vs_P1b",TRUE,"",202,"Substitution","between_minus_within",594,"stratum",7.83333333333333,2000,1802,0.901,6.86028597362569,,,"invalid_bootstrap_replicates","not_evaluable"
"spatial_unit","425","biomass","PTb_vs_P2",TRUE,"",203,"Substitution","between_minus_within",595,"stratum",9,2000,1655,0.8275,6.54874825106887,,,"invalid_bootstrap_replicates","not_evaluable"
"spatial_unit","425","occurrence","MEAN",TRUE,"",204,"Substitution","between_minus_within",596,"stratum",37.8333333333333,2000,1655,0.8275,18.8198756205097,,,"invalid_bootstrap_replicates","not_evaluable"
"spatial_unit","425","occurrence","PTa_vs_P1a",TRUE,"",205,"Substitution","between_minus_within",597,"stratum",21,2000,1992,0.996,15.7373394628214,,,"invalid_bootstrap_replicates","not_evaluable"
"spatial_unit","425","occurrence","PTa_vs_P1b",TRUE,"",206,"Substitution","between_minus_within",598,"stratum",36,2000,2000,1,14.9374901176326,63.25,9.59999999999999,"ok","expected_direction"
"spatial_unit","425","occurrence","PTa_vs_P2",TRUE,"",207,"Substitution","between_minus_within",599,"stratum",37,2000,1807,0.9035,13.6657274681155,,,"invalid_bootstrap_replicates","not_evaluable"
"spatial_unit","425","occurrence","PTb_vs_P1a",TRUE,"",208,"Substitution","between_minus_within",600,"stratum",34,2000,1802,0.901,27.258431398091,,,"invalid_bootstrap_replicates","not_evaluable"
"spatial_unit","425","occurrence","PTb_vs_P1b",TRUE,"",209,"Substitution","between_minus_within",601,"stratum",49,2000,1802,0.901,37.8730251154487,,,"invalid_bootstrap_replicates","not_evaluable"
"spatial_unit","425","occurrence","PTb_vs_P2",TRUE,"",210,"Substitution","between_minus_within",602,"stratum",50,2000,1655,0.8275,36.3819347281604,,,"invalid_bootstrap_replicates","not_evaluable"
"spatial_unit","426","biomass","MEAN",FALSE,"P2;PTb",211,"Substitution","between_minus_within",603,"stratum",,2000,0,0,,,,"missing_scenarios","not_evaluable"
"spatial_unit","426","biomass","PTa_vs_P1a",TRUE,"",212,"Substitution","between_minus_within",604,"stratum",68,2000,1496,0.748,0.471166652866001,,,"invalid_bootstrap_replicates","not_evaluable"
"spatial_unit","426","biomass","PTa_vs_P1b",TRUE,"",213,"Substitution","between_minus_within",605,"stratum",68,2000,1496,0.748,0.471166652866001,,,"invalid_bootstrap_replicates","not_evaluable"
"spatial_unit","426","biomass","PTa_vs_P2",FALSE,"P2",214,"Substitution","between_minus_within",606,"stratum",,2000,0,0,,,,"missing_scenarios","not_evaluable"
"spatial_unit","426","biomass","PTb_vs_P1a",FALSE,"PTb",215,"Substitution","between_minus_within",607,"stratum",,2000,0,0,,,,"missing_scenarios","not_evaluable"
"spatial_unit","426","biomass","PTb_vs_P1b",FALSE,"PTb",216,"Substitution","between_minus_within",608,"stratum",,2000,0,0,,,,"missing_scenarios","not_evaluable"
"spatial_unit","426","biomass","PTb_vs_P2",FALSE,"P2;PTb",217,"Substitution","between_minus_within",609,"stratum",,2000,0,0,,,,"missing_scenarios","not_evaluable"
"spatial_unit","426","occurrence","MEAN",FALSE,"P2;PTb",218,"Substitution","between_minus_within",610,"stratum",,2000,0,0,,,,"missing_scenarios","not_evaluable"
"spatial_unit","426","occurrence","PTa_vs_P1a",TRUE,"",219,"Substitution","between_minus_within",611,"stratum",99,2000,1496,0.748,0.471166652866001,,,"invalid_bootstrap_replicates","not_evaluable"
"spatial_unit","426","occurrence","PTa_vs_P1b",TRUE,"",220,"Substitution","between_minus_within",612,"stratum",99,2000,1496,0.748,0.471166652866001,,,"invalid_bootstrap_replicates","not_evaluable"
"spatial_unit","426","occurrence","PTa_vs_P2",FALSE,"P2",221,"Substitution","between_minus_within",613,"stratum",,2000,0,0,,,,"missing_scenarios","not_evaluable"
"spatial_unit","426","occurrence","PTb_vs_P1a",FALSE,"PTb",222,"Substitution","between_minus_within",614,"stratum",,2000,0,0,,,,"missing_scenarios","not_evaluable"
"spatial_unit","426","occurrence","PTb_vs_P1b",FALSE,"PTb",223,"Substitution","between_minus_within",615,"stratum",,2000,0,0,,,,"missing_scenarios","not_evaluable"
"spatial_unit","426","occurrence","PTb_vs_P2",FALSE,"P2;PTb",224,"Substitution","between_minus_within",616,"stratum",,2000,0,0,,,,"missing_scenarios","not_evaluable"
"spatial_unit","427","biomass","MEAN",FALSE,"P2",225,"Substitution","between_minus_within",617,"stratum",,2000,0,0,,,,"missing_scenarios","not_evaluable"
"spatial_unit","427","biomass","PTa_vs_P1a",TRUE,"",226,"Substitution","between_minus_within",618,"stratum",50.8333333333333,2000,1994,0.997,17.8504747014767,,,"invalid_bootstrap_replicates","not_evaluable"
"spatial_unit","427","biomass","PTa_vs_P1b",TRUE,"",227,"Substitution","between_minus_within",619,"stratum",50.8333333333333,2000,1994,0.997,17.8504747014767,,,"invalid_bootstrap_replicates","not_evaluable"
"spatial_unit","427","biomass","PTa_vs_P2",FALSE,"P2",228,"Substitution","between_minus_within",620,"stratum",,2000,0,0,,,,"missing_scenarios","not_evaluable"
"spatial_unit","427","biomass","PTb_vs_P1a",TRUE,"",229,"Substitution","between_minus_within",621,"stratum",17.6666666666667,2000,1952,0.976,15.9405290637306,,,"invalid_bootstrap_replicates","not_evaluable"
"spatial_unit","427","biomass","PTb_vs_P1b",TRUE,"",230,"Substitution","between_minus_within",622,"stratum",17.6666666666667,2000,1952,0.976,15.9405290637306,,,"invalid_bootstrap_replicates","not_evaluable"
"spatial_unit","427","biomass","PTb_vs_P2",FALSE,"P2",231,"Substitution","between_minus_within",623,"stratum",,2000,0,0,,,,"missing_scenarios","not_evaluable"
"spatial_unit","427","occurrence","MEAN",FALSE,"P2",232,"Substitution","between_minus_within",624,"stratum",,2000,0,0,,,,"missing_scenarios","not_evaluable"
"spatial_unit","427","occurrence","PTa_vs_P1a",TRUE,"",233,"Substitution","between_minus_within",625,"stratum",79,2000,1994,0.997,15.1875080379104,,,"invalid_bootstrap_replicates","not_evaluable"
"spatial_unit","427","occurrence","PTa_vs_P1b",TRUE,"",234,"Substitution","between_minus_within",626,"stratum",79,2000,1994,0.997,15.1875080379104,,,"invalid_bootstrap_replicates","not_evaluable"
"spatial_unit","427","occurrence","PTa_vs_P2",FALSE,"P2",235,"Substitution","between_minus_within",627,"stratum",,2000,0,0,,,,"missing_scenarios","not_evaluable"
"spatial_unit","427","occurrence","PTb_vs_P1a",TRUE,"",236,"Substitution","between_minus_within",628,"stratum",33.3333333333333,2000,1952,0.976,30.0764699315671,,,"invalid_bootstrap_replicates","not_evaluable"
"spatial_unit","427","occurrence","PTb_vs_P1b",TRUE,"",237,"Substitution","between_minus_within",629,"stratum",33.3333333333333,2000,1952,0.976,30.0764699315671,,,"invalid_bootstrap_replicates","not_evaluable"
"spatial_unit","427","occurrence","PTb_vs_P2",FALSE,"P2",238,"Substitution","between_minus_within",630,"stratum",,2000,0,0,,,,"missing_scenarios","not_evaluable"
"spatial_unit","428","biomass","MEAN",FALSE,"P1a;P1b",239,"Substitution","between_minus_within",631,"stratum",,2000,0,0,,,,"missing_scenarios","not_evaluable"
"spatial_unit","428","biomass","PTa_vs_P1a",FALSE,"P1a",240,"Substitution","between_minus_within",632,"stratum",,2000,0,0,,,,"missing_scenarios","not_evaluable"
"spatial_unit","428","biomass","PTa_vs_P1b",FALSE,"P1b",241,"Substitution","between_minus_within",633,"stratum",,2000,0,0,,,,"missing_scenarios","not_evaluable"
"spatial_unit","428","biomass","PTa_vs_P2",TRUE,"",242,"Substitution","between_minus_within",634,"stratum",57,2000,1508,0.754,20.1350485081275,,,"invalid_bootstrap_replicates","not_evaluable"
"spatial_unit","428","biomass","PTb_vs_P1a",FALSE,"P1a",243,"Substitution","between_minus_within",635,"stratum",,2000,0,0,,,,"missing_scenarios","not_evaluable"
"spatial_unit","428","biomass","PTb_vs_P1b",FALSE,"P1b",244,"Substitution","between_minus_within",636,"stratum",,2000,0,0,,,,"missing_scenarios","not_evaluable"
"spatial_unit","428","biomass","PTb_vs_P2",TRUE,"",245,"Substitution","between_minus_within",637,"stratum",0,2000,1508,0.754,0,,,"invalid_bootstrap_replicates","not_evaluable"
"spatial_unit","428","occurrence","MEAN",FALSE,"P1a;P1b",246,"Substitution","between_minus_within",638,"stratum",,2000,0,0,,,,"missing_scenarios","not_evaluable"
"spatial_unit","428","occurrence","PTa_vs_P1a",FALSE,"P1a",247,"Substitution","between_minus_within",639,"stratum",,2000,0,0,,,,"missing_scenarios","not_evaluable"
"spatial_unit","428","occurrence","PTa_vs_P1b",FALSE,"P1b",248,"Substitution","between_minus_within",640,"stratum",,2000,0,0,,,,"missing_scenarios","not_evaluable"
"spatial_unit","428","occurrence","PTa_vs_P2",TRUE,"",249,"Substitution","between_minus_within",641,"stratum",98,2000,1508,0.754,0.936513884098952,,,"invalid_bootstrap_replicates","not_evaluable"
"spatial_unit","428","occurrence","PTb_vs_P1a",FALSE,"P1a",250,"Substitution","between_minus_within",642,"stratum",,2000,0,0,,,,"missing_scenarios","not_evaluable"
"spatial_unit","428","occurrence","PTb_vs_P1b",FALSE,"P1b",251,"Substitution","between_minus_within",643,"stratum",,2000,0,0,,,,"missing_scenarios","not_evaluable"
"spatial_unit","428","occurrence","PTb_vs_P2",TRUE,"",252,"Substitution","between_minus_within",644,"stratum",0,2000,1508,0.754,0,,,"invalid_bootstrap_replicates","not_evaluable"
"spatial_unit","429","biomass","MEAN",TRUE,"",253,"Substitution","between_minus_within",645,"stratum",57.7993464052287,2000,1272,0.636,12.1173527287375,,,"invalid_bootstrap_replicates","not_evaluable"
"spatial_unit","429","biomass","PTa_vs_P1a",TRUE,"",254,"Substitution","between_minus_within",646,"stratum",52.1333333333333,2000,2000,1,15.348968028248,80.4769196428571,20.2142929292929,"ok","expected_direction"
"spatial_unit","429","biomass","PTa_vs_P1b",TRUE,"",255,"Substitution","between_minus_within",647,"stratum",46.7647058823529,2000,2000,1,15.3979387920337,74.6184640522875,14.1042780748664,"ok","expected_direction"
"spatial_unit","429","biomass","PTa_vs_P2",TRUE,"",256,"Substitution","between_minus_within",648,"stratum",64,2000,1272,0.636,12.9709878079798,,,"invalid_bootstrap_replicates","not_evaluable"
"spatial_unit","429","biomass","PTb_vs_P1a",TRUE,"",257,"Substitution","between_minus_within",649,"stratum",59.1333333333332,2000,1993,0.9965,19.0821563757445,,,"invalid_bootstrap_replicates","not_evaluable"
"spatial_unit","429","biomass","PTb_vs_P1b",TRUE,"",258,"Substitution","between_minus_within",650,"stratum",53.7647058823529,2000,1993,0.9965,20.3832979749668,,,"invalid_bootstrap_replicates","not_evaluable"
"spatial_unit","429","biomass","PTb_vs_P2",TRUE,"",259,"Substitution","between_minus_within",651,"stratum",70.9999999999999,2000,1272,0.636,15.4784323123045,,,"invalid_bootstrap_replicates","not_evaluable"
"spatial_unit","429","occurrence","MEAN",TRUE,"",260,"Substitution","between_minus_within",652,"stratum",59.2839869281045,2000,1272,0.636,14.1013204510127,,,"invalid_bootstrap_replicates","not_evaluable"
"spatial_unit","429","occurrence","PTa_vs_P1a",TRUE,"",261,"Substitution","between_minus_within",653,"stratum",44.7666666666667,2000,2000,1,15.6729374471946,72.1550000000001,11.0697178643725,"ok","expected_direction"
"spatial_unit","429","occurrence","PTa_vs_P1b",TRUE,"",262,"Substitution","between_minus_within",654,"stratum",45.7352941176471,2000,2000,1,15.2219620853901,72.5414751914753,13.3204146730463,"ok","expected_direction"
"spatial_unit","429","occurrence","PTa_vs_P2",TRUE,"",263,"Substitution","between_minus_within",655,"stratum",57.5,2000,1272,0.636,12.7556477413081,,,"invalid_bootstrap_replicates","not_evaluable"
"spatial_unit","429","occurrence","PTb_vs_P1a",TRUE,"",264,"Substitution","between_minus_within",656,"stratum",64.6666666666665,2000,1993,0.9965,21.3129352501605,,,"invalid_bootstrap_replicates","not_evaluable"
"spatial_unit","429","occurrence","PTb_vs_P1b",TRUE,"",265,"Substitution","between_minus_within",657,"stratum",65.6352941176469,2000,1993,0.9965,21.0279979585978,,,"invalid_bootstrap_replicates","not_evaluable"
"spatial_unit","429","occurrence","PTb_vs_P2",TRUE,"",266,"Substitution","between_minus_within",658,"stratum",77.3999999999998,2000,1272,0.636,16.1114654788011,,,"invalid_bootstrap_replicates","not_evaluable"
"spatial_unit","431","biomass","MEAN",TRUE,"",267,"Substitution","between_minus_within",659,"stratum",58.0168981481482,2000,1998,0.999,14.5489243839533,,,"invalid_bootstrap_replicates","not_evaluable"
"spatial_unit","431","biomass","PTa_vs_P1a",TRUE,"",268,"Substitution","between_minus_within",660,"stratum",47.8819444444445,2000,2000,1,15.4585044641295,73.8836274509803,13.9632352941176,"ok","expected_direction"
"spatial_unit","431","biomass","PTa_vs_P1b",TRUE,"",269,"Substitution","between_minus_within",661,"stratum",49.1375,2000,2000,1,14.8766566728119,74.3284595959595,15.4398826357466,"ok","expected_direction"
"spatial_unit","431","biomass","PTa_vs_P2",TRUE,"",270,"Substitution","between_minus_within",662,"stratum",52.1875,2000,2000,1,10.3170336546979,70.8374999999999,30.8453267973856,"ok","expected_direction"
"spatial_unit","431","biomass","PTb_vs_P1a",TRUE,"",271,"Substitution","between_minus_within",663,"stratum",64.4444444444445,2000,1998,0.999,20.993991956323,,,"invalid_bootstrap_replicates","not_evaluable"
"spatial_unit","431","biomass","PTb_vs_P1b",TRUE,"",272,"Substitution","between_minus_within",664,"stratum",65.7000000000001,2000,1998,0.999,20.2563251665219,,,"invalid_bootstrap_replicates","not_evaluable"
"spatial_unit","431","biomass","PTb_vs_P2",TRUE,"",273,"Substitution","between_minus_within",665,"stratum",68.7500000000001,2000,1998,0.999,16.2818214529805,,,"invalid_bootstrap_replicates","not_evaluable"
"spatial_unit","431","occurrence","MEAN",TRUE,"",274,"Substitution","between_minus_within",666,"stratum",79.306712962963,2000,1998,0.999,8.70471395121881,,,"invalid_bootstrap_replicates","not_evaluable"
"spatial_unit","431","occurrence","PTa_vs_P1a",TRUE,"",275,"Substitution","between_minus_within",667,"stratum",66.8263888888889,2000,2000,1,13.9989807684123,91.2716666666664,35.6081101190478,"ok","expected_direction"
"spatial_unit","431","occurrence","PTa_vs_P1b",TRUE,"",276,"Substitution","between_minus_within",668,"stratum",67.9375,2000,2000,1,13.322320909722,91.2716666666664,37.7901988636364,"ok","expected_direction"
"spatial_unit","431","occurrence","PTa_vs_P2",TRUE,"",277,"Substitution","between_minus_within",669,"stratum",71.3125,2000,2000,1,12.3103069558617,92.7058823529412,44.6638461538462,"ok","expected_direction"
"spatial_unit","431","occurrence","PTb_vs_P1a",TRUE,"",278,"Substitution","between_minus_within",670,"stratum",88.0555555555556,2000,1998,0.999,10.7244376829812,,,"invalid_bootstrap_replicates","not_evaluable"
"spatial_unit","431","occurrence","PTb_vs_P1b",TRUE,"",279,"Substitution","between_minus_within",671,"stratum",89.1666666666667,2000,1998,0.999,9.73509921218692,,,"invalid_bootstrap_replicates","not_evaluable"
"spatial_unit","431","occurrence","PTb_vs_P2",TRUE,"",280,"Substitution","between_minus_within",672,"stratum",92.5416666666667,2000,1998,0.999,6.26414860987795,,,"invalid_bootstrap_replicates","not_evaluable"
"spatial_unit","432","biomass","MEAN",TRUE,"",281,"Substitution","between_minus_within",673,"stratum",9.16666666666665,2000,1812,0.906,4.66218367732777,,,"invalid_bootstrap_replicates","not_evaluable"
"spatial_unit","432","biomass","PTa_vs_P1a",TRUE,"",282,"Substitution","between_minus_within",674,"stratum",18.3333333333333,2000,1812,0.906,9.32436735465555,,,"invalid_bootstrap_replicates","not_evaluable"
"spatial_unit","432","biomass","PTa_vs_P1b",TRUE,"",283,"Substitution","between_minus_within",675,"stratum",18.3333333333333,2000,1812,0.906,9.32436735465555,,,"invalid_bootstrap_replicates","not_evaluable"
"spatial_unit","432","biomass","PTa_vs_P2",TRUE,"",284,"Substitution","between_minus_within",676,"stratum",18.3333333333333,2000,1957,0.9785,10.219504513189,,,"invalid_bootstrap_replicates","not_evaluable"
"spatial_unit","432","biomass","PTb_vs_P1a",TRUE,"",285,"Substitution","between_minus_within",677,"stratum",0,2000,1812,0.906,0,,,"invalid_bootstrap_replicates","not_evaluable"
"spatial_unit","432","biomass","PTb_vs_P1b",TRUE,"",286,"Substitution","between_minus_within",678,"stratum",0,2000,1812,0.906,0,,,"invalid_bootstrap_replicates","not_evaluable"
"spatial_unit","432","biomass","PTb_vs_P2",TRUE,"",287,"Substitution","between_minus_within",679,"stratum",0,2000,1812,0.906,0,,,"invalid_bootstrap_replicates","not_evaluable"
"spatial_unit","432","occurrence","MEAN",TRUE,"",288,"Substitution","between_minus_within",680,"stratum",24.0555555555555,2000,1812,0.906,6.58162006965354,,,"invalid_bootstrap_replicates","not_evaluable"
"spatial_unit","432","occurrence","PTa_vs_P1a",TRUE,"",289,"Substitution","between_minus_within",681,"stratum",48.1111111111111,2000,1812,0.906,13.1632401393071,,,"invalid_bootstrap_replicates","not_evaluable"
"spatial_unit","432","occurrence","PTa_vs_P1b",TRUE,"",290,"Substitution","between_minus_within",682,"stratum",48.1111111111111,2000,1812,0.906,13.1632401393071,,,"invalid_bootstrap_replicates","not_evaluable"
"spatial_unit","432","occurrence","PTa_vs_P2",TRUE,"",291,"Substitution","between_minus_within",683,"stratum",48.1111111111111,2000,1957,0.9785,13.3672571495262,,,"invalid_bootstrap_replicates","not_evaluable"
"spatial_unit","432","occurrence","PTb_vs_P1a",TRUE,"",292,"Substitution","between_minus_within",684,"stratum",0,2000,1812,0.906,0,,,"invalid_bootstrap_replicates","not_evaluable"
"spatial_unit","432","occurrence","PTb_vs_P1b",TRUE,"",293,"Substitution","between_minus_within",685,"stratum",0,2000,1812,0.906,0,,,"invalid_bootstrap_replicates","not_evaluable"
"spatial_unit","432","occurrence","PTb_vs_P2",TRUE,"",294,"Substitution","between_minus_within",686,"stratum",0,2000,1812,0.906,0,,,"invalid_bootstrap_replicates","not_evaluable"
"spatial_unit","433","biomass","MEAN",TRUE,"",295,"Substitution","between_minus_within",687,"stratum",23.8782051282051,2000,1745,0.8725,8.48383740165021,,,"invalid_bootstrap_replicates","not_evaluable"
"spatial_unit","433","biomass","PTa_vs_P1a",TRUE,"",296,"Substitution","between_minus_within",688,"stratum",30.9230769230769,2000,2000,1,12.3494365377931,55.9285714285714,8.49999999999999,"ok","expected_direction"
"spatial_unit","433","biomass","PTa_vs_P1b",TRUE,"",297,"Substitution","between_minus_within",689,"stratum",30.9230769230769,2000,2000,1,12.3494365377931,55.9285714285714,8.49999999999999,"ok","expected_direction"
"spatial_unit","433","biomass","PTa_vs_P2",TRUE,"",298,"Substitution","between_minus_within",690,"stratum",30.9230769230769,2000,1745,0.8725,12.0187281094757,,,"invalid_bootstrap_replicates","not_evaluable"
"spatial_unit","433","biomass","PTb_vs_P1a",TRUE,"",299,"Substitution","between_minus_within",691,"stratum",16.8333333333333,2000,2000,1,16.2123951727931,50.25625,0,"ok","interval_includes_zero"
"spatial_unit","433","biomass","PTb_vs_P1b",TRUE,"",300,"Substitution","between_minus_within",692,"stratum",16.8333333333333,2000,2000,1,16.2123951727931,50.25625,0,"ok","interval_includes_zero"
"spatial_unit","433","biomass","PTb_vs_P2",TRUE,"",301,"Substitution","between_minus_within",693,"stratum",16.8333333333333,2000,1745,0.8725,15.4328076738287,,,"invalid_bootstrap_replicates","not_evaluable"
"spatial_unit","433","occurrence","MEAN",TRUE,"",302,"Substitution","between_minus_within",694,"stratum",42.5256410256411,2000,1745,0.8725,20.1462819408194,,,"invalid_bootstrap_replicates","not_evaluable"
"spatial_unit","433","occurrence","PTa_vs_P1a",TRUE,"",303,"Substitution","between_minus_within",695,"stratum",49.923076923077,2000,2000,1,14.0980052590679,76.3691287878787,22.2642582417583,"ok","expected_direction"
"spatial_unit","433","occurrence","PTa_vs_P1b",TRUE,"",304,"Substitution","between_minus_within",696,"stratum",49.7692307692309,2000,2000,1,14.1732168591837,76.3691287878787,21.993543956044,"ok","expected_direction"
"spatial_unit","433","occurrence","PTa_vs_P2",TRUE,"",305,"Substitution","between_minus_within",697,"stratum",17.7307692307693,2000,1745,0.8725,33.8109897106864,,,"invalid_bootstrap_replicates","not_evaluable"
"spatial_unit","433","occurrence","PTb_vs_P1a",TRUE,"",306,"Substitution","between_minus_within",698,"stratum",56.6923076923077,2000,2000,1,19.9117729519668,94.5152777777777,14.9789393939393,"ok","expected_direction"
"spatial_unit","433","occurrence","PTb_vs_P1b",TRUE,"",307,"Substitution","between_minus_within",699,"stratum",56.5384615384615,2000,2000,1,19.9398387504405,94.5152777777777,14.6743939393939,"ok","expected_direction"
"spatial_unit","433","occurrence","PTb_vs_P2",TRUE,"",308,"Substitution","between_minus_within",700,"stratum",24.5,2000,1745,0.8725,41.7402574660279,,,"invalid_bootstrap_replicates","not_evaluable"
"spatial_unit","434","biomass","MEAN",TRUE,"",309,"Substitution","between_minus_within",701,"stratum",36.8598484848485,2000,1296,0.648,7.38194764594842,,,"invalid_bootstrap_replicates","not_evaluable"
"spatial_unit","434","biomass","PTa_vs_P1a",TRUE,"",310,"Substitution","between_minus_within",702,"stratum",58.25,2000,2000,1,15.9474439680232,87.5071969696969,25.8003246753246,"ok","expected_direction"
"spatial_unit","434","biomass","PTa_vs_P1b",TRUE,"",311,"Substitution","between_minus_within",703,"stratum",58.2045454545455,2000,2000,1,15.9601364896315,87.50375,25.8330357142857,"ok","expected_direction"
"spatial_unit","434","biomass","PTa_vs_P2",TRUE,"",312,"Substitution","between_minus_within",704,"stratum",59.75,2000,1773,0.8865,14.913575899164,,,"invalid_bootstrap_replicates","not_evaluable"
"spatial_unit","434","biomass","PTb_vs_P1a",TRUE,"",313,"Substitution","between_minus_within",705,"stratum",14.5,2000,1296,0.648,1.12243665671814,,,"invalid_bootstrap_replicates","not_evaluable"
"spatial_unit","434","biomass","PTb_vs_P1b",TRUE,"",314,"Substitution","between_minus_within",706,"stratum",14.4545454545455,2000,1296,0.648,1.19784803803349,,,"invalid_bootstrap_replicates","not_evaluable"
"spatial_unit","434","biomass","PTb_vs_P2",TRUE,"",315,"Substitution","between_minus_within",707,"stratum",16,2000,1296,0.648,0,,,"invalid_bootstrap_replicates","not_evaluable"
"spatial_unit","434","occurrence","MEAN",TRUE,"",316,"Substitution","between_minus_within",708,"stratum",69.1700757575758,2000,1296,0.648,8.80463784261492,,,"invalid_bootstrap_replicates","not_evaluable"
"spatial_unit","434","occurrence","PTa_vs_P1a",TRUE,"",317,"Substitution","between_minus_within",709,"stratum",41.925,2000,2000,1,17.5288488392761,74.352288961039,5.60097402597402,"ok","expected_direction"
"spatial_unit","434","occurrence","PTa_vs_P1b",TRUE,"",318,"Substitution","between_minus_within",710,"stratum",42.8977272727272,2000,2000,1,17.1858270911647,74.8846153846154,7.18060606060599,"ok","expected_direction"
"spatial_unit","434","occurrence","PTa_vs_P2",TRUE,"",319,"Substitution","between_minus_within",711,"stratum",54.625,2000,1773,0.8865,14.9950752412553,,,"invalid_bootstrap_replicates","not_evaluable"
"spatial_unit","434","occurrence","PTb_vs_P1a",TRUE,"",320,"Substitution","between_minus_within",712,"stratum",87.3,2000,1296,0.648,9.2185873705537,,,"invalid_bootstrap_replicates","not_evaluable"
"spatial_unit","434","occurrence","PTb_vs_P1b",TRUE,"",321,"Substitution","between_minus_within",713,"stratum",88.2727272727273,2000,1296,0.648,8.58679985158803,,,"invalid_bootstrap_replicates","not_evaluable"
"spatial_unit","434","occurrence","PTb_vs_P2",TRUE,"",322,"Substitution","between_minus_within",714,"stratum",100,2000,1296,0.648,0,,,"invalid_bootstrap_replicates","not_evaluable"
"spatial_unit","435","biomass","MEAN",TRUE,"",323,"Substitution","between_minus_within",715,"stratum",-0.873015873015891,2000,1954,0.977,17.7059699121883,,,"invalid_bootstrap_replicates","not_evaluable"
"spatial_unit","435","biomass","PTa_vs_P1a",TRUE,"",324,"Substitution","between_minus_within",716,"stratum",9.3928571428571,2000,1995,0.9975,30.7389789722302,,,"invalid_bootstrap_replicates","not_evaluable"
"spatial_unit","435","biomass","PTa_vs_P1b",TRUE,"",325,"Substitution","between_minus_within",717,"stratum",9.3928571428571,2000,1995,0.9975,30.7389789722302,,,"invalid_bootstrap_replicates","not_evaluable"
"spatial_unit","435","biomass","PTa_vs_P2",TRUE,"",326,"Substitution","between_minus_within",718,"stratum",26.8095238095238,2000,1958,0.979,13.7767042692731,,,"invalid_bootstrap_replicates","not_evaluable"
"spatial_unit","435","biomass","PTb_vs_P1a",TRUE,"",327,"Substitution","between_minus_within",719,"stratum",-22.75,2000,1954,0.977,21.6631495635717,,,"invalid_bootstrap_replicates","not_evaluable"
"spatial_unit","435","biomass","PTb_vs_P1b",TRUE,"",328,"Substitution","between_minus_within",720,"stratum",-22.75,2000,1954,0.977,21.6631495635717,,,"invalid_bootstrap_replicates","not_evaluable"
"spatial_unit","435","biomass","PTb_vs_P2",TRUE,"",329,"Substitution","between_minus_within",721,"stratum",-5.33333333333333,2000,1958,0.979,4.81116688176403,,,"invalid_bootstrap_replicates","not_evaluable"
"spatial_unit","435","occurrence","MEAN",TRUE,"",330,"Substitution","between_minus_within",722,"stratum",25.8571428571429,2000,1954,0.977,29.7563393223175,,,"invalid_bootstrap_replicates","not_evaluable"
"spatial_unit","435","occurrence","PTa_vs_P1a",TRUE,"",331,"Substitution","between_minus_within",723,"stratum",25.9642857142858,2000,1995,0.9975,31.6602529482027,,,"invalid_bootstrap_replicates","not_evaluable"
"spatial_unit","435","occurrence","PTa_vs_P1b",TRUE,"",332,"Substitution","between_minus_within",724,"stratum",25.9642857142858,2000,1995,0.9975,31.6602529482027,,,"invalid_bootstrap_replicates","not_evaluable"
"spatial_unit","435","occurrence","PTa_vs_P2",TRUE,"",333,"Substitution","between_minus_within",725,"stratum",48.7142857142858,2000,1958,0.979,17.1366649133315,,,"invalid_bootstrap_replicates","not_evaluable"
"spatial_unit","435","occurrence","PTb_vs_P1a",TRUE,"",334,"Substitution","between_minus_within",726,"stratum",10.5833333333333,2000,1954,0.977,44.5808887976317,,,"invalid_bootstrap_replicates","not_evaluable"
"spatial_unit","435","occurrence","PTb_vs_P1b",TRUE,"",335,"Substitution","between_minus_within",727,"stratum",10.5833333333333,2000,1954,0.977,44.5808887976317,,,"invalid_bootstrap_replicates","not_evaluable"
"spatial_unit","435","occurrence","PTb_vs_P2",TRUE,"",336,"Substitution","between_minus_within",728,"stratum",33.3333333333333,2000,1958,0.979,30.0697930110252,,,"invalid_bootstrap_replicates","not_evaluable"
"spatial_unit","436","biomass","MEAN",TRUE,"",337,"Substitution","between_minus_within",729,"stratum",58.595238095238,2000,1941,0.9705,21.108382922792,,,"invalid_bootstrap_replicates","not_evaluable"
"spatial_unit","436","biomass","PTa_vs_P1a",TRUE,"",338,"Substitution","between_minus_within",730,"stratum",55.2857142857142,2000,2000,1,20.2656791993182,88.2005555555556,8.87767857142859,"ok","expected_direction"
"spatial_unit","436","biomass","PTa_vs_P1b",TRUE,"",339,"Substitution","between_minus_within",731,"stratum",55.2857142857142,2000,2000,1,20.2656791993182,88.2005555555556,8.87767857142859,"ok","expected_direction"
"spatial_unit","436","biomass","PTa_vs_P2",TRUE,"",340,"Substitution","between_minus_within",732,"stratum",69.5714285714285,2000,1999,0.9995,14.2455549278489,,,"invalid_bootstrap_replicates","not_evaluable"
"spatial_unit","436","biomass","PTb_vs_P1a",TRUE,"",341,"Substitution","between_minus_within",733,"stratum",52.3809523809523,2000,1941,0.9705,32.7442849896056,,,"invalid_bootstrap_replicates","not_evaluable"
"spatial_unit","436","biomass","PTb_vs_P1b",TRUE,"",342,"Substitution","between_minus_within",734,"stratum",52.3809523809523,2000,1941,0.9705,32.7442849896056,,,"invalid_bootstrap_replicates","not_evaluable"
"spatial_unit","436","biomass","PTb_vs_P2",TRUE,"",343,"Substitution","between_minus_within",735,"stratum",66.6666666666666,2000,1941,0.9705,30.3269472508264,,,"invalid_bootstrap_replicates","not_evaluable"
"spatial_unit","436","occurrence","MEAN",TRUE,"",344,"Substitution","between_minus_within",736,"stratum",61.5095238095238,2000,1941,0.9705,10.8182765006548,,,"invalid_bootstrap_replicates","not_evaluable"
"spatial_unit","436","occurrence","PTa_vs_P1a",TRUE,"",345,"Substitution","between_minus_within",737,"stratum",48.4285714285714,2000,2000,1,21.8271744696106,86.3374999999999,2.58184523809528,"ok","expected_direction"
"spatial_unit","436","occurrence","PTa_vs_P1b",TRUE,"",346,"Substitution","between_minus_within",738,"stratum",49,2000,2000,1,21.5025018288564,86.5,3.69430555555553,"ok","expected_direction"
"spatial_unit","436","occurrence","PTa_vs_P2",TRUE,"",347,"Substitution","between_minus_within",739,"stratum",59.6,2000,1999,0.9995,16.4907621033197,,,"invalid_bootstrap_replicates","not_evaluable"
"spatial_unit","436","occurrence","PTb_vs_P1a",TRUE,"",348,"Substitution","between_minus_within",740,"stratum",66.7619047619048,2000,1941,0.9705,16.0728037008029,,,"invalid_bootstrap_replicates","not_evaluable"
"spatial_unit","436","occurrence","PTb_vs_P1b",TRUE,"",349,"Substitution","between_minus_within",741,"stratum",67.3333333333334,2000,1941,0.9705,15.677292819982,,,"invalid_bootstrap_replicates","not_evaluable"
"spatial_unit","436","occurrence","PTb_vs_P2",TRUE,"",350,"Substitution","between_minus_within",742,"stratum",77.9333333333334,2000,1941,0.9705,11.0842763910878,,,"invalid_bootstrap_replicates","not_evaluable"
"spatial_unit","437","biomass","MEAN",TRUE,"",351,"Substitution","between_minus_within",743,"stratum",29.8214285714286,2000,1321,0.6605,15.0210090469248,,,"invalid_bootstrap_replicates","not_evaluable"
"spatial_unit","437","biomass","PTa_vs_P1a",TRUE,"",352,"Substitution","between_minus_within",744,"stratum",38.1428571428571,2000,1993,0.9965,14.9281004285885,,,"invalid_bootstrap_replicates","not_evaluable"
"spatial_unit","437","biomass","PTa_vs_P1b",TRUE,"",353,"Substitution","between_minus_within",745,"stratum",35.3928571428571,2000,2000,1,18.5190956237547,73.7464285714284,0.108333333333274,"ok","expected_direction"
"spatial_unit","437","biomass","PTa_vs_P2",TRUE,"",354,"Substitution","between_minus_within",746,"stratum",43.1428571428571,2000,1326,0.663,15.4883010163525,,,"invalid_bootstrap_replicates","not_evaluable"
"spatial_unit","437","biomass","PTb_vs_P1a",TRUE,"",355,"Substitution","between_minus_within",747,"stratum",20,2000,1982,0.991,20.0097736043101,,,"invalid_bootstrap_replicates","not_evaluable"
"spatial_unit","437","biomass","PTb_vs_P1b",TRUE,"",356,"Substitution","between_minus_within",748,"stratum",17.25,2000,1989,0.9945,26.0362220780102,,,"invalid_bootstrap_replicates","not_evaluable"
"spatial_unit","437","biomass","PTb_vs_P2",TRUE,"",357,"Substitution","between_minus_within",749,"stratum",25,2000,1326,0.663,19.486194069253,,,"invalid_bootstrap_replicates","not_evaluable"
"spatial_unit","437","occurrence","MEAN",TRUE,"",358,"Substitution","between_minus_within",750,"stratum",64.9999999999999,2000,1321,0.6605,11.1459912060345,,,"invalid_bootstrap_replicates","not_evaluable"
"spatial_unit","437","occurrence","PTa_vs_P1a",TRUE,"",359,"Substitution","between_minus_within",751,"stratum",76.9999999999998,2000,1993,0.9965,13.2863408853527,,,"invalid_bootstrap_replicates","not_evaluable"
"spatial_unit","437","occurrence","PTa_vs_P1b",TRUE,"",360,"Substitution","between_minus_within",752,"stratum",76.9999999999998,2000,2000,1,13.3418342753156,98.375,48.4272321428572,"ok","expected_direction"
"spatial_unit","437","occurrence","PTa_vs_P2",TRUE,"",361,"Substitution","between_minus_within",753,"stratum",76.9999999999998,2000,1326,0.663,12.8300736417499,,,"invalid_bootstrap_replicates","not_evaluable"
"spatial_unit","437","occurrence","PTb_vs_P1a",TRUE,"",362,"Substitution","between_minus_within",754,"stratum",53,2000,1982,0.991,15.2701125056617,,,"invalid_bootstrap_replicates","not_evaluable"
"spatial_unit","437","occurrence","PTb_vs_P1b",TRUE,"",363,"Substitution","between_minus_within",755,"stratum",53,2000,1989,0.9945,15.2590357139119,,,"invalid_bootstrap_replicates","not_evaluable"
"spatial_unit","437","occurrence","PTb_vs_P2",TRUE,"",364,"Substitution","between_minus_within",756,"stratum",53,2000,1326,0.663,12.7727167099286,,,"invalid_bootstrap_replicates","not_evaluable"
"spatial_unit","438","biomass","MEAN",FALSE,"P1a",365,"Substitution","between_minus_within",757,"stratum",,2000,0,0,,,,"missing_scenarios","not_evaluable"
"spatial_unit","438","biomass","PTa_vs_P1a",FALSE,"P1a",366,"Substitution","between_minus_within",758,"stratum",,2000,0,0,,,,"missing_scenarios","not_evaluable"
"spatial_unit","438","biomass","PTa_vs_P1b",TRUE,"",367,"Substitution","between_minus_within",759,"stratum",50,2000,1377,0.6885,21.2901789811277,,,"invalid_bootstrap_replicates","not_evaluable"
"spatial_unit","438","biomass","PTa_vs_P2",TRUE,"",368,"Substitution","between_minus_within",760,"stratum",50,2000,1377,0.6885,21.2901789811277,,,"invalid_bootstrap_replicates","not_evaluable"
"spatial_unit","438","biomass","PTb_vs_P1a",FALSE,"P1a",369,"Substitution","between_minus_within",761,"stratum",,2000,0,0,,,,"missing_scenarios","not_evaluable"
"spatial_unit","438","biomass","PTb_vs_P1b",TRUE,"",370,"Substitution","between_minus_within",762,"stratum",0,2000,1377,0.6885,0,,,"invalid_bootstrap_replicates","not_evaluable"
"spatial_unit","438","biomass","PTb_vs_P2",TRUE,"",371,"Substitution","between_minus_within",763,"stratum",0,2000,1377,0.6885,0,,,"invalid_bootstrap_replicates","not_evaluable"
"spatial_unit","438","occurrence","MEAN",FALSE,"P1a",372,"Substitution","between_minus_within",764,"stratum",,2000,0,0,,,,"missing_scenarios","not_evaluable"
"spatial_unit","438","occurrence","PTa_vs_P1a",FALSE,"P1a",373,"Substitution","between_minus_within",765,"stratum",,2000,0,0,,,,"missing_scenarios","not_evaluable"
"spatial_unit","438","occurrence","PTa_vs_P1b",TRUE,"",374,"Substitution","between_minus_within",766,"stratum",89,2000,1377,0.6885,4.31304922431992,,,"invalid_bootstrap_replicates","not_evaluable"
"spatial_unit","438","occurrence","PTa_vs_P2",TRUE,"",375,"Substitution","between_minus_within",767,"stratum",89,2000,1377,0.6885,4.31304922431992,,,"invalid_bootstrap_replicates","not_evaluable"
"spatial_unit","438","occurrence","PTb_vs_P1a",FALSE,"P1a",376,"Substitution","between_minus_within",768,"stratum",,2000,0,0,,,,"missing_scenarios","not_evaluable"
"spatial_unit","438","occurrence","PTb_vs_P1b",TRUE,"",377,"Substitution","between_minus_within",769,"stratum",0,2000,1377,0.6885,0,,,"invalid_bootstrap_replicates","not_evaluable"
"spatial_unit","438","occurrence","PTb_vs_P2",TRUE,"",378,"Substitution","between_minus_within",770,"stratum",0,2000,1377,0.6885,0,,,"invalid_bootstrap_replicates","not_evaluable"
"spatial_unit","439","biomass","MEAN",TRUE,"",379,"Substitution","between_minus_within",771,"stratum",16.1666666666667,2000,1307,0.6535,6.4944299175991,,,"invalid_bootstrap_replicates","not_evaluable"
"spatial_unit","439","biomass","PTa_vs_P1a",TRUE,"",380,"Substitution","between_minus_within",772,"stratum",36.8333333333333,2000,1972,0.986,14.8552245087894,,,"invalid_bootstrap_replicates","not_evaluable"
"spatial_unit","439","biomass","PTa_vs_P1b",TRUE,"",381,"Substitution","between_minus_within",773,"stratum",30.0833333333333,2000,1997,0.9985,13.9016370349346,,,"invalid_bootstrap_replicates","not_evaluable"
"spatial_unit","439","biomass","PTa_vs_P2",TRUE,"",382,"Substitution","between_minus_within",774,"stratum",36.8333333333333,2000,1307,0.6535,14.5801084860936,,,"invalid_bootstrap_replicates","not_evaluable"
"spatial_unit","439","biomass","PTb_vs_P1a",TRUE,"",383,"Substitution","between_minus_within",775,"stratum",0,2000,1972,0.986,0,,,"invalid_bootstrap_replicates","not_evaluable"
"spatial_unit","439","biomass","PTb_vs_P1b",TRUE,"",384,"Substitution","between_minus_within",776,"stratum",-6.75,2000,1997,0.9985,6.31924582455578,,,"invalid_bootstrap_replicates","not_evaluable"
"spatial_unit","439","biomass","PTb_vs_P2",TRUE,"",385,"Substitution","between_minus_within",777,"stratum",0,2000,1307,0.6535,0,,,"invalid_bootstrap_replicates","not_evaluable"
"spatial_unit","439","occurrence","MEAN",TRUE,"",386,"Substitution","between_minus_within",778,"stratum",19.9583333333333,2000,1307,0.6535,14.5246169673875,,,"invalid_bootstrap_replicates","not_evaluable"
"spatial_unit","439","occurrence","PTa_vs_P1a",TRUE,"",387,"Substitution","between_minus_within",779,"stratum",46.6666666666667,2000,1972,0.986,18.9219548572559,,,"invalid_bootstrap_replicates","not_evaluable"
"spatial_unit","439","occurrence","PTa_vs_P1b",TRUE,"",388,"Substitution","between_minus_within",780,"stratum",21.9166666666667,2000,1997,0.9985,35.7470779624646,,,"invalid_bootstrap_replicates","not_evaluable"
"spatial_unit","439","occurrence","PTa_vs_P2",TRUE,"",389,"Substitution","between_minus_within",781,"stratum",46.6666666666667,2000,1307,0.6535,17.2118007608067,,,"invalid_bootstrap_replicates","not_evaluable"
"spatial_unit","439","occurrence","PTb_vs_P1a",TRUE,"",390,"Substitution","between_minus_within",782,"stratum",9.75,2000,1972,0.986,8.72209918845953,,,"invalid_bootstrap_replicates","not_evaluable"
"spatial_unit","439","occurrence","PTb_vs_P1b",TRUE,"",391,"Substitution","between_minus_within",783,"stratum",-15,2000,1997,0.9985,27.3122706157421,,,"invalid_bootstrap_replicates","not_evaluable"
"spatial_unit","439","occurrence","PTb_vs_P2",TRUE,"",392,"Substitution","between_minus_within",784,"stratum",9.75,2000,1307,0.6535,6.6736066267496,,,"invalid_bootstrap_replicates","not_evaluable"
