prey,mglm_p,indval,indval_p,indval_grp,share_early,share_late,d_share,direction,mglm_sig,iv_sig,n_criteria,level,axis
Decapoda,0.26326326326326327,0.6575341397485307,0.057057057057057055,2018-2019,0.11775896857703007,0.3346831754639979,0.21692420688696784,gained,FALSE,FALSE,0,Ecoregion: Baie des Chaleurs,Ecoregion
Amphipoda,0.001001001001001001,0.8886561503011051,0.001001001001001001,2018-2019,4.34543537661847e-5,0.16591996668623477,0.16587651233246858,gained,TRUE,TRUE,2,Ecoregion: Baie des Chaleurs,Ecoregion
Perciformes,0.2602602602602603,0.6071428571428571,0.011011011011011011,2004-2006,0.1317215936809359,0,-0.1317215936809359,lost,FALSE,TRUE,1,Ecoregion: Baie des Chaleurs,Ecoregion
Argis dentata,NA,0.6428571428571429,0.002002002002002002,2004-2006,0.11366360053246799,0,-0.11366360053246799,lost,FALSE,TRUE,1,Ecoregion: Baie des Chaleurs,Ecoregion
Eualus macilentus,NA,0.5917618671615548,0.01701701701701702,2004-2006,0.10921802981156496,0.016021933470417523,-0.09319609634114744,lost,FALSE,TRUE,1,Ecoregion: Baie des Chaleurs,Ecoregion
Gammaridae,0.2822822822822823,0.9642857142857143,0.001001001001001001,2004-2006,0.07050576949208957,0,-0.07050576949208957,lost,FALSE,TRUE,1,Ecoregion: Baie des Chaleurs,Ecoregion
Thoridae,0.993993993993994,0.19032057726996213,0.6366366366366366,2018-2019,0.009398177656358645,0.05606816198727452,0.046669984330915876,gained,FALSE,FALSE,0,Ecoregion: Baie des Chaleurs,Ecoregion
Pandalus montagui,NA,0.31459714323130816,0.16616616616616617,2004-2006,0.041853350291096804,9.088390135771682e-4,-0.040944511277519635,lost,FALSE,FALSE,0,Ecoregion: Baie des Chaleurs,Ecoregion
Euphausiacea,0.997997997997998,0.37053866480257497,0.7247247247247247,2018-2019,0.039480351896950885,0.0790684397424202,0.039588087845469314,gained,FALSE,FALSE,0,Ecoregion: Baie des Chaleurs,Ecoregion
Brachyura,0.998998998998999,0.10714285714285714,0.5575575575575575,2004-2006,0.039214759727749036,0,-0.039214759727749036,lost,FALSE,FALSE,0,Ecoregion: Baie des Chaleurs,Ecoregion
Crustacea,0.002002002002002002,0.9642569685180815,0.001001001001001001,2004-2006,0.039135274059301416,1.1666739583789066e-6,-0.03913410738534304,lost,TRUE,TRUE,2,Ecoregion: Baie des Chaleurs,Ecoregion
Arthropoda,0.013013013013013013,0.44415547139445755,0.005005005005005005,2018-2019,1.629652833644471e-5,0.025047983629255116,0.025031687100918673,gained,TRUE,TRUE,2,Ecoregion: Baie des Chaleurs,Ecoregion
Polychaeta,1,0.4411811841831733,0.993993993993994,2018-2019,0.07389810275523181,0.0968591278190689,0.022961025063837084,gained,FALSE,FALSE,0,Ecoregion: Baie des Chaleurs,Ecoregion
Pandalus,1,0.14362674840771997,0.7807807807807807,2018-2019,0.02119699232691763,0.03873575584166545,0.01753876351474782,gained,FALSE,FALSE,0,Ecoregion: Baie des Chaleurs,Ecoregion
Teleostei,1,0.36096297030131685,0.7797797797797797,2004-2006,0.12965100797388696,0.11407889491096081,-0.015572113062926149,lost,FALSE,FALSE,0,Ecoregion: Baie des Chaleurs,Ecoregion
Copepoda,0.7087087087087087,0.7294524112838894,0.06006006006006006,2018-2019,0.004164495454789625,0.019053364053884702,0.014888868599095077,gained,FALSE,FALSE,0,Ecoregion: Baie des Chaleurs,Ecoregion
Mysida,1,0.3833236804371562,1,2004-2006,0.020946330310146512,0.03174607591362065,0.010799745603474138,gained,FALSE,FALSE,0,Ecoregion: Baie des Chaleurs,Ecoregion
Mollusca,1,0.19509634628895914,0.7787787787787788,2004-2006,0.011498020615156054,0.0032357517412547393,-0.008262268873901316,lost,FALSE,FALSE,0,Ecoregion: Baie des Chaleurs,Ecoregion
Eualus,0.8088088088088088,0.32142857142857145,0.12812812812812813,2004-2006,0.006303544183260663,0,-0.006303544183260663,lost,FALSE,FALSE,0,Ecoregion: Baie des Chaleurs,Ecoregion
Crangon septemspinosa,NA,0.0881037159777948,0.9079079079079079,2018-2019,0.0018377399731234866,0.007037377316941564,0.005199637343818077,gained,FALSE,FALSE,0,Ecoregion: Baie des Chaleurs,Ecoregion
Crangonidae,0.998998998998999,0.20971840621026888,0.33733733733733734,2004-2006,0.0031606598340903624,6.883376354435549e-5,-0.0030918260705460067,lost,FALSE,FALSE,0,Ecoregion: Baie des Chaleurs,Ecoregion
Malacostraca,0.2982982982982983,0.2222222222222222,0.07107107107107107,2018-2019,0,0.0026836732327123257,0.0026836732327123257,gained,FALSE,FALSE,0,Ecoregion: Baie des Chaleurs,Ecoregion
Hyperiidae,1,0.25478999224390814,0.5195195195195195,2004-2006,0.004981417098938377,0.002699360594226448,-0.0022820565047119287,lost,FALSE,FALSE,0,Ecoregion: Baie des Chaleurs,Ecoregion
Amphilochida,0.023023023023023025,0.4388094387167065,0.002002002002002002,2018-2019,2.683765338390153e-5,0.0020899030430251157,0.002063065389641214,gained,TRUE,TRUE,2,Ecoregion: Baie des Chaleurs,Ecoregion
Oregoniidae,1,0.03335714419577826,1,2004-2006,0.0018986746373339902,1.3416750521357427e-4,-0.001764507132120416,lost,FALSE,FALSE,0,Ecoregion: Baie des Chaleurs,Ecoregion
Bivalvia,1,0.22458922218785443,0.7137137137137137,2004-2006,0.0038793287043381837,0.0022895983873847518,-0.001589730316953432,lost,FALSE,FALSE,0,Ecoregion: Baie des Chaleurs,Ecoregion
Diastylis,0.973973973973974,0.35714285714285715,0.12012012012012012,2004-2006,0.0015645241252790392,0,-0.0015645241252790392,lost,FALSE,FALSE,0,Ecoregion: Baie des Chaleurs,Ecoregion
plantae_chromista,0.993993993993994,0.4449560439638618,0.2672672672672673,2004-2006,0.0010633604139302436,1.3154459787425606e-4,-9.318158160559874e-4,lost,FALSE,FALSE,0,Ecoregion: Baie des Chaleurs,Ecoregion
other_phyla,1,0.12834378176163005,0.6366366366366366,2004-2006,9.189987680143113e-4,1.0392214397496087e-4,-8.150766240393504e-4,lost,FALSE,FALSE,0,Ecoregion: Baie des Chaleurs,Ecoregion
Cumacea,0.06406406406406406,0.4444444444444444,0.004004004004004004,2018-2019,0,8.072916830641542e-4,8.072916830641542e-4,gained,FALSE,TRUE,1,Ecoregion: Baie des Chaleurs,Ecoregion
Nematoda,0.5135135135135135,0.4689173334202278,0.10510510510510511,2018-2019,9.68517164722393e-5,5.241964517046075e-4,4.273447352323682e-4,gained,FALSE,FALSE,0,Ecoregion: Baie des Chaleurs,Ecoregion
Echinozoa,0.998998998998999,0.10714285714285714,0.5345345345345346,2004-2006,3.705478725847824e-4,0,-3.705478725847824e-4,lost,FALSE,FALSE,0,Ecoregion: Baie des Chaleurs,Ecoregion
Echinodermata,0.993993993993994,0.17857142857142858,0.3383383383383383,2004-2006,3.313319537832659e-4,0,-3.313319537832659e-4,lost,FALSE,FALSE,0,Ecoregion: Baie des Chaleurs,Ecoregion
egg_larvae,0.998998998998999,0.14285714285714285,0.46346346346346345,2004-2006,1.9752173913979072e-4,0,-1.9752173913979072e-4,lost,FALSE,FALSE,0,Ecoregion: Baie des Chaleurs,Ecoregion
Eumalacostraca,1,0.07844785378144295,0.7947947947947948,2004-2006,4.085282550862525e-6,1.4943327430718995e-6,-2.5909498077906256e-6,lost,FALSE,FALSE,0,Ecoregion: Baie des Chaleurs,Ecoregion
Pandalus,0.002002002002002002,0.5176904803517364,0.001001001001001001,2004-2006,0.2773843523962607,0.03111299949679789,-0.2462713528994628,lost,TRUE,TRUE,2,Ecoregion: Central,Ecoregion
Teleostei,0.001001001001001001,0.6927459323720055,0.001001001001001001,2018-2019,0.09959785568897161,0.3329054536355435,0.2333075979465719,gained,TRUE,TRUE,2,Ecoregion: Central,Ecoregion
Perciformes,0.01001001001001001,0.2510826313274803,0.02002002002002002,2018-2019,0.011201609759513525,0.18047505619100396,0.16927344643149042,gained,TRUE,TRUE,2,Ecoregion: Central,Ecoregion
Caridea,0.001001001001001001,0.6711782308385331,0.001001001001001001,2004-2006,0.124099347867245,0.0047687841773693855,-0.11933056368987562,lost,TRUE,TRUE,2,Ecoregion: Central,Ecoregion
Gammaridae,0.001001001001001001,0.9696969696969697,0.001001001001001001,2004-2006,0.09602791204126479,0,-0.09602791204126479,lost,TRUE,TRUE,2,Ecoregion: Central,Ecoregion
Mollusca,0.97997997997998,0.16079283691249452,0.5415415415415415,2004-2006,0.04641971299971142,0.0016957315800468244,-0.0447239814196646,lost,FALSE,FALSE,0,Ecoregion: Central,Ecoregion
Amphipoda,0.001001001001001001,0.9081365588564235,0.001001001001001001,2018-2019,0.0011472528911899802,0.04134903432572712,0.04020178143453714,gained,TRUE,TRUE,2,Ecoregion: Central,Ecoregion
Crustacea,0.008008008008008008,0.6818850219559651,0.002002002002002002,2004-2006,0.04038898042984258,0.01076538000669166,-0.029623600423150924,lost,TRUE,TRUE,2,Ecoregion: Central,Ecoregion
Thoridae,0.12312312312312312,0.19700292701561387,0.007007007007007007,2018-2019,3.6182840363047346e-4,0.023783623209693162,0.023421794806062688,gained,FALSE,TRUE,1,Ecoregion: Central,Ecoregion
Brachyura,0.004004004004004004,0.3625037317135741,0.001001001001001001,2018-2019,2.543477242250715e-4,0.022148316085493645,0.021893968361268574,gained,TRUE,TRUE,2,Ecoregion: Central,Ecoregion
Vertebrata,0.6556556556556556,0.06503763554877345,0.08808808808808809,2018-2019,5.120551168297536e-4,0.02044335046977363,0.019931295352943874,gained,FALSE,FALSE,0,Ecoregion: Central,Ecoregion
Hyperiidae,0.8748748748748749,0.5383618093354476,0.1091091091091091,2004-2006,0.0338626362316101,0.014741447655595352,-0.019121188576014747,lost,FALSE,FALSE,0,Ecoregion: Central,Ecoregion
Oregoniidae,0.923923923923924,0.30145759098998764,0.026026026026026026,2018-2019,0.021792355653772185,0.03976458926651175,0.017972233612739568,gained,FALSE,TRUE,1,Ecoregion: Central,Ecoregion
Malacostraca,0.008008008008008008,0.26666666666666666,0.001001001001001001,2018-2019,0,0.017753659215639966,0.017753659215639966,gained,TRUE,TRUE,2,Ecoregion: Central,Ecoregion
Argis dentata,NA,0.15151515151515152,0.07307307307307308,2004-2006,0.01716759276821815,0,-0.01716759276821815,lost,FALSE,FALSE,0,Ecoregion: Central,Ecoregion
Arthropoda,0.001001001001001001,0.6253785482498089,0.001001001001001001,2018-2019,2.0785457218378656e-4,0.01634082998277427,0.016132975410590483,gained,TRUE,TRUE,2,Ecoregion: Central,Ecoregion
Pandalus montagui,NA,0.050926101382796,0.6686686686686687,2004-2006,0.015370420940762818,0.002921587239373081,-0.012448833701389737,lost,FALSE,FALSE,0,Ecoregion: Central,Ecoregion
Echinodermata,0.7747747747747747,0.3655762776240871,0.011011011011011011,2018-2019,0.004054383595612126,0.014661991876594137,0.01060760828098201,gained,FALSE,TRUE,1,Ecoregion: Central,Ecoregion
egg_larvae,0.01001001001001001,0.4458384391606639,0.001001001001001001,2018-2019,4.985824479255498e-4,0.010672402167297555,0.010173819719372005,gained,TRUE,TRUE,2,Ecoregion: Central,Ecoregion
Decapoda,0.998998998998999,0.43695765860435454,0.6826826826826827,2004-2006,0.060526927238829506,0.05070800769133026,-0.009818919547499243,lost,FALSE,FALSE,0,Ecoregion: Central,Ecoregion
Polychaeta,0.998998998998999,0.49578965971481886,0.7057057057057057,2018-2019,0.06243680888903885,0.07074842147018504,0.008311612581146183,gained,FALSE,FALSE,0,Ecoregion: Central,Ecoregion
Crangonidae,0.8658658658658659,0.1499769396045837,0.12612612612612611,2004-2006,0.008115345200034851,8.323360029865241e-5,-0.008032111599736198,lost,FALSE,FALSE,0,Ecoregion: Central,Ecoregion
Cumacea,0.004004004004004004,0.4666666666666667,0.001001001001001001,2018-2019,0,0.006946583240406063,0.006946583240406063,gained,TRUE,TRUE,2,Ecoregion: Central,Ecoregion
Copepoda,0.9769769769769769,0.6838792761339149,0.1001001001001001,2004-2006,0.00891284629550451,0.002342734086773458,-0.006570112208731052,lost,FALSE,FALSE,0,Ecoregion: Central,Ecoregion
Mysida,0.994994994994995,0.30708779805448466,0.992992992992993,2004-2006,0.014936480153493054,0.021174381406933795,0.006237901253440741,gained,FALSE,FALSE,0,Ecoregion: Central,Ecoregion
Euphausiacea,0.998998998998999,0.30635940831787406,0.9039039039039038,2018-2019,0.03471670762280477,0.040858599462547135,0.0061418918397423625,gained,FALSE,FALSE,0,Ecoregion: Central,Ecoregion
Bivalvia,0.998998998998999,0.36797564755466056,0.7017017017017017,2004-2006,0.007295725952189564,0.002016793488309415,-0.005278932463880149,lost,FALSE,FALSE,0,Ecoregion: Central,Ecoregion
Annelida,0.16616616616616617,0.19190325285176726,0.004004004004004004,2018-2019,1.6696945370724784e-4,0.003957389394368962,0.0037904199406617145,gained,FALSE,TRUE,1,Ecoregion: Central,Ecoregion
Chordata,0.933933933933934,0.09192197814234816,0.07107107107107107,2018-2019,2.8741138149070703e-4,0.0032705312256892808,0.0029831198441985737,gained,FALSE,FALSE,0,Ecoregion: Central,Ecoregion
Amphilochida,0.14614614614614616,0.2751086568758143,0.003003003003003003,2018-2019,5.974223092637686e-4,0.0028227902512969333,0.002225367942033165,gained,FALSE,TRUE,1,Ecoregion: Central,Ecoregion
Nematoda,0.998998998998999,0.4076306861652945,0.7517517517517518,2004-2006,0.00794906453723314,0.0062332285075947244,-0.001715836029638416,lost,FALSE,FALSE,0,Ecoregion: Central,Ecoregion
Eualus,0.994994994994995,0.07432974720838965,0.4064064064064064,2004-2006,0.0010929226711973643,2.0994369691764485e-5,-0.0010719283015055998,lost,FALSE,FALSE,0,Ecoregion: Central,Ecoregion
Echinozoa,0.998998998998999,0.04721607856565939,0.982982982982983,2018-2019,5.914271198089945e-4,0.0014356825207417255,8.44255400932731e-4,gained,FALSE,FALSE,0,Ecoregion: Central,Ecoregion
Eumalacostraca,0.7837837837837838,0.24817744777170422,0.24524524524524524,2018-2019,1.947387901262343e-4,9.326012293406437e-4,7.378624392144095e-4,gained,FALSE,FALSE,0,Ecoregion: Central,Ecoregion
Diastylis,0.923923923923924,0.21037728224487995,0.05405405405405406,2004-2006,6.780891369843547e-4,5.621043737159994e-6,-6.724680932471948e-4,lost,FALSE,FALSE,0,Ecoregion: Central,Ecoregion
Eualus macilentus,NA,0.045454545454545456,0.5055055055055055,2004-2006,6.664412722756504e-4,0,-6.664412722756504e-4,lost,FALSE,FALSE,0,Ecoregion: Central,Ecoregion
plantae_chromista,0.97997997997998,0.24809945880876957,0.2752752752752753,2004-2006,4.4670433840811075e-4,7.162288446681993e-5,-3.750814539412908e-4,lost,FALSE,FALSE,0,Ecoregion: Central,Ecoregion
other_phyla,0.964964964964965,0.1683144924879366,0.06406406406406406,2018-2019,3.888610883969822e-5,6.654754436125041e-5,2.766143552155219e-5,gained,FALSE,FALSE,0,Ecoregion: Central,Ecoregion
Gammaridae,0.001001001001001001,0.9513899520841883,0.001001001001001001,2004-2006,0.09996101448293704,6.972191059664196e-6,-0.09995404229187738,lost,TRUE,TRUE,2,Ecoregion: Magdalen Shallows,Ecoregion
Amphipoda,0.001001001001001001,0.9119988944738527,0.001001001001001001,2018-2019,3.9853900294224383e-4,0.08800363306944853,0.08760509406650628,gained,TRUE,TRUE,2,Ecoregion: Magdalen Shallows,Ecoregion
Argis dentata,NA,0.43337747599501114,0.001001001001001001,2004-2006,0.09119855109495077,0.007890602005096396,-0.08330794908985438,lost,FALSE,TRUE,1,Ecoregion: Magdalen Shallows,Ecoregion
Mysida,0.001001001001001001,0.6830506588373675,0.001001001001001001,2004-2006,0.08685921673385104,0.018390311322441816,-0.06846890541140922,lost,TRUE,TRUE,2,Ecoregion: Magdalen Shallows,Ecoregion
Perciformes,0.26226226226226224,0.2182930775233542,0.08708708708708708,2018-2019,0.044749052799238395,0.09366800543008752,0.048918952630849125,gained,FALSE,FALSE,0,Ecoregion: Magdalen Shallows,Ecoregion
Crustacea,0.001001001001001001,0.824836595410103,0.001001001001001001,2004-2006,0.04845310702729488,7.367532792197741e-4,-0.047716353748075105,lost,TRUE,TRUE,2,Ecoregion: Magdalen Shallows,Ecoregion
Teleostei,0.3863863863863864,0.37568101988850927,0.08008008008008008,2018-2019,0.15510730660374455,0.18519762931802228,0.030090322714277723,gained,FALSE,FALSE,0,Ecoregion: Magdalen Shallows,Ecoregion
Euphausiacea,0.021021021021021023,0.3704807206720196,0.001001001001001001,2018-2019,0.028967157682114834,0.058211599680530274,0.02924444199841544,gained,TRUE,TRUE,2,Ecoregion: Magdalen Shallows,Ecoregion
Arthropoda,0.001001001001001001,0.4638073059076749,0.001001001001001001,2018-2019,4.30754684965972e-5,0.028185757915086134,0.02814268244658954,gained,TRUE,TRUE,2,Ecoregion: Magdalen Shallows,Ecoregion
Decapoda,0.34734734734734735,0.4562110168191222,0.014014014014014014,2018-2019,0.05429449214227682,0.07485890497207716,0.020564412829800337,gained,FALSE,TRUE,1,Ecoregion: Magdalen Shallows,Ecoregion
other_phyla,0.003003003003003003,0.23436322845719576,0.003003003003003003,2018-2019,0.0021519972040777158,0.021279392890446815,0.0191273956863691,gained,TRUE,TRUE,2,Ecoregion: Magdalen Shallows,Ecoregion
Eualus macilentus,NA,0.3564725795186214,0.001001001001001001,2004-2006,0.018275941243886325,3.899042815731945e-4,-0.01788603696231313,lost,FALSE,TRUE,1,Ecoregion: Magdalen Shallows,Ecoregion
Oregoniidae,0.47047047047047047,0.2862123068718041,0.01701701701701702,2018-2019,0.05486711577698561,0.07027335767736734,0.015406241900381729,gained,FALSE,TRUE,1,Ecoregion: Magdalen Shallows,Ecoregion
Copepoda,0.47047047047047047,0.3880610933941791,0.3213213213213213,2018-2019,0.02081033794879154,0.03591712287936668,0.01510678493057514,gained,FALSE,FALSE,0,Ecoregion: Magdalen Shallows,Ecoregion
Echinozoa,0.3863863863863864,0.20627399681034767,0.17017017017017017,2018-2019,0.01294624530281806,0.02754434158764631,0.014598096284828251,gained,FALSE,FALSE,0,Ecoregion: Magdalen Shallows,Ecoregion
Thoridae,0.3863863863863864,0.16908673700117444,0.1881881881881882,2018-2019,0.011102378449457379,0.024676647617498042,0.013574269168040663,gained,FALSE,FALSE,0,Ecoregion: Magdalen Shallows,Ecoregion
Bivalvia,0.008008008008008008,0.4298393748545823,0.002002002002002002,2004-2006,0.019022891217330723,0.006220109213048944,-0.012802782004281778,lost,TRUE,TRUE,2,Ecoregion: Magdalen Shallows,Ecoregion
Malacostraca,0.001001001001001001,0.16712458751299866,0.001001001001001001,2018-2019,4.4711127238633074e-5,0.01210391715783816,0.012059206030599526,gained,TRUE,TRUE,2,Ecoregion: Magdalen Shallows,Ecoregion
Pandalus montagui,NA,0.2152249829967897,0.03903903903903904,2004-2006,0.03717737380275225,0.026131670443288207,-0.011045703359464046,lost,FALSE,TRUE,1,Ecoregion: Magdalen Shallows,Ecoregion
Pandalus,0.1991991991991992,0.13536679347008093,0.22022022022022023,2018-2019,0.006702184852504993,0.01753824880734529,0.010836063954840297,gained,FALSE,FALSE,0,Ecoregion: Magdalen Shallows,Ecoregion
Hyperiidae,0.9519519519519519,0.23446578645570038,0.44244244244244246,2004-2006,0.026611397612869736,0.01663905348868017,-0.009972344124189566,lost,FALSE,FALSE,0,Ecoregion: Magdalen Shallows,Ecoregion
Amphilochida,0.001001001001001001,0.50712970995306,0.001001001001001001,2018-2019,4.1831251492897365e-4,0.006094928527261347,0.005676616012332374,gained,TRUE,TRUE,2,Ecoregion: Magdalen Shallows,Ecoregion
Crangon septemspinosa,NA,0.1206114210544128,0.03203203203203203,2018-2019,0.004283916641266052,0.009642940650222672,0.00535902400895662,gained,FALSE,TRUE,1,Ecoregion: Magdalen Shallows,Ecoregion
Eualus,0.001001001001001001,0.2445362087592619,0.001001001001001001,2004-2006,0.005413668947483454,3.896315532430316e-4,-0.005024037394240422,lost,TRUE,TRUE,2,Ecoregion: Magdalen Shallows,Ecoregion
Crangonidae,0.26226226226226224,0.1911547612582094,0.07707707707707707,2004-2006,0.015705710116489347,0.011216394649147645,-0.0044893154673417025,lost,FALSE,FALSE,0,Ecoregion: Magdalen Shallows,Ecoregion
Brachyura,0.4264264264264264,0.15916644560187654,0.001001001001001001,2018-2019,0.01590706437457217,0.020302959772519554,0.004395895397947384,gained,FALSE,TRUE,1,Ecoregion: Magdalen Shallows,Ecoregion
Mollusca,0.48148148148148145,0.20182798606698696,0.3843843843843844,2004-2006,0.013315060017640544,0.008942590857004586,-0.004372469160635958,lost,FALSE,FALSE,0,Ecoregion: Magdalen Shallows,Ecoregion
Polychaeta,0.96996996996997,0.43798028415499246,0.9209209209209209,2018-2019,0.0929615746239107,0.09692184036032098,0.003960265736410271,gained,FALSE,FALSE,0,Ecoregion: Magdalen Shallows,Ecoregion
Diastylis,0.001001001001001001,0.5659026435502406,0.001001001001001001,2004-2006,0.003622562788360727,1.317739626026534e-5,-0.0036093853921004616,lost,TRUE,TRUE,2,Ecoregion: Magdalen Shallows,Ecoregion
Annelida,0.001001001001001001,0.17552077249388712,0.001001001001001001,2018-2019,1.0366970245218193e-4,0.003550898845004833,0.003447229142552651,gained,TRUE,TRUE,2,Ecoregion: Magdalen Shallows,Ecoregion
Caridea,0.48148148148148145,0.024153522469439283,0.11811811811811812,2004-2006,0.002153784089530252,1.0550860737132606e-5,-0.0021432332287931195,lost,FALSE,FALSE,0,Ecoregion: Magdalen Shallows,Ecoregion
Echinodermata,0.96996996996997,0.13908587226368868,0.8358358358358359,2018-2019,0.012677512967993194,0.014819995353814635,0.00214248238582144,gained,FALSE,FALSE,0,Ecoregion: Magdalen Shallows,Ecoregion
Chordata,0.47047047047047047,0.08600725932282154,0.04804804804804805,2004-2006,0.002478980612967699,4.5927852788602057e-4,-0.0020197020850816786,lost,FALSE,TRUE,1,Ecoregion: Magdalen Shallows,Ecoregion
Cumacea,0.001001001001001001,0.47314728838328995,0.001001001001001001,2018-2019,1.5442228380899416e-5,0.0017102843696985897,0.0016948421413176904,gained,TRUE,TRUE,2,Ecoregion: Magdalen Shallows,Ecoregion
plantae_chromista,0.96996996996997,0.26900731575029335,0.6746746746746747,2004-2006,0.004518909997889543,0.0029017711749323473,-0.001617138822957196,lost,FALSE,FALSE,0,Ecoregion: Magdalen Shallows,Ecoregion
egg_larvae,0.014014014014014014,0.26381501812427727,0.042042042042042045,2018-2019,0.003479025904610782,0.00472495059965229,0.001245924695041508,gained,TRUE,TRUE,2,Ecoregion: Magdalen Shallows,Ecoregion
Pandalidae,0.26226226226226224,0.02486793874114044,0.031031031031031032,2018-2019,4.6562888736024666e-5,0.0012337849586688116,0.001187222069932787,gained,FALSE,TRUE,1,Ecoregion: Magdalen Shallows,Ecoregion
Nematoda,0.2882882882882883,0.27352777482358076,0.6456456456456456,2018-2019,0.0016752949380650377,0.002774151946315349,0.0010988570082503112,gained,FALSE,FALSE,0,Ecoregion: Magdalen Shallows,Ecoregion
Eumalacostraca,0.3063063063063063,0.2694745304271669,0.014014014014014014,2004-2006,0.0014788590681622791,4.259343701412311e-4,-0.001052924698021048,lost,FALSE,TRUE,1,Ecoregion: Magdalen Shallows,Ecoregion
Teleostei,0.997997997997998,0.4079107593546009,0.3023023023023023,2004-2006,0.2236463851636199,0.13705942202250834,-0.08658696314111156,lost,FALSE,FALSE,0,Ecoregion: Northumberland,Ecoregion
Decapoda,0.011011011011011011,0.7111421938285486,0.001001001001001001,2018-2019,0.027897044341488403,0.10504604345730907,0.07714899911582067,gained,TRUE,TRUE,2,Ecoregion: Northumberland,Ecoregion
Crangon septemspinosa,NA,0.4441428371951565,0.7137137137137137,2018-2019,0.18631406135466755,0.2325372775053445,0.046223216150676955,gained,FALSE,FALSE,0,Ecoregion: Northumberland,Ecoregion
Amphipoda,0.001001001001001001,0.8965459456080369,0.001001001001001001,2018-2019,1.676018157811598e-4,0.04350328957319778,0.04333568775741662,gained,TRUE,TRUE,2,Ecoregion: Northumberland,Ecoregion
Amphilochida,0.04604604604604605,0.5994539900487746,0.001001001001001001,2018-2019,3.102279329230804e-5,0.0340593375263512,0.034028314733058895,gained,TRUE,TRUE,2,Ecoregion: Northumberland,Ecoregion
Gammaridae,0.001001001001001001,0.9473684210526315,0.001001001001001001,2004-2006,0.03328304378740867,0,-0.03328304378740867,lost,TRUE,TRUE,2,Ecoregion: Northumberland,Ecoregion
Mollusca,0.8488488488488488,0.5889812873227068,0.01901901901901902,2004-2006,0.034210875883302454,9.457296272003942e-4,-0.03326514625610206,lost,FALSE,TRUE,1,Ecoregion: Northumberland,Ecoregion
Bivalvia,0.30930930930930933,0.7134909489365086,0.021021021021021023,2004-2006,0.029159111586761707,0.002029800121395021,-0.027129311465366686,lost,FALSE,TRUE,1,Ecoregion: Northumberland,Ecoregion
Arthropoda,0.001001001001001001,0.8483872435028946,0.001001001001001001,2018-2019,3.974033114692329e-5,0.02090531959297231,0.020865579261825386,gained,TRUE,TRUE,2,Ecoregion: Northumberland,Ecoregion
Brachyura,0.9579579579579579,0.2596834596902534,0.13313313313313313,2004-2006,0.02177206191576673,0.0024976354424483104,-0.019274426473318416,lost,FALSE,FALSE,0,Ecoregion: Northumberland,Ecoregion
Copepoda,1,0.5074083308043168,0.5365365365365365,2018-2019,0.06081636643937484,0.07860261284659519,0.017786246407220346,gained,FALSE,FALSE,0,Ecoregion: Northumberland,Ecoregion
Thoridae,0.015015015015015015,0.42325426557868295,0.003003003003003003,2018-2019,0.0011497921902734263,0.018195591169648615,0.01704579897937519,gained,TRUE,TRUE,2,Ecoregion: Northumberland,Ecoregion
Argis dentata,NA,0.08685843617720224,0.4984984984984985,2004-2006,0.02158535931899763,0.004573793277012921,-0.017011566041984706,lost,FALSE,FALSE,0,Ecoregion: Northumberland,Ecoregion
Oregoniidae,0.997997997997998,0.08253980455017948,0.46146146146146144,2018-2019,0.004506473876560292,0.02130351140975341,0.016797037533193115,gained,FALSE,FALSE,0,Ecoregion: Northumberland,Ecoregion
Crustacea,0.03203203203203203,0.6646421257065684,0.001001001001001001,2004-2006,0.02010846370157551,0.0037767254976795563,-0.016331738203895954,lost,TRUE,TRUE,2,Ecoregion: Northumberland,Ecoregion
Echinozoa,1,0.1726948108263775,0.7617617617617618,2004-2006,0.03775116468529136,0.02552791516891617,-0.012223249516375191,lost,FALSE,FALSE,0,Ecoregion: Northumberland,Ecoregion
Perciformes,1,0.17649988932884222,0.7267267267267268,2004-2006,0.05357063652521836,0.04227669333745482,-0.011293943187763542,lost,FALSE,FALSE,0,Ecoregion: Northumberland,Ecoregion
Crangonidae,0.997997997997998,0.22481773139572325,0.3353353353353353,2004-2006,0.015571325362421031,0.006300884672957335,-0.009270440689463696,lost,FALSE,FALSE,0,Ecoregion: Northumberland,Ecoregion
Chordata,1,0.16088421635683614,0.4024024024024024,2004-2006,0.010701505032318473,0.0015515917537708961,-0.009149913278547576,lost,FALSE,FALSE,0,Ecoregion: Northumberland,Ecoregion
Pandalus,1,0.10652781580139666,0.948948948948949,2018-2019,0.03263017179758223,0.024227838659018654,-0.008402333138563575,lost,FALSE,FALSE,0,Ecoregion: Northumberland,Ecoregion
Echinodermata,1,0.15317843352040722,0.9029029029029029,2018-2019,0.00349655050498578,0.011439090345517393,0.007942539840531613,gained,FALSE,FALSE,0,Ecoregion: Northumberland,Ecoregion
Polychaeta,1,0.48655483983005937,0.8918918918918919,2004-2006,0.10805721415343164,0.10234043062518716,-0.005716783528244479,lost,FALSE,FALSE,0,Ecoregion: Northumberland,Ecoregion
Pandalidae,0.8498498498498499,0.1,0.11011011011011011,2018-2019,0,0.005673440199247442,0.005673440199247442,gained,FALSE,FALSE,0,Ecoregion: Northumberland,Ecoregion
Pandalus montagui,NA,0.19842410718149583,0.5795795795795796,2004-2006,0.03834248343053901,0.032849360678740676,-0.005493122751798335,lost,FALSE,FALSE,0,Ecoregion: Northumberland,Ecoregion
Mysida,0.997997997997998,0.4300348396565683,0.3173173173173173,2018-2019,0.014138136821901324,0.019001729421800694,0.00486359259989937,gained,FALSE,FALSE,0,Ecoregion: Northumberland,Ecoregion
Annelida,0.8498498498498499,0.19874954311032555,0.02702702702702703,2018-2019,3.0200026987258157e-5,0.0048000387819843926,0.0047698387549971345,gained,FALSE,TRUE,1,Ecoregion: Northumberland,Ecoregion
other_phyla,0.998998998998999,0.3317553875855968,0.33633633633633636,2004-2006,0.00327094324598259,8.804264468788695e-4,-0.0023905167991037203,lost,FALSE,FALSE,0,Ecoregion: Northumberland,Ecoregion
Malacostraca,0.025025025025025027,0.4,0.001001001001001001,2018-2019,0,0.0020929168992078417,0.0020929168992078417,gained,TRUE,TRUE,2,Ecoregion: Northumberland,Ecoregion
Diastylis,0.23123123123123124,0.4473684210526316,0.003003003003003003,2004-2006,0.002005031930018753,0,-0.002005031930018753,lost,FALSE,TRUE,1,Ecoregion: Northumberland,Ecoregion
Euphausiacea,1,0.2803334990159021,0.4444444444444444,2018-2019,0.006594538230083385,0.008415802901905549,0.0018212646718221634,gained,FALSE,FALSE,0,Ecoregion: Northumberland,Ecoregion
egg_larvae,1,0.2272033934040533,0.6586586586586587,2004-2006,0.0027731124028465637,0.0014024253570807533,-0.0013706870457658104,lost,FALSE,FALSE,0,Ecoregion: Northumberland,Ecoregion
Hyperiidae,0.9079079079079079,0.22284313206056786,0.022022022022022022,2018-2019,1.7705928776018273e-4,0.0014529085729949427,0.00127584928523476,gained,FALSE,TRUE,1,Ecoregion: Northumberland,Ecoregion
Nematoda,1,0.2767757757020942,0.8168168168168168,2004-2006,0.0017963149911074429,7.655844569833491e-4,-0.0010307305341240938,lost,FALSE,FALSE,0,Ecoregion: Northumberland,Ecoregion
plantae_chromista,1,0.38863353732554573,0.7377377377377378,2004-2006,0.00407371148099229,0.0030982796334379547,-9.754318475543354e-4,lost,FALSE,FALSE,0,Ecoregion: Northumberland,Ecoregion
Cumacea,0.012012012012012012,0.4,0.001001001001001001,2018-2019,0,5.985774893816202e-4,5.985774893816202e-4,gained,TRUE,TRUE,2,Ecoregion: Northumberland,Ecoregion
Eumalacostraca,1,0.05783870266183947,0.7297297297297297,2004-2006,7.113305833383671e-5,2.596053997923157e-5,-4.5172518354605143e-5,lost,FALSE,FALSE,0,Ecoregion: Northumberland,Ecoregion
Eualus,1,0.048078227248695656,0.9059059059059059,2018-2019,2.6136253218100197e-4,2.4201498813765127e-4,-1.9347544043350697e-5,lost,FALSE,FALSE,0,Ecoregion: Northumberland,Ecoregion
Argis dentata,NA,0.452096978418167,0.001001001001001001,2004-2006,0.08610641875585563,0.010619372136356197,-0.07548704661949944,lost,FALSE,TRUE,1,Size class: adult,Size class
Perciformes,0.995995995995996,0.22336839492379976,0.7497497497497497,2018-2019,0.06170124885115896,0.11773830519813523,0.05603705634697627,gained,FALSE,FALSE,0,Size class: adult,Size class
Gammaridae,0.001001001001001001,0.9366732276737786,0.001001001001001001,2004-2006,0.04311364109853879,2.299339604782873e-5,-0.043090647702490964,lost,TRUE,TRUE,2,Size class: adult,Size class
Teleostei,0.997997997997998,0.39077123847846684,0.968968968968969,2018-2019,0.22505101322465076,0.26438585079108945,0.039334837566438685,gained,FALSE,FALSE,0,Size class: adult,Size class
Amphipoda,0.001001001001001001,0.8857092671272561,0.001001001001001001,2018-2019,3.2563201288050695e-4,0.036472465637497536,0.03614683362461703,gained,TRUE,TRUE,2,Size class: adult,Size class
Arthropoda,0.001001001001001001,0.5312132133508125,0.001001001001001001,2018-2019,4.361671343094031e-5,0.0330204162967848,0.03297679958335386,gained,TRUE,TRUE,2,Size class: adult,Size class
other_phyla,0.17117117117117117,0.2763498249549304,0.05105105105105105,2018-2019,0.0025764878137714596,0.03308219047661137,0.030505702662839914,gained,FALSE,FALSE,0,Size class: adult,Size class
Crustacea,0.001001001001001001,0.7986083898251443,0.001001001001001001,2004-2006,0.029414293864925684,0.0016325221014828158,-0.027781771763442868,lost,TRUE,TRUE,2,Size class: adult,Size class
Mysida,0.07407407407407407,0.5575836036319157,0.01001001001001001,2004-2006,0.046856862924148264,0.019579644707438126,-0.02727721821671014,lost,FALSE,TRUE,1,Size class: adult,Size class
Bivalvia,0.01701701701701702,0.6033398892140612,0.001001001001001001,2004-2006,0.02735434452912738,0.0011303884176390294,-0.02622395611148835,lost,TRUE,TRUE,2,Size class: adult,Size class
Caridea,0.5425425425425425,0.1256544502617801,0.031031031031031032,2004-2006,0.02411748898279552,0,-0.02411748898279552,lost,FALSE,TRUE,1,Size class: adult,Size class
Decapoda,0.995995995995996,0.4282174940374361,0.5735735735735735,2018-2019,0.05132106671466279,0.07444974322174128,0.023128676507078484,gained,FALSE,FALSE,0,Size class: adult,Size class
Eualus macilentus,NA,0.3706929186994937,0.003003003003003003,2004-2006,0.021688674734413337,0.0012858545456137266,-0.02040282018879961,lost,FALSE,TRUE,1,Size class: adult,Size class
Echinozoa,0.94994994994995,0.18698090368010647,0.7387387387387387,2018-2019,0.011036269736013566,0.030196439501263352,0.019160169765249785,gained,FALSE,FALSE,0,Size class: adult,Size class
Euphausiacea,0.94994994994995,0.31493406846471567,0.0960960960960961,2018-2019,0.021798007857078035,0.03935692501637049,0.017558917159292455,gained,FALSE,FALSE,0,Size class: adult,Size class
Mollusca,0.7487487487487487,0.3818618454880253,0.05305305305305305,2004-2006,0.019476450411086508,0.0029545922403434086,-0.0165218581707431,lost,FALSE,FALSE,0,Size class: adult,Size class
Pandalus montagui,NA,0.2581147610398351,0.15615615615615616,2004-2006,0.03692979660969947,0.020749696094183107,-0.016180100515516365,lost,FALSE,FALSE,0,Size class: adult,Size class
Brachyura,0.986986986986987,0.12018582500528131,0.1961961961961962,2018-2019,0.019081558429312195,0.03216296061110806,0.013081402181795862,gained,FALSE,FALSE,0,Size class: adult,Size class
Amphilochida,0.07407407407407407,0.3478263208301215,0.011011011011011011,2018-2019,5.433341144763768e-4,0.013619813848854282,0.013076479734377904,gained,FALSE,TRUE,1,Size class: adult,Size class
Pandalus,1,0.17573363241963533,0.5835835835835835,2004-2006,0.04110308494819517,0.028697814835616654,-0.012405270112578519,lost,FALSE,FALSE,0,Size class: adult,Size class
Crangonidae,0.1931931931931932,0.31887549313270597,0.007007007007007007,2004-2006,0.012844998323328265,0.0012853980389535655,-0.011559600284374699,lost,FALSE,TRUE,1,Size class: adult,Size class
Thoridae,0.94994994994995,0.18889540445704917,0.3993993993993994,2018-2019,0.009232583026542182,0.019885812307358097,0.010653229280815914,gained,FALSE,FALSE,0,Size class: adult,Size class
Copepoda,0.995995995995996,0.3282514866556564,0.8308308308308309,2018-2019,0.012875197014172808,0.01878857699850603,0.005913379984333221,gained,FALSE,FALSE,0,Size class: adult,Size class
Hyperiidae,0.995995995995996,0.21840939276428525,0.8228228228228228,2018-2019,0.00884450996424122,0.01348096295321041,0.0046364529889691905,gained,FALSE,FALSE,0,Size class: adult,Size class
Eualus,0.19119119119119118,0.24761770843747183,0.008008008008008008,2004-2006,0.0045162070465064414,2.5830266443476493e-4,-0.004257904382071676,lost,FALSE,TRUE,1,Size class: adult,Size class
Diastylis,0.14914914914914915,0.5340314136125655,0.003003003003003003,2004-2006,0.003991520876155784,0,-0.003991520876155784,lost,FALSE,TRUE,1,Size class: adult,Size class
Malacostraca,0.06806806806806807,0.12357929276364625,0.003003003003003003,2018-2019,9.629234764789932e-5,0.0029164016317630857,0.0028201092841151866,gained,FALSE,TRUE,1,Size class: adult,Size class
Polychaeta,0.997997997997998,0.46004457030598966,0.8168168168168168,2004-2006,0.0735460239392223,0.07125513084812284,-0.0022908930910994635,lost,FALSE,FALSE,0,Size class: adult,Size class
Nematoda,0.9109109109109109,0.35530314786153233,0.6296296296296297,2018-2019,0.003528996166879875,0.0057210950923362695,0.0021920989254563946,gained,FALSE,FALSE,0,Size class: adult,Size class
Annelida,0.01901901901901902,0.14732274731495026,0.001001001001001001,2018-2019,2.2961185152908304e-5,0.0020966015065940454,0.002073640321441137,gained,TRUE,TRUE,2,Size class: adult,Size class
Oregoniidae,1,0.24768128520706403,0.9169169169169169,2018-2019,0.06821948916060572,0.06991336313781531,0.0016938739772095895,gained,FALSE,FALSE,0,Size class: adult,Size class
Pandalidae,0.15915915915915915,0.06013346321330497,0.011011011011011011,2018-2019,9.104801720004124e-5,0.0014812101326145432,0.001390162115414502,gained,FALSE,TRUE,1,Size class: adult,Size class
Chordata,1,0.07205052205058841,0.8538538538538538,2004-2006,0.0045393539708862935,0.0033771747581472205,-0.001162179212739073,lost,FALSE,FALSE,0,Size class: adult,Size class
Cumacea,0.001001001001001001,0.45505860659135955,0.001001001001001001,2018-2019,3.246146379566833e-5,0.0011339860069146408,0.0011015245431189725,gained,TRUE,TRUE,2,Size class: adult,Size class
plantae_chromista,0.994994994994995,0.32433339900383346,0.4124124124124124,2004-2006,0.001727339805758161,9.495098110186344e-4,-7.778299947395266e-4,lost,FALSE,FALSE,0,Size class: adult,Size class
egg_larvae,0.995995995995996,0.15237359363516287,0.994994994994995,2004-2006,0.0034888871786891104,0.0028647105998190763,-6.241765788700341e-4,lost,FALSE,FALSE,0,Size class: adult,Size class
Crangon septemspinosa,NA,0.07847737012983134,0.9479479479479479,2018-2019,0.004897713417435859,0.00545509813107147,5.573847136356109e-4,gained,FALSE,FALSE,0,Size class: adult,Size class
Echinodermata,1,0.22444504097495677,0.8138138138138138,2018-2019,0.01761529653823182,0.01778019545789296,1.6489891966113904e-4,gained,FALSE,FALSE,0,Size class: adult,Size class
Eumalacostraca,1,0.14879926518988595,0.6616616616616616,2004-2006,2.4982823132626783e-4,1.9848084925030166e-4,-5.134738207596617e-5,lost,FALSE,FALSE,0,Size class: adult,Size class
Gammaridae,0.001001001001001001,0.948936170212766,0.001001001001001001,2004-2006,0.09899101507535268,0,-0.09899101507535268,lost,TRUE,TRUE,2,Size class: juvenile,Size class
Amphipoda,0.001001001001001001,0.9231079683904763,0.001001001001001001,2018-2019,4.6850273415425945e-4,0.07915837084679513,0.078689868112640865,gained,TRUE,TRUE,2,Size class: juvenile,Size class
Perciformes,0.001001001001001001,0.2503171385241185,0.004004004004004004,2018-2019,0.024111357906756448,0.10193929189468615,0.0778279339879297,gained,TRUE,TRUE,2,Size class: juvenile,Size class
Argis dentata,NA,0.30485566348493287,0.001001001001001001,2004-2006,0.057198654240227784,0.004278592054809307,-0.052920062185418476,lost,FALSE,TRUE,1,Size class: juvenile,Size class
Mysida,0.001001001001001001,0.5934516318667112,0.001001001001001001,2004-2006,0.06775762754387839,0.020181788110144774,-0.04757583943373361,lost,TRUE,TRUE,2,Size class: juvenile,Size class
Pandalus,0.24624624624624625,0.2296212407109784,0.007007007007007007,2004-2006,0.05794392781769128,0.017222870075490622,-0.04072105774220066,lost,FALSE,TRUE,1,Size class: juvenile,Size class
Crustacea,0.001001001001001001,0.7548741336014771,0.001001001001001001,2004-2006,0.04354205845257393,0.003339270834163077,-0.040202787618410854,lost,TRUE,TRUE,2,Size class: juvenile,Size class
Teleostei,0.45345345345345345,0.38363645340808056,0.03203203203203203,2018-2019,0.1408995952780857,0.1761643440827229,0.0352647488046372,gained,FALSE,TRUE,1,Size class: juvenile,Size class
Oregoniidae,0.18018018018018017,0.27403042955891144,0.001001001001001001,2018-2019,0.0345589891847406,0.06127962619582392,0.02672063701108332,gained,FALSE,TRUE,1,Size class: juvenile,Size class
Arthropoda,0.001001001001001001,0.5076275803268141,0.001001001001001001,2018-2019,1.2555012402840388e-5,0.020630304210568304,0.020617749198165464,gained,TRUE,TRUE,2,Size class: juvenile,Size class
Malacostraca,0.001001001001001001,0.23809359868118488,0.001001001001001001,2018-2019,1.2402562369385515e-7,0.018012354484991406,0.01801223045936771,gained,TRUE,TRUE,2,Size class: juvenile,Size class
Decapoda,0.7127127127127127,0.4672427683630193,0.02002002002002002,2018-2019,0.05793619216433774,0.0755827451445619,0.017646552980224155,gained,FALSE,TRUE,1,Size class: juvenile,Size class
Caridea,0.025025025025025027,0.12400561093891718,0.004004004004004004,2004-2006,0.01800524144614545,0.0011484040375820408,-0.01685683740856341,lost,TRUE,TRUE,2,Size class: juvenile,Size class
Mollusca,0.45545545545545546,0.25688148577037156,0.05805805805805806,2004-2006,0.02107674596291843,0.0047598095653954425,-0.016316936397522987,lost,FALSE,FALSE,0,Size class: juvenile,Size class
Euphausiacea,0.975975975975976,0.32198108284503646,0.06306306306306306,2018-2019,0.04187959002243061,0.057730776775595453,0.015851186753164846,gained,FALSE,FALSE,0,Size class: juvenile,Size class
Thoridae,0.17917917917917917,0.18572754964566487,0.037037037037037035,2018-2019,0.007423810719428306,0.02286418286921876,0.015440372149790453,gained,FALSE,TRUE,1,Size class: juvenile,Size class
Eualus macilentus,NA,0.24131955236465955,0.001001001001001001,2004-2006,0.012944838591007963,6.617474295945346e-5,-0.01287866384804851,lost,FALSE,TRUE,1,Size class: juvenile,Size class
Crangon septemspinosa,NA,0.152302939195241,0.15315315315315314,2018-2019,0.032587145380094155,0.04528317046811139,0.012696025088017232,gained,FALSE,FALSE,0,Size class: juvenile,Size class
Bivalvia,0.04804804804804805,0.49407751766998176,0.002002002002002002,2004-2006,0.014772607115852767,0.0029125528866480684,-0.011860054229204699,lost,TRUE,TRUE,2,Size class: juvenile,Size class
Hyperiidae,0.968968968968969,0.23831210663473046,0.3073073073073073,2004-2006,0.02192239915246049,0.010176339389009586,-0.011746059763450905,lost,FALSE,FALSE,0,Size class: juvenile,Size class
other_phyla,0.22322322322322322,0.22818097392418377,0.01901901901901902,2018-2019,0.002018356658857748,0.013656549744938422,0.011638193086080674,gained,FALSE,TRUE,1,Size class: juvenile,Size class
Pandalus montagui,NA,0.17821581719634383,0.06706706706706707,2004-2006,0.030473202820177743,0.0197325038425511,-0.010740698977626643,lost,FALSE,FALSE,0,Size class: juvenile,Size class
Copepoda,0.998998998998999,0.373167465746085,0.97997997997998,2018-2019,0.030711976021961306,0.03802041338640256,0.0073084373644412524,gained,FALSE,FALSE,0,Size class: juvenile,Size class
Amphilochida,0.001001001001001001,0.5312351628561117,0.001001001001001001,2018-2019,3.1770762423067645e-4,0.0069397506686917345,0.006622043044461058,gained,TRUE,TRUE,2,Size class: juvenile,Size class
Echinozoa,0.985985985985986,0.1687468796400587,0.5895895895895896,2018-2019,0.01810292529392438,0.024457297274481583,0.006354371980557202,gained,FALSE,FALSE,0,Size class: juvenile,Size class
Echinodermata,0.9769769769769769,0.14937048017755922,0.37537537537537535,2018-2019,0.008323158909576987,0.014012258495775769,0.005689099586198782,gained,FALSE,FALSE,0,Size class: juvenile,Size class
Annelida,0.011011011011011011,0.20600611718201922,0.001001001001001001,2018-2019,1.7831409918526753e-4,0.0044366645806439816,0.004258350481458714,gained,TRUE,TRUE,2,Size class: juvenile,Size class
Eualus,0.001001001001001001,0.21830742189032282,0.001001001001001001,2004-2006,0.00415261372731693,2.9931150153560127e-4,-0.003853302225781329,lost,TRUE,TRUE,2,Size class: juvenile,Size class
Brachyura,0.9769769769769769,0.13593439189310302,0.1921921921921922,2018-2019,0.016738063610460124,0.013107241958702767,-0.0036308216517573575,lost,FALSE,FALSE,0,Size class: juvenile,Size class
plantae_chromista,0.998998998998999,0.2780678005026175,0.7327327327327328,2004-2006,0.0067687340754463135,0.0034859924468293255,-0.003282741628616988,lost,FALSE,FALSE,0,Size class: juvenile,Size class
Crangonidae,0.992992992992993,0.11764243690213831,0.8398398398398398,2004-2006,0.010244430204031032,0.013471267588073287,0.0032268373840422544,gained,FALSE,FALSE,0,Size class: juvenile,Size class
Cumacea,0.001001001001001001,0.5079365079365079,0.001001001001001001,2018-2019,0,0.0031641099528803385,0.0031641099528803385,gained,TRUE,TRUE,2,Size class: juvenile,Size class
Polychaeta,0.994994994994995,0.45075820681060697,0.8318318318318318,2018-2019,0.10642639851961663,0.10949375270057451,0.003067354180957882,gained,FALSE,FALSE,0,Size class: juvenile,Size class
Diastylis,0.001001001001001001,0.5076010891455697,0.001001001001001001,2004-2006,0.0029328590565392033,1.7548632797269268e-5,-0.0029153104237419343,lost,TRUE,TRUE,2,Size class: juvenile,Size class
egg_larvae,0.06406406406406406,0.2856504636573989,0.008008008008008008,2018-2019,0.0035376275776966538,0.006363748504872106,0.002826120927175452,gained,FALSE,TRUE,1,Size class: juvenile,Size class
Vertebrata,0.968968968968969,0.007400540996263655,0.7647647647647647,2018-2019,1.438112243011223e-4,0.00198572109816745,0.0018419098738663277,gained,FALSE,FALSE,0,Size class: juvenile,Size class
Chordata,0.968968968968969,0.06233733232372607,0.16116116116116116,2004-2006,0.0020405835693322193,3.2744660193551137e-4,-0.001713136967396708,lost,FALSE,FALSE,0,Size class: juvenile,Size class
Pandalidae,0.5845845845845846,0.023631358415047946,0.07007007007007007,2018-2019,7.632931378869307e-6,0.0010124106182469851,0.0010047776868681159,gained,FALSE,FALSE,0,Size class: juvenile,Size class
Nematoda,0.968968968968969,0.2863023407115935,0.4134134134134134,2018-2019,0.0022450326184512057,0.0026187598912300915,3.7372727277888576e-4,gained,FALSE,FALSE,0,Size class: juvenile,Size class
Eumalacostraca,0.998998998998999,0.12742545733515878,0.955955955955956,2004-2006,6.035936313520557e-4,6.662818413919374e-4,6.268821003988163e-5,gained,FALSE,FALSE,0,Size class: juvenile,Size class
Gammaridae,0.001001001001001001,0.9915254237288136,0.001001001001001001,2004-2006,0.1632466268016233,0,-0.1632466268016233,lost,TRUE,TRUE,2,Size class: one_class,Size class
Teleostei,0.001001001001001001,0.5709545843208759,0.001001001001001001,2018-2019,0.05517189796596549,0.1959571543825088,0.1407852564165433,gained,TRUE,TRUE,2,Size class: one_class,Size class
Amphipoda,0.001001001001001001,0.8982074212400419,0.001001001001001001,2018-2019,6.373601182157e-4,0.13528716372101984,0.13464980360280415,gained,TRUE,TRUE,2,Size class: one_class,Size class
Argis dentata,NA,0.4149425214152254,0.003003003003003003,2004-2006,0.10865828861224386,0.00673917285403624,-0.10191911575820761,lost,FALSE,TRUE,1,Size class: one_class,Size class
Mysida,0.001001001001001001,0.781079691218285,0.001001001001001001,2004-2006,0.11036310443791028,0.016563429435054417,-0.09379967500285587,lost,TRUE,TRUE,2,Size class: one_class,Size class
Crustacea,0.001001001001001001,0.9022026870778933,0.001001001001001001,2004-2006,0.07320124761211556,3.7135801901918295e-4,-0.07282988959309639,lost,TRUE,TRUE,2,Size class: one_class,Size class
Decapoda,0.06606606606606606,0.5762076162332623,0.003003003003003003,2018-2019,0.06189927879343901,0.12855187445355037,0.06665259566011136,gained,FALSE,TRUE,1,Size class: one_class,Size class
Euphausiacea,0.012012012012012012,0.47880522737657377,0.001001001001001001,2018-2019,0.013361781625120592,0.04885565769943275,0.03549387607431216,gained,TRUE,TRUE,2,Size class: one_class,Size class
Arthropoda,0.001001001001001001,0.5577978797791913,0.001001001001001001,2018-2019,1.8771788120130852e-4,0.03295076576414162,0.03276304788294031,gained,TRUE,TRUE,2,Size class: one_class,Size class
Hyperiidae,0.9229229229229229,0.34178767954366085,0.3123123123123123,2004-2006,0.05511840241407972,0.028247421232609562,-0.026870981181470157,lost,FALSE,FALSE,0,Size class: one_class,Size class
Eualus macilentus,NA,0.30513700759947215,0.005005005005005005,2004-2006,0.02921356299959882,0.0032403919947004145,-0.025973171004898404,lost,FALSE,TRUE,1,Size class: one_class,Size class
Thoridae,0.47647647647647645,0.20430321893974274,0.1111111111111111,2018-2019,0.01183798979906165,0.03779590062220568,0.025957910823144033,gained,FALSE,FALSE,0,Size class: one_class,Size class
Copepoda,0.2932932932932933,0.579751035277648,0.057057057057057055,2018-2019,0.0162140483061033,0.041754701691481405,0.025540653385378104,gained,FALSE,FALSE,0,Size class: one_class,Size class
Crangonidae,0.2822822822822823,0.24390198610682545,0.021021021021021023,2004-2006,0.02394693570016482,0.0026788591993793876,-0.021268076500785434,lost,FALSE,TRUE,1,Size class: one_class,Size class
Oregoniidae,0.6266266266266266,0.27669463125750926,0.015015015015015015,2018-2019,0.026412467646880888,0.03913982370975907,0.01272735606287818,gained,FALSE,TRUE,1,Size class: one_class,Size class
Pandalus,0.8068068068068068,0.1281958907171213,0.12212212212212212,2018-2019,0.01215777067296921,0.023288032029019613,0.011130261356050403,gained,FALSE,FALSE,0,Size class: one_class,Size class
Bivalvia,0.9279279279279279,0.2744554938632946,0.34234234234234234,2018-2019,0.007113339500969945,0.016860885556425242,0.009747546055455296,gained,FALSE,FALSE,0,Size class: one_class,Size class
Polychaeta,0.998998998998999,0.46894825820592595,0.6416416416416416,2004-2006,0.08083749769332929,0.07109100804217466,-0.009746489651154627,lost,FALSE,FALSE,0,Size class: one_class,Size class
Brachyura,0.8068068068068068,0.1672895713642841,0.003003003003003003,2018-2019,0.007778190583406257,0.01698422482317954,0.009206034239773283,gained,FALSE,TRUE,1,Size class: one_class,Size class
Echinodermata,0.9279279279279279,0.13195441471389718,0.14114114114114115,2018-2019,0.002647516029373882,0.009009175335595207,0.006361659306221325,gained,FALSE,FALSE,0,Size class: one_class,Size class
Pandalus montagui,NA,0.14690739081046406,0.6416416416416416,2004-2006,0.04021728942492455,0.03402256680485504,-0.006194722620069509,lost,FALSE,FALSE,0,Size class: one_class,Size class
Mollusca,0.998998998998999,0.1436606385651179,0.6286286286286287,2018-2019,0.012698407217622778,0.018198608577314788,0.00550020135969201,gained,FALSE,FALSE,0,Size class: one_class,Size class
Eualus,0.6486486486486487,0.1582807866052552,0.04104104104104104,2004-2006,0.005513014781476074,3.9047676059161346e-4,-0.00512253802088446,lost,FALSE,TRUE,1,Size class: one_class,Size class
Amphilochida,0.001001001001001001,0.5306875688222875,0.001001001001001001,2018-2019,2.9887153765089736e-4,0.005236634817443145,0.004937763279792248,gained,TRUE,TRUE,2,Size class: one_class,Size class
Perciformes,0.998998998998999,0.14069881592716105,0.7437437437437437,2004-2006,0.06312455228626684,0.05854329929512121,-0.004581252991145632,lost,FALSE,FALSE,0,Size class: one_class,Size class
Echinozoa,0.9209209209209209,0.0979824166786987,0.48348348348348347,2018-2019,0.003861795673653051,0.007824556073035456,0.003962760399382405,gained,FALSE,FALSE,0,Size class: one_class,Size class
Crangon septemspinosa,NA,0.08716188642309398,0.06406406406406406,2018-2019,0.0025671379650344306,0.006431758469404018,0.003864620504369588,gained,FALSE,FALSE,0,Size class: one_class,Size class
Eumalacostraca,0.38038038038038036,0.44547054525746826,0.002002002002002002,2004-2006,0.0036898173288834758,3.049785649351515e-5,-0.0036593194723899608,lost,FALSE,TRUE,1,Size class: one_class,Size class
Annelida,0.07007007007007007,0.11914156454470393,0.002002002002002002,2018-2019,7.279748057415056e-5,0.003086929117941304,0.003014131637367153,gained,FALSE,TRUE,1,Size class: one_class,Size class
egg_larvae,0.002002002002002002,0.4094440696897149,0.001001001001001001,2018-2019,6.733395116820194e-4,0.003518274960649715,0.0028449354489676957,gained,TRUE,TRUE,2,Size class: one_class,Size class
Diastylis,0.008008008008008008,0.4491525423728814,0.001001001001001001,2004-2006,0.0017427565683190251,0,-0.0017427565683190251,lost,TRUE,TRUE,2,Size class: one_class,Size class
Malacostraca,0.002002002002002002,0.1951219512195122,0.001001001001001001,2018-2019,0,0.0016523134637518677,0.0016523134637518677,gained,TRUE,TRUE,2,Size class: one_class,Size class
Cumacea,0.001001001001001001,0.34099161835893194,0.001001001001001001,2018-2019,1.3733771860839703e-6,9.926108659658094e-4,9.912374887797253e-4,gained,TRUE,TRUE,2,Size class: one_class,Size class
Chordata,0.9229229229229229,0.08390342617464706,0.18118118118118118,2004-2006,8.51425034022595e-4,8.547760771603198e-6,-8.428772732509918e-4,lost,FALSE,FALSE,0,Size class: one_class,Size class
plantae_chromista,0.998998998998999,0.24702318912632334,0.6776776776776777,2004-2006,0.0013158823957922757,7.607287323319025e-4,-5.551536634603732e-4,lost,FALSE,FALSE,0,Size class: one_class,Size class
other_phyla,0.8068068068068068,0.12312868992844128,0.06806806806806807,2018-2019,6.16899600451344e-4,0.0010550715200114663,4.381719195601223e-4,gained,FALSE,FALSE,0,Size class: one_class,Size class
Nematoda,0.998998998998999,0.196018488216975,0.9109109109109109,2018-2019,7.136496348357428e-4,9.617971969394403e-4,2.4814756210369746e-4,gained,FALSE,FALSE,0,Size class: one_class,Size class
Caridea,0.998998998998999,0.01183232436902165,1,2018-2019,0.0020359649878517656,0.0019183271620850776,-1.1763782576668796e-4,lost,FALSE,FALSE,0,Size class: one_class,Size class
Mollusca,0.6706706706706707,1,0.01001001001001001,2004-2006,0.3346749680532937,0,-0.3346749680532937,lost,FALSE,TRUE,1,Predator: Alewife,Predator
Teleostei,1,0.22309535125139274,1,2004-2006,0.32167044383196214,0.15894683786341934,-0.1627236059685428,lost,FALSE,FALSE,0,Predator: Alewife,Predator
Euphausiacea,0.9819819819819819,0.42857142857142855,0.4864864864864865,2018-2019,0,0.15847323192313947,0.15847323192313947,gained,FALSE,FALSE,0,Predator: Alewife,Predator
Crustacea,0.8498498498498499,0.6666666666666666,0.07507507507507508,2004-2006,0.15133791405476366,0,-0.15133791405476366,lost,FALSE,FALSE,0,Predator: Alewife,Predator
Crangon septemspinosa,NA,0.5710525577955665,0.22322322322322322,2018-2019,8.72502461703374e-5,0.1325071004625467,0.13241985021637637,gained,FALSE,FALSE,0,Predator: Alewife,Predator
Decapoda,0.5795795795795796,0.856094827110264,0.042042042042042045,2018-2019,1.5005530388777306e-4,0.12257432081495698,0.1224242655110692,gained,FALSE,TRUE,1,Predator: Alewife,Predator
Copepoda,0.974974974974975,0.643073086202882,0.6886886886886887,2004-2006,0.08669149760547157,0.003180607100754025,-0.08351089050471755,lost,FALSE,FALSE,0,Predator: Alewife,Predator
Brachyura,0.985985985985986,0.4101463721354663,0.5065065065065065,2018-2019,0.0037962444921710837,0.08450535343621583,0.08070910894404475,gained,FALSE,FALSE,0,Predator: Alewife,Predator
Pandalus montagui,NA,0.2857142857142857,0.7837837837837838,2018-2019,0,0.07208622243625554,0.07208622243625554,gained,FALSE,FALSE,0,Predator: Alewife,Predator
other_phyla,0.944944944944945,0.3259477560033151,0.3153153153153153,2004-2006,0.060838350222488125,0.0013785225758521443,-0.05945982764663598,lost,FALSE,FALSE,0,Predator: Alewife,Predator
Hyperiidae,1,0.42857142857142855,0.42042042042042044,2018-2019,0,0.0448775019737529,0.0448775019737529,gained,FALSE,FALSE,0,Predator: Alewife,Predator
Polychaeta,1,0.570087733318512,0.4844844844844845,2018-2019,0.03324234379089855,0.06601886135829652,0.03277651756739797,gained,FALSE,FALSE,0,Predator: Alewife,Predator
Pandalus,1,0.2857142857142857,0.7227227227227228,2018-2019,0,0.031063158824059148,0.031063158824059148,gained,FALSE,FALSE,0,Predator: Alewife,Predator
Arthropoda,0.5795795795795796,1,0.011011011011011011,2018-2019,0,0.02953579404177801,0.02953579404177801,gained,FALSE,TRUE,1,Predator: Alewife,Predator
Perciformes,1,0.2857142857142857,0.7637637637637638,2018-2019,0,0.024018946364955652,0.024018946364955652,gained,FALSE,FALSE,0,Predator: Alewife,Predator
Thoridae,0.985985985985986,0.42857142857142855,0.43343343343343343,2018-2019,0,0.0219305754955056,0.0219305754955056,gained,FALSE,FALSE,0,Predator: Alewife,Predator
Oregoniidae,1,0.2857142857142857,0.7627627627627628,2018-2019,0,0.01919488213556505,0.01919488213556505,gained,FALSE,FALSE,0,Predator: Alewife,Predator
Amphipoda,0.05305305305305305,1,0.009009009009009009,2018-2019,0,0.015814647927754395,0.015814647927754395,gained,FALSE,TRUE,1,Predator: Alewife,Predator
Eualus macilentus,NA,0.2857142857142857,0.7567567567567568,2018-2019,0,0.009843049125909348,0.009843049125909348,gained,FALSE,FALSE,0,Predator: Alewife,Predator
egg_larvae,0.9409409409409409,0.3291034862312635,0.2922922922922923,2004-2006,0.007304410302422456,9.388092208880244e-5,-0.007210529380333654,lost,FALSE,FALSE,0,Predator: Alewife,Predator
Nematoda,0.974974974974975,0.6966689487765442,0.20520520520520522,2018-2019,3.7470854808172426e-5,0.0014818146393206796,0.0014443437845125073,gained,FALSE,FALSE,0,Predator: Alewife,Predator
Amphilochida,0.8978978978978979,0.5714285714285714,0.25925925925925924,2018-2019,0,9.258850612548123e-4,9.258850612548123e-4,gained,FALSE,FALSE,0,Predator: Alewife,Predator
Echinodermata,0.983983983983984,0.2857142857142857,0.5305305305305306,2018-2019,0,5.991944330268437e-4,5.991944330268437e-4,gained,FALSE,FALSE,0,Predator: Alewife,Predator
plantae_chromista,1,0.5644300376354608,0.5565565565565566,2018-2019,1.56243151470774e-4,5.884884032171418e-4,4.3224525174636783e-4,gained,FALSE,FALSE,0,Predator: Alewife,Predator
Cumacea,1,0.42857142857142855,0.4074074074074074,2018-2019,0,2.335174782814696e-4,2.335174782814696e-4,gained,FALSE,FALSE,0,Predator: Alewife,Predator
Bivalvia,1,0.2596522635160209,0.9379379379379379,2018-2019,1.2808090191643493e-5,1.276052020936042e-4,1.1479711190196071e-4,gained,FALSE,FALSE,0,Predator: Alewife,Predator
Amphipoda,0.001001001001001001,0.9552368657844161,0.001001001001001001,2018-2019,0.00167669790403476,0.15579621930476326,0.1541195214007285,gained,TRUE,TRUE,2,Predator: American plaice,Predator
Mysida,0.002002002002002002,0.7348771198349837,0.001001001001001001,2004-2006,0.19912487204509138,0.053363838265415846,-0.14576103377967553,lost,TRUE,TRUE,2,Predator: American plaice,Predator
Argis dentata,NA,0.47417689936298785,0.001001001001001001,2004-2006,0.12801478006286354,0.006971530146300366,-0.12104324991656318,lost,FALSE,TRUE,1,Predator: American plaice,Predator
Perciformes,0.5765765765765766,0.2805157909204288,0.07607607607607608,2018-2019,0.024291798538576163,0.10595619434312746,0.0816643958045513,gained,FALSE,FALSE,0,Predator: American plaice,Predator
Gammaridae,0.001001001001001001,0.9318181818181818,0.001001001001001001,2004-2006,0.07487748110603121,0,-0.07487748110603121,lost,TRUE,TRUE,2,Predator: American plaice,Predator
Teleostei,0.7937937937937938,0.3931836614588635,0.08808808808808809,2018-2019,0.04461134744372364,0.11063706455818363,0.06602571711446,gained,FALSE,FALSE,0,Predator: American plaice,Predator
Copepoda,0.93993993993994,0.4531865719413547,0.34134134134134136,2018-2019,0.019807464637432038,0.06748199588431682,0.04767453124688478,gained,FALSE,FALSE,0,Predator: American plaice,Predator
Polychaeta,0.995995995995996,0.4905915812115061,0.36536536536536535,2018-2019,0.08443816553106773,0.1229237797435998,0.03848561421253208,gained,FALSE,FALSE,0,Predator: American plaice,Predator
Hyperiidae,0.995995995995996,0.2580047590956647,0.6716716716716716,2004-2006,0.04759299024986106,0.015292993313370003,-0.032299996936491056,lost,FALSE,FALSE,0,Predator: American plaice,Predator
Crustacea,0.001001001001001001,0.8169228406558838,0.001001001001001001,2004-2006,0.03155703747966744,4.863323559428827e-5,-0.031508404244073154,lost,TRUE,TRUE,2,Predator: American plaice,Predator
Pandalus montagui,NA,0.18729439181730695,0.042042042042042045,2004-2006,0.03817671307887412,0.008148890243020769,-0.030027822835853347,lost,FALSE,TRUE,1,Predator: American plaice,Predator
Thoridae,0.93993993993994,0.13907961913524472,0.3333333333333333,2018-2019,0.007549849120634818,0.031500109804072085,0.023950260683437266,gained,FALSE,FALSE,0,Predator: American plaice,Predator
Oregoniidae,0.9669669669669669,0.22602377442416918,0.1881881881881882,2018-2019,0.042963740399050834,0.06335079937411894,0.02038705897506811,gained,FALSE,FALSE,0,Predator: American plaice,Predator
Euphausiacea,0.995995995995996,0.2642015407015998,0.6716716716716716,2004-2006,0.07159745051339726,0.05158235987485751,-0.020015090638539755,lost,FALSE,FALSE,0,Predator: American plaice,Predator
Echinodermata,0.995995995995996,0.16696913953837092,0.5285285285285285,2004-2006,0.053550950813817534,0.03391913382447859,-0.019631816989338947,lost,FALSE,FALSE,0,Predator: American plaice,Predator
Eualus macilentus,NA,0.4318181818181818,0.001001001001001001,2004-2006,0.018967799171894298,0,-0.018967799171894298,lost,FALSE,TRUE,1,Predator: American plaice,Predator
Arthropoda,0.026026026026026026,0.27478398128097103,0.002002002002002002,2018-2019,6.322984201792644e-5,0.016116080328629285,0.01605285048661136,gained,TRUE,TRUE,2,Predator: American plaice,Predator
Decapoda,0.995995995995996,0.4047506504145349,0.3983983983983984,2018-2019,0.03601797804662954,0.05116907214630906,0.015151094099679518,gained,FALSE,FALSE,0,Predator: American plaice,Predator
Amphilochida,0.002002002002002002,0.6595778288706973,0.001001001001001001,2018-2019,0.001590373058308538,0.016248035144560382,0.014657662086251844,gained,TRUE,TRUE,2,Predator: American plaice,Predator
Eualus,0.93993993993994,0.1486043120137983,0.1001001001001001,2004-2006,0.007823081963000677,5.520533511812466e-4,-0.00727102861181943,lost,FALSE,FALSE,0,Predator: American plaice,Predator
Mollusca,0.93993993993994,0.2463841457670372,0.1111111111111111,2004-2006,0.007159803369713881,1.0507496430407381e-4,-0.007054728405409807,lost,FALSE,FALSE,0,Predator: American plaice,Predator
Cumacea,0.008008008008008008,0.5172413793103449,0.001001001001001001,2018-2019,0,0.006373157478634713,0.006373157478634713,gained,TRUE,TRUE,2,Predator: American plaice,Predator
Pandalus,0.998998998998999,0.06302168620763153,0.997997997997998,2018-2019,0.008503671457611306,0.013256515545717006,0.004752844088105701,gained,FALSE,FALSE,0,Predator: American plaice,Predator
Crangonidae,0.998998998998999,0.07151142467058484,0.8118118118118118,2004-2006,0.020303848037245036,0.02486596443913345,0.004562116401888413,gained,FALSE,FALSE,0,Predator: American plaice,Predator
Annelida,0.5765765765765766,0.13793103448275862,0.021021021021021023,2018-2019,0,0.00418273989449666,0.00418273989449666,gained,FALSE,TRUE,1,Predator: American plaice,Predator
egg_larvae,0.001001001001001001,0.4365431168210044,0.001001001001001001,2018-2019,9.901392709719657e-5,0.0036840353583240935,0.003585021431226897,gained,TRUE,TRUE,2,Predator: American plaice,Predator
other_phyla,0.998998998998999,0.11497284767207182,0.6266266266266266,2018-2019,0.003133964475464273,0.00627289153305644,0.0031389270575921673,gained,FALSE,FALSE,0,Predator: American plaice,Predator
Malacostraca,0.08208208208208208,0.1724137931034483,0.004004004004004004,2018-2019,0,0.003039648506191624,0.003039648506191624,gained,FALSE,TRUE,1,Predator: American plaice,Predator
Brachyura,0.93993993993994,0.1464648723409168,0.11811811811811812,2018-2019,0.004831091810131537,0.007454980086475454,0.002623888276343917,gained,FALSE,FALSE,0,Predator: American plaice,Predator
Diastylis,0.008008008008008008,0.4090909090909091,0.002002002002002002,2004-2006,0.0020543791053815466,0,-0.0020543791053815466,lost,TRUE,TRUE,2,Predator: American plaice,Predator
Chordata,0.93993993993994,0.11363636363636363,0.14414414414414414,2004-2006,0.0014396035179157728,0,-0.0014396035179157728,lost,FALSE,FALSE,0,Predator: American plaice,Predator
Nematoda,0.8148148148148148,0.2668814976758883,0.07107107107107107,2018-2019,2.2455579182616104e-4,0.0013788585954647012,0.0011543028036385401,gained,FALSE,FALSE,0,Predator: American plaice,Predator
Echinozoa,0.987987987987988,0.11837564018025999,0.5535535535535535,2004-2006,0.009673776971285478,0.008899180031896872,-7.745969393886058e-4,lost,FALSE,FALSE,0,Predator: American plaice,Predator
Bivalvia,0.995995995995996,0.2707921491612387,0.5655655655655656,2004-2006,0.006158636641535554,0.006763545095813417,6.049084542778631e-4,gained,FALSE,FALSE,0,Predator: American plaice,Predator
Crangon septemspinosa,NA,0.039680927877526674,0.9719719719719719,2004-2006,0.0019229555618862353,0.002482539756398998,5.595841945127626e-4,gained,FALSE,FALSE,0,Predator: American plaice,Predator
plantae_chromista,0.997997997997998,0.10914195224262965,0.7157157157157157,2004-2006,1.8207324191417155e-4,8.332605672454823e-5,-9.874718518962332e-5,lost,FALSE,FALSE,0,Predator: American plaice,Predator
Eumalacostraca,0.8938938938938938,0.1158485697141865,0.22822822822822822,2018-2019,1.8825085017351462e-05,9.87597714686242e-5,7.993468645127273e-5,gained,FALSE,FALSE,0,Predator: American plaice,Predator
Argis dentata,NA,0.64604663949035,0.001001001001001001,2004-2006,0.12008751359706336,0.01833418285839223,-0.10175333073867113,lost,FALSE,TRUE,1,Predator: Atlantic cod,Predator
Oregoniidae,0.03203203203203203,0.6122582494070372,0.001001001001001001,2018-2019,0.07931183995967281,0.14490556360167947,0.06559372364200666,gained,TRUE,TRUE,2,Predator: Atlantic cod,Predator
Amphipoda,0.001001001001001001,0.9433136409876152,0.001001001001001001,2018-2019,2.548451877505207e-4,0.05928778826235706,0.05903294307460654,gained,TRUE,TRUE,2,Predator: Atlantic cod,Predator
Mysida,0.004004004004004004,0.7931931075730898,0.001001001001001001,2004-2006,0.05722998586721742,0.0077574370324511605,-0.04947254883476626,lost,TRUE,TRUE,2,Predator: Atlantic cod,Predator
Malacostraca,0.001001001001001001,0.3673154253544744,0.001001001001001001,2018-2019,1.2836021146329796e-4,0.04264428587155301,0.04251592566008971,gained,TRUE,TRUE,2,Predator: Atlantic cod,Predator
Eualus macilentus,NA,0.624113475177305,0.001001001001001001,2004-2006,0.03627156693365507,0,-0.03627156693365507,lost,FALSE,TRUE,1,Predator: Atlantic cod,Predator
Gammaridae,0.001001001001001001,0.9858156028368794,0.001001001001001001,2004-2006,0.0349526053713076,0,-0.0349526053713076,lost,TRUE,TRUE,2,Predator: Atlantic cod,Predator
Bivalvia,0.02902902902902903,0.6519718963144884,0.001001001001001001,2004-2006,0.03739553340553291,0.002470022067816811,-0.0349255113377161,lost,TRUE,TRUE,2,Predator: Atlantic cod,Predator
Crustacea,0.001001001001001001,0.7507823324433112,0.001001001001001001,2004-2006,0.03918541238577032,0.0111565537498314,-0.028028858635938923,lost,TRUE,TRUE,2,Predator: Atlantic cod,Predator
Pandalus,0.6186186186186187,0.23350697240684154,0.7157157157157157,2018-2019,0.008249983501339543,0.03442097289119916,0.026170989389859615,gained,FALSE,FALSE,0,Predator: Atlantic cod,Predator
Polychaeta,0.7027027027027027,0.567133936627873,0.0940940940940941,2018-2019,0.05083817087100504,0.07582703084033113,0.024988859969326087,gained,FALSE,FALSE,0,Predator: Atlantic cod,Predator
Thoridae,0.06106106106106106,0.38473387072537596,0.03303303303303303,2018-2019,0.010210426181679763,0.034080235116372516,0.023869808934692753,gained,FALSE,TRUE,1,Predator: Atlantic cod,Predator
Perciformes,0.6646646646646647,0.37390516076313474,0.1781781781781782,2004-2006,0.07561564043576764,0.052034433103074644,-0.023581207332692998,lost,FALSE,FALSE,0,Predator: Atlantic cod,Predator
Decapoda,0.8908908908908909,0.5194895659774997,0.3743743743743744,2018-2019,0.06476069569950804,0.08377888452203579,0.019018188822527746,gained,FALSE,FALSE,0,Predator: Atlantic cod,Predator
Arthropoda,0.001001001001001001,0.4996188425415444,0.001001001001001001,2018-2019,1.0472485475627764e-5,0.013727269284107085,0.013716796798631458,gained,TRUE,TRUE,2,Predator: Atlantic cod,Predator
Teleostei,0.990990990990991,0.4745527483865448,0.7737737737737738,2018-2019,0.2169298906969502,0.23055924472228878,0.013629354025338575,gained,FALSE,FALSE,0,Predator: Atlantic cod,Predator
Vertebrata,0.7417417417417418,0.025671833494588722,0.2182182182182182,2018-2019,2.3968537383520385e-4,0.0095552540980029,0.009315568724167696,gained,FALSE,FALSE,0,Predator: Atlantic cod,Predator
Mollusca,0.9619619619619619,0.30830103830843764,0.45345345345345345,2004-2006,0.021959511728938272,0.013401657715436274,-0.008557854013501998,lost,FALSE,FALSE,0,Predator: Atlantic cod,Predator
egg_larvae,0.1981981981981982,0.39237496134189165,0.07807807807807808,2018-2019,0.005027715415956439,0.012309941838598494,0.007282226422642055,gained,FALSE,FALSE,0,Predator: Atlantic cod,Predator
Copepoda,0.6726726726726727,0.5240234700699535,0.1921921921921922,2018-2019,0.0036549762116554556,0.010269512564624437,0.006614536352968981,gained,FALSE,FALSE,0,Predator: Atlantic cod,Predator
Eualus,0.02902902902902903,0.40178640178664143,0.002002002002002002,2004-2006,0.006347116309827295,3.751135749152018e-4,-0.005972002734912093,lost,TRUE,TRUE,2,Predator: Atlantic cod,Predator
Echinozoa,1,0.24979088798065144,0.3943943943943944,2004-2006,0.007434119776516897,0.0018531171721857323,-0.005581002604331165,lost,FALSE,FALSE,0,Predator: Atlantic cod,Predator
Euphausiacea,1,0.38198190850222247,0.14214214214214213,2018-2019,0.03188212883617924,0.03706773315824468,0.00518560432206544,gained,FALSE,FALSE,0,Predator: Atlantic cod,Predator
Amphilochida,0.001001001001001001,0.584820911168665,0.001001001001001001,2018-2019,4.0740058625284606e-4,0.005095517293437587,0.0046881167071847404,gained,TRUE,TRUE,2,Predator: Atlantic cod,Predator
Hyperiidae,0.982982982982983,0.279920317889565,0.6686686686686687,2018-2019,0.0159288619951095,0.0202599897933906,0.004331127798281098,gained,FALSE,FALSE,0,Predator: Atlantic cod,Predator
Crangonidae,0.7717717717717718,0.3125853168609807,0.24324324324324326,2004-2006,0.013243143569237009,0.009292224929592682,-0.0039509186396443265,lost,FALSE,FALSE,0,Predator: Atlantic cod,Predator
Crangon septemspinosa,NA,0.11711895790704856,0.08308308308308308,2018-2019,5.278627635817599e-4,0.004275434429172984,0.0037475716655912244,gained,FALSE,FALSE,0,Predator: Atlantic cod,Predator
plantae_chromista,0.5495495495495496,0.37465098998402624,0.3963963963963964,2018-2019,0.0010633618497800413,0.004022787177371617,0.002959425327591576,gained,FALSE,FALSE,0,Predator: Atlantic cod,Predator
Pandalus montagui,NA,0.26202406314831145,0.8068068068068068,2004-2006,0.03198840412776146,0.033814623601102,0.0018262194733405374,gained,FALSE,FALSE,0,Predator: Atlantic cod,Predator
Cumacea,0.001001001001001001,0.6170398423944666,0.001001001001001001,2018-2019,4.1882898603342855e-5,0.00177751087151007,0.0017356279729067272,gained,TRUE,TRUE,2,Predator: Atlantic cod,Predator
Echinodermata,1,0.21200148623605972,0.8098098098098098,2004-2006,0.010625263219365768,0.008924629066318681,-0.0017006341530470866,lost,FALSE,FALSE,0,Predator: Atlantic cod,Predator
Brachyura,0.5785785785785785,0.22423248862224307,0.013013013013013013,2018-2019,0.013491299819168995,0.012127347568939314,-0.0013639522502296806,lost,FALSE,TRUE,1,Predator: Atlantic cod,Predator
Diastylis,0.001001001001001001,0.6073022042288903,0.001001001001001001,2004-2006,0.0010259360096705307,4.437666108284206e-6,-0.0010214983435622466,lost,TRUE,TRUE,2,Predator: Atlantic cod,Predator
Nematoda,0.006006006006006006,0.5508334806550089,0.011011011011011011,2018-2019,3.259359496571473e-4,0.0013460819493397629,0.0010201459996826156,gained,TRUE,TRUE,2,Predator: Atlantic cod,Predator
Eumalacostraca,0.15615615615615616,0.3071624445671113,0.08708708708708708,2018-2019,1.0503016085636295e-4,9.232604083754892e-4,8.182302475191263e-4,gained,FALSE,FALSE,0,Predator: Atlantic cod,Predator
Caridea,1,0.03895468876121138,0.6296296296296297,2004-2006,7.442904932893227e-4,3.397702241525255e-4,-4.0452026913679717e-4,lost,FALSE,FALSE,0,Predator: Atlantic cod,Predator
other_phyla,1,0.16690297004545657,0.7457457457457457,2004-2006,0.00201830549699629,0.0016695354401620904,-3.4877005683419944e-4,lost,FALSE,FALSE,0,Predator: Atlantic cod,Predator
Annelida,1,0.05781482062916682,0.22322322322322322,2018-2019,2.8951234577309957e-4,1.6724738563117576e-4,-1.222649601419238e-4,lost,FALSE,FALSE,0,Predator: Atlantic cod,Predator
Chordata,1,0.04590278577568148,0.7197197197197197,2004-2006,9.397180590767592e-5,6.573819143413599e-5,-2.8233614473539934e-5,lost,FALSE,FALSE,0,Predator: Atlantic cod,Predator
Pandalidae,1,0.01141469973159919,1,2018-2019,1.013404649208503e-4,7.762995846304508e-5,-2.371050645780522e-5,lost,FALSE,FALSE,0,Predator: Atlantic cod,Predator
Teleostei,1,0.2951748672418618,0.8228228228228228,2004-2006,0.16625752929996915,0.08407623364836664,-0.08218129565160251,lost,FALSE,FALSE,0,Predator: Atlantic herring,Predator
Pandalus,0.6786786786786787,0.3981629011501595,0.0960960960960961,2018-2019,3.357073273244393e-4,0.07275939636915528,0.07242368904183084,gained,FALSE,FALSE,0,Predator: Atlantic herring,Predator
Crustacea,0.13513513513513514,0.8888888888888888,0.009009009009009009,2004-2006,0.07030889501688559,0,-0.07030889501688559,lost,FALSE,TRUE,1,Predator: Atlantic herring,Predator
Mysida,1,0.6427828894471781,0.47147147147147145,2018-2019,0.08518838414510492,0.15328950963010962,0.0681011254850047,gained,FALSE,FALSE,0,Predator: Atlantic herring,Predator
Polychaeta,0.995995995995996,0.6864011426212666,0.2172172172172172,2018-2019,0.05446045928091353,0.11920235229987496,0.06474189301896142,gained,FALSE,FALSE,0,Predator: Atlantic herring,Predator
Copepoda,1,0.5937184314116885,0.43043043043043044,2018-2019,0.13415665252318731,0.19604944811124575,0.061892795588058436,gained,FALSE,FALSE,0,Predator: Atlantic herring,Predator
Decapoda,0.998998998998999,0.5763784909100681,0.36036036036036034,2018-2019,0.03870211748437754,0.09975367826401102,0.06105156077963348,gained,FALSE,FALSE,0,Predator: Atlantic herring,Predator
Perciformes,0.995995995995996,0.358456132771647,0.3133133133133133,2018-2019,0.007813329410611754,0.067416348824825,0.05960301941421325,gained,FALSE,FALSE,0,Predator: Atlantic herring,Predator
Euphausiacea,1,0.315969151021539,0.7227227227227228,2004-2006,0.08936706300575013,0.036337280411353694,-0.05302978259439644,lost,FALSE,FALSE,0,Predator: Atlantic herring,Predator
Argis dentata,NA,0.2222222222222222,0.4824824824824825,2004-2006,0.05219744345718076,0,-0.05219744345718076,lost,FALSE,FALSE,0,Predator: Atlantic herring,Predator
Gammaridae,0.35335335335335333,0.8888888888888888,0.008008008008008008,2004-2006,0.048641801604629394,0,-0.048641801604629394,lost,FALSE,TRUE,1,Predator: Atlantic herring,Predator
Pandalus montagui,NA,0.3291152134468901,0.47047047047047047,2004-2006,0.058757960719524154,0.02059008562319397,-0.038167875096330184,lost,FALSE,FALSE,0,Predator: Atlantic herring,Predator
Nematoda,1,0.32677791382289667,0.9459459459459459,2004-2006,0.03864062340144813,7.751610063787013e-4,-0.03786546239506943,lost,FALSE,FALSE,0,Predator: Atlantic herring,Predator
Echinodermata,1,0.4595783321403179,0.4624624624624625,2018-2019,0.015017993992961989,0.04915156426055008,0.03413357026758809,gained,FALSE,FALSE,0,Predator: Atlantic herring,Predator
Crangon septemspinosa,NA,0.24969270609060512,0.7997997997997998,2018-2019,0.07597830077515423,0.05415595922367803,-0.0218223415514762,lost,FALSE,FALSE,0,Predator: Atlantic herring,Predator
Echinozoa,1,0.31660920752133,0.6006006006006006,2004-2006,0.020070707414233408,0.001060187221210027,-0.01901052019302338,lost,FALSE,FALSE,0,Predator: Atlantic herring,Predator
Eualus,1,0.3333333333333333,0.4084084084084084,2004-2006,0.01784452731735785,0,-0.01784452731735785,lost,FALSE,FALSE,0,Predator: Atlantic herring,Predator
Amphipoda,0.2002002002002002,0.7583152241793188,0.01701701701701702,2018-2019,6.846726799700808e-4,0.012455331870667653,0.011770659190697572,gained,FALSE,TRUE,1,Predator: Atlantic herring,Predator
Arthropoda,0.1781781781781782,0.5996337117415743,0.036036036036036036,2018-2019,6.757350307797306e-6,0.011062148330985858,0.01105539098067806,gained,FALSE,TRUE,1,Predator: Atlantic herring,Predator
Chordata,0.6026026026026026,0.3970336904901772,0.1041041041041041,2018-2019,4.681876659012816e-5,0.006266583989944924,0.006219765223354796,gained,FALSE,FALSE,0,Predator: Atlantic herring,Predator
Crangonidae,1,0.2222222222222222,0.5265265265265265,2004-2006,0.004591927602211287,0,-0.004591927602211287,lost,FALSE,FALSE,0,Predator: Atlantic herring,Predator
Mollusca,1,0.15054116329783512,0.8838838838838838,2004-2006,0.007272159122905744,0.003462681270538727,-0.003809477852367017,lost,FALSE,FALSE,0,Predator: Atlantic herring,Predator
plantae_chromista,1,0.2074364659884712,0.8808808808808809,2004-2006,0.0055083292441993805,0.003343102635518945,-0.0021652266086804356,lost,FALSE,FALSE,0,Predator: Atlantic herring,Predator
Bivalvia,0.983983983983984,0.7372019709786772,0.02902902902902903,2018-2019,0.0011853089000960428,0.0033250327661265375,0.0021397238660304948,gained,FALSE,TRUE,1,Predator: Atlantic herring,Predator
Hyperiidae,1,0.2932832326542845,0.7617617617617618,2004-2006,0.0037513587223931065,0.0019334890890437125,-0.001817869633349394,lost,FALSE,FALSE,0,Predator: Atlantic herring,Predator
Malacostraca,0.4074074074074074,0.6,0.03803803803803804,2018-2019,0,0.0012430940007977407,0.0012430940007977407,gained,FALSE,TRUE,1,Predator: Atlantic herring,Predator
Eualus macilentus,NA,0.2222222222222222,0.4824824824824825,2004-2006,0.001171584619425898,0,-0.001171584619425898,lost,FALSE,FALSE,0,Predator: Atlantic herring,Predator
egg_larvae,1,0.18894494152325236,0.9229229229229229,2018-2019,5.8505418151964636e-5,9.999316452976846e-4,9.4142622714572e-4,gained,FALSE,FALSE,0,Predator: Atlantic herring,Predator
Diastylis,0.986986986986987,0.5555555555555556,0.14114114114114115,2004-2006,8.826013841293751e-4,0,-8.826013841293751e-4,lost,FALSE,FALSE,0,Predator: Atlantic herring,Predator
Eumalacostraca,1,0.20007367478984583,0.7547547547547547,2004-2006,9.526619325384436e-4,1.054615407149902e-4,-8.472003918234535e-4,lost,FALSE,FALSE,0,Predator: Atlantic herring,Predator
Brachyura,0.5055055055055055,0.4,0.0970970970970971,2018-2019,0,6.419798326343005e-4,6.419798326343005e-4,gained,FALSE,FALSE,0,Predator: Atlantic herring,Predator
Cumacea,0.5055055055055055,0.4,0.13513513513513514,2018-2019,0,4.863252234094242e-4,4.863252234094242e-4,gained,FALSE,FALSE,0,Predator: Atlantic herring,Predator
other_phyla,1,0.1683114112995606,0.93993993993994,2018-2019,1.4781808046646398e-4,5.7632910366706756e-5,-9.018517009975723e-5,lost,FALSE,FALSE,0,Predator: Atlantic herring,Predator
Amphipoda,0.001001001001001001,0.9908132533274653,0.001001001001001001,2018-2019,0.0020863649287076783,0.2250195957641243,0.22293323083541663,gained,TRUE,TRUE,2,Predator: Atlantic poacher,Predator
Gammaridae,0.07007007007007007,1,0.001001001001001001,2004-2006,0.18928031103373827,0,-0.18928031103373827,lost,FALSE,TRUE,1,Predator: Atlantic poacher,Predator
Teleostei,0.2922922922922923,0.49260805399165547,0.035035035035035036,2018-2019,0.031801614921445794,0.19875195126425657,0.16695033634281078,gained,FALSE,TRUE,1,Predator: Atlantic poacher,Predator
Decapoda,0.5055055055055055,0.6534839215643683,0.03803803803803804,2018-2019,0.06832798035084522,0.21924516312241626,0.15091718277157104,gained,FALSE,TRUE,1,Predator: Atlantic poacher,Predator
Euphausiacea,0.005005005005005005,0.7952049337065121,0.001001001001001001,2018-2019,0.011305887695988679,0.1451533596379234,0.13384747194193472,gained,TRUE,TRUE,2,Predator: Atlantic poacher,Predator
Argis dentata,NA,0.39285714285714285,0.11211211211211211,2004-2006,0.12162215596991446,0,-0.12162215596991446,lost,FALSE,FALSE,0,Predator: Atlantic poacher,Predator
Crustacea,0.025025025025025027,0.9642769453075009,0.001001001001001001,2004-2006,0.11134345033681348,1.012539286524317e-6,-0.11134243779752695,lost,TRUE,TRUE,2,Predator: Atlantic poacher,Predator
Mysida,0.7617617617617618,0.77628464651662,0.03803803803803804,2004-2006,0.09619288252417525,0.027721564265177537,-0.06847131825899772,lost,FALSE,TRUE,1,Predator: Atlantic poacher,Predator
Hyperiidae,0.9569569569569569,0.4044422761129147,0.28128128128128127,2004-2006,0.05778965588035043,0.0034477489115720575,-0.05434190696877837,lost,FALSE,FALSE,0,Predator: Atlantic poacher,Predator
Arthropoda,0.001001001001001001,0.7079998793350544,0.001001001001001001,2018-2019,4.5351473922902497e-4,0.05108126178481792,0.050627747045588894,gained,TRUE,TRUE,2,Predator: Atlantic poacher,Predator
Eualus macilentus,NA,0.32142857142857145,0.22322322322322322,2004-2006,0.04777845916497215,0,-0.04777845916497215,lost,FALSE,FALSE,0,Predator: Atlantic poacher,Predator
Oregoniidae,1,0.10377325424561303,0.7597597597597597,2004-2006,0.04292346881081535,0.0013937603279007226,-0.04152970848291463,lost,FALSE,FALSE,0,Predator: Atlantic poacher,Predator
Perciformes,1,0.10714285714285714,0.7297297297297297,2004-2006,0.03344657009602418,0,-0.03344657009602418,lost,FALSE,FALSE,0,Predator: Atlantic poacher,Predator
Bivalvia,0.7177177177177178,0.26294297172736236,0.5935935935935935,2018-2019,0.003150680006685796,0.036381263039791854,0.03323058303310606,gained,FALSE,FALSE,0,Predator: Atlantic poacher,Predator
Mollusca,1,0.06391570798297792,0.96996996996997,2004-2006,0.030367797498263006,0.003569531230236029,-0.026798266268026977,lost,FALSE,FALSE,0,Predator: Atlantic poacher,Predator
Polychaeta,1,0.5446083379214828,0.5045045045045045,2004-2006,0.04799195238534724,0.024393940637185484,-0.023598011748161753,lost,FALSE,FALSE,0,Predator: Atlantic poacher,Predator
Pandalus montagui,NA,0.15468011100188298,0.7277277277277278,2004-2006,0.03832073992841461,0.014766803611151727,-0.02355393631726288,lost,FALSE,FALSE,0,Predator: Atlantic poacher,Predator
Copepoda,1,0.6492968642462833,0.4994994994994995,2004-2006,0.031738821396260566,0.015397232612266123,-0.016341588783994443,lost,FALSE,FALSE,0,Predator: Atlantic poacher,Predator
Thoridae,0.982982982982983,0.14285714285714285,0.5005005005005005,2004-2006,0.0087435688334945,0,-0.0087435688334945,lost,FALSE,FALSE,0,Predator: Atlantic poacher,Predator
Amphilochida,0.008008008008008008,0.8576800271753926,0.001001001001001001,2018-2019,0.0013362324948753806,0.00805269913822807,0.006716466643352689,gained,TRUE,TRUE,2,Predator: Atlantic poacher,Predator
Pandalus,1,0.0811254434091928,0.8568568568568569,2018-2019,0.014050811289267653,0.018465039943729947,0.004414228654462294,gained,FALSE,FALSE,0,Predator: Atlantic poacher,Predator
Cumacea,0.008008008008008008,0.7142857142857143,0.001001001001001001,2018-2019,0,0.003729814772792605,0.003729814772792605,gained,TRUE,TRUE,2,Predator: Atlantic poacher,Predator
Eumalacostraca,0.954954954954955,0.354636940531504,0.19519519519519518,2004-2006,0.0036751243013544072,2.5968967084334217e-5,-0.003649155334270073,lost,FALSE,FALSE,0,Predator: Atlantic poacher,Predator
Diastylis,0.9569569569569569,0.39285714285714285,0.14314314314314314,2004-2006,0.0032193087745646686,0,-0.0032193087745646686,lost,FALSE,FALSE,0,Predator: Atlantic poacher,Predator
Annelida,0.8938938938938938,0.1283584863742008,0.23023023023023023,2018-2019,3.067893824196345e-4,0.002716046194307064,0.0024092568118874295,gained,FALSE,FALSE,0,Predator: Atlantic poacher,Predator
Nematoda,1,0.5214893158489002,0.46046046046046046,2004-2006,0.0016488976422645621,3.8375306591832383e-4,-0.0012651445763462383,lost,FALSE,FALSE,0,Predator: Atlantic poacher,Predator
plantae_chromista,0.954954954954955,0.37993592761662925,0.2222222222222222,2004-2006,5.622534974581595e-4,1.2482621178273352e-4,-4.3742728567542597e-4,lost,FALSE,FALSE,0,Predator: Atlantic poacher,Predator
Chordata,1,0.0632384362083915,1,2004-2006,3.8670559375661624e-4,5.008300794835886e-5,-3.366225858082574e-4,lost,FALSE,FALSE,0,Predator: Atlantic poacher,Predator
egg_larvae,0.9569569569569569,0.11701697437971323,0.20520520520520522,2018-2019,2.8172728123031433e-5,1.2757995010206395e-4,9.940722197903252e-5,gained,FALSE,FALSE,0,Predator: Atlantic poacher,Predator
Crangonidae,1,0.07142857142857142,1,2004-2006,9.139774859776927e-5,0,-9.139774859776927e-5,lost,FALSE,FALSE,0,Predator: Atlantic poacher,Predator
Echinozoa,1,0.07142857142857142,0.8228228228228228,2004-2006,2.84300458324351e-5,0,-2.84300458324351e-5,lost,FALSE,FALSE,0,Predator: Atlantic poacher,Predator
Mysida,0.17217217217217218,0.7727591666724982,0.015015015015015015,2004-2006,0.15900785077026916,0.005605247465712581,-0.15340260330455657,lost,FALSE,TRUE,1,Predator: Capelin,Predator
Amphipoda,0.0940940940940941,0.6666666666666666,0.013013013013013013,2018-2019,0,0.12279473023047349,0.12279473023047349,gained,FALSE,TRUE,1,Predator: Capelin,Predator
Teleostei,0.968968968968969,0.3475227921338936,0.23323323323323322,2018-2019,0.07638789611627353,0.17410165961900526,0.09771376350273173,gained,FALSE,FALSE,0,Predator: Capelin,Predator
Euphausiacea,0.977977977977978,0.4675248577920422,0.5695695695695696,2018-2019,0.2812459254369896,0.35944891954718483,0.07820299411019521,gained,FALSE,FALSE,0,Predator: Capelin,Predator
Echinodermata,0.968968968968969,0.2911422972714496,0.4314314314314314,2018-2019,0.010944835680751172,0.07552563057893667,0.0645807948981855,gained,FALSE,FALSE,0,Predator: Capelin,Predator
Hyperiidae,0.968968968968969,0.4623041575940463,0.2652652652652653,2004-2006,0.07769848711134796,0.02314225053078556,-0.0545562365805624,lost,FALSE,FALSE,0,Predator: Capelin,Predator
Polychaeta,0.968968968968969,0.41813839314858225,0.33733733733733734,2004-2006,0.05853941106417508,0.011460632011722935,-0.04707877905245215,lost,FALSE,FALSE,0,Predator: Capelin,Predator
Decapoda,0.9529529529529529,0.34863102014667136,0.2652652652652653,2004-2006,0.05339022449172744,0.007866773774537933,-0.0455234507171895,lost,FALSE,FALSE,0,Predator: Capelin,Predator
Gammaridae,0.4344344344344344,0.6,0.06406406406406406,2004-2006,0.04276321991278893,0,-0.04276321991278893,lost,FALSE,FALSE,0,Predator: Capelin,Predator
Copepoda,0.968968968968969,0.5257157786991656,0.8978978978978979,2004-2006,0.20140681169927305,0.1817028834246498,-0.01970392827462325,lost,FALSE,FALSE,0,Predator: Capelin,Predator
Oregoniidae,0.977977977977978,0.1007207011124358,1,2018-2019,0.03149701715137957,0.013638131429701274,-0.0178588857216783,lost,FALSE,FALSE,0,Predator: Capelin,Predator
egg_larvae,0.914914914914915,0.16654390709743197,0.7737737737737738,2018-2019,1.238390092879257e-5,0.016800834824090637,0.016788450923161845,gained,FALSE,FALSE,0,Predator: Capelin,Predator
plantae_chromista,0.8868868868868869,0.3333333333333333,0.13313313313313313,2018-2019,0,0.006033952359263434,0.006033952359263434,gained,FALSE,FALSE,0,Predator: Capelin,Predator
Crustacea,0.4344344344344344,0.5,0.0890890890890891,2004-2006,0.005588467255423276,0,-0.005588467255423276,lost,FALSE,FALSE,0,Predator: Capelin,Predator
Annelida,0.963963963963964,0.15931420905180915,0.7547547547547547,2018-2019,8.6687306501548e-5,0.0018783542039355991,0.001791666897434051,gained,FALSE,FALSE,0,Predator: Capelin,Predator
Nematoda,0.968968968968969,0.2,0.4944944944944945,2004-2006,0.0014307821021708634,0,-0.0014307821021708634,lost,FALSE,FALSE,0,Predator: Capelin,Predator
Teleostei,0.34534534534534533,0.6466227598664891,0.08808808808808809,2018-2019,0.09821085212735194,0.27807224666653424,0.17986139453918232,gained,FALSE,FALSE,0,Predator: Dusky snailfish,Predator
Argis dentata,NA,0.5555555555555556,0.03803803803803804,2004-2006,0.10055144986981752,0,-0.10055144986981752,lost,FALSE,TRUE,1,Predator: Dusky snailfish,Predator
Eualus macilentus,NA,0.7777777777777778,0.004004004004004004,2004-2006,0.09719720199926311,0,-0.09719720199926311,lost,FALSE,TRUE,1,Predator: Dusky snailfish,Predator
Pandalus montagui,NA,0.39265912421686433,0.2072072072072072,2004-2006,0.09152713688509694,0.012070933287393944,-0.07945620359770299,lost,FALSE,FALSE,0,Predator: Dusky snailfish,Predator
Hyperiidae,0.27627627627627627,0.8161476286670235,0.01001001001001001,2018-2019,0.005677297538628928,0.07873111683424822,0.073053819295619285,gained,FALSE,TRUE,1,Predator: Dusky snailfish,Predator
Polychaeta,0.6676676676676677,0.7246150471433329,0.05005005005005005,2004-2006,0.08674646365974446,0.019665855545515223,-0.06708060811422924,lost,FALSE,FALSE,0,Predator: Dusky snailfish,Predator
Euphausiacea,0.9359359359359359,0.5669999827734641,0.2182182182182182,2018-2019,0.007051045830365969,0.06893002891253104,0.06187898308216507,gained,FALSE,FALSE,0,Predator: Dusky snailfish,Predator
Gammaridae,0.003003003003003003,1,0.001001001001001001,2004-2006,0.06123197869562557,0,-0.06123197869562557,lost,TRUE,TRUE,2,Predator: Dusky snailfish,Predator
Perciformes,1,0.17536529400711756,0.973973973973974,2004-2006,0.10212178784876348,0.1566948812253063,0.05457309337654283,gained,FALSE,FALSE,0,Predator: Dusky snailfish,Predator
Amphipoda,0.002002002002002002,0.875,0.001001001001001001,2018-2019,0,0.043515044644661105,0.043515044644661105,gained,TRUE,TRUE,2,Predator: Dusky snailfish,Predator
Crustacea,0.012012012012012012,0.8888888888888888,0.001001001001001001,2004-2006,0.04309247371229474,0,-0.04309247371229474,lost,TRUE,TRUE,2,Predator: Dusky snailfish,Predator
Mysida,0.40540540540540543,0.6585619597709427,0.05005005005005005,2004-2006,0.04668602725412085,0.01632807533234756,-0.030357951921773287,lost,FALSE,FALSE,0,Predator: Dusky snailfish,Predator
Crangon septemspinosa,NA,0.24262978714831848,0.4574574574574575,2018-2019,7.724797630418945e-4,0.025430283257080747,0.024657803494038854,gained,FALSE,FALSE,0,Predator: Dusky snailfish,Predator
Arthropoda,0.3953953953953954,0.4992509869278876,0.04804804804804805,2018-2019,3.4102341125718276e-5,0.02273074809702721,0.022696645755901492,gained,FALSE,TRUE,1,Predator: Dusky snailfish,Predator
Copepoda,0.7247247247247247,0.4783607471095075,0.6476476476476476,2018-2019,0.001029426852699994,0.022756672831737053,0.02172724597903706,gained,FALSE,FALSE,0,Predator: Dusky snailfish,Predator
Crangonidae,1,0.17016570255647406,0.975975975975976,2004-2006,0.03141883643894833,0.05064192607907407,0.019223089640125743,gained,FALSE,FALSE,0,Predator: Dusky snailfish,Predator
Thoridae,0.986986986986987,0.36622835278408317,0.2872872872872873,2004-2006,0.026822238789001702,0.013866155919894365,-0.012956082869107337,lost,FALSE,FALSE,0,Predator: Dusky snailfish,Predator
Bivalvia,1,0.21373425246428124,0.918918918918919,2018-2019,0.02162668671482631,0.016147107217903703,-0.0054795794969226055,lost,FALSE,FALSE,0,Predator: Dusky snailfish,Predator
Oregoniidae,1,0.09978189716788777,0.8788788788788788,2018-2019,0.015813676419077115,0.010504184279694495,-0.005309492139382621,lost,FALSE,FALSE,0,Predator: Dusky snailfish,Predator
Eualus,0.948948948948949,0.3333333333333333,0.22422422422422422,2004-2006,0.003101059740710636,0,-0.003101059740710636,lost,FALSE,FALSE,0,Predator: Dusky snailfish,Predator
Malacostraca,0.980980980980981,0.25,0.1981981981981982,2018-2019,0,0.0024862847619346973,0.0024862847619346973,gained,FALSE,FALSE,0,Predator: Dusky snailfish,Predator
Pandalus,0.996996996996997,0.11658211780936882,0.7207207207207207,2018-2019,1.1459479281261458e-4,0.001587062319652009,0.0014724675268393945,gained,FALSE,FALSE,0,Predator: Dusky snailfish,Predator
Decapoda,1,0.502357387953329,0.9819819819819819,2018-2019,0.1517516726767885,0.1531894015062973,0.001437728829508822,gained,FALSE,FALSE,0,Predator: Dusky snailfish,Predator
Mollusca,0.6676676676676677,0.4364448042127619,0.11211211211211211,2004-2006,0.0011026908163560033,2.021132966295587e-5,-0.0010824794866930475,lost,FALSE,FALSE,0,Predator: Dusky snailfish,Predator
plantae_chromista,0.996996996996997,0.44616902137131254,0.3133133133133133,2018-2019,3.482685753746109e-4,8.689023045157382e-4,5.206337291411273e-4,gained,FALSE,FALSE,0,Predator: Dusky snailfish,Predator
egg_larvae,1,0.267338450111552,0.6726726726726727,2018-2019,0.003151260930776609,0.003620938713486729,4.696777827101202e-4,gained,FALSE,FALSE,0,Predator: Dusky snailfish,Predator
Brachyura,0.918918918918919,0.25,0.21021021021021022,2018-2019,0,3.8967144385141587e-4,3.8967144385141587e-4,gained,FALSE,FALSE,0,Predator: Dusky snailfish,Predator
Amphilochida,1,0.18860458566829075,0.7927927927927928,2004-2006,0.0014249726885170208,0.0010934756010051272,-3.314970875118936e-4,lost,FALSE,FALSE,0,Predator: Dusky snailfish,Predator
other_phyla,1,0.15730264770096172,0.923923923923924,2018-2019,8.487598401377427e-4,6.132925766249742e-4,-2.3546726351276852e-4,lost,FALSE,FALSE,0,Predator: Dusky snailfish,Predator
Echinozoa,0.996996996996997,0.195271707372005,0.7387387387387387,2004-2006,2.672575679573506e-4,3.688567663489446e-5,-2.3037189132245616e-4,lost,FALSE,FALSE,0,Predator: Dusky snailfish,Predator
Diastylis,0.8008008008008008,0.3333333333333333,0.21921921921921922,2004-2006,1.488921378013376e-4,0,-1.488921378013376e-4,lost,FALSE,FALSE,0,Predator: Dusky snailfish,Predator
Eumalacostraca,0.7247247247247247,0.3333333333333333,0.22322322322322322,2004-2006,1.0408059971559478e-4,0,-1.0408059971559478e-4,lost,FALSE,FALSE,0,Predator: Dusky snailfish,Predator
Nematoda,1,0.16582530463728923,0.7477477477477478,2004-2006,2.5326893257424094e-5,8.61363538481416e-6,-1.6713257872609934e-5,lost,FALSE,FALSE,0,Predator: Dusky snailfish,Predator
Pandalus,0.45145145145145144,0.7215199588069259,0.08808808808808809,2004-2006,0.26224972082851783,0.028525016726532047,-0.2337247041019858,lost,FALSE,FALSE,0,Predator: Greenland halibut,Predator
Perciformes,0.6666666666666666,0.4968805608888273,0.2672672672672673,2018-2019,9.862325289221588e-4,0.1570922703323519,0.15610603780342974,gained,FALSE,FALSE,0,Predator: Greenland halibut,Predator
Pandalus montagui,NA,0.20606574626959354,0.6916916916916916,2018-2019,0.024172803141875306,0.11337820256204965,0.08920539942017434,gained,FALSE,FALSE,0,Predator: Greenland halibut,Predator
Hyperiidae,0.8948948948948949,0.9937417051768649,0.02902902902902903,2004-2006,0.08805274683604389,5.545304648241206e-4,-0.08749821637121977,lost,FALSE,TRUE,1,Predator: Greenland halibut,Predator
Polychaeta,0.991991991991992,0.45479198005862576,0.8878878878878879,2018-2019,0.008108771223493804,0.08157411285337202,0.07346534162987821,gained,FALSE,FALSE,0,Predator: Greenland halibut,Predator
Caridea,0.45145145145145144,0.6,0.16916916916916916,2004-2006,0.06324910550990262,0,-0.06324910550990262,lost,FALSE,FALSE,0,Predator: Greenland halibut,Predator
Teleostei,1,0.3674832708848183,0.8658658658658659,2004-2006,0.3305684672868363,0.3890691183717449,0.058500651084908595,gained,FALSE,FALSE,0,Predator: Greenland halibut,Predator
Decapoda,1,0.44478237814178323,0.8308308308308309,2018-2019,0.10454668918380425,0.15235203249052007,0.04780534330671582,gained,FALSE,FALSE,0,Predator: Greenland halibut,Predator
Mysida,0.995995995995996,0.749436795759911,0.26626626626626626,2004-2006,0.04057145513561475,0.013564471156176493,-0.027006983979438254,lost,FALSE,FALSE,0,Predator: Greenland halibut,Predator
Amphipoda,0.5595595595595596,0.5,0.17917917917917917,2018-2019,0,0.024985576421098554,0.024985576421098554,gained,FALSE,FALSE,0,Predator: Greenland halibut,Predator
Euphausiacea,1,0.3806980471884992,0.9629629629629629,2004-2006,0.05665298104760153,0.03263507514179675,-0.024017905905804784,lost,FALSE,FALSE,0,Predator: Greenland halibut,Predator
Nematoda,0.45145145145145144,0.7646916730464527,0.1091091091091091,2004-2006,0.015590859974058176,7.198812290683599e-4,-0.014870978744989816,lost,FALSE,FALSE,0,Predator: Greenland halibut,Predator
Echinodermata,0.984984984984985,0.23432009244697172,0.7277277277277278,2018-2019,3.107714934296767e-4,0.004644160357709601,0.004333388864279924,gained,FALSE,FALSE,0,Predator: Greenland halibut,Predator
Crustacea,0.44844844844844844,0.8,0.057057057057057055,2004-2006,0.0023431593293201346,0,-0.0023431593293201346,lost,FALSE,FALSE,0,Predator: Greenland halibut,Predator
Gammaridae,0.6106106106106106,0.8,0.04704704704704705,2004-2006,0.0018778766314212316,0,-0.0018778766314212316,lost,FALSE,TRUE,1,Predator: Greenland halibut,Predator
egg_larvae,0.5055055055055055,0.6,0.18218218218218218,2004-2006,2.587090095897412e-4,0,-2.587090095897412e-4,lost,FALSE,FALSE,0,Predator: Greenland halibut,Predator
Bivalvia,1,0.18496855043996321,0.8978978978978979,2018-2019,1.328505123438155e-4,3.7786589195979906e-4,2.4501537961598357e-4,gained,FALSE,FALSE,0,Predator: Greenland halibut,Predator
Copepoda,0.998998998998999,0.4631607172856862,0.6666666666666666,2018-2019,3.2680032722480755e-4,5.276860007957537e-4,2.0088567357094618e-4,gained,FALSE,FALSE,0,Predator: Greenland halibut,Predator
Teleostei,0.005005005005005005,0.9575997687110918,0.003003003003003003,2018-2019,0.019569826394257216,0.4419801651827135,0.4224103387884563,gained,TRUE,TRUE,2,Predator: Laval's eelpout,Predator
Gammaridae,0.06306306306306306,0.9988827997845505,0.002002002002002002,2004-2006,0.24155971612120059,2.701724035619876e-4,-0.2412895437176386,lost,FALSE,TRUE,1,Predator: Laval's eelpout,Predator
Argis dentata,NA,0.6154706895430477,0.12812812812812813,2004-2006,0.2371935641660073,0.032576382213530444,-0.20461718195247686,lost,FALSE,FALSE,0,Predator: Laval's eelpout,Predator
Polychaeta,0.9469469469469469,0.7354339476103967,0.2012012012012012,2004-2006,0.13200361508741318,0.02953808959550561,-0.10246552549190757,lost,FALSE,FALSE,0,Predator: Laval's eelpout,Predator
Echinodermata,0.913913913913914,0.48826976152952667,0.16616616616616617,2018-2019,0.0017194564275562461,0.07157216641047735,0.0698527099829211,gained,FALSE,FALSE,0,Predator: Laval's eelpout,Predator
Mysida,0.4994994994994995,0.8460109246798122,0.012012012012012012,2004-2006,0.06864138293000108,0.004380421912982068,-0.064260961017019,lost,FALSE,TRUE,1,Predator: Laval's eelpout,Predator
Amphipoda,0.003003003003003003,1,0.002002002002002002,2018-2019,0,0.05289278404088974,0.05289278404088974,gained,TRUE,TRUE,2,Predator: Laval's eelpout,Predator
Crangonidae,0.9459459459459459,0.49076333031336383,0.3153153153153153,2004-2006,0.05334008573833323,0.0010039151717127002,-0.05233617056662053,lost,FALSE,FALSE,0,Predator: Laval's eelpout,Predator
Pandalus montagui,NA,0.23493807695856025,0.2882882882882883,2018-2019,0.003281199900245823,0.05118063560406332,0.0478994357038175,gained,FALSE,FALSE,0,Predator: Laval's eelpout,Predator
Oregoniidae,0.4994994994994995,0.7830241759921412,0.01901901901901902,2018-2019,0.016064844108644505,0.05797494434291424,0.041910100234269734,gained,FALSE,TRUE,1,Predator: Laval's eelpout,Predator
Thoridae,0.7407407407407407,0.6742946472194192,0.04004004004004004,2018-2019,0.00464536181761659,0.041375444310984326,0.03673008249336773,gained,FALSE,TRUE,1,Predator: Laval's eelpout,Predator
Pandalus,0.037037037037037035,0.75,0.006006006006006006,2018-2019,0,0.0327854568707529,0.0327854568707529,gained,TRUE,TRUE,2,Predator: Laval's eelpout,Predator
Decapoda,1,0.47984211763816637,0.8098098098098098,2004-2006,0.09392308802508847,0.06266689784340986,-0.03125619018167862,lost,FALSE,FALSE,0,Predator: Laval's eelpout,Predator
Arthropoda,0.03403403403403404,0.7415551821099442,0.007007007007007007,2018-2019,3.4532245044398594e-4,0.030323407320267573,0.029978084869823587,gained,TRUE,TRUE,2,Predator: Laval's eelpout,Predator
Crustacea,0.6576576576576577,0.8,0.05205205205205205,2004-2006,0.021119093449510944,0,-0.021119093449510944,lost,FALSE,FALSE,0,Predator: Laval's eelpout,Predator
Hyperiidae,0.991991991991992,0.38945993327987716,0.6606606606606606,2004-2006,0.02598987531611662,0.007376683211791754,-0.01861319210432487,lost,FALSE,FALSE,0,Predator: Laval's eelpout,Predator
Mollusca,0.9469469469469469,0.29934135443946297,0.6136136136136137,2004-2006,0.01847334833175213,4.0647203223048916e-5,-0.018432701128529082,lost,FALSE,FALSE,0,Predator: Laval's eelpout,Predator
Perciformes,1,0.2791170584827231,0.983983983983984,2004-2006,0.03263524166102155,0.049210953218282595,0.016575711557261043,gained,FALSE,FALSE,0,Predator: Laval's eelpout,Predator
Brachyura,0.7407407407407407,0.5,0.057057057057057055,2018-2019,0,0.012680516395432913,0.012680516395432913,gained,FALSE,FALSE,0,Predator: Laval's eelpout,Predator
Eualus,0.9469469469469469,0.5,0.1871871871871872,2004-2006,0.011152115249510935,0,-0.011152115249510935,lost,FALSE,FALSE,0,Predator: Laval's eelpout,Predator
Amphilochida,0.06506506506506507,0.9608068886336313,0.004004004004004004,2018-2019,3.7359173623482446e-4,0.009158484774419556,0.008784893038184732,gained,FALSE,TRUE,1,Predator: Laval's eelpout,Predator
Eualus macilentus,NA,0.4,0.30930930930930933,2004-2006,0.007861105401897465,0,-0.007861105401897465,lost,FALSE,FALSE,0,Predator: Laval's eelpout,Predator
egg_larvae,0.9469469469469469,0.8278562830414566,0.021021021021021023,2018-2019,0.001020378525112234,0.004907101972813619,0.0038867234477013854,gained,FALSE,TRUE,1,Predator: Laval's eelpout,Predator
Diastylis,0.6306306306306306,0.7,0.07707707707707707,2004-2006,0.001996444167252596,0,-0.001996444167252596,lost,FALSE,FALSE,0,Predator: Laval's eelpout,Predator
plantae_chromista,1,0.17799290939988627,0.997997997997998,2018-2019,0.0019613011681894406,4.246894036894162e-4,-0.0015366117645000243,lost,FALSE,FALSE,0,Predator: Laval's eelpout,Predator
Bivalvia,0.9469469469469469,0.39677364987105307,0.3733733733733734,2004-2006,0.0012455557627460462,1.0128190208831333e-5,-0.0012354275725372148,lost,FALSE,FALSE,0,Predator: Laval's eelpout,Predator
Euphausiacea,0.9469469469469469,0.5713406436351669,0.17717717717717718,2018-2019,0.0028252205874620124,0.003765608576797403,9.403879893353905e-4,gained,FALSE,FALSE,0,Predator: Laval's eelpout,Predator
Crangon septemspinosa,NA,0.75,0.004004004004004004,2018-2019,0,8.748597624961604e-4,8.748597624961604e-4,gained,FALSE,TRUE,1,Predator: Laval's eelpout,Predator
Cumacea,0.44544544544544545,0.5,0.08108108108108109,2018-2019,0,5.124181814050164e-4,5.124181814050164e-4,gained,FALSE,FALSE,0,Predator: Laval's eelpout,Predator
Copepoda,1,0.26688511526642095,0.8138138138138138,2004-2006,0.001005656693813858,5.015936341933079e-4,-5.040630596205502e-4,lost,FALSE,FALSE,0,Predator: Laval's eelpout,Predator
Eumalacostraca,0.9469469469469469,0.39004791410301287,0.43743743743743746,2004-2006,4.88671389277963e-5,1.2468467246334023e-6,-4.76202922031629e-5,lost,FALSE,FALSE,0,Predator: Laval's eelpout,Predator
Nematoda,0.991991991991992,0.18736947854644712,0.7737737737737738,2018-2019,4.741643643352532e-6,1.4185404756160472e-5,9.443761112807939e-6,gained,FALSE,FALSE,0,Predator: Laval's eelpout,Predator
Decapoda,0.8528528528528528,0.516091947292293,0.18218218218218218,2018-2019,0.04116857696113991,0.25321492235245024,0.21204634539131034,gained,FALSE,FALSE,0,Predator: Longhorn sculpin,Predator
Teleostei,0.8818818818818819,0.6087177439639436,0.1841841841841842,2004-2006,0.28535648634402583,0.1007000426012824,-0.18465644374274343,lost,FALSE,FALSE,0,Predator: Longhorn sculpin,Predator
Perciformes,0.9069069069069069,0.3180587686845842,0.14514514514514515,2018-2019,0.06177185422560949,0.2397703766341223,0.1779985224085128,gained,FALSE,FALSE,0,Predator: Longhorn sculpin,Predator
Echinozoa,0.991991991991992,0.3466715348331867,0.3813813813813814,2004-2006,0.10412861968363123,0.001883192197847424,-0.1022454274857838,lost,FALSE,FALSE,0,Predator: Longhorn sculpin,Predator
Brachyura,0.978978978978979,0.4301709237110275,0.2652652652652653,2018-2019,0.05661918312438518,0.1434143483353686,0.0867951652109834,gained,FALSE,FALSE,0,Predator: Longhorn sculpin,Predator
Argis dentata,NA,0.29411764705882354,0.41041041041041043,2004-2006,0.06893759314225298,0,-0.06893759314225298,lost,FALSE,FALSE,0,Predator: Longhorn sculpin,Predator
Crangon septemspinosa,NA,0.41788795862969086,0.4744744744744745,2004-2006,0.13407968407925763,0.07352965437597955,-0.06055002970327808,lost,FALSE,FALSE,0,Predator: Longhorn sculpin,Predator
Mysida,0.98998998998999,0.5294117647058824,0.15915915915915915,2004-2006,0.03690362325303253,0,-0.03690362325303253,lost,FALSE,FALSE,0,Predator: Longhorn sculpin,Predator
other_phyla,0.8528528528528528,0.38580455031197364,0.24124124124124124,2018-2019,0.001259781184629551,0.03423838794183786,0.03297860675720831,gained,FALSE,FALSE,0,Predator: Longhorn sculpin,Predator
Mollusca,0.9629629629629629,0.41173300006777225,0.23623623623623624,2004-2006,0.03239100743847397,2.494294301784668e-6,-0.03238851314417219,lost,FALSE,FALSE,0,Predator: Longhorn sculpin,Predator
Oregoniidae,0.5025025025025025,0.3920489609197363,0.05105105105105105,2018-2019,5.971941136887639e-4,0.02944638170880398,0.028849187595115216,gained,FALSE,FALSE,0,Predator: Longhorn sculpin,Predator
Gammaridae,0.5415415415415415,0.9411764705882353,0.003003003003003003,2004-2006,0.024930274695688714,0,-0.024930274695688714,lost,FALSE,TRUE,1,Predator: Longhorn sculpin,Predator
Polychaeta,1,0.36369946022610666,0.9309309309309309,2004-2006,0.059662785730949824,0.07543243494027925,0.015769649209329425,gained,FALSE,FALSE,0,Predator: Longhorn sculpin,Predator
Bivalvia,0.997997997997998,0.3830078818268555,0.5095095095095095,2004-2006,0.015524824522691365,0.0011656278329366834,-0.014359196689754682,lost,FALSE,FALSE,0,Predator: Longhorn sculpin,Predator
Thoridae,0.8678678678678678,0.19515892590511494,0.5495495495495496,2018-2019,3.6418683381303816e-4,0.014681516936671576,0.014317330102858537,gained,FALSE,FALSE,0,Predator: Longhorn sculpin,Predator
Pandalus,1,0.11044760886812206,1,2004-2006,0.03390117810752758,0.020265325846833576,-0.013635852260694005,lost,FALSE,FALSE,0,Predator: Longhorn sculpin,Predator
Pandalus montagui,NA,0.17647058823529413,0.5995995995995996,2004-2006,0.010045193315557808,0,-0.010045193315557808,lost,FALSE,FALSE,0,Predator: Longhorn sculpin,Predator
plantae_chromista,1,0.44010619949790264,0.6936936936936937,2004-2006,0.010927069101576285,0.0036777869857559085,-0.007249282115820377,lost,FALSE,FALSE,0,Predator: Longhorn sculpin,Predator
Crustacea,0.9069069069069069,0.5294117647058824,0.14214214214214213,2004-2006,0.0067607112395944614,0,-0.0067607112395944614,lost,FALSE,FALSE,0,Predator: Longhorn sculpin,Predator
Copepoda,0.991991991991992,0.5594079976849489,0.2902902902902903,2004-2006,0.006880071703680762,3.545424221695228e-4,-0.006525529281511239,lost,FALSE,FALSE,0,Predator: Longhorn sculpin,Predator
Crangonidae,0.8528528528528528,0.47058823529411764,0.15915915915915915,2004-2006,0.004796406388132037,0,-0.004796406388132037,lost,FALSE,FALSE,0,Predator: Longhorn sculpin,Predator
Arthropoda,0.03303303303303303,0.6,0.005005005005005005,2018-2019,0,0.0034846034374473736,0.0034846034374473736,gained,TRUE,TRUE,2,Predator: Longhorn sculpin,Predator
Amphipoda,0.07907907907907907,0.5910444907690939,0.006006006006006006,2018-2019,4.899992442743164e-5,0.003233890405806146,0.0031848904813787144,gained,FALSE,TRUE,1,Predator: Longhorn sculpin,Predator
Eumalacostraca,0.991991991991992,0.23529411764705882,0.42042042042042044,2004-2006,0.0018598354999963492,0,-0.0018598354999963492,lost,FALSE,FALSE,0,Predator: Longhorn sculpin,Predator
egg_larvae,0.43243243243243246,0.39472133697974016,0.04004004004004004,2018-2019,8.485362324785535e-6,6.345079329257814e-4,6.260225706009959e-4,gained,FALSE,TRUE,1,Predator: Longhorn sculpin,Predator
Nematoda,0.991991991991992,0.2887915309129726,0.4794794794794795,2004-2006,1.2477399253393235e-4,2.3011782032400588e-6,-1.224728143306923e-4,lost,FALSE,FALSE,0,Predator: Longhorn sculpin,Predator
Echinodermata,1,0.19247592346850106,0.6226226226226226,2018-2019,7.744402815953697e-4,7.18283443842477e-4,-5.615683775289269e-5,lost,FALSE,FALSE,0,Predator: Longhorn sculpin,Predator
Amphilochida,1,0.0914920899450497,1,2018-2019,1.771597497831982e-4,1.493781951343316e-4,-2.77815546488666e-5,lost,FALSE,FALSE,0,Predator: Longhorn sculpin,Predator
Gammaridae,0.04004004004004004,1,0.005005005005005005,2004-2006,0.30840595270738286,0,-0.30840595270738286,lost,TRUE,TRUE,2,Predator: Moustache sculpin,Predator
Amphipoda,0.04804804804804805,0.9922663430855655,0.008008008008008008,2018-2019,0.0015894436904563144,0.20393346843791915,0.20234402474746283,gained,TRUE,TRUE,2,Predator: Moustache sculpin,Predator
Decapoda,0.7227227227227228,0.7184843087848031,0.1091091091091091,2018-2019,0.008272809520690545,0.188600776343294,0.18032796682260346,gained,FALSE,FALSE,0,Predator: Moustache sculpin,Predator
Pandalus montagui,NA,0.2393987023205741,0.7187187187187187,2018-2019,0.007448575155826566,0.16820386337257504,0.16075528821674848,gained,FALSE,FALSE,0,Predator: Moustache sculpin,Predator
Teleostei,0.991991991991992,0.22177984255195796,1,2018-2019,0.021891214514848246,0.1720412126442982,0.15014999812944996,gained,FALSE,FALSE,0,Predator: Moustache sculpin,Predator
Argis dentata,NA,0.7142857142857143,0.07107107107107107,2004-2006,0.14565904630856846,0,-0.14565904630856846,lost,FALSE,FALSE,0,Predator: Moustache sculpin,Predator
Polychaeta,0.980980980980981,0.7027051820660848,0.25925925925925924,2004-2006,0.16178168016900793,0.06844528314061145,-0.09333639702839648,lost,FALSE,FALSE,0,Predator: Moustache sculpin,Predator
Hyperiidae,0.7317317317317318,0.7579553362035013,0.1041041041041041,2004-2006,0.10291504284755223,0.01346766422748107,-0.08944737862007117,lost,FALSE,FALSE,0,Predator: Moustache sculpin,Predator
Mysida,0.15615615615615616,1,0.002002002002002002,2004-2006,0.07148007832522316,0,-0.07148007832522316,lost,FALSE,TRUE,1,Predator: Moustache sculpin,Predator
Crustacea,0.3843843843843844,0.9994987460170306,0.002002002002002002,2004-2006,0.059159463752333406,2.966878843456684e-5,-0.05912979496389884,lost,FALSE,TRUE,1,Predator: Moustache sculpin,Predator
Perciformes,0.9579579579579579,0.2857142857142857,0.4874874874874875,2004-2006,0.056297695150490615,0,-0.056297695150490615,lost,FALSE,FALSE,0,Predator: Moustache sculpin,Predator
Arthropoda,0.15615615615615616,0.7489956990156211,0.025025025025025027,2018-2019,7.078443308747542e-5,0.05279018617368463,0.05271940174059716,gained,FALSE,TRUE,1,Predator: Moustache sculpin,Predator
Euphausiacea,0.2862862862862863,0.9532633263276018,0.01701701701701702,2018-2019,0.0021629647571742125,0.04411685336457678,0.04195388860740257,gained,FALSE,TRUE,1,Predator: Moustache sculpin,Predator
Thoridae,0.7317317317317318,0.5,0.13713713713713713,2018-2019,0,0.036831361017722726,0.036831361017722726,gained,FALSE,FALSE,0,Predator: Moustache sculpin,Predator
egg_larvae,0.06606606606606606,0.9500554666456724,0.009009009009009009,2018-2019,7.406165076460217e-4,0.014088163699224193,0.013347547191578171,gained,FALSE,TRUE,1,Predator: Moustache sculpin,Predator
Amphilochida,0.15615615615615616,0.75,0.015015015015015015,2018-2019,0,0.01088658617567705,0.01088658617567705,gained,FALSE,TRUE,1,Predator: Moustache sculpin,Predator
Copepoda,0.994994994994995,0.6230724072942043,0.7807807807807807,2004-2006,0.022780084075153657,0.013780809664435881,-0.008999274410717776,lost,FALSE,FALSE,0,Predator: Moustache sculpin,Predator
Echinodermata,0.994994994994995,0.19146115393451016,1,2004-2006,0.01690401547995287,0.00832156479733921,-0.00858245068261366,lost,FALSE,FALSE,0,Predator: Moustache sculpin,Predator
Eumalacostraca,0.980980980980981,0.8268681428202991,0.12312312312312312,2004-2006,0.004844769874700797,1.7738502225375736e-4,-0.004667384852447039,lost,FALSE,FALSE,0,Predator: Moustache sculpin,Predator
Bivalvia,0.994994994994995,0.36006888387792196,0.9169169169169169,2004-2006,0.0049491799660132665,9.415737849010488e-4,-0.004007606181112218,lost,FALSE,FALSE,0,Predator: Moustache sculpin,Predator
Oregoniidae,0.28128128128128127,0.5,0.1091091091091091,2018-2019,0,0.0020438252043965956,0.0020438252043965956,gained,FALSE,FALSE,0,Predator: Moustache sculpin,Predator
Crangonidae,0.980980980980981,0.2857142857142857,0.4854854854854855,2004-2006,0.0016311323278500366,0,-0.0016311323278500366,lost,FALSE,FALSE,0,Predator: Moustache sculpin,Predator
plantae_chromista,0.15615615615615616,0.8351785847303973,0.014014014014014014,2018-2019,2.5650480144925213e-4,0.0012997541411746809,0.0010432493397254288,gained,FALSE,TRUE,1,Predator: Moustache sculpin,Predator
Diastylis,0.980980980980981,0.2857142857142857,0.5105105105105106,2004-2006,7.589456345920544e-4,0,-7.589456345920544e-4,lost,FALSE,FALSE,0,Predator: Moustache sculpin,Predator
Gammaridae,0.013013013013013013,0.9574468085106383,0.001001001001001001,2004-2006,0.2219306763729171,0,-0.2219306763729171,lost,TRUE,TRUE,2,Predator: Thorny skate,Predator
Amphipoda,0.001001001001001001,0.9968303489483931,0.001001001001001001,2018-2019,3.93621472661833e-4,0.12379086011633847,0.12339723864367663,gained,TRUE,TRUE,2,Predator: Thorny skate,Predator
Perciformes,0.9159159159159159,0.11243850091277,0.9579579579579579,2018-2019,0.013666362146071876,0.12232817611693168,0.1086618139708598,gained,FALSE,FALSE,0,Predator: Thorny skate,Predator
Oregoniidae,0.8618618618618619,0.4272978122015699,0.06406406406406406,2018-2019,0.019123306222928883,0.11239478698734051,0.09327148076441164,gained,FALSE,FALSE,0,Predator: Thorny skate,Predator
Argis dentata,NA,0.3617021276595745,0.1011011011011011,2004-2006,0.0838196852348454,0,-0.0838196852348454,lost,FALSE,FALSE,0,Predator: Thorny skate,Predator
Crustacea,0.13813813813813813,0.8085106382978723,0.001001001001001001,2004-2006,0.07865296677028588,0,-0.07865296677028588,lost,FALSE,TRUE,1,Predator: Thorny skate,Predator
Thoridae,0.13813813813813813,0.3641262946371656,0.023023023023023025,2018-2019,0.0022969089685114475,0.07691627866629458,0.07461936969778313,gained,FALSE,TRUE,1,Predator: Thorny skate,Predator
Polychaeta,0.996996996996997,0.5744272947489025,0.3833833833833834,2004-2006,0.15294912431393995,0.09065381524516558,-0.06229530906877437,lost,FALSE,FALSE,0,Predator: Thorny skate,Predator
Malacostraca,0.016016016016016016,0.49994453704324765,0.001001001001001001,2018-2019,6.8552043828046026e-6,0.06179299089302826,0.06178613568864546,gained,TRUE,TRUE,2,Predator: Thorny skate,Predator
Pandalus,0.996996996996997,0.25779452634278466,0.4174174174174174,2004-2006,0.11083827546985392,0.05382271189079536,-0.057015563579058556,lost,FALSE,FALSE,0,Predator: Thorny skate,Predator
Caridea,0.8618618618618619,0.3617021276595745,0.11511511511511512,2004-2006,0.056749765669248456,0,-0.056749765669248456,lost,FALSE,FALSE,0,Predator: Thorny skate,Predator
Mysida,0.986986986986987,0.48870062812641224,0.6336336336336337,2018-2019,0.020476126284606603,0.07341703515819424,0.05294090887358764,gained,FALSE,FALSE,0,Predator: Thorny skate,Predator
Decapoda,0.953953953953954,0.5948010541772786,0.11511511511511512,2018-2019,0.053202297401443055,0.07809690253457947,0.02489460513313642,gained,FALSE,FALSE,0,Predator: Thorny skate,Predator
Mollusca,0.996996996996997,0.10274169643766483,0.8798798798798799,2004-2006,0.02041048272526839,7.233706641782172e-4,-0.019687112061090174,lost,FALSE,FALSE,0,Predator: Thorny skate,Predator
Teleostei,0.996996996996997,0.42434576246474365,0.4004004004004004,2018-2019,0.06422139375923051,0.08368408317843182,0.019462689419201304,gained,FALSE,FALSE,0,Predator: Thorny skate,Predator
Pandalus montagui,NA,0.09601434048412485,0.982982982982983,2004-2006,0.028714900121366706,0.047643108732390624,0.018928208611023917,gained,FALSE,FALSE,0,Predator: Thorny skate,Predator
Crangonidae,0.8958958958958959,0.3829787234042553,0.1041041041041041,2004-2006,0.016127905135480205,0,-0.016127905135480205,lost,FALSE,FALSE,0,Predator: Thorny skate,Predator
Brachyura,0.007007007007007007,0.4999738568636281,0.002002002002002002,2018-2019,6.201281184692758e-7,0.011859627044360525,0.011859006916242056,gained,TRUE,TRUE,2,Predator: Thorny skate,Predator
Arthropoda,0.005005005005005005,0.49993073277758465,0.001001001001001001,2018-2019,1.4782003391197804e-6,0.01066879474821012,0.010667316547871,gained,TRUE,TRUE,2,Predator: Thorny skate,Predator
Hyperiidae,0.996996996996997,0.35648299929145866,0.45545545545545546,2004-2006,0.01136787617221937,0.0015234101420793132,-0.009844466030140057,lost,FALSE,FALSE,0,Predator: Thorny skate,Predator
Euphausiacea,0.996996996996997,0.25936057507744453,0.7227227227227228,2004-2006,0.02222635576974866,0.01424034210437424,-0.00798601366537442,lost,FALSE,FALSE,0,Predator: Thorny skate,Predator
Copepoda,0.986986986986987,0.6711970690185289,0.2672672672672673,2004-2006,0.008288155819420457,0.001958322018701234,-0.0063298338007192236,lost,FALSE,FALSE,0,Predator: Thorny skate,Predator
Amphilochida,0.008008008008008008,0.37453218506144514,0.006006006006006006,2018-2019,6.548649208404453e-6,0.005242842190548734,0.00523629354134033,gained,TRUE,TRUE,2,Predator: Thorny skate,Predator
Nematoda,0.3133133133133133,0.7540039581459924,0.003003003003003003,2018-2019,0.002310319383765048,0.0070813739392363165,0.004771054555471268,gained,FALSE,TRUE,1,Predator: Thorny skate,Predator
Cumacea,0.001001001001001001,0.5,0.001001001001001001,2018-2019,0,0.004438836153699819,0.004438836153699819,gained,TRUE,TRUE,2,Predator: Thorny skate,Predator
Bivalvia,0.5875875875875876,0.389309846952355,0.04804804804804805,2018-2019,0.00133884663852569,0.004708875772470537,0.0033700291339448466,gained,FALSE,TRUE,1,Predator: Thorny skate,Predator
Echinodermata,0.34434434434434436,0.32263956620376344,0.021021021021021023,2018-2019,6.140862430904743e-4,0.0037839357835238226,0.0031698495404333484,gained,FALSE,TRUE,1,Predator: Thorny skate,Predator
Crangon septemspinosa,NA,0.12469240782959566,0.13513513513513514,2018-2019,7.740094672967991e-6,0.003137697036737646,0.003129956942064678,gained,FALSE,FALSE,0,Predator: Thorny skate,Predator
egg_larvae,0.001001001001001001,0.8747938761741574,0.001001001001001001,2018-2019,6.195129991793105e-7,0.0026292262705535532,0.0026286067575543737,gained,TRUE,TRUE,2,Predator: Thorny skate,Predator
Eualus,0.964964964964965,0.2978723404255319,0.17217217217217218,2004-2006,0.0025948717286219357,0,-0.0025948717286219357,lost,FALSE,FALSE,0,Predator: Thorny skate,Predator
Eualus macilentus,NA,0.2127659574468085,0.3113113113113113,2004-2006,0.0018664849131772294,0,-0.0018664849131772294,lost,FALSE,FALSE,0,Predator: Thorny skate,Predator
Diastylis,0.9079079079079079,0.44680851063829785,0.08008008008008008,2004-2006,0.0017755625989015538,0,-0.0017755625989015538,lost,FALSE,FALSE,0,Predator: Thorny skate,Predator
Echinozoa,0.996996996996997,0.11963899904501264,0.6046046046046046,2004-2006,0.0013951374843341208,3.416409532622996e-4,-0.0010534965310718212,lost,FALSE,FALSE,0,Predator: Thorny skate,Predator
Eumalacostraca,0.996996996996997,0.1577297878532282,0.9059059059059059,2018-2019,0.001282527679742499,0.002192395727018547,9.098680472760482e-4,gained,FALSE,FALSE,0,Predator: Thorny skate,Predator
other_phyla,0.996996996996997,0.07320221267476915,0.998998998998999,2004-2006,9.488050766082931e-4,1.54295024760836e-4,-7.945100518474571e-4,lost,FALSE,FALSE,0,Predator: Thorny skate,Predator
Chordata,0.8508508508508509,0.11399403634737784,0.14314314314314314,2018-2019,2.3432374168150716e-5,2.427003211111941e-4,2.192679469430434e-4,gained,FALSE,FALSE,0,Predator: Thorny skate,Predator
plantae_chromista,0.996996996996997,0.3718448225617304,0.17117117117117117,2018-2019,3.582360356420098e-4,5.261919446265439e-4,1.6795590898453414e-4,gained,FALSE,FALSE,0,Predator: Thorny skate,Predator
Annelida,0.996996996996997,0.07894040222664114,0.17217217217217218,2018-2019,1.1642223653316066e-5,5.372641055914017e-6,-6.26958259740205e-6,lost,FALSE,FALSE,0,Predator: Thorny skate,Predator
Pandalus,0.992992992992993,0.35773937449888416,0.33433433433433435,2004-2006,0.1914346696488336,0.046397901950709426,-0.14503676769812418,lost,FALSE,FALSE,0,Predator: White hake,Predator
Mollusca,0.998998998998999,0.49804264662331527,0.03303303303303303,2004-2006,0.0521376588387108,2.0490579124556835e-4,-0.05193275304746523,lost,FALSE,TRUE,1,Predator: White hake,Predator
Amphipoda,0.001001001001001001,0.9949824626801934,0.001001001001001001,2018-2019,2.0470610677610494e-4,0.04059341730090377,0.04038871119412766,gained,TRUE,TRUE,2,Predator: White hake,Predator
Polychaeta,1,0.5818454588984823,0.40540540540540543,2018-2019,0.09402101447032789,0.1308265125292698,0.03680549805894191,gained,FALSE,FALSE,0,Predator: White hake,Predator
Crangon septemspinosa,NA,0.3347745330398258,0.4004004004004004,2018-2019,0.0350821708815927,0.07108236757315071,0.03600019669155802,gained,FALSE,FALSE,0,Predator: White hake,Predator
other_phyla,0.998998998998999,0.14056000463139345,0.8178178178178178,2018-2019,5.234207958495507e-4,0.03202768935020399,0.03150426855435444,gained,FALSE,FALSE,0,Predator: White hake,Predator
Teleostei,1,0.48366192956459775,0.7157157157157157,2018-2019,0.32051748952157816,0.3484351486926269,0.027917659171048714,gained,FALSE,FALSE,0,Predator: White hake,Predator
Thoridae,0.6946946946946947,0.21275948606212908,0.14714714714714713,2018-2019,1.953410021912664e-4,0.027230954447590137,0.02703561344539887,gained,FALSE,FALSE,0,Predator: White hake,Predator
Gammaridae,0.005005005005005005,1,0.001001001001001001,2004-2006,0.02630437143555711,0,-0.02630437143555711,lost,TRUE,TRUE,2,Predator: White hake,Predator
Caridea,0.3683683683683684,0.3333333333333333,0.042042042042042045,2004-2006,0.02455270411951697,0,-0.02455270411951697,lost,FALSE,TRUE,1,Predator: White hake,Predator
Decapoda,0.998998998998999,0.546068070240419,0.5085085085085085,2018-2019,0.05515066454107992,0.07873399357807079,0.02358332903699087,gained,FALSE,FALSE,0,Predator: White hake,Predator
Pandalus montagui,NA,0.2702717256556835,0.1941941941941942,2004-2006,0.02227048697883008,6.185013827916281e-4,-0.02165198559603845,lost,FALSE,FALSE,0,Predator: White hake,Predator
Arthropoda,0.006006006006006006,0.7852768807157151,0.001001001001001001,2018-2019,1.1905314651513582e-5,0.021373711740906184,0.02136180642625467,gained,TRUE,TRUE,2,Predator: White hake,Predator
Echinozoa,1,0.1539014665786892,0.6856856856856857,2018-2019,0.0114843277204211,0.029270131631324064,0.017785803910902964,gained,FALSE,FALSE,0,Predator: White hake,Predator
Annelida,0.9519519519519519,0.2857142857142857,0.03203203203203203,2018-2019,0,0.01729291773640178,0.01729291773640178,gained,FALSE,TRUE,1,Predator: White hake,Predator
Brachyura,0.6946946946946947,0.27370365450382433,0.0920920920920921,2004-2006,0.016691993183878352,2.484630248813888e-4,-0.016443530158996963,lost,FALSE,FALSE,0,Predator: White hake,Predator
Euphausiacea,0.998998998998999,0.5410226425439509,0.3563563563563564,2018-2019,0.007739550377967646,0.02416713472465113,0.016427584346683483,gained,FALSE,FALSE,0,Predator: White hake,Predator
Crustacea,0.02002002002002002,0.8849588615694236,0.001001001001001001,2004-2006,0.015623545501640692,6.938284175093348e-5,-0.015554162659889759,lost,TRUE,TRUE,2,Predator: White hake,Predator
Crangonidae,1,0.17804118572649827,0.6926926926926927,2018-2019,0.003431561064536359,0.01685659119071608,0.01342503012617972,gained,FALSE,FALSE,0,Predator: White hake,Predator
Hyperiidae,0.998998998998999,0.530305589129481,0.1981981981981982,2004-2006,0.015139453052408937,0.002306880092334065,-0.012832572960074872,lost,FALSE,FALSE,0,Predator: White hake,Predator
Argis dentata,NA,0.07614036484550708,0.9079079079079079,2004-2006,0.019082741412880768,0.008764571976454954,-0.010318169436425814,lost,FALSE,FALSE,0,Predator: White hake,Predator
Mysida,1,0.2150712123270606,0.998998998998999,2018-2019,0.004066426821796877,0.012380142942100325,0.008313716120303448,gained,FALSE,FALSE,0,Predator: White hake,Predator
Oregoniidae,0.992992992992993,0.27534936903662843,0.17517517517517517,2018-2019,0.003165135134840356,0.010655102043845817,0.007489966909005462,gained,FALSE,FALSE,0,Predator: White hake,Predator
Perciformes,1,0.19169374732195443,0.8268268268268268,2018-2019,0.04688500988270503,0.05432222178391625,0.007437211901211216,gained,FALSE,FALSE,0,Predator: White hake,Predator
Nematoda,1,0.6345523675095416,0.42242242242242245,2004-2006,0.014177372658494988,0.008164948297831456,-0.006012424360663533,lost,FALSE,FALSE,0,Predator: White hake,Predator
Copepoda,1,0.4928681243307471,0.3033033033033033,2004-2006,0.01336968739165724,0.009235560563549836,-0.004134126828107404,lost,FALSE,FALSE,0,Predator: White hake,Predator
Cumacea,0.022022022022022022,0.6428571428571429,0.001001001001001001,2018-2019,0,0.0020142905083406198,0.0020142905083406198,gained,TRUE,TRUE,2,Predator: White hake,Predator
Pandalidae,1,0.06389955497552126,0.8778778778778779,2018-2019,2.6294223698176863e-4,0.002231618436774202,0.0019686761997924334,gained,FALSE,FALSE,0,Predator: White hake,Predator
Bivalvia,0.46846846846846846,0.6275509761233384,0.04104104104104104,2004-2006,0.0016384856952669996,2.4717909522562197e-4,-0.0013913066000413776,lost,FALSE,TRUE,1,Predator: White hake,Predator
Malacostraca,0.978978978978979,0.14285714285714285,0.17917917917917917,2018-2019,0,0.0012922016949005262,0.0012922016949005262,gained,FALSE,FALSE,0,Predator: White hake,Predator
Amphilochida,0.15615615615615616,0.42857142857142855,0.007007007007007007,2018-2019,0,0.001254976247607287,0.001254976247607287,gained,FALSE,TRUE,1,Predator: White hake,Predator
plantae_chromista,0.8568568568568569,0.541901187996625,0.08108108108108109,2004-2006,0.0013175389158303896,1.682719453007227e-4,-0.001149266970529667,lost,FALSE,FALSE,0,Predator: White hake,Predator
Diastylis,0.14414414414414414,0.5555555555555556,0.004004004004004004,2004-2006,9.377891893726421e-4,0,-9.377891893726421e-4,lost,FALSE,TRUE,1,Predator: White hake,Predator
Chordata,0.998998998998999,0.1111111111111111,0.4924924924924925,2004-2006,7.497900197300205e-4,0,-7.497900197300205e-4,lost,FALSE,FALSE,0,Predator: White hake,Predator
Eualus,0.980980980980981,0.16666666666666666,0.23923923923923923,2004-2006,3.308117234287229e-4,0,-3.308117234287229e-4,lost,FALSE,FALSE,0,Predator: White hake,Predator
Echinodermata,1,0.19887191587673275,0.3973973973973974,2018-2019,1.5101647023006525e-4,3.4583274062849925e-4,1.94816270398434e-4,gained,FALSE,FALSE,0,Predator: White hake,Predator
egg_larvae,1,0.14603514117448202,0.6676676676676677,2004-2006,8.487153185019164e-4,7.656512869834254e-4,-8.306403151849093e-5,lost,FALSE,FALSE,0,Predator: White hake,Predator
Eumalacostraca,1,0.1507623374703957,0.6766766766766766,2004-2006,4.995025719334902e-4,4.208248570121851e-4,-7.867771492130513e-5,lost,FALSE,FALSE,0,Predator: White hake,Predator
Echinozoa,0.8698698698698699,0.5202100662990741,0.22422422422422422,2018-2019,0.0413021610352596,0.12843450562219036,0.08713234458693075,gained,FALSE,FALSE,0,Predator: Winter flounder,Predator
Brachyura,0.4874874874874875,0.47368421052631576,0.005005005005005005,2004-2006,0.057990797844434644,0,-0.057990797844434644,lost,FALSE,TRUE,1,Predator: Winter flounder,Predator
Perciformes,0.998998998998999,0.20421205883838386,0.46046046046046046,2018-2019,0.016060771916183887,0.07163028553655641,0.055569513620372525,gained,FALSE,FALSE,0,Predator: Winter flounder,Predator
plantae_chromista,0.996996996996997,0.658464643653672,0.14514514514514515,2004-2006,0.06836776814490335,0.013602546159468812,-0.054765221985434535,lost,FALSE,FALSE,0,Predator: Winter flounder,Predator
Decapoda,0.975975975975976,0.5558624868215982,0.15915915915915915,2018-2019,0.0198684219214143,0.056888080194522614,0.03701965827310831,gained,FALSE,FALSE,0,Predator: Winter flounder,Predator
Bivalvia,0.008008008008008008,0.8814348531340148,0.001001001001001001,2004-2006,0.03920958596816287,0.005274230196752705,-0.033935355771410165,lost,TRUE,TRUE,2,Predator: Winter flounder,Predator
Arthropoda,0.06506506506506507,0.5609445957528927,0.003003003003003003,2018-2019,8.070563511055796e-5,0.029105867459385978,0.02902516182427542,gained,FALSE,TRUE,1,Predator: Winter flounder,Predator
Crustacea,0.002002002002002002,0.841778195380977,0.001001001001001001,2004-2006,0.027771870320477128,1.0790590604992448e-5,-0.027761079729872136,lost,TRUE,TRUE,2,Predator: Winter flounder,Predator
Pandalus,0.998998998998999,0.15642268479251248,0.4994994994994995,2004-2006,0.02776055201368554,2.612471301319108e-4,-0.02749930488355363,lost,FALSE,FALSE,0,Predator: Winter flounder,Predator
Gammaridae,0.001001001001001001,1,0.001001001001001001,2004-2006,0.02406179728455125,0,-0.02406179728455125,lost,TRUE,TRUE,2,Predator: Winter flounder,Predator
Oregoniidae,0.970970970970971,0.2888759577353476,0.03903903903903904,2018-2019,0.002017974889521066,0.024675896798936652,0.022657921909415586,gained,FALSE,TRUE,1,Predator: Winter flounder,Predator
Amphipoda,0.001001001001001001,0.8345065523512076,0.001001001001001001,2018-2019,0.0011488419047576694,0.023675832827351487,0.022526990922593818,gained,TRUE,TRUE,2,Predator: Winter flounder,Predator
Teleostei,1,0.3530758099734291,0.9029029029029029,2004-2006,0.30059653839460326,0.2819166498047069,-0.018679888589896387,lost,FALSE,FALSE,0,Predator: Winter flounder,Predator
Crangon septemspinosa,NA,0.32544621587672073,0.7607607607607607,2004-2006,0.06248694321280704,0.07898961586884862,0.016502672656041578,gained,FALSE,FALSE,0,Predator: Winter flounder,Predator
Mysida,0.996996996996997,0.4660849666414071,0.28428428428428426,2004-2006,0.01563758974542378,0.0037866399112399325,-0.011850949834183847,lost,FALSE,FALSE,0,Predator: Winter flounder,Predator
Pandalus montagui,NA,0.2507583909026158,0.26226226226226224,2004-2006,0.022217834070817268,0.010425212433429809,-0.011792621637387458,lost,FALSE,FALSE,0,Predator: Winter flounder,Predator
Thoridae,0.996996996996997,0.15822727580944518,0.44644644644644643,2018-2019,0.002547338112588763,0.013769076205437158,0.011221738092848396,gained,FALSE,FALSE,0,Predator: Winter flounder,Predator
Echinodermata,0.998998998998999,0.3928282991947315,0.23823823823823823,2004-2006,0.02055978337694269,0.009741069453131405,-0.010818713923811285,lost,FALSE,FALSE,0,Predator: Winter flounder,Predator
Copepoda,1,0.37852133500758045,0.7327327327327328,2004-2006,0.05401983632005115,0.04362575778970967,-0.01039407853034148,lost,FALSE,FALSE,0,Predator: Winter flounder,Predator
other_phyla,0.998998998998999,0.3385800555690975,0.5315315315315315,2018-2019,0.009146008902984537,0.019183851249146733,0.010037842346162196,gained,FALSE,FALSE,0,Predator: Winter flounder,Predator
Mollusca,0.997997997997998,0.45348353379100204,0.2132132132132132,2004-2006,0.015729980187824903,0.00800322558764391,-0.007726754600180992,lost,FALSE,FALSE,0,Predator: Winter flounder,Predator
Nematoda,0.996996996996997,0.46283076381936106,0.39039039039039036,2018-2019,5.95793553859836e-4,0.007418812274523838,0.006823018720664002,gained,FALSE,FALSE,0,Predator: Winter flounder,Predator
Chordata,0.8998998998998999,0.38567316320984674,0.06706706706706707,2004-2006,0.010324658931270485,0.003765071791065168,-0.0065595871402053165,lost,FALSE,FALSE,0,Predator: Winter flounder,Predator
Crangonidae,1,0.08623212421564258,0.9669669669669669,2018-2019,0.004203225350796068,0.009349314173732255,0.005146088822936187,gained,FALSE,FALSE,0,Predator: Winter flounder,Predator
Argis dentata,NA,0.10526315789473684,0.4844844844844845,2004-2006,0.003341430029513732,0,-0.003341430029513732,lost,FALSE,FALSE,0,Predator: Winter flounder,Predator
Hyperiidae,0.990990990990991,0.27271194727980375,0.05005005005005005,2018-2019,2.750090667051679e-4,0.0018849441722665389,0.001609935105561371,gained,FALSE,FALSE,0,Predator: Winter flounder,Predator
Amphilochida,0.26126126126126126,0.3125,0.014014014014014014,2018-2019,0,0.0015532698111656855,0.0015532698111656855,gained,FALSE,TRUE,1,Predator: Winter flounder,Predator
Eumalacostraca,1,0.10312327491878961,0.9669669669669669,2018-2019,3.267367378048489e-4,0.0015401831084698025,0.0012134463706649536,gained,FALSE,FALSE,0,Predator: Winter flounder,Predator
Diastylis,0.006006006006006006,0.631578947368421,0.001001001001001001,2004-2006,9.000476072691976e-4,0,-9.000476072691976e-4,lost,TRUE,TRUE,2,Predator: Winter flounder,Predator
Polychaeta,1,0.49864070838140195,0.8918918918918919,2004-2006,0.14464476128540518,0.14543336281105115,7.886015256459711e-4,gained,FALSE,FALSE,0,Predator: Winter flounder,Predator
Eualus,1,0.11570140437829053,0.6006006006006006,2004-2006,8.295586166409059e-4,3.0251873517206406e-4,-5.270398814688418e-4,lost,FALSE,FALSE,0,Predator: Winter flounder,Predator
egg_larvae,1,0.14875074167102859,0.9099099099099099,2004-2006,0.0018714288768702414,0.001439353159269506,-4.320757176007354e-4,lost,FALSE,FALSE,0,Predator: Winter flounder,Predator
Cumacea,0.8388388388388388,0.25,0.03903903903903904,2018-2019,0,1.8624066656284483e-4,1.8624066656284483e-4,gained,FALSE,TRUE,1,Predator: Winter flounder,Predator
Annelida,0.998998998998999,0.12405813032420762,0.3893893893893894,2018-2019,6.0400053974516315e-5,1.1810997698920087e-4,5.770992301468456e-5,gained,FALSE,FALSE,0,Predator: Winter flounder,Predator
Euphausiacea,1,0.15858908392679133,0.8488488488488488,2004-2006,0.004043848687384532,0.004008438500535944,-3.541018684858829e-5,lost,FALSE,FALSE,0,Predator: Winter flounder,Predator
Perciformes,0.06606606606606606,0.40529444277403537,0.011011011011011011,2018-2019,0.007935613789558104,0.28281716920758937,0.2748815554180313,gained,FALSE,TRUE,1,Predator: Witch flounder,Predator
Pandalus,0.7977977977977978,0.3509865994943995,0.12612612612612611,2004-2006,0.16663640430528665,0.01799470757212454,-0.1486416967331621,lost,FALSE,FALSE,0,Predator: Witch flounder,Predator
Caridea,0.1041041041041041,0.5719428716151773,0.009009009009009009,2004-2006,0.14565596306382952,0.00997492569351148,-0.13568103737031806,lost,FALSE,TRUE,1,Predator: Witch flounder,Predator
Gammaridae,0.003003003003003003,1,0.001001001001001001,2004-2006,0.0816268139168837,0,-0.0816268139168837,lost,TRUE,TRUE,2,Predator: Witch flounder,Predator
Teleostei,1,0.4352803385639826,0.4264264264264264,2018-2019,0.17272862266013178,0.2388963339885831,0.06616771132845131,gained,FALSE,FALSE,0,Predator: Witch flounder,Predator
Euphausiacea,0.992992992992993,0.4270867162730924,0.4134134134134134,2018-2019,0.03708662454980481,0.10137310486871136,0.06428648031890655,gained,FALSE,FALSE,0,Predator: Witch flounder,Predator
Pandalus montagui,NA,0.2222222222222222,0.2122122122122122,2004-2006,0.045506900284080325,0,-0.045506900284080325,lost,FALSE,FALSE,0,Predator: Witch flounder,Predator
Amphipoda,0.04904904904904905,0.9165764540462588,0.001001001001001001,2018-2019,4.33918544810768e-6,0.044086904842085134,0.04408256565663703,gained,TRUE,TRUE,2,Predator: Witch flounder,Predator
Echinodermata,0.7977977977977978,0.4903896710063909,0.16216216216216217,2018-2019,6.557353778488806e-4,0.03346044203319228,0.0328047066553434,gained,FALSE,FALSE,0,Predator: Witch flounder,Predator
Copepoda,0.5105105105105106,0.8263001859567685,0.023023023023023025,2004-2006,0.02527432242851118,0.0019144217624216752,-0.023359900666089506,lost,FALSE,TRUE,1,Predator: Witch flounder,Predator
Polychaeta,0.992992992992993,0.5432172904071152,0.6426426426426426,2004-2006,0.1289708276279839,0.10844950104256797,-0.02052132658541593,lost,FALSE,FALSE,0,Predator: Witch flounder,Predator
Crustacea,0.003003003003003003,0.9444444444444444,0.001001001001001001,2004-2006,0.019084726578298607,0,-0.019084726578298607,lost,TRUE,TRUE,2,Predator: Witch flounder,Predator
Oregoniidae,0.992992992992993,0.22062488753537696,0.32432432432432434,2004-2006,0.020550889958506232,0.0053237092664526675,-0.015227180692053564,lost,FALSE,FALSE,0,Predator: Witch flounder,Predator
Malacostraca,0.7787787787787788,0.16666666666666666,0.13013013013013014,2018-2019,0,0.01374677149227597,0.01374677149227597,gained,FALSE,FALSE,0,Predator: Witch flounder,Predator
Hyperiidae,0.992992992992993,0.423113159939401,0.3013013013013013,2004-2006,0.01964327644029837,0.006148715842060053,-0.013494560598238316,lost,FALSE,FALSE,0,Predator: Witch flounder,Predator
Annelida,0.1041041041041041,0.4942429396219759,0.003003003003003003,2018-2019,1.3499340205158847e-4,0.011589167296947372,0.011454173894895784,gained,FALSE,TRUE,1,Predator: Witch flounder,Predator
Decapoda,1,0.4396746474754022,0.5805805805805806,2018-2019,0.08038826572011748,0.08978509470614669,0.009396828986029213,gained,FALSE,FALSE,0,Predator: Witch flounder,Predator
Argis dentata,NA,0.2777777777777778,0.10510510510510511,2004-2006,0.009143385549635188,0,-0.009143385549635188,lost,FALSE,FALSE,0,Predator: Witch flounder,Predator
Thoridae,1,0.04466127686376575,1,2004-2006,0.011526378876447897,0.002811643387855312,-0.008714735488592584,lost,FALSE,FALSE,0,Predator: Witch flounder,Predator
Arthropoda,0.03403403403403404,0.5,0.004004004004004004,2018-2019,0,0.00870128611158954,0.00870128611158954,gained,TRUE,TRUE,2,Predator: Witch flounder,Predator
Chordata,0.992992992992993,0.14729821381578792,0.42542542542542544,2018-2019,0.0010538417321325924,0.008014527850149073,0.006960686118016481,gained,FALSE,FALSE,0,Predator: Witch flounder,Predator
Mysida,0.6376376376376376,0.6133643704472316,0.03303303303303303,2004-2006,0.007143653311583103,6.207943324541525e-4,-0.00652285897912895,lost,FALSE,TRUE,1,Predator: Witch flounder,Predator
Diastylis,0.2182182182182182,0.5555555555555556,0.005005005005005005,2004-2006,0.004618108537936162,0,-0.004618108537936162,lost,FALSE,TRUE,1,Predator: Witch flounder,Predator
Eualus macilentus,NA,0.16666666666666666,0.2932932932932933,2004-2006,0.0038388875337249566,0,-0.0038388875337249566,lost,FALSE,FALSE,0,Predator: Witch flounder,Predator
Cumacea,0.5525525525525525,0.6666666666666666,0.001001001001001001,2018-2019,0,0.0034271285379253854,0.0034271285379253854,gained,FALSE,TRUE,1,Predator: Witch flounder,Predator
Mollusca,0.3833833833833834,0.4499643008245685,0.06106106106106106,2018-2019,4.149951469626321e-4,0.003731995439774317,0.0033170002928116847,gained,FALSE,FALSE,0,Predator: Witch flounder,Predator
Bivalvia,0.7977977977977978,0.5608497497969503,0.23623623623623624,2004-2006,0.0033463560795964496,9.628421058854415e-4,-0.002383513973711008,lost,FALSE,FALSE,0,Predator: Witch flounder,Predator
Nematoda,1,0.43451864048624994,0.7267267267267268,2004-2006,0.005712940170203709,0.003782653253659286,-0.0019302869165444235,lost,FALSE,FALSE,0,Predator: Witch flounder,Predator
Amphilochida,0.2602602602602603,0.3333333333333333,0.024024024024024024,2018-2019,0,0.001016172886336508,0.001016172886336508,gained,FALSE,TRUE,1,Predator: Witch flounder,Predator
egg_larvae,0.7977977977977978,0.2389659714983387,0.04904904904904905,2018-2019,2.4106585822820452e-5,5.22080734139036e-4,4.979741483162155e-4,gained,FALSE,TRUE,1,Predator: Witch flounder,Predator
plantae_chromista,0.992992992992993,0.30735547741471214,0.3633633633633634,2004-2006,5.242137977257871e-4,4.430684177949156e-5,-4.799069559462955e-4,lost,FALSE,FALSE,0,Predator: Witch flounder,Predator
other_phyla,0.6856856856856857,0.3333333333333333,0.014014014014014014,2018-2019,0,3.801904309433284e-4,3.801904309433284e-4,gained,FALSE,TRUE,1,Predator: Witch flounder,Predator
Echinozoa,0.9319319319319319,0.2222222222222222,0.22922922922922923,2004-2006,3.7696327971412335e-4,0,-3.7696327971412335e-4,lost,FALSE,FALSE,0,Predator: Witch flounder,Predator
Eumalacostraca,1,0.21639784082858005,0.968968968968969,2018-2019,3.918501098753405e-4,4.2340847283950736e-4,3.155836296416686e-5,gained,FALSE,FALSE,0,Predator: Witch flounder,Predator
Teleostei,0.948948948948949,0.43971477704823225,0.17517517517517517,2004-2006,0.22043208081816637,0.06921194402223939,-0.151220136795927,lost,FALSE,FALSE,0,Predator: Yellowtail flounder,Predator
Perciformes,0.4364364364364364,0.2189901274286036,0.1781781781781782,2018-2019,0.020551370023005097,0.14513271958175,0.1245813495587449,gained,FALSE,FALSE,0,Predator: Yellowtail flounder,Predator
Amphipoda,0.001001001001001001,0.9968298666870449,0.001001001001001001,2018-2019,3.608080852266912e-4,0.11345399072850279,0.1130931826432761,gained,TRUE,TRUE,2,Predator: Yellowtail flounder,Predator
other_phyla,0.35435435435435436,0.38593172135312903,0.4094094094094094,2018-2019,0.0038001756919175227,0.1042493103129033,0.10044913462098577,gained,FALSE,FALSE,0,Predator: Yellowtail flounder,Predator
Gammaridae,0.001001001001001001,1,0.001001001001001001,2004-2006,0.09016651525404708,0,-0.09016651525404708,lost,TRUE,TRUE,2,Predator: Yellowtail flounder,Predator
Oregoniidae,1,0.2272489688080153,0.4984984984984985,2018-2019,0.05728811724667208,0.10605748434730042,0.04876936710062834,gained,FALSE,FALSE,0,Predator: Yellowtail flounder,Predator
Mysida,0.25825825825825827,0.6984937173198159,0.003003003003003003,2004-2006,0.04956685264893515,0.00247230586398648,-0.04709454678494867,lost,FALSE,TRUE,1,Predator: Yellowtail flounder,Predator
Arthropoda,0.001001001001001001,0.5479157086909708,0.001001001001001001,2018-2019,1.2755038191970022e-4,0.03353027362374111,0.033402723241821405,gained,TRUE,TRUE,2,Predator: Yellowtail flounder,Predator
Bivalvia,0.25825825825825827,0.8945089618576186,0.001001001001001001,2004-2006,0.033776126308777875,0.001465985172579394,-0.032310141136198484,lost,FALSE,TRUE,1,Predator: Yellowtail flounder,Predator
Echinozoa,1,0.4976961099694471,0.46146146146146144,2018-2019,0.04867619888511433,0.0801377542008212,0.031461555315706866,gained,FALSE,FALSE,0,Predator: Yellowtail flounder,Predator
Crustacea,0.002002002002002002,0.7110573258607825,0.001001001001001001,2004-2006,0.023261974256040555,1.7595643318714285e-6,-0.023260214691708685,lost,TRUE,TRUE,2,Predator: Yellowtail flounder,Predator
Chordata,0.948948948948949,0.2183345173500711,0.1041041041041041,2004-2006,0.02274073184444366,4.049256849578802e-4,-0.022335806159485782,lost,FALSE,FALSE,0,Predator: Yellowtail flounder,Predator
Crangon septemspinosa,NA,0.23573502896165388,0.45645645645645644,2004-2006,0.04036319983548022,0.020516000021739804,-0.019847199813740418,lost,FALSE,FALSE,0,Predator: Yellowtail flounder,Predator
Thoridae,1,0.18467696867733369,0.7707707707707707,2018-2019,0.010817916774377339,0.030583701289478682,0.019765784515101345,gained,FALSE,FALSE,0,Predator: Yellowtail flounder,Predator
Argis dentata,NA,0.22535740768845428,0.14514514514514515,2004-2006,0.02732297062931053,0.007702736789002397,-0.019620233840308133,lost,FALSE,FALSE,0,Predator: Yellowtail flounder,Predator
Crangonidae,0.9059059059059059,0.24444444444444444,0.03803803803803804,2004-2006,0.017794492400854383,0,-0.017794492400854383,lost,FALSE,TRUE,1,Predator: Yellowtail flounder,Predator
Decapoda,1,0.3612274983342136,0.6116116116116116,2004-2006,0.031124245701170717,0.014829060134734466,-0.01629518556643625,lost,FALSE,FALSE,0,Predator: Yellowtail flounder,Predator
Polychaeta,1,0.524988252668947,0.7667667667667668,2018-2019,0.1544088494246164,0.17065437331080627,0.016245523886189855,gained,FALSE,FALSE,0,Predator: Yellowtail flounder,Predator
Echinodermata,0.948948948948949,0.4648039101774607,0.08608608608608609,2004-2006,0.01686070781557187,0.0016797883313872297,-0.01518091948418464,lost,FALSE,FALSE,0,Predator: Yellowtail flounder,Predator
Pandalus montagui,NA,0.18663395708330743,0.4294294294294294,2004-2006,0.027613327665446517,0.01512907394496836,-0.012484253720478157,lost,FALSE,FALSE,0,Predator: Yellowtail flounder,Predator
Amphilochida,0.001001001001001001,0.5887361308357416,0.001001001001001001,2018-2019,1.7714497413907494e-4,0.009258954019331763,0.009081809045192688,gained,TRUE,TRUE,2,Predator: Yellowtail flounder,Predator
Diastylis,0.001001001001001001,0.8304753473529151,0.001001001001001001,2004-2006,0.006071412178738652,1.0212482101705638e-4,-0.005969287357721596,lost,TRUE,TRUE,2,Predator: Yellowtail flounder,Predator
egg_larvae,1,0.23136822953922898,0.9679679679679679,2004-2006,0.015640723650697273,0.009897431848715891,-0.005743291801981382,lost,FALSE,FALSE,0,Predator: Yellowtail flounder,Predator
Mollusca,0.992992992992993,0.4159213743075099,0.2802802802802803,2004-2006,0.007782437106051275,0.002196932504702587,-0.005585504601348688,lost,FALSE,FALSE,0,Predator: Yellowtail flounder,Predator
Euphausiacea,1,0.14499651797966828,0.8918918918918919,2004-2006,0.00801201251052277,0.003039304613721871,-0.004972707896800899,lost,FALSE,FALSE,0,Predator: Yellowtail flounder,Predator
Brachyura,1,0.21334148334670347,0.3083083083083083,2018-2019,0.029498763875151764,0.033715632990421504,0.00421686911526974,gained,FALSE,FALSE,0,Predator: Yellowtail flounder,Predator
Eualus,0.5465465465465466,0.24444444444444444,0.05005005005005005,2004-2006,0.002965269815678186,0,-0.002965269815678186,lost,FALSE,FALSE,0,Predator: Yellowtail flounder,Predator
plantae_chromista,0.972972972972973,0.5279214835197872,0.11411411411411411,2004-2006,0.004317746277200299,0.001498265096696907,-0.002819481180503392,lost,FALSE,FALSE,0,Predator: Yellowtail flounder,Predator
Eualus macilentus,NA,0.13333333333333333,0.16616616616616617,2004-2006,0.0028142845735701985,0,-0.0028142845735701985,lost,FALSE,FALSE,0,Predator: Yellowtail flounder,Predator
Cumacea,0.05805805805805806,0.5975885904181127,0.001001001001001001,2018-2019,9.631591620515292e-6,0.002386873347115953,0.002377241755495438,gained,FALSE,TRUE,1,Predator: Yellowtail flounder,Predator
Pandalus,1,0.044444444444444446,0.7887887887887888,2004-2006,0.0017535149541237,0,-0.0017535149541237,lost,FALSE,FALSE,0,Predator: Yellowtail flounder,Predator
Hyperiidae,1,0.15527237139640965,0.8348348348348348,2004-2006,0.00262234396844058,0.0015059977883242653,-0.0011163461801163147,lost,FALSE,FALSE,0,Predator: Yellowtail flounder,Predator
Copepoda,1,0.3424003740449617,0.92992992992993,2018-2019,0.019471310075849783,0.01864371036549868,-8.275997103511026e-4,lost,FALSE,FALSE,0,Predator: Yellowtail flounder,Predator
Nematoda,1,0.3511485283241132,0.43043043043043044,2004-2006,0.0010695578751837344,2.841685889592524e-4,-7.853892862244819e-4,lost,FALSE,FALSE,0,Predator: Yellowtail flounder,Predator
Eumalacostraca,0.9309309309309309,0.3826894426048247,0.0940940940940941,2004-2006,7.396348819380924e-4,1.1935566652644833e-4,-6.202792154116441e-4,lost,FALSE,FALSE,0,Predator: Yellowtail flounder,Predator
Malacostraca,0.8678678678678678,0.1,0.08408408408408409,2018-2019,0,7.284479911965862e-5,7.284479911965862e-5,gained,FALSE,FALSE,0,Predator: Yellowtail flounder,Predator
Annelida,0.007007007007007007,0.3,0.001001001001001001,2018-2019,0,6.521662461714745e-5,6.521662461714745e-5,gained,TRUE,TRUE,2,Predator: Yellowtail flounder,Predator
