prey,mglm_p,indval,indval_p,indval_grp,share_early,share_late,d_share,direction,mglm_sig,iv_sig,n_criteria,level,axis
Amphipoda,0.001001001001001001,0.8788738252114474,0.001001001001001001,2018-2019,0.002846790890269151,0.24982067811945666,0.2469738872291875,gained,TRUE,TRUE,2,Ecoregion: Baie des Chaleurs,Ecoregion
Gammaridae,0.001001001001001001,0.9642857142857143,0.001001001001001001,2004-2006,0.13582036975182576,0,-0.13582036975182576,lost,TRUE,TRUE,2,Ecoregion: Baie des Chaleurs,Ecoregion
Crustacea,0.001001001001001001,0.9505525789137864,0.001001001001001001,2004-2006,0.12607648695006549,0.0018214936247723133,-0.12425499332529318,lost,TRUE,TRUE,2,Ecoregion: Baie des Chaleurs,Ecoregion
Decapoda,0.6236236236236237,0.6125506321109514,0.07307307307307308,2018-2019,0.06575835729215967,0.14576455607541539,0.08000619878325571,gained,FALSE,FALSE,0,Ecoregion: Baie des Chaleurs,Ecoregion
Mysida,0.021021021021021023,0.6967654347305593,0.001001001001001001,2004-2006,0.11890131368145263,0.045651680020318185,-0.07324963366113443,lost,TRUE,TRUE,2,Ecoregion: Baie des Chaleurs,Ecoregion
Eualus macilentus,NA,0.6553266094193698,0.009009009009009009,2004-2006,0.05135222749604891,0.0018214936247723133,-0.0495307338712766,lost,FALSE,TRUE,1,Ecoregion: Baie des Chaleurs,Ecoregion
Arthropoda,0.022022022022022022,0.4324684156440584,0.004004004004004004,2018-2019,0.0013082155939298796,0.047241196114146934,0.045932980520217055,gained,TRUE,TRUE,2,Ecoregion: Baie des Chaleurs,Ecoregion
Euphausiacea,0.974974974974975,0.3774962868046997,0.3763763763763764,2018-2019,0.03706553793968022,0.07858115468409586,0.041515616744415645,gained,FALSE,FALSE,0,Ecoregion: Baie des Chaleurs,Ecoregion
Argis dentata,NA,0.6428571428571429,0.008008008008008008,2004-2006,0.03986784171282947,0,-0.03986784171282947,lost,FALSE,TRUE,1,Ecoregion: Baie des Chaleurs,Ecoregion
Cumacea,0.015015015015015015,0.4444444444444444,0.001001001001001001,2018-2019,0,0.033305504958510423,0.033305504958510423,gained,TRUE,TRUE,2,Ecoregion: Baie des Chaleurs,Ecoregion
Polychaeta,0.9019019019019019,0.5633089782447922,0.1981981981981982,2004-2006,0.1147970813652566,0.08171529439543476,-0.033081786969821836,lost,FALSE,FALSE,0,Ecoregion: Baie des Chaleurs,Ecoregion
Copepoda,0.997997997997998,0.5080140965180542,0.34134134134134136,2018-2019,0.08022943608427353,0.10701071665257886,0.026781280568305324,gained,FALSE,FALSE,0,Ecoregion: Baie des Chaleurs,Ecoregion
Perciformes,0.06406406406406406,0.6071428571428571,0.007007007007007007,2004-2006,0.024944263762158206,0,-0.024944263762158206,lost,FALSE,TRUE,1,Ecoregion: Baie des Chaleurs,Ecoregion
Malacostraca,0.25125125125125125,0.2222222222222222,0.06006006006006006,2018-2019,0,0.019353369763205827,0.019353369763205827,gained,FALSE,FALSE,0,Ecoregion: Baie des Chaleurs,Ecoregion
Amphilochida,0.03903903903903904,0.42342678126989153,0.003003003003003003,2018-2019,9.792085848423877e-4,0.019727366255144034,0.018748157670301645,gained,TRUE,TRUE,2,Ecoregion: Baie des Chaleurs,Ecoregion
Diastylis,0.5935935935935935,0.35714285714285715,0.06906906906906907,2004-2006,0.018254875382682348,0,-0.018254875382682348,lost,FALSE,FALSE,0,Ecoregion: Baie des Chaleurs,Ecoregion
Nematoda,0.974974974974975,0.36825672610820753,0.1971971971971972,2018-2019,0.01636179918964119,0.03216967570270367,0.015807876513062476,gained,FALSE,FALSE,0,Ecoregion: Baie des Chaleurs,Ecoregion
Teleostei,0.997997997997998,0.39442467041759927,0.5065065065065065,2004-2006,0.044364971779037844,0.03196088848411253,-0.012404083294925317,lost,FALSE,FALSE,0,Ecoregion: Baie des Chaleurs,Ecoregion
Thoridae,0.998998998998999,0.15979715540901818,0.7757757757757757,2018-2019,0.0062707105892553456,0.01605191256830601,0.009781201979050667,gained,FALSE,FALSE,0,Ecoregion: Baie des Chaleurs,Ecoregion
Mollusca,0.997997997997998,0.22971592800080287,0.3633633633633634,2018-2019,0.006947225671627638,0.015401740538352561,0.008454514866724924,gained,FALSE,FALSE,0,Ecoregion: Baie des Chaleurs,Ecoregion
Eualus,0.7067067067067067,0.32142857142857145,0.12612612612612611,2004-2006,0.007921116707158574,0,-0.007921116707158574,lost,FALSE,FALSE,0,Ecoregion: Baie des Chaleurs,Ecoregion
Hyperiidae,0.997997997997998,0.2614278679422242,0.47147147147147145,2004-2006,0.015092303456441556,0.007587448559670782,-0.007504854896770774,lost,FALSE,FALSE,0,Ecoregion: Baie des Chaleurs,Ecoregion
Echinodermata,0.974974974974975,0.17857142857142858,0.31431431431431434,2004-2006,0.0072784022278079286,0,-0.0072784022278079286,lost,FALSE,FALSE,0,Ecoregion: Baie des Chaleurs,Ecoregion
Pandalus montagui,NA,0.26679995647273597,0.2672672672672673,2004-2006,0.0088959681697496,0.0018214936247723133,-0.007074474544977287,lost,FALSE,FALSE,0,Ecoregion: Baie des Chaleurs,Ecoregion
Brachyura,0.997997997997998,0.10714285714285714,0.5475475475475475,2004-2006,0.0051104646591713185,0,-0.0051104646591713185,lost,FALSE,FALSE,0,Ecoregion: Baie des Chaleurs,Ecoregion
other_phyla,1,0.08216604972683263,1,2018-2019,0.002446355537261685,0.006944444444444444,0.0044980889071827585,gained,FALSE,FALSE,0,Ecoregion: Baie des Chaleurs,Ecoregion
egg_larvae,0.993993993993994,0.14285714285714285,0.5355355355355356,2004-2006,0.0035546827426622823,0,-0.0035546827426622823,lost,FALSE,FALSE,0,Ecoregion: Baie des Chaleurs,Ecoregion
Crangon septemspinosa,NA,0.12545524210154269,0.6956956956956957,2004-2006,0.004302189951302015,0.0018214936247723133,-0.002480696326529702,lost,FALSE,FALSE,0,Ecoregion: Baie des Chaleurs,Ecoregion
Bivalvia,1,0.23810772404766545,0.7157157157157157,2018-2019,0.014550235290649813,0.01679062942724145,0.0022403941365916353,gained,FALSE,FALSE,0,Ecoregion: Baie des Chaleurs,Ecoregion
Echinozoa,0.997997997997998,0.10714285714285714,0.5745745745745746,2004-2006,0.001923309574276938,0,-0.001923309574276938,lost,FALSE,FALSE,0,Ecoregion: Baie des Chaleurs,Ecoregion
Pandalus,1,0.12377758455904704,0.975975975975976,2018-2019,0.00635817245293861,0.007994333130945153,0.0016361606780065435,gained,FALSE,FALSE,0,Ecoregion: Baie des Chaleurs,Ecoregion
Crangonidae,0.998998998998999,0.13708403815005465,0.6266266266266266,2004-2006,0.0032343559628109316,0.0018214936247723133,-0.0014128623380386183,lost,FALSE,FALSE,0,Ecoregion: Baie des Chaleurs,Ecoregion
Eumalacostraca,1,0.06944156512258233,0.6536536536536537,2018-2019,0.0018520566121185316,0.0030864197530864196,0.001234363140967888,gained,FALSE,FALSE,0,Ecoregion: Baie des Chaleurs,Ecoregion
plantae_chromista,1,0.2565410809039962,0.9179179179179179,2004-2006,0.024143196748137738,0.02291202860419618,-0.0012311681439415578,lost,FALSE,FALSE,0,Ecoregion: Baie des Chaleurs,Ecoregion
Oregoniidae,1,0.06719462443004559,1,2018-2019,0.0011904761904761904,0.0018214936247723133,6.310174342961229e-4,gained,FALSE,FALSE,0,Ecoregion: Baie des Chaleurs,Ecoregion
Gammaridae,0.001001001001001001,0.9696969696969697,0.001001001001001001,2004-2006,0.1500498092965015,0,-0.1500498092965015,lost,TRUE,TRUE,2,Ecoregion: Central,Ecoregion
Amphipoda,0.001001001001001001,0.9119570345963403,0.001001001001001001,2018-2019,0.0031402786037872713,0.13397076821162593,0.13083048960783866,gained,TRUE,TRUE,2,Ecoregion: Central,Ecoregion
Crustacea,0.001001001001001001,0.8457060542023687,0.001001001001001001,2004-2006,0.08665062729483632,0.0018371307055517583,-0.08481349658928455,lost,TRUE,TRUE,2,Ecoregion: Central,Ecoregion
Pandalus,0.008008008008008008,0.5111109797187027,0.001001001001001001,2004-2006,0.06267414084372458,0.007927182208915955,-0.05474695863480862,lost,TRUE,TRUE,2,Ecoregion: Central,Ecoregion
Caridea,0.001001001001001001,0.670544941530321,0.001001001001001001,2004-2006,0.05251733925061666,0.0020695970695970697,-0.05044774218101959,lost,TRUE,TRUE,2,Ecoregion: Central,Ecoregion
Teleostei,0.007007007007007007,0.6119774161991268,0.001001001001001001,2018-2019,0.03624623411017156,0.07701436604369563,0.04076813193352407,gained,TRUE,TRUE,2,Ecoregion: Central,Ecoregion
Arthropoda,0.001001001001001001,0.6262462598077342,0.001001001001001001,2018-2019,4.3871472442901015e-4,0.03876684139142206,0.03832812666699305,gained,TRUE,TRUE,2,Ecoregion: Central,Ecoregion
Mysida,0.015015015015015015,0.5253568690347582,0.007007007007007007,2004-2006,0.06267812031634422,0.02589739612819028,-0.03678072418815394,lost,TRUE,TRUE,2,Ecoregion: Central,Ecoregion
Hyperiidae,0.0990990990990991,0.5103401518123044,0.014014014014014014,2004-2006,0.06382459053058297,0.032814879435658466,-0.0310097110949245,lost,FALSE,TRUE,1,Ecoregion: Central,Ecoregion
Cumacea,0.001001001001001001,0.4666666666666667,0.001001001001001001,2018-2019,0,0.031003784633508138,0.031003784633508138,gained,TRUE,TRUE,2,Ecoregion: Central,Ecoregion
egg_larvae,0.002002002002002002,0.4171320356006128,0.001001001001001001,2018-2019,0.0033444815771915904,0.028163940626959344,0.024819459049767754,gained,TRUE,TRUE,2,Ecoregion: Central,Ecoregion
Brachyura,0.001001001001001001,0.3647085886130678,0.001001001001001001,2018-2019,1.1140819964349375e-4,0.020750718888464616,0.020639310688821123,gained,TRUE,TRUE,2,Ecoregion: Central,Ecoregion
Echinodermata,0.028028028028028028,0.35954412602885144,0.002002002002002002,2018-2019,0.008660245346919561,0.02906708827025748,0.02040684292333792,gained,TRUE,TRUE,2,Ecoregion: Central,Ecoregion
Oregoniidae,0.015015015015015015,0.36995153534596475,0.003003003003003003,2018-2019,0.007139502077439537,0.02730978823154527,0.020170286154105734,gained,TRUE,TRUE,2,Ecoregion: Central,Ecoregion
Annelida,0.02702702702702703,0.19315343133162138,0.003003003003003003,2018-2019,6.315872577270753e-4,0.017818158543964995,0.01718657128623792,gained,TRUE,TRUE,2,Ecoregion: Central,Ecoregion
Nematoda,0.9079079079079079,0.4517122545026279,0.2042042042042042,2018-2019,0.056443937891195006,0.07320504027905965,0.016761102387864643,gained,FALSE,FALSE,0,Ecoregion: Central,Ecoregion
Malacostraca,0.003003003003003003,0.26666666666666666,0.001001001001001001,2018-2019,0,0.015445185401325752,0.015445185401325752,gained,TRUE,TRUE,2,Ecoregion: Central,Ecoregion
Bivalvia,0.7507507507507507,0.3683260421800841,0.0940940940940941,2018-2019,0.020395440479084374,0.03242562064753071,0.012030180168446338,gained,FALSE,FALSE,0,Ecoregion: Central,Ecoregion
Thoridae,0.15715715715715717,0.17902195990586237,0.012012012012012012,2018-2019,0.0014022276091585988,0.011966300650547176,0.010564073041388577,gained,FALSE,TRUE,1,Ecoregion: Central,Ecoregion
Perciformes,0.7507507507507507,0.18907157327629737,0.14714714714714713,2018-2019,0.007233869470239628,0.01762636040313519,0.01039249093289556,gained,FALSE,FALSE,0,Ecoregion: Central,Ecoregion
Amphilochida,0.037037037037037035,0.27205724552106725,0.002002002002002002,2018-2019,0.0028080860201603235,0.01246750853565599,0.009659422515495668,gained,TRUE,TRUE,2,Ecoregion: Central,Ecoregion
Copepoda,0.968968968968969,0.45866828241063173,0.4574574574574575,2004-2006,0.07623424345959151,0.06730885147599311,-0.008925391983598402,lost,FALSE,FALSE,0,Ecoregion: Central,Ecoregion
other_phyla,0.026026026026026026,0.24054481313565165,0.001001001001001001,2018-2019,0.0010583494299419693,0.009745880611241688,0.008687531181299718,gained,TRUE,TRUE,2,Ecoregion: Central,Ecoregion
Polychaeta,0.998998998998999,0.4835083725700828,0.6866866866866866,2004-2006,0.1329340425781781,0.1253395283080755,-0.007594514270102604,lost,FALSE,FALSE,0,Ecoregion: Central,Ecoregion
Diastylis,0.3173173173173173,0.19905263780987797,0.035035035035035036,2004-2006,0.007692624525257108,5.05050505050505e-4,-0.007187574020206603,lost,FALSE,TRUE,1,Ecoregion: Central,Ecoregion
Mollusca,0.6736736736736737,0.22623553364178708,0.08408408408408409,2018-2019,0.009301012606720484,0.014983996106601252,0.005682983499880768,gained,FALSE,FALSE,0,Ecoregion: Central,Ecoregion
Vertebrata,0.5715715715715716,0.06512157436773197,0.09109109109109109,2018-2019,1.295001295001295e-4,0.005458089668615984,0.005328589539115854,gained,FALSE,FALSE,0,Ecoregion: Central,Ecoregion
Argis dentata,NA,0.15151515151515152,0.044044044044044044,2004-2006,0.005267647883141437,0,-0.005267647883141437,lost,FALSE,TRUE,1,Ecoregion: Central,Ecoregion
Crangonidae,0.8928928928928929,0.11580915588850696,0.22022022022022023,2004-2006,0.00482006649902462,0.0014861111111111112,-0.0033339553879135086,lost,FALSE,FALSE,0,Ecoregion: Central,Ecoregion
Chordata,0.5425425425425425,0.0901975044743649,0.06406406406406406,2018-2019,3.885003885003885e-4,0.0035747800586510264,0.003186279670150638,gained,FALSE,FALSE,0,Ecoregion: Central,Ecoregion
Eualus,0.988988988988989,0.06540107339075793,0.4964964964964965,2004-2006,0.0037589148317457616,5.952380952380952e-4,-0.0031636767365076663,lost,FALSE,FALSE,0,Ecoregion: Central,Ecoregion
Decapoda,0.998998998998999,0.4113061701928896,0.9179179179179179,2004-2006,0.06409632987710757,0.061044742478324254,-0.0030515873987833203,lost,FALSE,FALSE,0,Ecoregion: Central,Ecoregion
Echinozoa,0.998998998998999,0.04368748474383358,0.9619619619619619,2018-2019,0.002306170043524019,0.004384436701509872,0.002078266657985853,gained,FALSE,FALSE,0,Ecoregion: Central,Ecoregion
Eumalacostraca,0.998998998998999,0.16102052747305237,0.7027027027027027,2018-2019,0.009794665322643444,0.011348022466902516,0.0015533571442590717,gained,FALSE,FALSE,0,Ecoregion: Central,Ecoregion
plantae_chromista,0.995995995995996,0.1792210960138768,0.6186186186186187,2018-2019,0.009108110560605969,0.010592056709316771,0.0014839461487108022,gained,FALSE,FALSE,0,Ecoregion: Central,Ecoregion
Pandalus montagui,NA,0.03210353730988735,0.94994994994995,2004-2006,0.005512511478420569,0.0048941798941798936,-6.183315842406755e-4,lost,FALSE,FALSE,0,Ecoregion: Central,Ecoregion
Eualus macilentus,NA,0.045454545454545456,0.4754754754754755,2004-2006,5.922958756531209e-4,0,-5.922958756531209e-4,lost,FALSE,FALSE,0,Ecoregion: Central,Ecoregion
Euphausiacea,0.998998998998999,0.2933705965020083,0.953953953953954,2004-2006,0.040614373610690514,0.04119137950257698,5.77005891886466e-4,gained,FALSE,FALSE,0,Ecoregion: Central,Ecoregion
Amphipoda,0.001001001001001001,0.8942071537950715,0.001001001001001001,2018-2019,0.005008411166434432,0.20429622861622823,0.1992878174497938,gained,TRUE,TRUE,2,Ecoregion: Magdalen Shallows,Ecoregion
Gammaridae,0.001001001001001001,0.9508966270936158,0.001001001001001001,2004-2006,0.18578345138166014,1.0934937124111536e-4,-0.18567410201041903,lost,TRUE,TRUE,2,Ecoregion: Magdalen Shallows,Ecoregion
Crustacea,0.001001001001001001,0.8244257534314825,0.001001001001001001,2004-2006,0.09299211931321028,0.0014610368980389284,-0.09153108241517134,lost,TRUE,TRUE,2,Ecoregion: Magdalen Shallows,Ecoregion
Mysida,0.001001001001001001,0.686734527020341,0.001001001001001001,2004-2006,0.11200931312703029,0.02298715737722993,-0.08902215574980035,lost,TRUE,TRUE,2,Ecoregion: Magdalen Shallows,Ecoregion
Arthropoda,0.001001001001001001,0.4493060182211879,0.001001001001001001,2018-2019,0.001333452830386905,0.03939013917445324,0.03805668634406634,gained,TRUE,TRUE,2,Ecoregion: Magdalen Shallows,Ecoregion
Euphausiacea,0.001001001001001001,0.40769149498296675,0.001001001001001001,2018-2019,0.02081383466266622,0.05766757724616707,0.036853742583500854,gained,TRUE,TRUE,2,Ecoregion: Magdalen Shallows,Ecoregion
Diastylis,0.001001001001001001,0.5644060016337985,0.001001001001001001,2004-2006,0.032007398623507315,2.0161290322580645e-4,-0.03180578572028151,lost,TRUE,TRUE,2,Ecoregion: Magdalen Shallows,Ecoregion
Amphilochida,0.001001001001001001,0.47425879527685666,0.001001001001001001,2018-2019,0.0049515674592045195,0.03469916254352254,0.02974759508431802,gained,TRUE,TRUE,2,Ecoregion: Magdalen Shallows,Ecoregion
Cumacea,0.001001001001001001,0.46877670711552233,0.001001001001001001,2018-2019,4.85158902921283e-4,0.02631499052414736,0.02582983162122608,gained,TRUE,TRUE,2,Ecoregion: Magdalen Shallows,Ecoregion
Decapoda,0.001001001001001001,0.48179050416373326,0.001001001001001001,2018-2019,0.04371730805837592,0.0689883764525022,0.025271068394126288,gained,TRUE,TRUE,2,Ecoregion: Magdalen Shallows,Ecoregion
Teleostei,0.001001001001001001,0.4290333140426928,0.002002002002002002,2018-2019,0.038230363798338204,0.06277372159497603,0.024543357796637827,gained,TRUE,TRUE,2,Ecoregion: Magdalen Shallows,Ecoregion
Argis dentata,NA,0.42641251219759035,0.001001001001001001,2004-2006,0.02262784009267442,0.0023593646395587897,-0.02026847545311563,lost,FALSE,TRUE,1,Ecoregion: Magdalen Shallows,Ecoregion
egg_larvae,0.001001001001001001,0.3696286120381164,0.001001001001001001,2018-2019,0.005761865528611712,0.02408241742970752,0.01832055190109581,gained,TRUE,TRUE,2,Ecoregion: Magdalen Shallows,Ecoregion
Eualus macilentus,NA,0.36145779624595703,0.001001001001001001,2004-2006,0.01648358949620776,1.1947431302270011e-4,-0.01636411518318506,lost,FALSE,TRUE,1,Ecoregion: Magdalen Shallows,Ecoregion
Oregoniidae,0.001001001001001001,0.3429895256174394,0.001001001001001001,2018-2019,0.014584256415252796,0.030009661032919487,0.01542540461766669,gained,TRUE,TRUE,2,Ecoregion: Magdalen Shallows,Ecoregion
Polychaeta,0.6216216216216216,0.4631261163622713,0.14914914914914915,2004-2006,0.11400228100981401,0.10108738912851953,-0.01291489188129448,lost,FALSE,FALSE,0,Ecoregion: Magdalen Shallows,Ecoregion
other_phyla,0.001001001001001001,0.19752184561992536,0.002002002002002002,2018-2019,0.005039656741226118,0.016441995248097717,0.011402338506871598,gained,TRUE,TRUE,2,Ecoregion: Magdalen Shallows,Ecoregion
Bivalvia,0.003003003003003003,0.3524066041811645,0.01001001001001001,2004-2006,0.02960031856703747,0.018309330832944403,-0.011290987734093066,lost,TRUE,TRUE,2,Ecoregion: Magdalen Shallows,Ecoregion
Eumalacostraca,0.003003003003003003,0.24391669945464692,0.004004004004004004,2004-2006,0.016960964442283004,0.007174064855233497,-0.009786899587049508,lost,TRUE,TRUE,2,Ecoregion: Magdalen Shallows,Ecoregion
Echinozoa,0.7027027027027027,0.19068734772142668,0.13113113113113112,2018-2019,0.012986132837572892,0.022003955411295177,0.009017822573722285,gained,FALSE,FALSE,0,Ecoregion: Magdalen Shallows,Ecoregion
Hyperiidae,0.09309309309309309,0.28168009941776434,0.006006006006006006,2018-2019,0.018465068625426538,0.027477981642035024,0.009012913016608486,gained,FALSE,TRUE,1,Ecoregion: Magdalen Shallows,Ecoregion
Eualus,0.001001001001001001,0.24712271809464206,0.001001001001001001,2004-2006,0.008997129116068453,5.465937652100593e-4,-0.008450535350858393,lost,TRUE,TRUE,2,Ecoregion: Magdalen Shallows,Ecoregion
Malacostraca,0.001001001001001001,0.16516714565096213,0.001001001001001001,2018-2019,1.2813815253370306e-4,0.008219782691571809,0.008091644539038106,gained,TRUE,TRUE,2,Ecoregion: Magdalen Shallows,Ecoregion
Annelida,0.001001001001001001,0.17574611642447124,0.001001001001001001,2018-2019,2.153527282208564e-4,0.007725466225068603,0.007510113496847747,gained,TRUE,TRUE,2,Ecoregion: Magdalen Shallows,Ecoregion
Brachyura,0.001001001001001001,0.20316836939722127,0.001001001001001001,2018-2019,0.0045199815943729035,0.011379030032114731,0.0068590484377418276,gained,TRUE,TRUE,2,Ecoregion: Magdalen Shallows,Ecoregion
Pandalus montagui,NA,0.2320426851280208,0.008008008008008008,2004-2006,0.015049743177460464,0.008720900264722768,-0.006328842912737696,lost,FALSE,TRUE,1,Ecoregion: Magdalen Shallows,Ecoregion
Perciformes,0.973973973973974,0.1865102534967289,0.47847847847847846,2018-2019,0.014461899138879838,0.019822772915109456,0.005360873776229617,gained,FALSE,FALSE,0,Ecoregion: Magdalen Shallows,Ecoregion
Nematoda,0.8618618618618619,0.24555162525426127,0.3763763763763764,2018-2019,0.019472052708370047,0.02475379170571782,0.005281738997347775,gained,FALSE,FALSE,0,Ecoregion: Magdalen Shallows,Ecoregion
Crangonidae,0.001001001001001001,0.22194305457213515,0.002002002002002002,2004-2006,0.009194806294140006,0.004380123056586694,-0.004814683237553311,lost,TRUE,TRUE,2,Ecoregion: Magdalen Shallows,Ecoregion
Crangon septemspinosa,NA,0.11281150588088527,0.018018018018018018,2018-2019,0.005481289554104084,0.010073834358071,0.004592544803966916,gained,FALSE,TRUE,1,Ecoregion: Magdalen Shallows,Ecoregion
Echinodermata,0.97997997997998,0.14853244454504452,0.4574574574574575,2018-2019,0.010504792798423344,0.01424516610728556,0.003740373308862217,gained,FALSE,FALSE,0,Ecoregion: Magdalen Shallows,Ecoregion
Chordata,0.13513513513513514,0.07985685745700102,0.01901901901901902,2004-2006,0.0034900479424456255,9.651935696234789e-4,-0.0025248543728221464,lost,FALSE,TRUE,1,Ecoregion: Magdalen Shallows,Ecoregion
Mollusca,0.985985985985986,0.15117436152713812,0.996996996996997,2004-2006,0.01037552780157106,0.01277973101132299,0.00240420320975193,gained,FALSE,FALSE,0,Ecoregion: Magdalen Shallows,Ecoregion
plantae_chromista,0.985985985985986,0.22094652168094417,0.9229229229229229,2018-2019,0.017026331233445626,0.018960438349329055,0.0019341071158834287,gained,FALSE,FALSE,0,Ecoregion: Magdalen Shallows,Ecoregion
Pandalus,0.985985985985986,0.10737758195817992,0.7627627627627628,2018-2019,0.0043778679979977,0.005896759194061826,0.0015188911960641264,gained,FALSE,FALSE,0,Ecoregion: Magdalen Shallows,Ecoregion
Pandalidae,0.18018018018018017,0.023799241447873026,0.031031031031031032,2018-2019,8.287438728406068e-5,9.826313094564367e-4,8.99756922172376e-4,gained,FALSE,TRUE,1,Ecoregion: Magdalen Shallows,Ecoregion
Copepoda,0.985985985985986,0.33809015897793704,0.8158158158158159,2004-2006,0.07128730704952876,0.07201081363239838,7.235065828696124e-4,gained,FALSE,FALSE,0,Ecoregion: Magdalen Shallows,Ecoregion
Thoridae,0.985985985985986,0.14190290651693876,0.7317317317317318,2004-2006,0.010945842668780292,0.010397652780048004,-5.481898887322884e-4,lost,FALSE,FALSE,0,Ecoregion: Magdalen Shallows,Ecoregion
Caridea,0.8638638638638638,0.018134523290606733,0.2972972972972973,2004-2006,5.44662576530945e-4,1.8433179723502304e-4,-3.603307792959219e-4,lost,FALSE,FALSE,0,Ecoregion: Magdalen Shallows,Ecoregion
Amphipoda,0.001001001001001001,0.853595158013595,0.001001001001001001,2018-2019,0.007812746653480666,0.14371178585527272,0.13589903920179205,gained,TRUE,TRUE,2,Ecoregion: Northumberland,Ecoregion
Gammaridae,0.001001001001001001,0.9473684210526315,0.001001001001001001,2004-2006,0.1078330033356978,0,-0.1078330033356978,lost,TRUE,TRUE,2,Ecoregion: Northumberland,Ecoregion
Decapoda,0.006006006006006006,0.671526458086569,0.002002002002002002,2018-2019,0.03634109970484934,0.1068132868400798,0.07047218713523046,gained,TRUE,TRUE,2,Ecoregion: Northumberland,Ecoregion
Amphilochida,0.001001001001001001,0.5929528198811786,0.001001001001001001,2018-2019,5.980861244019139e-4,0.05032322830074587,0.04972514217634395,gained,TRUE,TRUE,2,Ecoregion: Northumberland,Ecoregion
Mollusca,0.15515515515515516,0.5526708172542873,0.009009009009009009,2004-2006,0.054304753446147186,0.005167658581692981,-0.0491370948644542,lost,FALSE,TRUE,1,Ecoregion: Northumberland,Ecoregion
Arthropoda,0.001001001001001001,0.8061848755471843,0.001001001001001001,2018-2019,0.0026433552809042348,0.04863692788223567,0.04599357260133143,gained,TRUE,TRUE,2,Ecoregion: Northumberland,Ecoregion
Crustacea,0.005005005005005005,0.6149447226768087,0.002002002002002002,2004-2006,0.06301632694696147,0.01788481744155503,-0.04513150950540644,lost,TRUE,TRUE,2,Ecoregion: Northumberland,Ecoregion
Polychaeta,0.963963963963964,0.5572463510765058,0.11311311311311312,2004-2006,0.12716658642637313,0.08902793501045904,-0.03813865141591409,lost,FALSE,FALSE,0,Ecoregion: Northumberland,Ecoregion
Bivalvia,0.1881881881881882,0.5593038404047255,0.02002002002002002,2004-2006,0.057735488316463475,0.021043326581914528,-0.03669216173454895,lost,FALSE,TRUE,1,Ecoregion: Northumberland,Ecoregion
Diastylis,0.013013013013013013,0.4473684210526316,0.003003003003003003,2004-2006,0.02755070493445969,0,-0.02755070493445969,lost,TRUE,TRUE,2,Ecoregion: Northumberland,Ecoregion
Crangon septemspinosa,NA,0.44345667599559974,0.6836836836836837,2018-2019,0.09899642177998788,0.12312844241467273,0.02413202063468485,gained,FALSE,FALSE,0,Ecoregion: Northumberland,Ecoregion
plantae_chromista,1,0.4236408858304972,0.36236236236236236,2004-2006,0.04400402455697671,0.027065642722938446,-0.016938381834038264,lost,FALSE,FALSE,0,Ecoregion: Northumberland,Ecoregion
Thoridae,0.23323323323323322,0.3495354026907338,0.02002002002002002,2018-2019,0.006190750787701562,0.021538797023950854,0.015348046236249292,gained,FALSE,TRUE,1,Ecoregion: Northumberland,Ecoregion
Cumacea,0.002002002002002002,0.4,0.001001001001001001,2018-2019,0,0.013641929383398633,0.013641929383398633,gained,TRUE,TRUE,2,Ecoregion: Northumberland,Ecoregion
Copepoda,1,0.42742151558288477,0.8358358358358359,2018-2019,0.12646016780964192,0.11437633825571067,-0.012083829553931252,lost,FALSE,FALSE,0,Ecoregion: Northumberland,Ecoregion
Malacostraca,0.002002002002002002,0.4,0.001001001001001001,2018-2019,0,0.01141970107530911,0.01141970107530911,gained,TRUE,TRUE,2,Ecoregion: Northumberland,Ecoregion
Hyperiidae,0.8208208208208209,0.20804872712806238,0.03903903903903904,2018-2019,0.002349624060150376,0.01165247825580882,0.009302854195658444,gained,FALSE,TRUE,1,Ecoregion: Northumberland,Ecoregion
Euphausiacea,0.996996996996997,0.30459409375685187,0.2602602602602603,2018-2019,0.01609986202081658,0.025096083205074254,0.008996221184257674,gained,FALSE,FALSE,0,Ecoregion: Northumberland,Ecoregion
Teleostei,1,0.368958780025059,0.5245245245245245,2004-2006,0.04025622016009018,0.03152511911765141,-0.008731101042438773,lost,FALSE,FALSE,0,Ecoregion: Northumberland,Ecoregion
Chordata,0.996996996996997,0.15253669650493817,0.37037037037037035,2004-2006,0.009756755919956728,0.002025963808025177,-0.007730792111931551,lost,FALSE,FALSE,0,Ecoregion: Northumberland,Ecoregion
other_phyla,0.996996996996997,0.28586430219848163,0.23923923923923923,2004-2006,0.014404917300954783,0.006812241646834725,-0.007592675654120059,lost,FALSE,FALSE,0,Ecoregion: Northumberland,Ecoregion
Crangonidae,0.938938938938939,0.23323240085056798,0.12612612612612611,2004-2006,0.011509687116136903,0.004074074074074074,-0.0074356130420628296,lost,FALSE,FALSE,0,Ecoregion: Northumberland,Ecoregion
Brachyura,0.985985985985986,0.21382343198666257,0.18618618618618618,2004-2006,0.010274123848658992,0.0036349620493358633,-0.006639161799323128,lost,FALSE,FALSE,0,Ecoregion: Northumberland,Ecoregion
Pandalus montagui,NA,0.2405494536003872,0.27127127127127126,2004-2006,0.013703741957440735,0.0072846534073605545,-0.00641908855008018,lost,FALSE,FALSE,0,Ecoregion: Northumberland,Ecoregion
Echinodermata,0.996996996996997,0.22434860171141463,0.28928928928928926,2004-2006,0.010375022903227256,0.004228692016673084,-0.006146330886554172,lost,FALSE,FALSE,0,Ecoregion: Northumberland,Ecoregion
Nematoda,1,0.2315611052689021,0.9279279279279279,2018-2019,0.01883880364618521,0.013699124907270497,-0.005139678738914714,lost,FALSE,FALSE,0,Ecoregion: Northumberland,Ecoregion
Annelida,0.3133133133133133,0.18283401200510416,0.01701701701701702,2018-2019,4.965243296921549e-4,0.005288453847384418,0.0047919295176922635,gained,FALSE,TRUE,1,Ecoregion: Northumberland,Ecoregion
Perciformes,1,0.20187133134257268,0.46546546546546547,2004-2006,0.009321776129784265,0.005260377553202858,-0.0040613985765814075,lost,FALSE,FALSE,0,Ecoregion: Northumberland,Ecoregion
Argis dentata,NA,0.09216739013850678,0.35035035035035034,2004-2006,0.004344415063081432,6.172839506172839e-4,-0.0037271311124641485,lost,FALSE,FALSE,0,Ecoregion: Northumberland,Ecoregion
Pandalidae,0.6846846846846847,0.1,0.12812812812812813,2018-2019,0,0.003611971104231166,0.003611971104231166,gained,FALSE,FALSE,0,Ecoregion: Northumberland,Ecoregion
Echinozoa,1,0.1656232244148623,0.7617617617617618,2018-2019,0.014192082379482525,0.017492147989233497,0.0033000656097509715,gained,FALSE,FALSE,0,Ecoregion: Northumberland,Ecoregion
Mysida,1,0.38027838563103844,0.4214214214214214,2018-2019,0.04122382465108729,0.04240090078208998,0.001177076131002694,gained,FALSE,FALSE,0,Ecoregion: Northumberland,Ecoregion
Eumalacostraca,1,0.04584410804506498,0.918918918918919,2004-2006,0.003350520866083967,0.0024193548387096775,-9.311660273742897e-4,lost,FALSE,FALSE,0,Ecoregion: Northumberland,Ecoregion
egg_larvae,1,0.16398653704828112,0.972972972972973,2004-2006,0.009136099369169802,0.009923438902598787,7.873395334289848e-4,gained,FALSE,FALSE,0,Ecoregion: Northumberland,Ecoregion
Pandalus,1,0.12003806859833273,0.7807807807807807,2018-2019,0.006665739679001987,0.006156745350095681,-5.089943289063063e-4,lost,FALSE,FALSE,0,Ecoregion: Northumberland,Ecoregion
Oregoniidae,1,0.04477710905192903,0.9429429429429429,2018-2019,0.0020732906295715474,0.0016811137378513264,-3.9217689172022104e-4,lost,FALSE,FALSE,0,Ecoregion: Northumberland,Ecoregion
Eualus,1,0.05783100352410217,0.7627627627627628,2018-2019,9.734518653803031e-4,0.0013350020859407593,3.6155022056045627e-4,gained,FALSE,FALSE,0,Ecoregion: Northumberland,Ecoregion
Gammaridae,0.001001001001001001,0.9349246483553016,0.001001001001001001,2004-2006,0.14997055286349717,3.606202668589975e-4,-0.14960993259663818,lost,TRUE,TRUE,2,Size class: adult,Size class
Amphipoda,0.001001001001001001,0.8563939103804191,0.001001001001001001,2018-2019,0.006644971954192875,0.15288119072293796,0.1462362187687451,gained,TRUE,TRUE,2,Size class: adult,Size class
Crustacea,0.001001001001001001,0.7699129040406965,0.001001001001001001,2004-2006,0.08137626908865621,0.007717777501278808,-0.0736584915873774,lost,TRUE,TRUE,2,Size class: adult,Size class
Arthropoda,0.001001001001001001,0.5232894536761773,0.001001001001001001,2018-2019,0.0010763607758553077,0.06530081320126588,0.06422445242541057,gained,TRUE,TRUE,2,Size class: adult,Size class
Mysida,0.001001001001001001,0.6165119992702289,0.001001001001001001,2004-2006,0.08584326774778427,0.024236698469006963,-0.06160656927877731,lost,TRUE,TRUE,2,Size class: adult,Size class
Diastylis,0.001001001001001001,0.5340314136125655,0.001001001001001001,2004-2006,0.02999916987064535,0,-0.02999916987064535,lost,TRUE,TRUE,2,Size class: adult,Size class
Teleostei,0.8278278278278278,0.4279218683513357,0.44044044044044045,2018-2019,0.05802160929671098,0.08402773413937653,0.026006124842665554,gained,FALSE,FALSE,0,Size class: adult,Size class
Cumacea,0.001001001001001001,0.45169293121620824,0.001001001001001001,2018-2019,9.529607534191103e-4,0.026259214025388465,0.025306253271969354,gained,TRUE,TRUE,2,Size class: adult,Size class
Nematoda,0.19019019019019018,0.3818285531303958,0.056056056056056056,2018-2019,0.02482788073993354,0.04921105072765931,0.024383169987725765,gained,FALSE,FALSE,0,Size class: adult,Size class
Argis dentata,NA,0.4627013666527793,0.001001001001001001,2004-2006,0.025673588786339508,0.0025053196320977116,-0.023168269154241798,lost,FALSE,TRUE,1,Size class: adult,Size class
Eualus macilentus,NA,0.3854229989456422,0.002002002002002002,2004-2006,0.020954546751277867,3.940110323089046e-4,-0.020560535718968962,lost,FALSE,TRUE,1,Size class: adult,Size class
Amphilochida,0.006006006006006006,0.2956224598124448,0.003003003003003003,2018-2019,0.005832504048635941,0.026093036631368194,0.020260532582732253,gained,TRUE,TRUE,2,Size class: adult,Size class
Oregoniidae,0.4794794794794795,0.32241651976864355,0.12912912912912913,2018-2019,0.020388170114242547,0.039375097620660056,0.01898692750641751,gained,FALSE,FALSE,0,Size class: adult,Size class
Euphausiacea,0.36736736736736736,0.31347375601768024,0.037037037037037035,2018-2019,0.021346441437524184,0.03804438748092528,0.016697946043401093,gained,FALSE,TRUE,1,Size class: adult,Size class
Annelida,0.001001001001001001,0.14728886860100365,0.001001001001001001,2018-2019,1.582804235180013e-4,0.014152201597565178,0.013993921174047175,gained,TRUE,TRUE,2,Size class: adult,Size class
other_phyla,0.41041041041041043,0.2256093039604064,0.07307307307307308,2018-2019,0.006450302362824728,0.020138210316049496,0.013687907953224767,gained,FALSE,FALSE,0,Size class: adult,Size class
Bivalvia,0.36736736736736736,0.3895977075699965,0.062062062062062065,2004-2006,0.033862114984795084,0.020744539012920733,-0.013117575971874351,lost,FALSE,FALSE,0,Size class: adult,Size class
Hyperiidae,0.983983983983984,0.22357176247565236,0.5955955955955956,2018-2019,0.019200948410089173,0.031077814581405145,0.011876866171315972,gained,FALSE,FALSE,0,Size class: adult,Size class
Echinozoa,0.993993993993994,0.16170945146161092,0.9459459459459459,2018-2019,0.01442181788102393,0.02491348996457818,0.01049167208355425,gained,FALSE,FALSE,0,Size class: adult,Size class
Caridea,0.36736736736736736,0.1256544502617801,0.026026026026026026,2004-2006,0.010079868625583596,0,-0.010079868625583596,lost,FALSE,TRUE,1,Size class: adult,Size class
Echinodermata,0.8238238238238238,0.27402273778557795,0.1841841841841842,2018-2019,0.016793506585348953,0.02663299515672485,0.009839488571375898,gained,FALSE,FALSE,0,Size class: adult,Size class
Polychaeta,0.9209209209209209,0.4731668591781491,0.3793793793793794,2004-2006,0.11448278522369072,0.10466576592908428,-0.009817019294606447,lost,FALSE,FALSE,0,Size class: adult,Size class
Decapoda,0.993993993993994,0.3916322116476375,0.924924924924925,2018-2019,0.05342447953465286,0.06306362297661139,0.009639143441958528,gained,FALSE,FALSE,0,Size class: adult,Size class
Pandalus montagui,NA,0.26722753415583445,0.09309309309309309,2004-2006,0.019424968037654106,0.009879677091085023,-0.009545290946569083,lost,FALSE,FALSE,0,Size class: adult,Size class
plantae_chromista,0.5865865865865866,0.32565289697913397,0.11011011011011011,2004-2006,0.020745836983898494,0.01127361397893819,-0.009472223004960305,lost,FALSE,FALSE,0,Size class: adult,Size class
egg_larvae,0.36736736736736736,0.23157354470469801,0.07607607607607608,2018-2019,0.005530364275366814,0.014623811978724954,0.00909344770335814,gained,FALSE,FALSE,0,Size class: adult,Size class
Crangonidae,0.04704704704704705,0.27927414238729664,0.021021021021021023,2004-2006,0.00879428650413733,0.00225187322194174,-0.006542413282195589,lost,TRUE,TRUE,2,Size class: adult,Size class
Eualus,0.06106106106106106,0.23027039576436278,0.012012012012012012,2004-2006,0.007082252524193046,9.691203030703493e-4,-0.006113132221122697,lost,FALSE,TRUE,1,Size class: adult,Size class
Pandalus,0.990990990990991,0.18987944704720694,0.3713713713713714,2004-2006,0.013705307882072202,0.007835020819274442,-0.00587028706279776,lost,FALSE,FALSE,0,Size class: adult,Size class
Thoridae,0.990990990990991,0.16462844229984266,0.6386386386386387,2018-2019,0.010622979732573238,0.015619243911095284,0.004996264178522046,gained,FALSE,FALSE,0,Size class: adult,Size class
Brachyura,0.8808808808808809,0.12028138082199867,0.13013013013013014,2018-2019,0.0069713172151613795,0.011775641584323808,0.0048043243691624285,gained,FALSE,FALSE,0,Size class: adult,Size class
Perciformes,0.990990990990991,0.24341861587805355,0.4934934934934935,2004-2006,0.021454470736889008,0.01684640833024075,-0.004608062406648256,lost,FALSE,FALSE,0,Size class: adult,Size class
Malacostraca,0.001001001001001001,0.12212818269610795,0.001001001001001001,2018-2019,2.109576902821239e-4,0.00465775710743321,0.004446799417151086,gained,TRUE,TRUE,2,Size class: adult,Size class
Pandalidae,0.08508508508508508,0.06138181767357402,0.013013013013013013,2018-2019,1.2355822113087016e-4,0.0030981709593131766,0.0029746127381823063,gained,FALSE,TRUE,1,Size class: adult,Size class
Eumalacostraca,0.982982982982983,0.15362057028693615,0.44144144144144143,2004-2006,0.009705048552612635,0.007163788700268763,-0.0025412598523438723,lost,FALSE,FALSE,0,Size class: adult,Size class
Chordata,0.992992992992993,0.07110590324212476,0.6866866866866866,2004-2006,0.005219760927598514,0.004004314148445926,-0.0012154467791525882,lost,FALSE,FALSE,0,Size class: adult,Size class
Crangon septemspinosa,NA,0.08619423675562578,0.8618618618618619,2004-2006,0.009206986154627048,0.008129759920563787,-0.0010772262340632607,lost,FALSE,FALSE,0,Size class: adult,Size class
Copepoda,0.993993993993994,0.29376615196036615,0.944944944944945,2004-2006,0.044987606835476236,0.04561406524271581,6.264584072395718e-4,gained,FALSE,FALSE,0,Size class: adult,Size class
Mollusca,0.983983983983984,0.21966513225508208,0.7247247247247247,2004-2006,0.014431899466085037,0.014462141716492466,3.0242250407428936e-5,gained,FALSE,FALSE,0,Size class: adult,Size class
Amphipoda,0.001001001001001001,0.9077770508590719,0.001001001001001001,2018-2019,0.0042446030889549185,0.18529783999591065,0.18105323690695574,gained,TRUE,TRUE,2,Size class: juvenile,Size class
Gammaridae,0.001001001001001001,0.948936170212766,0.001001001001001001,2004-2006,0.1654795579698912,0,-0.1654795579698912,lost,TRUE,TRUE,2,Size class: juvenile,Size class
Crustacea,0.001001001001001001,0.7965892856736729,0.001001001001001001,2004-2006,0.08450797279395585,0.0017161387463864419,-0.0827918340475694,lost,TRUE,TRUE,2,Size class: juvenile,Size class
Mysida,0.001001001001001001,0.5974716473324869,0.001001001001001001,2004-2006,0.0930553125793228,0.026904170031690613,-0.06615114254763219,lost,TRUE,TRUE,2,Size class: juvenile,Size class
Amphilochida,0.001001001001001001,0.5021347167173656,0.001001001001001001,2018-2019,0.0036570347660879335,0.03437467767695094,0.030717642910863006,gained,TRUE,TRUE,2,Size class: juvenile,Size class
Diastylis,0.001001001001001001,0.5045756039518081,0.001001001001001001,2004-2006,0.030649417305696182,3.6826599326599327e-4,-0.03028115131243019,lost,TRUE,TRUE,2,Size class: juvenile,Size class
Arthropoda,0.001001001001001001,0.48863089989709774,0.001001001001001001,2018-2019,0.0011884457854633814,0.030079929751211657,0.028891483965748276,gained,TRUE,TRUE,2,Size class: juvenile,Size class
Cumacea,0.001001001001001001,0.5079365079365079,0.001001001001001001,2018-2019,0,0.028699387199179926,0.028699387199179926,gained,TRUE,TRUE,2,Size class: juvenile,Size class
Decapoda,0.001001001001001001,0.505457132994965,0.001001001001001001,2018-2019,0.048006043272045586,0.07584240897575885,0.027836365703713263,gained,TRUE,TRUE,2,Size class: juvenile,Size class
Euphausiacea,0.018018018018018018,0.366869201768431,0.003003003003003003,2018-2019,0.028745601479554673,0.05589103640772813,0.027145434928173454,gained,TRUE,TRUE,2,Size class: juvenile,Size class
Teleostei,0.002002002002002002,0.4340051983355069,0.001001001001001001,2018-2019,0.03343026895811694,0.056571350968292834,0.023141082010175895,gained,TRUE,TRUE,2,Size class: juvenile,Size class
Polychaeta,0.6756756756756757,0.4801313753888947,0.0890890890890891,2004-2006,0.12427635830571594,0.10482301663232993,-0.019453341673386013,lost,FALSE,FALSE,0,Size class: juvenile,Size class
egg_larvae,0.001001001001001001,0.3454341098127278,0.001001001001001001,2018-2019,0.006382482118650605,0.02226764546602664,0.015885163347376035,gained,TRUE,TRUE,2,Size class: juvenile,Size class
Argis dentata,NA,0.2999135705973659,0.001001001001001001,2004-2006,0.017035959652646007,0.0015760533993918716,-0.015459906253254135,lost,FALSE,TRUE,1,Size class: juvenile,Size class
Perciformes,0.15915915915915915,0.22289709656423137,0.015015015015015015,2018-2019,0.008139853749242065,0.020944460492344233,0.012804606743102168,gained,FALSE,TRUE,1,Size class: juvenile,Size class
Oregoniidae,0.001001001001001001,0.29969046201937155,0.001001001001001001,2018-2019,0.009658727393955622,0.022459704894008038,0.012800977500052416,gained,TRUE,TRUE,2,Size class: juvenile,Size class
Copepoda,0.5615615615615616,0.4187355411493133,0.1971971971971972,2004-2006,0.0952059740687162,0.08281629705777736,-0.012389677010938835,lost,FALSE,FALSE,0,Size class: juvenile,Size class
Malacostraca,0.001001001001001001,0.23702041143350572,0.001001001001001001,2018-2019,5.3191489361702134e-5,0.011729769219672292,0.01167657773031059,gained,TRUE,TRUE,2,Size class: juvenile,Size class
Bivalvia,0.15915915915915915,0.3556297732732055,0.02002002002002002,2004-2006,0.03315198008763385,0.0219869453198627,-0.01116503476777115,lost,FALSE,TRUE,1,Size class: juvenile,Size class
Crangon septemspinosa,NA,0.15984789046355863,0.08308308308308308,2018-2019,0.018017495060123248,0.02822013389326303,0.010202638833139783,gained,FALSE,FALSE,0,Size class: juvenile,Size class
Eualus macilentus,NA,0.23819949894555195,0.001001001001001001,2004-2006,0.009439624325040906,1.725327812284334e-4,-0.009267091543812472,lost,FALSE,TRUE,1,Size class: juvenile,Size class
Eualus,0.001001001001001001,0.22093472441934758,0.001001001001001001,2004-2006,0.009507432821974587,5.640661594532504e-4,-0.008943366662521336,lost,TRUE,TRUE,2,Size class: juvenile,Size class
Brachyura,0.001001001001001001,0.23210766116128703,0.001001001001001001,2018-2019,0.004357252932123721,0.013063834982172753,0.008706582050049032,gained,TRUE,TRUE,2,Size class: juvenile,Size class
Pandalus,0.17217217217217218,0.2101889292502149,0.012012012012012012,2004-2006,0.014731192064499474,0.0061453339883397,-0.008585858076159775,lost,FALSE,TRUE,1,Size class: juvenile,Size class
other_phyla,0.12612612612612611,0.18304279973881268,0.013013013013013013,2018-2019,0.005840471092728479,0.013556043385745453,0.007715572293016974,gained,FALSE,TRUE,1,Size class: juvenile,Size class
Annelida,0.001001001001001001,0.20352322090615058,0.001001001001001001,2018-2019,4.1973737620441413e-4,0.007937408156926756,0.007517670780722342,gained,TRUE,TRUE,2,Size class: juvenile,Size class
Echinozoa,0.8098098098098098,0.17709676675265468,0.28128128128128127,2018-2019,0.012827081899290192,0.019489972090119736,0.006662890190829544,gained,FALSE,FALSE,0,Size class: juvenile,Size class
Mollusca,0.8098098098098098,0.19633557273124796,0.2672672672672673,2004-2006,0.0163145548677879,0.009851611155737633,-0.0064629437120502665,lost,FALSE,FALSE,0,Size class: juvenile,Size class
Caridea,0.024024024024024024,0.11962137809163166,0.003003003003003003,2004-2006,0.007001236019510562,7.195185766614338e-4,-0.006281717442849128,lost,TRUE,TRUE,2,Size class: juvenile,Size class
Echinodermata,0.8098098098098098,0.146909657071956,0.1871871871871872,2018-2019,0.008117067368444232,0.013077457753146697,0.004960390384702465,gained,FALSE,FALSE,0,Size class: juvenile,Size class
Pandalus montagui,NA,0.18484827493448563,0.026026026026026026,2004-2006,0.011127314075038326,0.006547553676255806,-0.00457976039878252,lost,FALSE,TRUE,1,Size class: juvenile,Size class
plantae_chromista,0.7697697697697697,0.266317031561335,0.1841841841841842,2018-2019,0.018148317777276397,0.022190015016964392,0.0040416972396879955,gained,FALSE,FALSE,0,Size class: juvenile,Size class
Nematoda,0.7887887887887888,0.2873194049966102,0.16616616616616617,2018-2019,0.022559439071465504,0.026518242702402658,0.0039588036309371535,gained,FALSE,FALSE,0,Size class: juvenile,Size class
Eumalacostraca,0.8098098098098098,0.15654747562291782,0.2722722722722723,2004-2006,0.011748050346506701,0.008370302341096585,-0.0033777480054101167,lost,FALSE,FALSE,0,Size class: juvenile,Size class
Crangonidae,0.17217217217217218,0.1685144504023791,0.04804804804804805,2004-2006,0.00864811122708072,0.005328318010926293,-0.0033197932161544274,lost,FALSE,TRUE,1,Size class: juvenile,Size class
Chordata,0.6986986986986987,0.057318406028119995,0.11811811811811812,2004-2006,0.002765050007570511,7.246648680759697e-4,-0.0020403851394945414,lost,FALSE,FALSE,0,Size class: juvenile,Size class
Thoridae,0.8098098098098098,0.1343867936983063,0.38538538538538536,2018-2019,0.008704122516852217,0.010477133919171818,0.001773011402319601,gained,FALSE,FALSE,0,Size class: juvenile,Size class
Hyperiidae,0.8098098098098098,0.20483686876558763,0.5585585585585585,2018-2019,0.022776423281759637,0.02161952430200912,-0.0011568989797505168,lost,FALSE,FALSE,0,Size class: juvenile,Size class
Pandalidae,0.5375375375375375,0.0222928278016673,0.07207207207207207,2018-2019,4.4870754574624676e-5,6.595230684866539e-4,6.146523139120292e-4,gained,FALSE,FALSE,0,Size class: juvenile,Size class
Vertebrata,0.8098098098098098,0.007300822567308565,0.7707707707707707,2018-2019,3.6370249136206584e-5,4.177109440267335e-4,3.813406948905269e-4,gained,FALSE,FALSE,0,Size class: juvenile,Size class
Amphipoda,0.001001001001001001,0.890949708883365,0.001001001001001001,2018-2019,0.003225821500216124,0.2501493430837096,0.24692352158349348,gained,TRUE,TRUE,2,Size class: one_class,Size class
Gammaridae,0.001001001001001001,0.9915254237288136,0.001001001001001001,2004-2006,0.22721601110752643,0,-0.22721601110752643,lost,TRUE,TRUE,2,Size class: one_class,Size class
Crustacea,0.001001001001001001,0.8932766600222974,0.001001001001001001,2004-2006,0.1233222256959246,0.0018641706548038072,-0.1214580550411208,lost,TRUE,TRUE,2,Size class: one_class,Size class
Mysida,0.001001001001001001,0.7608456661910437,0.001001001001001001,2004-2006,0.14332903693035012,0.02589477334751188,-0.11743426358283825,lost,TRUE,TRUE,2,Size class: one_class,Size class
Decapoda,0.001001001001001001,0.609140710982057,0.001001001001001001,2018-2019,0.033708888773146234,0.08397529473782267,0.050266405964676436,gained,TRUE,TRUE,2,Size class: one_class,Size class
Euphausiacea,0.001001001001001001,0.47540271205076434,0.001001001001001001,2018-2019,0.017555298984098015,0.06211854443569578,0.04456324545159777,gained,TRUE,TRUE,2,Size class: one_class,Size class
Arthropoda,0.001001001001001001,0.5370856206515805,0.001001001001001001,2018-2019,0.0019537763344394804,0.04392405415531921,0.04197027782087973,gained,TRUE,TRUE,2,Size class: one_class,Size class
Amphilochida,0.001001001001001001,0.5212612672267534,0.001001001001001001,2018-2019,0.0025602808500472364,0.033604364452613535,0.0310440836025663,gained,TRUE,TRUE,2,Size class: one_class,Size class
Teleostei,0.001001001001001001,0.5380154260618334,0.001001001001001001,2018-2019,0.016742569478150775,0.04650561571847059,0.029763046240319814,gained,TRUE,TRUE,2,Size class: one_class,Size class
egg_larvae,0.001001001001001001,0.4312430535838428,0.001001001001001001,2018-2019,0.004111393222268754,0.03134640341656892,0.027235010194300167,gained,TRUE,TRUE,2,Size class: one_class,Size class
Eumalacostraca,0.005005005005005005,0.3997946685532571,0.002002002002002002,2004-2006,0.027110902835487175,0.0033470594446204202,-0.023763843390866755,lost,TRUE,TRUE,2,Size class: one_class,Size class
Diastylis,0.001001001001001001,0.4491525423728814,0.001001001001001001,2004-2006,0.019664154556310962,0,-0.019664154556310962,lost,TRUE,TRUE,2,Size class: one_class,Size class
Cumacea,0.001001001001001001,0.33858024377089285,0.001001001001001001,2018-2019,1.5144037373320804e-4,0.017784141518925992,0.017632701145192786,gained,TRUE,TRUE,2,Size class: one_class,Size class
Oregoniidae,0.001001001001001001,0.394500443008762,0.001001001001001001,2018-2019,0.003627946847900983,0.020768242579411476,0.017140295731510494,gained,TRUE,TRUE,2,Size class: one_class,Size class
Eualus macilentus,NA,0.33146498176951333,0.001001001001001001,2004-2006,0.01734426080184175,3.933910306845004e-4,-0.01695086977115725,lost,FALSE,TRUE,1,Size class: one_class,Size class
Argis dentata,NA,0.40545078578976623,0.001001001001001001,2004-2006,0.01732460134792236,0.0015052304173656056,-0.015819370930556752,lost,FALSE,TRUE,1,Size class: one_class,Size class
Polychaeta,0.978978978978979,0.4730416987300093,0.4294294294294294,2004-2006,0.10777502036142607,0.09302789784621146,-0.014747122515214608,lost,FALSE,FALSE,0,Size class: one_class,Size class
Mollusca,0.8278278278278278,0.19400439397964997,0.1041041041041041,2018-2019,0.0047115318719455745,0.018318510969979506,0.013606979098033932,gained,FALSE,FALSE,0,Size class: one_class,Size class
Malacostraca,0.001001001001001001,0.1951219512195122,0.001001001001001001,2018-2019,0,0.010788719311846563,0.010788719311846563,gained,TRUE,TRUE,2,Size class: one_class,Size class
other_phyla,0.04004004004004004,0.1708351283454043,0.004004004004004004,2018-2019,0.0013352202894086746,0.009392028372459456,0.008056808083050782,gained,TRUE,TRUE,2,Size class: one_class,Size class
Crangonidae,0.062062062062062065,0.2385080299321752,0.004004004004004004,2004-2006,0.007816099990161153,0.001070897805752251,-0.006745202184408902,lost,FALSE,TRUE,1,Size class: one_class,Size class
Brachyura,0.001001001001001001,0.22923730658553465,0.001001001001001001,2018-2019,4.035512510088781e-4,0.006308091811390228,0.00590454056038135,gained,TRUE,TRUE,2,Size class: one_class,Size class
Perciformes,0.9319319319319319,0.1764338599790727,0.2922922922922923,2004-2006,0.012523179378888598,0.006725486620570481,-0.005797692758318117,lost,FALSE,FALSE,0,Size class: one_class,Size class
Hyperiidae,0.978978978978979,0.316874327473373,0.3763763763763764,2018-2019,0.02806565727976034,0.03312315439515598,0.0050574971153956386,gained,FALSE,FALSE,0,Size class: one_class,Size class
Copepoda,1,0.4135633386264451,0.6646646646646647,2018-2019,0.08886292075332673,0.0939153199029396,0.005052399149612863,gained,FALSE,FALSE,0,Size class: one_class,Size class
Eualus,0.2982982982982983,0.16018046012836856,0.03303303303303303,2004-2006,0.005311280238266225,3.0873726458783575e-4,-0.005002542973678389,lost,FALSE,TRUE,1,Size class: one_class,Size class
Annelida,0.015015015015015015,0.11793470823581707,0.002002002002002002,2018-2019,1.7295053614666204e-4,0.005078255634346897,0.004905305098200236,gained,TRUE,TRUE,2,Size class: one_class,Size class
Thoridae,0.978978978978979,0.16072900994362943,0.3483483483483483,2018-2019,0.007954277184677944,0.011885825960128465,0.0039315487754505215,gained,FALSE,FALSE,0,Size class: one_class,Size class
Echinozoa,0.953953953953954,0.10164733475680715,0.2872872872872873,2018-2019,0.002768765159694418,0.00629697026213659,0.003528205102442172,gained,FALSE,FALSE,0,Size class: one_class,Size class
Echinodermata,0.953953953953954,0.1149926267337495,0.17717717717717718,2018-2019,0.003241748891206113,0.006687896827680011,0.003446147936473898,gained,FALSE,FALSE,0,Size class: one_class,Size class
Pandalus,0.8378378378378378,0.1298079523274065,0.07407407407407407,2018-2019,0.002471564605966478,0.004912097651154218,0.00244053304518774,gained,FALSE,FALSE,0,Size class: one_class,Size class
Crangon septemspinosa,NA,0.08642630202573486,0.06406406406406406,2018-2019,0.0012539910839334686,0.003050754789196035,0.0017967637052625665,gained,FALSE,FALSE,0,Size class: one_class,Size class
plantae_chromista,1,0.2186173450715542,0.6926926926926927,2018-2019,0.014718954794135571,0.016416035760584136,0.0016970809664485654,gained,FALSE,FALSE,0,Size class: one_class,Size class
Chordata,0.9319319319319319,0.0677639217995347,0.27627627627627627,2004-2006,0.001737968420217928,4.3554006968641115e-4,-0.001302428350531517,lost,FALSE,FALSE,0,Size class: one_class,Size class
Nematoda,1,0.198824077057474,0.8338338338338338,2004-2006,0.02438884615425933,0.023429891083860954,-9.589550703983755e-4,lost,FALSE,FALSE,0,Size class: one_class,Size class
Pandalus montagui,NA,0.129486589026286,0.9219219219219219,2004-2006,0.00855136904236665,0.009357939952191816,8.065709098251661e-4,gained,FALSE,FALSE,0,Size class: one_class,Size class
Caridea,1,0.006803254492454154,1,2018-2019,0.001016949152542373,3.933910306845004e-4,-6.235581218578725e-4,lost,FALSE,FALSE,0,Size class: one_class,Size class
Bivalvia,1,0.1953655512797912,0.963963963963964,2004-2006,0.015969543921296583,0.01589592768393257,-7.361623736401243e-5,lost,FALSE,FALSE,0,Size class: one_class,Size class
Mollusca,0.3713713713713714,1,0.008008008008008008,2004-2006,0.3741258741258741,0,-0.3741258741258741,lost,FALSE,TRUE,1,Predator: Alewife,Predator
Amphipoda,0.024024024024024024,1,0.006006006006006006,2018-2019,0,0.14396847865652662,0.14396847865652662,gained,TRUE,TRUE,2,Predator: Alewife,Predator
Crangon septemspinosa,NA,0.4917834201248341,0.25925925925925924,2018-2019,0.025641025641025644,0.15832515952117282,0.1326841338801472,gained,FALSE,FALSE,0,Predator: Alewife,Predator
Copepoda,0.965965965965966,0.5199386270545329,0.4144144144144144,2004-2006,0.15850815850815853,0.04473141665235833,-0.1137767418558002,lost,FALSE,FALSE,0,Predator: Alewife,Predator
Euphausiacea,0.9459459459459459,0.42857142857142855,0.4134134134134134,2018-2019,0,0.1086672992518609,0.1086672992518609,gained,FALSE,FALSE,0,Predator: Alewife,Predator
Decapoda,0.7667667667667668,0.7423903324735454,0.12512512512512514,2018-2019,0.015151515151515152,0.09802257861625452,0.08287106346473937,gained,FALSE,FALSE,0,Predator: Alewife,Predator
Crustacea,0.4094094094094094,0.6666666666666666,0.07007007007007007,2004-2006,0.08158508158508158,0,-0.08158508158508158,lost,FALSE,FALSE,0,Predator: Alewife,Predator
Arthropoda,0.4094094094094094,1,0.008008008008008008,2018-2019,0,0.0692634558359445,0.0692634558359445,gained,FALSE,TRUE,1,Predator: Alewife,Predator
Hyperiidae,0.965965965965966,0.42857142857142855,0.40540540540540543,2018-2019,0,0.05749146181424062,0.05749146181424062,gained,FALSE,FALSE,0,Predator: Alewife,Predator
Bivalvia,0.6926926926926927,0.6003535304427607,0.08708708708708708,2004-2006,0.055944055944055944,0.006179401993355481,-0.04976465395070046,lost,FALSE,FALSE,0,Predator: Alewife,Predator
egg_larvae,0.9459459459459459,0.29799196787148596,0.3023023023023023,2004-2006,0.04545454545454545,0.005390835579514824,-0.04006370987503063,lost,FALSE,FALSE,0,Predator: Alewife,Predator
plantae_chromista,0.988988988988989,0.2285251500008114,1,2018-2019,0.06060606060606061,0.028512007991729673,-0.03209405261433093,lost,FALSE,FALSE,0,Predator: Alewife,Predator
Amphilochida,0.8878878878878879,0.5714285714285714,0.26926926926926925,2018-2019,0,0.023789464886437243,0.023789464886437243,gained,FALSE,FALSE,0,Predator: Alewife,Predator
Nematoda,0.968968968968969,0.4488103243288492,0.5115115115115115,2018-2019,0.030303030303030304,0.05123003251133666,0.02092700220830636,gained,FALSE,FALSE,0,Predator: Alewife,Predator
Cumacea,0.9459459459459459,0.42857142857142855,0.4894894894894895,2018-2019,0,0.020906651383677647,0.020906651383677647,gained,FALSE,FALSE,0,Predator: Alewife,Predator
Teleostei,0.988988988988989,0.2323643655900153,1,2018-2019,0.06060606060606061,0.04153398849285407,-0.019072072113206537,lost,FALSE,FALSE,0,Predator: Alewife,Predator
other_phyla,0.968968968968969,0.23466160657811513,0.7337337337337337,2004-2006,0.025641025641025644,0.010781671159029648,-0.014859354481995995,lost,FALSE,FALSE,0,Predator: Alewife,Predator
Thoridae,0.9119119119119119,0.42857142857142855,0.47847847847847846,2018-2019,0,0.013644839781373914,0.013644839781373914,gained,FALSE,FALSE,0,Predator: Alewife,Predator
Pandalus montagui,NA,0.2857142857142857,0.5105105105105106,2018-2019,0,0.012855698396648851,0.012855698396648851,gained,FALSE,FALSE,0,Predator: Alewife,Predator
Pandalus,0.965965965965966,0.2857142857142857,0.7617617617617618,2018-2019,0,0.011266846361185983,0.011266846361185983,gained,FALSE,FALSE,0,Predator: Alewife,Predator
Oregoniidae,0.965965965965966,0.2857142857142857,0.5205205205205206,2018-2019,0,0.0099991305103904,0.0099991305103904,gained,FALSE,FALSE,0,Predator: Alewife,Predator
Perciformes,0.965965965965966,0.2857142857142857,0.5245245245245245,2018-2019,0,0.008906597913981015,0.008906597913981015,gained,FALSE,FALSE,0,Predator: Alewife,Predator
Eualus macilentus,NA,0.2857142857142857,0.5585585585585585,2018-2019,0,0.006017676925970037,0.006017676925970037,gained,FALSE,FALSE,0,Predator: Alewife,Predator
Echinodermata,0.965965965965966,0.2857142857142857,0.5805805805805806,2018-2019,0,0.005870020964360587,0.005870020964360587,gained,FALSE,FALSE,0,Predator: Alewife,Predator
Polychaeta,0.968968968968969,0.4111565407665686,0.7427427427427428,2018-2019,0.05128205128205129,0.04727712495724228,-0.004004926324809005,lost,FALSE,FALSE,0,Predator: Alewife,Predator
Brachyura,0.988988988988989,0.21580682689174155,0.8648648648648649,2018-2019,0.015151515151515152,0.015368159842553374,2.1664469103822165e-4,gained,FALSE,FALSE,0,Predator: Alewife,Predator
Amphipoda,0.001001001001001001,0.9391414313238602,0.001001001001001001,2018-2019,0.006695077067483459,0.23838601532090967,0.2316909382534262,gained,TRUE,TRUE,2,Predator: American plaice,Predator
Gammaridae,0.001001001001001001,0.9318181818181818,0.001001001001001001,2004-2006,0.2096412038332847,0,-0.2096412038332847,lost,TRUE,TRUE,2,Predator: American plaice,Predator
Mysida,0.001001001001001001,0.7777245883016174,0.001001001001001001,2004-2006,0.1869934360796407,0.037049735810007575,-0.1499437002696331,lost,TRUE,TRUE,2,Predator: American plaice,Predator
Crustacea,0.001001001001001001,0.8074872330830812,0.001001001001001001,2004-2006,0.07036748059407867,9.319664492078286e-4,-0.06943551414487084,lost,TRUE,TRUE,2,Predator: American plaice,Predator
Amphilochida,0.001001001001001001,0.6452093283133905,0.001001001001001001,2018-2019,0.006803664992167666,0.05561720299519176,0.04881353800302409,gained,TRUE,TRUE,2,Predator: American plaice,Predator
Cumacea,0.001001001001001001,0.5172413793103449,0.001001001001001001,2018-2019,0,0.03558021950756509,0.03558021950756509,gained,TRUE,TRUE,2,Predator: American plaice,Predator
Decapoda,0.5035035035035035,0.4605219265778421,0.05205205205205205,2018-2019,0.03213003182850309,0.0645763302688223,0.03244629844031921,gained,FALSE,FALSE,0,Predator: American plaice,Predator
Diastylis,0.005005005005005005,0.4090909090909091,0.001001001001001001,2004-2006,0.03084216677116247,0,-0.03084216677116247,lost,TRUE,TRUE,2,Predator: American plaice,Predator
Copepoda,1,0.33525967058096434,0.9269269269269269,2018-2019,0.0802114193850571,0.10716059496509134,0.026949175580034235,gained,FALSE,FALSE,0,Predator: American plaice,Predator
Argis dentata,NA,0.47495551656715385,0.001001001001001001,2004-2006,0.028054374268967928,0.0014793118241394104,-0.026575062444828518,lost,FALSE,TRUE,1,Predator: American plaice,Predator
egg_larvae,0.005005005005005005,0.3857369556176679,0.001001001001001001,2018-2019,0.004324127906976744,0.0266710121616461,0.022346884254669356,gained,TRUE,TRUE,2,Predator: American plaice,Predator
Teleostei,0.7427427427427428,0.3602972050230197,0.0890890890890891,2018-2019,0.022911115664451986,0.04312251579472263,0.020211400130270642,gained,FALSE,FALSE,0,Predator: American plaice,Predator
Arthropoda,0.009009009009009009,0.26934697655339057,0.001001001001001001,2018-2019,4.7348484848484844e-4,0.019574812499337253,0.019101327650852404,gained,TRUE,TRUE,2,Predator: American plaice,Predator
Eualus macilentus,NA,0.4318181818181818,0.001001001001001001,2004-2006,0.017316032678343845,0,-0.017316032678343845,lost,FALSE,TRUE,1,Predator: American plaice,Predator
Perciformes,0.7497497497497497,0.25923041940167624,0.08408408408408409,2018-2019,0.008139277688890811,0.024649745402428314,0.0165104677135375,gained,FALSE,FALSE,0,Predator: American plaice,Predator
Euphausiacea,0.996996996996997,0.27413917241630326,0.5575575575575575,2018-2019,0.04622442947113978,0.06074182894027282,0.014517399469133045,gained,FALSE,FALSE,0,Predator: American plaice,Predator
Bivalvia,0.5515515515515516,0.36656592236328744,0.05105105105105105,2004-2006,0.027231638420837086,0.014977745720133146,-0.01225389270070394,lost,FALSE,FALSE,0,Predator: American plaice,Predator
Polychaeta,0.996996996996997,0.43974984209531337,0.5375375375375375,2018-2019,0.08698631214855326,0.09862978437151902,0.011643472222965759,gained,FALSE,FALSE,0,Predator: American plaice,Predator
other_phyla,0.9309309309309309,0.1384022533557458,0.34034034034034033,2018-2019,0.0035060545318160692,0.014267094380055141,0.010761039848239073,gained,FALSE,FALSE,0,Predator: American plaice,Predator
Brachyura,0.028028028028028028,0.234399820472404,0.003003003003003003,2018-2019,3.1565656565656563e-4,0.010601038711034346,0.01028538214537778,gained,TRUE,TRUE,2,Predator: American plaice,Predator
Oregoniidae,0.7427427427427428,0.25253036829359965,0.06406406406406406,2018-2019,0.009689251468786709,0.019299816175987975,0.009610564707201267,gained,FALSE,FALSE,0,Predator: American plaice,Predator
Malacostraca,0.0920920920920921,0.1724137931034483,0.01001001001001001,2018-2019,0,0.009584468505008235,0.009584468505008235,gained,FALSE,TRUE,1,Predator: American plaice,Predator
Echinozoa,0.7017017017017017,0.1877442650161101,0.07607607607607608,2004-2006,0.011958481726739958,0.002517788724685276,-0.009440693002054683,lost,FALSE,FALSE,0,Predator: American plaice,Predator
Nematoda,0.8498498498498499,0.21133674060931415,0.10510510510510511,2018-2019,0.007290455137897358,0.015561769482135794,0.008271314344238436,gained,FALSE,FALSE,0,Predator: American plaice,Predator
Annelida,0.2552552552552553,0.13793103448275862,0.02002002002002002,2018-2019,0,0.007032762205175998,0.007032762205175998,gained,FALSE,TRUE,1,Predator: American plaice,Predator
Eualus,0.6986986986986987,0.14994504849558757,0.06306306306306306,2004-2006,0.007156199880770584,4.3649061545176777e-4,-0.006719709265318816,lost,FALSE,FALSE,0,Predator: American plaice,Predator
Chordata,0.7497497497497497,0.11363636363636363,0.14214214214214213,2004-2006,0.004623084281559514,0,-0.004623084281559514,lost,FALSE,FALSE,0,Predator: American plaice,Predator
Pandalus montagui,NA,0.14480839245456953,0.2182182182182182,2004-2006,0.009315715518382695,0.005305039787798409,-0.004010675730584286,lost,FALSE,FALSE,0,Predator: American plaice,Predator
Eumalacostraca,0.98998998998999,0.09498552111507595,0.4114114114114114,2018-2019,0.0032469582185491275,0.0071815189583891445,0.0039345607398400175,gained,FALSE,FALSE,0,Predator: American plaice,Predator
plantae_chromista,0.996996996996997,0.12513043764892023,0.4924924924924925,2018-2019,0.007044362731235893,0.010780311642380608,0.0037359489111447146,gained,FALSE,FALSE,0,Predator: American plaice,Predator
Mollusca,0.94994994994995,0.1591491352593187,0.2862862862862863,2004-2006,0.005964377538467871,0.0034047866871961155,-0.0025595908512717554,lost,FALSE,FALSE,0,Predator: American plaice,Predator
Echinodermata,1,0.1287539972215827,0.9319319319319319,2004-2006,0.018510231904844392,0.020698221222009962,0.0021879893171655694,gained,FALSE,FALSE,0,Predator: American plaice,Predator
Hyperiidae,0.98998998998999,0.2670743218343268,0.44844844844844844,2018-2019,0.02771165799174525,0.026000621980151583,-0.0017110360115936661,lost,FALSE,FALSE,0,Predator: American plaice,Predator
Pandalus,0.996996996996997,0.09247554490957169,0.6236236236236237,2004-2006,0.003609301769130082,0.0025999841582556556,-0.0010093176108744266,lost,FALSE,FALSE,0,Predator: American plaice,Predator
Crangonidae,0.996996996996997,0.07493102474436375,0.7777777777777778,2004-2006,0.00479709777170488,0.005387931034482759,5.908332627778791e-4,gained,FALSE,FALSE,0,Predator: American plaice,Predator
Thoridae,1,0.08769250318821084,0.9039039039039038,2018-2019,0.007356694570455551,0.007614697117097816,2.5800254664226467e-4,gained,FALSE,FALSE,0,Predator: American plaice,Predator
Crangon septemspinosa,NA,0.04529796886680438,0.8988988988988988,2004-2006,0.0025591447442333505,0.0025768365817091456,1.769183747579511e-5,gained,FALSE,FALSE,0,Predator: American plaice,Predator
Amphipoda,0.001001001001001001,0.9209463071554226,0.001001001001001001,2018-2019,0.005511647515693336,0.19210920994691172,0.1865975624312184,gained,TRUE,TRUE,2,Predator: Atlantic cod,Predator
Gammaridae,0.001001001001001001,0.9858156028368794,0.001001001001001001,2004-2006,0.15288609706340034,0,-0.15288609706340034,lost,TRUE,TRUE,2,Predator: Atlantic cod,Predator
Crustacea,0.001001001001001001,0.9096477392368617,0.001001001001001001,2004-2006,0.09767079034427106,0.005893790841416926,-0.09177699950285413,lost,TRUE,TRUE,2,Predator: Atlantic cod,Predator
Mysida,0.001001001001001001,0.768376289144464,0.001001001001001001,2004-2006,0.09971527945903264,0.017173376318575684,-0.08254190314045695,lost,TRUE,TRUE,2,Predator: Atlantic cod,Predator
Eualus macilentus,NA,0.624113475177305,0.001001001001001001,2004-2006,0.033296170202975144,0,-0.033296170202975144,lost,FALSE,TRUE,1,Predator: Atlantic cod,Predator
Oregoniidae,0.001001001001001001,0.668608498246845,0.001001001001001001,2018-2019,0.023118120988442032,0.055449047340783084,0.032330926352341055,gained,TRUE,TRUE,2,Predator: Atlantic cod,Predator
Argis dentata,NA,0.6630530597915268,0.001001001001001001,2004-2006,0.03575541631046449,0.004401813122410669,-0.03135360318805382,lost,FALSE,TRUE,1,Predator: Atlantic cod,Predator
Teleostei,0.12812812812812813,0.5515742194387894,0.035035035035035036,2018-2019,0.058279886987481745,0.08700287247609734,0.028722985488615592,gained,FALSE,TRUE,1,Predator: Atlantic cod,Predator
Cumacea,0.001001001001001001,0.6196649164048285,0.001001001001001001,2018-2019,4.962957065073358e-4,0.025813013112415975,0.02531671740590864,gained,TRUE,TRUE,2,Predator: Atlantic cod,Predator
Diastylis,0.001001001001001001,0.6005748619021926,0.001001001001001001,2004-2006,0.025599543369384668,3.9872408293460925e-4,-0.025200819286450057,lost,TRUE,TRUE,2,Predator: Atlantic cod,Predator
Arthropoda,0.001001001001001001,0.48623700032290634,0.001001001001001001,2018-2019,7.089576065301e-4,0.025046968541969673,0.024338010935439573,gained,TRUE,TRUE,2,Predator: Atlantic cod,Predator
Nematoda,0.009009009009009009,0.5029999682529537,0.002002002002002002,2018-2019,0.012778129798982426,0.03546922956327713,0.022691099764294703,gained,TRUE,TRUE,2,Predator: Atlantic cod,Predator
Amphilochida,0.001001001001001001,0.49182580842088386,0.001001001001001001,2018-2019,0.00870173124208883,0.03062354116001787,0.02192180991792904,gained,TRUE,TRUE,2,Predator: Atlantic cod,Predator
Malacostraca,0.001001001001001001,0.3656741364371856,0.001001001001001001,2018-2019,1.6555862625186368e-4,0.022039444744599516,0.021873886118347653,gained,TRUE,TRUE,2,Predator: Atlantic cod,Predator
Euphausiacea,0.12012012012012012,0.448478976478136,0.006006006006006006,2018-2019,0.02495751875446573,0.042713360478498906,0.017755841724033175,gained,FALSE,TRUE,1,Predator: Atlantic cod,Predator
egg_larvae,0.004004004004004004,0.42699314294457474,0.001001001001001001,2018-2019,0.007390923344943556,0.0251186952713237,0.017727771926380143,gained,TRUE,TRUE,2,Predator: Atlantic cod,Predator
Perciformes,0.18518518518518517,0.4599545249057158,0.01901901901901902,2004-2006,0.0267948679176762,0.009976316496095029,-0.01681855142158117,lost,FALSE,TRUE,1,Predator: Atlantic cod,Predator
Decapoda,0.944944944944945,0.5122239127053736,0.15615615615615616,2018-2019,0.06345575947909489,0.07950409524465057,0.016048335765555685,gained,FALSE,FALSE,0,Predator: Atlantic cod,Predator
Brachyura,0.001001001001001001,0.42550044269078463,0.001001001001001001,2018-2019,0.0019930857537454965,0.017600509645367288,0.01560742389162179,gained,TRUE,TRUE,2,Predator: Atlantic cod,Predator
Bivalvia,0.18518518518518517,0.4475918168657911,0.022022022022022022,2004-2006,0.025992567026857753,0.014369555615161168,-0.011623011411696586,lost,FALSE,TRUE,1,Predator: Atlantic cod,Predator
Eualus,0.007007007007007007,0.38681011472554094,0.005005005005005005,2004-2006,0.012599768060065368,0.0012613054375068104,-0.011338462622558557,lost,TRUE,TRUE,2,Predator: Atlantic cod,Predator
Thoridae,0.944944944944945,0.30949592275831267,0.14314314314314314,2018-2019,0.013318762505846892,0.021637871227901867,0.008319108722054975,gained,FALSE,FALSE,0,Predator: Atlantic cod,Predator
Hyperiidae,0.964964964964965,0.293376493947211,0.32732732732732733,2018-2019,0.01926174500108894,0.027348985232498003,0.008087240231409061,gained,FALSE,FALSE,0,Predator: Atlantic cod,Predator
Copepoda,0.9719719719719719,0.3842019850319974,0.34234234234234234,2018-2019,0.03490398860483366,0.04109464248768423,0.006190653882850568,gained,FALSE,FALSE,0,Predator: Atlantic cod,Predator
Pandalus montagui,NA,0.31215445814587206,0.23423423423423423,2004-2006,0.021632097214681147,0.01572073729903765,-0.0059113599156434965,lost,FALSE,FALSE,0,Predator: Atlantic cod,Predator
Crangonidae,0.23823823823823823,0.3305936630654118,0.09509509509509509,2004-2006,0.011284267585486387,0.00687176703606162,-0.004412500549424768,lost,FALSE,FALSE,0,Predator: Atlantic cod,Predator
Echinodermata,0.994994994994995,0.2147245266893642,0.6836836836836837,2018-2019,0.010989677651997916,0.015353329021770678,0.004363651369772762,gained,FALSE,FALSE,0,Predator: Atlantic cod,Predator
Annelida,0.004004004004004004,0.14908919483602967,0.002002002002002002,2018-2019,2.1261244665499984e-4,0.0035998032218847414,0.0033871907752297415,gained,TRUE,TRUE,2,Predator: Atlantic cod,Predator
Vertebrata,0.8008008008008008,0.025781315930124615,0.1931931931931932,2018-2019,6.061708189367764e-5,0.0029239766081871343,0.0028633595262934565,gained,FALSE,FALSE,0,Predator: Atlantic cod,Predator
Eumalacostraca,0.996996996996997,0.18414729365417412,0.5435435435435435,2018-2019,0.009688479124235275,0.011294822388248449,0.0016063432640131738,gained,FALSE,FALSE,0,Predator: Atlantic cod,Predator
Mollusca,0.964964964964965,0.2668172023964234,0.44644644644644643,2004-2006,0.010728419664010847,0.0092334334054563,-0.0014949862585545478,lost,FALSE,FALSE,0,Predator: Atlantic cod,Predator
plantae_chromista,0.996996996996997,0.2618174839188248,0.994994994994995,2004-2006,0.01281989798756884,0.014267133615741081,0.0014472356281722415,gained,FALSE,FALSE,0,Predator: Atlantic cod,Predator
Chordata,0.964964964964965,0.06402934564054066,0.35035035035035034,2004-2006,0.0012294529909211778,2.685284640171858e-4,-9.609245269039919e-4,lost,FALSE,FALSE,0,Predator: Atlantic cod,Predator
Crangon septemspinosa,NA,0.0751908566364387,0.3883883883883884,2018-2019,0.002191529898703507,0.002922301647188461,7.30771748484954e-4,gained,FALSE,FALSE,0,Predator: Atlantic cod,Predator
Pandalidae,0.954954954954955,0.023228575684129282,0.2132132132132132,2018-2019,9.71534052268532e-5,7.309941520467836e-4,6.338407468199304e-4,gained,FALSE,FALSE,0,Predator: Atlantic cod,Predator
Polychaeta,0.996996996996997,0.47491178126364125,0.9619619619619619,2018-2019,0.11034115900391094,0.11091455163514272,5.733926312317811e-4,gained,FALSE,FALSE,0,Predator: Atlantic cod,Predator
Caridea,0.996996996996997,0.03336753131861193,0.7747747747747747,2018-2019,7.053833282884841e-4,0.0012218045112781955,5.164211829897114e-4,gained,FALSE,FALSE,0,Predator: Atlantic cod,Predator
other_phyla,0.996996996996997,0.15590844451321606,0.8108108108108109,2004-2006,0.006116253270296704,0.005847437117676744,-2.688161526199599e-4,lost,FALSE,FALSE,0,Predator: Atlantic cod,Predator
Pandalus,0.984984984984985,0.2211504477004246,0.7767767767767768,2004-2006,0.008861208232996529,0.009041822460408664,1.8061422741213508e-4,gained,FALSE,FALSE,0,Predator: Atlantic cod,Predator
Echinozoa,0.996996996996997,0.1716291814102939,0.7867867867867868,2018-2019,0.007689179443002222,0.007741189027755812,5.20095847535906e-5,gained,FALSE,FALSE,0,Predator: Atlantic cod,Predator
Crustacea,0.04004004004004004,0.8888888888888888,0.001001001001001001,2004-2006,0.12244649481570427,0,-0.12244649481570427,lost,TRUE,TRUE,2,Predator: Atlantic herring,Predator
Gammaridae,0.07707707707707707,0.8888888888888888,0.01001001001001001,2004-2006,0.11525888758783939,0,-0.11525888758783939,lost,FALSE,TRUE,1,Predator: Atlantic herring,Predator
Amphipoda,0.04904904904904905,0.7654006664115843,0.005005005005005005,2018-2019,0.005158943162163774,0.114125277130242,0.10896633396807823,gained,TRUE,TRUE,2,Predator: Atlantic herring,Predator
Decapoda,0.998998998998999,0.5561689375142017,0.3303303303303303,2018-2019,0.043435008182414844,0.09907352289514519,0.05563851471273035,gained,FALSE,FALSE,0,Predator: Atlantic herring,Predator
Bivalvia,0.04904904904904905,0.8581634575023602,0.004004004004004004,2018-2019,0.007143747884488625,0.04322231264330169,0.03607856475881306,gained,TRUE,TRUE,2,Predator: Atlantic herring,Predator
Copepoda,1,0.550300317982505,0.3893893893893894,2018-2019,0.15795083867865953,0.1932854307579612,0.035334592079301674,gained,FALSE,FALSE,0,Predator: Atlantic herring,Predator
Diastylis,0.8188188188188188,0.5555555555555556,0.07307307307307308,2004-2006,0.030285599770301864,0,-0.030285599770301864,lost,FALSE,FALSE,0,Predator: Atlantic herring,Predator
Arthropoda,0.3013013013013013,0.5700557612006336,0.035035035035035036,2018-2019,0.001443001443001443,0.027470769636702454,0.02602776819370101,gained,FALSE,TRUE,1,Predator: Atlantic herring,Predator
Cumacea,0.6386386386386387,0.4,0.1091091091091091,2018-2019,0,0.025729442970822282,0.025729442970822282,gained,FALSE,FALSE,0,Predator: Atlantic herring,Predator
Crangon septemspinosa,NA,0.19164712656128055,0.8988988988988988,2018-2019,0.04280904280904281,0.020091030524909712,-0.022718012284133098,lost,FALSE,FALSE,0,Predator: Atlantic herring,Predator
Eualus,1,0.3333333333333333,0.3983983983983984,2004-2006,0.020881218143698015,0,-0.020881218143698015,lost,FALSE,FALSE,0,Predator: Atlantic herring,Predator
Mysida,1,0.532278892338679,0.5365365365365365,2018-2019,0.1252651858108174,0.14255506809468407,0.017289882283866687,gained,FALSE,FALSE,0,Predator: Atlantic herring,Predator
Argis dentata,NA,0.2222222222222222,0.5255255255255256,2004-2006,0.014451143650110057,0,-0.014451143650110057,lost,FALSE,FALSE,0,Predator: Atlantic herring,Predator
Nematoda,1,0.29197866608633166,0.963963963963964,2018-2019,0.03297101449275362,0.01894966252095088,-0.014021351971802744,lost,FALSE,FALSE,0,Predator: Atlantic herring,Predator
Malacostraca,0.14614614614614616,0.6,0.026026026026026026,2018-2019,0,0.013821457392745751,0.013821457392745751,gained,FALSE,TRUE,1,Predator: Atlantic herring,Predator
Hyperiidae,1,0.24540890712448055,0.914914914914915,2018-2019,0.022492591024216683,0.035706340378198,0.013213749353981313,gained,FALSE,FALSE,0,Predator: Atlantic herring,Predator
other_phyla,0.6726726726726727,0.5157074424617937,0.05205205205205205,2018-2019,0.0024154589371980675,0.014777937545782577,0.012362478608584509,gained,FALSE,FALSE,0,Predator: Atlantic herring,Predator
plantae_chromista,1,0.23210309705410792,0.7657657657657657,2004-2006,0.01966435990702927,0.008576480990274093,-0.011087878916755178,lost,FALSE,FALSE,0,Predator: Atlantic herring,Predator
Pandalus montagui,NA,0.3240215013942223,0.38538538538538536,2004-2006,0.017359327436846816,0.0064516129032258064,-0.010907714533621011,lost,FALSE,FALSE,0,Predator: Atlantic herring,Predator
Brachyura,0.6386386386386387,0.4,0.14014014014014015,2018-2019,0,0.010373181530676786,0.010373181530676786,gained,FALSE,FALSE,0,Predator: Atlantic herring,Predator
Perciformes,1,0.31274320475448286,0.35535535535535534,2018-2019,0.003955721440648228,0.014177978883861237,0.01022225744321301,gained,FALSE,FALSE,0,Predator: Atlantic herring,Predator
Teleostei,1,0.2677664002756938,0.9219219219219219,2004-2006,0.02595541441364008,0.017125942050495557,-0.008829472363144523,lost,FALSE,FALSE,0,Predator: Atlantic herring,Predator
Echinodermata,1,0.26727199207757274,0.9479479479479479,2004-2006,0.024827374625150157,0.01645786681191874,-0.008369507813231418,lost,FALSE,FALSE,0,Predator: Atlantic herring,Predator
Crangonidae,1,0.2222222222222222,0.5005005005005005,2004-2006,0.0068930041152263375,0,-0.0068930041152263375,lost,FALSE,FALSE,0,Predator: Atlantic herring,Predator
egg_larvae,1,0.13234358430540827,0.8238238238238238,2018-2019,0.007051282051282051,0.013793103448275862,0.0067418213969938105,gained,FALSE,FALSE,0,Predator: Atlantic herring,Predator
Eumalacostraca,1,0.14640258455090518,0.8438438438438438,2018-2019,0.003787201049680921,0.010344827586206896,0.006557626536525975,gained,FALSE,FALSE,0,Predator: Atlantic herring,Predator
Pandalus,0.998998998998999,0.3121007227792026,0.44744744744744747,2018-2019,0.0024154589371980675,0.008576480990274093,0.006161022053076025,gained,FALSE,FALSE,0,Predator: Atlantic herring,Predator
Eualus macilentus,NA,0.2222222222222222,0.5305305305305306,2004-2006,0.004999438265363442,0,-0.004999438265363442,lost,FALSE,FALSE,0,Predator: Atlantic herring,Predator
Polychaeta,1,0.5123205323737188,0.6776776776776777,2018-2019,0.08361005583134183,0.08783463557283663,0.004224579741494802,gained,FALSE,FALSE,0,Predator: Atlantic herring,Predator
Euphausiacea,1,0.28183692083247247,0.8518518518518519,2018-2019,0.03479323950338443,0.030820733546701982,-0.003972505956682446,lost,FALSE,FALSE,0,Predator: Atlantic herring,Predator
Echinozoa,1,0.13168538427077978,1,2004-2006,0.006371180377846296,0.00975609756097561,0.003384917183129314,gained,FALSE,FALSE,0,Predator: Atlantic herring,Predator
Mollusca,1,0.246128124116396,0.46046046046046046,2018-2019,0.005361757105943153,0.008576480990274093,0.00321472388433094,gained,FALSE,FALSE,0,Predator: Atlantic herring,Predator
Chordata,1,0.19738422868828018,0.4904904904904905,2018-2019,0.008547008547008548,0.008326324642556771,-2.2068390445177666e-4,lost,FALSE,FALSE,0,Predator: Atlantic herring,Predator
Amphipoda,0.001001001001001001,0.9865169088090369,0.001001001001001001,2018-2019,0.00457139139808929,0.3344748505462791,0.32990345914818986,gained,TRUE,TRUE,2,Predator: Atlantic poacher,Predator
Gammaridae,0.001001001001001001,1,0.001001001001001001,2004-2006,0.2077081856624723,0,-0.2077081856624723,lost,TRUE,TRUE,2,Predator: Atlantic poacher,Predator
Crustacea,0.001001001001001001,0.9464855990350611,0.001001001001001001,2004-2006,0.14066932269360008,0.0026455026455026454,-0.13802382004809743,lost,TRUE,TRUE,2,Predator: Atlantic poacher,Predator
Mysida,0.003003003003003003,0.8013122072362189,0.001001001001001001,2004-2006,0.14763913862419692,0.03660757232185804,-0.11103156630233887,lost,TRUE,TRUE,2,Predator: Atlantic poacher,Predator
Copepoda,0.3153153153153153,0.6797090674307498,0.005005005005005005,2004-2006,0.14615830182927012,0.06119270940699512,-0.084965592422275,lost,FALSE,TRUE,1,Predator: Atlantic poacher,Predator
Euphausiacea,0.2832832832832833,0.6624721452402267,0.005005005005005005,2018-2019,0.029689258099994648,0.10103372156943585,0.0713444634694412,gained,FALSE,TRUE,1,Predator: Atlantic poacher,Predator
Arthropoda,0.002002002002002002,0.7060803525929564,0.001001001001001001,2018-2019,7.288629737609329e-4,0.06271945646945647,0.06199059349569554,gained,TRUE,TRUE,2,Predator: Atlantic poacher,Predator
Cumacea,0.002002002002002002,0.7142857142857143,0.002002002002002002,2018-2019,0,0.05823112073112073,0.05823112073112073,gained,TRUE,TRUE,2,Predator: Atlantic poacher,Predator
Decapoda,0.4294294294294294,0.621954161246126,0.03003003003003003,2018-2019,0.029518279202163846,0.07806079502508073,0.04854251582291688,gained,FALSE,TRUE,1,Predator: Atlantic poacher,Predator
Amphilochida,0.001001001001001001,0.9408479653293393,0.001001001001001001,2018-2019,0.0031887755102040817,0.05071935339792483,0.04753057788772075,gained,TRUE,TRUE,2,Predator: Atlantic poacher,Predator
Eumalacostraca,0.9159159159159159,0.32510143663680596,0.21421421421421422,2004-2006,0.026353991258916975,0.0025974025974025974,-0.023756588661514377,lost,FALSE,FALSE,0,Predator: Atlantic poacher,Predator
Diastylis,0.6976976976976977,0.39285714285714285,0.12512512512512514,2004-2006,0.01726837962908752,0,-0.01726837962908752,lost,FALSE,FALSE,0,Predator: Atlantic poacher,Predator
Teleostei,0.7987987987987988,0.4019664514276447,0.0960960960960961,2018-2019,0.011544604450562271,0.027383958633958632,0.01583935418339636,gained,FALSE,FALSE,0,Predator: Atlantic poacher,Predator
Eualus macilentus,NA,0.32142857142857145,0.19519519519519518,2004-2006,0.012892714710965739,0,-0.012892714710965739,lost,FALSE,FALSE,0,Predator: Atlantic poacher,Predator
Argis dentata,NA,0.39285714285714285,0.12012012012012012,2004-2006,0.012074644622689274,0,-0.012074644622689274,lost,FALSE,FALSE,0,Predator: Atlantic poacher,Predator
Hyperiidae,0.998998998998999,0.2927204189783509,0.47047047047047047,2004-2006,0.020612722117504357,0.009566326530612245,-0.011046395586892112,lost,FALSE,FALSE,0,Predator: Atlantic poacher,Predator
plantae_chromista,0.8328328328328328,0.34683247707219206,0.26926926926926925,2004-2006,0.015066025393859752,0.00510204081632653,-0.009963984577533221,lost,FALSE,FALSE,0,Predator: Atlantic poacher,Predator
Polychaeta,1,0.47469271044317723,0.5985985985985987,2018-2019,0.09354717510672922,0.08453368721225864,-0.009013487894470582,lost,FALSE,FALSE,0,Predator: Atlantic poacher,Predator
Pandalus,0.97997997997998,0.11568799298860648,0.21521521521521522,2018-2019,0.002236652236652237,0.009523809523809523,0.0072871572871572865,gained,FALSE,FALSE,0,Predator: Atlantic poacher,Predator
Bivalvia,1,0.1911372176379121,0.5575575575575575,2018-2019,0.007068748772304152,0.014285714285714285,0.0072169655134101335,gained,FALSE,FALSE,0,Predator: Atlantic poacher,Predator
Thoridae,0.97997997997998,0.14285714285714285,0.5605605605605606,2004-2006,0.006049010513296228,0,-0.006049010513296228,lost,FALSE,FALSE,0,Predator: Atlantic poacher,Predator
Perciformes,0.996996996996997,0.10714285714285714,0.7137137137137137,2004-2006,0.004626433285683871,0,-0.004626433285683871,lost,FALSE,FALSE,0,Predator: Atlantic poacher,Predator
Annelida,0.9159159159159159,0.12499999999999997,0.18018018018018017,2018-2019,7.288629737609329e-4,0.00510204081632653,0.004373177842565597,gained,FALSE,FALSE,0,Predator: Atlantic poacher,Predator
Nematoda,1,0.33990983075796594,0.908908908908909,2018-2019,0.039246230643630114,0.035633116883116885,-0.00361311376051323,lost,FALSE,FALSE,0,Predator: Atlantic poacher,Predator
egg_larvae,0.9229229229229229,0.11510791366906474,0.2122122122122122,2018-2019,6.377551020408163e-4,0.0026455026455026454,0.002007747543461829,gained,FALSE,FALSE,0,Predator: Atlantic poacher,Predator
Crangonidae,1,0.07142857142857142,1,2004-2006,0.0016058882569421212,0,-0.0016058882569421212,lost,FALSE,FALSE,0,Predator: Atlantic poacher,Predator
Echinozoa,1,0.07142857142857142,1,2004-2006,0.0015784438775510205,0,-0.0015784438775510205,lost,FALSE,FALSE,0,Predator: Atlantic poacher,Predator
Chordata,1,0.09263056326136776,0.8638638638638638,2018-2019,0.001408375850340136,0.0025974025974025974,0.0011890267470624613,gained,FALSE,FALSE,0,Predator: Atlantic poacher,Predator
Oregoniidae,1,0.06355154712614895,1,2018-2019,0.003301306935817805,0.0026455026455026454,-6.558042903151598e-4,lost,FALSE,FALSE,0,Predator: Atlantic poacher,Predator
Mollusca,1,0.07878245299910473,0.8698698698698699,2018-2019,0.0025819418676561534,0.0031746031746031746,5.926613069470212e-4,gained,FALSE,FALSE,0,Predator: Atlantic poacher,Predator
Pandalus montagui,NA,0.10811698296420376,0.8798798798798799,2004-2006,0.009698576400257073,0.009523809523809523,-1.7476687644754976e-4,lost,FALSE,FALSE,0,Predator: Atlantic poacher,Predator
Amphipoda,0.01701701701701702,0.6666666666666666,0.012012012012012012,2018-2019,0,0.1840628507295174,0.1840628507295174,gained,TRUE,TRUE,2,Predator: Capelin,Predator
Copepoda,0.7747747747747747,0.5856078532934853,0.4344344344344344,2004-2006,0.40305569642581524,0.2852132435465769,-0.11784245287923834,lost,FALSE,FALSE,0,Predator: Capelin,Predator
Mysida,0.17117117117117117,0.666899686860772,0.026026026026026026,2004-2006,0.13918067407031753,0.027777777777777776,-0.11140289629253976,lost,FALSE,TRUE,1,Predator: Capelin,Predator
Euphausiacea,0.8498498498498499,0.5446409809961378,0.3073073073073073,2018-2019,0.11723336934712147,0.22117003367003366,0.10393666432291218,gained,FALSE,FALSE,0,Predator: Capelin,Predator
Crustacea,0.3233233233233233,0.5,0.0970970970970971,2004-2006,0.07361244019138756,0,-0.07361244019138756,lost,FALSE,FALSE,0,Predator: Capelin,Predator
Teleostei,0.33933933933933935,0.448514222151597,0.055055055055055056,2018-2019,0.00909090909090909,0.07919472502805835,0.07010381593714926,gained,FALSE,FALSE,0,Predator: Capelin,Predator
Hyperiidae,0.7747747747747747,0.4621388654632218,0.18618618618618618,2004-2006,0.09311682186894411,0.027777777777777776,-0.06533904409116634,lost,FALSE,FALSE,0,Predator: Capelin,Predator
Gammaridae,0.18618618618618618,0.6,0.035035035035035036,2004-2006,0.06172737562381026,0,-0.06172737562381026,lost,FALSE,TRUE,1,Predator: Capelin,Predator
Echinodermata,0.7747747747747747,0.2791461412151067,0.36036036036036034,2018-2019,0.008333333333333333,0.04292929292929293,0.0345959595959596,gained,FALSE,FALSE,0,Predator: Capelin,Predator
Polychaeta,0.8498498498498499,0.32979948526448394,0.6216216216216216,2004-2006,0.053281627823223744,0.02749719416386083,-0.025784433659362914,lost,FALSE,FALSE,0,Predator: Capelin,Predator
Annelida,0.8498498498498499,0.15027322404371585,0.7717717717717718,2018-2019,0.0030303030303030303,0.027777777777777776,0.024747474747474747,gained,FALSE,FALSE,0,Predator: Capelin,Predator
egg_larvae,0.8498498498498499,0.15027322404371585,0.7527527527527528,2018-2019,0.0030303030303030303,0.027777777777777776,0.024747474747474747,gained,FALSE,FALSE,0,Predator: Capelin,Predator
plantae_chromista,0.3763763763763764,0.3333333333333333,0.11711711711711711,2018-2019,0,0.02132435465768799,0.02132435465768799,gained,FALSE,FALSE,0,Predator: Capelin,Predator
Oregoniidae,0.7747747747747747,0.2967163933752517,0.35035035035035034,2018-2019,0.002631578947368421,0.02132435465768799,0.01869277571031957,gained,FALSE,FALSE,0,Predator: Capelin,Predator
Decapoda,0.8498498498498499,0.3091619669189167,0.4064064064064064,2004-2006,0.021008900550496475,0.006172839506172839,-0.014836061044323636,lost,FALSE,FALSE,0,Predator: Capelin,Predator
Nematoda,0.7747747747747747,0.2,0.5135135135135135,2004-2006,0.011666666666666665,0,-0.011666666666666665,lost,FALSE,FALSE,0,Predator: Capelin,Predator
Amphipoda,0.002002002002002002,0.875,0.001001001001001001,2018-2019,0,0.21724950396825396,0.21724950396825396,gained,TRUE,TRUE,2,Predator: Dusky snailfish,Predator
Gammaridae,0.001001001001001001,1,0.001001001001001001,2004-2006,0.1823176702796346,0,-0.1823176702796346,lost,TRUE,TRUE,2,Predator: Dusky snailfish,Predator
Crustacea,0.002002002002002002,0.8888888888888888,0.002002002002002002,2004-2006,0.11421957787239159,0,-0.11421957787239159,lost,TRUE,TRUE,2,Predator: Dusky snailfish,Predator
Mysida,0.08708708708708708,0.7451636684493573,0.005005005005005005,2004-2006,0.13951724872462937,0.026909722222222224,-0.11260752650240714,lost,FALSE,TRUE,1,Predator: Dusky snailfish,Predator
Eualus macilentus,NA,0.7777777777777778,0.005005005005005005,2004-2006,0.06434919792789365,0,-0.06434919792789365,lost,FALSE,TRUE,1,Predator: Dusky snailfish,Predator
Euphausiacea,0.9629629629629629,0.48839801176945136,0.18618618618618618,2018-2019,0.023234995457217678,0.08307291666666666,0.05983792120944899,gained,FALSE,FALSE,0,Predator: Dusky snailfish,Predator
Hyperiidae,0.1871871871871872,0.7062048560616407,0.014014014014014014,2018-2019,0.015670687134502925,0.06556299603174603,0.04989230889724311,gained,FALSE,TRUE,1,Predator: Dusky snailfish,Predator
Decapoda,0.9819819819819819,0.598601494229111,0.24024024024024024,2018-2019,0.09009824912377999,0.13436259920634921,0.04426435008256922,gained,FALSE,FALSE,0,Predator: Dusky snailfish,Predator
Teleostei,0.7007007007007007,0.6017556576280189,0.1001001001001001,2018-2019,0.03472597319364168,0.07647569444444444,0.04174972125080276,gained,FALSE,FALSE,0,Predator: Dusky snailfish,Predator
Argis dentata,NA,0.5555555555555556,0.023023023023023025,2004-2006,0.03238606916421244,0,-0.03238606916421244,lost,FALSE,TRUE,1,Predator: Dusky snailfish,Predator
egg_larvae,0.9819819819819819,0.3815285703965903,0.2672672672672673,2018-2019,0.013558201058201057,0.04366319444444444,0.030104993386243385,gained,FALSE,FALSE,0,Predator: Dusky snailfish,Predator
other_phyla,0.977977977977978,0.33259289176090473,0.24524524524524524,2018-2019,0.0035576047358834243,0.027901785714285712,0.02434418097840229,gained,FALSE,FALSE,0,Predator: Dusky snailfish,Predator
Arthropoda,0.43543543543543545,0.4756278017147582,0.04104104104104104,2018-2019,0.0012626262626262627,0.024640376984126983,0.02337775072150072,gained,FALSE,TRUE,1,Predator: Dusky snailfish,Predator
Copepoda,1,0.3464184730558078,0.984984984984985,2004-2006,0.04090994233493155,0.0640625,0.023152557665068442,gained,FALSE,FALSE,0,Predator: Dusky snailfish,Predator
plantae_chromista,0.9819819819819819,0.46475275273963657,0.22122122122122123,2018-2019,0.011933777174555862,0.03461061507936508,0.02267683790480922,gained,FALSE,FALSE,0,Predator: Dusky snailfish,Predator
Pandalus montagui,NA,0.38245234844884013,0.1941941941941942,2004-2006,0.025705719838593006,0.004166666666666667,-0.02153905317192634,lost,FALSE,FALSE,0,Predator: Dusky snailfish,Predator
Thoridae,0.908908908908909,0.43224978083343607,0.11311311311311312,2004-2006,0.027386806663122452,0.0078125,-0.019574306663122452,lost,FALSE,FALSE,0,Predator: Dusky snailfish,Predator
Malacostraca,0.977977977977978,0.25,0.2122122122122122,2018-2019,0,0.017361111111111112,0.017361111111111112,gained,FALSE,FALSE,0,Predator: Dusky snailfish,Predator
Bivalvia,0.988988988988989,0.35145303580695386,0.33233233233233234,2018-2019,0.009465939153439153,0.022395833333333334,0.01292989417989418,gained,FALSE,FALSE,0,Predator: Dusky snailfish,Predator
Diastylis,0.8128128128128128,0.3333333333333333,0.21521521521521522,2004-2006,0.010535217825985729,0,-0.010535217825985729,lost,FALSE,FALSE,0,Predator: Dusky snailfish,Predator
Eumalacostraca,0.8148148148148148,0.3333333333333333,0.22022022022022023,2004-2006,0.008349867724867725,0,-0.008349867724867725,lost,FALSE,FALSE,0,Predator: Dusky snailfish,Predator
Oregoniidae,0.995995995995996,0.20911214953271026,0.44644644644644643,2018-2019,0.001736111111111111,0.008878968253968254,0.007142857142857143,gained,FALSE,FALSE,0,Predator: Dusky snailfish,Predator
Crangonidae,0.995995995995996,0.2962605263700173,0.3863863863863864,2004-2006,0.01408220081375819,0.007043650793650793,-0.007038550020107398,lost,FALSE,FALSE,0,Predator: Dusky snailfish,Predator
Crangon septemspinosa,NA,0.18534482758620688,0.6386386386386387,2018-2019,0.003720238095238095,0.01066468253968254,0.006944444444444445,gained,FALSE,FALSE,0,Predator: Dusky snailfish,Predator
Polychaeta,1,0.4242416648550918,0.9109109109109109,2004-2006,0.06580593407943973,0.07207341269841269,0.006267478618972963,gained,FALSE,FALSE,0,Predator: Dusky snailfish,Predator
Echinozoa,0.995995995995996,0.17912118667786173,0.7187187187187187,2004-2006,0.007215007215007215,0.001736111111111111,-0.005478896103896104,lost,FALSE,FALSE,0,Predator: Dusky snailfish,Predator
Eualus,0.8138138138138138,0.3333333333333333,0.19519519519519518,2004-2006,0.005328781233386496,0,-0.005328781233386496,lost,FALSE,FALSE,0,Predator: Dusky snailfish,Predator
Brachyura,0.9469469469469469,0.25,0.18018018018018017,2018-2019,0,0.005307539682539683,0.005307539682539683,gained,FALSE,FALSE,0,Predator: Dusky snailfish,Predator
Perciformes,0.995995995995996,0.24759287087341647,0.6446446446446447,2004-2006,0.024019803296119087,0.019097222222222224,-0.004922581073896863,lost,FALSE,FALSE,0,Predator: Dusky snailfish,Predator
Mollusca,0.9629629629629629,0.34821431941095,0.24324324324324326,2004-2006,0.006282219302603254,0.001736111111111111,-0.004546108191492143,lost,FALSE,FALSE,0,Predator: Dusky snailfish,Predator
Pandalus,1,0.06818181818181818,0.7387387387387387,2018-2019,0.003472222222222222,0.004166666666666667,6.944444444444446e-4,gained,FALSE,FALSE,0,Predator: Dusky snailfish,Predator
Nematoda,1,0.11552057140774752,1,2004-2006,0.0045110428051001825,0.004166666666666667,-3.443761384335159e-4,lost,FALSE,FALSE,0,Predator: Dusky snailfish,Predator
Amphilochida,1,0.16531239957765229,0.8998998998998999,2004-2006,0.014641068175904241,0.01488095238095238,2.3988420504813916e-4,gained,FALSE,FALSE,0,Predator: Dusky snailfish,Predator
Euphausiacea,0.6806806806806807,0.7718123689941367,0.0990990990990991,2018-2019,0.05677793904208999,0.19204334365325076,0.13526540461116077,gained,FALSE,FALSE,0,Predator: Greenland halibut,Predator
Perciformes,0.8328328328328328,0.48214285714285715,0.2912912912912913,2018-2019,0.0044444444444444444,0.12000000000000001,0.11555555555555556,gained,FALSE,FALSE,0,Predator: Greenland halibut,Predator
Hyperiidae,0.2952952952952953,0.8604178565501039,0.031031031031031032,2004-2006,0.12166263505886148,0.019736842105263157,-0.10192579295359833,lost,FALSE,TRUE,1,Predator: Greenland halibut,Predator
Amphipoda,0.6876876876876877,0.5,0.17317317317317318,2018-2019,0,0.08513931888544891,0.08513931888544891,gained,FALSE,FALSE,0,Predator: Greenland halibut,Predator
Nematoda,0.8328328328328328,0.6276826818995724,0.2092092092092092,2004-2006,0.10149653281728754,0.02786377708978328,-0.07363275572750426,lost,FALSE,FALSE,0,Predator: Greenland halibut,Predator
Pandalus,0.8258258258258259,0.6439742410303588,0.17917917917917917,2004-2006,0.08254716981132075,0.02,-0.06254716981132075,lost,FALSE,FALSE,0,Predator: Greenland halibut,Predator
Crustacea,0.2952952952952953,0.8,0.05305305305305305,2004-2006,0.05203434929850024,0,-0.05203434929850024,lost,FALSE,FALSE,0,Predator: Greenland halibut,Predator
Gammaridae,0.25425425425425424,0.8,0.04704704704704705,2004-2006,0.04904289630704725,0,-0.04904289630704725,lost,FALSE,TRUE,1,Predator: Greenland halibut,Predator
Caridea,0.6136136136136137,0.6,0.17617617617617617,2004-2006,0.03936784389614578,0,-0.03936784389614578,lost,FALSE,FALSE,0,Predator: Greenland halibut,Predator
Decapoda,0.998998998998999,0.42878930733492254,0.9209209209209209,2018-2019,0.09470569263022094,0.12642414860681114,0.031718455976590204,gained,FALSE,FALSE,0,Predator: Greenland halibut,Predator
Mysida,0.998998998998999,0.4243176152776362,0.9229229229229229,2004-2006,0.07717545557168198,0.10470588235294118,0.027530426781259193,gained,FALSE,FALSE,0,Predator: Greenland halibut,Predator
Echinodermata,0.964964964964965,0.21864686468646866,0.7577577577577578,2018-2019,0.0037735849056603774,0.02631578947368421,0.022542204568023833,gained,FALSE,FALSE,0,Predator: Greenland halibut,Predator
Teleostei,0.988988988988989,0.4359255020075156,0.6936936936936937,2004-2006,0.1348597000483793,0.11263157894736842,-0.022228121101010884,lost,FALSE,FALSE,0,Predator: Greenland halibut,Predator
Polychaeta,0.982982982982983,0.4492020777602672,0.6116116116116116,2004-2006,0.07334220287050476,0.05727554179566564,-0.016066661074839124,lost,FALSE,FALSE,0,Predator: Greenland halibut,Predator
egg_larvae,0.6806806806806807,0.6,0.16616616616616617,2004-2006,0.015739396871472345,0,-0.015739396871472345,lost,FALSE,FALSE,0,Predator: Greenland halibut,Predator
Copepoda,0.992992992992993,0.4397627825365829,0.7567567567567568,2018-2019,0.03617964844379939,0.051284829721362224,0.015105181277562836,gained,FALSE,FALSE,0,Predator: Greenland halibut,Predator
Bivalvia,0.998998998998999,0.20404425357640568,1,2004-2006,0.006850507982583454,0.006578947368421052,-2.7156061416240204e-4,lost,FALSE,FALSE,0,Predator: Greenland halibut,Predator
Pandalus montagui,NA,0.125,1,2018-2019,0.05,0.05,0,lost,FALSE,FALSE,0,Predator: Greenland halibut,Predator
Gammaridae,0.005005005005005005,0.9844758770706316,0.001001001001001001,2004-2006,0.2687113450897431,0.00423728813559322,-0.2644740569541499,lost,TRUE,TRUE,2,Predator: Laval's eelpout,Predator
Amphipoda,0.001001001001001001,1,0.002002002002002002,2018-2019,0,0.24533309390579683,0.24533309390579683,gained,TRUE,TRUE,2,Predator: Laval's eelpout,Predator
Mysida,0.12012012012012012,0.8623151870226603,0.01001001001001001,2004-2006,0.15322968590629718,0.006696428571428571,-0.1465332573348686,lost,FALSE,TRUE,1,Predator: Laval's eelpout,Predator
Amphilochida,0.01001001001001001,0.9493149183653543,0.001001001001001001,2018-2019,0.005068407960199005,0.09492961506230908,0.08986120710211008,gained,TRUE,TRUE,2,Predator: Laval's eelpout,Predator
Oregoniidae,0.013013013013013013,0.9228498646857423,0.005005005005005005,2018-2019,0.006991484883275928,0.08363032484910272,0.0766388399658268,gained,TRUE,TRUE,2,Predator: Laval's eelpout,Predator
Arthropoda,0.19519519519519518,0.6884690759688472,0.02002002002002002,2018-2019,0.0069767441860465115,0.07806274159976212,0.0710859974137156,gained,FALSE,TRUE,1,Predator: Laval's eelpout,Predator
Crustacea,0.14014014014014015,0.8,0.014014014014014014,2004-2006,0.07053196737252282,0,-0.07053196737252282,lost,FALSE,TRUE,1,Predator: Laval's eelpout,Predator
Bivalvia,0.98998998998999,0.35775458536694893,0.5245245245245245,2004-2006,0.04118834653718375,0.0048637218045112784,-0.03632462473267247,lost,FALSE,FALSE,0,Predator: Laval's eelpout,Predator
Teleostei,0.6916916916916916,0.6937679087391408,0.06606606606606606,2018-2019,0.027230403414168367,0.06169039943850381,0.03445999602433544,gained,FALSE,FALSE,0,Predator: Laval's eelpout,Predator
Diastylis,0.5205205205205206,0.7,0.06806806806806807,2004-2006,0.03244712056920089,0,-0.03244712056920089,lost,FALSE,FALSE,0,Predator: Laval's eelpout,Predator
Argis dentata,NA,0.612902953837962,0.09109109109109109,2004-2006,0.03703690495081103,0.005263157894736842,-0.031773747056074185,lost,FALSE,FALSE,0,Predator: Laval's eelpout,Predator
Euphausiacea,0.03203203203203203,0.87714371577944,0.006006006006006006,2018-2019,0.004861111111111111,0.034706348884538,0.029845237773426892,gained,TRUE,TRUE,2,Predator: Laval's eelpout,Predator
Eualus,0.9079079079079079,0.5,0.1781781781781782,2004-2006,0.027403783925898963,0,-0.027403783925898963,lost,FALSE,FALSE,0,Predator: Laval's eelpout,Predator
Perciformes,0.6916916916916916,0.6183848602621098,0.11611611611611612,2004-2006,0.02870015174212565,0.003787878787878788,-0.02491227295424686,lost,FALSE,FALSE,0,Predator: Laval's eelpout,Predator
Thoridae,0.5125125125125125,0.6659864758625077,0.044044044044044044,2018-2019,0.003415614236509759,0.027076032241621,0.02366041800511124,gained,FALSE,TRUE,1,Predator: Laval's eelpout,Predator
Decapoda,0.985985985985986,0.5773092991788613,0.3123123123123123,2018-2019,0.056913890739446735,0.07773276845812528,0.020818877718678547,gained,FALSE,FALSE,0,Predator: Laval's eelpout,Predator
Pandalus,0.03903903903903904,0.75,0.01001001001001001,2018-2019,0,0.019131322142026872,0.019131322142026872,gained,TRUE,TRUE,2,Predator: Laval's eelpout,Predator
Crangonidae,0.985985985985986,0.4194476464940856,0.30930930930930933,2004-2006,0.022064166453701337,0.00423728813559322,-0.017826878318108117,lost,FALSE,FALSE,0,Predator: Laval's eelpout,Predator
egg_larvae,0.5205205205205206,0.7311886156689235,0.03003003003003003,2018-2019,0.008886526668980677,0.024172068267741775,0.015285541598761098,gained,FALSE,TRUE,1,Predator: Laval's eelpout,Predator
Eualus macilentus,NA,0.4,0.37737737737737737,2004-2006,0.01440164717376221,0,-0.01440164717376221,lost,FALSE,FALSE,0,Predator: Laval's eelpout,Predator
Brachyura,0.3213213213213213,0.5,0.06006006006006006,2018-2019,0,0.011959586466165413,0.011959586466165413,gained,FALSE,FALSE,0,Predator: Laval's eelpout,Predator
Crangon septemspinosa,NA,0.75,0.014014014014014014,2018-2019,0,0.010257309780614865,0.010257309780614865,gained,FALSE,TRUE,1,Predator: Laval's eelpout,Predator
Pandalus montagui,NA,0.2138157894736842,0.2782782782782783,2018-2019,0.0019230769230769232,0.011363636363636364,0.00944055944055944,gained,FALSE,FALSE,0,Predator: Laval's eelpout,Predator
Eumalacostraca,0.98998998998999,0.30193693463484444,0.5435435435435435,2004-2006,0.013745570148009173,0.004464285714285714,-0.009281284433723459,lost,FALSE,FALSE,0,Predator: Laval's eelpout,Predator
plantae_chromista,0.5205205205205206,0.7101487424459895,0.018018018018018018,2018-2019,0.0061717352415026835,0.015121031585126144,0.00894929634362346,gained,FALSE,TRUE,1,Predator: Laval's eelpout,Predator
Cumacea,0.26426426426426425,0.5,0.05205205205205205,2018-2019,0,0.008025166923472007,0.008025166923472007,gained,FALSE,FALSE,0,Predator: Laval's eelpout,Predator
Mollusca,0.994994994994995,0.20471735276738232,0.6506506506506506,2004-2006,0.009591638981173864,0.004464285714285714,-0.00512735326688815,lost,FALSE,FALSE,0,Predator: Laval's eelpout,Predator
Copepoda,0.994994994994995,0.269164738624238,0.8088088088088088,2018-2019,0.018941319045796656,0.022086466165413533,0.0031451471196168763,gained,FALSE,FALSE,0,Predator: Laval's eelpout,Predator
Nematoda,0.98998998998999,0.184878587196468,0.7737737737737738,2018-2019,0.0014925373134328358,0.00423728813559322,0.0027447508221603847,gained,FALSE,FALSE,0,Predator: Laval's eelpout,Predator
Polychaeta,0.994994994994995,0.5022409483235963,0.7837837837837838,2018-2019,0.11038545789365077,0.11137938499947866,9.939271058278937e-4,gained,FALSE,FALSE,0,Predator: Laval's eelpout,Predator
Hyperiidae,0.994994994994995,0.3672843738893159,0.6516516516516516,2018-2019,0.016909141752152308,0.016227358168147642,-6.817835840046658e-4,lost,FALSE,FALSE,0,Predator: Laval's eelpout,Predator
Echinodermata,0.994994994994995,0.2521646238614641,0.5425425425425425,2018-2019,0.00478021978021978,0.0048637218045112784,8.350202429149856e-5,gained,FALSE,FALSE,0,Predator: Laval's eelpout,Predator
Gammaridae,0.006006006006006006,0.9411764705882353,0.002002002002002002,2004-2006,0.15326166103593428,0,-0.15326166103593428,lost,TRUE,TRUE,2,Predator: Longhorn sculpin,Predator
Arthropoda,0.025025025025025027,0.6,0.006006006006006006,2018-2019,0,0.10041771094402673,0.10041771094402673,gained,TRUE,TRUE,2,Predator: Longhorn sculpin,Predator
Amphipoda,0.16616616616616617,0.5494437435485721,0.014014014014014014,2018-2019,0.009477124183006535,0.10299707602339181,0.09351995184038528,gained,FALSE,TRUE,1,Predator: Longhorn sculpin,Predator
Mysida,0.7707707707707707,0.5294117647058824,0.0890890890890891,2004-2006,0.07087406108885985,0,-0.07087406108885985,lost,FALSE,FALSE,0,Predator: Longhorn sculpin,Predator
Oregoniidae,0.33733733733733734,0.3883713887711223,0.043043043043043044,2018-2019,0.0017050298380221654,0.05694444444444444,0.05523941460642228,gained,FALSE,TRUE,1,Predator: Longhorn sculpin,Predator
Amphilochida,0.9319319319319319,0.19230785179656237,0.23023023023023023,2018-2019,0.0022856649991374847,0.05714285714285714,0.05485719214371965,gained,FALSE,FALSE,0,Predator: Longhorn sculpin,Predator
Crustacea,0.6736736736736737,0.5294117647058824,0.0890890890890891,2004-2006,0.052397824112433995,0,-0.052397824112433995,lost,FALSE,FALSE,0,Predator: Longhorn sculpin,Predator
Polychaeta,0.982982982982983,0.5224033584355873,0.31431431431431434,2004-2006,0.11445077591702069,0.06597222222222222,-0.04847855369479846,lost,FALSE,FALSE,0,Predator: Longhorn sculpin,Predator
Decapoda,0.982982982982983,0.4196285606521864,0.35735735735735735,2018-2019,0.035265310254384556,0.0820436507936508,0.04677834053926624,gained,FALSE,FALSE,0,Predator: Longhorn sculpin,Predator
Copepoda,0.990990990990991,0.42289465011642036,0.36436436436436437,2004-2006,0.0748805437239948,0.029276315789473685,-0.04560422793452112,lost,FALSE,FALSE,0,Predator: Longhorn sculpin,Predator
Brachyura,0.983983983983984,0.4126671261181835,0.2602602602602603,2018-2019,0.03261507811680822,0.07184628237259816,0.039231204255789937,gained,FALSE,FALSE,0,Predator: Longhorn sculpin,Predator
Argis dentata,NA,0.29411764705882354,0.39039039039039036,2004-2006,0.02984431832820232,0,-0.02984431832820232,lost,FALSE,FALSE,0,Predator: Longhorn sculpin,Predator
other_phyla,0.973973973973974,0.3423948491551771,0.21621621621621623,2018-2019,0.005858422375332745,0.03482142857142857,0.028963006196095827,gained,FALSE,FALSE,0,Predator: Longhorn sculpin,Predator
Perciformes,0.990990990990991,0.2738879437766684,0.41041041041041043,2018-2019,0.0228494623655914,0.04962406015037594,0.02677459778478454,gained,FALSE,FALSE,0,Predator: Longhorn sculpin,Predator
Teleostei,0.984984984984985,0.4778467252162432,0.4874874874874875,2004-2006,0.09354096673647753,0.06766917293233082,-0.02587179380414671,lost,FALSE,FALSE,0,Predator: Longhorn sculpin,Predator
egg_larvae,0.913913913913914,0.33319983065571107,0.08608608608608609,2018-2019,0.005473653481243615,0.027302631578947367,0.021828978097703754,gained,FALSE,FALSE,0,Predator: Longhorn sculpin,Predator
Mollusca,0.990990990990991,0.30541322847637425,0.4824824824824825,2004-2006,0.030228786356702418,0.010526315789473684,-0.019702470567228736,lost,FALSE,FALSE,0,Predator: Longhorn sculpin,Predator
Bivalvia,0.996996996996997,0.24843889323926543,0.7237237237237237,2018-2019,0.030273349636559817,0.04962406015037594,0.019350710513816122,gained,FALSE,FALSE,0,Predator: Longhorn sculpin,Predator
Echinodermata,0.990990990990991,0.29402279299200546,0.33733733733733734,2018-2019,0.010262492093611639,0.02847222222222222,0.01820973012861058,gained,FALSE,FALSE,0,Predator: Longhorn sculpin,Predator
Crangonidae,0.7267267267267268,0.47058823529411764,0.1011011011011011,2004-2006,0.018121081824814287,0,-0.018121081824814287,lost,FALSE,FALSE,0,Predator: Longhorn sculpin,Predator
plantae_chromista,0.997997997997998,0.24037259470775416,1,2018-2019,0.029272089045713257,0.04407894736842105,0.014806858322707794,gained,FALSE,FALSE,0,Predator: Longhorn sculpin,Predator
Eumalacostraca,0.990990990990991,0.23529411764705882,0.5135135135135135,2004-2006,0.014419877347853587,0,-0.014419877347853587,lost,FALSE,FALSE,0,Predator: Longhorn sculpin,Predator
Echinozoa,0.996996996996997,0.24728869104234324,0.6646646646646647,2004-2006,0.02463774366051406,0.010526315789473684,-0.014111427871040376,lost,FALSE,FALSE,0,Predator: Longhorn sculpin,Predator
Nematoda,0.996996996996997,0.2185077813865112,0.6326326326326326,2004-2006,0.018062108979063997,0.00625,-0.011812108979063997,lost,FALSE,FALSE,0,Predator: Longhorn sculpin,Predator
Crangon septemspinosa,NA,0.34223764659056966,0.6326326326326326,2004-2006,0.09623562154257545,0.08571428571428572,-0.010521335828289735,lost,FALSE,FALSE,0,Predator: Longhorn sculpin,Predator
Pandalus montagui,NA,0.17647058823529413,0.5675675675675675,2004-2006,0.006673499139176112,0,-0.006673499139176112,lost,FALSE,FALSE,0,Predator: Longhorn sculpin,Predator
Pandalus,0.996996996996997,0.12385921408145861,0.8958958958958959,2018-2019,0.007684206871810302,0.0125,0.004815793128189699,gained,FALSE,FALSE,0,Predator: Longhorn sculpin,Predator
Thoridae,0.997997997997998,0.10576581765576548,0.8848848848848849,2004-2006,0.009349246945154873,0.00625,-0.0030992469451548727,lost,FALSE,FALSE,0,Predator: Longhorn sculpin,Predator
Gammaridae,0.001001001001001001,1,0.009009009009009009,2004-2006,0.28716979982847807,0,-0.28716979982847807,lost,TRUE,TRUE,2,Predator: Moustache sculpin,Predator
Amphipoda,0.005005005005005005,0.974310642706569,0.002002002002002002,2018-2019,0.006770657988254217,0.25678821236096777,0.25001755437271356,gained,TRUE,TRUE,2,Predator: Moustache sculpin,Predator
Mysida,0.008008008008008008,1,0.006006006006006006,2004-2006,0.1461040184297,0,-0.1461040184297,lost,TRUE,TRUE,2,Predator: Moustache sculpin,Predator
Arthropoda,0.11611611611611612,0.7191006193339916,0.025025025025025027,2018-2019,0.0035714285714285718,0.08311546840958606,0.07954403983815748,gained,FALSE,TRUE,1,Predator: Moustache sculpin,Predator
Crustacea,0.022022022022022022,0.9413110678314902,0.011011011011011011,2004-2006,0.07425457321013004,0.004629629629629629,-0.06962494358050042,lost,TRUE,TRUE,2,Predator: Moustache sculpin,Predator
egg_larvae,0.055055055055055056,0.9010482039686113,0.008008008008008008,2018-2019,0.008458646616541353,0.07702385047586285,0.0685652038593215,gained,FALSE,TRUE,1,Predator: Moustache sculpin,Predator
Euphausiacea,0.0890890890890891,0.8742680872641039,0.024024024024024024,2018-2019,0.011035050312348034,0.07673145281504415,0.06569640250269612,gained,FALSE,TRUE,1,Predator: Moustache sculpin,Predator
Copepoda,0.5885885885885885,0.6709201083007771,0.1001001001001001,2004-2006,0.11555049785339389,0.05667641325536062,-0.05887408459803326,lost,FALSE,FALSE,0,Predator: Moustache sculpin,Predator
Amphilochida,0.08708708708708708,0.75,0.036036036036036036,2018-2019,0,0.05779727095516569,0.05779727095516569,gained,FALSE,TRUE,1,Predator: Moustache sculpin,Predator
Decapoda,0.5985985985985987,0.6038144256432426,0.11311311311311312,2018-2019,0.01730549908265979,0.07147976149524136,0.054174262412581574,gained,FALSE,FALSE,0,Predator: Moustache sculpin,Predator
plantae_chromista,0.015015015015015015,0.956826005982279,0.006006006006006006,2018-2019,0.002506265664160401,0.05554408898062149,0.05303782331646109,gained,TRUE,TRUE,2,Predator: Moustache sculpin,Predator
Eumalacostraca,0.5885885885885885,0.7278507516035007,0.0990990990990991,2004-2006,0.046912554364603946,0.008333333333333333,-0.038579221031270615,lost,FALSE,FALSE,0,Predator: Moustache sculpin,Predator
Bivalvia,0.5895895895895896,0.6327916145279769,0.09109109109109109,2018-2019,0.00820989039763588,0.044324045407636736,0.036114155010000856,gained,FALSE,FALSE,0,Predator: Moustache sculpin,Predator
Hyperiidae,0.9179179179179179,0.577998285451587,0.35135135135135137,2004-2006,0.054085991619103296,0.026120857699805065,-0.02796513391929823,lost,FALSE,FALSE,0,Predator: Moustache sculpin,Predator
Argis dentata,NA,0.7142857142857143,0.056056056056056056,2004-2006,0.022690229565583517,0,-0.022690229565583517,lost,FALSE,FALSE,0,Predator: Moustache sculpin,Predator
Diastylis,0.9019019019019019,0.2857142857142857,0.47147147147147145,2004-2006,0.019301986309056222,0,-0.019301986309056222,lost,FALSE,FALSE,0,Predator: Moustache sculpin,Predator
Perciformes,0.8788788788788788,0.2857142857142857,0.5065065065065065,2004-2006,0.01279317697228145,0,-0.01279317697228145,lost,FALSE,FALSE,0,Predator: Moustache sculpin,Predator
Pandalus montagui,NA,0.21834264432029793,0.7427427427427428,2018-2019,0.0021321961620469083,0.014705882352941176,0.012573686190894268,gained,FALSE,FALSE,0,Predator: Moustache sculpin,Predator
Oregoniidae,0.4264264264264264,0.5,0.12712712712712712,2018-2019,0,0.011208576998050682,0.011208576998050682,gained,FALSE,FALSE,0,Predator: Moustache sculpin,Predator
Thoridae,0.4264264264264264,0.5,0.11611611611611612,2018-2019,0,0.011208576998050682,0.011208576998050682,gained,FALSE,FALSE,0,Predator: Moustache sculpin,Predator
Polychaeta,0.964964964964965,0.5218267346749392,0.8278278278278278,2004-2006,0.11999396086817687,0.10995585368650385,-0.010038107181673028,lost,FALSE,FALSE,0,Predator: Moustache sculpin,Predator
Echinodermata,0.964964964964965,0.20230565571207698,0.8078078078078078,2004-2006,0.015957080954673637,0.006578947368421052,-0.009378133586252585,lost,FALSE,FALSE,0,Predator: Moustache sculpin,Predator
Teleostei,0.964964964964965,0.30379772709041375,0.965965965965966,2004-2006,0.02055803340353661,0.027777777777777776,0.007219744374241166,gained,FALSE,FALSE,0,Predator: Moustache sculpin,Predator
Crangonidae,0.8788788788788788,0.2857142857142857,0.4964964964964965,2004-2006,0.004638461826207309,0,-0.004638461826207309,lost,FALSE,FALSE,0,Predator: Moustache sculpin,Predator
Gammaridae,0.001001001001001001,0.9574468085106383,0.001001001001001001,2004-2006,0.19545576753349017,0,-0.19545576753349017,lost,TRUE,TRUE,2,Predator: Thorny skate,Predator
Amphipoda,0.001001001001001001,0.9840648614720244,0.001001001001001001,2018-2019,0.002806912483797667,0.17333918620683325,0.1705322737230356,gained,TRUE,TRUE,2,Predator: Thorny skate,Predator
Crustacea,0.005005005005005005,0.8085106382978723,0.001001001001001001,2004-2006,0.09939054076063476,0,-0.09939054076063476,lost,TRUE,TRUE,2,Predator: Thorny skate,Predator
Nematoda,0.11911911911911911,0.7159902147693057,0.002002002002002002,2018-2019,0.031362291112979154,0.07906450663803605,0.04770221552505689,gained,FALSE,TRUE,1,Predator: Thorny skate,Predator
Cumacea,0.001001001001001001,0.5,0.002002002002002002,2018-2019,0,0.04340993973346914,0.04340993973346914,gained,TRUE,TRUE,2,Predator: Thorny skate,Predator
Copepoda,0.944944944944945,0.5342879308345156,0.24824824824824826,2004-2006,0.09113453744602112,0.05040389415389415,-0.04073064329212697,lost,FALSE,FALSE,0,Predator: Thorny skate,Predator
egg_larvae,0.001001001001001001,0.8609087385406387,0.001001001001001001,2018-2019,6.0790273556231e-4,0.037139952213481625,0.03653204947791931,gained,TRUE,TRUE,2,Predator: Thorny skate,Predator
Decapoda,0.6356356356356356,0.6192677508598081,0.037037037037037035,2018-2019,0.056640837453331754,0.09212732595085536,0.03548648849752361,gained,FALSE,TRUE,1,Predator: Thorny skate,Predator
Polychaeta,0.992992992992993,0.5174892348362283,0.46646646646646645,2004-2006,0.1505739877816643,0.11563286452992336,-0.03494112325174095,lost,FALSE,FALSE,0,Predator: Thorny skate,Predator
Arthropoda,0.007007007007007007,0.4861159806465185,0.002002002002002002,2018-2019,8.054711246200608e-4,0.02820165945165945,0.02739618832703939,gained,TRUE,TRUE,2,Predator: Thorny skate,Predator
Argis dentata,NA,0.3617021276595745,0.13213213213213212,2004-2006,0.02627459022284397,0,-0.02627459022284397,lost,FALSE,FALSE,0,Predator: Thorny skate,Predator
Echinodermata,0.2702702702702703,0.34287145500177973,0.03003003003003003,2018-2019,0.002546177547447337,0.02717245989304813,0.024626282345600794,gained,FALSE,TRUE,1,Predator: Thorny skate,Predator
Diastylis,0.47847847847847846,0.44680851063829785,0.07007007007007007,2004-2006,0.024200783581190738,0,-0.024200783581190738,lost,FALSE,FALSE,0,Predator: Thorny skate,Predator
Caridea,0.7047047047047047,0.3617021276595745,0.11511511511511512,2004-2006,0.02345914065808853,0,-0.02345914065808853,lost,FALSE,FALSE,0,Predator: Thorny skate,Predator
other_phyla,0.07507507507507508,0.3578153664852331,0.015015015015015015,2018-2019,0.0011689024065092675,0.024338676912206324,0.023169774505697058,gained,FALSE,TRUE,1,Predator: Thorny skate,Predator
Pandalus,0.8898898898898899,0.3327344388235902,0.22022022022022023,2004-2006,0.02299421560530091,0.003472222222222222,-0.019521993383078688,lost,FALSE,FALSE,0,Predator: Thorny skate,Predator
Amphilochida,0.021021021021021023,0.3603697155222462,0.003003003003003003,2018-2019,8.183306055646482e-4,0.020156926406926408,0.01933859580136176,gained,TRUE,TRUE,2,Predator: Thorny skate,Predator
Malacostraca,0.004004004004004004,0.48477337514388535,0.003003003003003003,2018-2019,6.265777136675081e-4,0.019948491272020683,0.019321913558353176,gained,TRUE,TRUE,2,Predator: Thorny skate,Predator
Mysida,0.977977977977978,0.44762901003675265,0.5395395395395396,2004-2006,0.07820792734535101,0.05933441558441559,-0.01887351176093542,lost,FALSE,FALSE,0,Predator: Thorny skate,Predator
Crangonidae,0.6356356356356356,0.3829787234042553,0.08108108108108109,2004-2006,0.01852543871129175,0,-0.01852543871129175,lost,FALSE,FALSE,0,Predator: Thorny skate,Predator
Oregoniidae,0.944944944944945,0.338162754448294,0.21021021021021022,2018-2019,0.01573805959244298,0.03288504795857737,0.017146988366134392,gained,FALSE,FALSE,0,Predator: Thorny skate,Predator
Brachyura,0.001001001001001001,0.49213482181035595,0.001001001001001001,2018-2019,2.6595744680851064e-4,0.016641316641316642,0.01637535919450813,gained,TRUE,TRUE,2,Predator: Thorny skate,Predator
Thoridae,0.6346346346346347,0.2938214986074785,0.055055055055055056,2018-2019,0.005626368598228584,0.020364357864357863,0.014737989266129278,gained,FALSE,FALSE,0,Predator: Thorny skate,Predator
Eualus,0.8248248248248248,0.2978723404255319,0.17317317317317318,2004-2006,0.01272153839506795,0,-0.01272153839506795,lost,FALSE,FALSE,0,Predator: Thorny skate,Predator
Bivalvia,0.7047047047047047,0.36227494462787,0.06406406406406406,2018-2019,0.006970417931883195,0.018335137085137083,0.011364719153253888,gained,FALSE,FALSE,0,Predator: Thorny skate,Predator
plantae_chromista,0.6986986986986987,0.4250187528181527,0.04904904904904905,2018-2019,0.008349559876735019,0.017745261495261497,0.009395701618526478,gained,FALSE,TRUE,1,Predator: Thorny skate,Predator
Hyperiidae,0.990990990990991,0.2976133908285616,0.40540540540540543,2018-2019,0.01698107310549211,0.02497099372099372,0.007989920615501609,gained,FALSE,FALSE,0,Predator: Thorny skate,Predator
Pandalus montagui,NA,0.1794609589234657,0.6476476476476476,2004-2006,0.013441719861324176,0.005681818181818182,-0.0077599016795059945,lost,FALSE,FALSE,0,Predator: Thorny skate,Predator
Annelida,0.11411411411411411,0.2433389851035485,0.021021021021021023,2018-2019,1.3997760358342665e-4,0.005113636363636364,0.004973658760052937,gained,FALSE,TRUE,1,Predator: Thorny skate,Predator
Teleostei,0.995995995995996,0.35195139546925586,0.5615615615615616,2018-2019,0.03851106709867006,0.0340511778011778,-0.004459889297492262,lost,FALSE,FALSE,0,Predator: Thorny skate,Predator
Euphausiacea,0.995995995995996,0.23694107813762857,0.7347347347347347,2004-2006,0.021576284040378976,0.01717342342342342,-0.004402860616955554,lost,FALSE,FALSE,0,Predator: Thorny skate,Predator
Eualus macilentus,NA,0.2127659574468085,0.29429429429429427,2004-2006,0.003929741817268925,0,-0.003929741817268925,lost,FALSE,FALSE,0,Predator: Thorny skate,Predator
Crangon septemspinosa,NA,0.11353586636095643,0.15615615615615616,2018-2019,3.606202668589975e-4,0.0035714285714285713,0.003210808304569574,gained,FALSE,FALSE,0,Predator: Thorny skate,Predator
Perciformes,0.995995995995996,0.11299110502918686,0.8728728728728729,2004-2006,0.009725737165606907,0.006756756756756757,-0.0029689804088501495,lost,FALSE,FALSE,0,Predator: Thorny skate,Predator
Chordata,0.7817817817817818,0.11112862547288777,0.13413413413413414,2018-2019,3.5460992907801415e-4,0.002840909090909091,0.0024862991618310767,gained,FALSE,FALSE,0,Predator: Thorny skate,Predator
Eumalacostraca,0.995995995995996,0.13713916472561097,0.8948948948948949,2018-2019,0.00794167884494828,0.00965007215007215,0.0017083933051238696,gained,FALSE,FALSE,0,Predator: Thorny skate,Predator
Mollusca,0.977977977977978,0.19999243151005686,0.14214214214214213,2018-2019,0.0071785697387009625,0.008203414453414454,0.001024844714713492,gained,FALSE,FALSE,0,Predator: Thorny skate,Predator
Echinozoa,0.995995995995996,0.07927934399480666,0.8108108108108109,2004-2006,0.002586685857565948,0.0022727272727272726,-3.1395858483867535e-4,lost,FALSE,FALSE,0,Predator: Thorny skate,Predator
Amphipoda,0.001001001001001001,0.9667918882721885,0.001001001001001001,2018-2019,0.005488453619271117,0.1597860330560606,0.15429757943678948,gained,TRUE,TRUE,2,Predator: White hake,Predator
Gammaridae,0.001001001001001001,1,0.001001001001001001,2004-2006,0.13295367322333476,0,-0.13295367322333476,lost,TRUE,TRUE,2,Predator: White hake,Predator
Crustacea,0.001001001001001001,0.8682483180515396,0.001001001001001001,2004-2006,0.06009304441470204,0.0014285714285714286,-0.05866447298613061,lost,TRUE,TRUE,2,Predator: White hake,Predator
Arthropoda,0.001001001001001001,0.7604823341386889,0.001001001001001001,2018-2019,0.0014619883040935672,0.044063824181393804,0.04260183587730024,gained,TRUE,TRUE,2,Predator: White hake,Predator
Pandalus,0.993993993993994,0.3435755950871466,0.37737737737737737,2004-2006,0.05510694787670937,0.016178606697912733,-0.038928341178796635,lost,FALSE,FALSE,0,Predator: White hake,Predator
Cumacea,0.001001001001001001,0.6428571428571429,0.001001001001001001,2018-2019,0,0.038685201262955306,0.038685201262955306,gained,TRUE,TRUE,2,Predator: White hake,Predator
Teleostei,0.6946946946946947,0.5964321102672467,0.06406406406406406,2018-2019,0.04754927783506937,0.08538560344391774,0.03783632560884837,gained,FALSE,FALSE,0,Predator: White hake,Predator
Decapoda,0.9769769769769769,0.5603885128761431,0.19019019019019018,2018-2019,0.05274252914674268,0.08027615137452782,0.02753362222778514,gained,FALSE,FALSE,0,Predator: White hake,Predator
Hyperiidae,0.9769769769769769,0.4240046209471015,0.21421421421421422,2004-2006,0.04374777515963918,0.01930519682620523,-0.02444257833343395,lost,FALSE,FALSE,0,Predator: White hake,Predator
Caridea,0.35335335335335333,0.3333333333333333,0.037037037037037035,2004-2006,0.024425429640101717,0,-0.024425429640101717,lost,FALSE,TRUE,1,Predator: White hake,Predator
Mollusca,0.6626626626626627,0.43384854734545203,0.028028028028028028,2004-2006,0.027943113051065144,0.004260651629072682,-0.023682461421992464,lost,FALSE,TRUE,1,Predator: White hake,Predator
Thoridae,0.8648648648648649,0.20521746247244985,0.15015015015015015,2018-2019,0.0010683760683760685,0.024177694911132277,0.02310931884275621,gained,FALSE,FALSE,0,Predator: White hake,Predator
Bivalvia,0.8278278278278278,0.5122971014932829,0.08008008008008008,2004-2006,0.037570011409093024,0.015395146991564409,-0.022174864417528615,lost,FALSE,FALSE,0,Predator: White hake,Predator
Copepoda,0.973973973973974,0.4801105393436255,0.1961961961961962,2004-2006,0.0793096798566811,0.0583490350945117,-0.020960644762169398,lost,FALSE,FALSE,0,Predator: White hake,Predator
Diastylis,0.014014014014014014,0.5555555555555556,0.004004004004004004,2004-2006,0.020960215194028468,0,-0.020960215194028468,lost,TRUE,TRUE,2,Predator: White hake,Predator
Mysida,0.6846846846846847,0.46149215894772644,0.07107107107107107,2004-2006,0.037130749543484096,0.016507936507936506,-0.02062281303554759,lost,FALSE,FALSE,0,Predator: White hake,Predator
Amphilochida,0.056056056056056056,0.42857142857142855,0.003003003003003003,2018-2019,0,0.019180168058287976,0.019180168058287976,gained,FALSE,TRUE,1,Predator: White hake,Predator
Echinozoa,0.993993993993994,0.17890819042510803,0.4874874874874875,2018-2019,0.004388023361812492,0.022190736759820206,0.017802713398007715,gained,FALSE,FALSE,0,Predator: White hake,Predator
Annelida,0.3993993993993994,0.2857142857142857,0.02702702702702703,2018-2019,0,0.01671731318790142,0.01671731318790142,gained,FALSE,TRUE,1,Predator: White hake,Predator
Oregoniidae,0.8648648648648649,0.3011470660511835,0.08208208208208208,2018-2019,0.0036851161127794047,0.01981866643520779,0.016133550322428383,gained,FALSE,FALSE,0,Predator: White hake,Predator
Euphausiacea,0.993993993993994,0.44451957306612955,0.2772772772772773,2018-2019,0.021448540715140785,0.03534281996429318,0.013894279249152392,gained,FALSE,FALSE,0,Predator: White hake,Predator
Nematoda,0.996996996996997,0.5396347539153129,0.42342342342342343,2004-2006,0.08238527468016087,0.07028331102973934,-0.01210196365042153,lost,FALSE,FALSE,0,Predator: White hake,Predator
plantae_chromista,0.918918918918919,0.41377750794858625,0.15615615615615616,2004-2006,0.020083572929119976,0.009578006862018778,-0.010505566067101199,lost,FALSE,FALSE,0,Predator: White hake,Predator
Polychaeta,1,0.5168753199862941,0.7007007007007007,2004-2006,0.14675974618728524,0.13717670910947155,-0.009583037077813689,lost,FALSE,FALSE,0,Predator: White hake,Predator
Brachyura,0.9179179179179179,0.2414653550006606,0.0960960960960961,2004-2006,0.008795849830406125,0.0013227513227513227,-0.007473098507654803,lost,FALSE,FALSE,0,Predator: White hake,Predator
Echinodermata,0.995995995995996,0.1968412176233244,0.3133133133133133,2018-2019,0.005980255022400616,0.013245415125114372,0.007265160102713756,gained,FALSE,FALSE,0,Predator: White hake,Predator
Crangonidae,1,0.14127104490085446,0.9619619619619619,2018-2019,0.0068425067459069065,0.013239094087247301,0.006396587341340395,gained,FALSE,FALSE,0,Predator: White hake,Predator
Pandalus montagui,NA,0.2086151731195999,0.22122122122122123,2004-2006,0.0071816669657939715,0.0023809523809523807,-0.004800714584841591,lost,FALSE,FALSE,0,Predator: White hake,Predator
Pandalidae,1,0.06130382002737815,0.8908908908908909,2018-2019,7.864616248858928e-4,0.0047619047619047615,0.003975443137018869,gained,FALSE,FALSE,0,Predator: White hake,Predator
Malacostraca,0.8858858858858859,0.14285714285714285,0.17117117117117117,2018-2019,0,0.003968253968253968,0.003968253968253968,gained,FALSE,FALSE,0,Predator: White hake,Predator
Eumalacostraca,0.996996996996997,0.1730301474924455,0.4894894894894895,2004-2006,0.00931509296938925,0.005639097744360902,-0.003675995225028348,lost,FALSE,FALSE,0,Predator: White hake,Predator
Perciformes,1,0.20669010132768406,0.7227227227227228,2018-2019,0.008566451732056038,0.011768483514469547,0.0032020317824135083,gained,FALSE,FALSE,0,Predator: White hake,Predator
Argis dentata,NA,0.09570293636983807,0.7587587587587588,2018-2019,0.003104333421847932,0.006300473405736563,0.0031961399838886313,gained,FALSE,FALSE,0,Predator: White hake,Predator
egg_larvae,1,0.09724201183860394,1,2004-2006,0.0034498730454348148,0.006404901141743247,0.002955028096308432,gained,FALSE,FALSE,0,Predator: White hake,Predator
Eualus,0.918918918918919,0.16666666666666666,0.21021021021021022,2004-2006,0.002099546217341438,0,-0.002099546217341438,lost,FALSE,FALSE,0,Predator: White hake,Predator
Chordata,0.984984984984985,0.1111111111111111,0.5225225225225225,2004-2006,0.0020081333602204746,0,-0.0020081333602204746,lost,FALSE,FALSE,0,Predator: White hake,Predator
Crangon septemspinosa,NA,0.25260268710335626,0.7307307307307307,2018-2019,0.03239025531251818,0.03307176392543936,6.815086129211834e-4,gained,FALSE,FALSE,0,Predator: White hake,Predator
other_phyla,1,0.10106963969992566,0.9469469469469469,2004-2006,0.0031780354231078847,0.0038095238095238095,6.314883864159248e-4,gained,FALSE,FALSE,0,Predator: White hake,Predator
Gammaridae,0.001001001001001001,1,0.001001001001001001,2004-2006,0.12767256627183146,0,-0.12767256627183146,lost,TRUE,TRUE,2,Predator: Winter flounder,Predator
Amphipoda,0.001001001001001001,0.762029777222775,0.001001001001001001,2018-2019,0.02049255330418862,0.13823054823845937,0.11773799493427076,gained,TRUE,TRUE,2,Predator: Winter flounder,Predator
Crustacea,0.001001001001001001,0.8255080720681746,0.001001001001001001,2004-2006,0.06614071561273102,0.0013297872340425532,-0.06481092837868847,lost,TRUE,TRUE,2,Predator: Winter flounder,Predator
Teleostei,0.7647647647647647,0.5180212992902343,0.13513513513513514,2018-2019,0.029675394981228884,0.09070453455654381,0.06102913957531493,gained,FALSE,FALSE,0,Predator: Winter flounder,Predator
Bivalvia,0.007007007007007007,0.6998555253608698,0.001001001001001001,2004-2006,0.09918479542178579,0.04253701976377363,-0.05664777565801216,lost,TRUE,TRUE,2,Predator: Winter flounder,Predator
Echinozoa,0.998998998998999,0.43904109781223477,0.38038038038038036,2018-2019,0.05191422154932758,0.09173540018243996,0.03982117863311238,gained,FALSE,FALSE,0,Predator: Winter flounder,Predator
Decapoda,0.9309309309309309,0.5204303493720547,0.12112112112112113,2018-2019,0.030690789377864593,0.06957547826873728,0.03888468889087268,gained,FALSE,FALSE,0,Predator: Winter flounder,Predator
Arthropoda,0.16516516516516516,0.5059910640708888,0.007007007007007007,2018-2019,0.004003063213589529,0.03584414007597211,0.03184107686238258,gained,FALSE,TRUE,1,Predator: Winter flounder,Predator
Diastylis,0.003003003003003003,0.631578947368421,0.001001001001001001,2004-2006,0.02996198417374455,0,-0.02996198417374455,lost,TRUE,TRUE,2,Predator: Winter flounder,Predator
Copepoda,0.998998998998999,0.41237278961259727,0.37237237237237236,2004-2006,0.08568760147001837,0.05648559806532726,-0.02920200340469111,lost,FALSE,FALSE,0,Predator: Winter flounder,Predator
other_phyla,0.998998998998999,0.3500225430575068,0.44244244244244246,2018-2019,0.017737971189660952,0.04139748673606696,0.02365951554640601,gained,FALSE,FALSE,0,Predator: Winter flounder,Predator
Amphilochida,0.19519519519519518,0.3125,0.014014014014014014,2018-2019,0,0.01881524593083199,0.01881524593083199,gained,FALSE,TRUE,1,Predator: Winter flounder,Predator
Oregoniidae,0.45545545545545546,0.30559376694390594,0.02702702702702703,2018-2019,4.3497172683775554e-4,0.01924705515131047,0.018812083424472714,gained,FALSE,TRUE,1,Predator: Winter flounder,Predator
Brachyura,0.035035035035035036,0.47368421052631576,0.002002002002002002,2004-2006,0.01842132638991012,0,-0.01842132638991012,lost,TRUE,TRUE,2,Predator: Winter flounder,Predator
Mysida,0.995995995995996,0.3811952960867704,0.3123123123123123,2004-2006,0.0361462173717063,0.018751515209341083,-0.017394702162365216,lost,FALSE,FALSE,0,Predator: Winter flounder,Predator
Perciformes,0.998998998998999,0.20840819838991237,0.5745745745745746,2018-2019,0.004143694742225274,0.020763225502967143,0.01661953076074187,gained,FALSE,FALSE,0,Predator: Winter flounder,Predator
Crangon septemspinosa,NA,0.43874946448832075,0.19119119119119118,2004-2006,0.047973211674156524,0.03259368389446827,-0.015379527779688255,lost,FALSE,FALSE,0,Predator: Winter flounder,Predator
Polychaeta,1,0.4947407445047487,0.8738738738738738,2018-2019,0.12036043115433213,0.13449116778281672,0.014130736628484589,gained,FALSE,FALSE,0,Predator: Winter flounder,Predator
Chordata,0.47047047047047047,0.4005185061175349,0.035035035035035036,2004-2006,0.017766967988742385,0.005580357142857142,-0.012186610845885243,lost,FALSE,TRUE,1,Predator: Winter flounder,Predator
Echinodermata,0.972972972972973,0.36187456600464796,0.21021021021021022,2004-2006,0.029930191073150494,0.01795381898440409,-0.011976372088746405,lost,FALSE,FALSE,0,Predator: Winter flounder,Predator
Pandalus montagui,NA,0.2915827346551149,0.11311311311311312,2004-2006,0.013120876766211757,0.0034576330532212884,-0.009663243712990469,lost,FALSE,FALSE,0,Predator: Winter flounder,Predator
Nematoda,0.998998998998999,0.3301595974782287,0.3003003003003003,2018-2019,0.00970390193576182,0.018863805722955925,0.009159903787194106,gained,FALSE,FALSE,0,Predator: Winter flounder,Predator
Hyperiidae,0.7827827827827828,0.26650174713616076,0.062062062062062065,2018-2019,0.0018796992481203006,0.010890481758023386,0.009010782509903085,gained,FALSE,FALSE,0,Predator: Winter flounder,Predator
Thoridae,0.998998998998999,0.13801233862051138,0.5635635635635635,2018-2019,0.0046989604405872345,0.01310456993547699,0.008405609494889756,gained,FALSE,FALSE,0,Predator: Winter flounder,Predator
Mollusca,0.998998998998999,0.3734593385641985,0.45045045045045046,2004-2006,0.039085701439684206,0.032522759219737706,-0.006562942219946501,lost,FALSE,FALSE,0,Predator: Winter flounder,Predator
Cumacea,0.4194194194194194,0.25,0.03803803803803804,2018-2019,0,0.006312584757680601,0.006312584757680601,gained,FALSE,TRUE,1,Predator: Winter flounder,Predator
Eumalacostraca,0.986986986986987,0.2177441924699686,0.2682682682682683,2004-2006,0.010281728530473247,0.004629629629629629,-0.005652098900843618,lost,FALSE,FALSE,0,Predator: Winter flounder,Predator
plantae_chromista,0.998998998998999,0.41363757055670675,0.5395395395395396,2004-2006,0.04811842604121849,0.04372098553361712,-0.004397440507601373,lost,FALSE,FALSE,0,Predator: Winter flounder,Predator
Annelida,0.978978978978979,0.15443887292373526,0.2172172172172172,2018-2019,9.930486593843098e-4,0.004638841118754332,0.003645792459370022,gained,FALSE,FALSE,0,Predator: Winter flounder,Predator
egg_larvae,1,0.1523446180586134,0.9049049049049049,2004-2006,0.01181285343658992,0.00859249911752424,-0.00322035431906568,lost,FALSE,FALSE,0,Predator: Winter flounder,Predator
Euphausiacea,0.998998998998999,0.18590927940523896,0.6306306306306306,2004-2006,0.00996380394020824,0.00696092629508283,-0.00300287764512541,lost,FALSE,FALSE,0,Predator: Winter flounder,Predator
Argis dentata,NA,0.10526315789473684,0.48348348348348347,2004-2006,0.002227854069664643,0,-0.002227854069664643,lost,FALSE,FALSE,0,Predator: Winter flounder,Predator
Pandalus,1,0.07281706780561348,0.9679679679679679,2018-2019,0.0025571256997081564,0.0035682624113475177,0.0010111367116393613,gained,FALSE,FALSE,0,Predator: Winter flounder,Predator
Eualus,0.998998998998999,0.09513283871252318,0.7357357357357357,2004-2006,0.0025294514249008804,0.001668752607425949,-8.606988174749313e-4,lost,FALSE,FALSE,0,Predator: Winter flounder,Predator
Crangonidae,0.998998998998999,0.10153451709914556,0.8448448448448449,2004-2006,0.004687899680454441,0.005032206119162641,3.4430643870819993e-4,gained,FALSE,FALSE,0,Predator: Winter flounder,Predator
Gammaridae,0.001001001001001001,1,0.001001001001001001,2004-2006,0.1807455887807234,0,-0.1807455887807234,lost,TRUE,TRUE,2,Predator: Witch flounder,Predator
Amphipoda,0.001001001001001001,0.9122536510148594,0.001001001001001001,2018-2019,7.215007215007215e-4,0.14914782074914235,0.1484263200276416,gained,TRUE,TRUE,2,Predator: Witch flounder,Predator
Crustacea,0.001001001001001001,0.9444444444444444,0.001001001001001001,2004-2006,0.07860631014566546,0,-0.07860631014566546,lost,TRUE,TRUE,2,Predator: Witch flounder,Predator
Diastylis,0.0940940940940941,0.5555555555555556,0.004004004004004004,2004-2006,0.053736825622243696,0,-0.053736825622243696,lost,FALSE,TRUE,1,Predator: Witch flounder,Predator
Annelida,0.04704704704704705,0.4873329490410807,0.003003003003003003,2018-2019,0.001182033096926714,0.04547575255342658,0.04429371945649986,gained,TRUE,TRUE,2,Predator: Witch flounder,Predator
Teleostei,0.5715715715715716,0.551393374212934,0.06306306306306306,2018-2019,0.02242913802706913,0.06227021907462804,0.039841081047558916,gained,FALSE,FALSE,0,Predator: Witch flounder,Predator
Cumacea,0.001001001001001001,0.6666666666666666,0.001001001001001001,2018-2019,0,0.037368518845176654,0.037368518845176654,gained,TRUE,TRUE,2,Predator: Witch flounder,Predator
Polychaeta,0.6726726726726727,0.5522165777646015,0.05005005005005005,2004-2006,0.19625730017272427,0.15914184587823815,-0.03711545429448612,lost,FALSE,FALSE,0,Predator: Witch flounder,Predator
Caridea,0.057057057057057055,0.5777508957937337,0.006006006006006006,2004-2006,0.03608033365849692,0.0020833333333333333,-0.03399700032516359,lost,FALSE,TRUE,1,Predator: Witch flounder,Predator
Perciformes,0.17417417417417416,0.40110885670413093,0.008008008008008008,2018-2019,0.0013550135501355014,0.03493473292335242,0.03357971937321692,gained,FALSE,TRUE,1,Predator: Witch flounder,Predator
Nematoda,0.9529529529529529,0.4967260020462813,0.25125125125125125,2018-2019,0.06364568136128441,0.09392090400770904,0.030275222646424627,gained,FALSE,FALSE,0,Predator: Witch flounder,Predator
Pandalus,0.7427427427427428,0.34950999749164396,0.10810810810810811,2004-2006,0.03283238279125434,0.003699186991869919,-0.02913319579938442,lost,FALSE,FALSE,0,Predator: Witch flounder,Predator
Euphausiacea,0.9669669669669669,0.39982038627079114,0.3153153153153153,2018-2019,0.024238639012088125,0.05280881903764839,0.028570180025560266,gained,FALSE,FALSE,0,Predator: Witch flounder,Predator
Arthropoda,0.01001001001001001,0.5,0.001001001001001001,2018-2019,0,0.02762157276342225,0.02762157276342225,gained,TRUE,TRUE,2,Predator: Witch flounder,Predator
Decapoda,0.9669669669669669,0.5094112171316616,0.2502502502502503,2018-2019,0.04371966214356998,0.06875506546541282,0.025035403321842842,gained,FALSE,FALSE,0,Predator: Witch flounder,Predator
Mollusca,0.6686686686686687,0.39748267905019524,0.08208208208208208,2018-2019,0.007379544574666526,0.028612151785989214,0.02123260721132269,gained,FALSE,FALSE,0,Predator: Witch flounder,Predator
Mysida,0.7067067067067067,0.4578128555131622,0.07407407407407407,2004-2006,0.037086010850691346,0.01691860465116279,-0.020167406199528556,lost,FALSE,FALSE,0,Predator: Witch flounder,Predator
Copepoda,0.9129129129129129,0.5083162720695152,0.24824824824824826,2004-2006,0.06432181160816199,0.04815726252991819,-0.016164549078243794,lost,FALSE,FALSE,0,Predator: Witch flounder,Predator
Amphilochida,0.1831831831831832,0.3333333333333333,0.023023023023023025,2018-2019,0,0.01584553706549071,0.01584553706549071,gained,FALSE,TRUE,1,Predator: Witch flounder,Predator
Echinodermata,0.9529529529529529,0.3430903929556475,0.24024024024024024,2018-2019,0.011537957220299832,0.025228297687975108,0.013690340467675276,gained,FALSE,FALSE,0,Predator: Witch flounder,Predator
Hyperiidae,0.9669669669669669,0.3531644125616395,0.3123123123123123,2004-2006,0.03186226952574421,0.018259600679811062,-0.013602668845933148,lost,FALSE,FALSE,0,Predator: Witch flounder,Predator
Pandalus montagui,NA,0.2222222222222222,0.1881881881881882,2004-2006,0.009944021176370343,0,-0.009944021176370343,lost,FALSE,FALSE,0,Predator: Witch flounder,Predator
egg_larvae,0.6836836836836837,0.2335972995800033,0.06506506506506507,2018-2019,7.215007215007215e-4,0.010275175176772917,0.009553674455272195,gained,FALSE,FALSE,0,Predator: Witch flounder,Predator
other_phyla,0.16116116116116116,0.3333333333333333,0.016016016016016016,2018-2019,0,0.009345954776434736,0.009345954776434736,gained,FALSE,TRUE,1,Predator: Witch flounder,Predator
Argis dentata,NA,0.2777777777777778,0.11011011011011011,2004-2006,0.008623004186698214,0,-0.008623004186698214,lost,FALSE,FALSE,0,Predator: Witch flounder,Predator
Echinozoa,0.7237237237237237,0.2222222222222222,0.12512512512512514,2004-2006,0.006804242683575161,0,-0.006804242683575161,lost,FALSE,FALSE,0,Predator: Witch flounder,Predator
Malacostraca,0.7067067067067067,0.16666666666666666,0.15015015015015015,2018-2019,0,0.006751227495908347,0.006751227495908347,gained,FALSE,FALSE,0,Predator: Witch flounder,Predator
Chordata,0.9669669669669669,0.13862810007054865,0.44744744744744747,2018-2019,0.0014245014245014244,0.007043010752688172,0.005618509328186748,gained,FALSE,FALSE,0,Predator: Witch flounder,Predator
Oregoniidae,0.9669669669669669,0.1741410446143369,0.5445445445445446,2004-2006,0.009492059201178913,0.005649018637638133,-0.00384304056354078,lost,FALSE,FALSE,0,Predator: Witch flounder,Predator
Eualus macilentus,NA,0.16666666666666666,0.24924924924924924,2004-2006,0.003607990450095713,0,-0.003607990450095713,lost,FALSE,FALSE,0,Predator: Witch flounder,Predator
plantae_chromista,0.9669669669669669,0.20056698874723355,0.5865865865865866,2004-2006,0.010245045726437273,0.006781760446783799,-0.003463285279653474,lost,FALSE,FALSE,0,Predator: Witch flounder,Predator
Eumalacostraca,0.987987987987988,0.21900025371331924,0.983983983983984,2018-2019,0.015071716245815542,0.016698384072501887,0.0016266678266863444,gained,FALSE,FALSE,0,Predator: Witch flounder,Predator
Thoridae,0.9669669669669669,0.10187431091510474,0.5335335335335335,2018-2019,0.0025252525252525255,0.003970504821327283,0.0014452522960747573,gained,FALSE,FALSE,0,Predator: Witch flounder,Predator
Bivalvia,0.987987987987988,0.37255743587642026,0.93993993993994,2018-2019,0.043802662795327615,0.043235737796237676,-5.669249990899392e-4,lost,FALSE,FALSE,0,Predator: Witch flounder,Predator
Amphipoda,0.001001001001001001,0.9714284040963941,0.001001001001001001,2018-2019,0.00703928907379205,0.23933438559041045,0.2322950965166184,gained,TRUE,TRUE,2,Predator: Yellowtail flounder,Predator
Gammaridae,0.001001001001001001,1,0.001001001001001001,2004-2006,0.17689325690470784,0,-0.17689325690470784,lost,TRUE,TRUE,2,Predator: Yellowtail flounder,Predator
Diastylis,0.001001001001001001,0.8235246728890502,0.001001001001001001,2004-2006,0.06150914688441425,0.0015625,-0.05994664688441425,lost,TRUE,TRUE,2,Predator: Yellowtail flounder,Predator
Crustacea,0.001001001001001001,0.6980860199641307,0.001001001001001001,2004-2006,0.05153411596765847,9.615384615384616e-4,-0.050572577506120014,lost,TRUE,TRUE,2,Predator: Yellowtail flounder,Predator
Bivalvia,0.001001001001001001,0.7099914208583534,0.001001001001001001,2004-2006,0.07113550154601479,0.022377085825834885,-0.04875841572017991,lost,TRUE,TRUE,2,Predator: Yellowtail flounder,Predator
Mysida,0.06106106106106106,0.5727924902545981,0.004004004004004004,2004-2006,0.05845776092005553,0.01638439466695769,-0.042073366253097835,lost,FALSE,TRUE,1,Predator: Yellowtail flounder,Predator
Polychaeta,0.1031031031031031,0.5755289584239902,0.008008008008008008,2004-2006,0.16010512940138744,0.11808266125264692,-0.04202246814874051,lost,FALSE,TRUE,1,Predator: Yellowtail flounder,Predator
Amphilochida,0.001001001001001001,0.5509365310251668,0.001001001001001001,2018-2019,0.0038368491721487794,0.0430842012833362,0.03924735211118742,gained,TRUE,TRUE,2,Predator: Yellowtail flounder,Predator
Arthropoda,0.001001001001001001,0.49533844891978396,0.001001001001001001,2018-2019,0.003587035325506799,0.032505417048073734,0.028918381722566937,gained,TRUE,TRUE,2,Predator: Yellowtail flounder,Predator
Cumacea,0.001001001001001001,0.5516037140899904,0.001001001001001001,2018-2019,0.0026936026936026937,0.030700728829415175,0.028007126135812483,gained,TRUE,TRUE,2,Predator: Yellowtail flounder,Predator
Copepoda,0.8188188188188188,0.44201354727248693,0.16816816816816818,2018-2019,0.03644024571328565,0.06243382976478549,0.02599358405149984,gained,FALSE,FALSE,0,Predator: Yellowtail flounder,Predator
Decapoda,0.28928928928928926,0.502870987105308,0.01701701701701702,2018-2019,0.02297208573901364,0.04674479655842007,0.02377271081940643,gained,FALSE,TRUE,1,Predator: Yellowtail flounder,Predator
egg_larvae,0.2962962962962963,0.4298128480099652,0.026026026026026026,2018-2019,0.009213453113445881,0.0329491169157981,0.023735663802352217,gained,FALSE,TRUE,1,Predator: Yellowtail flounder,Predator
Euphausiacea,0.2782782782782783,0.3339387407348772,0.018018018018018018,2018-2019,0.005022695497429148,0.025389655422323243,0.020366959924894096,gained,FALSE,TRUE,1,Predator: Yellowtail flounder,Predator
Echinozoa,0.8948948948948949,0.47278767542363154,0.15715715715715717,2018-2019,0.044099165802856576,0.06371869432194252,0.019619528519085945,gained,FALSE,FALSE,0,Predator: Yellowtail flounder,Predator
Teleostei,0.8228228228228228,0.4494460888917103,0.08608608608608609,2018-2019,0.024388762904194405,0.0437488046054083,0.019360041701213897,gained,FALSE,FALSE,0,Predator: Yellowtail flounder,Predator
Eumalacostraca,0.8278278278278278,0.3109935288874539,0.17217217217217218,2004-2006,0.031563258484359126,0.01354415880538793,-0.018019099678971195,lost,FALSE,FALSE,0,Predator: Yellowtail flounder,Predator
Perciformes,0.8948948948948949,0.204194045130991,0.3003003003003003,2018-2019,0.00449145925100063,0.020022052495697072,0.015530593244696442,gained,FALSE,FALSE,0,Predator: Yellowtail flounder,Predator
Chordata,0.7577577577577578,0.20252919549709292,0.0940940940940941,2004-2006,0.016587597086861836,0.0016129032258064516,-0.014974693861055384,lost,FALSE,FALSE,0,Predator: Yellowtail flounder,Predator
Echinodermata,0.8788788788788788,0.3246424055073433,0.22322322322322322,2004-2006,0.02479790026882441,0.014243463843217537,-0.010554436425606871,lost,FALSE,FALSE,0,Predator: Yellowtail flounder,Predator
Brachyura,0.6066066066066066,0.28888212712340033,0.022022022022022022,2018-2019,0.006099953781896403,0.015858543529046972,0.009758589747150569,gained,FALSE,TRUE,1,Predator: Yellowtail flounder,Predator
Nematoda,0.8948948948948949,0.2861920340432705,0.25825825825825827,2004-2006,0.01983513797029556,0.010968014553348922,-0.008867123416946636,lost,FALSE,FALSE,0,Predator: Yellowtail flounder,Predator
other_phyla,0.9719719719719719,0.2338000900439965,0.8798798798798799,2018-2019,0.021334676302987278,0.030012346228216247,0.008677669925228969,gained,FALSE,FALSE,0,Predator: Yellowtail flounder,Predator
Annelida,0.001001001001001001,0.3,0.001001001001001001,2018-2019,0,0.0077614863515556845,0.0077614863515556845,gained,TRUE,TRUE,2,Predator: Yellowtail flounder,Predator
plantae_chromista,0.9719719719719719,0.3899996918637546,0.5215215215215215,2004-2006,0.04242365310791656,0.03493007749323985,-0.007493575614676715,lost,FALSE,FALSE,0,Predator: Yellowtail flounder,Predator
Eualus,0.28928928928928926,0.24444444444444444,0.023023023023023025,2004-2006,0.007239355926290655,0,-0.007239355926290655,lost,FALSE,TRUE,1,Predator: Yellowtail flounder,Predator
Crangon septemspinosa,NA,0.21361581123018153,0.4794794794794795,2004-2006,0.02026128360222275,0.01346286774205345,-0.006798415860169299,lost,FALSE,FALSE,0,Predator: Yellowtail flounder,Predator
Argis dentata,NA,0.2520182897777288,0.057057057057057055,2004-2006,0.007767284153386072,0.0011363636363636363,-0.0066309205170224355,lost,FALSE,FALSE,0,Predator: Yellowtail flounder,Predator
Hyperiidae,0.8948948948948949,0.23499552529477896,0.2002002002002002,2018-2019,0.005734560831404777,0.0117177713159856,0.0059832104845808235,gained,FALSE,FALSE,0,Predator: Yellowtail flounder,Predator
Crangonidae,0.2962962962962963,0.24444444444444444,0.03303303303303303,2004-2006,0.0059709924440384775,0,-0.0059709924440384775,lost,FALSE,TRUE,1,Predator: Yellowtail flounder,Predator
Oregoniidae,0.9719719719719719,0.21789058865401845,0.47647647647647645,2018-2019,0.007720918280337749,0.012734258762583885,0.005013340482246136,gained,FALSE,FALSE,0,Predator: Yellowtail flounder,Predator
Eualus macilentus,NA,0.13333333333333333,0.2032032032032032,2004-2006,0.0029976635740321827,0,-0.0029976635740321827,lost,FALSE,FALSE,0,Predator: Yellowtail flounder,Predator
Pandalus montagui,NA,0.17291863515606934,0.5395395395395396,2004-2006,0.008152407010864728,0.005467523547880691,-0.0026848834629840373,lost,FALSE,FALSE,0,Predator: Yellowtail flounder,Predator
Malacostraca,0.6066066066066066,0.1,0.1011011011011011,2018-2019,0,0.0023280622489959837,0.0023280622489959837,gained,FALSE,FALSE,0,Predator: Yellowtail flounder,Predator
Mollusca,0.9719719719719719,0.2798695439599242,0.8188188188188188,2004-2006,0.01983260726202213,0.017961396294362546,-0.0018712109676595826,lost,FALSE,FALSE,0,Predator: Yellowtail flounder,Predator
Thoridae,0.9719719719719719,0.16888924998981622,0.7047047047047047,2004-2006,0.007434852786387509,0.006260899379366278,-0.001173953407021231,lost,FALSE,FALSE,0,Predator: Yellowtail flounder,Predator
Pandalus,0.963963963963964,0.044444444444444446,0.5465465465465466,2004-2006,8.263412153572336e-4,0,-8.263412153572336e-4,lost,FALSE,FALSE,0,Predator: Yellowtail flounder,Predator
