cell,prey,share_early,share_late,n_rows_early,n_rows_late,d_share,indval,indval_p,indval_grp,predator,size_cl,Area
Alewife|adult|Magdalen Shallows,Amphilochida,0,0.05621896876374064,16,19,0.05621896876374064,0.15789473684210525,0.20841683366733466,2018-2019,Alewife,adult,Magdalen Shallows
Alewife|adult|Magdalen Shallows,Amphipoda,7.746733032559044e-4,0.011170053918159499,16,19,0.010395380614903594,0.24609083311084184,0.1683366733466934,2018-2019,Alewife,adult,Magdalen Shallows
Alewife|adult|Magdalen Shallows,Annelida,0,0,16,19,0,NA,NA,NA,Alewife,adult,Magdalen Shallows
Alewife|adult|Magdalen Shallows,Argis dentata,0,0,16,19,0,NA,NA,NA,Alewife,adult,Magdalen Shallows
Alewife|adult|Magdalen Shallows,Arthropoda,0.2597747276086277,0.3175969520030534,16,19,0.05782222439442569,0.2605612065633552,0.843687374749499,2018-2019,Alewife,adult,Magdalen Shallows
Alewife|adult|Magdalen Shallows,Bivalvia,0,0,16,19,0,NA,NA,NA,Alewife,adult,Magdalen Shallows
Alewife|adult|Magdalen Shallows,Brachyura,0,0,16,19,0,NA,NA,NA,Alewife,adult,Magdalen Shallows
Alewife|adult|Magdalen Shallows,Caridea,0,0,16,19,0,NA,NA,NA,Alewife,adult,Magdalen Shallows
Alewife|adult|Magdalen Shallows,Chordata,0.010204081632653062,0,16,19,-0.010204081632653062,NA,NA,NA,Alewife,adult,Magdalen Shallows
Alewife|adult|Magdalen Shallows,Copepoda,0.370700113431807,0.01454287577318752,16,19,-0.35615723765861945,0.7216875916356086,0.002004008016032064,2004-2006,Alewife,adult,Magdalen Shallows
Alewife|adult|Magdalen Shallows,Crangon septemspinosa,0.048770921480911944,0.013771280418636246,16,19,-0.034999641062275696,0.14621403628158877,0.32064128256513025,2004-2006,Alewife,adult,Magdalen Shallows
Alewife|adult|Magdalen Shallows,Crangonidae,0,0.008537481733652421,16,19,0.008537481733652421,0.10526315789473684,0.4969939879759519,2018-2019,Alewife,adult,Magdalen Shallows
Alewife|adult|Magdalen Shallows,Cumacea,0,0.002457602572588046,16,19,0.002457602572588046,0.10526315789473684,0.49899799599198397,2018-2019,Alewife,adult,Magdalen Shallows
Alewife|adult|Magdalen Shallows,Decapoda,0.016706984517945108,0.07991249023443227,16,19,0.06320550571648716,0.13059232259646,0.5070140280561122,2018-2019,Alewife,adult,Magdalen Shallows
Alewife|adult|Magdalen Shallows,Diastylis,0,0,16,19,0,NA,NA,NA,Alewife,adult,Magdalen Shallows
Alewife|adult|Magdalen Shallows,Echinodermata,0,0,16,19,0,NA,NA,NA,Alewife,adult,Magdalen Shallows
Alewife|adult|Magdalen Shallows,Echinozoa,0,0,16,19,0,NA,NA,NA,Alewife,adult,Magdalen Shallows
Alewife|adult|Magdalen Shallows,Eualus,0,0,16,19,0,NA,NA,NA,Alewife,adult,Magdalen Shallows
Alewife|adult|Magdalen Shallows,Eualus macilentus,0,0,16,19,0,NA,NA,NA,Alewife,adult,Magdalen Shallows
Alewife|adult|Magdalen Shallows,Eumalacostraca,0,5.646370587037415e-4,16,19,5.646370587037415e-4,NA,NA,NA,Alewife,adult,Magdalen Shallows
Alewife|adult|Magdalen Shallows,Euphausiacea,0,0.23719341106374867,16,19,0.23719341106374867,0.3157894736842105,0.012024048096192385,2018-2019,Alewife,adult,Magdalen Shallows
Alewife|adult|Magdalen Shallows,Hyperiidae,0,0.00720477509507582,16,19,0.00720477509507582,0.10526315789473684,0.46292585170340683,2018-2019,Alewife,adult,Magdalen Shallows
Alewife|adult|Magdalen Shallows,Malacostraca,0,0,16,19,0,NA,NA,NA,Alewife,adult,Magdalen Shallows
Alewife|adult|Magdalen Shallows,Mollusca,0.08999430592425628,4.720736064572265e-4,16,19,-0.08952223231779906,0.12434772231282762,0.3867735470941884,2004-2006,Alewife,adult,Magdalen Shallows
Alewife|adult|Magdalen Shallows,Mysida,0.02851159793814433,0.06361239373876641,16,19,0.03510079580062209,0.07268509890094334,0.7334669338677354,2018-2019,Alewife,adult,Magdalen Shallows
Alewife|adult|Magdalen Shallows,Nematoda,0,3.153337949853379e-4,16,19,3.153337949853379e-4,0.10526315789473684,0.5190380761523046,2018-2019,Alewife,adult,Magdalen Shallows
Alewife|adult|Magdalen Shallows,Oregoniidae,0,0.047342236187483636,16,19,0.047342236187483636,NA,NA,NA,Alewife,adult,Magdalen Shallows
Alewife|adult|Magdalen Shallows,Pandalidae,0,0,16,19,0,NA,NA,NA,Alewife,adult,Magdalen Shallows
Alewife|adult|Magdalen Shallows,Pandalus,0,0.015114109865764464,16,19,0.015114109865764464,NA,NA,NA,Alewife,adult,Magdalen Shallows
Alewife|adult|Magdalen Shallows,Pandalus montagui,0,0,16,19,0,NA,NA,NA,Alewife,adult,Magdalen Shallows
Alewife|adult|Magdalen Shallows,Perciformes,0,0.027115418093193296,16,19,0.027115418093193296,NA,NA,NA,Alewife,adult,Magdalen Shallows
Alewife|adult|Magdalen Shallows,Polychaeta,0.15584595510478783,0.044887313847110956,16,19,-0.11095864125767688,0.19409582168232015,0.24448897795591182,2004-2006,Alewife,adult,Magdalen Shallows
Alewife|adult|Magdalen Shallows,Teleostei,0,0.013154844021726172,16,19,0.013154844021726172,0.10526315789473684,0.4468937875751503,2018-2019,Alewife,adult,Magdalen Shallows
Alewife|adult|Magdalen Shallows,Thoridae,0,0,16,19,0,NA,NA,NA,Alewife,adult,Magdalen Shallows
Alewife|adult|Magdalen Shallows,Vertebrata,0,0,16,19,0,NA,NA,NA,Alewife,adult,Magdalen Shallows
Alewife|adult|Magdalen Shallows,egg_larvae,0,7.127170620600529e-4,16,19,7.127170620600529e-4,NA,NA,NA,Alewife,adult,Magdalen Shallows
Alewife|adult|Magdalen Shallows,other_phyla,0.018716639057610895,0.03456611699141175,16,19,0.015849477933800857,0.03414367893551991,1,2018-2019,Alewife,adult,Magdalen Shallows
Alewife|adult|Magdalen Shallows,plantae_chromista,0,0.0035369141560625005,16,19,0.0035369141560625005,0.10526315789473684,0.45090180360721444,2018-2019,Alewife,adult,Magdalen Shallows
Alewife|adult|Northumberland,Amphilochida,0,0.003167364159209855,17,13,0.003167364159209855,0.15384615384615385,0.17234468937875752,2018-2019,Alewife,adult,Northumberland
Alewife|adult|Northumberland,Amphipoda,0.004491152896802286,0.20980736165775093,17,13,0.20531620876094864,0.6024877159181069,0.006012024048096192,2018-2019,Alewife,adult,Northumberland
Alewife|adult|Northumberland,Annelida,0,0.003384371971970098,17,13,0.003384371971970098,NA,NA,NA,Alewife,adult,Northumberland
Alewife|adult|Northumberland,Argis dentata,0,0,17,13,0,NA,NA,NA,Alewife,adult,Northumberland
Alewife|adult|Northumberland,Arthropoda,0.1282448566212881,0.03794445674994352,17,13,-0.09030039987134458,0.22696450639153337,0.38276553106212424,2004-2006,Alewife,adult,Northumberland
Alewife|adult|Northumberland,Bivalvia,0.001178476881359904,0.00515413789750073,17,13,0.003975661016140826,0.06260796839957601,0.9018036072144289,2018-2019,Alewife,adult,Northumberland
Alewife|adult|Northumberland,Brachyura,0,0,17,13,0,NA,NA,NA,Alewife,adult,Northumberland
Alewife|adult|Northumberland,Caridea,0,0,17,13,0,NA,NA,NA,Alewife,adult,Northumberland
Alewife|adult|Northumberland,Chordata,0,0,17,13,0,NA,NA,NA,Alewife,adult,Northumberland
Alewife|adult|Northumberland,Copepoda,0.12234382557001296,0.07691471571906355,17,13,-0.045429109850949403,0.3611737582342723,0.18236472945891782,2004-2006,Alewife,adult,Northumberland
Alewife|adult|Northumberland,Crangon septemspinosa,0.40838525586905056,0.20185466341154928,17,13,-0.20653059245750127,0.3936593026930131,0.33867735470941884,2004-2006,Alewife,adult,Northumberland
Alewife|adult|Northumberland,Crangonidae,0,0,17,13,0,NA,NA,NA,Alewife,adult,Northumberland
Alewife|adult|Northumberland,Cumacea,0,0,17,13,0,NA,NA,NA,Alewife,adult,Northumberland
Alewife|adult|Northumberland,Decapoda,0.04884299827515587,0.2503181199473078,17,13,0.20147512167215192,0.4505487904728198,0.12224448897795591,2018-2019,Alewife,adult,Northumberland
Alewife|adult|Northumberland,Diastylis,0.0017472335468841,0,17,13,-0.0017472335468841,NA,NA,NA,Alewife,adult,Northumberland
Alewife|adult|Northumberland,Echinodermata,0,0,17,13,0,NA,NA,NA,Alewife,adult,Northumberland
Alewife|adult|Northumberland,Echinozoa,0,0,17,13,0,NA,NA,NA,Alewife,adult,Northumberland
Alewife|adult|Northumberland,Eualus,0,0,17,13,0,NA,NA,NA,Alewife,adult,Northumberland
Alewife|adult|Northumberland,Eualus macilentus,0,0,17,13,0,NA,NA,NA,Alewife,adult,Northumberland
Alewife|adult|Northumberland,Eumalacostraca,0,0,17,13,0,NA,NA,NA,Alewife,adult,Northumberland
Alewife|adult|Northumberland,Euphausiacea,0.0584733893557423,0.05210485252343027,17,13,-0.006368536832312026,0.07249284326847895,0.8537074148296593,2018-2019,Alewife,adult,Northumberland
Alewife|adult|Northumberland,Hyperiidae,0,0,17,13,0,NA,NA,NA,Alewife,adult,Northumberland
Alewife|adult|Northumberland,Malacostraca,0,0,17,13,0,NA,NA,NA,Alewife,adult,Northumberland
Alewife|adult|Northumberland,Mollusca,0.07930109476894713,0,17,13,-0.07930109476894713,0.29411764705882354,0.0781563126252505,2004-2006,Alewife,adult,Northumberland
Alewife|adult|Northumberland,Mysida,0.021132541595327552,0.003724100009164452,17,13,-0.0174084415861631,0.20004161493054545,0.44488977955911824,2004-2006,Alewife,adult,Northumberland
Alewife|adult|Northumberland,Nematoda,0,0.0011047189286098797,17,13,0.0011047189286098797,NA,NA,NA,Alewife,adult,Northumberland
Alewife|adult|Northumberland,Oregoniidae,0,0,17,13,0,NA,NA,NA,Alewife,adult,Northumberland
Alewife|adult|Northumberland,Pandalidae,0,0,17,13,0,NA,NA,NA,Alewife,adult,Northumberland
Alewife|adult|Northumberland,Pandalus,0,0,17,13,0,NA,NA,NA,Alewife,adult,Northumberland
Alewife|adult|Northumberland,Pandalus montagui,0,0.023044430929192113,17,13,0.023044430929192113,NA,NA,NA,Alewife,adult,Northumberland
Alewife|adult|Northumberland,Perciformes,0,0,17,13,0,NA,NA,NA,Alewife,adult,Northumberland
Alewife|adult|Northumberland,Polychaeta,0.08286698235040896,0,17,13,-0.08286698235040896,0.11764705882352941,0.49298597194388777,2004-2006,Alewife,adult,Northumberland
Alewife|adult|Northumberland,Teleostei,0,0.04669736790602398,17,13,0.04669736790602398,0.15384615384615385,0.18637274549098196,2018-2019,Alewife,adult,Northumberland
Alewife|adult|Northumberland,Thoridae,0,0.03132985700216093,17,13,0.03132985700216093,0.23076923076923078,0.09619238476953908,2018-2019,Alewife,adult,Northumberland
Alewife|adult|Northumberland,Vertebrata,0,0,17,13,0,NA,NA,NA,Alewife,adult,Northumberland
Alewife|adult|Northumberland,egg_larvae,0,0,17,13,0,NA,NA,NA,Alewife,adult,Northumberland
Alewife|adult|Northumberland,other_phyla,0,0.05302807368606909,17,13,0.05302807368606909,NA,NA,NA,Alewife,adult,Northumberland
Alewife|adult|Northumberland,plantae_chromista,0.04299219226902033,4.214075010535187e-4,17,13,-0.042570784767966816,0.23301016269618213,0.18637274549098196,2004-2006,Alewife,adult,Northumberland
Alewife|juvenile|Magdalen Shallows,Amphilochida,0,0.1414485809067453,11,6,0.1414485809067453,NA,NA,NA,Alewife,juvenile,Magdalen Shallows
Alewife|juvenile|Magdalen Shallows,Amphipoda,0.005825873723809141,0.0038371705038371708,11,6,-0.00198870321997197,0.16442796022832235,0.6693386773547094,2004-2006,Alewife,juvenile,Magdalen Shallows
Alewife|juvenile|Magdalen Shallows,Annelida,0,0,11,6,0,NA,NA,NA,Alewife,juvenile,Magdalen Shallows
Alewife|juvenile|Magdalen Shallows,Argis dentata,0,0,11,6,0,NA,NA,NA,Alewife,juvenile,Magdalen Shallows
Alewife|juvenile|Magdalen Shallows,Arthropoda,0.22433409038082644,0.34045951591104556,11,6,0.11612542553021912,0.3014017086226575,0.9158316633266533,2018-2019,Alewife,juvenile,Magdalen Shallows
Alewife|juvenile|Magdalen Shallows,Bivalvia,1.6389348822718074e-5,0,11,6,-1.6389348822718074e-5,0.2727272727272727,0.42084168336673344,2004-2006,Alewife,juvenile,Magdalen Shallows
Alewife|juvenile|Magdalen Shallows,Brachyura,0,0,11,6,0,NA,NA,NA,Alewife,juvenile,Magdalen Shallows
Alewife|juvenile|Magdalen Shallows,Caridea,0,0,11,6,0,NA,NA,NA,Alewife,juvenile,Magdalen Shallows
Alewife|juvenile|Magdalen Shallows,Chordata,0,0,11,6,0,NA,NA,NA,Alewife,juvenile,Magdalen Shallows
Alewife|juvenile|Magdalen Shallows,Copepoda,0.39890874808318966,0.18196338616537658,11,6,-0.21694536191781308,0.6243100590604006,0.14428857715430862,2004-2006,Alewife,juvenile,Magdalen Shallows
Alewife|juvenile|Magdalen Shallows,Crangon septemspinosa,0.05931952637928803,0,11,6,-0.05931952637928803,0.18181818181818182,0.5050100200400801,2004-2006,Alewife,juvenile,Magdalen Shallows
Alewife|juvenile|Magdalen Shallows,Crangonidae,0.002158628345873936,0,11,6,-0.002158628345873936,NA,NA,NA,Alewife,juvenile,Magdalen Shallows
Alewife|juvenile|Magdalen Shallows,Cumacea,0,5.005005005005006e-4,11,6,5.005005005005006e-4,NA,NA,NA,Alewife,juvenile,Magdalen Shallows
Alewife|juvenile|Magdalen Shallows,Decapoda,0.023059866962305987,0,11,6,-0.023059866962305987,NA,NA,NA,Alewife,juvenile,Magdalen Shallows
Alewife|juvenile|Magdalen Shallows,Diastylis,0,0,11,6,0,NA,NA,NA,Alewife,juvenile,Magdalen Shallows
Alewife|juvenile|Magdalen Shallows,Echinodermata,0,0,11,6,0,NA,NA,NA,Alewife,juvenile,Magdalen Shallows
Alewife|juvenile|Magdalen Shallows,Echinozoa,0,0,11,6,0,NA,NA,NA,Alewife,juvenile,Magdalen Shallows
Alewife|juvenile|Magdalen Shallows,Eualus,0,0,11,6,0,NA,NA,NA,Alewife,juvenile,Magdalen Shallows
Alewife|juvenile|Magdalen Shallows,Eualus macilentus,0,0,11,6,0,NA,NA,NA,Alewife,juvenile,Magdalen Shallows
Alewife|juvenile|Magdalen Shallows,Eumalacostraca,9.251264339459725e-5,0,11,6,-9.251264339459725e-5,NA,NA,NA,Alewife,juvenile,Magdalen Shallows
Alewife|juvenile|Magdalen Shallows,Euphausiacea,0,0.162328995662329,11,6,0.162328995662329,NA,NA,NA,Alewife,juvenile,Magdalen Shallows
Alewife|juvenile|Magdalen Shallows,Hyperiidae,0,0.13407869648119258,11,6,0.13407869648119258,NA,NA,NA,Alewife,juvenile,Magdalen Shallows
Alewife|juvenile|Magdalen Shallows,Malacostraca,0,0,11,6,0,NA,NA,NA,Alewife,juvenile,Magdalen Shallows
Alewife|juvenile|Magdalen Shallows,Mollusca,0.04583947874396332,0,11,6,-0.04583947874396332,0.36363636363636365,0.23246492985971945,2004-2006,Alewife,juvenile,Magdalen Shallows
Alewife|juvenile|Magdalen Shallows,Mysida,0.0010045203415369162,0,11,6,-0.0010045203415369162,NA,NA,NA,Alewife,juvenile,Magdalen Shallows
Alewife|juvenile|Magdalen Shallows,Nematoda,0,0,11,6,0,NA,NA,NA,Alewife,juvenile,Magdalen Shallows
Alewife|juvenile|Magdalen Shallows,Oregoniidae,0,0,11,6,0,NA,NA,NA,Alewife,juvenile,Magdalen Shallows
Alewife|juvenile|Magdalen Shallows,Pandalidae,0,0,11,6,0,NA,NA,NA,Alewife,juvenile,Magdalen Shallows
Alewife|juvenile|Magdalen Shallows,Pandalus,0,0,11,6,0,NA,NA,NA,Alewife,juvenile,Magdalen Shallows
Alewife|juvenile|Magdalen Shallows,Pandalus montagui,0,0,11,6,0,NA,NA,NA,Alewife,juvenile,Magdalen Shallows
Alewife|juvenile|Magdalen Shallows,Perciformes,0,0,11,6,0,NA,NA,NA,Alewife,juvenile,Magdalen Shallows
Alewife|juvenile|Magdalen Shallows,Polychaeta,0.10994296849108763,0.0027951836834992014,11,6,-0.10714778480758844,0.17731025610378262,0.5951903807615231,2004-2006,Alewife,juvenile,Magdalen Shallows
Alewife|juvenile|Magdalen Shallows,Teleostei,0,0,11,6,0,NA,NA,NA,Alewife,juvenile,Magdalen Shallows
Alewife|juvenile|Magdalen Shallows,Thoridae,0,0,11,6,0,NA,NA,NA,Alewife,juvenile,Magdalen Shallows
Alewife|juvenile|Magdalen Shallows,Vertebrata,0,0,11,6,0,NA,NA,NA,Alewife,juvenile,Magdalen Shallows
Alewife|juvenile|Magdalen Shallows,egg_larvae,0.10325655594122529,0,11,6,-0.10325655594122529,0.2727272727272727,0.42084168336673344,2004-2006,Alewife,juvenile,Magdalen Shallows
Alewife|juvenile|Magdalen Shallows,other_phyla,0,0.03258797018547409,11,6,0.03258797018547409,NA,NA,NA,Alewife,juvenile,Magdalen Shallows
Alewife|juvenile|Magdalen Shallows,plantae_chromista,0.026240840614676294,0,11,6,-0.026240840614676294,0.36363636363636365,0.20841683366733466,2004-2006,Alewife,juvenile,Magdalen Shallows
Alewife|juvenile|Northumberland,Amphilochida,0,0,17,13,0,NA,NA,NA,Alewife,juvenile,Northumberland
Alewife|juvenile|Northumberland,Amphipoda,0,0.15400402573311758,17,13,0.15400402573311758,0.23076923076923078,0.09418837675350701,2018-2019,Alewife,juvenile,Northumberland
Alewife|juvenile|Northumberland,Annelida,0,0,17,13,0,NA,NA,NA,Alewife,juvenile,Northumberland
Alewife|juvenile|Northumberland,Argis dentata,0,0,17,13,0,NA,NA,NA,Alewife,juvenile,Northumberland
Alewife|juvenile|Northumberland,Arthropoda,0.18736634241938274,0.18324394327375335,17,13,-0.004122399145629396,0.267650277976538,0.8897795591182365,2004-2006,Alewife,juvenile,Northumberland
Alewife|juvenile|Northumberland,Bivalvia,0.004789966562209523,0,17,13,-0.004789966562209523,0.29411764705882354,0.09619238476953908,2004-2006,Alewife,juvenile,Northumberland
Alewife|juvenile|Northumberland,Brachyura,0.042191615452151006,0,17,13,-0.042191615452151006,NA,NA,NA,Alewife,juvenile,Northumberland
Alewife|juvenile|Northumberland,Caridea,0,0,17,13,0,NA,NA,NA,Alewife,juvenile,Northumberland
Alewife|juvenile|Northumberland,Chordata,0,0,17,13,0,NA,NA,NA,Alewife,juvenile,Northumberland
Alewife|juvenile|Northumberland,Copepoda,0.23749735621350365,0.16308585089681835,17,13,-0.0744115053166853,0.45337803012226746,0.19839679358717435,2004-2006,Alewife,juvenile,Northumberland
Alewife|juvenile|Northumberland,Crangon septemspinosa,0.24472022973225574,0.2185127589142404,17,13,-0.026207470818015333,0.1864544363306719,0.9739478957915831,2004-2006,Alewife,juvenile,Northumberland
Alewife|juvenile|Northumberland,Crangonidae,0,0,17,13,0,NA,NA,NA,Alewife,juvenile,Northumberland
Alewife|juvenile|Northumberland,Cumacea,0,3.812791916881136e-4,17,13,3.812791916881136e-4,NA,NA,NA,Alewife,juvenile,Northumberland
Alewife|juvenile|Northumberland,Decapoda,0.0761563704252657,0.10387616359098358,17,13,0.027719793165717876,0.17753400330769445,0.6432865731462926,2018-2019,Alewife,juvenile,Northumberland
Alewife|juvenile|Northumberland,Diastylis,0,0,17,13,0,NA,NA,NA,Alewife,juvenile,Northumberland
Alewife|juvenile|Northumberland,Echinodermata,0,0,17,13,0,NA,NA,NA,Alewife,juvenile,Northumberland
Alewife|juvenile|Northumberland,Echinozoa,0,0,17,13,0,NA,NA,NA,Alewife,juvenile,Northumberland
Alewife|juvenile|Northumberland,Eualus,0,0,17,13,0,NA,NA,NA,Alewife,juvenile,Northumberland
Alewife|juvenile|Northumberland,Eualus macilentus,0,0,17,13,0,NA,NA,NA,Alewife,juvenile,Northumberland
Alewife|juvenile|Northumberland,Eumalacostraca,0,0,17,13,0,NA,NA,NA,Alewife,juvenile,Northumberland
Alewife|juvenile|Northumberland,Euphausiacea,0.0032899065666535075,0.077216803850493,17,13,0.073926897283839485,0.14755923106455865,0.43887775551102204,2018-2019,Alewife,juvenile,Northumberland
Alewife|juvenile|Northumberland,Hyperiidae,0,0,17,13,0,NA,NA,NA,Alewife,juvenile,Northumberland
Alewife|juvenile|Northumberland,Malacostraca,0,0,17,13,0,NA,NA,NA,Alewife,juvenile,Northumberland
Alewife|juvenile|Northumberland,Mollusca,0.17901255041146222,0,17,13,-0.17901255041146222,0.29411764705882354,0.08817635270541083,2004-2006,Alewife,juvenile,Northumberland
Alewife|juvenile|Northumberland,Mysida,0.024949307589243262,0.00803934438715445,17,13,-0.01690996320208881,0.13346465292025625,0.7094188376753507,2004-2006,Alewife,juvenile,Northumberland
Alewife|juvenile|Northumberland,Nematoda,0,0.022672064777327937,17,13,0.022672064777327937,NA,NA,NA,Alewife,juvenile,Northumberland
Alewife|juvenile|Northumberland,Oregoniidae,0,0,17,13,0,NA,NA,NA,Alewife,juvenile,Northumberland
Alewife|juvenile|Northumberland,Pandalidae,0,0,17,13,0,NA,NA,NA,Alewife,juvenile,Northumberland
Alewife|juvenile|Northumberland,Pandalus,0,0,17,13,0,NA,NA,NA,Alewife,juvenile,Northumberland
Alewife|juvenile|Northumberland,Pandalus montagui,0,0,17,13,0,NA,NA,NA,Alewife,juvenile,Northumberland
Alewife|juvenile|Northumberland,Perciformes,0,0,17,13,0,NA,NA,NA,Alewife,juvenile,Northumberland
Alewife|juvenile|Northumberland,Polychaeta,0,0.00899960858040428,17,13,0.00899960858040428,0.15384615384615385,0.20240480961923848,2018-2019,Alewife,juvenile,Northumberland
Alewife|juvenile|Northumberland,Teleostei,0,0.02186234817813765,17,13,0.02186234817813765,NA,NA,NA,Alewife,juvenile,Northumberland
Alewife|juvenile|Northumberland,Thoridae,0,0.03670778492302493,17,13,0.03670778492302493,0.15384615384615385,0.18637274549098196,2018-2019,Alewife,juvenile,Northumberland
Alewife|juvenile|Northumberland,Vertebrata,0,0,17,13,0,NA,NA,NA,Alewife,juvenile,Northumberland
Alewife|juvenile|Northumberland,egg_larvae,2.6354627872654437e-05,0,17,13,-2.6354627872654437e-05,NA,NA,NA,Alewife,juvenile,Northumberland
Alewife|juvenile|Northumberland,other_phyla,0,0,17,13,0,NA,NA,NA,Alewife,juvenile,Northumberland
Alewife|juvenile|Northumberland,plantae_chromista,0,0.001398023702856417,17,13,0.001398023702856417,NA,NA,NA,Alewife,juvenile,Northumberland
Alligatorfish|adult|Chaleur Bay,Amphilochida,0,0,14,3,0,NA,NA,NA,Alligatorfish,adult,Chaleur Bay
Alligatorfish|adult|Chaleur Bay,Amphipoda,0.38529138265493496,0.5221425558835934,14,3,0.13685117322865842,0.38360372306148793,0.8416833667334669,2018-2019,Alligatorfish,adult,Chaleur Bay
Alligatorfish|adult|Chaleur Bay,Annelida,0,0,14,3,0,NA,NA,NA,Alligatorfish,adult,Chaleur Bay
Alligatorfish|adult|Chaleur Bay,Argis dentata,0,0,14,3,0,NA,NA,NA,Alligatorfish,adult,Chaleur Bay
Alligatorfish|adult|Chaleur Bay,Arthropoda,0.2751199058750042,0.13594344752582926,14,3,-0.13917645834917491,0.4302567844365099,0.5410821643286573,2004-2006,Alligatorfish,adult,Chaleur Bay
Alligatorfish|adult|Chaleur Bay,Bivalvia,0,0,14,3,0,NA,NA,NA,Alligatorfish,adult,Chaleur Bay
Alligatorfish|adult|Chaleur Bay,Brachyura,0,0,14,3,0,NA,NA,NA,Alligatorfish,adult,Chaleur Bay
Alligatorfish|adult|Chaleur Bay,Caridea,0,0,14,3,0,NA,NA,NA,Alligatorfish,adult,Chaleur Bay
Alligatorfish|adult|Chaleur Bay,Chordata,0,0,14,3,0,NA,NA,NA,Alligatorfish,adult,Chaleur Bay
Alligatorfish|adult|Chaleur Bay,Copepoda,0.07792683316865463,0.0039364543793054966,14,3,-0.07399037878934914,0.40796326675216565,0.5551102204408818,2004-2006,Alligatorfish,adult,Chaleur Bay
Alligatorfish|adult|Chaleur Bay,Crangon septemspinosa,0,0,14,3,0,NA,NA,NA,Alligatorfish,adult,Chaleur Bay
Alligatorfish|adult|Chaleur Bay,Crangonidae,0,0.06416530723219141,14,3,0.06416530723219141,NA,NA,NA,Alligatorfish,adult,Chaleur Bay
Alligatorfish|adult|Chaleur Bay,Cumacea,0,0,14,3,0,NA,NA,NA,Alligatorfish,adult,Chaleur Bay
Alligatorfish|adult|Chaleur Bay,Decapoda,0,0.13440179952200196,14,3,0.13440179952200196,NA,NA,NA,Alligatorfish,adult,Chaleur Bay
Alligatorfish|adult|Chaleur Bay,Diastylis,0,0,14,3,0,NA,NA,NA,Alligatorfish,adult,Chaleur Bay
Alligatorfish|adult|Chaleur Bay,Echinodermata,0,0,14,3,0,NA,NA,NA,Alligatorfish,adult,Chaleur Bay
Alligatorfish|adult|Chaleur Bay,Echinozoa,0,0,14,3,0,NA,NA,NA,Alligatorfish,adult,Chaleur Bay
Alligatorfish|adult|Chaleur Bay,Eualus,0,0,14,3,0,NA,NA,NA,Alligatorfish,adult,Chaleur Bay
Alligatorfish|adult|Chaleur Bay,Eualus macilentus,0,0,14,3,0,NA,NA,NA,Alligatorfish,adult,Chaleur Bay
Alligatorfish|adult|Chaleur Bay,Eumalacostraca,0.03571428571428571,0,14,3,-0.03571428571428571,NA,NA,NA,Alligatorfish,adult,Chaleur Bay
Alligatorfish|adult|Chaleur Bay,Euphausiacea,0,0,14,3,0,NA,NA,NA,Alligatorfish,adult,Chaleur Bay
Alligatorfish|adult|Chaleur Bay,Hyperiidae,0.022746071133167907,0,14,3,-0.022746071133167907,0.14285714285714285,0.843687374749499,2004-2006,Alligatorfish,adult,Chaleur Bay
Alligatorfish|adult|Chaleur Bay,Malacostraca,0,0.13322457857531267,14,3,0.13322457857531267,NA,NA,NA,Alligatorfish,adult,Chaleur Bay
Alligatorfish|adult|Chaleur Bay,Mollusca,0,0,14,3,0,NA,NA,NA,Alligatorfish,adult,Chaleur Bay
Alligatorfish|adult|Chaleur Bay,Mysida,0.1910436305669809,0,14,3,-0.1910436305669809,0.2857142857142857,0.5511022044088176,2004-2006,Alligatorfish,adult,Chaleur Bay
Alligatorfish|adult|Chaleur Bay,Nematoda,0,0,14,3,0,NA,NA,NA,Alligatorfish,adult,Chaleur Bay
Alligatorfish|adult|Chaleur Bay,Oregoniidae,0,0,14,3,0,NA,NA,NA,Alligatorfish,adult,Chaleur Bay
Alligatorfish|adult|Chaleur Bay,Pandalidae,0,0,14,3,0,NA,NA,NA,Alligatorfish,adult,Chaleur Bay
Alligatorfish|adult|Chaleur Bay,Pandalus,0,0,14,3,0,NA,NA,NA,Alligatorfish,adult,Chaleur Bay
Alligatorfish|adult|Chaleur Bay,Pandalus montagui,0,0,14,3,0,NA,NA,NA,Alligatorfish,adult,Chaleur Bay
Alligatorfish|adult|Chaleur Bay,Perciformes,0,0,14,3,0,NA,NA,NA,Alligatorfish,adult,Chaleur Bay
Alligatorfish|adult|Chaleur Bay,Polychaeta,0.0026852846401718587,0,14,3,-0.0026852846401718587,NA,NA,NA,Alligatorfish,adult,Chaleur Bay
Alligatorfish|adult|Chaleur Bay,Teleostei,0,0,14,3,0,NA,NA,NA,Alligatorfish,adult,Chaleur Bay
Alligatorfish|adult|Chaleur Bay,Thoridae,0,0,14,3,0,NA,NA,NA,Alligatorfish,adult,Chaleur Bay
Alligatorfish|adult|Chaleur Bay,Vertebrata,0,0,14,3,0,NA,NA,NA,Alligatorfish,adult,Chaleur Bay
Alligatorfish|adult|Chaleur Bay,egg_larvae,0,0,14,3,0,NA,NA,NA,Alligatorfish,adult,Chaleur Bay
Alligatorfish|adult|Chaleur Bay,other_phyla,0,0,14,3,0,NA,NA,NA,Alligatorfish,adult,Chaleur Bay
Alligatorfish|adult|Chaleur Bay,plantae_chromista,0.009472606246799794,0.006185856881765781,14,3,-0.003286749365034013,0.131682929352136,1,2018-2019,Alligatorfish,adult,Chaleur Bay
Alligatorfish|adult|Magdalen Shallows,Amphilochida,0.0030969845150774244,0.04909744046743766,75,49,0.046000455952360235,0.17277510446247848,0.002004008016032064,2018-2019,Alligatorfish,adult,Magdalen Shallows
Alligatorfish|adult|Magdalen Shallows,Amphipoda,0.6176824400737276,0.6471811664025174,75,49,0.029498726328789804,0.44900848601982496,0.501002004008016,2018-2019,Alligatorfish,adult,Magdalen Shallows
Alligatorfish|adult|Magdalen Shallows,Annelida,0,3.192612785186277e-4,75,49,3.192612785186277e-4,NA,NA,NA,Alligatorfish,adult,Magdalen Shallows
Alligatorfish|adult|Magdalen Shallows,Argis dentata,0,0,75,49,0,NA,NA,NA,Alligatorfish,adult,Magdalen Shallows
Alligatorfish|adult|Magdalen Shallows,Arthropoda,0.24859629446830203,0.13341887794599683,75,49,-0.1151774165223052,0.28632990903153643,0.06012024048096192,2004-2006,Alligatorfish,adult,Magdalen Shallows
Alligatorfish|adult|Magdalen Shallows,Bivalvia,0,0,75,49,0,NA,NA,NA,Alligatorfish,adult,Magdalen Shallows
Alligatorfish|adult|Magdalen Shallows,Brachyura,0,0,75,49,0,NA,NA,NA,Alligatorfish,adult,Magdalen Shallows
Alligatorfish|adult|Magdalen Shallows,Caridea,0,0,75,49,0,NA,NA,NA,Alligatorfish,adult,Magdalen Shallows
Alligatorfish|adult|Magdalen Shallows,Chordata,0,0,75,49,0,NA,NA,NA,Alligatorfish,adult,Magdalen Shallows
Alligatorfish|adult|Magdalen Shallows,Copepoda,0.028429403134936256,0.05666311861725879,75,49,0.028233715482322536,0.054359191715109514,1,2018-2019,Alligatorfish,adult,Magdalen Shallows
Alligatorfish|adult|Magdalen Shallows,Crangon septemspinosa,0,0,75,49,0,NA,NA,NA,Alligatorfish,adult,Magdalen Shallows
Alligatorfish|adult|Magdalen Shallows,Crangonidae,0,0,75,49,0,NA,NA,NA,Alligatorfish,adult,Magdalen Shallows
Alligatorfish|adult|Magdalen Shallows,Cumacea,0,0,75,49,0,NA,NA,NA,Alligatorfish,adult,Magdalen Shallows
Alligatorfish|adult|Magdalen Shallows,Decapoda,0.02449537392349361,0.003554259735903892,75,49,-0.02094111418758972,0.046575294296174685,0.5971943887775552,2004-2006,Alligatorfish,adult,Magdalen Shallows
Alligatorfish|adult|Magdalen Shallows,Diastylis,0.0011799410029498525,0,75,49,-0.0011799410029498525,NA,NA,NA,Alligatorfish,adult,Magdalen Shallows
Alligatorfish|adult|Magdalen Shallows,Echinodermata,0,0,75,49,0,NA,NA,NA,Alligatorfish,adult,Magdalen Shallows
Alligatorfish|adult|Magdalen Shallows,Echinozoa,0,0,75,49,0,NA,NA,NA,Alligatorfish,adult,Magdalen Shallows
Alligatorfish|adult|Magdalen Shallows,Eualus,0,0,75,49,0,NA,NA,NA,Alligatorfish,adult,Magdalen Shallows
Alligatorfish|adult|Magdalen Shallows,Eualus macilentus,0,0,75,49,0,NA,NA,NA,Alligatorfish,adult,Magdalen Shallows
Alligatorfish|adult|Magdalen Shallows,Eumalacostraca,0.0019311164465198698,0.011750154607297465,75,49,0.009819038160777595,0.017527543506376704,1,2018-2019,Alligatorfish,adult,Magdalen Shallows
Alligatorfish|adult|Magdalen Shallows,Euphausiacea,0,0.02878476292897575,75,49,0.02878476292897575,0.08163265306122448,0.03206412825651302,2018-2019,Alligatorfish,adult,Magdalen Shallows
Alligatorfish|adult|Magdalen Shallows,Hyperiidae,0,0,75,49,0,NA,NA,NA,Alligatorfish,adult,Magdalen Shallows
Alligatorfish|adult|Magdalen Shallows,Malacostraca,0,0,75,49,0,NA,NA,NA,Alligatorfish,adult,Magdalen Shallows
Alligatorfish|adult|Magdalen Shallows,Mollusca,0,0,75,49,0,NA,NA,NA,Alligatorfish,adult,Magdalen Shallows
Alligatorfish|adult|Magdalen Shallows,Mysida,0.06366945396942489,0.020549886621315194,75,49,-0.04311956734810969,0.11087935997457869,0.12424849699398798,2004-2006,Alligatorfish,adult,Magdalen Shallows
Alligatorfish|adult|Magdalen Shallows,Nematoda,0,0,75,49,0,NA,NA,NA,Alligatorfish,adult,Magdalen Shallows
Alligatorfish|adult|Magdalen Shallows,Oregoniidae,0,0,75,49,0,NA,NA,NA,Alligatorfish,adult,Magdalen Shallows
Alligatorfish|adult|Magdalen Shallows,Pandalidae,0,0,75,49,0,NA,NA,NA,Alligatorfish,adult,Magdalen Shallows
Alligatorfish|adult|Magdalen Shallows,Pandalus,0,0,75,49,0,NA,NA,NA,Alligatorfish,adult,Magdalen Shallows
Alligatorfish|adult|Magdalen Shallows,Pandalus montagui,0,0,75,49,0,NA,NA,NA,Alligatorfish,adult,Magdalen Shallows
Alligatorfish|adult|Magdalen Shallows,Perciformes,0,0,75,49,0,NA,NA,NA,Alligatorfish,adult,Magdalen Shallows
Alligatorfish|adult|Magdalen Shallows,Polychaeta,0.007114177761742554,0.009852031351378132,75,49,0.0027378535896355784,0.03913602148848994,0.9779559118236473,2004-2006,Alligatorfish,adult,Magdalen Shallows
Alligatorfish|adult|Magdalen Shallows,Teleostei,0,0.01386214863303812,75,49,0.01386214863303812,NA,NA,NA,Alligatorfish,adult,Magdalen Shallows
Alligatorfish|adult|Magdalen Shallows,Thoridae,0,0,75,49,0,NA,NA,NA,Alligatorfish,adult,Magdalen Shallows
Alligatorfish|adult|Magdalen Shallows,Vertebrata,0,0,75,49,0,NA,NA,NA,Alligatorfish,adult,Magdalen Shallows
Alligatorfish|adult|Magdalen Shallows,egg_larvae,0.0033333333333333335,0.015586200524352355,75,49,0.01225286719101902,0.03362511226539196,0.45090180360721444,2018-2019,Alligatorfish,adult,Magdalen Shallows
Alligatorfish|adult|Magdalen Shallows,other_phyla,0,0,75,49,0,NA,NA,NA,Alligatorfish,adult,Magdalen Shallows
Alligatorfish|adult|Magdalen Shallows,plantae_chromista,4.7148137049245827e-4,0.009380690886009567,75,49,0.008909209515517108,0.13602063211155865,0.012024048096192385,2018-2019,Alligatorfish,adult,Magdalen Shallows
Alligatorfish|adult|Northumberland,Amphilochida,0,0.002830188679245283,5,5,0.002830188679245283,NA,NA,NA,Alligatorfish,adult,Northumberland
Alligatorfish|adult|Northumberland,Amphipoda,0.5313,0.7678608642766195,5,5,0.2365608642766195,0.47283497241377814,0.6893787575150301,2018-2019,Alligatorfish,adult,Northumberland
Alligatorfish|adult|Northumberland,Annelida,0,0,5,5,0,NA,NA,NA,Alligatorfish,adult,Northumberland
Alligatorfish|adult|Northumberland,Argis dentata,0,0,5,5,0,NA,NA,NA,Alligatorfish,adult,Northumberland
Alligatorfish|adult|Northumberland,Arthropoda,0.4687,0.2,5,5,-0.2687,0.4205473306415432,0.49899799599198397,2004-2006,Alligatorfish,adult,Northumberland
Alligatorfish|adult|Northumberland,Bivalvia,0,0,5,5,0,NA,NA,NA,Alligatorfish,adult,Northumberland
Alligatorfish|adult|Northumberland,Brachyura,0,0,5,5,0,NA,NA,NA,Alligatorfish,adult,Northumberland
Alligatorfish|adult|Northumberland,Caridea,0,0,5,5,0,NA,NA,NA,Alligatorfish,adult,Northumberland
Alligatorfish|adult|Northumberland,Chordata,0,0,5,5,0,NA,NA,NA,Alligatorfish,adult,Northumberland
Alligatorfish|adult|Northumberland,Copepoda,0,0.0014787430683918666,5,5,0.0014787430683918666,NA,NA,NA,Alligatorfish,adult,Northumberland
Alligatorfish|adult|Northumberland,Crangon septemspinosa,0,0,5,5,0,NA,NA,NA,Alligatorfish,adult,Northumberland
Alligatorfish|adult|Northumberland,Crangonidae,0,0,5,5,0,NA,NA,NA,Alligatorfish,adult,Northumberland
Alligatorfish|adult|Northumberland,Cumacea,0,0,5,5,0,NA,NA,NA,Alligatorfish,adult,Northumberland
Alligatorfish|adult|Northumberland,Decapoda,0,0.005052372150338878,5,5,0.005052372150338878,NA,NA,NA,Alligatorfish,adult,Northumberland
Alligatorfish|adult|Northumberland,Diastylis,0,0,5,5,0,NA,NA,NA,Alligatorfish,adult,Northumberland
Alligatorfish|adult|Northumberland,Echinodermata,0,0,5,5,0,NA,NA,NA,Alligatorfish,adult,Northumberland
Alligatorfish|adult|Northumberland,Echinozoa,0,0,5,5,0,NA,NA,NA,Alligatorfish,adult,Northumberland
Alligatorfish|adult|Northumberland,Eualus,0,0,5,5,0,NA,NA,NA,Alligatorfish,adult,Northumberland
Alligatorfish|adult|Northumberland,Eualus macilentus,0,0,5,5,0,NA,NA,NA,Alligatorfish,adult,Northumberland
Alligatorfish|adult|Northumberland,Eumalacostraca,0,0,5,5,0,NA,NA,NA,Alligatorfish,adult,Northumberland
Alligatorfish|adult|Northumberland,Euphausiacea,0,0,5,5,0,NA,NA,NA,Alligatorfish,adult,Northumberland
Alligatorfish|adult|Northumberland,Hyperiidae,0,0,5,5,0,NA,NA,NA,Alligatorfish,adult,Northumberland
Alligatorfish|adult|Northumberland,Malacostraca,0,0,5,5,0,NA,NA,NA,Alligatorfish,adult,Northumberland
Alligatorfish|adult|Northumberland,Mollusca,0,0,5,5,0,NA,NA,NA,Alligatorfish,adult,Northumberland
Alligatorfish|adult|Northumberland,Mysida,0,0.021052631578947368,5,5,0.021052631578947368,NA,NA,NA,Alligatorfish,adult,Northumberland
Alligatorfish|adult|Northumberland,Nematoda,0,0,5,5,0,NA,NA,NA,Alligatorfish,adult,Northumberland
Alligatorfish|adult|Northumberland,Oregoniidae,0,0,5,5,0,NA,NA,NA,Alligatorfish,adult,Northumberland
Alligatorfish|adult|Northumberland,Pandalidae,0,0,5,5,0,NA,NA,NA,Alligatorfish,adult,Northumberland
Alligatorfish|adult|Northumberland,Pandalus,0,0,5,5,0,NA,NA,NA,Alligatorfish,adult,Northumberland
Alligatorfish|adult|Northumberland,Pandalus montagui,0,0,5,5,0,NA,NA,NA,Alligatorfish,adult,Northumberland
Alligatorfish|adult|Northumberland,Perciformes,0,0,5,5,0,NA,NA,NA,Alligatorfish,adult,Northumberland
Alligatorfish|adult|Northumberland,Polychaeta,0,9.858287122612446e-4,5,5,9.858287122612446e-4,NA,NA,NA,Alligatorfish,adult,Northumberland
Alligatorfish|adult|Northumberland,Teleostei,0,0,5,5,0,NA,NA,NA,Alligatorfish,adult,Northumberland
Alligatorfish|adult|Northumberland,Thoridae,0,0,5,5,0,NA,NA,NA,Alligatorfish,adult,Northumberland
Alligatorfish|adult|Northumberland,Vertebrata,0,0,5,5,0,NA,NA,NA,Alligatorfish,adult,Northumberland
Alligatorfish|adult|Northumberland,egg_larvae,0,0,5,5,0,NA,NA,NA,Alligatorfish,adult,Northumberland
Alligatorfish|adult|Northumberland,other_phyla,0,0,5,5,0,NA,NA,NA,Alligatorfish,adult,Northumberland
Alligatorfish|adult|Northumberland,plantae_chromista,0,7.393715341959333e-4,5,5,7.393715341959333e-4,NA,NA,NA,Alligatorfish,adult,Northumberland
Alligatorfish|juvenile|Magdalen Shallows,Amphilochida,0.0023106007561966113,0.03948974568817029,37,26,0.03717914493197368,0.14534198893718653,0.022044088176352707,2018-2019,Alligatorfish,juvenile,Magdalen Shallows
Alligatorfish|juvenile|Magdalen Shallows,Amphipoda,0.5652157833918232,0.6030685541923095,37,26,0.037852770800486324,0.39707704102198577,0.6132264529058116,2018-2019,Alligatorfish,juvenile,Magdalen Shallows
Alligatorfish|juvenile|Magdalen Shallows,Annelida,0,0.038461538461538464,37,26,0.038461538461538464,NA,NA,NA,Alligatorfish,juvenile,Magdalen Shallows
Alligatorfish|juvenile|Magdalen Shallows,Argis dentata,0,0,37,26,0,NA,NA,NA,Alligatorfish,juvenile,Magdalen Shallows
Alligatorfish|juvenile|Magdalen Shallows,Arthropoda,0.33231645727897996,0.04895104895104895,37,26,-0.283365408327931,0.3769123033311344,0.002004008016032064,2004-2006,Alligatorfish,juvenile,Magdalen Shallows
Alligatorfish|juvenile|Magdalen Shallows,Bivalvia,0,0.007692307692307693,37,26,0.007692307692307693,NA,NA,NA,Alligatorfish,juvenile,Magdalen Shallows
Alligatorfish|juvenile|Magdalen Shallows,Brachyura,0,0,37,26,0,NA,NA,NA,Alligatorfish,juvenile,Magdalen Shallows
Alligatorfish|juvenile|Magdalen Shallows,Caridea,0,0,37,26,0,NA,NA,NA,Alligatorfish,juvenile,Magdalen Shallows
Alligatorfish|juvenile|Magdalen Shallows,Chordata,0,0,37,26,0,NA,NA,NA,Alligatorfish,juvenile,Magdalen Shallows
Alligatorfish|juvenile|Magdalen Shallows,Copepoda,0.016940853897375638,0.1838183378210842,37,26,0.16687748392370855,0.28172801492273064,0.002004008016032064,2018-2019,Alligatorfish,juvenile,Magdalen Shallows
Alligatorfish|juvenile|Magdalen Shallows,Crangon septemspinosa,0,0,37,26,0,NA,NA,NA,Alligatorfish,juvenile,Magdalen Shallows
Alligatorfish|juvenile|Magdalen Shallows,Crangonidae,0,0,37,26,0,NA,NA,NA,Alligatorfish,juvenile,Magdalen Shallows
Alligatorfish|juvenile|Magdalen Shallows,Cumacea,0,0,37,26,0,NA,NA,NA,Alligatorfish,juvenile,Magdalen Shallows
Alligatorfish|juvenile|Magdalen Shallows,Decapoda,0,0.038461538461538464,37,26,0.038461538461538464,NA,NA,NA,Alligatorfish,juvenile,Magdalen Shallows
Alligatorfish|juvenile|Magdalen Shallows,Diastylis,0,0,37,26,0,NA,NA,NA,Alligatorfish,juvenile,Magdalen Shallows
Alligatorfish|juvenile|Magdalen Shallows,Echinodermata,0,0,37,26,0,NA,NA,NA,Alligatorfish,juvenile,Magdalen Shallows
Alligatorfish|juvenile|Magdalen Shallows,Echinozoa,0,0,37,26,0,NA,NA,NA,Alligatorfish,juvenile,Magdalen Shallows
Alligatorfish|juvenile|Magdalen Shallows,Eualus,0,0,37,26,0,NA,NA,NA,Alligatorfish,juvenile,Magdalen Shallows
Alligatorfish|juvenile|Magdalen Shallows,Eualus macilentus,0,0,37,26,0,NA,NA,NA,Alligatorfish,juvenile,Magdalen Shallows
Alligatorfish|juvenile|Magdalen Shallows,Eumalacostraca,0.024024024024024027,0,37,26,-0.024024024024024027,0.05405405405405406,0.49498997995991983,2004-2006,Alligatorfish,juvenile,Magdalen Shallows
Alligatorfish|juvenile|Magdalen Shallows,Euphausiacea,0,0.0021668472372697724,37,26,0.0021668472372697724,NA,NA,NA,Alligatorfish,juvenile,Magdalen Shallows
Alligatorfish|juvenile|Magdalen Shallows,Hyperiidae,0.001873160289001873,0.004273504273504274,37,26,0.0024003439845024007,0.026740608228980323,0.781563126252505,2018-2019,Alligatorfish,juvenile,Magdalen Shallows
Alligatorfish|juvenile|Magdalen Shallows,Malacostraca,0,0,37,26,0,NA,NA,NA,Alligatorfish,juvenile,Magdalen Shallows
Alligatorfish|juvenile|Magdalen Shallows,Mollusca,0,0,37,26,0,NA,NA,NA,Alligatorfish,juvenile,Magdalen Shallows
Alligatorfish|juvenile|Magdalen Shallows,Mysida,0.025851938895417155,0,37,26,-0.025851938895417155,NA,NA,NA,Alligatorfish,juvenile,Magdalen Shallows
Alligatorfish|juvenile|Magdalen Shallows,Nematoda,0,0,37,26,0,NA,NA,NA,Alligatorfish,juvenile,Magdalen Shallows
Alligatorfish|juvenile|Magdalen Shallows,Oregoniidae,0,0,37,26,0,NA,NA,NA,Alligatorfish,juvenile,Magdalen Shallows
Alligatorfish|juvenile|Magdalen Shallows,Pandalidae,0,0,37,26,0,NA,NA,NA,Alligatorfish,juvenile,Magdalen Shallows
Alligatorfish|juvenile|Magdalen Shallows,Pandalus,0,0,37,26,0,NA,NA,NA,Alligatorfish,juvenile,Magdalen Shallows
Alligatorfish|juvenile|Magdalen Shallows,Pandalus montagui,0,0,37,26,0,NA,NA,NA,Alligatorfish,juvenile,Magdalen Shallows
Alligatorfish|juvenile|Magdalen Shallows,Perciformes,0,0,37,26,0,NA,NA,NA,Alligatorfish,juvenile,Magdalen Shallows
Alligatorfish|juvenile|Magdalen Shallows,Polychaeta,0.03146718146718147,0.019230769230769232,37,26,-0.012236412236412239,0.03355024620402477,0.8396793587174348,2004-2006,Alligatorfish,juvenile,Magdalen Shallows
Alligatorfish|juvenile|Magdalen Shallows,Teleostei,0,0,37,26,0,NA,NA,NA,Alligatorfish,juvenile,Magdalen Shallows
Alligatorfish|juvenile|Magdalen Shallows,Thoridae,0,0,37,26,0,NA,NA,NA,Alligatorfish,juvenile,Magdalen Shallows
Alligatorfish|juvenile|Magdalen Shallows,Vertebrata,0,0,37,26,0,NA,NA,NA,Alligatorfish,juvenile,Magdalen Shallows
Alligatorfish|juvenile|Magdalen Shallows,egg_larvae,0,0.014385807990459153,37,26,0.014385807990459153,0.07692307692307693,0.15030060120240482,2018-2019,Alligatorfish,juvenile,Magdalen Shallows
Alligatorfish|juvenile|Magdalen Shallows,other_phyla,0,0,37,26,0,NA,NA,NA,Alligatorfish,juvenile,Magdalen Shallows
Alligatorfish|juvenile|Magdalen Shallows,plantae_chromista,0,0,37,26,0,NA,NA,NA,Alligatorfish,juvenile,Magdalen Shallows
American plaice|adult|Central,Amphilochida,0,0,11,7,0,NA,NA,NA,American plaice,adult,Central
American plaice|adult|Central,Amphipoda,0.1434684321007589,0,11,7,-0.1434684321007589,0.2727272727272727,0.2865731462925852,2004-2006,American plaice,adult,Central
American plaice|adult|Central,Annelida,0,0,11,7,0,NA,NA,NA,American plaice,adult,Central
American plaice|adult|Central,Argis dentata,0,0,11,7,0,NA,NA,NA,American plaice,adult,Central
American plaice|adult|Central,Arthropoda,0,0,11,7,0,NA,NA,NA,American plaice,adult,Central
American plaice|adult|Central,Bivalvia,0,0.005948635954711035,11,7,0.005948635954711035,0.42857142857142855,0.03406813627254509,2018-2019,American plaice,adult,Central
American plaice|adult|Central,Brachyura,0,0.013802577956443967,11,7,0.013802577956443967,NA,NA,NA,American plaice,adult,Central
American plaice|adult|Central,Caridea,0,0,11,7,0,NA,NA,NA,American plaice,adult,Central
American plaice|adult|Central,Chordata,0,0.005311388128087644,11,7,0.005311388128087644,NA,NA,NA,American plaice,adult,Central
American plaice|adult|Central,Copepoda,0,0,11,7,0,NA,NA,NA,American plaice,adult,Central
American plaice|adult|Central,Crangon septemspinosa,0,0,11,7,0,NA,NA,NA,American plaice,adult,Central
American plaice|adult|Central,Crangonidae,0,0,11,7,0,NA,NA,NA,American plaice,adult,Central
American plaice|adult|Central,Cumacea,0,0.026941304468089032,11,7,0.026941304468089032,NA,NA,NA,American plaice,adult,Central
American plaice|adult|Central,Decapoda,0.09090909090909091,0,11,7,-0.09090909090909091,NA,NA,NA,American plaice,adult,Central
American plaice|adult|Central,Diastylis,0,0,11,7,0,NA,NA,NA,American plaice,adult,Central
American plaice|adult|Central,Echinodermata,0.19182159594762974,0.25755919134715655,11,7,0.06573759539952681,0.2456324651568687,0.7254509018036072,2018-2019,American plaice,adult,Central
American plaice|adult|Central,Echinozoa,0,0,11,7,0,NA,NA,NA,American plaice,adult,Central
American plaice|adult|Central,Eualus,0,0,11,7,0,NA,NA,NA,American plaice,adult,Central
American plaice|adult|Central,Eualus macilentus,0,0,11,7,0,NA,NA,NA,American plaice,adult,Central
American plaice|adult|Central,Eumalacostraca,0,3.595861992660753e-4,11,7,3.595861992660753e-4,NA,NA,NA,American plaice,adult,Central
American plaice|adult|Central,Euphausiacea,0.09090909090909091,0,11,7,-0.09090909090909091,NA,NA,NA,American plaice,adult,Central
American plaice|adult|Central,Hyperiidae,0.09090909090909091,0,11,7,-0.09090909090909091,NA,NA,NA,American plaice,adult,Central
American plaice|adult|Central,Malacostraca,0,0,11,7,0,NA,NA,NA,American plaice,adult,Central
American plaice|adult|Central,Mollusca,0,0,11,7,0,NA,NA,NA,American plaice,adult,Central
American plaice|adult|Central,Mysida,0,0,11,7,0,NA,NA,NA,American plaice,adult,Central
American plaice|adult|Central,Nematoda,0.0010172939979654122,0,11,7,-0.0010172939979654122,NA,NA,NA,American plaice,adult,Central
American plaice|adult|Central,Oregoniidae,0,0.04979344561105599,11,7,0.04979344561105599,0.2857142857142857,0.1402805611222445,2018-2019,American plaice,adult,Central
American plaice|adult|Central,Pandalidae,0,0,11,7,0,NA,NA,NA,American plaice,adult,Central
American plaice|adult|Central,Pandalus,0,0,11,7,0,NA,NA,NA,American plaice,adult,Central
American plaice|adult|Central,Pandalus montagui,0,0,11,7,0,NA,NA,NA,American plaice,adult,Central
American plaice|adult|Central,Perciformes,0,0,11,7,0,NA,NA,NA,American plaice,adult,Central
American plaice|adult|Central,Polychaeta,0.3908877217477071,0.45116236069775084,11,7,0.06027463895004376,0.3827074372273999,0.45090180360721444,2018-2019,American plaice,adult,Central
American plaice|adult|Central,Teleostei,0,0.045114237769459144,11,7,0.045114237769459144,NA,NA,NA,American plaice,adult,Central
American plaice|adult|Central,Thoridae,0,0,11,7,0,NA,NA,NA,American plaice,adult,Central
American plaice|adult|Central,Vertebrata,0,0,11,7,0,NA,NA,NA,American plaice,adult,Central
American plaice|adult|Central,egg_larvae,0,0.1432696591515365,11,7,0.1432696591515365,0.2857142857142857,0.13627254509018036,2018-2019,American plaice,adult,Central
American plaice|adult|Central,other_phyla,0,0,11,7,0,NA,NA,NA,American plaice,adult,Central
American plaice|adult|Central,plantae_chromista,7.768347866617467e-5,7.376127164432315e-4,11,7,6.599292377770568e-4,0.129245353821424,0.749498997995992,2018-2019,American plaice,adult,Central
American plaice|adult|Chaleur Bay,Amphilochida,0,0.046096654275092935,5,4,0.046096654275092935,NA,NA,NA,American plaice,adult,Chaleur Bay
American plaice|adult|Chaleur Bay,Amphipoda,0.003169724908855343,0.017472118959107805,5,4,0.014302394050252461,0.21161044370441556,0.7615230460921844,2018-2019,American plaice,adult,Chaleur Bay
American plaice|adult|Chaleur Bay,Annelida,0,0,5,4,0,NA,NA,NA,American plaice,adult,Chaleur Bay
American plaice|adult|Chaleur Bay,Argis dentata,0.19683027509114465,0,5,4,-0.19683027509114465,NA,NA,NA,American plaice,adult,Chaleur Bay
American plaice|adult|Chaleur Bay,Arthropoda,0.027455990914253263,0,5,4,-0.027455990914253263,NA,NA,NA,American plaice,adult,Chaleur Bay
American plaice|adult|Chaleur Bay,Bivalvia,0.12774924738799362,0.0055230187560234255,5,4,-0.12222622863197019,0.1917116757809834,1,2004-2006,American plaice,adult,Chaleur Bay
American plaice|adult|Chaleur Bay,Brachyura,0,0,5,4,0,NA,NA,NA,American plaice,adult,Chaleur Bay
American plaice|adult|Chaleur Bay,Caridea,0,0,5,4,0,NA,NA,NA,American plaice,adult,Chaleur Bay
American plaice|adult|Chaleur Bay,Chordata,0,0,5,4,0,NA,NA,NA,American plaice,adult,Chaleur Bay
American plaice|adult|Chaleur Bay,Copepoda,0,0,5,4,0,NA,NA,NA,American plaice,adult,Chaleur Bay
American plaice|adult|Chaleur Bay,Crangon septemspinosa,0,0.06931102633635151,5,4,0.06931102633635151,NA,NA,NA,American plaice,adult,Chaleur Bay
American plaice|adult|Chaleur Bay,Crangonidae,0,0,5,4,0,NA,NA,NA,American plaice,adult,Chaleur Bay
American plaice|adult|Chaleur Bay,Cumacea,0,0,5,4,0,NA,NA,NA,American plaice,adult,Chaleur Bay
American plaice|adult|Chaleur Bay,Decapoda,0.01661145871672188,0.4903464101464221,5,4,0.47373495142970024,0.7254247940455489,0.07414829659318638,2018-2019,American plaice,adult,Chaleur Bay
American plaice|adult|Chaleur Bay,Diastylis,0,0,5,4,0,NA,NA,NA,American plaice,adult,Chaleur Bay
American plaice|adult|Chaleur Bay,Echinodermata,6.729236762882946e-4,0,5,4,-6.729236762882946e-4,NA,NA,NA,American plaice,adult,Chaleur Bay
American plaice|adult|Chaleur Bay,Echinozoa,0,0,5,4,0,NA,NA,NA,American plaice,adult,Chaleur Bay
American plaice|adult|Chaleur Bay,Eualus,0,0,5,4,0,NA,NA,NA,American plaice,adult,Chaleur Bay
American plaice|adult|Chaleur Bay,Eualus macilentus,0.18785714285714286,0,5,4,-0.18785714285714286,NA,NA,NA,American plaice,adult,Chaleur Bay
American plaice|adult|Chaleur Bay,Eumalacostraca,0,0,5,4,0,NA,NA,NA,American plaice,adult,Chaleur Bay
American plaice|adult|Chaleur Bay,Euphausiacea,0,0,5,4,0,NA,NA,NA,American plaice,adult,Chaleur Bay
American plaice|adult|Chaleur Bay,Hyperiidae,0,0,5,4,0,NA,NA,NA,American plaice,adult,Chaleur Bay
American plaice|adult|Chaleur Bay,Malacostraca,0,0,5,4,0,NA,NA,NA,American plaice,adult,Chaleur Bay
American plaice|adult|Chaleur Bay,Mollusca,0,0.008716979267057107,5,4,0.008716979267057107,NA,NA,NA,American plaice,adult,Chaleur Bay
American plaice|adult|Chaleur Bay,Mysida,0,0,5,4,0,NA,NA,NA,American plaice,adult,Chaleur Bay
American plaice|adult|Chaleur Bay,Nematoda,0,0.0016484622135911264,5,4,0.0016484622135911264,0.5,0.19438877755511022,2018-2019,American plaice,adult,Chaleur Bay
American plaice|adult|Chaleur Bay,Oregoniidae,0,0,5,4,0,NA,NA,NA,American plaice,adult,Chaleur Bay
American plaice|adult|Chaleur Bay,Pandalidae,0,0,5,4,0,NA,NA,NA,American plaice,adult,Chaleur Bay
American plaice|adult|Chaleur Bay,Pandalus,0,0,5,4,0,NA,NA,NA,American plaice,adult,Chaleur Bay
American plaice|adult|Chaleur Bay,Pandalus montagui,0.18338854128327814,0,5,4,-0.18338854128327814,NA,NA,NA,American plaice,adult,Chaleur Bay
American plaice|adult|Chaleur Bay,Perciformes,0.07157782893571807,0,5,4,-0.07157782893571807,NA,NA,NA,American plaice,adult,Chaleur Bay
American plaice|adult|Chaleur Bay,Polychaeta,0.012142857142857143,0.18643122676579924,5,4,0.17428836962294209,0.23471243464423733,0.7254509018036072,2018-2019,American plaice,adult,Chaleur Bay
American plaice|adult|Chaleur Bay,Teleostei,0.17254400908574674,0.1744541032805547,5,4,0.0019100941948079486,0.1256880780207212,1,2018-2019,American plaice,adult,Chaleur Bay
American plaice|adult|Chaleur Bay,Thoridae,0,0,5,4,0,NA,NA,NA,American plaice,adult,Chaleur Bay
American plaice|adult|Chaleur Bay,Vertebrata,0,0,5,4,0,NA,NA,NA,American plaice,adult,Chaleur Bay
American plaice|adult|Chaleur Bay,egg_larvae,0,0,5,4,0,NA,NA,NA,American plaice,adult,Chaleur Bay
American plaice|adult|Chaleur Bay,other_phyla,0,0,5,4,0,NA,NA,NA,American plaice,adult,Chaleur Bay
American plaice|adult|Chaleur Bay,plantae_chromista,0,0,5,4,0,NA,NA,NA,American plaice,adult,Chaleur Bay
American plaice|adult|Magdalen Shallows,Amphilochida,0,3.760251343136109e-4,137,55,3.760251343136109e-4,0.03636363636363636,0.09619238476953908,2018-2019,American plaice,adult,Magdalen Shallows
American plaice|adult|Magdalen Shallows,Amphipoda,0.07589556958109497,0.0572543469411978,137,55,-0.018641222639897176,0.15394184348633078,0.6312625250501002,2004-2006,American plaice,adult,Magdalen Shallows
American plaice|adult|Magdalen Shallows,Annelida,0.005067879948219783,0,137,55,-0.005067879948219783,NA,NA,NA,American plaice,adult,Magdalen Shallows
American plaice|adult|Magdalen Shallows,Argis dentata,0.10918727187935111,0.008146521528264266,137,55,-0.10104075035108684,0.14264206942880356,0.014028056112224449,2004-2006,American plaice,adult,Magdalen Shallows
American plaice|adult|Magdalen Shallows,Arthropoda,0.011549647754445606,0.018942567946640995,137,55,0.007392920192195389,0.03388507378527009,0.9579158316633266,2018-2019,American plaice,adult,Magdalen Shallows
American plaice|adult|Magdalen Shallows,Bivalvia,0.06220335105658719,0.03363230758024605,137,55,-0.028571043476341138,0.08527831054513801,0.45691382765531063,2004-2006,American plaice,adult,Magdalen Shallows
American plaice|adult|Magdalen Shallows,Brachyura,0,3.7856334536832465e-4,137,55,3.7856334536832465e-4,NA,NA,NA,American plaice,adult,Magdalen Shallows
American plaice|adult|Magdalen Shallows,Caridea,0,0,137,55,0,NA,NA,NA,American plaice,adult,Magdalen Shallows
American plaice|adult|Magdalen Shallows,Chordata,0.009716200091771085,0,137,55,-0.009716200091771085,0.014598540145985401,0.8156312625250501,2004-2006,American plaice,adult,Magdalen Shallows
American plaice|adult|Magdalen Shallows,Copepoda,0,0,137,55,0,NA,NA,NA,American plaice,adult,Magdalen Shallows
American plaice|adult|Magdalen Shallows,Crangon septemspinosa,1.5929662574900527e-5,0,137,55,-1.5929662574900527e-5,NA,NA,NA,American plaice,adult,Magdalen Shallows
American plaice|adult|Magdalen Shallows,Crangonidae,0.011115244262820862,0,137,55,-0.011115244262820862,0.029197080291970802,0.46292585170340683,2004-2006,American plaice,adult,Magdalen Shallows
American plaice|adult|Magdalen Shallows,Cumacea,0,7.863133176786313e-4,137,55,7.863133176786313e-4,NA,NA,NA,American plaice,adult,Magdalen Shallows
American plaice|adult|Magdalen Shallows,Decapoda,0.0327625761831944,0.060662590092334094,137,55,0.027900013909139695,0.09444617354978267,0.1402805611222445,2018-2019,American plaice,adult,Magdalen Shallows
American plaice|adult|Magdalen Shallows,Diastylis,0.0016892461876497717,0,137,55,-0.0016892461876497717,0.0364963503649635,0.2865731462925852,2004-2006,American plaice,adult,Magdalen Shallows
American plaice|adult|Magdalen Shallows,Echinodermata,0.15094658576588887,0.17570443137650624,137,55,0.024757845610617363,0.136919103273102,0.9158316633266533,2018-2019,American plaice,adult,Magdalen Shallows
American plaice|adult|Magdalen Shallows,Echinozoa,0.05737204994825749,0.0663026191459368,137,55,0.00893056919767931,0.04873682602585392,0.9839679358717435,2018-2019,American plaice,adult,Magdalen Shallows
American plaice|adult|Magdalen Shallows,Eualus,0.0036546893521667858,0,137,55,-0.0036546893521667858,0.021897810218978103,0.5651302605210421,2004-2006,American plaice,adult,Magdalen Shallows
American plaice|adult|Magdalen Shallows,Eualus macilentus,0.0400707325816354,0,137,55,-0.0400707325816354,0.08759124087591241,0.050100200400801605,2004-2006,American plaice,adult,Magdalen Shallows
American plaice|adult|Magdalen Shallows,Eumalacostraca,0,1.9683388059343765e-4,137,55,1.9683388059343765e-4,NA,NA,NA,American plaice,adult,Magdalen Shallows
American plaice|adult|Magdalen Shallows,Euphausiacea,0.01127929809047426,0.044505275019476334,137,55,0.033225976929002074,0.05802226482515427,0.16032064128256512,2018-2019,American plaice,adult,Magdalen Shallows
American plaice|adult|Magdalen Shallows,Hyperiidae,0.009262770167562858,1.1639812469687988e-4,137,55,-0.009146372042865978,0.028834736288034516,0.43887775551102204,2004-2006,American plaice,adult,Magdalen Shallows
American plaice|adult|Magdalen Shallows,Malacostraca,0,0,137,55,0,NA,NA,NA,American plaice,adult,Magdalen Shallows
American plaice|adult|Magdalen Shallows,Mollusca,0.0048434447893772005,1.2451867427158575e-4,137,55,-0.004718926115105614,0.049814231328362574,0.3106212424849699,2004-2006,American plaice,adult,Magdalen Shallows
American plaice|adult|Magdalen Shallows,Mysida,0.10815175106732945,5.75222299451142e-5,137,55,-0.10809422883738434,0.24804325672827074,0.002004008016032064,2004-2006,American plaice,adult,Magdalen Shallows
American plaice|adult|Magdalen Shallows,Nematoda,2.2101019241475928e-4,0.030610079281420437,137,55,0.03038906908900568,0.05415444982878139,0.11022044088176353,2018-2019,American plaice,adult,Magdalen Shallows
American plaice|adult|Magdalen Shallows,Oregoniidae,0.009151087325732986,0.03109946356892963,137,55,0.021948376243196642,0.08428875326086586,0.09619238476953908,2018-2019,American plaice,adult,Magdalen Shallows
American plaice|adult|Magdalen Shallows,Pandalidae,0,0,137,55,0,NA,NA,NA,American plaice,adult,Magdalen Shallows
American plaice|adult|Magdalen Shallows,Pandalus,0.010273743502565965,0,137,55,-0.010273743502565965,0.021897810218978103,0.48296593186372744,2004-2006,American plaice,adult,Magdalen Shallows
American plaice|adult|Magdalen Shallows,Pandalus montagui,0.020168897632397483,0.01818181818181818,137,55,-0.0019870794505793023,0.023032409346400072,0.7615230460921844,2004-2006,American plaice,adult,Magdalen Shallows
American plaice|adult|Magdalen Shallows,Perciformes,0.027380350367077498,0.044542938457128256,137,55,0.017162588090050758,0.05630106892712481,0.4529058116232465,2018-2019,American plaice,adult,Magdalen Shallows
American plaice|adult|Magdalen Shallows,Polychaeta,0.14792476745015226,0.20675649549287153,137,55,0.05883172804271927,0.19077907189073384,0.6833667334669339,2018-2019,American plaice,adult,Magdalen Shallows
American plaice|adult|Magdalen Shallows,Teleostei,0.05161778495701569,0.10237904092234185,137,55,0.05076125596532616,0.1329625339194283,0.10821643286573146,2018-2019,American plaice,adult,Magdalen Shallows
American plaice|adult|Magdalen Shallows,Thoridae,7.43889236037199e-5,0.012847488077941026,137,55,0.012773099154337306,0.01807714872214585,0.2685370741482966,2018-2019,American plaice,adult,Magdalen Shallows
American plaice|adult|Magdalen Shallows,Vertebrata,0,0,137,55,0,NA,NA,NA,American plaice,adult,Magdalen Shallows
American plaice|adult|Magdalen Shallows,egg_larvae,0,4.034534057712125e-4,137,55,4.034534057712125e-4,0.03636363636363636,0.09018036072144289,2018-2019,American plaice,adult,Magdalen Shallows
American plaice|adult|Magdalen Shallows,other_phyla,0.004475636659395352,0.07194707163631872,137,55,0.06747143497692337,0.10270208458020512,0.014028056112224449,2018-2019,American plaice,adult,Magdalen Shallows
American plaice|adult|Magdalen Shallows,plantae_chromista,0.023928094619242328,0.014045316637989027,137,55,-0.009882777981253301,0.04139524400306321,0.5751503006012024,2004-2006,American plaice,adult,Magdalen Shallows
American plaice|juvenile|Central,Amphilochida,0,0,16,7,0,NA,NA,NA,American plaice,juvenile,Central
American plaice|juvenile|Central,Amphipoda,0.14563839435050682,0.06999381439425144,16,7,-0.07564457995625538,0.29548831271198306,0.6032064128256514,2004-2006,American plaice,juvenile,Central
American plaice|juvenile|Central,Annelida,0,0,16,7,0,NA,NA,NA,American plaice,juvenile,Central
American plaice|juvenile|Central,Argis dentata,0,0,16,7,0,NA,NA,NA,American plaice,juvenile,Central
American plaice|juvenile|Central,Arthropoda,0.06537225955171906,0,16,7,-0.06537225955171906,0.125,0.7394789579158316,2004-2006,American plaice,juvenile,Central
American plaice|juvenile|Central,Bivalvia,0.001646542261251372,0.1153958515921706,16,7,0.11374930933091923,0.14084744094237778,0.312625250501002,2018-2019,American plaice,juvenile,Central
American plaice|juvenile|Central,Brachyura,0,0,16,7,0,NA,NA,NA,American plaice,juvenile,Central
American plaice|juvenile|Central,Caridea,0,0,16,7,0,NA,NA,NA,American plaice,juvenile,Central
American plaice|juvenile|Central,Chordata,0,0,16,7,0,NA,NA,NA,American plaice,juvenile,Central
American plaice|juvenile|Central,Copepoda,0.0013345422966898244,0,16,7,-0.0013345422966898244,NA,NA,NA,American plaice,juvenile,Central
American plaice|juvenile|Central,Crangon septemspinosa,0,0,16,7,0,NA,NA,NA,American plaice,juvenile,Central
American plaice|juvenile|Central,Crangonidae,0,0,16,7,0,NA,NA,NA,American plaice,juvenile,Central
American plaice|juvenile|Central,Cumacea,0,0.01645729866588762,16,7,0.01645729866588762,NA,NA,NA,American plaice,juvenile,Central
American plaice|juvenile|Central,Decapoda,0.0625,0,16,7,-0.0625,NA,NA,NA,American plaice,juvenile,Central
American plaice|juvenile|Central,Diastylis,0,0,16,7,0,NA,NA,NA,American plaice,juvenile,Central
American plaice|juvenile|Central,Echinodermata,0.13513251463043235,0.014339717584294144,16,7,-0.12079279704613821,0.2825201055494077,0.4408817635270541,2004-2006,American plaice,juvenile,Central
American plaice|juvenile|Central,Echinozoa,0,0,16,7,0,NA,NA,NA,American plaice,juvenile,Central
American plaice|juvenile|Central,Eualus,0,0,16,7,0,NA,NA,NA,American plaice,juvenile,Central
American plaice|juvenile|Central,Eualus macilentus,0.015230515916575193,0,16,7,-0.015230515916575193,NA,NA,NA,American plaice,juvenile,Central
American plaice|juvenile|Central,Eumalacostraca,0,0,16,7,0,NA,NA,NA,American plaice,juvenile,Central
American plaice|juvenile|Central,Euphausiacea,0.1345870467952932,0,16,7,-0.1345870467952932,0.1875,0.5250501002004008,2004-2006,American plaice,juvenile,Central
American plaice|juvenile|Central,Hyperiidae,0.06754543191841798,0,16,7,-0.06754543191841798,0.1875,0.47695390781563124,2004-2006,American plaice,juvenile,Central
American plaice|juvenile|Central,Malacostraca,0,0,16,7,0,NA,NA,NA,American plaice,juvenile,Central
American plaice|juvenile|Central,Mollusca,0,0.03305514645720831,16,7,0.03305514645720831,NA,NA,NA,American plaice,juvenile,Central
American plaice|juvenile|Central,Mysida,9.388721978275943e-4,0,16,7,-9.388721978275943e-4,NA,NA,NA,American plaice,juvenile,Central
American plaice|juvenile|Central,Nematoda,0.04182330827067669,0.23677248677248677,16,7,0.1949491785018101,0.2428223366562843,0.15831663326653306,2018-2019,American plaice,juvenile,Central
American plaice|juvenile|Central,Oregoniidae,0,0,16,7,0,NA,NA,NA,American plaice,juvenile,Central
American plaice|juvenile|Central,Pandalidae,0,0,16,7,0,NA,NA,NA,American plaice,juvenile,Central
American plaice|juvenile|Central,Pandalus,0,0.059956296093963406,16,7,0.059956296093963406,NA,NA,NA,American plaice,juvenile,Central
American plaice|juvenile|Central,Pandalus montagui,0,0,16,7,0,NA,NA,NA,American plaice,juvenile,Central
American plaice|juvenile|Central,Perciformes,0,0,16,7,0,NA,NA,NA,American plaice,juvenile,Central
American plaice|juvenile|Central,Polychaeta,0.2265794203820749,0.2717562468869784,16,7,0.04517682650490351,0.23371187454796652,1,2018-2019,American plaice,juvenile,Central
American plaice|juvenile|Central,Teleostei,0.0625,0.03318765364654466,16,7,-0.029312346353455337,0.04954759780807952,1,2018-2019,American plaice,juvenile,Central
American plaice|juvenile|Central,Thoridae,0.014419539948011182,0,16,7,-0.014419539948011182,NA,NA,NA,American plaice,juvenile,Central
American plaice|juvenile|Central,Vertebrata,0,0,16,7,0,NA,NA,NA,American plaice,juvenile,Central
American plaice|juvenile|Central,egg_larvae,0.019425302859384964,0.002263237991181176,16,7,-0.017162064868203788,0.055978013324020776,1,2004-2006,American plaice,juvenile,Central
American plaice|juvenile|Central,other_phyla,2.3603413605375448e-4,0.14285714285714285,16,7,0.1426211087210891,0.14262149806259758,0.2905811623246493,2018-2019,American plaice,juvenile,Central
American plaice|juvenile|Central,plantae_chromista,0.005090274485085073,0.003965107057890563,16,7,-0.0011251674271945105,0.07026587533787654,1,2004-2006,American plaice,juvenile,Central
American plaice|juvenile|Chaleur Bay,Amphilochida,0,0,16,6,0,NA,NA,NA,American plaice,juvenile,Chaleur Bay
American plaice|juvenile|Chaleur Bay,Amphipoda,0.046117573855238736,0.1473956990067656,16,6,0.10127812515152687,0.38084131601627785,0.44889779559118237,2018-2019,American plaice,juvenile,Chaleur Bay
American plaice|juvenile|Chaleur Bay,Annelida,0,0,16,6,0,NA,NA,NA,American plaice,juvenile,Chaleur Bay
American plaice|juvenile|Chaleur Bay,Argis dentata,0.0507623323858592,0,16,6,-0.0507623323858592,0.25,0.44288577154308617,2004-2006,American plaice,juvenile,Chaleur Bay
American plaice|juvenile|Chaleur Bay,Arthropoda,0.03386760367797526,0,16,6,-0.03386760367797526,0.3125,0.2865731462925852,2004-2006,American plaice,juvenile,Chaleur Bay
American plaice|juvenile|Chaleur Bay,Bivalvia,0,0,16,6,0,NA,NA,NA,American plaice,juvenile,Chaleur Bay
American plaice|juvenile|Chaleur Bay,Brachyura,0,0,16,6,0,NA,NA,NA,American plaice,juvenile,Chaleur Bay
American plaice|juvenile|Chaleur Bay,Caridea,0,0.13264157407860602,16,6,0.13264157407860602,NA,NA,NA,American plaice,juvenile,Chaleur Bay
American plaice|juvenile|Chaleur Bay,Chordata,0,0,16,6,0,NA,NA,NA,American plaice,juvenile,Chaleur Bay
American plaice|juvenile|Chaleur Bay,Copepoda,0,0.16687124791123764,16,6,0.16687124791123764,0.5,0.012024048096192385,2018-2019,American plaice,juvenile,Chaleur Bay
American plaice|juvenile|Chaleur Bay,Crangon septemspinosa,0,0,16,6,0,NA,NA,NA,American plaice,juvenile,Chaleur Bay
American plaice|juvenile|Chaleur Bay,Crangonidae,0,0,16,6,0,NA,NA,NA,American plaice,juvenile,Chaleur Bay
American plaice|juvenile|Chaleur Bay,Cumacea,0,0,16,6,0,NA,NA,NA,American plaice,juvenile,Chaleur Bay
American plaice|juvenile|Chaleur Bay,Decapoda,0.11492150808039403,0.1895006549293868,16,6,0.07457914684899278,0.31124648260793397,0.48697394789579157,2018-2019,American plaice,juvenile,Chaleur Bay
American plaice|juvenile|Chaleur Bay,Diastylis,0,0,16,6,0,NA,NA,NA,American plaice,juvenile,Chaleur Bay
American plaice|juvenile|Chaleur Bay,Echinodermata,0.03680672416285678,0,16,6,-0.03680672416285678,0.1875,0.4529058116232465,2004-2006,American plaice,juvenile,Chaleur Bay
American plaice|juvenile|Chaleur Bay,Echinozoa,0.002295616113744076,0,16,6,-0.002295616113744076,NA,NA,NA,American plaice,juvenile,Chaleur Bay
American plaice|juvenile|Chaleur Bay,Eualus,0,0,16,6,0,NA,NA,NA,American plaice,juvenile,Chaleur Bay
American plaice|juvenile|Chaleur Bay,Eualus macilentus,0.2225375508779552,0,16,6,-0.2225375508779552,0.375,0.18036072144288579,2004-2006,American plaice,juvenile,Chaleur Bay
American plaice|juvenile|Chaleur Bay,Eumalacostraca,0,0,16,6,0,NA,NA,NA,American plaice,juvenile,Chaleur Bay
American plaice|juvenile|Chaleur Bay,Euphausiacea,0,0.005861799490488225,16,6,0.005861799490488225,0.3333333333333333,0.06212424849699399,2018-2019,American plaice,juvenile,Chaleur Bay
American plaice|juvenile|Chaleur Bay,Hyperiidae,0,0,16,6,0,NA,NA,NA,American plaice,juvenile,Chaleur Bay
American plaice|juvenile|Chaleur Bay,Malacostraca,0,0,16,6,0,NA,NA,NA,American plaice,juvenile,Chaleur Bay
American plaice|juvenile|Chaleur Bay,Mollusca,0,0,16,6,0,NA,NA,NA,American plaice,juvenile,Chaleur Bay
American plaice|juvenile|Chaleur Bay,Mysida,0.18491382566151035,0.16275720164609053,16,6,-0.022156624015419818,0.4653813080336713,0.5390781563126252,2004-2006,American plaice,juvenile,Chaleur Bay
American plaice|juvenile|Chaleur Bay,Nematoda,0,9.13987904245182e-4,16,6,9.13987904245182e-4,NA,NA,NA,American plaice,juvenile,Chaleur Bay
American plaice|juvenile|Chaleur Bay,Oregoniidae,0,0,16,6,0,NA,NA,NA,American plaice,juvenile,Chaleur Bay
American plaice|juvenile|Chaleur Bay,Pandalidae,0,0,16,6,0,NA,NA,NA,American plaice,juvenile,Chaleur Bay
American plaice|juvenile|Chaleur Bay,Pandalus,0,0,16,6,0,NA,NA,NA,American plaice,juvenile,Chaleur Bay
American plaice|juvenile|Chaleur Bay,Pandalus montagui,0.05978439763001975,0.012709444797937773,16,6,-0.047074952832081976,0.051542651440906785,1,2004-2006,American plaice,juvenile,Chaleur Bay
American plaice|juvenile|Chaleur Bay,Perciformes,0.03679884944966008,0,16,6,-0.03679884944966008,0.1875,0.49298597194388777,2004-2006,American plaice,juvenile,Chaleur Bay
American plaice|juvenile|Chaleur Bay,Polychaeta,0.07854039479245382,0.04256831465299673,16,6,-0.035972080139457095,0.11716282241498695,0.8937875751503006,2018-2019,American plaice,juvenile,Chaleur Bay
American plaice|juvenile|Chaleur Bay,Teleostei,0.11796036843987037,0.13878007558224548,16,6,0.020819707142375105,0.18018207209339,0.8857715430861723,2018-2019,American plaice,juvenile,Chaleur Bay
American plaice|juvenile|Chaleur Bay,Thoridae,0.014523992854859048,0,16,6,-0.014523992854859048,0.125,0.7935871743486974,2004-2006,American plaice,juvenile,Chaleur Bay
American plaice|juvenile|Chaleur Bay,Vertebrata,0,0,16,6,0,NA,NA,NA,American plaice,juvenile,Chaleur Bay
American plaice|juvenile|Chaleur Bay,egg_larvae,0,0,16,6,0,NA,NA,NA,American plaice,juvenile,Chaleur Bay
American plaice|juvenile|Chaleur Bay,other_phyla,0,0,16,6,0,NA,NA,NA,American plaice,juvenile,Chaleur Bay
American plaice|juvenile|Chaleur Bay,plantae_chromista,1.6926201760324985e-4,0,16,6,-1.6926201760324985e-4,NA,NA,NA,American plaice,juvenile,Chaleur Bay
American plaice|juvenile|Magdalen Shallows,Amphilochida,0.006319876419509386,0.011494690533341052,220,113,0.005174814113831666,0.10278176596572784,0.02004008016032064,2018-2019,American plaice,juvenile,Magdalen Shallows
American plaice|juvenile|Magdalen Shallows,Amphipoda,0.10903555511851916,0.18051108231523716,220,113,0.071475527196718,0.40826168218040576,0.026052104208416832,2018-2019,American plaice,juvenile,Magdalen Shallows
American plaice|juvenile|Magdalen Shallows,Annelida,2.4324269253104855e-5,0.005293009823767562,220,113,0.005268685554514457,0.052854450084766386,0.008016032064128256,2018-2019,American plaice,juvenile,Magdalen Shallows
American plaice|juvenile|Magdalen Shallows,Argis dentata,0.017766979969776144,0.00526985192372698,220,113,-0.012497128046049164,0.03505646967254842,0.1843687374749499,2004-2006,American plaice,juvenile,Magdalen Shallows
American plaice|juvenile|Magdalen Shallows,Arthropoda,0.02333314755195498,0.021926075229743002,220,113,-0.0014070723222119781,0.08904861137876174,0.4709418837675351,2004-2006,American plaice,juvenile,Magdalen Shallows
American plaice|juvenile|Magdalen Shallows,Bivalvia,0.027572888442774928,0.023520527806766615,220,113,-0.004052360636008313,0.058871605918727886,0.8597194388777555,2004-2006,American plaice,juvenile,Magdalen Shallows
American plaice|juvenile|Magdalen Shallows,Brachyura,0,0.027377401039785688,220,113,0.027377401039785688,0.12389380530973451,0.002004008016032064,2018-2019,American plaice,juvenile,Magdalen Shallows
American plaice|juvenile|Magdalen Shallows,Caridea,0,0.008003943185569387,220,113,0.008003943185569387,NA,NA,NA,American plaice,juvenile,Magdalen Shallows
American plaice|juvenile|Magdalen Shallows,Chordata,0.004143400304570158,0,220,113,-0.004143400304570158,0.02727272727272727,0.1523046092184369,2004-2006,American plaice,juvenile,Magdalen Shallows
American plaice|juvenile|Magdalen Shallows,Copepoda,1.7566139617139495e-4,2.9425569117257246e-4,220,113,1.1859429500117751e-4,0.006796610833635898,1,2004-2006,American plaice,juvenile,Magdalen Shallows
American plaice|juvenile|Magdalen Shallows,Crangon septemspinosa,0.0016791857632949482,0.011555259606566502,220,113,0.009876073843271554,0.023180178325626844,0.21042084168336672,2018-2019,American plaice,juvenile,Magdalen Shallows
American plaice|juvenile|Magdalen Shallows,Crangonidae,0.001816839487507805,0.0019847753303018053,220,113,1.679358427940003e-4,0.015206308876206285,0.8096192384769539,2004-2006,American plaice,juvenile,Magdalen Shallows
American plaice|juvenile|Magdalen Shallows,Cumacea,0,0.01646586834602073,220,113,0.01646586834602073,0.18584070796460178,0.002004008016032064,2018-2019,American plaice,juvenile,Magdalen Shallows
American plaice|juvenile|Magdalen Shallows,Decapoda,0.02402701315715413,0.06603194855610114,220,113,0.042004935398947015,0.20763411558066325,0.002004008016032064,2018-2019,American plaice,juvenile,Magdalen Shallows
American plaice|juvenile|Magdalen Shallows,Diastylis,0.011309077636075757,4.951577788065809e-4,220,113,-0.010813919857269176,0.10451482175150019,0.004008016032064128,2004-2006,American plaice,juvenile,Magdalen Shallows
American plaice|juvenile|Magdalen Shallows,Echinodermata,0.05176894856961298,0.05863022108919375,220,113,0.006861272519580776,0.07519643717135828,0.6312625250501002,2018-2019,American plaice,juvenile,Magdalen Shallows
American plaice|juvenile|Magdalen Shallows,Echinozoa,0.019505022222356363,0.016538104149262135,220,113,-0.0029669180730942275,0.024598085916768507,0.9719438877755511,2004-2006,American plaice,juvenile,Magdalen Shallows
American plaice|juvenile|Magdalen Shallows,Eualus,0.008788206574588023,0,220,113,-0.008788206574588023,0.013636363636363636,0.3727454909819639,2004-2006,American plaice,juvenile,Magdalen Shallows
American plaice|juvenile|Magdalen Shallows,Eualus macilentus,0.04225190761394037,0,220,113,-0.04225190761394037,0.11363636363636363,0.002004008016032064,2004-2006,American plaice,juvenile,Magdalen Shallows
American plaice|juvenile|Magdalen Shallows,Eumalacostraca,6.968033555999561e-4,1.6140928436124535e-4,220,113,-5.353940712387108e-4,0.007381126384116153,0.9799599198396793,2004-2006,American plaice,juvenile,Magdalen Shallows
American plaice|juvenile|Magdalen Shallows,Euphausiacea,0.03027312443793087,0.05657794141228101,220,113,0.026304816974350137,0.1152984691920427,0.09619238476953908,2018-2019,American plaice,juvenile,Magdalen Shallows
American plaice|juvenile|Magdalen Shallows,Hyperiidae,0.01816510010939459,0.0030461482334876023,220,113,-0.015118951875906988,0.0506048612434305,0.1462925851703407,2004-2006,American plaice,juvenile,Magdalen Shallows
American plaice|juvenile|Magdalen Shallows,Malacostraca,0,0,220,113,0,NA,NA,NA,American plaice,juvenile,Magdalen Shallows
American plaice|juvenile|Magdalen Shallows,Mollusca,0.010521892414622336,0.01271526950852372,220,113,0.002193377093901383,0.02421218849727628,0.6292585170340681,2018-2019,American plaice,juvenile,Magdalen Shallows
American plaice|juvenile|Magdalen Shallows,Mysida,0.3488563015116533,0.014660440061518296,220,113,-0.334195861450135,0.6106994237393024,0.002004008016032064,2004-2006,American plaice,juvenile,Magdalen Shallows
American plaice|juvenile|Magdalen Shallows,Nematoda,0.004628780439853054,0.019631586430748083,220,113,0.015002805990895028,0.07877207287329946,0.002004008016032064,2018-2019,American plaice,juvenile,Magdalen Shallows
American plaice|juvenile|Magdalen Shallows,Oregoniidae,2.5163882305476957e-4,0.042430700838935194,220,113,0.042179062015880425,0.19354244581106414,0.002004008016032064,2018-2019,American plaice,juvenile,Magdalen Shallows
American plaice|juvenile|Magdalen Shallows,Pandalidae,0,0.008849557522123894,220,113,0.008849557522123894,NA,NA,NA,American plaice,juvenile,Magdalen Shallows
American plaice|juvenile|Magdalen Shallows,Pandalus,9.826273216142494e-4,0.006672431907974093,220,113,0.005689804586359844,0.00771360066736505,1,2018-2019,American plaice,juvenile,Magdalen Shallows
American plaice|juvenile|Magdalen Shallows,Pandalus montagui,0.024067676988336367,0.011861452409258767,220,113,-0.0122062245790776,0.02740358039269356,0.44288577154308617,2004-2006,American plaice,juvenile,Magdalen Shallows
American plaice|juvenile|Magdalen Shallows,Perciformes,0.02973418875680829,0.025575461248320885,220,113,-0.004158727508487406,0.0464286551284012,0.6292585170340681,2004-2006,American plaice,juvenile,Magdalen Shallows
American plaice|juvenile|Magdalen Shallows,Polychaeta,0.12814352267728357,0.12461525622895264,220,113,-0.00352826644833093,0.2004873529322116,0.7875751503006012,2004-2006,American plaice,juvenile,Magdalen Shallows
American plaice|juvenile|Magdalen Shallows,Teleostei,0.03417157398341738,0.15970114720927853,220,113,0.12552957322586114,0.2624311521280361,0.002004008016032064,2018-2019,American plaice,juvenile,Magdalen Shallows
American plaice|juvenile|Magdalen Shallows,Thoridae,0.003536067892503536,0.01567778893892364,220,113,0.012141721046420102,0.04332544878999714,0.01603206412825651,2018-2019,American plaice,juvenile,Magdalen Shallows
American plaice|juvenile|Magdalen Shallows,Vertebrata,0,0,220,113,0,NA,NA,NA,American plaice,juvenile,Magdalen Shallows
American plaice|juvenile|Magdalen Shallows,egg_larvae,2.340088201678259e-4,0.01769976847893427,220,113,0.01746575965876644,0.13974534570846625,0.002004008016032064,2018-2019,American plaice,juvenile,Magdalen Shallows
American plaice|juvenile|Magdalen Shallows,other_phyla,0.005262975102477996,0.01711451671824025,220,113,0.011851541615762252,0.06091402523453194,0.022044088176352707,2018-2019,American plaice,juvenile,Magdalen Shallows
American plaice|juvenile|Magdalen Shallows,plantae_chromista,0.010955682868222419,0.0076169511627751625,220,113,-0.0033387317054472563,0.037538015217620374,0.7294589178356713,2004-2006,American plaice,juvenile,Magdalen Shallows
American plaice|juvenile|Northumberland,Amphilochida,0,0.01251168549425003,10,11,0.01251168549425003,0.36363636363636365,0.10821643286573146,2018-2019,American plaice,juvenile,Northumberland
American plaice|juvenile|Northumberland,Amphipoda,0.12381139245497177,0.043601910448348685,10,11,-0.08020948200662309,0.3697776410470548,0.3627254509018036,2004-2006,American plaice,juvenile,Northumberland
American plaice|juvenile|Northumberland,Annelida,0,0.0129600426448704,10,11,0.0129600426448704,NA,NA,NA,American plaice,juvenile,Northumberland
American plaice|juvenile|Northumberland,Argis dentata,0.03559602649006623,0,10,11,-0.03559602649006623,NA,NA,NA,American plaice,juvenile,Northumberland
American plaice|juvenile|Northumberland,Arthropoda,0.029535864978902954,0.0013568521031207597,10,11,-0.028179012875782193,0.19121571534469978,0.4308617234468938,2004-2006,American plaice,juvenile,Northumberland
American plaice|juvenile|Northumberland,Bivalvia,0.11037661500658051,0,10,11,-0.11037661500658051,0.2,0.18837675350701402,2004-2006,American plaice,juvenile,Northumberland
American plaice|juvenile|Northumberland,Brachyura,0,0,10,11,0,NA,NA,NA,American plaice,juvenile,Northumberland
American plaice|juvenile|Northumberland,Caridea,0,0,10,11,0,NA,NA,NA,American plaice,juvenile,Northumberland
American plaice|juvenile|Northumberland,Chordata,0.07379861008428212,0,10,11,-0.07379861008428212,NA,NA,NA,American plaice,juvenile,Northumberland
American plaice|juvenile|Northumberland,Copepoda,0.12229599554175623,0.017186793306196293,10,11,-0.10510920223555993,0.17535639565547936,0.32064128256513025,2004-2006,American plaice,juvenile,Northumberland
American plaice|juvenile|Northumberland,Crangon septemspinosa,0.10096914556962026,0.26100626733075366,10,11,0.16003712176113338,0.32775489216921694,0.218436873747495,2018-2019,American plaice,juvenile,Northumberland
American plaice|juvenile|Northumberland,Crangonidae,0.008442998669229632,0,10,11,-0.008442998669229632,NA,NA,NA,American plaice,juvenile,Northumberland
American plaice|juvenile|Northumberland,Cumacea,0,4.997445749950025e-5,10,11,4.997445749950025e-5,NA,NA,NA,American plaice,juvenile,Northumberland
American plaice|juvenile|Northumberland,Decapoda,0.062016743721104585,0.12233934845539494,10,11,0.06032260473429036,0.24131036450572313,0.49899799599198397,2018-2019,American plaice,juvenile,Northumberland
American plaice|juvenile|Northumberland,Diastylis,0.027918031944413828,0,10,11,-0.027918031944413828,0.3,0.09018036072144289,2004-2006,American plaice,juvenile,Northumberland
American plaice|juvenile|Northumberland,Echinodermata,0,0,10,11,0,NA,NA,NA,American plaice,juvenile,Northumberland
American plaice|juvenile|Northumberland,Echinozoa,0,0.11707112414461979,10,11,0.11707112414461979,0.18181818181818182,0.48897795591182364,2018-2019,American plaice,juvenile,Northumberland
American plaice|juvenile|Northumberland,Eualus,0,0,10,11,0,NA,NA,NA,American plaice,juvenile,Northumberland
American plaice|juvenile|Northumberland,Eualus macilentus,0,0,10,11,0,NA,NA,NA,American plaice,juvenile,Northumberland
American plaice|juvenile|Northumberland,Eumalacostraca,0,0,10,11,0,NA,NA,NA,American plaice,juvenile,Northumberland
American plaice|juvenile|Northumberland,Euphausiacea,0.01802658053584666,0,10,11,-0.01802658053584666,NA,NA,NA,American plaice,juvenile,Northumberland
American plaice|juvenile|Northumberland,Hyperiidae,0,0,10,11,0,NA,NA,NA,American plaice,juvenile,Northumberland
American plaice|juvenile|Northumberland,Malacostraca,0,3.692557137463074e-4,10,11,3.692557137463074e-4,NA,NA,NA,American plaice,juvenile,Northumberland
American plaice|juvenile|Northumberland,Mollusca,0.011589403973509934,0,10,11,-0.011589403973509934,NA,NA,NA,American plaice,juvenile,Northumberland
American plaice|juvenile|Northumberland,Mysida,0.06570896045862049,0.1637913007052486,10,11,0.09808234024662812,0.1946418470778963,0.6733466933867736,2018-2019,American plaice,juvenile,Northumberland
American plaice|juvenile|Northumberland,Nematoda,0,0,10,11,0,NA,NA,NA,American plaice,juvenile,Northumberland
American plaice|juvenile|Northumberland,Oregoniidae,0,0,10,11,0,NA,NA,NA,American plaice,juvenile,Northumberland
American plaice|juvenile|Northumberland,Pandalidae,0,0,10,11,0,NA,NA,NA,American plaice,juvenile,Northumberland
American plaice|juvenile|Northumberland,Pandalus,0,0,10,11,0,NA,NA,NA,American plaice,juvenile,Northumberland
American plaice|juvenile|Northumberland,Pandalus montagui,0.02924151696606786,0.07532846487532378,10,11,0.046086947909255924,0.06548764894862427,1,2018-2019,American plaice,juvenile,Northumberland
American plaice|juvenile|Northumberland,Perciformes,0,0.04252757441979546,10,11,0.04252757441979546,NA,NA,NA,American plaice,juvenile,Northumberland
American plaice|juvenile|Northumberland,Polychaeta,0.18067211360502694,0.05751174953105818,10,11,-0.12316036407396877,0.3792702646312376,0.17835671342685372,2004-2006,American plaice,juvenile,Northumberland
American plaice|juvenile|Northumberland,Teleostei,0,0.07236544549977386,10,11,0.07236544549977386,NA,NA,NA,American plaice,juvenile,Northumberland
American plaice|juvenile|Northumberland,Thoridae,0,0,10,11,0,NA,NA,NA,American plaice,juvenile,Northumberland
American plaice|juvenile|Northumberland,Vertebrata,0,0,10,11,0,NA,NA,NA,American plaice,juvenile,Northumberland
American plaice|juvenile|Northumberland,egg_larvae,0,0,10,11,0,NA,NA,NA,American plaice,juvenile,Northumberland
American plaice|juvenile|Northumberland,other_phyla,0,0,10,11,0,NA,NA,NA,American plaice,juvenile,Northumberland
American plaice|juvenile|Northumberland,plantae_chromista,0,2.221086999977789e-5,10,11,2.221086999977789e-5,NA,NA,NA,American plaice,juvenile,Northumberland
Arctic alligatorfish|one_class|Magdalen Shallows,Amphilochida,0.028009799907064835,0.028662420382165606,62,10,6.526204751007708e-4,0.05057578516579206,0.9378757515030061,2018-2019,Arctic alligatorfish,one_class,Magdalen Shallows
Arctic alligatorfish|one_class|Magdalen Shallows,Amphipoda,0.5200028278722392,0.6897369727816438,62,10,0.16973414490940464,0.5131378459797282,0.20240480961923848,2018-2019,Arctic alligatorfish,one_class,Magdalen Shallows
Arctic alligatorfish|one_class|Magdalen Shallows,Annelida,0,0,62,10,0,NA,NA,NA,Arctic alligatorfish,one_class,Magdalen Shallows
Arctic alligatorfish|one_class|Magdalen Shallows,Argis dentata,0,0,62,10,0,NA,NA,NA,Arctic alligatorfish,one_class,Magdalen Shallows
Arctic alligatorfish|one_class|Magdalen Shallows,Arthropoda,0.2557264227727778,0.020560747663551402,62,10,-0.2351656751092264,0.5075772079150214,0.026052104208416832,2004-2006,Arctic alligatorfish,one_class,Magdalen Shallows
Arctic alligatorfish|one_class|Magdalen Shallows,Bivalvia,0,0,62,10,0,NA,NA,NA,Arctic alligatorfish,one_class,Magdalen Shallows
Arctic alligatorfish|one_class|Magdalen Shallows,Brachyura,0,0.03125,62,10,0.03125,NA,NA,NA,Arctic alligatorfish,one_class,Magdalen Shallows
Arctic alligatorfish|one_class|Magdalen Shallows,Caridea,0,0,62,10,0,NA,NA,NA,Arctic alligatorfish,one_class,Magdalen Shallows
Arctic alligatorfish|one_class|Magdalen Shallows,Chordata,0,0,62,10,0,NA,NA,NA,Arctic alligatorfish,one_class,Magdalen Shallows
Arctic alligatorfish|one_class|Magdalen Shallows,Copepoda,0.029476652028122906,0.006295042585717406,62,10,-0.0231816094424055,0.17277874015188735,0.5991983967935872,2004-2006,Arctic alligatorfish,one_class,Magdalen Shallows
Arctic alligatorfish|one_class|Magdalen Shallows,Crangon septemspinosa,0,0,62,10,0,NA,NA,NA,Arctic alligatorfish,one_class,Magdalen Shallows
Arctic alligatorfish|one_class|Magdalen Shallows,Crangonidae,0,0,62,10,0,NA,NA,NA,Arctic alligatorfish,one_class,Magdalen Shallows
Arctic alligatorfish|one_class|Magdalen Shallows,Cumacea,0,0,62,10,0,NA,NA,NA,Arctic alligatorfish,one_class,Magdalen Shallows
Arctic alligatorfish|one_class|Magdalen Shallows,Decapoda,0.003675918979744936,0.04542464114832537,62,10,0.04174872216858043,0.18502697741061636,0.036072144288577156,2018-2019,Arctic alligatorfish,one_class,Magdalen Shallows
Arctic alligatorfish|one_class|Magdalen Shallows,Diastylis,5.781438044222101e-4,0,62,10,-5.781438044222101e-4,NA,NA,NA,Arctic alligatorfish,one_class,Magdalen Shallows
Arctic alligatorfish|one_class|Magdalen Shallows,Echinodermata,0,0,62,10,0,NA,NA,NA,Arctic alligatorfish,one_class,Magdalen Shallows
Arctic alligatorfish|one_class|Magdalen Shallows,Echinozoa,0,0,62,10,0,NA,NA,NA,Arctic alligatorfish,one_class,Magdalen Shallows
Arctic alligatorfish|one_class|Magdalen Shallows,Eualus,0,0,62,10,0,NA,NA,NA,Arctic alligatorfish,one_class,Magdalen Shallows
Arctic alligatorfish|one_class|Magdalen Shallows,Eualus macilentus,0,0,62,10,0,NA,NA,NA,Arctic alligatorfish,one_class,Magdalen Shallows
Arctic alligatorfish|one_class|Magdalen Shallows,Eumalacostraca,0.048478438039284054,0,62,10,-0.048478438039284054,0.12903225806451613,0.5090180360721442,2004-2006,Arctic alligatorfish,one_class,Magdalen Shallows
Arctic alligatorfish|one_class|Magdalen Shallows,Euphausiacea,0.0025466893039049233,0,62,10,-0.0025466893039049233,NA,NA,NA,Arctic alligatorfish,one_class,Magdalen Shallows
Arctic alligatorfish|one_class|Magdalen Shallows,Hyperiidae,0.003874747983870968,0,62,10,-0.003874747983870968,NA,NA,NA,Arctic alligatorfish,one_class,Magdalen Shallows
Arctic alligatorfish|one_class|Magdalen Shallows,Malacostraca,0,0,62,10,0,NA,NA,NA,Arctic alligatorfish,one_class,Magdalen Shallows
Arctic alligatorfish|one_class|Magdalen Shallows,Mollusca,0,0,62,10,0,NA,NA,NA,Arctic alligatorfish,one_class,Magdalen Shallows
Arctic alligatorfish|one_class|Magdalen Shallows,Mysida,0.06869324465861067,0.047149122807017545,62,10,-0.021544121851593122,0.0765147041276478,0.8416833667334669,2004-2006,Arctic alligatorfish,one_class,Magdalen Shallows
Arctic alligatorfish|one_class|Magdalen Shallows,Nematoda,0,0,62,10,0,NA,NA,NA,Arctic alligatorfish,one_class,Magdalen Shallows
Arctic alligatorfish|one_class|Magdalen Shallows,Oregoniidae,0,0,62,10,0,NA,NA,NA,Arctic alligatorfish,one_class,Magdalen Shallows
Arctic alligatorfish|one_class|Magdalen Shallows,Pandalidae,0,0,62,10,0,NA,NA,NA,Arctic alligatorfish,one_class,Magdalen Shallows
Arctic alligatorfish|one_class|Magdalen Shallows,Pandalus,0,0,62,10,0,NA,NA,NA,Arctic alligatorfish,one_class,Magdalen Shallows
Arctic alligatorfish|one_class|Magdalen Shallows,Pandalus montagui,0,0,62,10,0,NA,NA,NA,Arctic alligatorfish,one_class,Magdalen Shallows
Arctic alligatorfish|one_class|Magdalen Shallows,Perciformes,0,0,62,10,0,NA,NA,NA,Arctic alligatorfish,one_class,Magdalen Shallows
Arctic alligatorfish|one_class|Magdalen Shallows,Polychaeta,0.008033574418310213,0.1,62,10,0.0919664255816898,0.09256381688603221,0.6032064128256514,2018-2019,Arctic alligatorfish,one_class,Magdalen Shallows
Arctic alligatorfish|one_class|Magdalen Shallows,Teleostei,0,0,62,10,0,NA,NA,NA,Arctic alligatorfish,one_class,Magdalen Shallows
Arctic alligatorfish|one_class|Magdalen Shallows,Thoridae,0,0,62,10,0,NA,NA,NA,Arctic alligatorfish,one_class,Magdalen Shallows
Arctic alligatorfish|one_class|Magdalen Shallows,Vertebrata,0,0,62,10,0,NA,NA,NA,Arctic alligatorfish,one_class,Magdalen Shallows
Arctic alligatorfish|one_class|Magdalen Shallows,egg_larvae,0.030598939156717957,0.03092105263157895,62,10,3.2211347486099315e-4,0.05026179577199023,1,2018-2019,Arctic alligatorfish,one_class,Magdalen Shallows
Arctic alligatorfish|one_class|Magdalen Shallows,other_phyla,0,0,62,10,0,NA,NA,NA,Arctic alligatorfish,one_class,Magdalen Shallows
Arctic alligatorfish|one_class|Magdalen Shallows,plantae_chromista,3.046010749294353e-4,0,62,10,-3.046010749294353e-4,0.04838709677419355,1,2004-2006,Arctic alligatorfish,one_class,Magdalen Shallows
Arctic hookear sculpin|one_class|Magdalen Shallows,Amphilochida,0.0017728924740714473,0.061180624991385026,29,15,0.05940773251731358,0.25915681899725773,0.008016032064128256,2018-2019,Arctic hookear sculpin,one_class,Magdalen Shallows
Arctic hookear sculpin|one_class|Magdalen Shallows,Amphipoda,0.34669165314871314,0.45191434275535514,29,15,0.105222689606642,0.4527031803649427,0.32064128256513025,2018-2019,Arctic hookear sculpin,one_class,Magdalen Shallows
Arctic hookear sculpin|one_class|Magdalen Shallows,Annelida,0,0,29,15,0,NA,NA,NA,Arctic hookear sculpin,one_class,Magdalen Shallows
Arctic hookear sculpin|one_class|Magdalen Shallows,Argis dentata,0,0,29,15,0,NA,NA,NA,Arctic hookear sculpin,one_class,Magdalen Shallows
Arctic hookear sculpin|one_class|Magdalen Shallows,Arthropoda,0.27480684371581554,0.06537021067335051,29,15,-0.20943663304246501,0.4178455573457917,0.04008016032064128,2004-2006,Arctic hookear sculpin,one_class,Magdalen Shallows
Arctic hookear sculpin|one_class|Magdalen Shallows,Bivalvia,0.014780529198488006,0,29,15,-0.014780529198488006,0.06896551724137931,0.5410821643286573,2004-2006,Arctic hookear sculpin,one_class,Magdalen Shallows
Arctic hookear sculpin|one_class|Magdalen Shallows,Brachyura,0,0.06666666666666667,29,15,0.06666666666666667,NA,NA,NA,Arctic hookear sculpin,one_class,Magdalen Shallows
Arctic hookear sculpin|one_class|Magdalen Shallows,Caridea,0,0,29,15,0,NA,NA,NA,Arctic hookear sculpin,one_class,Magdalen Shallows
Arctic hookear sculpin|one_class|Magdalen Shallows,Chordata,0,0,29,15,0,NA,NA,NA,Arctic hookear sculpin,one_class,Magdalen Shallows
Arctic hookear sculpin|one_class|Magdalen Shallows,Copepoda,0.009285217450813413,0.011979410388394946,29,15,0.002694192937581533,0.0903415515713819,0.8637274549098196,2004-2006,Arctic hookear sculpin,one_class,Magdalen Shallows
Arctic hookear sculpin|one_class|Magdalen Shallows,Crangon septemspinosa,0,0,29,15,0,NA,NA,NA,Arctic hookear sculpin,one_class,Magdalen Shallows
Arctic hookear sculpin|one_class|Magdalen Shallows,Crangonidae,0,0,29,15,0,NA,NA,NA,Arctic hookear sculpin,one_class,Magdalen Shallows
Arctic hookear sculpin|one_class|Magdalen Shallows,Cumacea,0,0,29,15,0,NA,NA,NA,Arctic hookear sculpin,one_class,Magdalen Shallows
Arctic hookear sculpin|one_class|Magdalen Shallows,Decapoda,0.008775025964485983,0.06268192316999541,29,15,0.053906897205509424,0.11695978987670566,0.4789579158316633,2018-2019,Arctic hookear sculpin,one_class,Magdalen Shallows
Arctic hookear sculpin|one_class|Magdalen Shallows,Diastylis,9.257116408238833e-5,0,29,15,-9.257116408238833e-5,NA,NA,NA,Arctic hookear sculpin,one_class,Magdalen Shallows
Arctic hookear sculpin|one_class|Magdalen Shallows,Echinodermata,0,0,29,15,0,NA,NA,NA,Arctic hookear sculpin,one_class,Magdalen Shallows
Arctic hookear sculpin|one_class|Magdalen Shallows,Echinozoa,0.033156498673740056,0,29,15,-0.033156498673740056,0.06896551724137931,0.5290581162324649,2004-2006,Arctic hookear sculpin,one_class,Magdalen Shallows
Arctic hookear sculpin|one_class|Magdalen Shallows,Eualus,0,0,29,15,0,NA,NA,NA,Arctic hookear sculpin,one_class,Magdalen Shallows
Arctic hookear sculpin|one_class|Magdalen Shallows,Eualus macilentus,0,0,29,15,0,NA,NA,NA,Arctic hookear sculpin,one_class,Magdalen Shallows
Arctic hookear sculpin|one_class|Magdalen Shallows,Eumalacostraca,0.0015365574475690194,0,29,15,-0.0015365574475690194,0.10344827586206896,0.46693386773547096,2004-2006,Arctic hookear sculpin,one_class,Magdalen Shallows
Arctic hookear sculpin|one_class|Magdalen Shallows,Euphausiacea,0,0.06666666666666667,29,15,0.06666666666666667,NA,NA,NA,Arctic hookear sculpin,one_class,Magdalen Shallows
Arctic hookear sculpin|one_class|Magdalen Shallows,Hyperiidae,0,0,29,15,0,NA,NA,NA,Arctic hookear sculpin,one_class,Magdalen Shallows
Arctic hookear sculpin|one_class|Magdalen Shallows,Malacostraca,0,0.011425873465533523,29,15,0.011425873465533523,NA,NA,NA,Arctic hookear sculpin,one_class,Magdalen Shallows
Arctic hookear sculpin|one_class|Magdalen Shallows,Mollusca,0.0010194131725910823,0.001610305958132045,29,15,5.908927855409628e-4,0.04082326864793956,1,2018-2019,Arctic hookear sculpin,one_class,Magdalen Shallows
Arctic hookear sculpin|one_class|Magdalen Shallows,Mysida,0.07092333282498285,0.001796826730861736,29,15,-0.06912650609412112,0.13452292631457305,0.38877755511022044,2004-2006,Arctic hookear sculpin,one_class,Magdalen Shallows
Arctic hookear sculpin|one_class|Magdalen Shallows,Nematoda,0,0,29,15,0,NA,NA,NA,Arctic hookear sculpin,one_class,Magdalen Shallows
Arctic hookear sculpin|one_class|Magdalen Shallows,Oregoniidae,0.008054237768179566,0,29,15,-0.008054237768179566,NA,NA,NA,Arctic hookear sculpin,one_class,Magdalen Shallows
Arctic hookear sculpin|one_class|Magdalen Shallows,Pandalidae,0,0,29,15,0,NA,NA,NA,Arctic hookear sculpin,one_class,Magdalen Shallows
Arctic hookear sculpin|one_class|Magdalen Shallows,Pandalus,0,0,29,15,0,NA,NA,NA,Arctic hookear sculpin,one_class,Magdalen Shallows
Arctic hookear sculpin|one_class|Magdalen Shallows,Pandalus montagui,0,0,29,15,0,NA,NA,NA,Arctic hookear sculpin,one_class,Magdalen Shallows
Arctic hookear sculpin|one_class|Magdalen Shallows,Perciformes,0,0,29,15,0,NA,NA,NA,Arctic hookear sculpin,one_class,Magdalen Shallows
Arctic hookear sculpin|one_class|Magdalen Shallows,Polychaeta,0.1906028348427939,0.08585673298527821,29,15,-0.10474610185751568,0.35660792632020394,0.10020040080160321,2004-2006,Arctic hookear sculpin,one_class,Magdalen Shallows
Arctic hookear sculpin|one_class|Magdalen Shallows,Teleostei,0,0.005833723288098581,29,15,0.005833723288098581,NA,NA,NA,Arctic hookear sculpin,one_class,Magdalen Shallows
Arctic hookear sculpin|one_class|Magdalen Shallows,Thoridae,0,0,29,15,0,NA,NA,NA,Arctic hookear sculpin,one_class,Magdalen Shallows
Arctic hookear sculpin|one_class|Magdalen Shallows,Vertebrata,0,0,29,15,0,NA,NA,NA,Arctic hookear sculpin,one_class,Magdalen Shallows
Arctic hookear sculpin|one_class|Magdalen Shallows,egg_larvae,0.038368089824089506,0.1070166922602815,29,15,0.068648602436192,0.24536426881821466,0.1523046092184369,2018-2019,Arctic hookear sculpin,one_class,Magdalen Shallows
Arctic hookear sculpin|one_class|Magdalen Shallows,other_phyla,0,0,29,15,0,NA,NA,NA,Arctic hookear sculpin,one_class,Magdalen Shallows
Arctic hookear sculpin|one_class|Magdalen Shallows,plantae_chromista,1.3430232958405996e-4,0,29,15,-1.3430232958405996e-4,0.06896551724137931,0.531062124248497,2004-2006,Arctic hookear sculpin,one_class,Magdalen Shallows
Arctic staghorn sculpin|adult|Magdalen Shallows,Amphilochida,0,1.4015321604005933e-4,79,33,1.4015321604005933e-4,NA,NA,NA,Arctic staghorn sculpin,adult,Magdalen Shallows
Arctic staghorn sculpin|adult|Magdalen Shallows,Amphipoda,0.24265153770645403,0.3494151230897255,79,33,0.10676358538327146,0.3397901241941935,0.5410821643286573,2018-2019,Arctic staghorn sculpin,adult,Magdalen Shallows
Arctic staghorn sculpin|adult|Magdalen Shallows,Annelida,0,0.0011443390207257086,79,33,0.0011443390207257086,NA,NA,NA,Arctic staghorn sculpin,adult,Magdalen Shallows
Arctic staghorn sculpin|adult|Magdalen Shallows,Argis dentata,0.1292587683684773,0.030303030303030304,79,33,-0.098955738065447,0.12305102762659935,0.14829659318637275,2004-2006,Arctic staghorn sculpin,adult,Magdalen Shallows
Arctic staghorn sculpin|adult|Magdalen Shallows,Arthropoda,0.07821211602496521,1.615204457964304e-4,79,33,-0.07805059557916878,0.3158035117764011,0.006012024048096192,2004-2006,Arctic staghorn sculpin,adult,Magdalen Shallows
Arctic staghorn sculpin|adult|Magdalen Shallows,Bivalvia,0.029206562574826393,0.03047352410692654,79,33,0.0012669615321001457,0.05575276609987132,0.8256513026052105,2004-2006,Arctic staghorn sculpin,adult,Magdalen Shallows
Arctic staghorn sculpin|adult|Magdalen Shallows,Brachyura,0,0.003804545469917462,79,33,0.003804545469917462,0.09090909090909091,0.018036072144288578,2018-2019,Arctic staghorn sculpin,adult,Magdalen Shallows
Arctic staghorn sculpin|adult|Magdalen Shallows,Caridea,0,0,79,33,0,NA,NA,NA,Arctic staghorn sculpin,adult,Magdalen Shallows
Arctic staghorn sculpin|adult|Magdalen Shallows,Chordata,0,0,79,33,0,NA,NA,NA,Arctic staghorn sculpin,adult,Magdalen Shallows
Arctic staghorn sculpin|adult|Magdalen Shallows,Copepoda,0.013093927714247448,0.012182755558410857,79,33,-9.111721558365902e-4,0.032786326957065355,0.9579158316633266,2004-2006,Arctic staghorn sculpin,adult,Magdalen Shallows
Arctic staghorn sculpin|adult|Magdalen Shallows,Crangon septemspinosa,0.018509252530451444,0,79,33,-0.018509252530451444,0.02531645569620253,0.5831663326653307,2004-2006,Arctic staghorn sculpin,adult,Magdalen Shallows
Arctic staghorn sculpin|adult|Magdalen Shallows,Crangonidae,0.033072392783160744,0.030303030303030304,79,33,-0.00276936248013044,0.026422727482973838,1,2004-2006,Arctic staghorn sculpin,adult,Magdalen Shallows
Arctic staghorn sculpin|adult|Magdalen Shallows,Cumacea,0,0,79,33,0,NA,NA,NA,Arctic staghorn sculpin,adult,Magdalen Shallows
Arctic staghorn sculpin|adult|Magdalen Shallows,Decapoda,0.0922101452967313,0.06621360293880339,79,33,-0.025996542357927907,0.11788303630712756,0.5210420841683366,2004-2006,Arctic staghorn sculpin,adult,Magdalen Shallows
Arctic staghorn sculpin|adult|Magdalen Shallows,Diastylis,0.0049175502009970225,0,79,33,-0.0049175502009970225,0.02531645569620253,0.8136272545090181,2004-2006,Arctic staghorn sculpin,adult,Magdalen Shallows
Arctic staghorn sculpin|adult|Magdalen Shallows,Echinodermata,0,0,79,33,0,NA,NA,NA,Arctic staghorn sculpin,adult,Magdalen Shallows
Arctic staghorn sculpin|adult|Magdalen Shallows,Echinozoa,0,0.006184492556977956,79,33,0.006184492556977956,NA,NA,NA,Arctic staghorn sculpin,adult,Magdalen Shallows
Arctic staghorn sculpin|adult|Magdalen Shallows,Eualus,0,0,79,33,0,NA,NA,NA,Arctic staghorn sculpin,adult,Magdalen Shallows
Arctic staghorn sculpin|adult|Magdalen Shallows,Eualus macilentus,0.006946072797303064,0,79,33,-0.006946072797303064,NA,NA,NA,Arctic staghorn sculpin,adult,Magdalen Shallows
Arctic staghorn sculpin|adult|Magdalen Shallows,Eumalacostraca,0.0016878943794291273,0,79,33,-0.0016878943794291273,0.0379746835443038,0.5070140280561122,2004-2006,Arctic staghorn sculpin,adult,Magdalen Shallows
Arctic staghorn sculpin|adult|Magdalen Shallows,Euphausiacea,0.029743251240476203,0.03828330222940525,79,33,0.008540050988929047,0.06821454319724521,0.34468937875751504,2018-2019,Arctic staghorn sculpin,adult,Magdalen Shallows
Arctic staghorn sculpin|adult|Magdalen Shallows,Hyperiidae,0.011872151847003198,0.030303030303030304,79,33,0.018430878456027106,0.021772843618783125,0.8997995991983968,2018-2019,Arctic staghorn sculpin,adult,Magdalen Shallows
Arctic staghorn sculpin|adult|Magdalen Shallows,Malacostraca,0,0,79,33,0,NA,NA,NA,Arctic staghorn sculpin,adult,Magdalen Shallows
Arctic staghorn sculpin|adult|Magdalen Shallows,Mollusca,0.03015917690640668,0.0015147443630006037,79,33,-0.028644432543406078,0.07231723468882013,0.44889779559118237,2004-2006,Arctic staghorn sculpin,adult,Magdalen Shallows
Arctic staghorn sculpin|adult|Magdalen Shallows,Mysida,0.046841667026608455,0,79,33,-0.046841667026608455,0.26582278481012656,0.01002004008016032,2004-2006,Arctic staghorn sculpin,adult,Magdalen Shallows
Arctic staghorn sculpin|adult|Magdalen Shallows,Nematoda,4.8522195871974196e-6,0,79,33,-4.8522195871974196e-6,NA,NA,NA,Arctic staghorn sculpin,adult,Magdalen Shallows
Arctic staghorn sculpin|adult|Magdalen Shallows,Oregoniidae,0.002657516602354758,0.06773639364397172,79,33,0.06507887704161695,0.17495416708876863,0.004008016032064128,2018-2019,Arctic staghorn sculpin,adult,Magdalen Shallows
Arctic staghorn sculpin|adult|Magdalen Shallows,Pandalidae,0,0,79,33,0,NA,NA,NA,Arctic staghorn sculpin,adult,Magdalen Shallows
Arctic staghorn sculpin|adult|Magdalen Shallows,Pandalus,0.006336873360818982,0,79,33,-0.006336873360818982,NA,NA,NA,Arctic staghorn sculpin,adult,Magdalen Shallows
Arctic staghorn sculpin|adult|Magdalen Shallows,Pandalus montagui,0.047632273683415695,0,79,33,-0.047632273683415695,0.0759493670886076,0.20040080160320642,2004-2006,Arctic staghorn sculpin,adult,Magdalen Shallows
Arctic staghorn sculpin|adult|Magdalen Shallows,Perciformes,0.013992659482091744,0,79,33,-0.013992659482091744,0.0379746835443038,0.46693386773547096,2004-2006,Arctic staghorn sculpin,adult,Magdalen Shallows
Arctic staghorn sculpin|adult|Magdalen Shallows,Polychaeta,0.15097502862002543,0.23532282756948897,79,33,0.08434779894946354,0.27689752844504245,0.374749498997996,2018-2019,Arctic staghorn sculpin,adult,Magdalen Shallows
Arctic staghorn sculpin|adult|Magdalen Shallows,Teleostei,0.006127038391623752,0.05471181649281473,79,33,0.04858477810119098,0.10900493352577342,0.03807615230460922,2018-2019,Arctic staghorn sculpin,adult,Magdalen Shallows
Arctic staghorn sculpin|adult|Magdalen Shallows,Thoridae,0,0.02810902779207058,79,33,0.02810902779207058,NA,NA,NA,Arctic staghorn sculpin,adult,Magdalen Shallows
Arctic staghorn sculpin|adult|Magdalen Shallows,Vertebrata,0,0,79,33,0,NA,NA,NA,Arctic staghorn sculpin,adult,Magdalen Shallows
Arctic staghorn sculpin|adult|Magdalen Shallows,egg_larvae,0.0026569133100840534,0.011260533665093192,79,33,0.00860362035500914,0.07355407069059795,0.05410821643286573,2018-2019,Arctic staghorn sculpin,adult,Magdalen Shallows
Arctic staghorn sculpin|adult|Magdalen Shallows,other_phyla,4.41141068090754e-6,0,79,33,-4.41141068090754e-6,NA,NA,NA,Arctic staghorn sculpin,adult,Magdalen Shallows
Arctic staghorn sculpin|adult|Magdalen Shallows,plantae_chromista,0.0012299655217798153,0.002432206931740095,79,33,0.0012022414099602796,0.040251103022153054,0.5731462925851704,2018-2019,Arctic staghorn sculpin,adult,Magdalen Shallows
Atlantic cod|adult|Central,Amphilochida,0,0,12,8,0,NA,NA,NA,Atlantic cod,adult,Central
Atlantic cod|adult|Central,Amphipoda,0.015203246622288133,0.1421356041585726,12,8,0.12693235753628446,0.45168629188901666,0.6372745490981964,2018-2019,Atlantic cod,adult,Central
Atlantic cod|adult|Central,Annelida,0,0,12,8,0,NA,NA,NA,Atlantic cod,adult,Central
Atlantic cod|adult|Central,Argis dentata,0.07818921272751427,0,12,8,-0.07818921272751427,0.16666666666666666,0.4729458917835671,2004-2006,Atlantic cod,adult,Central
Atlantic cod|adult|Central,Arthropoda,0.12050086270581851,5.078512941960844e-4,12,8,-0.11999301141162243,0.5808851907286527,0.05811623246492986,2004-2006,Atlantic cod,adult,Central
Atlantic cod|adult|Central,Bivalvia,0.06699894736968047,0,12,8,-0.06699894736968047,0.4166666666666667,0.09018036072144289,2004-2006,Atlantic cod,adult,Central
Atlantic cod|adult|Central,Brachyura,0,0.004578508910637711,12,8,0.004578508910637711,0.25,0.1523046092184369,2018-2019,Atlantic cod,adult,Central
Atlantic cod|adult|Central,Caridea,0.12346609041385248,0,12,8,-0.12346609041385248,0.4166666666666667,0.10420841683366733,2004-2006,Atlantic cod,adult,Central
Atlantic cod|adult|Central,Chordata,0,0,12,8,0,NA,NA,NA,Atlantic cod,adult,Central
Atlantic cod|adult|Central,Copepoda,1.0498130493035548e-4,0,12,8,-1.0498130493035548e-4,0.25,0.2625250501002004,2004-2006,Atlantic cod,adult,Central
Atlantic cod|adult|Central,Crangon septemspinosa,0,0,12,8,0,NA,NA,NA,Atlantic cod,adult,Central
Atlantic cod|adult|Central,Crangonidae,9.177482252595076e-5,0,12,8,-9.177482252595076e-5,NA,NA,NA,Atlantic cod,adult,Central
Atlantic cod|adult|Central,Cumacea,0,6.1022966825696216e-5,12,8,6.1022966825696216e-5,NA,NA,NA,Atlantic cod,adult,Central
Atlantic cod|adult|Central,Decapoda,0.0032562860897482077,0.002487018831019581,12,8,-7.692672587286268e-4,0.18899026110520895,0.779559118236473,2004-2006,Atlantic cod,adult,Central
Atlantic cod|adult|Central,Diastylis,6.08147769204516e-7,5.275913243563385e-5,12,8,5.215098466642933e-5,0.12357556032724949,0.7735470941883767,2018-2019,Atlantic cod,adult,Central
Atlantic cod|adult|Central,Echinodermata,0.0011381857430298615,5.24519234108161e-4,12,8,-6.136665089217005e-4,0.057044883622358725,1,2004-2006,Atlantic cod,adult,Central
Atlantic cod|adult|Central,Echinozoa,0.002053087142166282,0,12,8,-0.002053087142166282,0.16666666666666666,0.503006012024048,2004-2006,Atlantic cod,adult,Central
Atlantic cod|adult|Central,Eualus,0.020728408878940497,0,12,8,-0.020728408878940497,NA,NA,NA,Atlantic cod,adult,Central
Atlantic cod|adult|Central,Eualus macilentus,0,0,12,8,0,NA,NA,NA,Atlantic cod,adult,Central
Atlantic cod|adult|Central,Eumalacostraca,0,3.300787751026295e-4,12,8,3.300787751026295e-4,NA,NA,NA,Atlantic cod,adult,Central
Atlantic cod|adult|Central,Euphausiacea,0.024744178152340302,5.207836943646438e-4,12,8,-0.02422339445797566,0.5713091517722203,0.028056112224448898,2004-2006,Atlantic cod,adult,Central
Atlantic cod|adult|Central,Hyperiidae,0.08920750274672444,0.00440415634066405,12,8,-0.0848033464060604,0.397063711651947,0.23647294589178355,2004-2006,Atlantic cod,adult,Central
Atlantic cod|adult|Central,Malacostraca,0,0.010228136287919003,12,8,0.010228136287919003,0.25,0.13827655310621242,2018-2019,Atlantic cod,adult,Central
Atlantic cod|adult|Central,Mollusca,0.10632823008825788,7.983248720388362e-4,12,8,-0.10552990521621905,0.3308492779954366,0.23046092184368738,2004-2006,Atlantic cod,adult,Central
Atlantic cod|adult|Central,Mysida,5.819096141330512e-4,0,12,8,-5.819096141330512e-4,0.3333333333333333,0.19438877755511022,2004-2006,Atlantic cod,adult,Central
Atlantic cod|adult|Central,Nematoda,7.673677710891504e-5,2.736356596649916e-4,12,8,1.968988825560766e-4,0.29286942009250483,0.4088176352705411,2018-2019,Atlantic cod,adult,Central
Atlantic cod|adult|Central,Oregoniidae,0.07571064190463887,0.1590551149279565,12,8,0.08334447302331761,0.3387527999694054,0.3527054108216433,2018-2019,Atlantic cod,adult,Central
Atlantic cod|adult|Central,Pandalidae,0,0,12,8,0,NA,NA,NA,Atlantic cod,adult,Central
Atlantic cod|adult|Central,Pandalus,0.06003559286917592,0,12,8,-0.06003559286917592,0.16666666666666666,0.5130260521042084,2004-2006,Atlantic cod,adult,Central
Atlantic cod|adult|Central,Pandalus montagui,0.08333333333333333,0.0020855024161696638,12,8,-0.08124783091716367,0.08129874849628643,1,2004-2006,Atlantic cod,adult,Central
Atlantic cod|adult|Central,Perciformes,0.008733094360301294,0.23468771920077228,12,8,0.225954624840471,0.24103086725356151,0.3527054108216433,2018-2019,Atlantic cod,adult,Central
Atlantic cod|adult|Central,Polychaeta,0.007137528139026423,0.008318468756729216,12,8,0.0011809406177027935,0.15393222853166363,1,2004-2006,Atlantic cod,adult,Central
Atlantic cod|adult|Central,Teleostei,0.10893948254178942,0.37768123194701403,12,8,0.2687417494052246,0.5820979574571276,0.1342685370741483,2018-2019,Atlantic cod,adult,Central
Atlantic cod|adult|Central,Thoridae,0.0021684387241186344,0,12,8,-0.0021684387241186344,NA,NA,NA,Atlantic cod,adult,Central
Atlantic cod|adult|Central,Vertebrata,0,0.050856843579351656,12,8,0.050856843579351656,NA,NA,NA,Atlantic cod,adult,Central
Atlantic cod|adult|Central,egg_larvae,0.001083368581644879,3.435685752122117e-4,12,8,-7.398000064326674e-4,0.1265377591483028,0.7735470941883767,2004-2006,Atlantic cod,adult,Central
Atlantic cod|adult|Central,other_phyla,0,6.411533239643361e-5,12,8,6.411533239643361e-5,0.25,0.1402805611222445,2018-2019,Atlantic cod,adult,Central
Atlantic cod|adult|Central,plantae_chromista,1.8827019914244116e-4,5.0351068484398106e-6,12,8,-1.8323509229400134e-4,0.1623254279694756,0.593186372745491,2004-2006,Atlantic cod,adult,Central
Atlantic cod|adult|Magdalen Shallows,Amphilochida,1.8087098801503258e-4,0,163,37,-1.8087098801503258e-4,0.15337423312883436,0.05410821643286573,2004-2006,Atlantic cod,adult,Magdalen Shallows
Atlantic cod|adult|Magdalen Shallows,Amphipoda,0.026258966482010468,0.09640429096697023,163,37,0.07014532448495976,0.5310313437928623,0.17635270541082165,2018-2019,Atlantic cod,adult,Magdalen Shallows
Atlantic cod|adult|Magdalen Shallows,Annelida,4.282092751669435e-5,6.523291584267194e-5,163,37,2.241198832597759e-5,0.01631641896964371,1,2018-2019,Atlantic cod,adult,Magdalen Shallows
Atlantic cod|adult|Magdalen Shallows,Argis dentata,0.12515281533243222,0.029812303793002926,163,37,-0.0953405115394293,0.4261058689366231,0.004008016032064128,2004-2006,Atlantic cod,adult,Magdalen Shallows
Atlantic cod|adult|Magdalen Shallows,Arthropoda,0.027281669714019564,0.02985258460596326,163,37,0.0025709148919436965,0.3105221926078298,0.7615230460921844,2004-2006,Atlantic cod,adult,Magdalen Shallows
Atlantic cod|adult|Magdalen Shallows,Bivalvia,0.039437337314039096,0.002045573005050476,163,37,-0.03739176430898862,0.3674441288727301,0.006012024048096192,2004-2006,Atlantic cod,adult,Magdalen Shallows
Atlantic cod|adult|Magdalen Shallows,Brachyura,0.0025878701277425127,0.01697232959647979,163,37,0.014384459468737277,0.11725637191414413,0.004008016032064128,2018-2019,Atlantic cod,adult,Magdalen Shallows
Atlantic cod|adult|Magdalen Shallows,Caridea,3.09607495249706e-4,0,163,37,-3.09607495249706e-4,0.024539877300613498,0.5751503006012024,2004-2006,Atlantic cod,adult,Magdalen Shallows
Atlantic cod|adult|Magdalen Shallows,Chordata,5.089921926193196e-5,0,163,37,-5.089921926193196e-5,0.024539877300613498,0.593186372745491,2004-2006,Atlantic cod,adult,Magdalen Shallows
Atlantic cod|adult|Magdalen Shallows,Copepoda,7.453311225247205e-5,0,163,37,-7.453311225247205e-5,0.03680981595092025,0.43286573146292584,2004-2006,Atlantic cod,adult,Magdalen Shallows
Atlantic cod|adult|Magdalen Shallows,Crangon septemspinosa,8.4377054565555e-4,3.8096144638149055e-4,163,37,-4.6280909927405947e-4,0.0211332211811291,0.9418837675350702,2004-2006,Atlantic cod,adult,Magdalen Shallows
Atlantic cod|adult|Magdalen Shallows,Crangonidae,0.014496102254645597,0.0018303848696732312,163,37,-0.012665717384972365,0.23422828839677037,0.01603206412825651,2004-2006,Atlantic cod,adult,Magdalen Shallows
Atlantic cod|adult|Magdalen Shallows,Cumacea,1.5142911360528776e-5,0.00812906658081384,163,37,0.008113923669453313,0.10790709762329574,0.006012024048096192,2018-2019,Atlantic cod,adult,Magdalen Shallows
Atlantic cod|adult|Magdalen Shallows,Decapoda,0.07275824929368079,0.05965722006633854,163,37,-0.013101029227342242,0.38766246435167107,0.49298597194388777,2004-2006,Atlantic cod,adult,Magdalen Shallows
Atlantic cod|adult|Magdalen Shallows,Diastylis,7.086133856479412e-4,0,163,37,-7.086133856479412e-4,0.2331288343558282,0.02004008016032064,2004-2006,Atlantic cod,adult,Magdalen Shallows
Atlantic cod|adult|Magdalen Shallows,Echinodermata,0.010855215472019482,0.0060946674572246754,163,37,-0.004760548014794807,0.10215449685617553,0.6092184368737475,2004-2006,Atlantic cod,adult,Magdalen Shallows
Atlantic cod|adult|Magdalen Shallows,Echinozoa,0.007370142453192554,0,163,37,-0.007370142453192554,0.07975460122699386,0.13026052104208416,2004-2006,Atlantic cod,adult,Magdalen Shallows
Atlantic cod|adult|Magdalen Shallows,Eualus,0.009783310242324638,3.2126149235628865e-4,163,37,-0.009462048749968349,0.25541639189438414,0.01603206412825651,2004-2006,Atlantic cod,adult,Magdalen Shallows
Atlantic cod|adult|Magdalen Shallows,Eualus macilentus,0.027092424627963546,0,163,37,-0.027092424627963546,0.4539877300613497,0.002004008016032064,2004-2006,Atlantic cod,adult,Magdalen Shallows
Atlantic cod|adult|Magdalen Shallows,Eumalacostraca,8.504441959602708e-6,0.0018956548021733597,163,37,0.001887150360213757,0.026906317699065003,0.5190380761523046,2018-2019,Atlantic cod,adult,Magdalen Shallows
Atlantic cod|adult|Magdalen Shallows,Euphausiacea,0.027598753637238644,0.028089963586956323,163,37,4.912099497176789e-4,0.14290009223731903,0.8396793587174348,2004-2006,Atlantic cod,adult,Magdalen Shallows
Atlantic cod|adult|Magdalen Shallows,Hyperiidae,0.010088899707728692,0.05537814481831135,163,37,0.04528924511058266,0.16003389786154978,0.4188376753507014,2018-2019,Atlantic cod,adult,Magdalen Shallows
Atlantic cod|adult|Magdalen Shallows,Malacostraca,2.0780530237998122e-5,0.003212103016885658,163,37,0.0031913224866476596,0.05370660203842051,0.03206412825651302,2018-2019,Atlantic cod,adult,Magdalen Shallows
Atlantic cod|adult|Magdalen Shallows,Mollusca,0.028967131067443544,2.6527639574340835e-6,163,37,-0.02896447830348611,0.3189891923832558,0.004008016032064128,2004-2006,Atlantic cod,adult,Magdalen Shallows
Atlantic cod|adult|Magdalen Shallows,Mysida,0.05668293095292057,0.007780473579387137,163,37,-0.04890245737353343,0.5718173402252912,0.002004008016032064,2004-2006,Atlantic cod,adult,Magdalen Shallows
Atlantic cod|adult|Magdalen Shallows,Nematoda,3.417652570867895e-4,0.0014189180508389204,163,37,0.001077152793752131,0.17424660681012424,0.6092184368737475,2018-2019,Atlantic cod,adult,Magdalen Shallows
Atlantic cod|adult|Magdalen Shallows,Oregoniidae,0.07588823802417802,0.1350388803707733,163,37,0.059150642346595284,0.32875948075241246,0.32064128256513025,2018-2019,Atlantic cod,adult,Magdalen Shallows
Atlantic cod|adult|Magdalen Shallows,Pandalidae,9.025667783885911e-5,0.001133681542025438,163,37,0.001043424864186579,0.025033977352027108,0.1683366733466934,2018-2019,Atlantic cod,adult,Magdalen Shallows
Atlantic cod|adult|Magdalen Shallows,Pandalus,0.004426712175598072,0.0702529440216795,163,37,0.06582623184608143,0.17797480859452008,0.2985971943887776,2018-2019,Atlantic cod,adult,Magdalen Shallows
Atlantic cod|adult|Magdalen Shallows,Pandalus montagui,0.05438074487331453,0.02836249950046401,163,37,-0.026018245372850517,0.2903069936708956,0.14228456913827656,2004-2006,Atlantic cod,adult,Magdalen Shallows
Atlantic cod|adult|Magdalen Shallows,Perciformes,0.08554484401422169,0.029016595703762506,163,37,-0.05652824831045918,0.3298376806156035,0.03006012024048096,2004-2006,Atlantic cod,adult,Magdalen Shallows
Atlantic cod|adult|Magdalen Shallows,Polychaeta,0.046215004512187276,0.07593973553548346,163,37,0.02972473102329618,0.30243325073552707,1,2018-2019,Atlantic cod,adult,Magdalen Shallows
Atlantic cod|adult|Magdalen Shallows,Teleostei,0.21841603795644599,0.2482923066631621,163,37,0.029876268706716114,0.356018888124839,0.9979959919839679,2004-2006,Atlantic cod,adult,Magdalen Shallows
Atlantic cod|adult|Magdalen Shallows,Thoridae,0.013230327901253029,0.02664430295464549,163,37,0.01341397505339246,0.10835706020811607,1,2018-2019,Atlantic cod,adult,Magdalen Shallows
Atlantic cod|adult|Magdalen Shallows,Vertebrata,0,0,163,37,0,NA,NA,NA,Atlantic cod,adult,Magdalen Shallows
Atlantic cod|adult|Magdalen Shallows,egg_larvae,0.010865520679134742,4.303667754047145e-4,163,37,-0.010435153903730027,0.11802461087999407,0.5130260521042084,2004-2006,Atlantic cod,adult,Magdalen Shallows
Atlantic cod|adult|Magdalen Shallows,other_phyla,0.0015974537580924946,0.004927132150530182,163,37,0.0033296783924376874,0.04081967366607147,0.9899799599198397,2018-2019,Atlantic cod,adult,Magdalen Shallows
Atlantic cod|adult|Magdalen Shallows,plantae_chromista,3.3573193408905163e-4,0.030617767367461746,163,37,0.030282035433372694,0.1336694145766834,0.7474949899799599,2018-2019,Atlantic cod,adult,Magdalen Shallows
Atlantic cod|juvenile|Central,Amphilochida,0,8.588545859954442e-4,5,7,8.588545859954442e-4,0.2857142857142857,0.49498997995991983,2018-2019,Atlantic cod,juvenile,Central
Atlantic cod|juvenile|Central,Amphipoda,0.16474167619460256,0.09598406808270243,5,7,-0.06875760811190013,0.37911486643080056,0.9679358717434869,2004-2006,Atlantic cod,juvenile,Central
Atlantic cod|juvenile|Central,Annelida,0,0.0018439286660861004,5,7,0.0018439286660861004,NA,NA,NA,Atlantic cod,juvenile,Central
Atlantic cod|juvenile|Central,Argis dentata,0,0,5,7,0,NA,NA,NA,Atlantic cod,juvenile,Central
Atlantic cod|juvenile|Central,Arthropoda,0.2620381817074008,0.04989953955431818,5,7,-0.2121386421530826,0.5040201883520488,0.3587174348697395,2004-2006,Atlantic cod,juvenile,Central
Atlantic cod|juvenile|Central,Bivalvia,4.672549491820238e-4,0,5,7,-4.672549491820238e-4,NA,NA,NA,Atlantic cod,juvenile,Central
Atlantic cod|juvenile|Central,Brachyura,0,0.028981884425671955,5,7,0.028981884425671955,0.5714285714285714,0.1342685370741483,2018-2019,Atlantic cod,juvenile,Central
Atlantic cod|juvenile|Central,Caridea,0,0,5,7,0,NA,NA,NA,Atlantic cod,juvenile,Central
Atlantic cod|juvenile|Central,Chordata,0,0,5,7,0,NA,NA,NA,Atlantic cod,juvenile,Central
Atlantic cod|juvenile|Central,Copepoda,0,0.011066291003292487,5,7,0.011066291003292487,0.2857142857142857,0.48096192384769537,2018-2019,Atlantic cod,juvenile,Central
Atlantic cod|juvenile|Central,Crangon septemspinosa,0,0,5,7,0,NA,NA,NA,Atlantic cod,juvenile,Central
Atlantic cod|juvenile|Central,Crangonidae,0,0,5,7,0,NA,NA,NA,Atlantic cod,juvenile,Central
Atlantic cod|juvenile|Central,Cumacea,0,0.005812480952982581,5,7,0.005812480952982581,0.42857142857142855,0.23046092184368738,2018-2019,Atlantic cod,juvenile,Central
Atlantic cod|juvenile|Central,Decapoda,0.01389982849028554,0.16099060481305968,5,7,0.14709077632277415,0.526012941841049,0.4308617234468938,2018-2019,Atlantic cod,juvenile,Central
Atlantic cod|juvenile|Central,Diastylis,0,0,5,7,0,NA,NA,NA,Atlantic cod,juvenile,Central
Atlantic cod|juvenile|Central,Echinodermata,0,0,5,7,0,NA,NA,NA,Atlantic cod,juvenile,Central
Atlantic cod|juvenile|Central,Echinozoa,0,1.021237089474295e-4,5,7,1.021237089474295e-4,NA,NA,NA,Atlantic cod,juvenile,Central
Atlantic cod|juvenile|Central,Eualus,0.0015844532681734882,0,5,7,-0.0015844532681734882,NA,NA,NA,Atlantic cod,juvenile,Central
Atlantic cod|juvenile|Central,Eualus macilentus,0,0,5,7,0,NA,NA,NA,Atlantic cod,juvenile,Central
Atlantic cod|juvenile|Central,Eumalacostraca,0,0,5,7,0,NA,NA,NA,Atlantic cod,juvenile,Central
Atlantic cod|juvenile|Central,Euphausiacea,0.040625615818395466,0.020783671752141276,5,7,-0.01984194406625419,0.39693294704060716,0.3967935871743487,2004-2006,Atlantic cod,juvenile,Central
Atlantic cod|juvenile|Central,Hyperiidae,0.2395421780588718,0.03434416969117116,5,7,-0.20519800836770064,0.6996834417682924,0.09418837675350701,2004-2006,Atlantic cod,juvenile,Central
Atlantic cod|juvenile|Central,Malacostraca,0,0.09255613191473251,5,7,0.09255613191473251,NA,NA,NA,Atlantic cod,juvenile,Central
Atlantic cod|juvenile|Central,Mollusca,0,0,5,7,0,NA,NA,NA,Atlantic cod,juvenile,Central
Atlantic cod|juvenile|Central,Mysida,0.028724995677531506,0.00492144354627517,5,7,-0.023803552131256338,0.5122383766043276,0.14829659318637275,2004-2006,Atlantic cod,juvenile,Central
Atlantic cod|juvenile|Central,Nematoda,0,0,5,7,0,NA,NA,NA,Atlantic cod,juvenile,Central
Atlantic cod|juvenile|Central,Oregoniidae,0,0.1474649610532195,5,7,0.1474649610532195,0.5714285714285714,0.10420841683366733,2018-2019,Atlantic cod,juvenile,Central
Atlantic cod|juvenile|Central,Pandalidae,0,0,5,7,0,NA,NA,NA,Atlantic cod,juvenile,Central
Atlantic cod|juvenile|Central,Pandalus,0,0.0034161384440198027,5,7,0.0034161384440198027,NA,NA,NA,Atlantic cod,juvenile,Central
Atlantic cod|juvenile|Central,Pandalus montagui,0.18946050411018564,0,5,7,-0.18946050411018564,NA,NA,NA,Atlantic cod,juvenile,Central
Atlantic cod|juvenile|Central,Perciformes,0,0,5,7,0,NA,NA,NA,Atlantic cod,juvenile,Central
Atlantic cod|juvenile|Central,Polychaeta,0.05850566355074586,0.040412316160883165,5,7,-0.018093347389862693,0.35487378768534106,0.7735470941883767,2004-2006,Atlantic cod,juvenile,Central
Atlantic cod|juvenile|Central,Teleostei,0,0.2751858395060441,5,7,0.2751858395060441,0.7142857142857143,0.050100200400801605,2018-2019,Atlantic cod,juvenile,Central
Atlantic cod|juvenile|Central,Thoridae,0,0.025217846024523864,5,7,0.025217846024523864,NA,NA,NA,Atlantic cod,juvenile,Central
Atlantic cod|juvenile|Central,Vertebrata,0,0,5,7,0,NA,NA,NA,Atlantic cod,juvenile,Central
Atlantic cod|juvenile|Central,egg_larvae,4.096481746253359e-4,1.5770611393326283e-4,5,7,-2.519420606920731e-4,0.14440647859244155,0.7434869739478958,2004-2006,Atlantic cod,juvenile,Central
Atlantic cod|juvenile|Central,other_phyla,0,0,5,7,0,NA,NA,NA,Atlantic cod,juvenile,Central
Atlantic cod|juvenile|Central,plantae_chromista,0,0,5,7,0,NA,NA,NA,Atlantic cod,juvenile,Central
Atlantic cod|juvenile|Chaleur Bay,Amphilochida,0,0,9,3,0,NA,NA,NA,Atlantic cod,juvenile,Chaleur Bay
Atlantic cod|juvenile|Chaleur Bay,Amphipoda,0.03622254232038369,0.002046559222307495,9,3,-0.03417598309807619,0.5258454944385464,0.45090180360721444,2004-2006,Atlantic cod,juvenile,Chaleur Bay
Atlantic cod|juvenile|Chaleur Bay,Annelida,0,0,9,3,0,NA,NA,NA,Atlantic cod,juvenile,Chaleur Bay
Atlantic cod|juvenile|Chaleur Bay,Argis dentata,0.11601922774500403,0,9,3,-0.11601922774500403,0.4444444444444444,0.37074148296593185,2004-2006,Atlantic cod,juvenile,Chaleur Bay
Atlantic cod|juvenile|Chaleur Bay,Arthropoda,0.05282605056168714,2.842443364315966e-4,9,3,-0.05254180622525555,0.773615139841766,0.1523046092184369,2004-2006,Atlantic cod,juvenile,Chaleur Bay
Atlantic cod|juvenile|Chaleur Bay,Bivalvia,0.007239704417469853,0,9,3,-0.007239704417469853,NA,NA,NA,Atlantic cod,juvenile,Chaleur Bay
Atlantic cod|juvenile|Chaleur Bay,Brachyura,0,0,9,3,0,NA,NA,NA,Atlantic cod,juvenile,Chaleur Bay
Atlantic cod|juvenile|Chaleur Bay,Caridea,0,0,9,3,0,NA,NA,NA,Atlantic cod,juvenile,Chaleur Bay
Atlantic cod|juvenile|Chaleur Bay,Chordata,0,0,9,3,0,NA,NA,NA,Atlantic cod,juvenile,Chaleur Bay
Atlantic cod|juvenile|Chaleur Bay,Copepoda,0,0.27151476659256907,9,3,0.27151476659256907,NA,NA,NA,Atlantic cod,juvenile,Chaleur Bay
Atlantic cod|juvenile|Chaleur Bay,Crangon septemspinosa,0,0,9,3,0,NA,NA,NA,Atlantic cod,juvenile,Chaleur Bay
Atlantic cod|juvenile|Chaleur Bay,Crangonidae,1.7176333630112593e-4,0,9,3,-1.7176333630112593e-4,NA,NA,NA,Atlantic cod,juvenile,Chaleur Bay
Atlantic cod|juvenile|Chaleur Bay,Cumacea,0,0,9,3,0,NA,NA,NA,Atlantic cod,juvenile,Chaleur Bay
Atlantic cod|juvenile|Chaleur Bay,Decapoda,0.1415537834645058,0.2723405115960757,9,3,0.13078672813156988,0.43866355064757673,0.6292585170340681,2018-2019,Atlantic cod,juvenile,Chaleur Bay
Atlantic cod|juvenile|Chaleur Bay,Diastylis,0,0,9,3,0,NA,NA,NA,Atlantic cod,juvenile,Chaleur Bay
Atlantic cod|juvenile|Chaleur Bay,Echinodermata,0,0,9,3,0,NA,NA,NA,Atlantic cod,juvenile,Chaleur Bay
Atlantic cod|juvenile|Chaleur Bay,Echinozoa,0,0,9,3,0,NA,NA,NA,Atlantic cod,juvenile,Chaleur Bay
Atlantic cod|juvenile|Chaleur Bay,Eualus,0.004259802348023404,0,9,3,-0.004259802348023404,0.2222222222222222,0.8136272545090181,2004-2006,Atlantic cod,juvenile,Chaleur Bay
Atlantic cod|juvenile|Chaleur Bay,Eualus macilentus,0.3226229504202984,0,9,3,-0.3226229504202984,0.6666666666666666,0.17635270541082165,2004-2006,Atlantic cod,juvenile,Chaleur Bay
Atlantic cod|juvenile|Chaleur Bay,Eumalacostraca,0,0,9,3,0,NA,NA,NA,Atlantic cod,juvenile,Chaleur Bay
Atlantic cod|juvenile|Chaleur Bay,Euphausiacea,0.0031670051252296683,0.15797241289461042,9,3,0.15480540776938076,0.6535641199645732,0.05410821643286573,2018-2019,Atlantic cod,juvenile,Chaleur Bay
Atlantic cod|juvenile|Chaleur Bay,Hyperiidae,0,0,9,3,0,NA,NA,NA,Atlantic cod,juvenile,Chaleur Bay
Atlantic cod|juvenile|Chaleur Bay,Malacostraca,0,0,9,3,0,NA,NA,NA,Atlantic cod,juvenile,Chaleur Bay
Atlantic cod|juvenile|Chaleur Bay,Mollusca,0.0031975227613133404,0,9,3,-0.0031975227613133404,NA,NA,NA,Atlantic cod,juvenile,Chaleur Bay
Atlantic cod|juvenile|Chaleur Bay,Mysida,0.17838549224443515,0,9,3,-0.17838549224443515,0.8888888888888888,0.036072144288577156,2004-2006,Atlantic cod,juvenile,Chaleur Bay
Atlantic cod|juvenile|Chaleur Bay,Nematoda,4.204021243338035e-5,0,9,3,-4.204021243338035e-5,0.2222222222222222,0.8416833667334669,2004-2006,Atlantic cod,juvenile,Chaleur Bay
Atlantic cod|juvenile|Chaleur Bay,Oregoniidae,0,0,9,3,0,NA,NA,NA,Atlantic cod,juvenile,Chaleur Bay
Atlantic cod|juvenile|Chaleur Bay,Pandalidae,0,0,9,3,0,NA,NA,NA,Atlantic cod,juvenile,Chaleur Bay
Atlantic cod|juvenile|Chaleur Bay,Pandalus,0.015238409428825301,0,9,3,-0.015238409428825301,0.2222222222222222,0.7955911823647295,2004-2006,Atlantic cod,juvenile,Chaleur Bay
Atlantic cod|juvenile|Chaleur Bay,Pandalus montagui,0.017854769578981414,0,9,3,-0.017854769578981414,NA,NA,NA,Atlantic cod,juvenile,Chaleur Bay
Atlantic cod|juvenile|Chaleur Bay,Perciformes,0.0408794624611278,0,9,3,-0.0408794624611278,0.4444444444444444,0.374749498997996,2004-2006,Atlantic cod,juvenile,Chaleur Bay
Atlantic cod|juvenile|Chaleur Bay,Polychaeta,0.011826329106706663,0.00832835905744578,9,3,-0.003497970049260883,0.1955926913941082,0.9599198396793587,2004-2006,Atlantic cod,juvenile,Chaleur Bay
Atlantic cod|juvenile|Chaleur Bay,Teleostei,0.037761212062707834,0.27818993206560355,9,3,0.24042872000289572,0.2934946718140146,0.8817635270541082,2018-2019,Atlantic cod,juvenile,Chaleur Bay
Atlantic cod|juvenile|Chaleur Bay,Thoridae,0.010380596032133366,0.009323214234956368,9,3,-0.0010573817971769976,0.15772269607718895,1,2018-2019,Atlantic cod,juvenile,Chaleur Bay
Atlantic cod|juvenile|Chaleur Bay,Vertebrata,0,0,9,3,0,NA,NA,NA,Atlantic cod,juvenile,Chaleur Bay
Atlantic cod|juvenile|Chaleur Bay,egg_larvae,0,0,9,3,0,NA,NA,NA,Atlantic cod,juvenile,Chaleur Bay
Atlantic cod|juvenile|Chaleur Bay,other_phyla,0,0,9,3,0,NA,NA,NA,Atlantic cod,juvenile,Chaleur Bay
Atlantic cod|juvenile|Chaleur Bay,plantae_chromista,3.5133637243259805e-4,0,9,3,-3.5133637243259805e-4,0.2222222222222222,0.7895791583166333,2004-2006,Atlantic cod,juvenile,Chaleur Bay
Atlantic cod|juvenile|Magdalen Shallows,Amphilochida,0.007914526194239482,4.971733809911091e-4,130,79,-0.007417352813248373,0.1013271554132391,0.3847695390781563,2004-2006,Atlantic cod,juvenile,Magdalen Shallows
Atlantic cod|juvenile|Magdalen Shallows,Amphipoda,0.10676776718397864,0.06731796882000238,130,79,-0.03944979836397626,0.46705584862693383,0.026052104208416832,2004-2006,Atlantic cod,juvenile,Magdalen Shallows
Atlantic cod|juvenile|Magdalen Shallows,Annelida,0,0,130,79,0,NA,NA,NA,Atlantic cod,juvenile,Magdalen Shallows
Atlantic cod|juvenile|Magdalen Shallows,Argis dentata,0.04734242067134704,0.001991117235052341,130,79,-0.0453513034362947,0.27312821743220084,0.002004008016032064,2004-2006,Atlantic cod,juvenile,Magdalen Shallows
Atlantic cod|juvenile|Magdalen Shallows,Arthropoda,0.10471562136796411,0.04211465509845627,130,79,-0.06260096626950784,0.4827643339248579,0.002004008016032064,2004-2006,Atlantic cod,juvenile,Magdalen Shallows
Atlantic cod|juvenile|Magdalen Shallows,Bivalvia,0.012093660352188501,0.0016032869647164153,130,79,-0.010490373387472086,0.12225401611413347,0.01603206412825651,2004-2006,Atlantic cod,juvenile,Magdalen Shallows
Atlantic cod|juvenile|Magdalen Shallows,Brachyura,0.004914746729921797,0.0025547511335220333,130,79,-0.0023599955963997635,0.030368100855623848,0.9018036072144289,2004-2006,Atlantic cod,juvenile,Magdalen Shallows
Atlantic cod|juvenile|Magdalen Shallows,Caridea,0,0,130,79,0,NA,NA,NA,Atlantic cod,juvenile,Magdalen Shallows
Atlantic cod|juvenile|Magdalen Shallows,Chordata,0.004428420282303899,0,130,79,-0.004428420282303899,0.015384615384615385,0.5230460921843687,2004-2006,Atlantic cod,juvenile,Magdalen Shallows
Atlantic cod|juvenile|Magdalen Shallows,Copepoda,0.02181954566349523,0.06549821114018672,130,79,0.0436786654766915,0.16141678714941118,0.036072144288577156,2018-2019,Atlantic cod,juvenile,Magdalen Shallows
Atlantic cod|juvenile|Magdalen Shallows,Crangon septemspinosa,0.0032386617731958835,0.027165304559951326,130,79,0.023926642786755443,0.06785916237014863,0.03406813627254509,2018-2019,Atlantic cod,juvenile,Magdalen Shallows
Atlantic cod|juvenile|Magdalen Shallows,Crangonidae,0.009286304432417904,0.005833331393988125,130,79,-0.003452973038429779,0.10866409563637743,0.12424849699398798,2004-2006,Atlantic cod,juvenile,Magdalen Shallows
Atlantic cod|juvenile|Magdalen Shallows,Cumacea,0,0.0019891569809191217,130,79,0.0019891569809191217,0.0759493670886076,0.01002004008016032,2018-2019,Atlantic cod,juvenile,Magdalen Shallows
Atlantic cod|juvenile|Magdalen Shallows,Decapoda,0.09700435912764836,0.16711080162601136,130,79,0.070106442498363,0.3844371396461626,0.07615230460921844,2018-2019,Atlantic cod,juvenile,Magdalen Shallows
Atlantic cod|juvenile|Magdalen Shallows,Diastylis,0.002416068457004029,0,130,79,-0.002416068457004029,0.2230769230769231,0.002004008016032064,2004-2006,Atlantic cod,juvenile,Magdalen Shallows
Atlantic cod|juvenile|Magdalen Shallows,Echinodermata,0.008480124307969286,0.0019646762076804274,130,79,-0.006515448100288859,0.03747226690342964,0.48296593186372744,2004-2006,Atlantic cod,juvenile,Magdalen Shallows
Atlantic cod|juvenile|Magdalen Shallows,Echinozoa,4.6178062162044784e-4,0.005350558896296084,130,79,0.004888778274675636,0.04661021154406257,0.08617234468937876,2018-2019,Atlantic cod,juvenile,Magdalen Shallows
Atlantic cod|juvenile|Magdalen Shallows,Eualus,0.012708287819203063,7.473427812223206e-4,130,79,-0.011960945037980742,0.18162667928886483,0.002004008016032064,2004-2006,Atlantic cod,juvenile,Magdalen Shallows
Atlantic cod|juvenile|Magdalen Shallows,Eualus macilentus,0.03836389213986824,0.012189873816745187,130,79,-0.02617401832312305,0.23349940961283838,0.004008016032064128,2004-2006,Atlantic cod,juvenile,Magdalen Shallows
Atlantic cod|juvenile|Magdalen Shallows,Eumalacostraca,8.161882016661659e-5,2.9099315281555646e-4,130,79,2.0937433264893988e-4,0.029656515874380337,0.6833667334669339,2018-2019,Atlantic cod,juvenile,Magdalen Shallows
Atlantic cod|juvenile|Magdalen Shallows,Euphausiacea,0.02989239321286392,0.03825329480459803,130,79,0.008360901591734107,0.09237335719452204,0.6993987975951904,2018-2019,Atlantic cod,juvenile,Magdalen Shallows
Atlantic cod|juvenile|Magdalen Shallows,Hyperiidae,0.016891278404528524,0.021354510683197832,130,79,0.004463232278669307,0.08481255633950376,0.9639278557114228,2018-2019,Atlantic cod,juvenile,Magdalen Shallows
Atlantic cod|juvenile|Magdalen Shallows,Malacostraca,0.0013177882595335087,0.033684981728141244,130,79,0.03236719346860774,0.08527168613994188,0.006012024048096192,2018-2019,Atlantic cod,juvenile,Magdalen Shallows
Atlantic cod|juvenile|Magdalen Shallows,Mollusca,4.475389944800276e-4,9.508919436394723e-4,130,79,5.033529491594447e-4,0.03442889184845464,0.5490981963927856,2018-2019,Atlantic cod,juvenile,Magdalen Shallows
Atlantic cod|juvenile|Magdalen Shallows,Mysida,0.13411387716197962,0.03729548096628582,130,79,-0.0968183961956938,0.5356558393200621,0.002004008016032064,2004-2006,Atlantic cod,juvenile,Magdalen Shallows
Atlantic cod|juvenile|Magdalen Shallows,Nematoda,1.2904492635056413e-4,1.4340650269315525e-4,130,79,1.4361576342591118e-5,0.05465120607573156,0.8817635270541082,2004-2006,Atlantic cod,juvenile,Magdalen Shallows
Atlantic cod|juvenile|Magdalen Shallows,Oregoniidae,0.014416457278689811,0.03018456770807193,130,79,0.01576811042938212,0.14563372268230562,0.13226452905811623,2018-2019,Atlantic cod,juvenile,Magdalen Shallows
Atlantic cod|juvenile|Magdalen Shallows,Pandalidae,0,0,130,79,0,NA,NA,NA,Atlantic cod,juvenile,Magdalen Shallows
Atlantic cod|juvenile|Magdalen Shallows,Pandalus,0.01705715718764451,0.03302232818810253,130,79,0.01596517100045802,0.06677451274005525,1,2018-2019,Atlantic cod,juvenile,Magdalen Shallows
Atlantic cod|juvenile|Magdalen Shallows,Pandalus montagui,0.061966114276151105,0.03542490237781946,130,79,-0.026541211898331647,0.1859840105139514,0.09819639278557114,2004-2006,Atlantic cod,juvenile,Magdalen Shallows
Atlantic cod|juvenile|Magdalen Shallows,Perciformes,0.04973202289934271,0.07979576763001582,130,79,0.03006374473067311,0.09357741721805493,0.7214428857715431,2018-2019,Atlantic cod,juvenile,Magdalen Shallows
Atlantic cod|juvenile|Magdalen Shallows,Polychaeta,0.08882417720306154,0.044126988199824774,130,79,-0.04469718900323677,0.431692972056964,0.004008016032064128,2004-2006,Atlantic cod,juvenile,Magdalen Shallows
Atlantic cod|juvenile|Magdalen Shallows,Teleostei,0.07279652315824027,0.18270611580903684,130,79,0.10990959265079657,0.32586153900409726,0.01603206412825651,2018-2019,Atlantic cod,juvenile,Magdalen Shallows
Atlantic cod|juvenile|Magdalen Shallows,Thoridae,0.026519390658684132,0.030351515430665284,130,79,0.003832124771981152,0.10402268008038745,0.751503006012024,2004-2006,Atlantic cod,juvenile,Magdalen Shallows
Atlantic cod|juvenile|Magdalen Shallows,Vertebrata,0,0,130,79,0,NA,NA,NA,Atlantic cod,juvenile,Magdalen Shallows
Atlantic cod|juvenile|Magdalen Shallows,egg_larvae,6.306826352423823e-4,0.020374920432951114,130,79,0.01974423779770873,0.1105035384849195,0.036072144288577156,2018-2019,Atlantic cod,juvenile,Magdalen Shallows
Atlantic cod|juvenile|Magdalen Shallows,other_phyla,3.2124059271396193e-4,0.006384186924161844,130,79,0.006062946331447883,0.0361554095577913,0.9298597194388778,2018-2019,Atlantic cod,juvenile,Magdalen Shallows
Atlantic cod|juvenile|Magdalen Shallows,plantae_chromista,0.0029065072059608495,0.001726937482238066,130,79,-0.0011795697237227834,0.06272886376227897,0.6913827655310621,2004-2006,Atlantic cod,juvenile,Magdalen Shallows
Atlantic cod|juvenile|Northumberland,Amphilochida,0,0.034066349454725794,5,11,0.034066349454725794,0.36363636363636365,0.2605210420841683,2018-2019,Atlantic cod,juvenile,Northumberland
Atlantic cod|juvenile|Northumberland,Amphipoda,0.035168673021593516,0.21030106368138188,5,11,0.17513239065978836,0.4673067753265942,0.4709418837675351,2018-2019,Atlantic cod,juvenile,Northumberland
Atlantic cod|juvenile|Northumberland,Annelida,0,0,5,11,0,NA,NA,NA,Atlantic cod,juvenile,Northumberland
Atlantic cod|juvenile|Northumberland,Argis dentata,0.08479878620047585,0,5,11,-0.08479878620047585,0.4,0.08216432865731463,2004-2006,Atlantic cod,juvenile,Northumberland
Atlantic cod|juvenile|Northumberland,Arthropoda,0.11076923076923076,0.11353506868672975,5,11,0.0027658379174989867,0.09876692603565451,1,2004-2006,Atlantic cod,juvenile,Northumberland
Atlantic cod|juvenile|Northumberland,Bivalvia,0.028600368693527223,0,5,11,-0.028600368693527223,0.4,0.08817635270541083,2004-2006,Atlantic cod,juvenile,Northumberland
Atlantic cod|juvenile|Northumberland,Brachyura,0,0,5,11,0,NA,NA,NA,Atlantic cod,juvenile,Northumberland
Atlantic cod|juvenile|Northumberland,Caridea,0,0,5,11,0,NA,NA,NA,Atlantic cod,juvenile,Northumberland
Atlantic cod|juvenile|Northumberland,Chordata,0,0,5,11,0,NA,NA,NA,Atlantic cod,juvenile,Northumberland
Atlantic cod|juvenile|Northumberland,Copepoda,0,0.00341385574365205,5,11,0.00341385574365205,0.18181818181818182,0.7915831663326653,2018-2019,Atlantic cod,juvenile,Northumberland
Atlantic cod|juvenile|Northumberland,Crangon septemspinosa,0.1638886479923684,0.0029609290286473824,5,11,-0.16092771896372102,0.19645078029982127,0.32064128256513025,2004-2006,Atlantic cod,juvenile,Northumberland
Atlantic cod|juvenile|Northumberland,Crangonidae,0.038453283265451436,0.015090218106032744,5,11,-0.023363065159418692,0.28726760320482597,0.1623246492985972,2004-2006,Atlantic cod,juvenile,Northumberland
Atlantic cod|juvenile|Northumberland,Cumacea,0,0,5,11,0,NA,NA,NA,Atlantic cod,juvenile,Northumberland
Atlantic cod|juvenile|Northumberland,Decapoda,0.10723178354483473,0.21052775688989647,5,11,0.10329597334506174,0.3011536170370591,0.6653306613226453,2018-2019,Atlantic cod,juvenile,Northumberland
Atlantic cod|juvenile|Northumberland,Diastylis,1.411671020324443e-4,0,5,11,-1.411671020324443e-4,NA,NA,NA,Atlantic cod,juvenile,Northumberland
Atlantic cod|juvenile|Northumberland,Echinodermata,0,0,5,11,0,NA,NA,NA,Atlantic cod,juvenile,Northumberland
Atlantic cod|juvenile|Northumberland,Echinozoa,0,0,5,11,0,NA,NA,NA,Atlantic cod,juvenile,Northumberland
Atlantic cod|juvenile|Northumberland,Eualus,0,0,5,11,0,NA,NA,NA,Atlantic cod,juvenile,Northumberland
Atlantic cod|juvenile|Northumberland,Eualus macilentus,0,0,5,11,0,NA,NA,NA,Atlantic cod,juvenile,Northumberland
Atlantic cod|juvenile|Northumberland,Eumalacostraca,0,0,5,11,0,NA,NA,NA,Atlantic cod,juvenile,Northumberland
Atlantic cod|juvenile|Northumberland,Euphausiacea,0,0.06459919390953874,5,11,0.06459919390953874,NA,NA,NA,Atlantic cod,juvenile,Northumberland
Atlantic cod|juvenile|Northumberland,Hyperiidae,0,0.024934145703886912,5,11,0.024934145703886912,NA,NA,NA,Atlantic cod,juvenile,Northumberland
Atlantic cod|juvenile|Northumberland,Malacostraca,0,0.026309896999552173,5,11,0.026309896999552173,NA,NA,NA,Atlantic cod,juvenile,Northumberland
Atlantic cod|juvenile|Northumberland,Mollusca,0,0,5,11,0,NA,NA,NA,Atlantic cod,juvenile,Northumberland
Atlantic cod|juvenile|Northumberland,Mysida,0.08307692307692308,0.07853937092181623,5,11,-0.004537552155106844,0.13253507986880142,1,2018-2019,Atlantic cod,juvenile,Northumberland
Atlantic cod|juvenile|Northumberland,Nematoda,0,0,5,11,0,NA,NA,NA,Atlantic cod,juvenile,Northumberland
Atlantic cod|juvenile|Northumberland,Oregoniidae,0,0.011922417713106441,5,11,0.011922417713106441,NA,NA,NA,Atlantic cod,juvenile,Northumberland
Atlantic cod|juvenile|Northumberland,Pandalidae,0,0,5,11,0,NA,NA,NA,Atlantic cod,juvenile,Northumberland
Atlantic cod|juvenile|Northumberland,Pandalus,0.013487405448593472,5.264262478575677e-4,5,11,-0.012960979200735905,0.38497409532923443,0.08617234468937876,2004-2006,Atlantic cod,juvenile,Northumberland
Atlantic cod|juvenile|Northumberland,Pandalus montagui,0.21459692206629954,0.0563006300630063,5,11,-0.15829629200329326,0.31686801210203236,0.15831663326653306,2004-2006,Atlantic cod,juvenile,Northumberland
Atlantic cod|juvenile|Northumberland,Perciformes,0,0.09815002540753852,5,11,0.09815002540753852,0.18181818181818182,0.5210420841683366,2018-2019,Atlantic cod,juvenile,Northumberland
Atlantic cod|juvenile|Northumberland,Polychaeta,0.03414119247937443,0.03112478456058112,5,11,-0.003016407918793311,0.2092434314342577,0.9398797595190381,2004-2006,Atlantic cod,juvenile,Northumberland
Atlantic cod|juvenile|Northumberland,Teleostei,0.015740672783971694,0.0014594760277351583,5,11,-0.014281196756236535,0.3660589906817131,0.09218436873747494,2004-2006,Atlantic cod,juvenile,Northumberland
Atlantic cod|juvenile|Northumberland,Thoridae,0.06990494355532342,0.015186830474396163,5,11,-0.054718113080927264,0.3286096422477128,0.3727454909819639,2004-2006,Atlantic cod,juvenile,Northumberland
Atlantic cod|juvenile|Northumberland,Vertebrata,0,0,5,11,0,NA,NA,NA,Atlantic cod,juvenile,Northumberland
Atlantic cod|juvenile|Northumberland,egg_larvae,0,0.001051560379918589,5,11,0.001051560379918589,NA,NA,NA,Atlantic cod,juvenile,Northumberland
Atlantic cod|juvenile|Northumberland,other_phyla,0,0,5,11,0,NA,NA,NA,Atlantic cod,juvenile,Northumberland
Atlantic cod|juvenile|Northumberland,plantae_chromista,0,0,5,11,0,NA,NA,NA,Atlantic cod,juvenile,Northumberland
Atlantic herring|adult|Magdalen Shallows,Amphilochida,0,0,50,16,0,NA,NA,NA,Atlantic herring,adult,Magdalen Shallows
Atlantic herring|adult|Magdalen Shallows,Amphipoda,0.006938453527443327,0.0628855979878597,50,16,0.05594714446041637,0.16886802422428185,0.11422845691382766,2018-2019,Atlantic herring,adult,Magdalen Shallows
Atlantic herring|adult|Magdalen Shallows,Annelida,0,1.6622340425531914e-4,50,16,1.6622340425531914e-4,NA,NA,NA,Atlantic herring,adult,Magdalen Shallows
Atlantic herring|adult|Magdalen Shallows,Argis dentata,0,0,50,16,0,NA,NA,NA,Atlantic herring,adult,Magdalen Shallows
Atlantic herring|adult|Magdalen Shallows,Arthropoda,0.2380806547889922,0,50,16,-0.2380806547889922,0.52,0.002004008016032064,2004-2006,Atlantic herring,adult,Magdalen Shallows
Atlantic herring|adult|Magdalen Shallows,Bivalvia,7.092198581560284e-5,0,50,16,-7.092198581560284e-5,NA,NA,NA,Atlantic herring,adult,Magdalen Shallows
Atlantic herring|adult|Magdalen Shallows,Brachyura,0,0,50,16,0,NA,NA,NA,Atlantic herring,adult,Magdalen Shallows
Atlantic herring|adult|Magdalen Shallows,Caridea,0,0,50,16,0,NA,NA,NA,Atlantic herring,adult,Magdalen Shallows
Atlantic herring|adult|Magdalen Shallows,Chordata,0.0018473895582329317,0,50,16,-0.0018473895582329317,NA,NA,NA,Atlantic herring,adult,Magdalen Shallows
Atlantic herring|adult|Magdalen Shallows,Copepoda,0.4149511191946008,0.14096908611726006,50,16,-0.27398203307734076,0.6120661103668524,0.01002004008016032,2004-2006,Atlantic herring,adult,Magdalen Shallows
Atlantic herring|adult|Magdalen Shallows,Crangon septemspinosa,0.0032667332667332665,0,50,16,-0.0032667332667332665,NA,NA,NA,Atlantic herring,adult,Magdalen Shallows
Atlantic herring|adult|Magdalen Shallows,Crangonidae,0,0,50,16,0,NA,NA,NA,Atlantic herring,adult,Magdalen Shallows
Atlantic herring|adult|Magdalen Shallows,Cumacea,0,0,50,16,0,NA,NA,NA,Atlantic herring,adult,Magdalen Shallows
Atlantic herring|adult|Magdalen Shallows,Decapoda,0.034328452671227985,0.04453747333458591,50,16,0.010209020663357923,0.10588573130580181,0.7474949899799599,2018-2019,Atlantic herring,adult,Magdalen Shallows
Atlantic herring|adult|Magdalen Shallows,Diastylis,1.2048192771084338e-4,0,50,16,-1.2048192771084338e-4,NA,NA,NA,Atlantic herring,adult,Magdalen Shallows
Atlantic herring|adult|Magdalen Shallows,Echinodermata,0.002137103684661526,0,50,16,-0.002137103684661526,0.04,0.8156312625250501,2004-2006,Atlantic herring,adult,Magdalen Shallows
Atlantic herring|adult|Magdalen Shallows,Echinozoa,0.020924424707750987,0,50,16,-0.020924424707750987,0.06,0.6693386773547094,2004-2006,Atlantic herring,adult,Magdalen Shallows
Atlantic herring|adult|Magdalen Shallows,Eualus,0,0,50,16,0,NA,NA,NA,Atlantic herring,adult,Magdalen Shallows
Atlantic herring|adult|Magdalen Shallows,Eualus macilentus,0.011832932454360401,0,50,16,-0.011832932454360401,0.04,0.7875751503006012,2004-2006,Atlantic herring,adult,Magdalen Shallows
Atlantic herring|adult|Magdalen Shallows,Eumalacostraca,0,0,50,16,0,NA,NA,NA,Atlantic herring,adult,Magdalen Shallows
Atlantic herring|adult|Magdalen Shallows,Euphausiacea,0.08579017695332888,0.044047792143514626,50,16,-0.04174238480981426,0.15857951731701483,0.5971943887775552,2004-2006,Atlantic herring,adult,Magdalen Shallows
Atlantic herring|adult|Magdalen Shallows,Hyperiidae,0.019446461621537316,0.004728404125654385,50,16,-0.014718057495882932,0.17696981656393246,0.5090180360721442,2004-2006,Atlantic herring,adult,Magdalen Shallows
Atlantic herring|adult|Magdalen Shallows,Malacostraca,0,0.20029856433815343,50,16,0.20029856433815343,0.3125,0.002004008016032064,2018-2019,Atlantic herring,adult,Magdalen Shallows
Atlantic herring|adult|Magdalen Shallows,Mollusca,4.580589750930433e-5,0,50,16,-4.580589750930433e-5,NA,NA,NA,Atlantic herring,adult,Magdalen Shallows
Atlantic herring|adult|Magdalen Shallows,Mysida,0.08926954206260243,0.2578937263287706,50,16,0.16862418426616818,0.23214376869757436,0.41282565130260523,2018-2019,Atlantic herring,adult,Magdalen Shallows
Atlantic herring|adult|Magdalen Shallows,Nematoda,0.006895427268921245,0.08757011133662305,50,16,0.08067468406770181,0.637316554085628,0.002004008016032064,2018-2019,Atlantic herring,adult,Magdalen Shallows
Atlantic herring|adult|Magdalen Shallows,Oregoniidae,0,0.04336458010536102,50,16,0.04336458010536102,NA,NA,NA,Atlantic herring,adult,Magdalen Shallows
Atlantic herring|adult|Magdalen Shallows,Pandalidae,0,0,50,16,0,NA,NA,NA,Atlantic herring,adult,Magdalen Shallows
Atlantic herring|adult|Magdalen Shallows,Pandalus,3.3017766766243724e-4,0,50,16,-3.3017766766243724e-4,0.04,1,2004-2006,Atlantic herring,adult,Magdalen Shallows
Atlantic herring|adult|Magdalen Shallows,Pandalus montagui,0,0,50,16,0,NA,NA,NA,Atlantic herring,adult,Magdalen Shallows
Atlantic herring|adult|Magdalen Shallows,Perciformes,0.0157586845721566,0,50,16,-0.0157586845721566,0.04,0.7975951903807615,2004-2006,Atlantic herring,adult,Magdalen Shallows
Atlantic herring|adult|Magdalen Shallows,Polychaeta,0.0027807449509455007,0.03615393240794343,50,16,0.03337318745699793,0.11607240274102772,0.07615230460921844,2018-2019,Atlantic herring,adult,Magdalen Shallows
Atlantic herring|adult|Magdalen Shallows,Teleostei,0.020704087710134322,0.003521446328387347,50,16,-0.017182641381746976,0.08546390629495391,0.7154308617234469,2004-2006,Atlantic herring,adult,Magdalen Shallows
Atlantic herring|adult|Magdalen Shallows,Thoridae,0,0.008520688862536843,50,16,0.008520688862536843,NA,NA,NA,Atlantic herring,adult,Magdalen Shallows
Atlantic herring|adult|Magdalen Shallows,Vertebrata,0,0,50,16,0,NA,NA,NA,Atlantic herring,adult,Magdalen Shallows
Atlantic herring|adult|Magdalen Shallows,egg_larvae,0.015728351850092807,0.0031582446808510636,50,16,-0.012570107169241743,0.04996671101960615,0.8597194388777555,2004-2006,Atlantic herring,adult,Magdalen Shallows
Atlantic herring|adult|Magdalen Shallows,other_phyla,0,0.062179133533167986,50,16,0.062179133533167986,0.1875,0.012024048096192385,2018-2019,Atlantic herring,adult,Magdalen Shallows
Atlantic herring|adult|Magdalen Shallows,plantae_chromista,0.008751871677579206,4.994965075204194e-6,50,16,-0.008746876712504001,0.05996577566877032,0.7394789579158316,2004-2006,Atlantic herring,adult,Magdalen Shallows
Atlantic herring|adult|Northumberland,Amphilochida,0,0,6,7,0,NA,NA,NA,Atlantic herring,adult,Northumberland
Atlantic herring|adult|Northumberland,Amphipoda,0,0,6,7,0,NA,NA,NA,Atlantic herring,adult,Northumberland
Atlantic herring|adult|Northumberland,Annelida,0,0,6,7,0,NA,NA,NA,Atlantic herring,adult,Northumberland
Atlantic herring|adult|Northumberland,Argis dentata,0,0,6,7,0,NA,NA,NA,Atlantic herring,adult,Northumberland
Atlantic herring|adult|Northumberland,Arthropoda,0.06060606060606061,1.104565537555228e-4,6,7,-0.060495604052305085,0.16636346374121783,0.7354709418837675,2004-2006,Atlantic herring,adult,Northumberland
Atlantic herring|adult|Northumberland,Bivalvia,0,0,6,7,0,NA,NA,NA,Atlantic herring,adult,Northumberland
Atlantic herring|adult|Northumberland,Brachyura,0,0,6,7,0,NA,NA,NA,Atlantic herring,adult,Northumberland
Atlantic herring|adult|Northumberland,Caridea,0,0,6,7,0,NA,NA,NA,Atlantic herring,adult,Northumberland
Atlantic herring|adult|Northumberland,Chordata,0,0,6,7,0,NA,NA,NA,Atlantic herring,adult,Northumberland
Atlantic herring|adult|Northumberland,Copepoda,0.9318607422540007,0.7250299234605289,6,7,-0.20683081879347187,0.5624153491456471,0.33867735470941884,2004-2006,Atlantic herring,adult,Northumberland
Atlantic herring|adult|Northumberland,Crangon septemspinosa,0,0,6,7,0,NA,NA,NA,Atlantic herring,adult,Northumberland
Atlantic herring|adult|Northumberland,Crangonidae,0,0,6,7,0,NA,NA,NA,Atlantic herring,adult,Northumberland
Atlantic herring|adult|Northumberland,Cumacea,0,9.46073793755913e-4,6,7,9.46073793755913e-4,NA,NA,NA,Atlantic herring,adult,Northumberland
Atlantic herring|adult|Northumberland,Decapoda,0.0037453183520599256,0.020305270203416464,6,7,0.016559951851356537,0.12061047402275907,1,2018-2019,Atlantic herring,adult,Northumberland
Atlantic herring|adult|Northumberland,Diastylis,0,0,6,7,0,NA,NA,NA,Atlantic herring,adult,Northumberland
Atlantic herring|adult|Northumberland,Echinodermata,0,0,6,7,0,NA,NA,NA,Atlantic herring,adult,Northumberland
Atlantic herring|adult|Northumberland,Echinozoa,0,0.08236590995211686,6,7,0.08236590995211686,NA,NA,NA,Atlantic herring,adult,Northumberland
Atlantic herring|adult|Northumberland,Eualus,0,0,6,7,0,NA,NA,NA,Atlantic herring,adult,Northumberland
Atlantic herring|adult|Northumberland,Eualus macilentus,0,0,6,7,0,NA,NA,NA,Atlantic herring,adult,Northumberland
Atlantic herring|adult|Northumberland,Eumalacostraca,0,0,6,7,0,NA,NA,NA,Atlantic herring,adult,Northumberland
Atlantic herring|adult|Northumberland,Euphausiacea,0,1.2367953903908273e-4,6,7,1.2367953903908273e-4,NA,NA,NA,Atlantic herring,adult,Northumberland
Atlantic herring|adult|Northumberland,Hyperiidae,0,0.0016257791710713374,6,7,0.0016257791710713374,NA,NA,NA,Atlantic herring,adult,Northumberland
Atlantic herring|adult|Northumberland,Malacostraca,0,0,6,7,0,NA,NA,NA,Atlantic herring,adult,Northumberland
Atlantic herring|adult|Northumberland,Mollusca,0,0,6,7,0,NA,NA,NA,Atlantic herring,adult,Northumberland
Atlantic herring|adult|Northumberland,Mysida,0,0.10834396529726971,6,7,0.10834396529726971,NA,NA,NA,Atlantic herring,adult,Northumberland
Atlantic herring|adult|Northumberland,Nematoda,0,5.905296540662704e-4,6,7,5.905296540662704e-4,NA,NA,NA,Atlantic herring,adult,Northumberland
Atlantic herring|adult|Northumberland,Oregoniidae,0,0,6,7,0,NA,NA,NA,Atlantic herring,adult,Northumberland
Atlantic herring|adult|Northumberland,Pandalidae,0,0.01656963725929243,6,7,0.01656963725929243,NA,NA,NA,Atlantic herring,adult,Northumberland
Atlantic herring|adult|Northumberland,Pandalus,0,0,6,7,0,NA,NA,NA,Atlantic herring,adult,Northumberland
Atlantic herring|adult|Northumberland,Pandalus montagui,0,0,6,7,0,NA,NA,NA,Atlantic herring,adult,Northumberland
Atlantic herring|adult|Northumberland,Perciformes,0,0,6,7,0,NA,NA,NA,Atlantic herring,adult,Northumberland
Atlantic herring|adult|Northumberland,Polychaeta,0,0.04392159564573357,6,7,0.04392159564573357,NA,NA,NA,Atlantic herring,adult,Northumberland
Atlantic herring|adult|Northumberland,Teleostei,0.003787878787878788,0,6,7,-0.003787878787878788,NA,NA,NA,Atlantic herring,adult,Northumberland
Atlantic herring|adult|Northumberland,Thoridae,0,0,6,7,0,NA,NA,NA,Atlantic herring,adult,Northumberland
Atlantic herring|adult|Northumberland,Vertebrata,0,0,6,7,0,NA,NA,NA,Atlantic herring,adult,Northumberland
Atlantic herring|adult|Northumberland,egg_larvae,0,0,6,7,0,NA,NA,NA,Atlantic herring,adult,Northumberland
Atlantic herring|adult|Northumberland,other_phyla,0,6.717946995398206e-5,6,7,6.717946995398206e-5,NA,NA,NA,Atlantic herring,adult,Northumberland
Atlantic herring|adult|Northumberland,plantae_chromista,0,0,6,7,0,NA,NA,NA,Atlantic herring,adult,Northumberland
Atlantic herring|juvenile|Magdalen Shallows,Amphilochida,0,1.4294091775399502e-4,22,19,1.4294091775399502e-4,NA,NA,NA,Atlantic herring,juvenile,Magdalen Shallows
Atlantic herring|juvenile|Magdalen Shallows,Amphipoda,0,0.05299868356750868,22,19,0.05299868356750868,0.10526315789473684,0.23046092184368738,2018-2019,Atlantic herring,juvenile,Magdalen Shallows
Atlantic herring|juvenile|Magdalen Shallows,Annelida,0,0,22,19,0,NA,NA,NA,Atlantic herring,juvenile,Magdalen Shallows
Atlantic herring|juvenile|Magdalen Shallows,Argis dentata,0,0,22,19,0,NA,NA,NA,Atlantic herring,juvenile,Magdalen Shallows
Atlantic herring|juvenile|Magdalen Shallows,Arthropoda,0.17069553151300113,0.0289259556035675,22,19,-0.14176957590943362,0.3886799917242735,0.018036072144288578,2004-2006,Atlantic herring,juvenile,Magdalen Shallows
Atlantic herring|juvenile|Magdalen Shallows,Bivalvia,0,1.7959243512681426e-4,22,19,1.7959243512681426e-4,NA,NA,NA,Atlantic herring,juvenile,Magdalen Shallows
Atlantic herring|juvenile|Magdalen Shallows,Brachyura,0,0,22,19,0,NA,NA,NA,Atlantic herring,juvenile,Magdalen Shallows
Atlantic herring|juvenile|Magdalen Shallows,Caridea,0,0,22,19,0,NA,NA,NA,Atlantic herring,juvenile,Magdalen Shallows
Atlantic herring|juvenile|Magdalen Shallows,Chordata,0,0,22,19,0,NA,NA,NA,Atlantic herring,juvenile,Magdalen Shallows
Atlantic herring|juvenile|Magdalen Shallows,Copepoda,0.7245085691391207,0.3682566907618166,22,19,-0.35625187837730404,0.5725950202071924,0.014028056112224449,2004-2006,Atlantic herring,juvenile,Magdalen Shallows
Atlantic herring|juvenile|Magdalen Shallows,Crangon septemspinosa,0,0,22,19,0,NA,NA,NA,Atlantic herring,juvenile,Magdalen Shallows
Atlantic herring|juvenile|Magdalen Shallows,Crangonidae,0,0,22,19,0,NA,NA,NA,Atlantic herring,juvenile,Magdalen Shallows
Atlantic herring|juvenile|Magdalen Shallows,Cumacea,0,1.2313326808322547e-4,22,19,1.2313326808322547e-4,NA,NA,NA,Atlantic herring,juvenile,Magdalen Shallows
Atlantic herring|juvenile|Magdalen Shallows,Decapoda,0.01911451499486526,0.05263157894736842,22,19,0.03351706395250316,0.03860953189623682,1,2018-2019,Atlantic herring,juvenile,Magdalen Shallows
Atlantic herring|juvenile|Magdalen Shallows,Diastylis,0,0,22,19,0,NA,NA,NA,Atlantic herring,juvenile,Magdalen Shallows
Atlantic herring|juvenile|Magdalen Shallows,Echinodermata,0,0,22,19,0,NA,NA,NA,Atlantic herring,juvenile,Magdalen Shallows
Atlantic herring|juvenile|Magdalen Shallows,Echinozoa,0,0,22,19,0,NA,NA,NA,Atlantic herring,juvenile,Magdalen Shallows
Atlantic herring|juvenile|Magdalen Shallows,Eualus,0,0,22,19,0,NA,NA,NA,Atlantic herring,juvenile,Magdalen Shallows
Atlantic herring|juvenile|Magdalen Shallows,Eualus macilentus,0,0,22,19,0,NA,NA,NA,Atlantic herring,juvenile,Magdalen Shallows
Atlantic herring|juvenile|Magdalen Shallows,Eumalacostraca,0,0,22,19,0,NA,NA,NA,Atlantic herring,juvenile,Magdalen Shallows
Atlantic herring|juvenile|Magdalen Shallows,Euphausiacea,0.07589136397083417,0.026134053309925936,22,19,-0.04975731066090823,0.06762251104010451,0.7635270541082164,2004-2006,Atlantic herring,juvenile,Magdalen Shallows
Atlantic herring|juvenile|Magdalen Shallows,Hyperiidae,4.953454043504536e-5,0.04268838839382492,22,19,0.04263885385338987,0.36799404153053,0.004008016032064128,2018-2019,Atlantic herring,juvenile,Magdalen Shallows
Atlantic herring|juvenile|Magdalen Shallows,Malacostraca,0,0.007574870793595462,22,19,0.007574870793595462,0.15789473684210525,0.11222444889779559,2018-2019,Atlantic herring,juvenile,Magdalen Shallows
Atlantic herring|juvenile|Magdalen Shallows,Mollusca,0,0,22,19,0,NA,NA,NA,Atlantic herring,juvenile,Magdalen Shallows
Atlantic herring|juvenile|Magdalen Shallows,Mysida,0.005377612857912539,0.30370782899976956,22,19,0.298330216141857,0.41372696126646646,0.006012024048096192,2018-2019,Atlantic herring,juvenile,Magdalen Shallows
Atlantic herring|juvenile|Magdalen Shallows,Nematoda,0,0.015849905025176098,22,19,0.015849905025176098,0.21052631578947367,0.02404809619238477,2018-2019,Atlantic herring,juvenile,Magdalen Shallows
Atlantic herring|juvenile|Magdalen Shallows,Oregoniidae,0,0,22,19,0,NA,NA,NA,Atlantic herring,juvenile,Magdalen Shallows
Atlantic herring|juvenile|Magdalen Shallows,Pandalidae,0,0,22,19,0,NA,NA,NA,Atlantic herring,juvenile,Magdalen Shallows
Atlantic herring|juvenile|Magdalen Shallows,Pandalus,0.0016054585591009432,0,22,19,-0.0016054585591009432,NA,NA,NA,Atlantic herring,juvenile,Magdalen Shallows
Atlantic herring|juvenile|Magdalen Shallows,Pandalus montagui,0,0,22,19,0,NA,NA,NA,Atlantic herring,juvenile,Magdalen Shallows
Atlantic herring|juvenile|Magdalen Shallows,Perciformes,0,0.00968389243020984,22,19,0.00968389243020984,0.10526315789473684,0.23446893787575152,2018-2019,Atlantic herring,juvenile,Magdalen Shallows
Atlantic herring|juvenile|Magdalen Shallows,Polychaeta,0,0.007105915076709113,22,19,0.007105915076709113,NA,NA,NA,Atlantic herring,juvenile,Magdalen Shallows
Atlantic herring|juvenile|Magdalen Shallows,Teleostei,0.0026088701585390327,0,22,19,-0.0026088701585390327,NA,NA,NA,Atlantic herring,juvenile,Magdalen Shallows
Atlantic herring|juvenile|Magdalen Shallows,Thoridae,0,0,22,19,0,NA,NA,NA,Atlantic herring,juvenile,Magdalen Shallows
Atlantic herring|juvenile|Magdalen Shallows,Vertebrata,0,0,22,19,0,NA,NA,NA,Atlantic herring,juvenile,Magdalen Shallows
Atlantic herring|juvenile|Magdalen Shallows,egg_larvae,1.4854426619132502e-4,0,22,19,-1.4854426619132502e-4,NA,NA,NA,Atlantic herring,juvenile,Magdalen Shallows
Atlantic herring|juvenile|Magdalen Shallows,other_phyla,0,0.08398887391890131,22,19,0.08398887391890131,0.10526315789473684,0.19839679358717435,2018-2019,Atlantic herring,juvenile,Magdalen Shallows
Atlantic herring|juvenile|Magdalen Shallows,plantae_chromista,0,7.696550662544735e-6,22,19,7.696550662544735e-6,NA,NA,NA,Atlantic herring,juvenile,Magdalen Shallows
Atlantic herring|juvenile|Northumberland,Amphilochida,0,0.08333333333333333,18,12,0.08333333333333333,NA,NA,NA,Atlantic herring,juvenile,Northumberland
Atlantic herring|juvenile|Northumberland,Amphipoda,0.007117580487145705,9.768804949527841e-4,18,12,-0.006140699992192921,0.09770166019683461,0.6152304609218436,2004-2006,Atlantic herring,juvenile,Northumberland
Atlantic herring|juvenile|Northumberland,Annelida,0,0,18,12,0,NA,NA,NA,Atlantic herring,juvenile,Northumberland
Atlantic herring|juvenile|Northumberland,Argis dentata,0,0,18,12,0,NA,NA,NA,Atlantic herring,juvenile,Northumberland
Atlantic herring|juvenile|Northumberland,Arthropoda,0.2215300866878238,0.09060335969124676,18,12,-0.13092672699657704,0.39429376060090393,0.16032064128256512,2004-2006,Atlantic herring,juvenile,Northumberland
Atlantic herring|juvenile|Northumberland,Bivalvia,6.038647342995169e-4,0,18,12,-6.038647342995169e-4,NA,NA,NA,Atlantic herring,juvenile,Northumberland
Atlantic herring|juvenile|Northumberland,Brachyura,2.0447388868441502e-5,3.5692197425537696e-4,18,12,3.3647458538693545e-4,0.07881799838863872,0.7334669338677354,2018-2019,Atlantic herring,juvenile,Northumberland
Atlantic herring|juvenile|Northumberland,Caridea,0,0,18,12,0,NA,NA,NA,Atlantic herring,juvenile,Northumberland
Atlantic herring|juvenile|Northumberland,Chordata,0,0,18,12,0,NA,NA,NA,Atlantic herring,juvenile,Northumberland
Atlantic herring|juvenile|Northumberland,Copepoda,0.5520296142005859,0.6070349916999249,18,12,0.05500537749933898,0.4800843193372095,0.8677354709418837,2018-2019,Atlantic herring,juvenile,Northumberland
Atlantic herring|juvenile|Northumberland,Crangon septemspinosa,0.001524680769963789,0,18,12,-0.001524680769963789,NA,NA,NA,Atlantic herring,juvenile,Northumberland
Atlantic herring|juvenile|Northumberland,Crangonidae,0,0,18,12,0,NA,NA,NA,Atlantic herring,juvenile,Northumberland
Atlantic herring|juvenile|Northumberland,Cumacea,0,0.0011396939107782482,18,12,0.0011396939107782482,NA,NA,NA,Atlantic herring,juvenile,Northumberland
Atlantic herring|juvenile|Northumberland,Decapoda,0.11040055248177438,0.11163063618873159,18,12,0.001230083706957208,0.16759002321124553,0.9839679358717435,2018-2019,Atlantic herring,juvenile,Northumberland
Atlantic herring|juvenile|Northumberland,Diastylis,2.145002145002145e-4,0,18,12,-2.145002145002145e-4,NA,NA,NA,Atlantic herring,juvenile,Northumberland
Atlantic herring|juvenile|Northumberland,Echinodermata,0,0,18,12,0,NA,NA,NA,Atlantic herring,juvenile,Northumberland
Atlantic herring|juvenile|Northumberland,Echinozoa,0,0,18,12,0,NA,NA,NA,Atlantic herring,juvenile,Northumberland
Atlantic herring|juvenile|Northumberland,Eualus,0,0,18,12,0,NA,NA,NA,Atlantic herring,juvenile,Northumberland
Atlantic herring|juvenile|Northumberland,Eualus macilentus,0,0,18,12,0,NA,NA,NA,Atlantic herring,juvenile,Northumberland
Atlantic herring|juvenile|Northumberland,Eumalacostraca,0,3.1205904699880605e-4,18,12,3.1205904699880605e-4,NA,NA,NA,Atlantic herring,juvenile,Northumberland
Atlantic herring|juvenile|Northumberland,Euphausiacea,0.08584273624133501,0,18,12,-0.08584273624133501,0.16666666666666666,0.24048096192384769,2004-2006,Atlantic herring,juvenile,Northumberland
Atlantic herring|juvenile|Northumberland,Hyperiidae,0,4.897201161841474e-4,18,12,4.897201161841474e-4,0.16666666666666666,0.16633266533066132,2018-2019,Atlantic herring,juvenile,Northumberland
Atlantic herring|juvenile|Northumberland,Malacostraca,0,0.006634646694887659,18,12,0.006634646694887659,NA,NA,NA,Atlantic herring,juvenile,Northumberland
Atlantic herring|juvenile|Northumberland,Mollusca,0,0.023987843264951705,18,12,0.023987843264951705,NA,NA,NA,Atlantic herring,juvenile,Northumberland
Atlantic herring|juvenile|Northumberland,Mysida,3.718422459271654e-4,0.04186185475703324,18,12,0.041490012511106074,0.33039853424860327,0.03406813627254509,2018-2019,Atlantic herring,juvenile,Northumberland
Atlantic herring|juvenile|Northumberland,Nematoda,0,0.0016307701849870525,18,12,0.0016307701849870525,0.16666666666666666,0.1523046092184369,2018-2019,Atlantic herring,juvenile,Northumberland
Atlantic herring|juvenile|Northumberland,Oregoniidae,0,0,18,12,0,NA,NA,NA,Atlantic herring,juvenile,Northumberland
Atlantic herring|juvenile|Northumberland,Pandalidae,0,0,18,12,0,NA,NA,NA,Atlantic herring,juvenile,Northumberland
Atlantic herring|juvenile|Northumberland,Pandalus,0,0,18,12,0,NA,NA,NA,Atlantic herring,juvenile,Northumberland
Atlantic herring|juvenile|Northumberland,Pandalus montagui,0,0.004132308670368915,18,12,0.004132308670368915,NA,NA,NA,Atlantic herring,juvenile,Northumberland
Atlantic herring|juvenile|Northumberland,Perciformes,0,0,18,12,0,NA,NA,NA,Atlantic herring,juvenile,Northumberland
Atlantic herring|juvenile|Northumberland,Polychaeta,0,0.0015467274503419082,18,12,0.0015467274503419082,NA,NA,NA,Atlantic herring,juvenile,Northumberland
Atlantic herring|juvenile|Northumberland,Teleostei,2.646132677092429e-4,0,18,12,-2.646132677092429e-4,NA,NA,NA,Atlantic herring,juvenile,Northumberland
Atlantic herring|juvenile|Northumberland,Thoridae,0,0,18,12,0,NA,NA,NA,Atlantic herring,juvenile,Northumberland
Atlantic herring|juvenile|Northumberland,Vertebrata,0,0,18,12,0,NA,NA,NA,Atlantic herring,juvenile,Northumberland
Atlantic herring|juvenile|Northumberland,egg_larvae,0.02007948128006693,0.024260413597762997,18,12,0.004180932317696066,0.09119106568553337,0.6793587174348698,2018-2019,Atlantic herring,juvenile,Northumberland
Atlantic herring|juvenile|Northumberland,other_phyla,0,6.783892326061001e-5,18,12,6.783892326061001e-5,NA,NA,NA,Atlantic herring,juvenile,Northumberland
Atlantic herring|juvenile|Northumberland,plantae_chromista,0,0,18,12,0,NA,NA,NA,Atlantic herring,juvenile,Northumberland
Atlantic hookear sculpin|one_class|Central,Amphilochida,0,0.006790123456790124,6,5,0.006790123456790124,NA,NA,NA,Atlantic hookear sculpin,one_class,Central
Atlantic hookear sculpin|one_class|Central,Amphipoda,0.34889147230347656,0.43168109487262996,6,5,0.0827896225691534,0.5530313426646949,0.5511022044088176,2018-2019,Atlantic hookear sculpin,one_class,Central
Atlantic hookear sculpin|one_class|Central,Annelida,0,0,6,5,0,NA,NA,NA,Atlantic hookear sculpin,one_class,Central
Atlantic hookear sculpin|one_class|Central,Argis dentata,0,0,6,5,0,NA,NA,NA,Atlantic hookear sculpin,one_class,Central
Atlantic hookear sculpin|one_class|Central,Arthropoda,0.16537807089450285,0.011558109833971904,6,5,-0.15381996106053095,0.4673381956522818,0.3286573146292585,2004-2006,Atlantic hookear sculpin,one_class,Central
Atlantic hookear sculpin|one_class|Central,Bivalvia,0,0,6,5,0,NA,NA,NA,Atlantic hookear sculpin,one_class,Central
Atlantic hookear sculpin|one_class|Central,Brachyura,0,0,6,5,0,NA,NA,NA,Atlantic hookear sculpin,one_class,Central
Atlantic hookear sculpin|one_class|Central,Caridea,0,0,6,5,0,NA,NA,NA,Atlantic hookear sculpin,one_class,Central
Atlantic hookear sculpin|one_class|Central,Chordata,0,0,6,5,0,NA,NA,NA,Atlantic hookear sculpin,one_class,Central
Atlantic hookear sculpin|one_class|Central,Copepoda,0.002347417840375587,0.0034482758620689655,6,5,0.0011008580216933786,0.11899441340782123,0.7535070140280561,2018-2019,Atlantic hookear sculpin,one_class,Central
Atlantic hookear sculpin|one_class|Central,Crangon septemspinosa,0,0,6,5,0,NA,NA,NA,Atlantic hookear sculpin,one_class,Central
Atlantic hookear sculpin|one_class|Central,Crangonidae,0,0,6,5,0,NA,NA,NA,Atlantic hookear sculpin,one_class,Central
Atlantic hookear sculpin|one_class|Central,Cumacea,0,0.18857142857142856,6,5,0.18857142857142856,NA,NA,NA,Atlantic hookear sculpin,one_class,Central
Atlantic hookear sculpin|one_class|Central,Decapoda,0,0,6,5,0,NA,NA,NA,Atlantic hookear sculpin,one_class,Central
Atlantic hookear sculpin|one_class|Central,Diastylis,0.012483445931513454,0,6,5,-0.012483445931513454,0.3333333333333333,0.45490981963927857,2004-2006,Atlantic hookear sculpin,one_class,Central
Atlantic hookear sculpin|one_class|Central,Echinodermata,0,0,6,5,0,NA,NA,NA,Atlantic hookear sculpin,one_class,Central
Atlantic hookear sculpin|one_class|Central,Echinozoa,0,0,6,5,0,NA,NA,NA,Atlantic hookear sculpin,one_class,Central
Atlantic hookear sculpin|one_class|Central,Eualus,0,0,6,5,0,NA,NA,NA,Atlantic hookear sculpin,one_class,Central
Atlantic hookear sculpin|one_class|Central,Eualus macilentus,0,0,6,5,0,NA,NA,NA,Atlantic hookear sculpin,one_class,Central
Atlantic hookear sculpin|one_class|Central,Eumalacostraca,0.016975308641975308,0.14597701149425288,6,5,0.12900170285227758,0.17916530598915814,0.7434869739478958,2018-2019,Atlantic hookear sculpin,one_class,Central
Atlantic hookear sculpin|one_class|Central,Euphausiacea,0,0,6,5,0,NA,NA,NA,Atlantic hookear sculpin,one_class,Central
Atlantic hookear sculpin|one_class|Central,Hyperiidae,0,0.01149425287356322,6,5,0.01149425287356322,NA,NA,NA,Atlantic hookear sculpin,one_class,Central
Atlantic hookear sculpin|one_class|Central,Malacostraca,0,0,6,5,0,NA,NA,NA,Atlantic hookear sculpin,one_class,Central
Atlantic hookear sculpin|one_class|Central,Mollusca,0,0.035821248254377484,6,5,0.035821248254377484,0.4,0.20240480961923848,2018-2019,Atlantic hookear sculpin,one_class,Central
Atlantic hookear sculpin|one_class|Central,Mysida,0.07687793427230047,0,6,5,-0.07687793427230047,NA,NA,NA,Atlantic hookear sculpin,one_class,Central
Atlantic hookear sculpin|one_class|Central,Nematoda,0.07142857142857142,0,6,5,-0.07142857142857142,NA,NA,NA,Atlantic hookear sculpin,one_class,Central
Atlantic hookear sculpin|one_class|Central,Oregoniidae,0,0,6,5,0,NA,NA,NA,Atlantic hookear sculpin,one_class,Central
Atlantic hookear sculpin|one_class|Central,Pandalidae,0,0,6,5,0,NA,NA,NA,Atlantic hookear sculpin,one_class,Central
Atlantic hookear sculpin|one_class|Central,Pandalus,0,0,6,5,0,NA,NA,NA,Atlantic hookear sculpin,one_class,Central
Atlantic hookear sculpin|one_class|Central,Pandalus montagui,0,0,6,5,0,NA,NA,NA,Atlantic hookear sculpin,one_class,Central
Atlantic hookear sculpin|one_class|Central,Perciformes,0,0,6,5,0,NA,NA,NA,Atlantic hookear sculpin,one_class,Central
Atlantic hookear sculpin|one_class|Central,Polychaeta,0.3056177786872844,0.15725104737350953,6,5,-0.14836673131377487,0.4401791054400426,0.39478957915831664,2004-2006,Atlantic hookear sculpin,one_class,Central
Atlantic hookear sculpin|one_class|Central,Teleostei,0,0,6,5,0,NA,NA,NA,Atlantic hookear sculpin,one_class,Central
Atlantic hookear sculpin|one_class|Central,Thoridae,0,0,6,5,0,NA,NA,NA,Atlantic hookear sculpin,one_class,Central
Atlantic hookear sculpin|one_class|Central,Vertebrata,0,0,6,5,0,NA,NA,NA,Atlantic hookear sculpin,one_class,Central
Atlantic hookear sculpin|one_class|Central,egg_larvae,0,0,6,5,0,NA,NA,NA,Atlantic hookear sculpin,one_class,Central
Atlantic hookear sculpin|one_class|Central,other_phyla,0,0,6,5,0,NA,NA,NA,Atlantic hookear sculpin,one_class,Central
Atlantic hookear sculpin|one_class|Central,plantae_chromista,0,0.007407407407407407,6,5,0.007407407407407407,NA,NA,NA,Atlantic hookear sculpin,one_class,Central
Atlantic hookear sculpin|one_class|Magdalen Shallows,Amphilochida,0.010753241863525782,0.01416969068602039,103,17,0.003416448822494608,0.06688709004590283,0.1623246492985972,2018-2019,Atlantic hookear sculpin,one_class,Magdalen Shallows
Atlantic hookear sculpin|one_class|Magdalen Shallows,Amphipoda,0.4327955136847662,0.38278111156789685,103,17,-0.05001440211686936,0.44307700005977363,0.5250501002004008,2004-2006,Atlantic hookear sculpin,one_class,Magdalen Shallows
Atlantic hookear sculpin|one_class|Magdalen Shallows,Annelida,0,0,103,17,0,NA,NA,NA,Atlantic hookear sculpin,one_class,Magdalen Shallows
Atlantic hookear sculpin|one_class|Magdalen Shallows,Argis dentata,0,0,103,17,0,NA,NA,NA,Atlantic hookear sculpin,one_class,Magdalen Shallows
Atlantic hookear sculpin|one_class|Magdalen Shallows,Arthropoda,0.0982038893084102,0.1019173679370666,103,17,0.003713478628656397,0.18104304161767182,0.905811623246493,2004-2006,Atlantic hookear sculpin,one_class,Magdalen Shallows
Atlantic hookear sculpin|one_class|Magdalen Shallows,Bivalvia,0.002296998919510027,0,103,17,-0.002296998919510027,0.038834951456310676,0.6673346693386774,2004-2006,Atlantic hookear sculpin,one_class,Magdalen Shallows
Atlantic hookear sculpin|one_class|Magdalen Shallows,Brachyura,0,0.017506917552795875,103,17,0.017506917552795875,0.11764705882352941,0.022044088176352707,2018-2019,Atlantic hookear sculpin,one_class,Magdalen Shallows
Atlantic hookear sculpin|one_class|Magdalen Shallows,Caridea,0,0,103,17,0,NA,NA,NA,Atlantic hookear sculpin,one_class,Magdalen Shallows
Atlantic hookear sculpin|one_class|Magdalen Shallows,Chordata,4.8160593688773105e-4,0,103,17,-4.8160593688773105e-4,NA,NA,NA,Atlantic hookear sculpin,one_class,Magdalen Shallows
Atlantic hookear sculpin|one_class|Magdalen Shallows,Copepoda,0.016102554277200386,0.05962307736106676,103,17,0.04352052308386638,0.13894528585204774,0.9579158316633266,2018-2019,Atlantic hookear sculpin,one_class,Magdalen Shallows
Atlantic hookear sculpin|one_class|Magdalen Shallows,Crangon septemspinosa,0,0,103,17,0,NA,NA,NA,Atlantic hookear sculpin,one_class,Magdalen Shallows
Atlantic hookear sculpin|one_class|Magdalen Shallows,Crangonidae,0.006032613818456029,0,103,17,-0.006032613818456029,NA,NA,NA,Atlantic hookear sculpin,one_class,Magdalen Shallows
Atlantic hookear sculpin|one_class|Magdalen Shallows,Cumacea,0.004515692029803568,0.0018233429335101426,103,17,-0.0026923490962934248,0.016919841473945707,1,2018-2019,Atlantic hookear sculpin,one_class,Magdalen Shallows
Atlantic hookear sculpin|one_class|Magdalen Shallows,Decapoda,0.013485366320862191,0.008318478906714203,103,17,-0.005166887414147989,0.022442018071719628,1,2018-2019,Atlantic hookear sculpin,one_class,Magdalen Shallows
Atlantic hookear sculpin|one_class|Magdalen Shallows,Diastylis,0.013671005242275049,0,103,17,-0.013671005242275049,0.1553398058252427,0.1402805611222445,2004-2006,Atlantic hookear sculpin,one_class,Magdalen Shallows
Atlantic hookear sculpin|one_class|Magdalen Shallows,Echinodermata,0,0,103,17,0,NA,NA,NA,Atlantic hookear sculpin,one_class,Magdalen Shallows
Atlantic hookear sculpin|one_class|Magdalen Shallows,Echinozoa,0.0032362459546925564,0.0016535075027902942,103,17,-0.0015827384519022621,0.0198916260438678,0.2785571142284569,2018-2019,Atlantic hookear sculpin,one_class,Magdalen Shallows
Atlantic hookear sculpin|one_class|Magdalen Shallows,Eualus,0,0,103,17,0,NA,NA,NA,Atlantic hookear sculpin,one_class,Magdalen Shallows
Atlantic hookear sculpin|one_class|Magdalen Shallows,Eualus macilentus,0,0,103,17,0,NA,NA,NA,Atlantic hookear sculpin,one_class,Magdalen Shallows
Atlantic hookear sculpin|one_class|Magdalen Shallows,Eumalacostraca,0.005720220930836491,0.058823529411764705,103,17,0.053103308480928216,0.053610265813340656,1,2018-2019,Atlantic hookear sculpin,one_class,Magdalen Shallows
Atlantic hookear sculpin|one_class|Magdalen Shallows,Euphausiacea,4.361896721542142e-4,0.19125153710980142,103,17,0.1908153474376472,0.2347587006657044,0.002004008016032064,2018-2019,Atlantic hookear sculpin,one_class,Magdalen Shallows
Atlantic hookear sculpin|one_class|Magdalen Shallows,Hyperiidae,0,0,103,17,0,NA,NA,NA,Atlantic hookear sculpin,one_class,Magdalen Shallows
Atlantic hookear sculpin|one_class|Magdalen Shallows,Malacostraca,0,0,103,17,0,NA,NA,NA,Atlantic hookear sculpin,one_class,Magdalen Shallows
Atlantic hookear sculpin|one_class|Magdalen Shallows,Mollusca,0.002579862196679303,0,103,17,-0.002579862196679303,0.04854368932038835,0.6052104208416834,2004-2006,Atlantic hookear sculpin,one_class,Magdalen Shallows
Atlantic hookear sculpin|one_class|Magdalen Shallows,Mysida,0.10271989311816485,0,103,17,-0.10271989311816485,0.1941747572815534,0.10821643286573146,2004-2006,Atlantic hookear sculpin,one_class,Magdalen Shallows
Atlantic hookear sculpin|one_class|Magdalen Shallows,Nematoda,2.1891178949442322e-5,0,103,17,-2.1891178949442322e-5,NA,NA,NA,Atlantic hookear sculpin,one_class,Magdalen Shallows
Atlantic hookear sculpin|one_class|Magdalen Shallows,Oregoniidae,0.004548473417460201,0,103,17,-0.004548473417460201,0.02912621359223301,0.8937875751503006,2004-2006,Atlantic hookear sculpin,one_class,Magdalen Shallows
Atlantic hookear sculpin|one_class|Magdalen Shallows,Pandalidae,0,0,103,17,0,NA,NA,NA,Atlantic hookear sculpin,one_class,Magdalen Shallows
Atlantic hookear sculpin|one_class|Magdalen Shallows,Pandalus,0,0,103,17,0,NA,NA,NA,Atlantic hookear sculpin,one_class,Magdalen Shallows
Atlantic hookear sculpin|one_class|Magdalen Shallows,Pandalus montagui,0,0,103,17,0,NA,NA,NA,Atlantic hookear sculpin,one_class,Magdalen Shallows
Atlantic hookear sculpin|one_class|Magdalen Shallows,Perciformes,0,0,103,17,0,NA,NA,NA,Atlantic hookear sculpin,one_class,Magdalen Shallows
Atlantic hookear sculpin|one_class|Magdalen Shallows,Polychaeta,0.2563923776967489,0.041008825627466036,103,17,-0.21538355206928284,0.4603496881216074,0.01603206412825651,2004-2006,Atlantic hookear sculpin,one_class,Magdalen Shallows
Atlantic hookear sculpin|one_class|Magdalen Shallows,Teleostei,0,0,103,17,0,NA,NA,NA,Atlantic hookear sculpin,one_class,Magdalen Shallows
Atlantic hookear sculpin|one_class|Magdalen Shallows,Thoridae,0,0,103,17,0,NA,NA,NA,Atlantic hookear sculpin,one_class,Magdalen Shallows
Atlantic hookear sculpin|one_class|Magdalen Shallows,Vertebrata,0,0,103,17,0,NA,NA,NA,Atlantic hookear sculpin,one_class,Magdalen Shallows
Atlantic hookear sculpin|one_class|Magdalen Shallows,egg_larvae,0.012484903401500134,0.10864489504303552,103,17,0.0961599916415354,0.2638028074457839,0.006012024048096192,2018-2019,Atlantic hookear sculpin,one_class,Magdalen Shallows
Atlantic hookear sculpin|one_class|Magdalen Shallows,other_phyla,0,0,103,17,0,NA,NA,NA,Atlantic hookear sculpin,one_class,Magdalen Shallows
Atlantic hookear sculpin|one_class|Magdalen Shallows,plantae_chromista,0.013521461031116783,0.012477718360071301,103,17,-0.0010437426710454816,0.03534474034763706,1,2004-2006,Atlantic hookear sculpin,one_class,Magdalen Shallows
Atlantic mackerel|adult|Magdalen Shallows,Amphilochida,0,0,6,6,0,NA,NA,NA,Atlantic mackerel,adult,Magdalen Shallows
Atlantic mackerel|adult|Magdalen Shallows,Amphipoda,0,0.02274113163870134,6,6,0.02274113163870134,0.3333333333333333,0.45090180360721444,2018-2019,Atlantic mackerel,adult,Magdalen Shallows
Atlantic mackerel|adult|Magdalen Shallows,Annelida,0,0,6,6,0,NA,NA,NA,Atlantic mackerel,adult,Magdalen Shallows
Atlantic mackerel|adult|Magdalen Shallows,Argis dentata,0,0,6,6,0,NA,NA,NA,Atlantic mackerel,adult,Magdalen Shallows
Atlantic mackerel|adult|Magdalen Shallows,Arthropoda,0.0385900449694847,0.21950349281288292,6,6,0.18091344784339822,0.2834934635183505,0.717434869739479,2018-2019,Atlantic mackerel,adult,Magdalen Shallows
Atlantic mackerel|adult|Magdalen Shallows,Bivalvia,0.015670521055832717,1.6225337487019733e-5,6,6,-0.015654295718345698,0.49948283292531814,0.18637274549098196,2004-2006,Atlantic mackerel,adult,Magdalen Shallows
Atlantic mackerel|adult|Magdalen Shallows,Brachyura,0,0,6,6,0,NA,NA,NA,Atlantic mackerel,adult,Magdalen Shallows
Atlantic mackerel|adult|Magdalen Shallows,Caridea,0,0,6,6,0,NA,NA,NA,Atlantic mackerel,adult,Magdalen Shallows
Atlantic mackerel|adult|Magdalen Shallows,Chordata,0,0,6,6,0,NA,NA,NA,Atlantic mackerel,adult,Magdalen Shallows
Atlantic mackerel|adult|Magdalen Shallows,Copepoda,0.6563658214436884,0.43292079732214805,6,6,-0.22344502412154033,0.5021373699508583,0.4468937875751503,2004-2006,Atlantic mackerel,adult,Magdalen Shallows
Atlantic mackerel|adult|Magdalen Shallows,Crangon septemspinosa,0,0,6,6,0,NA,NA,NA,Atlantic mackerel,adult,Magdalen Shallows
Atlantic mackerel|adult|Magdalen Shallows,Crangonidae,0,0,6,6,0,NA,NA,NA,Atlantic mackerel,adult,Magdalen Shallows
Atlantic mackerel|adult|Magdalen Shallows,Cumacea,0,0,6,6,0,NA,NA,NA,Atlantic mackerel,adult,Magdalen Shallows
Atlantic mackerel|adult|Magdalen Shallows,Decapoda,0.09343579706958659,0.01545447523201024,6,6,-0.07798132183757635,0.4290364744923886,0.4408817635270541,2004-2006,Atlantic mackerel,adult,Magdalen Shallows
Atlantic mackerel|adult|Magdalen Shallows,Diastylis,0,0,6,6,0,NA,NA,NA,Atlantic mackerel,adult,Magdalen Shallows
Atlantic mackerel|adult|Magdalen Shallows,Echinodermata,0,0,6,6,0,NA,NA,NA,Atlantic mackerel,adult,Magdalen Shallows
Atlantic mackerel|adult|Magdalen Shallows,Echinozoa,0,0,6,6,0,NA,NA,NA,Atlantic mackerel,adult,Magdalen Shallows
Atlantic mackerel|adult|Magdalen Shallows,Eualus,0,0,6,6,0,NA,NA,NA,Atlantic mackerel,adult,Magdalen Shallows
Atlantic mackerel|adult|Magdalen Shallows,Eualus macilentus,0,0,6,6,0,NA,NA,NA,Atlantic mackerel,adult,Magdalen Shallows
Atlantic mackerel|adult|Magdalen Shallows,Eumalacostraca,0,0,6,6,0,NA,NA,NA,Atlantic mackerel,adult,Magdalen Shallows
Atlantic mackerel|adult|Magdalen Shallows,Euphausiacea,0,0.010676272066458983,6,6,0.010676272066458983,NA,NA,NA,Atlantic mackerel,adult,Magdalen Shallows
Atlantic mackerel|adult|Magdalen Shallows,Hyperiidae,7.362116847723266e-4,0.029888215755729905,6,6,0.02915200407095758,0.16265999755585822,1,2018-2019,Atlantic mackerel,adult,Magdalen Shallows
Atlantic mackerel|adult|Magdalen Shallows,Malacostraca,0,0,6,6,0,NA,NA,NA,Atlantic mackerel,adult,Magdalen Shallows
Atlantic mackerel|adult|Magdalen Shallows,Mollusca,6.873328437010656e-4,5.192107995846315e-4,6,6,-1.6812204411643418e-4,0.18989031120037494,0.7294589178356713,2004-2006,Atlantic mackerel,adult,Magdalen Shallows
Atlantic mackerel|adult|Magdalen Shallows,Mysida,0,0,6,6,0,NA,NA,NA,Atlantic mackerel,adult,Magdalen Shallows
Atlantic mackerel|adult|Magdalen Shallows,Nematoda,0,0,6,6,0,NA,NA,NA,Atlantic mackerel,adult,Magdalen Shallows
Atlantic mackerel|adult|Magdalen Shallows,Oregoniidae,0,0,6,6,0,NA,NA,NA,Atlantic mackerel,adult,Magdalen Shallows
Atlantic mackerel|adult|Magdalen Shallows,Pandalidae,0,0,6,6,0,NA,NA,NA,Atlantic mackerel,adult,Magdalen Shallows
Atlantic mackerel|adult|Magdalen Shallows,Pandalus,0,0,6,6,0,NA,NA,NA,Atlantic mackerel,adult,Magdalen Shallows
Atlantic mackerel|adult|Magdalen Shallows,Pandalus montagui,0,0,6,6,0,NA,NA,NA,Atlantic mackerel,adult,Magdalen Shallows
Atlantic mackerel|adult|Magdalen Shallows,Perciformes,0,0,6,6,0,NA,NA,NA,Atlantic mackerel,adult,Magdalen Shallows
Atlantic mackerel|adult|Magdalen Shallows,Polychaeta,0,0.10558647440762291,6,6,0.10558647440762291,NA,NA,NA,Atlantic mackerel,adult,Magdalen Shallows
Atlantic mackerel|adult|Magdalen Shallows,Teleostei,0.1907103825136612,0.16029285099052543,6,6,-0.030417531523135782,0.18110980594084897,0.7114228456913828,2004-2006,Atlantic mackerel,adult,Magdalen Shallows
Atlantic mackerel|adult|Magdalen Shallows,Thoridae,0,0,6,6,0,NA,NA,NA,Atlantic mackerel,adult,Magdalen Shallows
Atlantic mackerel|adult|Magdalen Shallows,Vertebrata,0,0,6,6,0,NA,NA,NA,Atlantic mackerel,adult,Magdalen Shallows
Atlantic mackerel|adult|Magdalen Shallows,egg_larvae,0,0,6,6,0,NA,NA,NA,Atlantic mackerel,adult,Magdalen Shallows
Atlantic mackerel|adult|Magdalen Shallows,other_phyla,0,0.0024008536368486572,6,6,0.0024008536368486572,NA,NA,NA,Atlantic mackerel,adult,Magdalen Shallows
Atlantic mackerel|adult|Magdalen Shallows,plantae_chromista,0.0038038884192730343,0,6,6,-0.0038038884192730343,NA,NA,NA,Atlantic mackerel,adult,Magdalen Shallows
Atlantic mackerel|juvenile|Magdalen Shallows,Amphilochida,0,0,15,15,0,NA,NA,NA,Atlantic mackerel,juvenile,Magdalen Shallows
Atlantic mackerel|juvenile|Magdalen Shallows,Amphipoda,0,0.03860863178706889,15,15,0.03860863178706889,0.2,0.22645290581162325,2018-2019,Atlantic mackerel,juvenile,Magdalen Shallows
Atlantic mackerel|juvenile|Magdalen Shallows,Annelida,0,1.0915044569765326e-4,15,15,1.0915044569765326e-4,NA,NA,NA,Atlantic mackerel,juvenile,Magdalen Shallows
Atlantic mackerel|juvenile|Magdalen Shallows,Argis dentata,0,0,15,15,0,NA,NA,NA,Atlantic mackerel,juvenile,Magdalen Shallows
Atlantic mackerel|juvenile|Magdalen Shallows,Arthropoda,0.05097963866833425,0.16289442241873547,15,15,0.11191478375040123,0.20310323011686762,0.8236472945891784,2018-2019,Atlantic mackerel,juvenile,Magdalen Shallows
Atlantic mackerel|juvenile|Magdalen Shallows,Bivalvia,0.005060550229692804,0.013976056372369738,15,15,0.008915506142676933,0.088610859688696,1,2004-2006,Atlantic mackerel,juvenile,Magdalen Shallows
Atlantic mackerel|juvenile|Magdalen Shallows,Brachyura,0,0,15,15,0,NA,NA,NA,Atlantic mackerel,juvenile,Magdalen Shallows
Atlantic mackerel|juvenile|Magdalen Shallows,Caridea,0,0,15,15,0,NA,NA,NA,Atlantic mackerel,juvenile,Magdalen Shallows
Atlantic mackerel|juvenile|Magdalen Shallows,Chordata,0,0,15,15,0,NA,NA,NA,Atlantic mackerel,juvenile,Magdalen Shallows
Atlantic mackerel|juvenile|Magdalen Shallows,Copepoda,0.7569560458849492,0.6039728865054909,15,15,-0.1529831593794584,0.5191250569209973,0.3106212424849699,2004-2006,Atlantic mackerel,juvenile,Magdalen Shallows
Atlantic mackerel|juvenile|Magdalen Shallows,Crangon septemspinosa,0,0,15,15,0,NA,NA,NA,Atlantic mackerel,juvenile,Magdalen Shallows
Atlantic mackerel|juvenile|Magdalen Shallows,Crangonidae,0,0,15,15,0,NA,NA,NA,Atlantic mackerel,juvenile,Magdalen Shallows
Atlantic mackerel|juvenile|Magdalen Shallows,Cumacea,0,0,15,15,0,NA,NA,NA,Atlantic mackerel,juvenile,Magdalen Shallows
Atlantic mackerel|juvenile|Magdalen Shallows,Decapoda,0.014282965738656651,0.042912012545168944,15,15,0.028629046806512293,0.10003678372419678,1,2018-2019,Atlantic mackerel,juvenile,Magdalen Shallows
Atlantic mackerel|juvenile|Magdalen Shallows,Diastylis,0,0,15,15,0,NA,NA,NA,Atlantic mackerel,juvenile,Magdalen Shallows
Atlantic mackerel|juvenile|Magdalen Shallows,Echinodermata,0,0,15,15,0,NA,NA,NA,Atlantic mackerel,juvenile,Magdalen Shallows
Atlantic mackerel|juvenile|Magdalen Shallows,Echinozoa,1.4861481301994993e-4,0,15,15,-1.4861481301994993e-4,NA,NA,NA,Atlantic mackerel,juvenile,Magdalen Shallows
Atlantic mackerel|juvenile|Magdalen Shallows,Eualus,0,0,15,15,0,NA,NA,NA,Atlantic mackerel,juvenile,Magdalen Shallows
Atlantic mackerel|juvenile|Magdalen Shallows,Eualus macilentus,0,0,15,15,0,NA,NA,NA,Atlantic mackerel,juvenile,Magdalen Shallows
Atlantic mackerel|juvenile|Magdalen Shallows,Eumalacostraca,0,0,15,15,0,NA,NA,NA,Atlantic mackerel,juvenile,Magdalen Shallows
Atlantic mackerel|juvenile|Magdalen Shallows,Euphausiacea,0,0,15,15,0,NA,NA,NA,Atlantic mackerel,juvenile,Magdalen Shallows
Atlantic mackerel|juvenile|Magdalen Shallows,Hyperiidae,2.3750148438427743e-5,7.783611181361898e-4,15,15,7.54610969697762e-4,0.19407809130026268,0.22444889779559118,2018-2019,Atlantic mackerel,juvenile,Magdalen Shallows
Atlantic mackerel|juvenile|Magdalen Shallows,Malacostraca,0,0,15,15,0,NA,NA,NA,Atlantic mackerel,juvenile,Magdalen Shallows
Atlantic mackerel|juvenile|Magdalen Shallows,Mollusca,0.0694392665911855,0.0029943343855754613,15,15,-0.06644493220561004,0.31955365859123797,0.2625250501002004,2004-2006,Atlantic mackerel,juvenile,Magdalen Shallows
Atlantic mackerel|juvenile|Magdalen Shallows,Mysida,0,0.06802011976462913,15,15,0.06802011976462913,0.2,0.250501002004008,2018-2019,Atlantic mackerel,juvenile,Magdalen Shallows
Atlantic mackerel|juvenile|Magdalen Shallows,Nematoda,0.014201183431952666,0,15,15,-0.014201183431952666,NA,NA,NA,Atlantic mackerel,juvenile,Magdalen Shallows
Atlantic mackerel|juvenile|Magdalen Shallows,Oregoniidae,0,0,15,15,0,NA,NA,NA,Atlantic mackerel,juvenile,Magdalen Shallows
Atlantic mackerel|juvenile|Magdalen Shallows,Pandalidae,0,0,15,15,0,NA,NA,NA,Atlantic mackerel,juvenile,Magdalen Shallows
Atlantic mackerel|juvenile|Magdalen Shallows,Pandalus,0,0,15,15,0,NA,NA,NA,Atlantic mackerel,juvenile,Magdalen Shallows
Atlantic mackerel|juvenile|Magdalen Shallows,Pandalus montagui,0,0,15,15,0,NA,NA,NA,Atlantic mackerel,juvenile,Magdalen Shallows
Atlantic mackerel|juvenile|Magdalen Shallows,Perciformes,0,0,15,15,0,NA,NA,NA,Atlantic mackerel,juvenile,Magdalen Shallows
Atlantic mackerel|juvenile|Magdalen Shallows,Polychaeta,0,0.0011633776383268761,15,15,0.0011633776383268761,0.13333333333333333,0.46893787575150303,2018-2019,Atlantic mackerel,juvenile,Magdalen Shallows
Atlantic mackerel|juvenile|Magdalen Shallows,Teleostei,0.08648768798394735,0.06440972243391296,15,15,-0.022077965550034384,0.0764207397546438,1,2004-2006,Atlantic mackerel,juvenile,Magdalen Shallows
Atlantic mackerel|juvenile|Magdalen Shallows,Thoridae,0,0,15,15,0,NA,NA,NA,Atlantic mackerel,juvenile,Magdalen Shallows
Atlantic mackerel|juvenile|Magdalen Shallows,Vertebrata,0,0,15,15,0,NA,NA,NA,Atlantic mackerel,juvenile,Magdalen Shallows
Atlantic mackerel|juvenile|Magdalen Shallows,egg_larvae,0.0022065451738773295,0,15,15,-0.0022065451738773295,0.26666666666666666,0.10821643286573146,2004-2006,Atlantic mackerel,juvenile,Magdalen Shallows
Atlantic mackerel|juvenile|Magdalen Shallows,other_phyla,0,0,15,15,0,NA,NA,NA,Atlantic mackerel,juvenile,Magdalen Shallows
Atlantic mackerel|juvenile|Magdalen Shallows,plantae_chromista,2.1375133594584968e-4,1.609245848877185e-4,15,15,-5.282675105813117e-5,0.03803310613437196,1,2004-2006,Atlantic mackerel,juvenile,Magdalen Shallows
Atlantic mackerel|juvenile|Northumberland,Amphilochida,0,0,5,9,0,NA,NA,NA,Atlantic mackerel,juvenile,Northumberland
Atlantic mackerel|juvenile|Northumberland,Amphipoda,0.0023906709546191694,0.11095720773268246,5,9,0.10856653677806329,0.21753523364960667,0.8236472945891784,2018-2019,Atlantic mackerel,juvenile,Northumberland
Atlantic mackerel|juvenile|Northumberland,Annelida,0,0,5,9,0,NA,NA,NA,Atlantic mackerel,juvenile,Northumberland
Atlantic mackerel|juvenile|Northumberland,Argis dentata,0,0,5,9,0,NA,NA,NA,Atlantic mackerel,juvenile,Northumberland
Atlantic mackerel|juvenile|Northumberland,Arthropoda,0.1661986743241867,0.08847157268216355,5,9,-0.07772710164202315,0.3915620523665864,0.3406813627254509,2004-2006,Atlantic mackerel,juvenile,Northumberland
Atlantic mackerel|juvenile|Northumberland,Bivalvia,0.02671368215794605,0,5,9,-0.02671368215794605,0.4,0.1062124248496994,2004-2006,Atlantic mackerel,juvenile,Northumberland
Atlantic mackerel|juvenile|Northumberland,Brachyura,0,0,5,9,0,NA,NA,NA,Atlantic mackerel,juvenile,Northumberland
Atlantic mackerel|juvenile|Northumberland,Caridea,0,0,5,9,0,NA,NA,NA,Atlantic mackerel,juvenile,Northumberland
Atlantic mackerel|juvenile|Northumberland,Chordata,0,0,5,9,0,NA,NA,NA,Atlantic mackerel,juvenile,Northumberland
Atlantic mackerel|juvenile|Northumberland,Copepoda,0.23222278922533807,0.08858582858677572,5,9,-0.14363696063856235,0.7238670544734017,0.05811623246492986,2004-2006,Atlantic mackerel,juvenile,Northumberland
Atlantic mackerel|juvenile|Northumberland,Crangon septemspinosa,0.30204793494658366,0.29879795104288553,5,9,-0.003249983903698128,0.27627527384518263,0.8396793587174348,2018-2019,Atlantic mackerel,juvenile,Northumberland
Atlantic mackerel|juvenile|Northumberland,Crangonidae,0,0,5,9,0,NA,NA,NA,Atlantic mackerel,juvenile,Northumberland
Atlantic mackerel|juvenile|Northumberland,Cumacea,0,0,5,9,0,NA,NA,NA,Atlantic mackerel,juvenile,Northumberland
Atlantic mackerel|juvenile|Northumberland,Decapoda,0.03950276243093923,0.17615509204221946,5,9,0.13665232961128024,0.3630340856818109,0.34468937875751504,2018-2019,Atlantic mackerel,juvenile,Northumberland
Atlantic mackerel|juvenile|Northumberland,Diastylis,0,0,5,9,0,NA,NA,NA,Atlantic mackerel,juvenile,Northumberland
Atlantic mackerel|juvenile|Northumberland,Echinodermata,0,0,5,9,0,NA,NA,NA,Atlantic mackerel,juvenile,Northumberland
Atlantic mackerel|juvenile|Northumberland,Echinozoa,0,0,5,9,0,NA,NA,NA,Atlantic mackerel,juvenile,Northumberland
Atlantic mackerel|juvenile|Northumberland,Eualus,0,0,5,9,0,NA,NA,NA,Atlantic mackerel,juvenile,Northumberland
Atlantic mackerel|juvenile|Northumberland,Eualus macilentus,0,0,5,9,0,NA,NA,NA,Atlantic mackerel,juvenile,Northumberland
Atlantic mackerel|juvenile|Northumberland,Eumalacostraca,4.705882352941177e-4,0,5,9,-4.705882352941177e-4,NA,NA,NA,Atlantic mackerel,juvenile,Northumberland
Atlantic mackerel|juvenile|Northumberland,Euphausiacea,0.001530441421667962,0,5,9,-0.001530441421667962,0.4,0.10420841683366733,2004-2006,Atlantic mackerel,juvenile,Northumberland
Atlantic mackerel|juvenile|Northumberland,Hyperiidae,0,0,5,9,0,NA,NA,NA,Atlantic mackerel,juvenile,Northumberland
Atlantic mackerel|juvenile|Northumberland,Malacostraca,0,0.01117096673293509,5,9,0.01117096673293509,0.2222222222222222,0.5170340681362725,2018-2019,Atlantic mackerel,juvenile,Northumberland
Atlantic mackerel|juvenile|Northumberland,Mollusca,0.02160915038069322,0,5,9,-0.02160915038069322,0.4,0.09619238476953908,2004-2006,Atlantic mackerel,juvenile,Northumberland
Atlantic mackerel|juvenile|Northumberland,Mysida,0.012384939917916532,0.009048040398401378,5,9,-0.003336899519515154,0.2311379889335747,0.6372745490981964,2004-2006,Atlantic mackerel,juvenile,Northumberland
Atlantic mackerel|juvenile|Northumberland,Nematoda,0,0,5,9,0,NA,NA,NA,Atlantic mackerel,juvenile,Northumberland
Atlantic mackerel|juvenile|Northumberland,Oregoniidae,0,0,5,9,0,NA,NA,NA,Atlantic mackerel,juvenile,Northumberland
Atlantic mackerel|juvenile|Northumberland,Pandalidae,0,0,5,9,0,NA,NA,NA,Atlantic mackerel,juvenile,Northumberland
Atlantic mackerel|juvenile|Northumberland,Pandalus,0,0.037124139089534686,5,9,0.037124139089534686,NA,NA,NA,Atlantic mackerel,juvenile,Northumberland
Atlantic mackerel|juvenile|Northumberland,Pandalus montagui,0.0656393169512703,0,5,9,-0.0656393169512703,NA,NA,NA,Atlantic mackerel,juvenile,Northumberland
Atlantic mackerel|juvenile|Northumberland,Perciformes,0,0.01592876655596174,5,9,0.01592876655596174,NA,NA,NA,Atlantic mackerel,juvenile,Northumberland
Atlantic mackerel|juvenile|Northumberland,Polychaeta,0,0,5,9,0,NA,NA,NA,Atlantic mackerel,juvenile,Northumberland
Atlantic mackerel|juvenile|Northumberland,Teleostei,0.12275913251422446,0.14888894332936817,5,9,0.026129810815143706,0.18269832253489407,0.9478957915831663,2018-2019,Atlantic mackerel,juvenile,Northumberland
Atlantic mackerel|juvenile|Northumberland,Thoridae,0,0.0051962938923619416,5,9,0.0051962938923619416,NA,NA,NA,Atlantic mackerel,juvenile,Northumberland
Atlantic mackerel|juvenile|Northumberland,Vertebrata,0,0,5,9,0,NA,NA,NA,Atlantic mackerel,juvenile,Northumberland
Atlantic mackerel|juvenile|Northumberland,egg_larvae,2.7624309392265195e-4,0,5,9,-2.7624309392265195e-4,NA,NA,NA,Atlantic mackerel,juvenile,Northumberland
Atlantic mackerel|juvenile|Northumberland,other_phyla,0,0,5,9,0,NA,NA,NA,Atlantic mackerel,juvenile,Northumberland
Atlantic mackerel|juvenile|Northumberland,plantae_chromista,0.006253673445397907,0.009675197914710285,5,9,0.0034215244693123776,0.07851998178677527,1,2004-2006,Atlantic mackerel,juvenile,Northumberland
Atlantic poacher|one_class|Chaleur Bay,Amphilochida,0,0.03098913184111787,10,4,0.03098913184111787,0.5,0.06212424849699399,2018-2019,Atlantic poacher,one_class,Chaleur Bay
Atlantic poacher|one_class|Chaleur Bay,Amphipoda,0.29559230108442613,0.5810016355316667,10,4,0.2854093344472406,0.6627944949910352,0.250501002004008,2018-2019,Atlantic poacher,one_class,Chaleur Bay
Atlantic poacher|one_class|Chaleur Bay,Annelida,0,0,10,4,0,NA,NA,NA,Atlantic poacher,one_class,Chaleur Bay
Atlantic poacher|one_class|Chaleur Bay,Argis dentata,0,0,10,4,0,NA,NA,NA,Atlantic poacher,one_class,Chaleur Bay
Atlantic poacher|one_class|Chaleur Bay,Arthropoda,0.44710554743996367,0.1821103421109474,10,4,-0.26499520532901627,0.6395181675770583,0.11422845691382766,2004-2006,Atlantic poacher,one_class,Chaleur Bay
Atlantic poacher|one_class|Chaleur Bay,Bivalvia,0,0,10,4,0,NA,NA,NA,Atlantic poacher,one_class,Chaleur Bay
Atlantic poacher|one_class|Chaleur Bay,Brachyura,0,0,10,4,0,NA,NA,NA,Atlantic poacher,one_class,Chaleur Bay
Atlantic poacher|one_class|Chaleur Bay,Caridea,0,0,10,4,0,NA,NA,NA,Atlantic poacher,one_class,Chaleur Bay
Atlantic poacher|one_class|Chaleur Bay,Chordata,0,0,10,4,0,NA,NA,NA,Atlantic poacher,one_class,Chaleur Bay
Atlantic poacher|one_class|Chaleur Bay,Copepoda,0.10815031721895249,0.06519047547529232,10,4,-0.042959841743660174,0.4991338301294997,0.7054108216432866,2004-2006,Atlantic poacher,one_class,Chaleur Bay
Atlantic poacher|one_class|Chaleur Bay,Crangon septemspinosa,0,0,10,4,0,NA,NA,NA,Atlantic poacher,one_class,Chaleur Bay
Atlantic poacher|one_class|Chaleur Bay,Crangonidae,0,0,10,4,0,NA,NA,NA,Atlantic poacher,one_class,Chaleur Bay
Atlantic poacher|one_class|Chaleur Bay,Cumacea,0,0.004745743212149103,10,4,0.004745743212149103,NA,NA,NA,Atlantic poacher,one_class,Chaleur Bay
Atlantic poacher|one_class|Chaleur Bay,Decapoda,0.0020710059171597634,0.023498619420156464,10,4,0.0214276135029967,0.22975130755888176,0.3066132264529058,2018-2019,Atlantic poacher,one_class,Chaleur Bay
Atlantic poacher|one_class|Chaleur Bay,Diastylis,5.555555555555556e-4,0,10,4,-5.555555555555556e-4,NA,NA,NA,Atlantic poacher,one_class,Chaleur Bay
Atlantic poacher|one_class|Chaleur Bay,Echinodermata,0,0,10,4,0,NA,NA,NA,Atlantic poacher,one_class,Chaleur Bay
Atlantic poacher|one_class|Chaleur Bay,Echinozoa,0,0,10,4,0,NA,NA,NA,Atlantic poacher,one_class,Chaleur Bay
Atlantic poacher|one_class|Chaleur Bay,Eualus,0,0,10,4,0,NA,NA,NA,Atlantic poacher,one_class,Chaleur Bay
Atlantic poacher|one_class|Chaleur Bay,Eualus macilentus,0,0,10,4,0,NA,NA,NA,Atlantic poacher,one_class,Chaleur Bay
Atlantic poacher|one_class|Chaleur Bay,Eumalacostraca,0,0,10,4,0,NA,NA,NA,Atlantic poacher,one_class,Chaleur Bay
Atlantic poacher|one_class|Chaleur Bay,Euphausiacea,0.012841289145636972,0,10,4,-0.012841289145636972,0.2,0.7635270541082164,2004-2006,Atlantic poacher,one_class,Chaleur Bay
Atlantic poacher|one_class|Chaleur Bay,Hyperiidae,0,0,10,4,0,NA,NA,NA,Atlantic poacher,one_class,Chaleur Bay
Atlantic poacher|one_class|Chaleur Bay,Malacostraca,0,0,10,4,0,NA,NA,NA,Atlantic poacher,one_class,Chaleur Bay
Atlantic poacher|one_class|Chaleur Bay,Mollusca,0,0,10,4,0,NA,NA,NA,Atlantic poacher,one_class,Chaleur Bay
Atlantic poacher|one_class|Chaleur Bay,Mysida,0.11570287078268877,0.11156810860561436,10,4,-0.004134762177074411,0.4581868920734683,0.5771543086172345,2004-2006,Atlantic poacher,one_class,Chaleur Bay
Atlantic poacher|one_class|Chaleur Bay,Nematoda,1.3377926421404682e-4,7.233713226139695e-4,10,4,5.895920583999227e-4,0.4219627996119607,0.12424849699398798,2018-2019,Atlantic poacher,one_class,Chaleur Bay
Atlantic poacher|one_class|Chaleur Bay,Oregoniidae,0,0,10,4,0,NA,NA,NA,Atlantic poacher,one_class,Chaleur Bay
Atlantic poacher|one_class|Chaleur Bay,Pandalidae,0,0,10,4,0,NA,NA,NA,Atlantic poacher,one_class,Chaleur Bay
Atlantic poacher|one_class|Chaleur Bay,Pandalus,0.007788161993769471,0,10,4,-0.007788161993769471,NA,NA,NA,Atlantic poacher,one_class,Chaleur Bay
Atlantic poacher|one_class|Chaleur Bay,Pandalus montagui,0,0,10,4,0,NA,NA,NA,Atlantic poacher,one_class,Chaleur Bay
Atlantic poacher|one_class|Chaleur Bay,Perciformes,0,0,10,4,0,NA,NA,NA,Atlantic poacher,one_class,Chaleur Bay
Atlantic poacher|one_class|Chaleur Bay,Polychaeta,0.010059171597633138,1.7257248044178554e-4,10,4,-0.009886599117191351,0.0983133620316835,1,2004-2006,Atlantic poacher,one_class,Chaleur Bay
Atlantic poacher|one_class|Chaleur Bay,Teleostei,0,0,10,4,0,NA,NA,NA,Atlantic poacher,one_class,Chaleur Bay
Atlantic poacher|one_class|Chaleur Bay,Thoridae,0,0,10,4,0,NA,NA,NA,Atlantic poacher,one_class,Chaleur Bay
Atlantic poacher|one_class|Chaleur Bay,Vertebrata,0,0,10,4,0,NA,NA,NA,Atlantic poacher,one_class,Chaleur Bay
Atlantic poacher|one_class|Chaleur Bay,egg_larvae,0,0,10,4,0,NA,NA,NA,Atlantic poacher,one_class,Chaleur Bay
Atlantic poacher|one_class|Chaleur Bay,other_phyla,0,0,10,4,0,NA,NA,NA,Atlantic poacher,one_class,Chaleur Bay
Atlantic poacher|one_class|Chaleur Bay,plantae_chromista,0,0,10,4,0,NA,NA,NA,Atlantic poacher,one_class,Chaleur Bay
Atlantic poacher|one_class|Magdalen Shallows,Amphilochida,0.01329197013419307,0.14528326853300946,103,25,0.1319912983988164,0.549707267366924,0.002004008016032064,2018-2019,Atlantic poacher,one_class,Magdalen Shallows
Atlantic poacher|one_class|Magdalen Shallows,Amphipoda,0.3942173101658215,0.48572332281601294,103,25,0.09150601265019143,0.4636762707307253,0.7394789579158316,2018-2019,Atlantic poacher,one_class,Magdalen Shallows
Atlantic poacher|one_class|Magdalen Shallows,Annelida,2.3434884499497826e-4,0.013333333333333332,103,25,0.013098984488338353,0.03930909689093601,0.18236472945891782,2018-2019,Atlantic poacher,one_class,Magdalen Shallows
Atlantic poacher|one_class|Magdalen Shallows,Argis dentata,0.001147210737143108,0,103,25,-0.001147210737143108,0.019417475728155338,0.8517034068136272,2004-2006,Atlantic poacher,one_class,Magdalen Shallows
Atlantic poacher|one_class|Magdalen Shallows,Arthropoda,0.33714617275714975,0.03675848541594919,103,25,-0.3003876873412006,0.7003419169302472,0.002004008016032064,2004-2006,Atlantic poacher,one_class,Magdalen Shallows
Atlantic poacher|one_class|Magdalen Shallows,Bivalvia,0,0,103,25,0,NA,NA,NA,Atlantic poacher,one_class,Magdalen Shallows
Atlantic poacher|one_class|Magdalen Shallows,Brachyura,0,0,103,25,0,NA,NA,NA,Atlantic poacher,one_class,Magdalen Shallows
Atlantic poacher|one_class|Magdalen Shallows,Caridea,0,0,103,25,0,NA,NA,NA,Atlantic poacher,one_class,Magdalen Shallows
Atlantic poacher|one_class|Magdalen Shallows,Chordata,0,0,103,25,0,NA,NA,NA,Atlantic poacher,one_class,Magdalen Shallows
Atlantic poacher|one_class|Magdalen Shallows,Copepoda,0.11443660531008362,0.11913820639117535,103,25,0.00470160108109173,0.3282092561666088,0.7074148296593187,2004-2006,Atlantic poacher,one_class,Magdalen Shallows
Atlantic poacher|one_class|Magdalen Shallows,Crangon septemspinosa,0,0,103,25,0,NA,NA,NA,Atlantic poacher,one_class,Magdalen Shallows
Atlantic poacher|one_class|Magdalen Shallows,Crangonidae,0.0019200899799429081,0,103,25,-0.0019200899799429081,0.019417475728155338,0.8657314629258517,2004-2006,Atlantic poacher,one_class,Magdalen Shallows
Atlantic poacher|one_class|Magdalen Shallows,Cumacea,0,2.0977381972979857e-4,103,25,2.0977381972979857e-4,0.08,0.026052104208416832,2018-2019,Atlantic poacher,one_class,Magdalen Shallows
Atlantic poacher|one_class|Magdalen Shallows,Decapoda,0.009846009487296064,0.10905536704557445,103,25,0.09920935755827838,0.18343835912686157,0.018036072144288578,2018-2019,Atlantic poacher,one_class,Magdalen Shallows
Atlantic poacher|one_class|Magdalen Shallows,Diastylis,0.010510177524183067,0,103,25,-0.010510177524183067,0.05825242718446602,0.3787575150300601,2004-2006,Atlantic poacher,one_class,Magdalen Shallows
Atlantic poacher|one_class|Magdalen Shallows,Echinodermata,0,0,103,25,0,NA,NA,NA,Atlantic poacher,one_class,Magdalen Shallows
Atlantic poacher|one_class|Magdalen Shallows,Echinozoa,0,0,103,25,0,NA,NA,NA,Atlantic poacher,one_class,Magdalen Shallows
Atlantic poacher|one_class|Magdalen Shallows,Eualus,0.0010492712174807457,0,103,25,-0.0010492712174807457,0.019417475728155338,1,2004-2006,Atlantic poacher,one_class,Magdalen Shallows
Atlantic poacher|one_class|Magdalen Shallows,Eualus macilentus,2.530269520560783e-4,0,103,25,-2.530269520560783e-4,NA,NA,NA,Atlantic poacher,one_class,Magdalen Shallows
Atlantic poacher|one_class|Magdalen Shallows,Eumalacostraca,3.625272845898638e-4,1.1747430249632892e-5,103,25,-3.507798543402309e-4,0.06582805529135924,0.5130260521042084,2004-2006,Atlantic poacher,one_class,Magdalen Shallows
Atlantic poacher|one_class|Magdalen Shallows,Euphausiacea,3.069318126746684e-4,0.05024166671375303,103,25,0.049934734901078366,0.15902847771333817,0.004008016032064128,2018-2019,Atlantic poacher,one_class,Magdalen Shallows
Atlantic poacher|one_class|Magdalen Shallows,Hyperiidae,9.554104951566761e-4,0,103,25,-9.554104951566761e-4,NA,NA,NA,Atlantic poacher,one_class,Magdalen Shallows
Atlantic poacher|one_class|Magdalen Shallows,Malacostraca,0,0,103,25,0,NA,NA,NA,Atlantic poacher,one_class,Magdalen Shallows
Atlantic poacher|one_class|Magdalen Shallows,Mollusca,0,0,103,25,0,NA,NA,NA,Atlantic poacher,one_class,Magdalen Shallows
Atlantic poacher|one_class|Magdalen Shallows,Mysida,0.09551254541412296,0.018888221678864007,103,25,-0.07662432373525896,0.5268750274303858,0.004008016032064128,2004-2006,Atlantic poacher,one_class,Magdalen Shallows
Atlantic poacher|one_class|Magdalen Shallows,Nematoda,3.6059459581925607e-4,0.001371376372745535,103,25,0.001010781776926279,0.22170428450480426,0.028056112224448898,2018-2019,Atlantic poacher,one_class,Magdalen Shallows
Atlantic poacher|one_class|Magdalen Shallows,Oregoniidae,0,0,103,25,0,NA,NA,NA,Atlantic poacher,one_class,Magdalen Shallows
Atlantic poacher|one_class|Magdalen Shallows,Pandalidae,0,0,103,25,0,NA,NA,NA,Atlantic poacher,one_class,Magdalen Shallows
Atlantic poacher|one_class|Magdalen Shallows,Pandalus,0.0010124443490854478,0,103,25,-0.0010124443490854478,NA,NA,NA,Atlantic poacher,one_class,Magdalen Shallows
Atlantic poacher|one_class|Magdalen Shallows,Pandalus montagui,0,0,103,25,0,NA,NA,NA,Atlantic poacher,one_class,Magdalen Shallows
Atlantic poacher|one_class|Magdalen Shallows,Perciformes,0,0.008567594766856762,103,25,0.008567594766856762,NA,NA,NA,Atlantic poacher,one_class,Magdalen Shallows
Atlantic poacher|one_class|Magdalen Shallows,Polychaeta,0.015789656847466388,0.011286925271662277,103,25,-0.00450273157580411,0.10757100485597566,0.8256513026052105,2004-2006,Atlantic poacher,one_class,Magdalen Shallows
Atlantic poacher|one_class|Magdalen Shallows,Teleostei,0.0010227305465126328,3.137049866021828e-5,103,25,-9.913600478524145e-4,0.00941980166621296,1,2004-2006,Atlantic poacher,one_class,Magdalen Shallows
Atlantic poacher|one_class|Magdalen Shallows,Thoridae,4.503322530087159e-4,0,103,25,-4.503322530087159e-4,NA,NA,NA,Atlantic poacher,one_class,Magdalen Shallows
Atlantic poacher|one_class|Magdalen Shallows,Vertebrata,0,0,103,25,0,NA,NA,NA,Atlantic poacher,one_class,Magdalen Shallows
Atlantic poacher|one_class|Magdalen Shallows,egg_larvae,0,0,103,25,0,NA,NA,NA,Atlantic poacher,one_class,Magdalen Shallows
Atlantic poacher|one_class|Magdalen Shallows,other_phyla,0,0,103,25,0,NA,NA,NA,Atlantic poacher,one_class,Magdalen Shallows
Atlantic poacher|one_class|Magdalen Shallows,plantae_chromista,1.7463329121855428e-4,9.933991242402456e-5,103,25,-7.529337879452972e-5,0.04331913402362421,0.6753507014028056,2004-2006,Atlantic poacher,one_class,Magdalen Shallows
Atlantic spiny lumpsucker|one_class|Magdalen Shallows,Amphilochida,0,0,65,23,0,NA,NA,NA,Atlantic spiny lumpsucker,one_class,Magdalen Shallows
Atlantic spiny lumpsucker|one_class|Magdalen Shallows,Amphipoda,0.02912288289131246,0.13205578227914178,65,23,0.10293289938782932,0.2493561428639791,0.07014028056112225,2018-2019,Atlantic spiny lumpsucker,one_class,Magdalen Shallows
Atlantic spiny lumpsucker|one_class|Magdalen Shallows,Annelida,0,0.011388682366294341,65,23,0.011388682366294341,NA,NA,NA,Atlantic spiny lumpsucker,one_class,Magdalen Shallows
Atlantic spiny lumpsucker|one_class|Magdalen Shallows,Argis dentata,0,0,65,23,0,NA,NA,NA,Atlantic spiny lumpsucker,one_class,Magdalen Shallows
Atlantic spiny lumpsucker|one_class|Magdalen Shallows,Arthropoda,0.1685113084636758,0.02840686255251752,65,23,-0.14010444591115828,0.3949582187301668,0.012024048096192385,2004-2006,Atlantic spiny lumpsucker,one_class,Magdalen Shallows
Atlantic spiny lumpsucker|one_class|Magdalen Shallows,Bivalvia,0,1.8966037902614e-4,65,23,1.8966037902614e-4,NA,NA,NA,Atlantic spiny lumpsucker,one_class,Magdalen Shallows
Atlantic spiny lumpsucker|one_class|Magdalen Shallows,Brachyura,0,0.03765259328817453,65,23,0.03765259328817453,NA,NA,NA,Atlantic spiny lumpsucker,one_class,Magdalen Shallows
Atlantic spiny lumpsucker|one_class|Magdalen Shallows,Caridea,0,0,65,23,0,NA,NA,NA,Atlantic spiny lumpsucker,one_class,Magdalen Shallows
Atlantic spiny lumpsucker|one_class|Magdalen Shallows,Chordata,0.020290773673170233,0,65,23,-0.020290773673170233,0.13846153846153847,0.10821643286573146,2004-2006,Atlantic spiny lumpsucker,one_class,Magdalen Shallows
Atlantic spiny lumpsucker|one_class|Magdalen Shallows,Copepoda,0.001224740495461278,0,65,23,-0.001224740495461278,0.07692307692307693,0.3927855711422846,2004-2006,Atlantic spiny lumpsucker,one_class,Magdalen Shallows
Atlantic spiny lumpsucker|one_class|Magdalen Shallows,Crangon septemspinosa,0,0.01826525761509489,65,23,0.01826525761509489,NA,NA,NA,Atlantic spiny lumpsucker,one_class,Magdalen Shallows
Atlantic spiny lumpsucker|one_class|Magdalen Shallows,Crangonidae,0,0,65,23,0,NA,NA,NA,Atlantic spiny lumpsucker,one_class,Magdalen Shallows
Atlantic spiny lumpsucker|one_class|Magdalen Shallows,Cumacea,0,0,65,23,0,NA,NA,NA,Atlantic spiny lumpsucker,one_class,Magdalen Shallows
Atlantic spiny lumpsucker|one_class|Magdalen Shallows,Decapoda,0.0035546977089839847,0.028752701232834132,65,23,0.025198003523850147,0.11608338825020997,0.056112224448897796,2018-2019,Atlantic spiny lumpsucker,one_class,Magdalen Shallows
Atlantic spiny lumpsucker|one_class|Magdalen Shallows,Diastylis,0,0,65,23,0,NA,NA,NA,Atlantic spiny lumpsucker,one_class,Magdalen Shallows
Atlantic spiny lumpsucker|one_class|Magdalen Shallows,Echinodermata,0,0.001057518995921806,65,23,0.001057518995921806,0.08695652173913043,0.05410821643286573,2018-2019,Atlantic spiny lumpsucker,one_class,Magdalen Shallows
Atlantic spiny lumpsucker|one_class|Magdalen Shallows,Echinozoa,0.004195596399542839,9.123848114175585e-5,65,23,-0.004104357918401083,0.04517153474248274,0.6773547094188377,2004-2006,Atlantic spiny lumpsucker,one_class,Magdalen Shallows
Atlantic spiny lumpsucker|one_class|Magdalen Shallows,Eualus,0,0,65,23,0,NA,NA,NA,Atlantic spiny lumpsucker,one_class,Magdalen Shallows
Atlantic spiny lumpsucker|one_class|Magdalen Shallows,Eualus macilentus,0,0,65,23,0,NA,NA,NA,Atlantic spiny lumpsucker,one_class,Magdalen Shallows
Atlantic spiny lumpsucker|one_class|Magdalen Shallows,Eumalacostraca,0.012997358906618725,1.0588020136489206e-4,65,23,-0.012891478705253832,0.12208240490539585,0.2124248496993988,2004-2006,Atlantic spiny lumpsucker,one_class,Magdalen Shallows
Atlantic spiny lumpsucker|one_class|Magdalen Shallows,Euphausiacea,0.01824375945795891,0.08416313855411872,65,23,0.06591937909615982,0.1786631059377353,0.028056112224448898,2018-2019,Atlantic spiny lumpsucker,one_class,Magdalen Shallows
Atlantic spiny lumpsucker|one_class|Magdalen Shallows,Hyperiidae,0.5955425272426298,0.47090303461408495,65,23,-0.12463949262854485,0.4811148464137725,0.25851703406813625,2004-2006,Atlantic spiny lumpsucker,one_class,Magdalen Shallows
Atlantic spiny lumpsucker|one_class|Magdalen Shallows,Malacostraca,0,0.08153391564113388,65,23,0.08153391564113388,0.08695652173913043,0.050100200400801605,2018-2019,Atlantic spiny lumpsucker,one_class,Magdalen Shallows
Atlantic spiny lumpsucker|one_class|Magdalen Shallows,Mollusca,1.4160336307987313e-5,0,65,23,-1.4160336307987313e-5,NA,NA,NA,Atlantic spiny lumpsucker,one_class,Magdalen Shallows
Atlantic spiny lumpsucker|one_class|Magdalen Shallows,Mysida,0.0337481252530003,0,65,23,-0.0337481252530003,0.24615384615384617,0.014028056112224449,2004-2006,Atlantic spiny lumpsucker,one_class,Magdalen Shallows
Atlantic spiny lumpsucker|one_class|Magdalen Shallows,Nematoda,8.165389973921784e-6,0,65,23,-8.165389973921784e-6,NA,NA,NA,Atlantic spiny lumpsucker,one_class,Magdalen Shallows
Atlantic spiny lumpsucker|one_class|Magdalen Shallows,Oregoniidae,0,0,65,23,0,NA,NA,NA,Atlantic spiny lumpsucker,one_class,Magdalen Shallows
Atlantic spiny lumpsucker|one_class|Magdalen Shallows,Pandalidae,0,0,65,23,0,NA,NA,NA,Atlantic spiny lumpsucker,one_class,Magdalen Shallows
Atlantic spiny lumpsucker|one_class|Magdalen Shallows,Pandalus,0,0,65,23,0,NA,NA,NA,Atlantic spiny lumpsucker,one_class,Magdalen Shallows
Atlantic spiny lumpsucker|one_class|Magdalen Shallows,Pandalus montagui,7.090738580479882e-5,0,65,23,-7.090738580479882e-5,NA,NA,NA,Atlantic spiny lumpsucker,one_class,Magdalen Shallows
Atlantic spiny lumpsucker|one_class|Magdalen Shallows,Perciformes,0.005351170568561873,0,65,23,-0.005351170568561873,NA,NA,NA,Atlantic spiny lumpsucker,one_class,Magdalen Shallows
Atlantic spiny lumpsucker|one_class|Magdalen Shallows,Polychaeta,0.05422806016725662,0.005434123624931283,65,23,-0.048793936542325334,0.2656838573161484,0.07214428857715431,2004-2006,Atlantic spiny lumpsucker,one_class,Magdalen Shallows
Atlantic spiny lumpsucker|one_class|Magdalen Shallows,Teleostei,0.011499083406001684,3.6107918264568773e-4,65,23,-0.011138004223355997,0.10441364686888967,0.33266533066132264,2004-2006,Atlantic spiny lumpsucker,one_class,Magdalen Shallows
Atlantic spiny lumpsucker|one_class|Magdalen Shallows,Thoridae,2.6253609871357308e-5,0,65,23,-2.6253609871357308e-5,NA,NA,NA,Atlantic spiny lumpsucker,one_class,Magdalen Shallows
Atlantic spiny lumpsucker|one_class|Magdalen Shallows,Vertebrata,0,0,65,23,0,NA,NA,NA,Atlantic spiny lumpsucker,one_class,Magdalen Shallows
Atlantic spiny lumpsucker|one_class|Magdalen Shallows,egg_larvae,0.041244788714782286,0.055881131409319176,65,23,0.01463634269453689,0.20012078390579352,0.250501002004008,2018-2019,Atlantic spiny lumpsucker,one_class,Magdalen Shallows
Atlantic spiny lumpsucker|one_class|Magdalen Shallows,other_phyla,0,0,65,23,0,NA,NA,NA,Atlantic spiny lumpsucker,one_class,Magdalen Shallows
Atlantic spiny lumpsucker|one_class|Magdalen Shallows,plantae_chromista,1.256399290851694e-4,0.04375739958225448,65,23,0.043631759653169316,0.086707559694877,0.3346693386773547,2018-2019,Atlantic spiny lumpsucker,one_class,Magdalen Shallows
Capelin|adult|Magdalen Shallows,Amphilochida,0,0,17,6,0,NA,NA,NA,Capelin,adult,Magdalen Shallows
Capelin|adult|Magdalen Shallows,Amphipoda,0,0,17,6,0,NA,NA,NA,Capelin,adult,Magdalen Shallows
Capelin|adult|Magdalen Shallows,Annelida,0,0,17,6,0,NA,NA,NA,Capelin,adult,Magdalen Shallows
Capelin|adult|Magdalen Shallows,Argis dentata,0,0,17,6,0,NA,NA,NA,Capelin,adult,Magdalen Shallows
Capelin|adult|Magdalen Shallows,Arthropoda,0.002250080360012858,0,17,6,-0.002250080360012858,NA,NA,NA,Capelin,adult,Magdalen Shallows
Capelin|adult|Magdalen Shallows,Bivalvia,0,0,17,6,0,NA,NA,NA,Capelin,adult,Magdalen Shallows
Capelin|adult|Magdalen Shallows,Brachyura,0,0,17,6,0,NA,NA,NA,Capelin,adult,Magdalen Shallows
Capelin|adult|Magdalen Shallows,Caridea,0,0,17,6,0,NA,NA,NA,Capelin,adult,Magdalen Shallows
Capelin|adult|Magdalen Shallows,Chordata,0,0,17,6,0,NA,NA,NA,Capelin,adult,Magdalen Shallows
Capelin|adult|Magdalen Shallows,Copepoda,0.051460923504568955,0,17,6,-0.051460923504568955,0.11764705882352941,0.781563126252505,2004-2006,Capelin,adult,Magdalen Shallows
Capelin|adult|Magdalen Shallows,Crangon septemspinosa,0,0,17,6,0,NA,NA,NA,Capelin,adult,Magdalen Shallows
Capelin|adult|Magdalen Shallows,Crangonidae,0,0,17,6,0,NA,NA,NA,Capelin,adult,Magdalen Shallows
Capelin|adult|Magdalen Shallows,Cumacea,0,0,17,6,0,NA,NA,NA,Capelin,adult,Magdalen Shallows
Capelin|adult|Magdalen Shallows,Decapoda,0,0.3028198222739038,17,6,0.3028198222739038,0.3333333333333333,0.07414829659318638,2018-2019,Capelin,adult,Magdalen Shallows
Capelin|adult|Magdalen Shallows,Diastylis,0,0,17,6,0,NA,NA,NA,Capelin,adult,Magdalen Shallows
Capelin|adult|Magdalen Shallows,Echinodermata,0,0,17,6,0,NA,NA,NA,Capelin,adult,Magdalen Shallows
Capelin|adult|Magdalen Shallows,Echinozoa,0,0,17,6,0,NA,NA,NA,Capelin,adult,Magdalen Shallows
Capelin|adult|Magdalen Shallows,Eualus,0,0,17,6,0,NA,NA,NA,Capelin,adult,Magdalen Shallows
Capelin|adult|Magdalen Shallows,Eualus macilentus,0,0,17,6,0,NA,NA,NA,Capelin,adult,Magdalen Shallows
Capelin|adult|Magdalen Shallows,Eumalacostraca,0,0,17,6,0,NA,NA,NA,Capelin,adult,Magdalen Shallows
Capelin|adult|Magdalen Shallows,Euphausiacea,0.5176912870411323,0.3333333333333333,17,6,-0.184357953707799,0.3578325223549793,0.5971943887775552,2004-2006,Capelin,adult,Magdalen Shallows
Capelin|adult|Magdalen Shallows,Hyperiidae,0.007402266832285509,0.004700720777185835,17,6,-0.002701546055099674,0.07195371502849889,1,2004-2006,Capelin,adult,Magdalen Shallows
Capelin|adult|Magdalen Shallows,Malacostraca,0,0,17,6,0,NA,NA,NA,Capelin,adult,Magdalen Shallows
Capelin|adult|Magdalen Shallows,Mollusca,0,0,17,6,0,NA,NA,NA,Capelin,adult,Magdalen Shallows
Capelin|adult|Magdalen Shallows,Mysida,0.3624765237780542,0.3333333333333333,17,6,-0.029143190444720912,0.24514913940483923,0.9519038076152304,2004-2006,Capelin,adult,Magdalen Shallows
Capelin|adult|Magdalen Shallows,Nematoda,0,0.025812790282243658,17,6,0.025812790282243658,NA,NA,NA,Capelin,adult,Magdalen Shallows
Capelin|adult|Magdalen Shallows,Oregoniidae,0,0,17,6,0,NA,NA,NA,Capelin,adult,Magdalen Shallows
Capelin|adult|Magdalen Shallows,Pandalidae,0,0,17,6,0,NA,NA,NA,Capelin,adult,Magdalen Shallows
Capelin|adult|Magdalen Shallows,Pandalus,0,0,17,6,0,NA,NA,NA,Capelin,adult,Magdalen Shallows
Capelin|adult|Magdalen Shallows,Pandalus montagui,0,0,17,6,0,NA,NA,NA,Capelin,adult,Magdalen Shallows
Capelin|adult|Magdalen Shallows,Perciformes,0,0,17,6,0,NA,NA,NA,Capelin,adult,Magdalen Shallows
Capelin|adult|Magdalen Shallows,Polychaeta,0,0,17,6,0,NA,NA,NA,Capelin,adult,Magdalen Shallows
Capelin|adult|Magdalen Shallows,Teleostei,0.012183149593626779,0,17,6,-0.012183149593626779,NA,NA,NA,Capelin,adult,Magdalen Shallows
Capelin|adult|Magdalen Shallows,Thoridae,0,0,17,6,0,NA,NA,NA,Capelin,adult,Magdalen Shallows
Capelin|adult|Magdalen Shallows,Vertebrata,0,0,17,6,0,NA,NA,NA,Capelin,adult,Magdalen Shallows
Capelin|adult|Magdalen Shallows,egg_larvae,0.04653576889031946,0,17,6,-0.04653576889031946,NA,NA,NA,Capelin,adult,Magdalen Shallows
Capelin|adult|Magdalen Shallows,other_phyla,0,0,17,6,0,NA,NA,NA,Capelin,adult,Magdalen Shallows
Capelin|adult|Magdalen Shallows,plantae_chromista,0,0,17,6,0,NA,NA,NA,Capelin,adult,Magdalen Shallows
Capelin|juvenile|Chaleur Bay,Amphilochida,0,0,17,5,0,NA,NA,NA,Capelin,juvenile,Chaleur Bay
Capelin|juvenile|Chaleur Bay,Amphipoda,0,0.024281589440395986,17,5,0.024281589440395986,NA,NA,NA,Capelin,juvenile,Chaleur Bay
Capelin|juvenile|Chaleur Bay,Annelida,0,0,17,5,0,NA,NA,NA,Capelin,juvenile,Chaleur Bay
Capelin|juvenile|Chaleur Bay,Argis dentata,0,0,17,5,0,NA,NA,NA,Capelin,juvenile,Chaleur Bay
Capelin|juvenile|Chaleur Bay,Arthropoda,0.1926837359155876,0.0664346725719709,17,5,-0.12624906334361669,0.21870961374292874,0.7354709418837675,2004-2006,Capelin,juvenile,Chaleur Bay
Capelin|juvenile|Chaleur Bay,Bivalvia,0,0,17,5,0,NA,NA,NA,Capelin,juvenile,Chaleur Bay
Capelin|juvenile|Chaleur Bay,Brachyura,0,0,17,5,0,NA,NA,NA,Capelin,juvenile,Chaleur Bay
Capelin|juvenile|Chaleur Bay,Caridea,0,0,17,5,0,NA,NA,NA,Capelin,juvenile,Chaleur Bay
Capelin|juvenile|Chaleur Bay,Chordata,0,0,17,5,0,NA,NA,NA,Capelin,juvenile,Chaleur Bay
Capelin|juvenile|Chaleur Bay,Copepoda,0.23022084377292554,0.13356532742802912,17,5,-0.09665551634489641,0.40948898038614273,0.44488977955911824,2004-2006,Capelin,juvenile,Chaleur Bay
Capelin|juvenile|Chaleur Bay,Crangon septemspinosa,0,0,17,5,0,NA,NA,NA,Capelin,juvenile,Chaleur Bay
Capelin|juvenile|Chaleur Bay,Crangonidae,0,0,17,5,0,NA,NA,NA,Capelin,juvenile,Chaleur Bay
Capelin|juvenile|Chaleur Bay,Cumacea,0,0,17,5,0,NA,NA,NA,Capelin,juvenile,Chaleur Bay
Capelin|juvenile|Chaleur Bay,Decapoda,0,0,17,5,0,NA,NA,NA,Capelin,juvenile,Chaleur Bay
Capelin|juvenile|Chaleur Bay,Diastylis,0,0,17,5,0,NA,NA,NA,Capelin,juvenile,Chaleur Bay
Capelin|juvenile|Chaleur Bay,Echinodermata,0,0,17,5,0,NA,NA,NA,Capelin,juvenile,Chaleur Bay
Capelin|juvenile|Chaleur Bay,Echinozoa,0,0,17,5,0,NA,NA,NA,Capelin,juvenile,Chaleur Bay
Capelin|juvenile|Chaleur Bay,Eualus,0,0,17,5,0,NA,NA,NA,Capelin,juvenile,Chaleur Bay
Capelin|juvenile|Chaleur Bay,Eualus macilentus,0,0,17,5,0,NA,NA,NA,Capelin,juvenile,Chaleur Bay
Capelin|juvenile|Chaleur Bay,Eumalacostraca,0,0,17,5,0,NA,NA,NA,Capelin,juvenile,Chaleur Bay
Capelin|juvenile|Chaleur Bay,Euphausiacea,0.30178105858729104,0.15979650763096384,17,5,-0.1419845509563272,0.26921323288771776,0.46292585170340683,2004-2006,Capelin,juvenile,Chaleur Bay
Capelin|juvenile|Chaleur Bay,Hyperiidae,5.060088551549652e-4,0,17,5,-5.060088551549652e-4,NA,NA,NA,Capelin,juvenile,Chaleur Bay
Capelin|juvenile|Chaleur Bay,Malacostraca,0,0.2,17,5,0.2,NA,NA,NA,Capelin,juvenile,Chaleur Bay
Capelin|juvenile|Chaleur Bay,Mollusca,0,0,17,5,0,NA,NA,NA,Capelin,juvenile,Chaleur Bay
Capelin|juvenile|Chaleur Bay,Mysida,0.2748083528690409,0.4159219029286402,17,5,0.1411135500595993,0.3612888528662912,0.4749498997995992,2018-2019,Capelin,juvenile,Chaleur Bay
Capelin|juvenile|Chaleur Bay,Nematoda,0,0,17,5,0,NA,NA,NA,Capelin,juvenile,Chaleur Bay
Capelin|juvenile|Chaleur Bay,Oregoniidae,0,0,17,5,0,NA,NA,NA,Capelin,juvenile,Chaleur Bay
Capelin|juvenile|Chaleur Bay,Pandalidae,0,0,17,5,0,NA,NA,NA,Capelin,juvenile,Chaleur Bay
Capelin|juvenile|Chaleur Bay,Pandalus,0,0,17,5,0,NA,NA,NA,Capelin,juvenile,Chaleur Bay
Capelin|juvenile|Chaleur Bay,Pandalus montagui,0,0,17,5,0,NA,NA,NA,Capelin,juvenile,Chaleur Bay
Capelin|juvenile|Chaleur Bay,Perciformes,0,0,17,5,0,NA,NA,NA,Capelin,juvenile,Chaleur Bay
Capelin|juvenile|Chaleur Bay,Polychaeta,0,0,17,5,0,NA,NA,NA,Capelin,juvenile,Chaleur Bay
Capelin|juvenile|Chaleur Bay,Teleostei,0,0,17,5,0,NA,NA,NA,Capelin,juvenile,Chaleur Bay
Capelin|juvenile|Chaleur Bay,Thoridae,0,0,17,5,0,NA,NA,NA,Capelin,juvenile,Chaleur Bay
Capelin|juvenile|Chaleur Bay,Vertebrata,0,0,17,5,0,NA,NA,NA,Capelin,juvenile,Chaleur Bay
Capelin|juvenile|Chaleur Bay,egg_larvae,0,0,17,5,0,NA,NA,NA,Capelin,juvenile,Chaleur Bay
Capelin|juvenile|Chaleur Bay,other_phyla,0,0,17,5,0,NA,NA,NA,Capelin,juvenile,Chaleur Bay
Capelin|juvenile|Chaleur Bay,plantae_chromista,0,0,17,5,0,NA,NA,NA,Capelin,juvenile,Chaleur Bay
Capelin|juvenile|Magdalen Shallows,Amphilochida,0,0,91,55,0,NA,NA,NA,Capelin,juvenile,Magdalen Shallows
Capelin|juvenile|Magdalen Shallows,Amphipoda,0.005935828114842638,0.041566394225806345,91,55,0.035630566110963706,0.12727869729844943,0.022044088176352707,2018-2019,Capelin,juvenile,Magdalen Shallows
Capelin|juvenile|Magdalen Shallows,Annelida,0,0.007669950043495658,91,55,0.007669950043495658,0.07272727272727272,0.008016032064128256,2018-2019,Capelin,juvenile,Magdalen Shallows
Capelin|juvenile|Magdalen Shallows,Argis dentata,0,0,91,55,0,NA,NA,NA,Capelin,juvenile,Magdalen Shallows
Capelin|juvenile|Magdalen Shallows,Arthropoda,0.08210364801930856,0.01597095830272629,91,55,-0.06613268971658226,0.19318961765239948,0.012024048096192385,2004-2006,Capelin,juvenile,Magdalen Shallows
Capelin|juvenile|Magdalen Shallows,Bivalvia,0,0,91,55,0,NA,NA,NA,Capelin,juvenile,Magdalen Shallows
Capelin|juvenile|Magdalen Shallows,Brachyura,0,0,91,55,0,NA,NA,NA,Capelin,juvenile,Magdalen Shallows
Capelin|juvenile|Magdalen Shallows,Caridea,0,0,91,55,0,NA,NA,NA,Capelin,juvenile,Magdalen Shallows
Capelin|juvenile|Magdalen Shallows,Chordata,0,0,91,55,0,NA,NA,NA,Capelin,juvenile,Magdalen Shallows
Capelin|juvenile|Magdalen Shallows,Copepoda,0.5714985996008476,0.3638291287130706,91,55,-0.20766947088777699,0.47001098553738413,0.008016032064128256,2004-2006,Capelin,juvenile,Magdalen Shallows
Capelin|juvenile|Magdalen Shallows,Crangon septemspinosa,0,0,91,55,0,NA,NA,NA,Capelin,juvenile,Magdalen Shallows
Capelin|juvenile|Magdalen Shallows,Crangonidae,0,0,91,55,0,NA,NA,NA,Capelin,juvenile,Magdalen Shallows
Capelin|juvenile|Magdalen Shallows,Cumacea,0,5.509641873278238e-4,91,55,5.509641873278238e-4,NA,NA,NA,Capelin,juvenile,Magdalen Shallows
Capelin|juvenile|Magdalen Shallows,Decapoda,0.020790727398600387,0.03468543299290742,91,55,0.013894705594307031,0.0682070530964019,0.1843687374749499,2018-2019,Capelin,juvenile,Magdalen Shallows
Capelin|juvenile|Magdalen Shallows,Diastylis,0,0,91,55,0,NA,NA,NA,Capelin,juvenile,Magdalen Shallows
Capelin|juvenile|Magdalen Shallows,Echinodermata,0,0,91,55,0,NA,NA,NA,Capelin,juvenile,Magdalen Shallows
Capelin|juvenile|Magdalen Shallows,Echinozoa,0,0,91,55,0,NA,NA,NA,Capelin,juvenile,Magdalen Shallows
Capelin|juvenile|Magdalen Shallows,Eualus,0,0,91,55,0,NA,NA,NA,Capelin,juvenile,Magdalen Shallows
Capelin|juvenile|Magdalen Shallows,Eualus macilentus,0.0013296641595350186,0,91,55,-0.0013296641595350186,NA,NA,NA,Capelin,juvenile,Magdalen Shallows
Capelin|juvenile|Magdalen Shallows,Eumalacostraca,0,0,91,55,0,NA,NA,NA,Capelin,juvenile,Magdalen Shallows
Capelin|juvenile|Magdalen Shallows,Euphausiacea,0.20052276015484605,0.4075314187727833,91,55,0.20700865861793727,0.37776161221317506,0.002004008016032064,2018-2019,Capelin,juvenile,Magdalen Shallows
Capelin|juvenile|Magdalen Shallows,Hyperiidae,0.00658909157181992,0.0032667498089285823,91,55,-0.0033223417628913373,0.058773348225155626,0.7034068136272545,2004-2006,Capelin,juvenile,Magdalen Shallows
Capelin|juvenile|Magdalen Shallows,Malacostraca,0,0.015437622690042644,91,55,0.015437622690042644,0.03636363636363636,0.13627254509018036,2018-2019,Capelin,juvenile,Magdalen Shallows
Capelin|juvenile|Magdalen Shallows,Mollusca,0,8.313220702601233e-5,91,55,8.313220702601233e-5,NA,NA,NA,Capelin,juvenile,Magdalen Shallows
Capelin|juvenile|Magdalen Shallows,Mysida,0.09997369558628341,0.06841899874530015,91,55,-0.03155469684098326,0.15005447241474554,0.27655310621242485,2004-2006,Capelin,juvenile,Magdalen Shallows
Capelin|juvenile|Magdalen Shallows,Nematoda,2.6697440490543943e-4,0,91,55,-2.6697440490543943e-4,NA,NA,NA,Capelin,juvenile,Magdalen Shallows
Capelin|juvenile|Magdalen Shallows,Oregoniidae,0,0,91,55,0,NA,NA,NA,Capelin,juvenile,Magdalen Shallows
Capelin|juvenile|Magdalen Shallows,Pandalidae,0,0,91,55,0,NA,NA,NA,Capelin,juvenile,Magdalen Shallows
Capelin|juvenile|Magdalen Shallows,Pandalus,0,0,91,55,0,NA,NA,NA,Capelin,juvenile,Magdalen Shallows
Capelin|juvenile|Magdalen Shallows,Pandalus montagui,0,0.0029304558085820488,91,55,0.0029304558085820488,NA,NA,NA,Capelin,juvenile,Magdalen Shallows
Capelin|juvenile|Magdalen Shallows,Perciformes,0,0,91,55,0,NA,NA,NA,Capelin,juvenile,Magdalen Shallows
Capelin|juvenile|Magdalen Shallows,Polychaeta,0,7.820937767680905e-5,91,55,7.820937767680905e-5,NA,NA,NA,Capelin,juvenile,Magdalen Shallows
Capelin|juvenile|Magdalen Shallows,Teleostei,0,0.01965952968412657,91,55,0.01965952968412657,0.05454545454545454,0.07214428857715431,2018-2019,Capelin,juvenile,Magdalen Shallows
Capelin|juvenile|Magdalen Shallows,Thoridae,0,0,91,55,0,NA,NA,NA,Capelin,juvenile,Magdalen Shallows
Capelin|juvenile|Magdalen Shallows,Vertebrata,0,0,91,55,0,NA,NA,NA,Capelin,juvenile,Magdalen Shallows
Capelin|juvenile|Magdalen Shallows,egg_larvae,0.01098901098901099,9.096594462448121e-5,91,55,-0.010898045044386509,0.01089879186932405,1,2004-2006,Capelin,juvenile,Magdalen Shallows
Capelin|juvenile|Magdalen Shallows,other_phyla,0,0.017355371900826446,91,55,0.017355371900826446,NA,NA,NA,Capelin,juvenile,Magdalen Shallows
Capelin|juvenile|Magdalen Shallows,plantae_chromista,0,8.747165947487751e-4,91,55,8.747165947487751e-4,0.03636363636363636,0.14228456913827656,2018-2019,Capelin,juvenile,Magdalen Shallows
Daubed shanny|adult|Chaleur Bay,Amphilochida,0,0,10,3,0,NA,NA,NA,Daubed shanny,adult,Chaleur Bay
Daubed shanny|adult|Chaleur Bay,Amphipoda,0.14496220558867826,0.49326752208738966,10,3,0.34830531649871144,0.5152455306685918,0.2905811623246493,2018-2019,Daubed shanny,adult,Chaleur Bay
Daubed shanny|adult|Chaleur Bay,Annelida,0,0,10,3,0,NA,NA,NA,Daubed shanny,adult,Chaleur Bay
Daubed shanny|adult|Chaleur Bay,Argis dentata,0,0,10,3,0,NA,NA,NA,Daubed shanny,adult,Chaleur Bay
Daubed shanny|adult|Chaleur Bay,Arthropoda,0.21666347374027312,0.3333333333333333,10,3,0.1166698595930602,0.23636152532566637,1,2004-2006,Daubed shanny,adult,Chaleur Bay
Daubed shanny|adult|Chaleur Bay,Bivalvia,0,0,10,3,0,NA,NA,NA,Daubed shanny,adult,Chaleur Bay
Daubed shanny|adult|Chaleur Bay,Brachyura,0,0,10,3,0,NA,NA,NA,Daubed shanny,adult,Chaleur Bay
Daubed shanny|adult|Chaleur Bay,Caridea,0,0,10,3,0,NA,NA,NA,Daubed shanny,adult,Chaleur Bay
Daubed shanny|adult|Chaleur Bay,Chordata,0,0,10,3,0,NA,NA,NA,Daubed shanny,adult,Chaleur Bay
Daubed shanny|adult|Chaleur Bay,Copepoda,0.0015520853170824605,0,10,3,-0.0015520853170824605,0.2,0.8196392785571143,2004-2006,Daubed shanny,adult,Chaleur Bay
Daubed shanny|adult|Chaleur Bay,Crangon septemspinosa,0,0,10,3,0,NA,NA,NA,Daubed shanny,adult,Chaleur Bay
Daubed shanny|adult|Chaleur Bay,Crangonidae,0,0,10,3,0,NA,NA,NA,Daubed shanny,adult,Chaleur Bay
Daubed shanny|adult|Chaleur Bay,Cumacea,0,0.020234291799787005,10,3,0.020234291799787005,NA,NA,NA,Daubed shanny,adult,Chaleur Bay
Daubed shanny|adult|Chaleur Bay,Decapoda,0,0.021109474717722138,10,3,0.021109474717722138,NA,NA,NA,Daubed shanny,adult,Chaleur Bay
Daubed shanny|adult|Chaleur Bay,Diastylis,0.01689497716894977,0,10,3,-0.01689497716894977,NA,NA,NA,Daubed shanny,adult,Chaleur Bay
Daubed shanny|adult|Chaleur Bay,Echinodermata,0,0,10,3,0,NA,NA,NA,Daubed shanny,adult,Chaleur Bay
Daubed shanny|adult|Chaleur Bay,Echinozoa,0,0,10,3,0,NA,NA,NA,Daubed shanny,adult,Chaleur Bay
Daubed shanny|adult|Chaleur Bay,Eualus,0,0,10,3,0,NA,NA,NA,Daubed shanny,adult,Chaleur Bay
Daubed shanny|adult|Chaleur Bay,Eualus macilentus,0,0,10,3,0,NA,NA,NA,Daubed shanny,adult,Chaleur Bay
Daubed shanny|adult|Chaleur Bay,Eumalacostraca,0,0,10,3,0,NA,NA,NA,Daubed shanny,adult,Chaleur Bay
Daubed shanny|adult|Chaleur Bay,Euphausiacea,0.027542372881355935,0,10,3,-0.027542372881355935,NA,NA,NA,Daubed shanny,adult,Chaleur Bay
Daubed shanny|adult|Chaleur Bay,Hyperiidae,0,0,10,3,0,NA,NA,NA,Daubed shanny,adult,Chaleur Bay
Daubed shanny|adult|Chaleur Bay,Malacostraca,0,0,10,3,0,NA,NA,NA,Daubed shanny,adult,Chaleur Bay
Daubed shanny|adult|Chaleur Bay,Mollusca,0,0,10,3,0,NA,NA,NA,Daubed shanny,adult,Chaleur Bay
Daubed shanny|adult|Chaleur Bay,Mysida,0.019943820224719102,0.013844515441959531,10,3,-0.0060993047827595705,0.13658081671078687,1,2018-2019,Daubed shanny,adult,Chaleur Bay
Daubed shanny|adult|Chaleur Bay,Nematoda,0,0,10,3,0,NA,NA,NA,Daubed shanny,adult,Chaleur Bay
Daubed shanny|adult|Chaleur Bay,Oregoniidae,0,0,10,3,0,NA,NA,NA,Daubed shanny,adult,Chaleur Bay
Daubed shanny|adult|Chaleur Bay,Pandalidae,0,0,10,3,0,NA,NA,NA,Daubed shanny,adult,Chaleur Bay
Daubed shanny|adult|Chaleur Bay,Pandalus,0,0,10,3,0,NA,NA,NA,Daubed shanny,adult,Chaleur Bay
Daubed shanny|adult|Chaleur Bay,Pandalus montagui,0,0,10,3,0,NA,NA,NA,Daubed shanny,adult,Chaleur Bay
Daubed shanny|adult|Chaleur Bay,Perciformes,0,0,10,3,0,NA,NA,NA,Daubed shanny,adult,Chaleur Bay
Daubed shanny|adult|Chaleur Bay,Polychaeta,0.5724410650789413,0.1182108626198083,10,3,-0.45423020245913304,0.6630732988598913,0.12224448897795591,2004-2006,Daubed shanny,adult,Chaleur Bay
Daubed shanny|adult|Chaleur Bay,Teleostei,0,0,10,3,0,NA,NA,NA,Daubed shanny,adult,Chaleur Bay
Daubed shanny|adult|Chaleur Bay,Thoridae,0,0,10,3,0,NA,NA,NA,Daubed shanny,adult,Chaleur Bay
Daubed shanny|adult|Chaleur Bay,Vertebrata,0,0,10,3,0,NA,NA,NA,Daubed shanny,adult,Chaleur Bay
Daubed shanny|adult|Chaleur Bay,egg_larvae,0,0,10,3,0,NA,NA,NA,Daubed shanny,adult,Chaleur Bay
Daubed shanny|adult|Chaleur Bay,other_phyla,0,0,10,3,0,NA,NA,NA,Daubed shanny,adult,Chaleur Bay
Daubed shanny|adult|Chaleur Bay,plantae_chromista,0,0,10,3,0,NA,NA,NA,Daubed shanny,adult,Chaleur Bay
Daubed shanny|adult|Magdalen Shallows,Amphilochida,0.002077922077922078,0,49,17,-0.002077922077922078,NA,NA,NA,Daubed shanny,adult,Magdalen Shallows
Daubed shanny|adult|Magdalen Shallows,Amphipoda,0.24855860499904803,0.48993263217574445,49,17,0.24137402717669643,0.5073240506072183,0.014028056112224449,2018-2019,Daubed shanny,adult,Magdalen Shallows
Daubed shanny|adult|Magdalen Shallows,Annelida,0,0,49,17,0,NA,NA,NA,Daubed shanny,adult,Magdalen Shallows
Daubed shanny|adult|Magdalen Shallows,Argis dentata,0,0,49,17,0,NA,NA,NA,Daubed shanny,adult,Magdalen Shallows
Daubed shanny|adult|Magdalen Shallows,Arthropoda,0.22689181616202805,0.011049723756906075,49,17,-0.21584209240512198,0.4086690781981802,0.014028056112224449,2004-2006,Daubed shanny,adult,Magdalen Shallows
Daubed shanny|adult|Magdalen Shallows,Bivalvia,0,0,49,17,0,NA,NA,NA,Daubed shanny,adult,Magdalen Shallows
Daubed shanny|adult|Magdalen Shallows,Brachyura,0,0,49,17,0,NA,NA,NA,Daubed shanny,adult,Magdalen Shallows
Daubed shanny|adult|Magdalen Shallows,Caridea,0,0,49,17,0,NA,NA,NA,Daubed shanny,adult,Magdalen Shallows
Daubed shanny|adult|Magdalen Shallows,Chordata,0,0,49,17,0,NA,NA,NA,Daubed shanny,adult,Magdalen Shallows
Daubed shanny|adult|Magdalen Shallows,Copepoda,0.032794045721867976,0.0782756454821214,49,17,0.04548159976025343,0.12436650406597297,0.5050100200400801,2018-2019,Daubed shanny,adult,Magdalen Shallows
Daubed shanny|adult|Magdalen Shallows,Crangon septemspinosa,0,0,49,17,0,NA,NA,NA,Daubed shanny,adult,Magdalen Shallows
Daubed shanny|adult|Magdalen Shallows,Crangonidae,0,0,49,17,0,NA,NA,NA,Daubed shanny,adult,Magdalen Shallows
Daubed shanny|adult|Magdalen Shallows,Cumacea,0,0,49,17,0,NA,NA,NA,Daubed shanny,adult,Magdalen Shallows
Daubed shanny|adult|Magdalen Shallows,Decapoda,0.015490910513039455,0.019515824168432384,49,17,0.004024913655392929,0.06558678879434089,0.46893787575150303,2018-2019,Daubed shanny,adult,Magdalen Shallows
Daubed shanny|adult|Magdalen Shallows,Diastylis,0.030920325361193022,0,49,17,-0.030920325361193022,0.14285714285714285,0.19839679358717435,2004-2006,Daubed shanny,adult,Magdalen Shallows
Daubed shanny|adult|Magdalen Shallows,Echinodermata,0,0,49,17,0,NA,NA,NA,Daubed shanny,adult,Magdalen Shallows
Daubed shanny|adult|Magdalen Shallows,Echinozoa,0,0,49,17,0,NA,NA,NA,Daubed shanny,adult,Magdalen Shallows
Daubed shanny|adult|Magdalen Shallows,Eualus,0,0,49,17,0,NA,NA,NA,Daubed shanny,adult,Magdalen Shallows
Daubed shanny|adult|Magdalen Shallows,Eualus macilentus,0,0,49,17,0,NA,NA,NA,Daubed shanny,adult,Magdalen Shallows
Daubed shanny|adult|Magdalen Shallows,Eumalacostraca,3.082804118626303e-4,0,49,17,-3.082804118626303e-4,NA,NA,NA,Daubed shanny,adult,Magdalen Shallows
Daubed shanny|adult|Magdalen Shallows,Euphausiacea,0.00399092970521542,0,49,17,-0.00399092970521542,NA,NA,NA,Daubed shanny,adult,Magdalen Shallows
Daubed shanny|adult|Magdalen Shallows,Hyperiidae,1.2515915671611254e-4,0,49,17,-1.2515915671611254e-4,NA,NA,NA,Daubed shanny,adult,Magdalen Shallows
Daubed shanny|adult|Magdalen Shallows,Malacostraca,0,0.070424977629994,49,17,0.070424977629994,0.11764705882352941,0.05410821643286573,2018-2019,Daubed shanny,adult,Magdalen Shallows
Daubed shanny|adult|Magdalen Shallows,Mollusca,0,0,49,17,0,NA,NA,NA,Daubed shanny,adult,Magdalen Shallows
Daubed shanny|adult|Magdalen Shallows,Mysida,0.06501202647579907,0,49,17,-0.06501202647579907,0.1836734693877551,0.11623246492985972,2004-2006,Daubed shanny,adult,Magdalen Shallows
Daubed shanny|adult|Magdalen Shallows,Nematoda,0.008244018569250784,0,49,17,-0.008244018569250784,0.061224489795918366,0.4969939879759519,2004-2006,Daubed shanny,adult,Magdalen Shallows
Daubed shanny|adult|Magdalen Shallows,Oregoniidae,0,0,49,17,0,NA,NA,NA,Daubed shanny,adult,Magdalen Shallows
Daubed shanny|adult|Magdalen Shallows,Pandalidae,0,0,49,17,0,NA,NA,NA,Daubed shanny,adult,Magdalen Shallows
Daubed shanny|adult|Magdalen Shallows,Pandalus,0,0,49,17,0,NA,NA,NA,Daubed shanny,adult,Magdalen Shallows
Daubed shanny|adult|Magdalen Shallows,Pandalus montagui,0,0,49,17,0,NA,NA,NA,Daubed shanny,adult,Magdalen Shallows
Daubed shanny|adult|Magdalen Shallows,Perciformes,0,0,49,17,0,NA,NA,NA,Daubed shanny,adult,Magdalen Shallows
Daubed shanny|adult|Magdalen Shallows,Polychaeta,0.3494842169178042,0.28586002031621344,49,17,-0.06362419660159074,0.33677794837127684,0.4188376753507014,2004-2006,Daubed shanny,adult,Magdalen Shallows
Daubed shanny|adult|Magdalen Shallows,Teleostei,0.00380607939378283,0,49,17,-0.00380607939378283,NA,NA,NA,Daubed shanny,adult,Magdalen Shallows
Daubed shanny|adult|Magdalen Shallows,Thoridae,0,0,49,17,0,NA,NA,NA,Daubed shanny,adult,Magdalen Shallows
Daubed shanny|adult|Magdalen Shallows,Vertebrata,0,0,49,17,0,NA,NA,NA,Daubed shanny,adult,Magdalen Shallows
Daubed shanny|adult|Magdalen Shallows,egg_larvae,0,0,49,17,0,NA,NA,NA,Daubed shanny,adult,Magdalen Shallows
Daubed shanny|adult|Magdalen Shallows,other_phyla,0,0.044941176470588234,49,17,0.044941176470588234,NA,NA,NA,Daubed shanny,adult,Magdalen Shallows
Daubed shanny|adult|Magdalen Shallows,plantae_chromista,0.012295664534470506,0,49,17,-0.012295664534470506,0.04081632653061224,0.7915831663326653,2004-2006,Daubed shanny,adult,Magdalen Shallows
Daubed shanny|juvenile|Chaleur Bay,Amphilochida,0,0,15,6,0,NA,NA,NA,Daubed shanny,juvenile,Chaleur Bay
Daubed shanny|juvenile|Chaleur Bay,Amphipoda,0.19714127346973143,0.28601269195553874,15,6,0.08887141848580732,0.29598504040403717,0.56312625250501,2018-2019,Daubed shanny,juvenile,Chaleur Bay
Daubed shanny|juvenile|Chaleur Bay,Annelida,0,0,15,6,0,NA,NA,NA,Daubed shanny,juvenile,Chaleur Bay
Daubed shanny|juvenile|Chaleur Bay,Argis dentata,0,0,15,6,0,NA,NA,NA,Daubed shanny,juvenile,Chaleur Bay
Daubed shanny|juvenile|Chaleur Bay,Arthropoda,0.1523960604505835,0,15,6,-0.1523960604505835,0.4666666666666667,0.11022044088176353,2004-2006,Daubed shanny,juvenile,Chaleur Bay
Daubed shanny|juvenile|Chaleur Bay,Bivalvia,0,0,15,6,0,NA,NA,NA,Daubed shanny,juvenile,Chaleur Bay
Daubed shanny|juvenile|Chaleur Bay,Brachyura,0,0,15,6,0,NA,NA,NA,Daubed shanny,juvenile,Chaleur Bay
Daubed shanny|juvenile|Chaleur Bay,Caridea,0,0,15,6,0,NA,NA,NA,Daubed shanny,juvenile,Chaleur Bay
Daubed shanny|juvenile|Chaleur Bay,Chordata,0,0,15,6,0,NA,NA,NA,Daubed shanny,juvenile,Chaleur Bay
Daubed shanny|juvenile|Chaleur Bay,Copepoda,0.1812820705730514,0.09025949279379158,15,6,-0.09102257777925982,0.35605514593608545,0.4749498997995992,2004-2006,Daubed shanny,juvenile,Chaleur Bay
Daubed shanny|juvenile|Chaleur Bay,Crangon septemspinosa,0,0,15,6,0,NA,NA,NA,Daubed shanny,juvenile,Chaleur Bay
Daubed shanny|juvenile|Chaleur Bay,Crangonidae,0,0,15,6,0,NA,NA,NA,Daubed shanny,juvenile,Chaleur Bay
Daubed shanny|juvenile|Chaleur Bay,Cumacea,0,0,15,6,0,NA,NA,NA,Daubed shanny,juvenile,Chaleur Bay
Daubed shanny|juvenile|Chaleur Bay,Decapoda,0,0.39934940681209335,15,6,0.39934940681209335,0.5,0.022044088176352707,2018-2019,Daubed shanny,juvenile,Chaleur Bay
Daubed shanny|juvenile|Chaleur Bay,Diastylis,0.04952790647945087,0,15,6,-0.04952790647945087,0.2,0.46092184368737477,2004-2006,Daubed shanny,juvenile,Chaleur Bay
Daubed shanny|juvenile|Chaleur Bay,Echinodermata,0,0,15,6,0,NA,NA,NA,Daubed shanny,juvenile,Chaleur Bay
Daubed shanny|juvenile|Chaleur Bay,Echinozoa,0,0,15,6,0,NA,NA,NA,Daubed shanny,juvenile,Chaleur Bay
Daubed shanny|juvenile|Chaleur Bay,Eualus,0,0,15,6,0,NA,NA,NA,Daubed shanny,juvenile,Chaleur Bay
Daubed shanny|juvenile|Chaleur Bay,Eualus macilentus,0,0,15,6,0,NA,NA,NA,Daubed shanny,juvenile,Chaleur Bay
Daubed shanny|juvenile|Chaleur Bay,Eumalacostraca,0,0,15,6,0,NA,NA,NA,Daubed shanny,juvenile,Chaleur Bay
Daubed shanny|juvenile|Chaleur Bay,Euphausiacea,0.045098039215686274,0.16666666666666666,15,6,0.12156862745098038,0.1311728395061728,0.7655310621242485,2018-2019,Daubed shanny,juvenile,Chaleur Bay
Daubed shanny|juvenile|Chaleur Bay,Hyperiidae,0.07231401924065507,0,15,6,-0.07231401924065507,0.13333333333333333,0.8096192384769539,2004-2006,Daubed shanny,juvenile,Chaleur Bay
Daubed shanny|juvenile|Chaleur Bay,Malacostraca,0,0,15,6,0,NA,NA,NA,Daubed shanny,juvenile,Chaleur Bay
Daubed shanny|juvenile|Chaleur Bay,Mollusca,0.007751937984496124,0,15,6,-0.007751937984496124,NA,NA,NA,Daubed shanny,juvenile,Chaleur Bay
Daubed shanny|juvenile|Chaleur Bay,Mysida,0.04679060173771663,0.0017221584385763492,15,6,-0.04506844329914028,0.1929001836534631,0.5831663326653307,2004-2006,Daubed shanny,juvenile,Chaleur Bay
Daubed shanny|juvenile|Chaleur Bay,Nematoda,0,0,15,6,0,NA,NA,NA,Daubed shanny,juvenile,Chaleur Bay
Daubed shanny|juvenile|Chaleur Bay,Oregoniidae,0,0,15,6,0,NA,NA,NA,Daubed shanny,juvenile,Chaleur Bay
Daubed shanny|juvenile|Chaleur Bay,Pandalidae,0,0,15,6,0,NA,NA,NA,Daubed shanny,juvenile,Chaleur Bay
Daubed shanny|juvenile|Chaleur Bay,Pandalus,0,0,15,6,0,NA,NA,NA,Daubed shanny,juvenile,Chaleur Bay
Daubed shanny|juvenile|Chaleur Bay,Pandalus montagui,0,0,15,6,0,NA,NA,NA,Daubed shanny,juvenile,Chaleur Bay
Daubed shanny|juvenile|Chaleur Bay,Perciformes,0,0,15,6,0,NA,NA,NA,Daubed shanny,juvenile,Chaleur Bay
Daubed shanny|juvenile|Chaleur Bay,Polychaeta,0.23519995914145753,0,15,6,-0.23519995914145753,0.4666666666666667,0.08817635270541083,2004-2006,Daubed shanny,juvenile,Chaleur Bay
Daubed shanny|juvenile|Chaleur Bay,Teleostei,0.01073446327683616,0.055989583333333336,15,6,0.04525512005649718,0.13985358646997859,0.2685370741482966,2018-2019,Daubed shanny,juvenile,Chaleur Bay
Daubed shanny|juvenile|Chaleur Bay,Thoridae,0,0,15,6,0,NA,NA,NA,Daubed shanny,juvenile,Chaleur Bay
Daubed shanny|juvenile|Chaleur Bay,Vertebrata,0,0,15,6,0,NA,NA,NA,Daubed shanny,juvenile,Chaleur Bay
Daubed shanny|juvenile|Chaleur Bay,egg_larvae,0,0,15,6,0,NA,NA,NA,Daubed shanny,juvenile,Chaleur Bay
Daubed shanny|juvenile|Chaleur Bay,other_phyla,0,0,15,6,0,NA,NA,NA,Daubed shanny,juvenile,Chaleur Bay
Daubed shanny|juvenile|Chaleur Bay,plantae_chromista,0.0017636684303350971,0,15,6,-0.0017636684303350971,NA,NA,NA,Daubed shanny,juvenile,Chaleur Bay
Daubed shanny|juvenile|Magdalen Shallows,Amphilochida,0.0017884088749790421,0.052163096364519754,116,40,0.050374687489540715,0.1691990209219927,0.002004008016032064,2018-2019,Daubed shanny,juvenile,Magdalen Shallows
Daubed shanny|juvenile|Magdalen Shallows,Amphipoda,0.2743061092482743,0.3355428643403281,116,40,0.061236755092053785,0.3713893820251146,0.7354709418837675,2018-2019,Daubed shanny,juvenile,Magdalen Shallows
Daubed shanny|juvenile|Magdalen Shallows,Annelida,0,0.021795463283352558,116,40,0.021795463283352558,0.05,0.06613226452905811,2018-2019,Daubed shanny,juvenile,Magdalen Shallows
Daubed shanny|juvenile|Magdalen Shallows,Argis dentata,0,0,116,40,0,NA,NA,NA,Daubed shanny,juvenile,Magdalen Shallows
Daubed shanny|juvenile|Magdalen Shallows,Arthropoda,0.1673376128171083,0.036503697617091206,116,40,-0.13083391520001708,0.3963066906360178,0.004008016032064128,2004-2006,Daubed shanny,juvenile,Magdalen Shallows
Daubed shanny|juvenile|Magdalen Shallows,Bivalvia,0.0015961894231758633,0.05,116,40,0.04840381057682414,0.04845319059312267,0.8617234468937875,2018-2019,Daubed shanny,juvenile,Magdalen Shallows
Daubed shanny|juvenile|Magdalen Shallows,Brachyura,0,0,116,40,0,NA,NA,NA,Daubed shanny,juvenile,Magdalen Shallows
Daubed shanny|juvenile|Magdalen Shallows,Caridea,0,0,116,40,0,NA,NA,NA,Daubed shanny,juvenile,Magdalen Shallows
Daubed shanny|juvenile|Magdalen Shallows,Chordata,0,0,116,40,0,NA,NA,NA,Daubed shanny,juvenile,Magdalen Shallows
Daubed shanny|juvenile|Magdalen Shallows,Copepoda,0.037200551859672165,0.06422223053861728,116,40,0.027021678678945116,0.11699238558638882,1,2004-2006,Daubed shanny,juvenile,Magdalen Shallows
Daubed shanny|juvenile|Magdalen Shallows,Crangon septemspinosa,0,0.0015816953316953315,116,40,0.0015816953316953315,NA,NA,NA,Daubed shanny,juvenile,Magdalen Shallows
Daubed shanny|juvenile|Magdalen Shallows,Crangonidae,0,0,116,40,0,NA,NA,NA,Daubed shanny,juvenile,Magdalen Shallows
Daubed shanny|juvenile|Magdalen Shallows,Cumacea,0,0.06229491536959046,116,40,0.06229491536959046,0.15,0.002004008016032064,2018-2019,Daubed shanny,juvenile,Magdalen Shallows
Daubed shanny|juvenile|Magdalen Shallows,Decapoda,0,0.015266736624942897,116,40,0.015266736624942897,0.1,0.008016032064128256,2018-2019,Daubed shanny,juvenile,Magdalen Shallows
Daubed shanny|juvenile|Magdalen Shallows,Diastylis,0.03313262822402305,0,116,40,-0.03313262822402305,0.2672413793103448,0.004008016032064128,2004-2006,Daubed shanny,juvenile,Magdalen Shallows
Daubed shanny|juvenile|Magdalen Shallows,Echinodermata,0,0,116,40,0,NA,NA,NA,Daubed shanny,juvenile,Magdalen Shallows
Daubed shanny|juvenile|Magdalen Shallows,Echinozoa,1.1067101584342965e-4,0,116,40,-1.1067101584342965e-4,NA,NA,NA,Daubed shanny,juvenile,Magdalen Shallows
Daubed shanny|juvenile|Magdalen Shallows,Eualus,0,0,116,40,0,NA,NA,NA,Daubed shanny,juvenile,Magdalen Shallows
Daubed shanny|juvenile|Magdalen Shallows,Eualus macilentus,0,0,116,40,0,NA,NA,NA,Daubed shanny,juvenile,Magdalen Shallows
Daubed shanny|juvenile|Magdalen Shallows,Eumalacostraca,0.0017444872700050653,2.7533039647577094e-5,116,40,-0.0017169542303574882,0.11881442098756079,0.0781563126252505,2004-2006,Daubed shanny,juvenile,Magdalen Shallows
Daubed shanny|juvenile|Magdalen Shallows,Euphausiacea,0.037080112114505744,0.0649253429853354,116,40,0.02784523087082965,0.07956111626798246,0.1903807615230461,2018-2019,Daubed shanny,juvenile,Magdalen Shallows
Daubed shanny|juvenile|Magdalen Shallows,Hyperiidae,0.03533430035259087,0.0030345911949685536,116,40,-0.03229970915762232,0.07938880307364797,0.22244488977955912,2004-2006,Daubed shanny,juvenile,Magdalen Shallows
Daubed shanny|juvenile|Magdalen Shallows,Malacostraca,0,0.03303640267778198,116,40,0.03303640267778198,0.075,0.03206412825651302,2018-2019,Daubed shanny,juvenile,Magdalen Shallows
Daubed shanny|juvenile|Magdalen Shallows,Mollusca,7.172302378697566e-4,4.3859649122807013e-4,116,40,-2.7863374664168644e-4,0.009486640172493975,1,2018-2019,Daubed shanny,juvenile,Magdalen Shallows
Daubed shanny|juvenile|Magdalen Shallows,Mysida,0.09672309979002482,0.020794464777867266,116,40,-0.07592863501215755,0.19157251410658527,0.03406813627254509,2004-2006,Daubed shanny,juvenile,Magdalen Shallows
Daubed shanny|juvenile|Magdalen Shallows,Nematoda,0.009075816675292702,0,116,40,-0.009075816675292702,0.08620689655172414,0.13827655310621242,2004-2006,Daubed shanny,juvenile,Magdalen Shallows
Daubed shanny|juvenile|Magdalen Shallows,Oregoniidae,0,0,116,40,0,NA,NA,NA,Daubed shanny,juvenile,Magdalen Shallows
Daubed shanny|juvenile|Magdalen Shallows,Pandalidae,0,0,116,40,0,NA,NA,NA,Daubed shanny,juvenile,Magdalen Shallows
Daubed shanny|juvenile|Magdalen Shallows,Pandalus,0,0,116,40,0,NA,NA,NA,Daubed shanny,juvenile,Magdalen Shallows
Daubed shanny|juvenile|Magdalen Shallows,Pandalus montagui,0,0,116,40,0,NA,NA,NA,Daubed shanny,juvenile,Magdalen Shallows
Daubed shanny|juvenile|Magdalen Shallows,Perciformes,0,0,116,40,0,NA,NA,NA,Daubed shanny,juvenile,Magdalen Shallows
Daubed shanny|juvenile|Magdalen Shallows,Polychaeta,0.29831101031604973,0.2117921414432664,116,40,-0.08651886887278332,0.36298258006954504,0.1342685370741483,2004-2006,Daubed shanny,juvenile,Magdalen Shallows
Daubed shanny|juvenile|Magdalen Shallows,Teleostei,0.005305737574380841,0.017787968846075017,116,40,0.012482231271694176,0.038512589798748935,0.41082164328657317,2018-2019,Daubed shanny,juvenile,Magdalen Shallows
Daubed shanny|juvenile|Magdalen Shallows,Thoridae,0,0,116,40,0,NA,NA,NA,Daubed shanny,juvenile,Magdalen Shallows
Daubed shanny|juvenile|Magdalen Shallows,Vertebrata,0,0,116,40,0,NA,NA,NA,Daubed shanny,juvenile,Magdalen Shallows
Daubed shanny|juvenile|Magdalen Shallows,egg_larvae,4.478280340349306e-5,0.0034577723378212974,116,40,0.0034129895344178042,0.02468035618571423,0.2685370741482966,2018-2019,Daubed shanny,juvenile,Magdalen Shallows
Daubed shanny|juvenile|Magdalen Shallows,other_phyla,0,0,116,40,0,NA,NA,NA,Daubed shanny,juvenile,Magdalen Shallows
Daubed shanny|juvenile|Magdalen Shallows,plantae_chromista,1.9125140280072211e-4,0.0053344867358708185,116,40,0.005143235333070096,0.048269449275362315,0.06412825651302605,2018-2019,Daubed shanny,juvenile,Magdalen Shallows
Dusky snailfish|one_class|Chaleur Bay,Amphilochida,0,0.03336090432864626,13,9,0.03336090432864626,NA,NA,NA,Dusky snailfish,one_class,Chaleur Bay
Dusky snailfish|one_class|Chaleur Bay,Amphipoda,0.010040140485769436,0.1282903243079951,13,9,0.11825018382222567,0.6182794440798554,0.11823647294589178,2018-2019,Dusky snailfish,one_class,Chaleur Bay
Dusky snailfish|one_class|Chaleur Bay,Annelida,0,0.006297310918499224,13,9,0.006297310918499224,NA,NA,NA,Dusky snailfish,one_class,Chaleur Bay
Dusky snailfish|one_class|Chaleur Bay,Argis dentata,0.1181307244423205,0,13,9,-0.1181307244423205,0.46153846153846156,0.050100200400801605,2004-2006,Dusky snailfish,one_class,Chaleur Bay
Dusky snailfish|one_class|Chaleur Bay,Arthropoda,0.0570680894263311,0.03294309176662118,13,9,-0.02412499765970992,0.24385042916970512,0.3687374749498998,2004-2006,Dusky snailfish,one_class,Chaleur Bay
Dusky snailfish|one_class|Chaleur Bay,Bivalvia,1.031289317905245e-4,0,13,9,-1.031289317905245e-4,NA,NA,NA,Dusky snailfish,one_class,Chaleur Bay
Dusky snailfish|one_class|Chaleur Bay,Brachyura,0,0,13,9,0,NA,NA,NA,Dusky snailfish,one_class,Chaleur Bay
Dusky snailfish|one_class|Chaleur Bay,Caridea,0,0,13,9,0,NA,NA,NA,Dusky snailfish,one_class,Chaleur Bay
Dusky snailfish|one_class|Chaleur Bay,Chordata,0,0,13,9,0,NA,NA,NA,Dusky snailfish,one_class,Chaleur Bay
Dusky snailfish|one_class|Chaleur Bay,Copepoda,0,8.271298593879238e-4,13,9,8.271298593879238e-4,NA,NA,NA,Dusky snailfish,one_class,Chaleur Bay
Dusky snailfish|one_class|Chaleur Bay,Crangon septemspinosa,3.9349204795060844e-4,0,13,9,-3.9349204795060844e-4,NA,NA,NA,Dusky snailfish,one_class,Chaleur Bay
Dusky snailfish|one_class|Chaleur Bay,Crangonidae,6.128523901243215e-4,0,13,9,-6.128523901243215e-4,NA,NA,NA,Dusky snailfish,one_class,Chaleur Bay
Dusky snailfish|one_class|Chaleur Bay,Cumacea,0,0.006065618968844775,13,9,0.006065618968844775,NA,NA,NA,Dusky snailfish,one_class,Chaleur Bay
Dusky snailfish|one_class|Chaleur Bay,Decapoda,0.4062941490413239,0.18865018843141476,13,9,-0.21764396060990912,0.6303795655142395,0.050100200400801605,2004-2006,Dusky snailfish,one_class,Chaleur Bay
Dusky snailfish|one_class|Chaleur Bay,Diastylis,0,0,13,9,0,NA,NA,NA,Dusky snailfish,one_class,Chaleur Bay
Dusky snailfish|one_class|Chaleur Bay,Echinodermata,0,0,13,9,0,NA,NA,NA,Dusky snailfish,one_class,Chaleur Bay
Dusky snailfish|one_class|Chaleur Bay,Echinozoa,0,0,13,9,0,NA,NA,NA,Dusky snailfish,one_class,Chaleur Bay
Dusky snailfish|one_class|Chaleur Bay,Eualus,0,0,13,9,0,NA,NA,NA,Dusky snailfish,one_class,Chaleur Bay
Dusky snailfish|one_class|Chaleur Bay,Eualus macilentus,0.23610014811238658,0.027770700121735683,13,9,-0.2083294479906509,0.8259290471686332,0.004008016032064128,2004-2006,Dusky snailfish,one_class,Chaleur Bay
Dusky snailfish|one_class|Chaleur Bay,Eumalacostraca,0,0,13,9,0,NA,NA,NA,Dusky snailfish,one_class,Chaleur Bay
Dusky snailfish|one_class|Chaleur Bay,Euphausiacea,0.008177982569912635,0.15921653915625472,13,9,0.15103855658634208,0.31704848624359283,0.16032064128256512,2018-2019,Dusky snailfish,one_class,Chaleur Bay
Dusky snailfish|one_class|Chaleur Bay,Hyperiidae,0.013208720151255775,0.012646146973125171,13,9,-5.625731781306043e-4,0.1571936751966227,0.843687374749499,2004-2006,Dusky snailfish,one_class,Chaleur Bay
Dusky snailfish|one_class|Chaleur Bay,Malacostraca,0,0,13,9,0,NA,NA,NA,Dusky snailfish,one_class,Chaleur Bay
Dusky snailfish|one_class|Chaleur Bay,Mollusca,0,0.1111111111111111,13,9,0.1111111111111111,NA,NA,NA,Dusky snailfish,one_class,Chaleur Bay
Dusky snailfish|one_class|Chaleur Bay,Mysida,0.001119087842672486,0,13,9,-0.001119087842672486,0.3076923076923077,0.1062124248496994,2004-2006,Dusky snailfish,one_class,Chaleur Bay
Dusky snailfish|one_class|Chaleur Bay,Nematoda,0,0,13,9,0,NA,NA,NA,Dusky snailfish,one_class,Chaleur Bay
Dusky snailfish|one_class|Chaleur Bay,Oregoniidae,0,0,13,9,0,NA,NA,NA,Dusky snailfish,one_class,Chaleur Bay
Dusky snailfish|one_class|Chaleur Bay,Pandalidae,0,0,13,9,0,NA,NA,NA,Dusky snailfish,one_class,Chaleur Bay
Dusky snailfish|one_class|Chaleur Bay,Pandalus,0,0.04737135757792185,13,9,0.04737135757792185,0.2222222222222222,0.16432865731462926,2018-2019,Dusky snailfish,one_class,Chaleur Bay
Dusky snailfish|one_class|Chaleur Bay,Pandalus montagui,0.011793594449598644,0,13,9,-0.011793594449598644,NA,NA,NA,Dusky snailfish,one_class,Chaleur Bay
Dusky snailfish|one_class|Chaleur Bay,Perciformes,0.04157149768990241,0,13,9,-0.04157149768990241,0.3076923076923077,0.18236472945891782,2004-2006,Dusky snailfish,one_class,Chaleur Bay
Dusky snailfish|one_class|Chaleur Bay,Polychaeta,0.0017008574555314243,0.09161457668920356,13,9,0.08991371923367214,0.10908589241649952,0.9719438877755511,2018-2019,Dusky snailfish,one_class,Chaleur Bay
Dusky snailfish|one_class|Chaleur Bay,Teleostei,0.08143940868508112,0.06444947071261456,13,9,-0.016989937972466562,0.25764417101765785,0.657314629258517,2004-2006,Dusky snailfish,one_class,Chaleur Bay
Dusky snailfish|one_class|Chaleur Bay,Thoridae,0.012110821710250099,0.08909611225152664,13,9,0.07698529054127654,0.19563023283930756,0.5851703406813628,2018-2019,Dusky snailfish,one_class,Chaleur Bay
Dusky snailfish|one_class|Chaleur Bay,Vertebrata,0,0,13,9,0,NA,NA,NA,Dusky snailfish,one_class,Chaleur Bay
Dusky snailfish|one_class|Chaleur Bay,egg_larvae,0,0,13,9,0,NA,NA,NA,Dusky snailfish,one_class,Chaleur Bay
Dusky snailfish|one_class|Chaleur Bay,other_phyla,0,0,13,9,0,NA,NA,NA,Dusky snailfish,one_class,Chaleur Bay
Dusky snailfish|one_class|Chaleur Bay,plantae_chromista,1.3530456779849436e-4,2.8941682509742866e-4,13,9,1.541122572989343e-4,0.0757141635639378,1,2018-2019,Dusky snailfish,one_class,Chaleur Bay
Dusky snailfish|one_class|Magdalen Shallows,Amphilochida,0.01461682957463111,0.04248561767014533,65,57,0.02786878809551422,0.15663672913692958,0.06613226452905811,2018-2019,Dusky snailfish,one_class,Magdalen Shallows
Dusky snailfish|one_class|Magdalen Shallows,Amphipoda,0.07465699899805309,0.3182724562431306,65,57,0.24361545724507752,0.5684203337806497,0.002004008016032064,2018-2019,Dusky snailfish,one_class,Magdalen Shallows
Dusky snailfish|one_class|Magdalen Shallows,Annelida,0,0,65,57,0,NA,NA,NA,Dusky snailfish,one_class,Magdalen Shallows
Dusky snailfish|one_class|Magdalen Shallows,Argis dentata,0.05401639041207962,0,65,57,-0.05401639041207962,0.15384615384615385,0.01002004008016032,2004-2006,Dusky snailfish,one_class,Magdalen Shallows
Dusky snailfish|one_class|Magdalen Shallows,Arthropoda,0.21465882333695452,0.07617276372664686,65,57,-0.13848605961030766,0.39743110927315806,0.002004008016032064,2004-2006,Dusky snailfish,one_class,Magdalen Shallows
Dusky snailfish|one_class|Magdalen Shallows,Bivalvia,0,0,65,57,0,NA,NA,NA,Dusky snailfish,one_class,Magdalen Shallows
Dusky snailfish|one_class|Magdalen Shallows,Brachyura,0,0,65,57,0,NA,NA,NA,Dusky snailfish,one_class,Magdalen Shallows
Dusky snailfish|one_class|Magdalen Shallows,Caridea,0,0,65,57,0,NA,NA,NA,Dusky snailfish,one_class,Magdalen Shallows
Dusky snailfish|one_class|Magdalen Shallows,Chordata,0,0,65,57,0,NA,NA,NA,Dusky snailfish,one_class,Magdalen Shallows
Dusky snailfish|one_class|Magdalen Shallows,Copepoda,0.027630449611094305,0.027303174202109835,65,57,-3.272754089844697e-4,0.05416695048760907,0.9438877755511023,2004-2006,Dusky snailfish,one_class,Magdalen Shallows
Dusky snailfish|one_class|Magdalen Shallows,Crangon septemspinosa,0.0012347049555591393,0.007448553123436381,65,57,0.006213848167877242,0.03009846520690303,0.5450901803607214,2018-2019,Dusky snailfish,one_class,Magdalen Shallows
Dusky snailfish|one_class|Magdalen Shallows,Crangonidae,0.030964659265393175,0.00462444461235505,65,57,-0.026340214653038124,0.08031323996526811,0.15430861723446893,2004-2006,Dusky snailfish,one_class,Magdalen Shallows
Dusky snailfish|one_class|Magdalen Shallows,Cumacea,0,0.021879755997849235,65,57,0.021879755997849235,0.05263157894736842,0.09018036072144289,2018-2019,Dusky snailfish,one_class,Magdalen Shallows
Dusky snailfish|one_class|Magdalen Shallows,Decapoda,0.16014312304877004,0.12583696207674136,65,57,-0.03430616097202868,0.24983722293788388,0.32064128256513025,2004-2006,Dusky snailfish,one_class,Magdalen Shallows
Dusky snailfish|one_class|Magdalen Shallows,Diastylis,0.005356085181560157,0,65,57,-0.005356085181560157,0.046153846153846156,0.22444889779559118,2004-2006,Dusky snailfish,one_class,Magdalen Shallows
Dusky snailfish|one_class|Magdalen Shallows,Echinodermata,0,0,65,57,0,NA,NA,NA,Dusky snailfish,one_class,Magdalen Shallows
Dusky snailfish|one_class|Magdalen Shallows,Echinozoa,1.4775140825560993e-4,0.002426989464183043,65,57,0.002279238055927433,0.016537105922118992,0.7575150300601202,2018-2019,Dusky snailfish,one_class,Magdalen Shallows
Dusky snailfish|one_class|Magdalen Shallows,Eualus,0.02291862953778108,0,65,57,-0.02291862953778108,0.07692307692307693,0.06813627254509018,2004-2006,Dusky snailfish,one_class,Magdalen Shallows
Dusky snailfish|one_class|Magdalen Shallows,Eualus macilentus,0.035765378217221956,0,65,57,-0.035765378217221956,0.2,0.002004008016032064,2004-2006,Dusky snailfish,one_class,Magdalen Shallows
Dusky snailfish|one_class|Magdalen Shallows,Eumalacostraca,0.008205128205128205,0,65,57,-0.008205128205128205,NA,NA,NA,Dusky snailfish,one_class,Magdalen Shallows
Dusky snailfish|one_class|Magdalen Shallows,Euphausiacea,0.03215788437171719,0.022855553355582345,65,57,-0.009302331016134844,0.07288666857377596,0.9318637274549099,2018-2019,Dusky snailfish,one_class,Magdalen Shallows
Dusky snailfish|one_class|Magdalen Shallows,Hyperiidae,0.11793237098596915,0.010086382843190588,65,57,-0.10784598814277856,0.2125873102275478,0.008016032064128256,2004-2006,Dusky snailfish,one_class,Magdalen Shallows
Dusky snailfish|one_class|Magdalen Shallows,Malacostraca,0,0.0014843792570212078,65,57,0.0014843792570212078,NA,NA,NA,Dusky snailfish,one_class,Magdalen Shallows
Dusky snailfish|one_class|Magdalen Shallows,Mollusca,2.9734471172430194e-5,0,65,57,-2.9734471172430194e-5,NA,NA,NA,Dusky snailfish,one_class,Magdalen Shallows
Dusky snailfish|one_class|Magdalen Shallows,Mysida,0.022343928291475346,0.02191697242743201,65,57,-4.269558640433366e-4,0.10873114471403032,0.6072144288577155,2004-2006,Dusky snailfish,one_class,Magdalen Shallows
Dusky snailfish|one_class|Magdalen Shallows,Nematoda,0,0,65,57,0,NA,NA,NA,Dusky snailfish,one_class,Magdalen Shallows
Dusky snailfish|one_class|Magdalen Shallows,Oregoniidae,0,0,65,57,0,NA,NA,NA,Dusky snailfish,one_class,Magdalen Shallows
Dusky snailfish|one_class|Magdalen Shallows,Pandalidae,0,0.0036036306781360218,65,57,0.0036036306781360218,NA,NA,NA,Dusky snailfish,one_class,Magdalen Shallows
Dusky snailfish|one_class|Magdalen Shallows,Pandalus,0.02357967569493306,0.014296995328518972,65,57,-0.009282680366414088,0.03831004485435339,0.591182364729459,2004-2006,Dusky snailfish,one_class,Magdalen Shallows
Dusky snailfish|one_class|Magdalen Shallows,Pandalus montagui,0.07224154156266084,0.02617849072128304,65,57,-0.0460630508413778,0.13551001428572676,0.07615230460921844,2004-2006,Dusky snailfish,one_class,Magdalen Shallows
Dusky snailfish|one_class|Magdalen Shallows,Perciformes,0.0167495374825209,0.007457342820309065,65,57,-0.009292194662211834,0.031935365749132624,0.531062124248497,2004-2006,Dusky snailfish,one_class,Magdalen Shallows
Dusky snailfish|one_class|Magdalen Shallows,Polychaeta,0.03551246304163113,0.06434730168362754,65,57,0.02883483864199641,0.1695728053200259,0.23046092184368738,2018-2019,Dusky snailfish,one_class,Magdalen Shallows
Dusky snailfish|one_class|Magdalen Shallows,Teleostei,0.016049664473253396,0.12356000918384642,65,57,0.10751034471059302,0.21737800566498802,0.002004008016032064,2018-2019,Dusky snailfish,one_class,Magdalen Shallows
Dusky snailfish|one_class|Magdalen Shallows,Thoridae,0.012336150334349894,0.05018714596031377,65,57,0.037850995625963876,0.08449422507427207,0.29458917835671344,2018-2019,Dusky snailfish,one_class,Magdalen Shallows
Dusky snailfish|one_class|Magdalen Shallows,Vertebrata,0,0,65,57,0,NA,NA,NA,Dusky snailfish,one_class,Magdalen Shallows
Dusky snailfish|one_class|Magdalen Shallows,egg_larvae,2.581522012538393e-4,0.026613367452584455,65,57,0.026355215251330617,0.08687658706938502,0.08817635270541083,2018-2019,Dusky snailfish,one_class,Magdalen Shallows
Dusky snailfish|one_class|Magdalen Shallows,other_phyla,0,7.445669877611802e-4,65,57,7.445669877611802e-4,NA,NA,NA,Dusky snailfish,one_class,Magdalen Shallows
Dusky snailfish|one_class|Magdalen Shallows,plantae_chromista,4.939453365808305e-4,2.1714418379560057e-4,65,57,-2.768011527852299e-4,0.04274656738182661,0.4789579158316633,2004-2006,Dusky snailfish,one_class,Magdalen Shallows
Fourbeard rockling|juvenile|Central,Amphilochida,0,0,16,6,0,NA,NA,NA,Fourbeard rockling,juvenile,Central
Fourbeard rockling|juvenile|Central,Amphipoda,0.18439987278875816,0.2953613973489171,16,6,0.11096152456015893,0.6156424366313654,0.20841683366733466,2018-2019,Fourbeard rockling,juvenile,Central
Fourbeard rockling|juvenile|Central,Annelida,0,0,16,6,0,NA,NA,NA,Fourbeard rockling,juvenile,Central
Fourbeard rockling|juvenile|Central,Argis dentata,0,0,16,6,0,NA,NA,NA,Fourbeard rockling,juvenile,Central
Fourbeard rockling|juvenile|Central,Arthropoda,0.06381976020692369,0.10678871090770403,16,6,0.04296895070078034,0.1636562645929203,0.969939879759519,2004-2006,Fourbeard rockling,juvenile,Central
Fourbeard rockling|juvenile|Central,Bivalvia,0.010078183047132247,0.03133183043238194,16,6,0.021253647385249694,0.3783122462382439,0.2665330661322645,2018-2019,Fourbeard rockling,juvenile,Central
Fourbeard rockling|juvenile|Central,Brachyura,0,0,16,6,0,NA,NA,NA,Fourbeard rockling,juvenile,Central
Fourbeard rockling|juvenile|Central,Caridea,0.0028957528957528956,0,16,6,-0.0028957528957528956,NA,NA,NA,Fourbeard rockling,juvenile,Central
Fourbeard rockling|juvenile|Central,Chordata,0,0,16,6,0,NA,NA,NA,Fourbeard rockling,juvenile,Central
Fourbeard rockling|juvenile|Central,Copepoda,0.022851114653163175,0.021701194017758524,16,6,-0.0011499206354046512,0.24354735663701318,0.8697394789579158,2018-2019,Fourbeard rockling,juvenile,Central
Fourbeard rockling|juvenile|Central,Crangon septemspinosa,0,0,16,6,0,NA,NA,NA,Fourbeard rockling,juvenile,Central
Fourbeard rockling|juvenile|Central,Crangonidae,0,0,16,6,0,NA,NA,NA,Fourbeard rockling,juvenile,Central
Fourbeard rockling|juvenile|Central,Cumacea,0,0.027310481289583716,16,6,0.027310481289583716,0.5,0.008016032064128256,2018-2019,Fourbeard rockling,juvenile,Central
Fourbeard rockling|juvenile|Central,Decapoda,0.012725442878300708,0.10039893617021277,16,6,0.08767349329191206,0.14791821328975222,0.6673346693386774,2018-2019,Fourbeard rockling,juvenile,Central
Fourbeard rockling|juvenile|Central,Diastylis,0.002740906806650751,0,16,6,-0.002740906806650751,0.125,0.7955911823647295,2004-2006,Fourbeard rockling,juvenile,Central
Fourbeard rockling|juvenile|Central,Echinodermata,0,0,16,6,0,NA,NA,NA,Fourbeard rockling,juvenile,Central
Fourbeard rockling|juvenile|Central,Echinozoa,0,0,16,6,0,NA,NA,NA,Fourbeard rockling,juvenile,Central
Fourbeard rockling|juvenile|Central,Eualus,0,0,16,6,0,NA,NA,NA,Fourbeard rockling,juvenile,Central
Fourbeard rockling|juvenile|Central,Eualus macilentus,0,0,16,6,0,NA,NA,NA,Fourbeard rockling,juvenile,Central
Fourbeard rockling|juvenile|Central,Eumalacostraca,0.0625,0.0028396547563344205,16,6,-0.05966034524366558,0.05978375635082927,1,2004-2006,Fourbeard rockling,juvenile,Central
Fourbeard rockling|juvenile|Central,Euphausiacea,0.038173224804443,0,16,6,-0.038173224804443,0.1875,0.49498997995991983,2004-2006,Fourbeard rockling,juvenile,Central
Fourbeard rockling|juvenile|Central,Hyperiidae,0.012225667938931298,0,16,6,-0.012225667938931298,NA,NA,NA,Fourbeard rockling,juvenile,Central
Fourbeard rockling|juvenile|Central,Malacostraca,0,0,16,6,0,NA,NA,NA,Fourbeard rockling,juvenile,Central
Fourbeard rockling|juvenile|Central,Mollusca,0,0,16,6,0,NA,NA,NA,Fourbeard rockling,juvenile,Central
Fourbeard rockling|juvenile|Central,Mysida,0.003675300476540393,0.054363731759886395,16,6,0.050688431283346005,0.4683376829788551,0.012024048096192385,2018-2019,Fourbeard rockling,juvenile,Central
Fourbeard rockling|juvenile|Central,Nematoda,0.0024113399113399113,0,16,6,-0.0024113399113399113,0.125,0.7735470941883767,2004-2006,Fourbeard rockling,juvenile,Central
Fourbeard rockling|juvenile|Central,Oregoniidae,0,0,16,6,0,NA,NA,NA,Fourbeard rockling,juvenile,Central
Fourbeard rockling|juvenile|Central,Pandalidae,0,0,16,6,0,NA,NA,NA,Fourbeard rockling,juvenile,Central
Fourbeard rockling|juvenile|Central,Pandalus,0,0,16,6,0,NA,NA,NA,Fourbeard rockling,juvenile,Central
Fourbeard rockling|juvenile|Central,Pandalus montagui,0,0,16,6,0,NA,NA,NA,Fourbeard rockling,juvenile,Central
Fourbeard rockling|juvenile|Central,Perciformes,0,0,16,6,0,NA,NA,NA,Fourbeard rockling,juvenile,Central
Fourbeard rockling|juvenile|Central,Polychaeta,0.5596839069648448,0.3599040633172212,16,6,-0.19977984364762363,0.5705856097906535,0.22645290581162325,2004-2006,Fourbeard rockling,juvenile,Central
Fourbeard rockling|juvenile|Central,Teleostei,0.021819526627218932,0,16,6,-0.021819526627218932,NA,NA,NA,Fourbeard rockling,juvenile,Central
Fourbeard rockling|juvenile|Central,Thoridae,0,0,16,6,0,NA,NA,NA,Fourbeard rockling,juvenile,Central
Fourbeard rockling|juvenile|Central,Vertebrata,0,0,16,6,0,NA,NA,NA,Fourbeard rockling,juvenile,Central
Fourbeard rockling|juvenile|Central,egg_larvae,0,0,16,6,0,NA,NA,NA,Fourbeard rockling,juvenile,Central
Fourbeard rockling|juvenile|Central,other_phyla,0,0,16,6,0,NA,NA,NA,Fourbeard rockling,juvenile,Central
Fourbeard rockling|juvenile|Central,plantae_chromista,0,0,16,6,0,NA,NA,NA,Fourbeard rockling,juvenile,Central
Fourbeard rockling|juvenile|Chaleur Bay,Amphilochida,0.0013382188943762943,0.13865030674846626,10,5,0.13731208785408996,0.19808810202374652,0.7695390781563126,2018-2019,Fourbeard rockling,juvenile,Chaleur Bay
Fourbeard rockling|juvenile|Chaleur Bay,Amphipoda,0.554277588375091,0.4797048806467602,10,5,-0.0745727077283308,0.4639390850606604,0.7835671342685371,2018-2019,Fourbeard rockling,juvenile,Chaleur Bay
Fourbeard rockling|juvenile|Chaleur Bay,Annelida,0,0,10,5,0,NA,NA,NA,Fourbeard rockling,juvenile,Chaleur Bay
Fourbeard rockling|juvenile|Chaleur Bay,Argis dentata,0.24442670126045005,0,10,5,-0.24442670126045005,0.4,0.19438877755511022,2004-2006,Fourbeard rockling,juvenile,Chaleur Bay
Fourbeard rockling|juvenile|Chaleur Bay,Arthropoda,0.024312053087245888,0.07214804403841649,10,5,0.047835990951170596,0.14959148122031515,1,2018-2019,Fourbeard rockling,juvenile,Chaleur Bay
Fourbeard rockling|juvenile|Chaleur Bay,Bivalvia,0,0,10,5,0,NA,NA,NA,Fourbeard rockling,juvenile,Chaleur Bay
Fourbeard rockling|juvenile|Chaleur Bay,Brachyura,0,0,10,5,0,NA,NA,NA,Fourbeard rockling,juvenile,Chaleur Bay
Fourbeard rockling|juvenile|Chaleur Bay,Caridea,0,0,10,5,0,NA,NA,NA,Fourbeard rockling,juvenile,Chaleur Bay
Fourbeard rockling|juvenile|Chaleur Bay,Chordata,0,0,10,5,0,NA,NA,NA,Fourbeard rockling,juvenile,Chaleur Bay
Fourbeard rockling|juvenile|Chaleur Bay,Copepoda,0,0.004271844660194175,10,5,0.004271844660194175,NA,NA,NA,Fourbeard rockling,juvenile,Chaleur Bay
Fourbeard rockling|juvenile|Chaleur Bay,Crangon septemspinosa,0.020469963201592074,0,10,5,-0.020469963201592074,0.2,0.5290581162324649,2004-2006,Fourbeard rockling,juvenile,Chaleur Bay
Fourbeard rockling|juvenile|Chaleur Bay,Crangonidae,0,0,10,5,0,NA,NA,NA,Fourbeard rockling,juvenile,Chaleur Bay
Fourbeard rockling|juvenile|Chaleur Bay,Cumacea,0,0.0023300970873786405,10,5,0.0023300970873786405,NA,NA,NA,Fourbeard rockling,juvenile,Chaleur Bay
Fourbeard rockling|juvenile|Chaleur Bay,Decapoda,0,0,10,5,0,NA,NA,NA,Fourbeard rockling,juvenile,Chaleur Bay
Fourbeard rockling|juvenile|Chaleur Bay,Diastylis,0.007787761049052938,0,10,5,-0.007787761049052938,0.2,0.533066132264529,2004-2006,Fourbeard rockling,juvenile,Chaleur Bay
Fourbeard rockling|juvenile|Chaleur Bay,Echinodermata,0,0,10,5,0,NA,NA,NA,Fourbeard rockling,juvenile,Chaleur Bay
Fourbeard rockling|juvenile|Chaleur Bay,Echinozoa,0,0,10,5,0,NA,NA,NA,Fourbeard rockling,juvenile,Chaleur Bay
Fourbeard rockling|juvenile|Chaleur Bay,Eualus,0,0,10,5,0,NA,NA,NA,Fourbeard rockling,juvenile,Chaleur Bay
Fourbeard rockling|juvenile|Chaleur Bay,Eualus macilentus,0.04633716303414682,0,10,5,-0.04633716303414682,0.2,0.5350701402805611,2004-2006,Fourbeard rockling,juvenile,Chaleur Bay
Fourbeard rockling|juvenile|Chaleur Bay,Eumalacostraca,0,0,10,5,0,NA,NA,NA,Fourbeard rockling,juvenile,Chaleur Bay
Fourbeard rockling|juvenile|Chaleur Bay,Euphausiacea,0,0.04164909814944952,10,5,0.04164909814944952,NA,NA,NA,Fourbeard rockling,juvenile,Chaleur Bay
Fourbeard rockling|juvenile|Chaleur Bay,Hyperiidae,0,0,10,5,0,NA,NA,NA,Fourbeard rockling,juvenile,Chaleur Bay
Fourbeard rockling|juvenile|Chaleur Bay,Malacostraca,0,0,10,5,0,NA,NA,NA,Fourbeard rockling,juvenile,Chaleur Bay
Fourbeard rockling|juvenile|Chaleur Bay,Mollusca,0,0,10,5,0,NA,NA,NA,Fourbeard rockling,juvenile,Chaleur Bay
Fourbeard rockling|juvenile|Chaleur Bay,Mysida,0,0,10,5,0,NA,NA,NA,Fourbeard rockling,juvenile,Chaleur Bay
Fourbeard rockling|juvenile|Chaleur Bay,Nematoda,2.6175269605276932e-5,0,10,5,-2.6175269605276932e-5,NA,NA,NA,Fourbeard rockling,juvenile,Chaleur Bay
Fourbeard rockling|juvenile|Chaleur Bay,Oregoniidae,0,0,10,5,0,NA,NA,NA,Fourbeard rockling,juvenile,Chaleur Bay
Fourbeard rockling|juvenile|Chaleur Bay,Pandalidae,0,0,10,5,0,NA,NA,NA,Fourbeard rockling,juvenile,Chaleur Bay
Fourbeard rockling|juvenile|Chaleur Bay,Pandalus,0,0,10,5,0,NA,NA,NA,Fourbeard rockling,juvenile,Chaleur Bay
Fourbeard rockling|juvenile|Chaleur Bay,Pandalus montagui,0,0,10,5,0,NA,NA,NA,Fourbeard rockling,juvenile,Chaleur Bay
Fourbeard rockling|juvenile|Chaleur Bay,Perciformes,0.01227620144487488,0,10,5,-0.01227620144487488,NA,NA,NA,Fourbeard rockling,juvenile,Chaleur Bay
Fourbeard rockling|juvenile|Chaleur Bay,Polychaeta,0.08593786993391603,0.26124572866933476,10,5,0.17530785873541874,0.601977120394739,0.16633266533066132,2018-2019,Fourbeard rockling,juvenile,Chaleur Bay
Fourbeard rockling|juvenile|Chaleur Bay,Teleostei,0.002810304449648712,0,10,5,-0.002810304449648712,NA,NA,NA,Fourbeard rockling,juvenile,Chaleur Bay
Fourbeard rockling|juvenile|Chaleur Bay,Thoridae,0,0,10,5,0,NA,NA,NA,Fourbeard rockling,juvenile,Chaleur Bay
Fourbeard rockling|juvenile|Chaleur Bay,Vertebrata,0,0,10,5,0,NA,NA,NA,Fourbeard rockling,juvenile,Chaleur Bay
Fourbeard rockling|juvenile|Chaleur Bay,egg_larvae,0,0,10,5,0,NA,NA,NA,Fourbeard rockling,juvenile,Chaleur Bay
Fourbeard rockling|juvenile|Chaleur Bay,other_phyla,0,0,10,5,0,NA,NA,NA,Fourbeard rockling,juvenile,Chaleur Bay
Fourbeard rockling|juvenile|Chaleur Bay,plantae_chromista,0,0,10,5,0,NA,NA,NA,Fourbeard rockling,juvenile,Chaleur Bay
Fourbeard rockling|juvenile|Magdalen Shallows,Amphilochida,0,0.026643643100912853,17,12,0.026643643100912853,0.3333333333333333,0.02004008016032064,2018-2019,Fourbeard rockling,juvenile,Magdalen Shallows
Fourbeard rockling|juvenile|Magdalen Shallows,Amphipoda,0.4665905402300051,0.3830073732845584,17,12,-0.08358316694544671,0.484579268555379,0.46893787575150303,2004-2006,Fourbeard rockling,juvenile,Magdalen Shallows
Fourbeard rockling|juvenile|Magdalen Shallows,Annelida,0,0,17,12,0,NA,NA,NA,Fourbeard rockling,juvenile,Magdalen Shallows
Fourbeard rockling|juvenile|Magdalen Shallows,Argis dentata,0.004125423416061473,0,17,12,-0.004125423416061473,NA,NA,NA,Fourbeard rockling,juvenile,Magdalen Shallows
Fourbeard rockling|juvenile|Magdalen Shallows,Arthropoda,0.12999096562852586,0,17,12,-0.12999096562852586,0.4117647058823529,0.03807615230460922,2004-2006,Fourbeard rockling,juvenile,Magdalen Shallows
Fourbeard rockling|juvenile|Magdalen Shallows,Bivalvia,0,0.001945596043348607,17,12,0.001945596043348607,NA,NA,NA,Fourbeard rockling,juvenile,Magdalen Shallows
Fourbeard rockling|juvenile|Magdalen Shallows,Brachyura,0,0,17,12,0,NA,NA,NA,Fourbeard rockling,juvenile,Magdalen Shallows
Fourbeard rockling|juvenile|Magdalen Shallows,Caridea,0.05586433913983329,0,17,12,-0.05586433913983329,NA,NA,NA,Fourbeard rockling,juvenile,Magdalen Shallows
Fourbeard rockling|juvenile|Magdalen Shallows,Chordata,0,0,17,12,0,NA,NA,NA,Fourbeard rockling,juvenile,Magdalen Shallows
Fourbeard rockling|juvenile|Magdalen Shallows,Copepoda,0.005083012494615097,0.0036090659737260003,17,12,-0.0014739465208890965,0.137596887127239,0.5791583166332666,2004-2006,Fourbeard rockling,juvenile,Magdalen Shallows
Fourbeard rockling|juvenile|Magdalen Shallows,Crangon septemspinosa,0.056406124093473,0,17,12,-0.056406124093473,NA,NA,NA,Fourbeard rockling,juvenile,Magdalen Shallows
Fourbeard rockling|juvenile|Magdalen Shallows,Crangonidae,0.0035632322744292787,0,17,12,-0.0035632322744292787,NA,NA,NA,Fourbeard rockling,juvenile,Magdalen Shallows
Fourbeard rockling|juvenile|Magdalen Shallows,Cumacea,0,0.013357915470033984,17,12,0.013357915470033984,0.3333333333333333,0.03206412825651302,2018-2019,Fourbeard rockling,juvenile,Magdalen Shallows
Fourbeard rockling|juvenile|Magdalen Shallows,Decapoda,0,0.09021433492467233,17,12,0.09021433492467233,0.25,0.07214428857715431,2018-2019,Fourbeard rockling,juvenile,Magdalen Shallows
Fourbeard rockling|juvenile|Magdalen Shallows,Diastylis,0.0085059745427446,0,17,12,-0.0085059745427446,0.17647058823529413,0.2565130260521042,2004-2006,Fourbeard rockling,juvenile,Magdalen Shallows
Fourbeard rockling|juvenile|Magdalen Shallows,Echinodermata,0,0,17,12,0,NA,NA,NA,Fourbeard rockling,juvenile,Magdalen Shallows
Fourbeard rockling|juvenile|Magdalen Shallows,Echinozoa,0,0.0027205040091638033,17,12,0.0027205040091638033,NA,NA,NA,Fourbeard rockling,juvenile,Magdalen Shallows
Fourbeard rockling|juvenile|Magdalen Shallows,Eualus,0,0,17,12,0,NA,NA,NA,Fourbeard rockling,juvenile,Magdalen Shallows
Fourbeard rockling|juvenile|Magdalen Shallows,Eualus macilentus,0.031315383296175614,0,17,12,-0.031315383296175614,NA,NA,NA,Fourbeard rockling,juvenile,Magdalen Shallows
Fourbeard rockling|juvenile|Magdalen Shallows,Eumalacostraca,0.008951463906430186,0,17,12,-0.008951463906430186,0.11764705882352941,0.503006012024048,2004-2006,Fourbeard rockling,juvenile,Magdalen Shallows
Fourbeard rockling|juvenile|Magdalen Shallows,Euphausiacea,0.010838621162750814,0,17,12,-0.010838621162750814,NA,NA,NA,Fourbeard rockling,juvenile,Magdalen Shallows
Fourbeard rockling|juvenile|Magdalen Shallows,Hyperiidae,0.003327045103755788,0.09631238247942202,17,12,0.09298533737566624,0.16110152512839623,0.31462925851703405,2018-2019,Fourbeard rockling,juvenile,Magdalen Shallows
Fourbeard rockling|juvenile|Magdalen Shallows,Malacostraca,0,0.025326327516328125,17,12,0.025326327516328125,0.16666666666666666,0.13827655310621242,2018-2019,Fourbeard rockling,juvenile,Magdalen Shallows
Fourbeard rockling|juvenile|Magdalen Shallows,Mollusca,0,0,17,12,0,NA,NA,NA,Fourbeard rockling,juvenile,Magdalen Shallows
Fourbeard rockling|juvenile|Magdalen Shallows,Mysida,0.010695095593379743,0,17,12,-0.010695095593379743,0.23529411764705882,0.12224448897795591,2004-2006,Fourbeard rockling,juvenile,Magdalen Shallows
Fourbeard rockling|juvenile|Magdalen Shallows,Nematoda,0,0,17,12,0,NA,NA,NA,Fourbeard rockling,juvenile,Magdalen Shallows
Fourbeard rockling|juvenile|Magdalen Shallows,Oregoniidae,0,0,17,12,0,NA,NA,NA,Fourbeard rockling,juvenile,Magdalen Shallows
Fourbeard rockling|juvenile|Magdalen Shallows,Pandalidae,0,0,17,12,0,NA,NA,NA,Fourbeard rockling,juvenile,Magdalen Shallows
Fourbeard rockling|juvenile|Magdalen Shallows,Pandalus,0,0,17,12,0,NA,NA,NA,Fourbeard rockling,juvenile,Magdalen Shallows
Fourbeard rockling|juvenile|Magdalen Shallows,Pandalus montagui,0,0,17,12,0,NA,NA,NA,Fourbeard rockling,juvenile,Magdalen Shallows
Fourbeard rockling|juvenile|Magdalen Shallows,Perciformes,0,0,17,12,0,NA,NA,NA,Fourbeard rockling,juvenile,Magdalen Shallows
Fourbeard rockling|juvenile|Magdalen Shallows,Polychaeta,0.20420212167837384,0.2726017561863446,17,12,0.06839963450797074,0.3335075457457132,0.9338677354709419,2018-2019,Fourbeard rockling,juvenile,Magdalen Shallows
Fourbeard rockling|juvenile|Magdalen Shallows,Teleostei,0,0.06330301717915403,17,12,0.06330301717915403,NA,NA,NA,Fourbeard rockling,juvenile,Magdalen Shallows
Fourbeard rockling|juvenile|Magdalen Shallows,Thoridae,0,0,17,12,0,NA,NA,NA,Fourbeard rockling,juvenile,Magdalen Shallows
Fourbeard rockling|juvenile|Magdalen Shallows,Vertebrata,0,0,17,12,0,NA,NA,NA,Fourbeard rockling,juvenile,Magdalen Shallows
Fourbeard rockling|juvenile|Magdalen Shallows,egg_larvae,0,0.020958083832335328,17,12,0.020958083832335328,NA,NA,NA,Fourbeard rockling,juvenile,Magdalen Shallows
Fourbeard rockling|juvenile|Magdalen Shallows,other_phyla,0,0,17,12,0,NA,NA,NA,Fourbeard rockling,juvenile,Magdalen Shallows
Fourbeard rockling|juvenile|Magdalen Shallows,plantae_chromista,5.406574394463668e-4,0,17,12,-5.406574394463668e-4,NA,NA,NA,Fourbeard rockling,juvenile,Magdalen Shallows
Fourline snakeblenny|one_class|Magdalen Shallows,Amphilochida,7.040816619775785e-5,0.01722367894880927,71,27,0.017153270782611512,0.18443125413296058,0.006012024048096192,2018-2019,Fourline snakeblenny,one_class,Magdalen Shallows
Fourline snakeblenny|one_class|Magdalen Shallows,Amphipoda,0.1785451784341828,0.2367943398847564,71,27,0.0582491614505736,0.3589659205160042,0.6092184368737475,2018-2019,Fourline snakeblenny,one_class,Magdalen Shallows
Fourline snakeblenny|one_class|Magdalen Shallows,Annelida,0,0.017755244682293784,71,27,0.017755244682293784,NA,NA,NA,Fourline snakeblenny,one_class,Magdalen Shallows
Fourline snakeblenny|one_class|Magdalen Shallows,Argis dentata,0.02079844514024484,0.014368669660382194,71,27,-0.006429775479862645,0.04164911575863466,0.8697394789579158,2004-2006,Fourline snakeblenny,one_class,Magdalen Shallows
Fourline snakeblenny|one_class|Magdalen Shallows,Arthropoda,0.1021141896980751,0.02987981278523459,71,27,-0.07223437691284051,0.31598869576558164,0.04008016032064128,2004-2006,Fourline snakeblenny,one_class,Magdalen Shallows
Fourline snakeblenny|one_class|Magdalen Shallows,Bivalvia,0.002579252874052819,0,71,27,-0.002579252874052819,0.04225352112676056,0.5571142284569138,2004-2006,Fourline snakeblenny,one_class,Magdalen Shallows
Fourline snakeblenny|one_class|Magdalen Shallows,Brachyura,0,0,71,27,0,NA,NA,NA,Fourline snakeblenny,one_class,Magdalen Shallows
Fourline snakeblenny|one_class|Magdalen Shallows,Caridea,0,0,71,27,0,NA,NA,NA,Fourline snakeblenny,one_class,Magdalen Shallows
Fourline snakeblenny|one_class|Magdalen Shallows,Chordata,0,0,71,27,0,NA,NA,NA,Fourline snakeblenny,one_class,Magdalen Shallows
Fourline snakeblenny|one_class|Magdalen Shallows,Copepoda,6.327696763506505e-4,3.303463072498843e-4,71,27,-3.0242336910076624e-4,0.02776067196819057,0.935871743486974,2004-2006,Fourline snakeblenny,one_class,Magdalen Shallows
Fourline snakeblenny|one_class|Magdalen Shallows,Crangon septemspinosa,0,0,71,27,0,NA,NA,NA,Fourline snakeblenny,one_class,Magdalen Shallows
Fourline snakeblenny|one_class|Magdalen Shallows,Crangonidae,0.013638471086750677,0,71,27,-0.013638471086750677,0.028169014084507043,0.7895791583166333,2004-2006,Fourline snakeblenny,one_class,Magdalen Shallows
Fourline snakeblenny|one_class|Magdalen Shallows,Cumacea,0,0,71,27,0,NA,NA,NA,Fourline snakeblenny,one_class,Magdalen Shallows
Fourline snakeblenny|one_class|Magdalen Shallows,Decapoda,0.040413539723005716,0.07698805261191238,71,27,0.03657451288890667,0.1457259292290881,0.22845691382765532,2018-2019,Fourline snakeblenny,one_class,Magdalen Shallows
Fourline snakeblenny|one_class|Magdalen Shallows,Diastylis,2.962262320597041e-4,0,71,27,-2.962262320597041e-4,0.04225352112676056,0.5190380761523046,2004-2006,Fourline snakeblenny,one_class,Magdalen Shallows
Fourline snakeblenny|one_class|Magdalen Shallows,Echinodermata,0,0,71,27,0,NA,NA,NA,Fourline snakeblenny,one_class,Magdalen Shallows
Fourline snakeblenny|one_class|Magdalen Shallows,Echinozoa,0,0.019410977242302545,71,27,0.019410977242302545,NA,NA,NA,Fourline snakeblenny,one_class,Magdalen Shallows
Fourline snakeblenny|one_class|Magdalen Shallows,Eualus,0,0,71,27,0,NA,NA,NA,Fourline snakeblenny,one_class,Magdalen Shallows
Fourline snakeblenny|one_class|Magdalen Shallows,Eualus macilentus,0.006104916536254564,0,71,27,-0.006104916536254564,NA,NA,NA,Fourline snakeblenny,one_class,Magdalen Shallows
Fourline snakeblenny|one_class|Magdalen Shallows,Eumalacostraca,0.003991671769748928,0,71,27,-0.003991671769748928,0.028169014084507043,0.8036072144288577,2004-2006,Fourline snakeblenny,one_class,Magdalen Shallows
Fourline snakeblenny|one_class|Magdalen Shallows,Euphausiacea,0.01353143528076146,3.740728501138283e-4,71,27,-0.013157362430647633,0.027411237864874222,0.8276553106212425,2004-2006,Fourline snakeblenny,one_class,Magdalen Shallows
Fourline snakeblenny|one_class|Magdalen Shallows,Hyperiidae,2.575927541651087e-4,0.0295484807060806,71,27,0.02929088795191549,0.07343390438589222,0.08016032064128256,2018-2019,Fourline snakeblenny,one_class,Magdalen Shallows
Fourline snakeblenny|one_class|Magdalen Shallows,Malacostraca,0,0.002500265985743164,71,27,0.002500265985743164,NA,NA,NA,Fourline snakeblenny,one_class,Magdalen Shallows
Fourline snakeblenny|one_class|Magdalen Shallows,Mollusca,7.359400871541236e-4,0,71,27,-7.359400871541236e-4,0.056338028169014086,0.42685370741482964,2004-2006,Fourline snakeblenny,one_class,Magdalen Shallows
Fourline snakeblenny|one_class|Magdalen Shallows,Mysida,0.004288935333546538,0,71,27,-0.004288935333546538,0.056338028169014086,0.43887775551102204,2004-2006,Fourline snakeblenny,one_class,Magdalen Shallows
Fourline snakeblenny|one_class|Magdalen Shallows,Nematoda,0,4.0770444922041087e-4,71,27,4.0770444922041087e-4,NA,NA,NA,Fourline snakeblenny,one_class,Magdalen Shallows
Fourline snakeblenny|one_class|Magdalen Shallows,Oregoniidae,0.009298540884593259,0.033204689309880166,71,27,0.023906148425286905,0.20254044492676537,0.008016032064128256,2018-2019,Fourline snakeblenny,one_class,Magdalen Shallows
Fourline snakeblenny|one_class|Magdalen Shallows,Pandalidae,0,0,71,27,0,NA,NA,NA,Fourline snakeblenny,one_class,Magdalen Shallows
Fourline snakeblenny|one_class|Magdalen Shallows,Pandalus,0.020959860961639876,0.027345566815989816,71,27,0.00638570585434994,0.020966562507735705,0.8537074148296593,2018-2019,Fourline snakeblenny,one_class,Magdalen Shallows
Fourline snakeblenny|one_class|Magdalen Shallows,Pandalus montagui,0.02726965669955575,0.02983055275631695,71,27,0.0025608960567612,0.02690565764887762,1,2004-2006,Fourline snakeblenny,one_class,Magdalen Shallows
Fourline snakeblenny|one_class|Magdalen Shallows,Perciformes,0,0.027426009396389308,71,27,0.027426009396389308,NA,NA,NA,Fourline snakeblenny,one_class,Magdalen Shallows
Fourline snakeblenny|one_class|Magdalen Shallows,Polychaeta,0.471555285268288,0.39164564501767424,71,27,-0.07990964025061376,0.42317992563852475,0.5691382765531062,2004-2006,Fourline snakeblenny,one_class,Magdalen Shallows
Fourline snakeblenny|one_class|Magdalen Shallows,Teleostei,0.027078535769947436,0.00314615690959777,71,27,-0.023932378860349667,0.037855256143316786,0.6372745490981964,2004-2006,Fourline snakeblenny,one_class,Magdalen Shallows
Fourline snakeblenny|one_class|Magdalen Shallows,Thoridae,0.03364779218215579,0.027064479723576205,71,27,-0.006583312458579588,0.03902938821674312,0.8256513026052105,2004-2006,Fourline snakeblenny,one_class,Magdalen Shallows
Fourline snakeblenny|one_class|Magdalen Shallows,Vertebrata,0,0,71,27,0,NA,NA,NA,Fourline snakeblenny,one_class,Magdalen Shallows
Fourline snakeblenny|one_class|Magdalen Shallows,egg_larvae,1.3674278681799536e-4,0.006571860356205731,71,27,0.0064351175693877355,0.18141051887093734,0.004008016032064128,2018-2019,Fourline snakeblenny,one_class,Magdalen Shallows
Fourline snakeblenny|one_class|Magdalen Shallows,other_phyla,0.01449295299033851,0,71,27,-0.01449295299033851,0.08450704225352113,0.250501002004008,2004-2006,Fourline snakeblenny,one_class,Magdalen Shallows
Fourline snakeblenny|one_class|Magdalen Shallows,plantae_chromista,0.007561659664112481,0.008183393600270754,71,27,6.217339361582726e-4,0.08793423629795202,0.843687374749499,2004-2006,Fourline snakeblenny,one_class,Magdalen Shallows
Greenland cod|juvenile|Magdalen Shallows,Amphilochida,0,0,44,7,0,NA,NA,NA,Greenland cod,juvenile,Magdalen Shallows
Greenland cod|juvenile|Magdalen Shallows,Amphipoda,0.053159558750051676,0.01771739591238733,44,7,-0.03544216283766435,0.3750129996642152,0.5410821643286573,2004-2006,Greenland cod,juvenile,Magdalen Shallows
Greenland cod|juvenile|Magdalen Shallows,Annelida,0,0,44,7,0,NA,NA,NA,Greenland cod,juvenile,Magdalen Shallows
Greenland cod|juvenile|Magdalen Shallows,Argis dentata,0.07530687698242375,0.11484393614486539,44,7,0.03953705916244164,0.08628033886524102,0.8977955911823647,2018-2019,Greenland cod,juvenile,Magdalen Shallows
Greenland cod|juvenile|Magdalen Shallows,Arthropoda,0.12126988121062666,0.16922554480275473,44,7,0.047955663592128064,0.16644033374798373,0.9018036072144289,2018-2019,Greenland cod,juvenile,Magdalen Shallows
Greenland cod|juvenile|Magdalen Shallows,Bivalvia,0,0,44,7,0,NA,NA,NA,Greenland cod,juvenile,Magdalen Shallows
Greenland cod|juvenile|Magdalen Shallows,Brachyura,0.022727272727272728,0,44,7,-0.022727272727272728,NA,NA,NA,Greenland cod,juvenile,Magdalen Shallows
Greenland cod|juvenile|Magdalen Shallows,Caridea,0,0,44,7,0,NA,NA,NA,Greenland cod,juvenile,Magdalen Shallows
Greenland cod|juvenile|Magdalen Shallows,Chordata,0,0,44,7,0,NA,NA,NA,Greenland cod,juvenile,Magdalen Shallows
Greenland cod|juvenile|Magdalen Shallows,Copepoda,0.00574151254667014,0,44,7,-0.00574151254667014,NA,NA,NA,Greenland cod,juvenile,Magdalen Shallows
Greenland cod|juvenile|Magdalen Shallows,Crangon septemspinosa,6.009723732999994e-4,0,44,7,-6.009723732999994e-4,NA,NA,NA,Greenland cod,juvenile,Magdalen Shallows
Greenland cod|juvenile|Magdalen Shallows,Crangonidae,0.015388300778649923,0,44,7,-0.015388300778649923,0.11363636363636363,0.687374749498998,2004-2006,Greenland cod,juvenile,Magdalen Shallows
Greenland cod|juvenile|Magdalen Shallows,Cumacea,0.0026760000665878706,0,44,7,-0.0026760000665878706,NA,NA,NA,Greenland cod,juvenile,Magdalen Shallows
Greenland cod|juvenile|Magdalen Shallows,Decapoda,0.1666984236744999,0.5697775275150285,44,7,0.4030791038405286,0.6631319557430355,0.026052104208416832,2018-2019,Greenland cod,juvenile,Magdalen Shallows
Greenland cod|juvenile|Magdalen Shallows,Diastylis,6.821540114853747e-5,0,44,7,-6.821540114853747e-5,NA,NA,NA,Greenland cod,juvenile,Magdalen Shallows
Greenland cod|juvenile|Magdalen Shallows,Echinodermata,0,0,44,7,0,NA,NA,NA,Greenland cod,juvenile,Magdalen Shallows
Greenland cod|juvenile|Magdalen Shallows,Echinozoa,0,0,44,7,0,NA,NA,NA,Greenland cod,juvenile,Magdalen Shallows
Greenland cod|juvenile|Magdalen Shallows,Eualus,0.026532066188178917,0,44,7,-0.026532066188178917,0.25,0.2745490981963928,2004-2006,Greenland cod,juvenile,Magdalen Shallows
Greenland cod|juvenile|Magdalen Shallows,Eualus macilentus,0.019621156843429792,0,44,7,-0.019621156843429792,0.22727272727272727,0.3186372745490982,2004-2006,Greenland cod,juvenile,Magdalen Shallows
Greenland cod|juvenile|Magdalen Shallows,Eumalacostraca,6.279728501950725e-5,0,44,7,-6.279728501950725e-5,NA,NA,NA,Greenland cod,juvenile,Magdalen Shallows
Greenland cod|juvenile|Magdalen Shallows,Euphausiacea,0.03495536689054013,0,44,7,-0.03495536689054013,0.09090909090909091,0.8016032064128257,2004-2006,Greenland cod,juvenile,Magdalen Shallows
Greenland cod|juvenile|Magdalen Shallows,Hyperiidae,0.0017999674320274004,0.013515439374434909,44,7,0.011715471942407508,0.12606763097379908,0.14228456913827656,2018-2019,Greenland cod,juvenile,Magdalen Shallows
Greenland cod|juvenile|Magdalen Shallows,Malacostraca,0,0,44,7,0,NA,NA,NA,Greenland cod,juvenile,Magdalen Shallows
Greenland cod|juvenile|Magdalen Shallows,Mollusca,0,0,44,7,0,NA,NA,NA,Greenland cod,juvenile,Magdalen Shallows
Greenland cod|juvenile|Magdalen Shallows,Mysida,0.04319984571774166,0,44,7,-0.04319984571774166,0.36363636363636365,0.1462925851703407,2004-2006,Greenland cod,juvenile,Magdalen Shallows
Greenland cod|juvenile|Magdalen Shallows,Nematoda,6.712848560443014e-4,0,44,7,-6.712848560443014e-4,0.13636363636363635,0.49498997995991983,2004-2006,Greenland cod,juvenile,Magdalen Shallows
Greenland cod|juvenile|Magdalen Shallows,Oregoniidae,0,0.010028664608289838,44,7,0.010028664608289838,NA,NA,NA,Greenland cod,juvenile,Magdalen Shallows
Greenland cod|juvenile|Magdalen Shallows,Pandalidae,0,0,44,7,0,NA,NA,NA,Greenland cod,juvenile,Magdalen Shallows
Greenland cod|juvenile|Magdalen Shallows,Pandalus,0.02188684117750186,0.01152322919539237,44,7,-0.010363611982109491,0.07444285555638247,0.9238476953907816,2004-2006,Greenland cod,juvenile,Magdalen Shallows
Greenland cod|juvenile|Magdalen Shallows,Pandalus montagui,0.07983577206176407,0.030432517422884896,44,7,-0.049403254638879165,0.19745833078794878,0.5711422845691383,2004-2006,Greenland cod,juvenile,Magdalen Shallows
Greenland cod|juvenile|Magdalen Shallows,Perciformes,0.012685998986434759,0,44,7,-0.012685998986434759,0.06818181818181818,0.9038076152304609,2004-2006,Greenland cod,juvenile,Magdalen Shallows
Greenland cod|juvenile|Magdalen Shallows,Polychaeta,0.03564175429991371,0.002703677000720981,44,7,-0.03293807729919273,0.3168721186502249,0.2965931863727455,2004-2006,Greenland cod,juvenile,Magdalen Shallows
Greenland cod|juvenile|Magdalen Shallows,Teleostei,0.1252748598630391,0.05642781589933871,44,7,-0.0688470439637004,0.23503967902774892,0.6412825651302605,2004-2006,Greenland cod,juvenile,Magdalen Shallows
Greenland cod|juvenile|Magdalen Shallows,Thoridae,0.13154636335383743,0.0038042521239023326,44,7,-0.1277421112299351,0.4638581906634974,0.11422845691382766,2004-2006,Greenland cod,juvenile,Magdalen Shallows
Greenland cod|juvenile|Magdalen Shallows,Vertebrata,0,0,44,7,0,NA,NA,NA,Greenland cod,juvenile,Magdalen Shallows
Greenland cod|juvenile|Magdalen Shallows,egg_larvae,6.389049785472698e-4,0,44,7,-6.389049785472698e-4,0.045454545454545456,1,2004-2006,Greenland cod,juvenile,Magdalen Shallows
Greenland cod|juvenile|Magdalen Shallows,other_phyla,0,0,44,7,0,NA,NA,NA,Greenland cod,juvenile,Magdalen Shallows
Greenland cod|juvenile|Magdalen Shallows,plantae_chromista,0.0020100055547489213,0,44,7,-0.0020100055547489213,0.045454545454545456,1,2004-2006,Greenland cod,juvenile,Magdalen Shallows
Greenland halibut|adult|Central,Amphilochida,0,0,26,10,0,NA,NA,NA,Greenland halibut,adult,Central
Greenland halibut|adult|Central,Amphipoda,0.011470558144669074,0,26,10,-0.011470558144669074,0.07692307692307693,0.7935871743486974,2004-2006,Greenland halibut,adult,Central
Greenland halibut|adult|Central,Annelida,0,8.707345031302354e-4,26,10,8.707345031302354e-4,NA,NA,NA,Greenland halibut,adult,Central
Greenland halibut|adult|Central,Argis dentata,0,0,26,10,0,NA,NA,NA,Greenland halibut,adult,Central
Greenland halibut|adult|Central,Arthropoda,6.921551835384381e-5,0,26,10,-6.921551835384381e-5,NA,NA,NA,Greenland halibut,adult,Central
Greenland halibut|adult|Central,Bivalvia,0,0.1,26,10,0.1,NA,NA,NA,Greenland halibut,adult,Central
Greenland halibut|adult|Central,Brachyura,0,0,26,10,0,NA,NA,NA,Greenland halibut,adult,Central
Greenland halibut|adult|Central,Caridea,0.10411174473419481,0,26,10,-0.10411174473419481,0.34615384615384615,0.08016032064128256,2004-2006,Greenland halibut,adult,Central
Greenland halibut|adult|Central,Chordata,0,0,26,10,0,NA,NA,NA,Greenland halibut,adult,Central
Greenland halibut|adult|Central,Copepoda,0,0,26,10,0,NA,NA,NA,Greenland halibut,adult,Central
Greenland halibut|adult|Central,Crangon septemspinosa,0,0,26,10,0,NA,NA,NA,Greenland halibut,adult,Central
Greenland halibut|adult|Central,Crangonidae,0,0,26,10,0,NA,NA,NA,Greenland halibut,adult,Central
Greenland halibut|adult|Central,Cumacea,0,0,26,10,0,NA,NA,NA,Greenland halibut,adult,Central
Greenland halibut|adult|Central,Decapoda,0.12632078441674988,0,26,10,-0.12632078441674988,0.4230769230769231,0.04809619238476954,2004-2006,Greenland halibut,adult,Central
Greenland halibut|adult|Central,Diastylis,0,0,26,10,0,NA,NA,NA,Greenland halibut,adult,Central
Greenland halibut|adult|Central,Echinodermata,0,0,26,10,0,NA,NA,NA,Greenland halibut,adult,Central
Greenland halibut|adult|Central,Echinozoa,0.007466628253145106,0,26,10,-0.007466628253145106,NA,NA,NA,Greenland halibut,adult,Central
Greenland halibut|adult|Central,Eualus,0,0,26,10,0,NA,NA,NA,Greenland halibut,adult,Central
Greenland halibut|adult|Central,Eualus macilentus,0,0,26,10,0,NA,NA,NA,Greenland halibut,adult,Central
Greenland halibut|adult|Central,Eumalacostraca,0,0,26,10,0,NA,NA,NA,Greenland halibut,adult,Central
Greenland halibut|adult|Central,Euphausiacea,0.003324724418520245,0,26,10,-0.003324724418520245,0.07692307692307693,0.5731462925851704,2004-2006,Greenland halibut,adult,Central
Greenland halibut|adult|Central,Hyperiidae,0,0,26,10,0,NA,NA,NA,Greenland halibut,adult,Central
Greenland halibut|adult|Central,Malacostraca,0,0,26,10,0,NA,NA,NA,Greenland halibut,adult,Central
Greenland halibut|adult|Central,Mollusca,4.566313224608003e-6,0,26,10,-4.566313224608003e-6,NA,NA,NA,Greenland halibut,adult,Central
Greenland halibut|adult|Central,Mysida,0.027360544756324483,0,26,10,-0.027360544756324483,NA,NA,NA,Greenland halibut,adult,Central
Greenland halibut|adult|Central,Nematoda,0.219265594654538,0.4905280804694049,26,10,0.2712624858148669,0.34554272435841993,0.9859719438877755,2018-2019,Greenland halibut,adult,Central
Greenland halibut|adult|Central,Oregoniidae,0,0,26,10,0,NA,NA,NA,Greenland halibut,adult,Central
Greenland halibut|adult|Central,Pandalidae,0,0,26,10,0,NA,NA,NA,Greenland halibut,adult,Central
Greenland halibut|adult|Central,Pandalus,0.18988809628559813,0,26,10,-0.18988809628559813,0.38461538461538464,0.04408817635270541,2004-2006,Greenland halibut,adult,Central
Greenland halibut|adult|Central,Pandalus montagui,0,0,26,10,0,NA,NA,NA,Greenland halibut,adult,Central
Greenland halibut|adult|Central,Perciformes,0.009577084564931742,0.08611375034881495,26,10,0.07653666578388321,0.08999163862081017,0.6352705410821643,2018-2019,Greenland halibut,adult,Central
Greenland halibut|adult|Central,Polychaeta,7.711040002463427e-4,0,26,10,-7.711040002463427e-4,NA,NA,NA,Greenland halibut,adult,Central
Greenland halibut|adult|Central,Teleostei,0.30025284610172825,0.32248743467864993,26,10,0.022234588576921677,0.25892610822807977,0.9158316633266533,2018-2019,Greenland halibut,adult,Central
Greenland halibut|adult|Central,Thoridae,0,0,26,10,0,NA,NA,NA,Greenland halibut,adult,Central
Greenland halibut|adult|Central,Vertebrata,0,0,26,10,0,NA,NA,NA,Greenland halibut,adult,Central
Greenland halibut|adult|Central,egg_larvae,1.1650783777546776e-4,0,26,10,-1.1650783777546776e-4,0.07692307692307693,0.7875751503006012,2004-2006,Greenland halibut,adult,Central
Greenland halibut|adult|Central,other_phyla,0,0,26,10,0,NA,NA,NA,Greenland halibut,adult,Central
Greenland halibut|adult|Central,plantae_chromista,0,0,26,10,0,NA,NA,NA,Greenland halibut,adult,Central
Greenland halibut|adult|Magdalen Shallows,Amphilochida,0,0,7,5,0,NA,NA,NA,Greenland halibut,adult,Magdalen Shallows
Greenland halibut|adult|Magdalen Shallows,Amphipoda,0,0,7,5,0,NA,NA,NA,Greenland halibut,adult,Magdalen Shallows
Greenland halibut|adult|Magdalen Shallows,Annelida,0,0,7,5,0,NA,NA,NA,Greenland halibut,adult,Magdalen Shallows
Greenland halibut|adult|Magdalen Shallows,Argis dentata,0,0,7,5,0,NA,NA,NA,Greenland halibut,adult,Magdalen Shallows
Greenland halibut|adult|Magdalen Shallows,Arthropoda,8.915415000185738e-4,0,7,5,-8.915415000185738e-4,NA,NA,NA,Greenland halibut,adult,Magdalen Shallows
Greenland halibut|adult|Magdalen Shallows,Bivalvia,0,0,7,5,0,NA,NA,NA,Greenland halibut,adult,Magdalen Shallows
Greenland halibut|adult|Magdalen Shallows,Brachyura,0,0,7,5,0,NA,NA,NA,Greenland halibut,adult,Magdalen Shallows
Greenland halibut|adult|Magdalen Shallows,Caridea,0.14629606026729944,0,7,5,-0.14629606026729944,0.2857142857142857,0.4709418837675351,2004-2006,Greenland halibut,adult,Magdalen Shallows
Greenland halibut|adult|Magdalen Shallows,Chordata,0,0,7,5,0,NA,NA,NA,Greenland halibut,adult,Magdalen Shallows
Greenland halibut|adult|Magdalen Shallows,Copepoda,0,0,7,5,0,NA,NA,NA,Greenland halibut,adult,Magdalen Shallows
Greenland halibut|adult|Magdalen Shallows,Crangon septemspinosa,0,0,7,5,0,NA,NA,NA,Greenland halibut,adult,Magdalen Shallows
Greenland halibut|adult|Magdalen Shallows,Crangonidae,0,0,7,5,0,NA,NA,NA,Greenland halibut,adult,Magdalen Shallows
Greenland halibut|adult|Magdalen Shallows,Cumacea,0,0,7,5,0,NA,NA,NA,Greenland halibut,adult,Magdalen Shallows
Greenland halibut|adult|Magdalen Shallows,Decapoda,0.1411047368542085,0.2,7,5,0.05889526314579152,0.11819137861586988,1,2004-2006,Greenland halibut,adult,Magdalen Shallows
Greenland halibut|adult|Magdalen Shallows,Diastylis,0,0,7,5,0,NA,NA,NA,Greenland halibut,adult,Magdalen Shallows
Greenland halibut|adult|Magdalen Shallows,Echinodermata,0,0,7,5,0,NA,NA,NA,Greenland halibut,adult,Magdalen Shallows
Greenland halibut|adult|Magdalen Shallows,Echinozoa,0,0,7,5,0,NA,NA,NA,Greenland halibut,adult,Magdalen Shallows
Greenland halibut|adult|Magdalen Shallows,Eualus,0,0,7,5,0,NA,NA,NA,Greenland halibut,adult,Magdalen Shallows
Greenland halibut|adult|Magdalen Shallows,Eualus macilentus,0,0,7,5,0,NA,NA,NA,Greenland halibut,adult,Magdalen Shallows
Greenland halibut|adult|Magdalen Shallows,Eumalacostraca,0,0,7,5,0,NA,NA,NA,Greenland halibut,adult,Magdalen Shallows
Greenland halibut|adult|Magdalen Shallows,Euphausiacea,0.14285714285714285,0,7,5,-0.14285714285714285,NA,NA,NA,Greenland halibut,adult,Magdalen Shallows
Greenland halibut|adult|Magdalen Shallows,Hyperiidae,0.08079643231186776,0,7,5,-0.08079643231186776,0.2857142857142857,0.43687374749499,2004-2006,Greenland halibut,adult,Magdalen Shallows
Greenland halibut|adult|Magdalen Shallows,Malacostraca,0,0,7,5,0,NA,NA,NA,Greenland halibut,adult,Magdalen Shallows
Greenland halibut|adult|Magdalen Shallows,Mollusca,0,0,7,5,0,NA,NA,NA,Greenland halibut,adult,Magdalen Shallows
Greenland halibut|adult|Magdalen Shallows,Mysida,0.05168340764255156,0,7,5,-0.05168340764255156,0.2857142857142857,0.44288577154308617,2004-2006,Greenland halibut,adult,Magdalen Shallows
Greenland halibut|adult|Magdalen Shallows,Nematoda,0.04924708276684509,0,7,5,-0.04924708276684509,0.2857142857142857,0.4649298597194389,2004-2006,Greenland halibut,adult,Magdalen Shallows
Greenland halibut|adult|Magdalen Shallows,Oregoniidae,0,0,7,5,0,NA,NA,NA,Greenland halibut,adult,Magdalen Shallows
Greenland halibut|adult|Magdalen Shallows,Pandalidae,0,0,7,5,0,NA,NA,NA,Greenland halibut,adult,Magdalen Shallows
Greenland halibut|adult|Magdalen Shallows,Pandalus,0.14285714285714285,0,7,5,-0.14285714285714285,NA,NA,NA,Greenland halibut,adult,Magdalen Shallows
Greenland halibut|adult|Magdalen Shallows,Pandalus montagui,0.030788000708764068,0,7,5,-0.030788000708764068,0.2857142857142857,0.4589178356713427,2004-2006,Greenland halibut,adult,Magdalen Shallows
Greenland halibut|adult|Magdalen Shallows,Perciformes,0,0.28411509557673875,7,5,0.28411509557673875,0.4,0.14228456913827656,2018-2019,Greenland halibut,adult,Magdalen Shallows
Greenland halibut|adult|Magdalen Shallows,Polychaeta,0,0,7,5,0,NA,NA,NA,Greenland halibut,adult,Magdalen Shallows
Greenland halibut|adult|Magdalen Shallows,Teleostei,0.21347845223415932,0.5158849044232612,7,5,0.3024064521891019,0.42438510219720615,0.312625250501002,2018-2019,Greenland halibut,adult,Magdalen Shallows
Greenland halibut|adult|Magdalen Shallows,Thoridae,0,0,7,5,0,NA,NA,NA,Greenland halibut,adult,Magdalen Shallows
Greenland halibut|adult|Magdalen Shallows,Vertebrata,0,0,7,5,0,NA,NA,NA,Greenland halibut,adult,Magdalen Shallows
Greenland halibut|adult|Magdalen Shallows,egg_larvae,0,0,7,5,0,NA,NA,NA,Greenland halibut,adult,Magdalen Shallows
Greenland halibut|adult|Magdalen Shallows,other_phyla,0,0,7,5,0,NA,NA,NA,Greenland halibut,adult,Magdalen Shallows
Greenland halibut|adult|Magdalen Shallows,plantae_chromista,0,0,7,5,0,NA,NA,NA,Greenland halibut,adult,Magdalen Shallows
Greenland halibut|juvenile|Central,Amphilochida,0,0,20,9,0,NA,NA,NA,Greenland halibut,juvenile,Central
Greenland halibut|juvenile|Central,Amphipoda,0,0,20,9,0,NA,NA,NA,Greenland halibut,juvenile,Central
Greenland halibut|juvenile|Central,Annelida,0,0,20,9,0,NA,NA,NA,Greenland halibut,juvenile,Central
Greenland halibut|juvenile|Central,Argis dentata,0,0,20,9,0,NA,NA,NA,Greenland halibut,juvenile,Central
Greenland halibut|juvenile|Central,Arthropoda,0.09896063281824871,0.05556528265074691,20,9,-0.0433953501675018,0.0799078947474824,0.7675350701402806,2018-2019,Greenland halibut,juvenile,Central
Greenland halibut|juvenile|Central,Bivalvia,0,0,20,9,0,NA,NA,NA,Greenland halibut,juvenile,Central
Greenland halibut|juvenile|Central,Brachyura,0,0,20,9,0,NA,NA,NA,Greenland halibut,juvenile,Central
Greenland halibut|juvenile|Central,Caridea,0.1067568803548313,0,20,9,-0.1067568803548313,0.15,0.56312625250501,2004-2006,Greenland halibut,juvenile,Central
Greenland halibut|juvenile|Central,Chordata,0,0,20,9,0,NA,NA,NA,Greenland halibut,juvenile,Central
Greenland halibut|juvenile|Central,Copepoda,0,0,20,9,0,NA,NA,NA,Greenland halibut,juvenile,Central
Greenland halibut|juvenile|Central,Crangon septemspinosa,0,0,20,9,0,NA,NA,NA,Greenland halibut,juvenile,Central
Greenland halibut|juvenile|Central,Crangonidae,0,0,20,9,0,NA,NA,NA,Greenland halibut,juvenile,Central
Greenland halibut|juvenile|Central,Cumacea,0,0,20,9,0,NA,NA,NA,Greenland halibut,juvenile,Central
Greenland halibut|juvenile|Central,Decapoda,0.2321320203643497,0.0868012221042414,20,9,-0.1453307982601083,0.3275275049895266,0.41282565130260523,2004-2006,Greenland halibut,juvenile,Central
Greenland halibut|juvenile|Central,Diastylis,0,0,20,9,0,NA,NA,NA,Greenland halibut,juvenile,Central
Greenland halibut|juvenile|Central,Echinodermata,0,0,20,9,0,NA,NA,NA,Greenland halibut,juvenile,Central
Greenland halibut|juvenile|Central,Echinozoa,0,0.0028965399734686677,20,9,0.0028965399734686677,NA,NA,NA,Greenland halibut,juvenile,Central
Greenland halibut|juvenile|Central,Eualus,0,0,20,9,0,NA,NA,NA,Greenland halibut,juvenile,Central
Greenland halibut|juvenile|Central,Eualus macilentus,0,0,20,9,0,NA,NA,NA,Greenland halibut,juvenile,Central
Greenland halibut|juvenile|Central,Eumalacostraca,0,0,20,9,0,NA,NA,NA,Greenland halibut,juvenile,Central
Greenland halibut|juvenile|Central,Euphausiacea,0.05593278733565528,0.01039752374229719,20,9,-0.04553526359335809,0.1264869403444878,0.5991983967935872,2004-2006,Greenland halibut,juvenile,Central
Greenland halibut|juvenile|Central,Hyperiidae,0.053395491232952966,0.0010940899600676282,20,9,-0.05230140127288534,0.0979921116365494,0.9098196392785571,2004-2006,Greenland halibut,juvenile,Central
Greenland halibut|juvenile|Central,Malacostraca,0,0,20,9,0,NA,NA,NA,Greenland halibut,juvenile,Central
Greenland halibut|juvenile|Central,Mollusca,0,0,20,9,0,NA,NA,NA,Greenland halibut,juvenile,Central
Greenland halibut|juvenile|Central,Mysida,0.002984517240167305,0.010261586340314575,20,9,0.0072770691001472695,0.0860763509138643,0.781563126252505,2018-2019,Greenland halibut,juvenile,Central
Greenland halibut|juvenile|Central,Nematoda,0.05885049649602166,0.16008023519118272,20,9,0.10122973869516105,0.32497388853444115,0.2925851703406814,2018-2019,Greenland halibut,juvenile,Central
Greenland halibut|juvenile|Central,Oregoniidae,0,0,20,9,0,NA,NA,NA,Greenland halibut,juvenile,Central
Greenland halibut|juvenile|Central,Pandalidae,0,0,20,9,0,NA,NA,NA,Greenland halibut,juvenile,Central
Greenland halibut|juvenile|Central,Pandalus,0.18657123740537404,0,20,9,-0.18657123740537404,0.25,0.23446893787575152,2004-2006,Greenland halibut,juvenile,Central
Greenland halibut|juvenile|Central,Pandalus montagui,0,0,20,9,0,NA,NA,NA,Greenland halibut,juvenile,Central
Greenland halibut|juvenile|Central,Perciformes,0,0.10849094852926272,20,9,0.10849094852926272,NA,NA,NA,Greenland halibut,juvenile,Central
Greenland halibut|juvenile|Central,Polychaeta,1.454254683490914e-4,0.00849008368988994,20,9,0.008344658221540848,0.1092399550419053,0.3166332665330661,2018-2019,Greenland halibut,juvenile,Central
Greenland halibut|juvenile|Central,Teleostei,0.20406990254027574,0.5515133167426904,20,9,0.3474434142024147,0.48661158044780817,0.05410821643286573,2018-2019,Greenland halibut,juvenile,Central
Greenland halibut|juvenile|Central,Thoridae,0,0,20,9,0,NA,NA,NA,Greenland halibut,juvenile,Central
Greenland halibut|juvenile|Central,Vertebrata,0,0,20,9,0,NA,NA,NA,Greenland halibut,juvenile,Central
Greenland halibut|juvenile|Central,egg_larvae,2.006087437742114e-4,0,20,9,-2.006087437742114e-4,NA,NA,NA,Greenland halibut,juvenile,Central
Greenland halibut|juvenile|Central,other_phyla,0,0.004409171075837742,20,9,0.004409171075837742,NA,NA,NA,Greenland halibut,juvenile,Central
Greenland halibut|juvenile|Central,plantae_chromista,0,0,20,9,0,NA,NA,NA,Greenland halibut,juvenile,Central
Greenland halibut|juvenile|Chaleur Bay,Amphilochida,0,0,7,6,0,NA,NA,NA,Greenland halibut,juvenile,Chaleur Bay
Greenland halibut|juvenile|Chaleur Bay,Amphipoda,0,0.17072419106317413,7,6,0.17072419106317413,0.3333333333333333,0.18837675350701402,2018-2019,Greenland halibut,juvenile,Chaleur Bay
Greenland halibut|juvenile|Chaleur Bay,Annelida,0,0,7,6,0,NA,NA,NA,Greenland halibut,juvenile,Chaleur Bay
Greenland halibut|juvenile|Chaleur Bay,Argis dentata,0,0,7,6,0,NA,NA,NA,Greenland halibut,juvenile,Chaleur Bay
Greenland halibut|juvenile|Chaleur Bay,Arthropoda,0.08845333643698872,0,7,6,-0.08845333643698872,0.42857142857142855,0.18637274549098196,2004-2006,Greenland halibut,juvenile,Chaleur Bay
Greenland halibut|juvenile|Chaleur Bay,Bivalvia,0,0,7,6,0,NA,NA,NA,Greenland halibut,juvenile,Chaleur Bay
Greenland halibut|juvenile|Chaleur Bay,Brachyura,0,0,7,6,0,NA,NA,NA,Greenland halibut,juvenile,Chaleur Bay
Greenland halibut|juvenile|Chaleur Bay,Caridea,0,0,7,6,0,NA,NA,NA,Greenland halibut,juvenile,Chaleur Bay
Greenland halibut|juvenile|Chaleur Bay,Chordata,0,0,7,6,0,NA,NA,NA,Greenland halibut,juvenile,Chaleur Bay
Greenland halibut|juvenile|Chaleur Bay,Copepoda,0,0,7,6,0,NA,NA,NA,Greenland halibut,juvenile,Chaleur Bay
Greenland halibut|juvenile|Chaleur Bay,Crangon septemspinosa,0,0,7,6,0,NA,NA,NA,Greenland halibut,juvenile,Chaleur Bay
Greenland halibut|juvenile|Chaleur Bay,Crangonidae,0,0,7,6,0,NA,NA,NA,Greenland halibut,juvenile,Chaleur Bay
Greenland halibut|juvenile|Chaleur Bay,Cumacea,0,0,7,6,0,NA,NA,NA,Greenland halibut,juvenile,Chaleur Bay
Greenland halibut|juvenile|Chaleur Bay,Decapoda,0.11511008044737522,0.4234720082177709,7,6,0.3083619277703957,0.3931359927576956,0.2965931863727455,2018-2019,Greenland halibut,juvenile,Chaleur Bay
Greenland halibut|juvenile|Chaleur Bay,Diastylis,0,0,7,6,0,NA,NA,NA,Greenland halibut,juvenile,Chaleur Bay
Greenland halibut|juvenile|Chaleur Bay,Echinodermata,0,0,7,6,0,NA,NA,NA,Greenland halibut,juvenile,Chaleur Bay
Greenland halibut|juvenile|Chaleur Bay,Echinozoa,0,0,7,6,0,NA,NA,NA,Greenland halibut,juvenile,Chaleur Bay
Greenland halibut|juvenile|Chaleur Bay,Eualus,0.07625146675682663,0,7,6,-0.07625146675682663,NA,NA,NA,Greenland halibut,juvenile,Chaleur Bay
Greenland halibut|juvenile|Chaleur Bay,Eualus macilentus,0,0,7,6,0,NA,NA,NA,Greenland halibut,juvenile,Chaleur Bay
Greenland halibut|juvenile|Chaleur Bay,Eumalacostraca,0,0,7,6,0,NA,NA,NA,Greenland halibut,juvenile,Chaleur Bay
Greenland halibut|juvenile|Chaleur Bay,Euphausiacea,0.1678427602024921,0.16666666666666666,7,6,-0.0011760935358254287,0.21503911620251506,0.7094188376753507,2004-2006,Greenland halibut,juvenile,Chaleur Bay
Greenland halibut|juvenile|Chaleur Bay,Hyperiidae,0.2540816326530612,0,7,6,-0.2540816326530612,0.2857142857142857,0.46693386773547096,2004-2006,Greenland halibut,juvenile,Chaleur Bay
Greenland halibut|juvenile|Chaleur Bay,Malacostraca,0,0,7,6,0,NA,NA,NA,Greenland halibut,juvenile,Chaleur Bay
Greenland halibut|juvenile|Chaleur Bay,Mollusca,0,0,7,6,0,NA,NA,NA,Greenland halibut,juvenile,Chaleur Bay
Greenland halibut|juvenile|Chaleur Bay,Mysida,0.12806283654582665,0,7,6,-0.12806283654582665,0.5714285714285714,0.08016032064128256,2004-2006,Greenland halibut,juvenile,Chaleur Bay
Greenland halibut|juvenile|Chaleur Bay,Nematoda,0,0,7,6,0,NA,NA,NA,Greenland halibut,juvenile,Chaleur Bay
Greenland halibut|juvenile|Chaleur Bay,Oregoniidae,0,0,7,6,0,NA,NA,NA,Greenland halibut,juvenile,Chaleur Bay
Greenland halibut|juvenile|Chaleur Bay,Pandalidae,0,0,7,6,0,NA,NA,NA,Greenland halibut,juvenile,Chaleur Bay
Greenland halibut|juvenile|Chaleur Bay,Pandalus,0,0,7,6,0,NA,NA,NA,Greenland halibut,juvenile,Chaleur Bay
Greenland halibut|juvenile|Chaleur Bay,Pandalus montagui,0,0,7,6,0,NA,NA,NA,Greenland halibut,juvenile,Chaleur Bay
Greenland halibut|juvenile|Chaleur Bay,Perciformes,0.056770841740724144,0,7,6,-0.056770841740724144,NA,NA,NA,Greenland halibut,juvenile,Chaleur Bay
Greenland halibut|juvenile|Chaleur Bay,Polychaeta,0,0.07247046738572162,7,6,0.07247046738572162,NA,NA,NA,Greenland halibut,juvenile,Chaleur Bay
Greenland halibut|juvenile|Chaleur Bay,Teleostei,0.11328921574528754,0.16666666666666666,7,6,0.05337745092137912,0.1156194578836051,1,2004-2006,Greenland halibut,juvenile,Chaleur Bay
Greenland halibut|juvenile|Chaleur Bay,Thoridae,0,0,7,6,0,NA,NA,NA,Greenland halibut,juvenile,Chaleur Bay
Greenland halibut|juvenile|Chaleur Bay,Vertebrata,0,0,7,6,0,NA,NA,NA,Greenland halibut,juvenile,Chaleur Bay
Greenland halibut|juvenile|Chaleur Bay,egg_larvae,0,0,7,6,0,NA,NA,NA,Greenland halibut,juvenile,Chaleur Bay
Greenland halibut|juvenile|Chaleur Bay,other_phyla,0,0,7,6,0,NA,NA,NA,Greenland halibut,juvenile,Chaleur Bay
Greenland halibut|juvenile|Chaleur Bay,plantae_chromista,1.378294714177686e-4,0,7,6,-1.378294714177686e-4,NA,NA,NA,Greenland halibut,juvenile,Chaleur Bay
Greenland halibut|juvenile|Magdalen Shallows,Amphilochida,0,0,29,28,0,NA,NA,NA,Greenland halibut,juvenile,Magdalen Shallows
Greenland halibut|juvenile|Magdalen Shallows,Amphipoda,0.02135656090882859,0.007048777941507283,29,28,-0.014307782967321306,0.07777761131462281,0.7635270541082164,2004-2006,Greenland halibut,juvenile,Magdalen Shallows
Greenland halibut|juvenile|Magdalen Shallows,Annelida,0,0,29,28,0,NA,NA,NA,Greenland halibut,juvenile,Magdalen Shallows
Greenland halibut|juvenile|Magdalen Shallows,Argis dentata,0,0,29,28,0,NA,NA,NA,Greenland halibut,juvenile,Magdalen Shallows
Greenland halibut|juvenile|Magdalen Shallows,Arthropoda,0.06387835901925694,0,29,28,-0.06387835901925694,0.27586206896551724,0.004008016032064128,2004-2006,Greenland halibut,juvenile,Magdalen Shallows
Greenland halibut|juvenile|Magdalen Shallows,Bivalvia,0,0,29,28,0,NA,NA,NA,Greenland halibut,juvenile,Magdalen Shallows
Greenland halibut|juvenile|Magdalen Shallows,Brachyura,0,0,29,28,0,NA,NA,NA,Greenland halibut,juvenile,Magdalen Shallows
Greenland halibut|juvenile|Magdalen Shallows,Caridea,0,0,29,28,0,NA,NA,NA,Greenland halibut,juvenile,Magdalen Shallows
Greenland halibut|juvenile|Magdalen Shallows,Chordata,0,0,29,28,0,NA,NA,NA,Greenland halibut,juvenile,Magdalen Shallows
Greenland halibut|juvenile|Magdalen Shallows,Copepoda,0,0.03571428571428571,29,28,0.03571428571428571,NA,NA,NA,Greenland halibut,juvenile,Magdalen Shallows
Greenland halibut|juvenile|Magdalen Shallows,Crangon septemspinosa,0,0,29,28,0,NA,NA,NA,Greenland halibut,juvenile,Magdalen Shallows
Greenland halibut|juvenile|Magdalen Shallows,Crangonidae,0,0,29,28,0,NA,NA,NA,Greenland halibut,juvenile,Magdalen Shallows
Greenland halibut|juvenile|Magdalen Shallows,Cumacea,0,0.013284379172229641,29,28,0.013284379172229641,NA,NA,NA,Greenland halibut,juvenile,Magdalen Shallows
Greenland halibut|juvenile|Magdalen Shallows,Decapoda,0.04555306960809567,0.17956321450923765,29,28,0.134010144901142,0.34184849693499575,0.04809619238476954,2018-2019,Greenland halibut,juvenile,Magdalen Shallows
Greenland halibut|juvenile|Magdalen Shallows,Diastylis,0,0,29,28,0,NA,NA,NA,Greenland halibut,juvenile,Magdalen Shallows
Greenland halibut|juvenile|Magdalen Shallows,Echinodermata,0,0,29,28,0,NA,NA,NA,Greenland halibut,juvenile,Magdalen Shallows
Greenland halibut|juvenile|Magdalen Shallows,Echinozoa,0,0,29,28,0,NA,NA,NA,Greenland halibut,juvenile,Magdalen Shallows
Greenland halibut|juvenile|Magdalen Shallows,Eualus,0,0,29,28,0,NA,NA,NA,Greenland halibut,juvenile,Magdalen Shallows
Greenland halibut|juvenile|Magdalen Shallows,Eualus macilentus,0.008538334898948214,0,29,28,-0.008538334898948214,0.06896551724137931,0.5270541082164328,2004-2006,Greenland halibut,juvenile,Magdalen Shallows
Greenland halibut|juvenile|Magdalen Shallows,Eumalacostraca,0,0,29,28,0,NA,NA,NA,Greenland halibut,juvenile,Magdalen Shallows
Greenland halibut|juvenile|Magdalen Shallows,Euphausiacea,0.15019273902661862,0.21222050753308333,29,28,0.062027768506464714,0.16730743508777765,0.5651302605210421,2018-2019,Greenland halibut,juvenile,Magdalen Shallows
Greenland halibut|juvenile|Magdalen Shallows,Hyperiidae,0.12427193653816176,0,29,28,-0.12427193653816176,0.20689655172413793,0.028056112224448898,2004-2006,Greenland halibut,juvenile,Magdalen Shallows
Greenland halibut|juvenile|Magdalen Shallows,Malacostraca,0,0,29,28,0,NA,NA,NA,Greenland halibut,juvenile,Magdalen Shallows
Greenland halibut|juvenile|Magdalen Shallows,Mollusca,0,0,29,28,0,NA,NA,NA,Greenland halibut,juvenile,Magdalen Shallows
Greenland halibut|juvenile|Magdalen Shallows,Mysida,0.30734645712468867,0.05791272203520599,29,28,-0.2494337350894827,0.3191697766545904,0.014028056112224449,2004-2006,Greenland halibut,juvenile,Magdalen Shallows
Greenland halibut|juvenile|Magdalen Shallows,Nematoda,8.401855634522454e-4,0,29,28,-8.401855634522454e-4,0.06896551724137931,0.5130260521042084,2004-2006,Greenland halibut,juvenile,Magdalen Shallows
Greenland halibut|juvenile|Magdalen Shallows,Oregoniidae,0,0,29,28,0,NA,NA,NA,Greenland halibut,juvenile,Magdalen Shallows
Greenland halibut|juvenile|Magdalen Shallows,Pandalidae,0,0,29,28,0,NA,NA,NA,Greenland halibut,juvenile,Magdalen Shallows
Greenland halibut|juvenile|Magdalen Shallows,Pandalus,0.04396074214201799,0.0028575544666793137,29,28,-0.04110318767533868,0.06475620728960839,0.5250501002004008,2004-2006,Greenland halibut,juvenile,Magdalen Shallows
Greenland halibut|juvenile|Magdalen Shallows,Pandalus montagui,0.02416469670005905,0.016196886080292808,29,28,-0.00796781061976624,0.020645013055730514,1,2004-2006,Greenland halibut,juvenile,Magdalen Shallows
Greenland halibut|juvenile|Magdalen Shallows,Perciformes,0,0.13041647659623617,29,28,0.13041647659623617,0.21428571428571427,0.01002004008016032,2018-2019,Greenland halibut,juvenile,Magdalen Shallows
Greenland halibut|juvenile|Magdalen Shallows,Polychaeta,0,0.0292693348525851,29,28,0.0292693348525851,NA,NA,NA,Greenland halibut,juvenile,Magdalen Shallows
Greenland halibut|juvenile|Magdalen Shallows,Teleostei,0.20989691846987218,0.2798005365391794,29,28,0.06990361806930723,0.24487469647444218,0.3687374749498998,2018-2019,Greenland halibut,juvenile,Magdalen Shallows
Greenland halibut|juvenile|Magdalen Shallows,Thoridae,0,0.03571428571428571,29,28,0.03571428571428571,NA,NA,NA,Greenland halibut,juvenile,Magdalen Shallows
Greenland halibut|juvenile|Magdalen Shallows,Vertebrata,0,0,29,28,0,NA,NA,NA,Greenland halibut,juvenile,Magdalen Shallows
Greenland halibut|juvenile|Magdalen Shallows,egg_larvae,0,0,29,28,0,NA,NA,NA,Greenland halibut,juvenile,Magdalen Shallows
Greenland halibut|juvenile|Magdalen Shallows,other_phyla,0,1.0388451919820543e-6,29,28,1.0388451919820543e-6,NA,NA,NA,Greenland halibut,juvenile,Magdalen Shallows
Greenland halibut|juvenile|Magdalen Shallows,plantae_chromista,0,0,29,28,0,NA,NA,NA,Greenland halibut,juvenile,Magdalen Shallows
Laval's eelpout|one_class|Chaleur Bay,Amphilochida,0,0,8,3,0,NA,NA,NA,Laval's eelpout,one_class,Chaleur Bay
Laval's eelpout|one_class|Chaleur Bay,Amphipoda,0.6072881289360854,0,8,3,-0.6072881289360854,0.75,0.15030060120240482,2004-2006,Laval's eelpout,one_class,Chaleur Bay
Laval's eelpout|one_class|Chaleur Bay,Annelida,0,0,8,3,0,NA,NA,NA,Laval's eelpout,one_class,Chaleur Bay
Laval's eelpout|one_class|Chaleur Bay,Argis dentata,0.08640002938151903,0,8,3,-0.08640002938151903,NA,NA,NA,Laval's eelpout,one_class,Chaleur Bay
Laval's eelpout|one_class|Chaleur Bay,Arthropoda,0.013426206339592165,0,8,3,-0.013426206339592165,NA,NA,NA,Laval's eelpout,one_class,Chaleur Bay
Laval's eelpout|one_class|Chaleur Bay,Bivalvia,0,0,8,3,0,NA,NA,NA,Laval's eelpout,one_class,Chaleur Bay
Laval's eelpout|one_class|Chaleur Bay,Brachyura,0,0,8,3,0,NA,NA,NA,Laval's eelpout,one_class,Chaleur Bay
Laval's eelpout|one_class|Chaleur Bay,Caridea,0,0,8,3,0,NA,NA,NA,Laval's eelpout,one_class,Chaleur Bay
Laval's eelpout|one_class|Chaleur Bay,Chordata,0,0,8,3,0,NA,NA,NA,Laval's eelpout,one_class,Chaleur Bay
Laval's eelpout|one_class|Chaleur Bay,Copepoda,0,0,8,3,0,NA,NA,NA,Laval's eelpout,one_class,Chaleur Bay
Laval's eelpout|one_class|Chaleur Bay,Crangon septemspinosa,0,0,8,3,0,NA,NA,NA,Laval's eelpout,one_class,Chaleur Bay
Laval's eelpout|one_class|Chaleur Bay,Crangonidae,0,0,8,3,0,NA,NA,NA,Laval's eelpout,one_class,Chaleur Bay
Laval's eelpout|one_class|Chaleur Bay,Cumacea,0,0,8,3,0,NA,NA,NA,Laval's eelpout,one_class,Chaleur Bay
Laval's eelpout|one_class|Chaleur Bay,Decapoda,0.00754737769942706,0,8,3,-0.00754737769942706,NA,NA,NA,Laval's eelpout,one_class,Chaleur Bay
Laval's eelpout|one_class|Chaleur Bay,Diastylis,0,0,8,3,0,NA,NA,NA,Laval's eelpout,one_class,Chaleur Bay
Laval's eelpout|one_class|Chaleur Bay,Echinodermata,0,0,8,3,0,NA,NA,NA,Laval's eelpout,one_class,Chaleur Bay
Laval's eelpout|one_class|Chaleur Bay,Echinozoa,0,0,8,3,0,NA,NA,NA,Laval's eelpout,one_class,Chaleur Bay
Laval's eelpout|one_class|Chaleur Bay,Eualus,0,0,8,3,0,NA,NA,NA,Laval's eelpout,one_class,Chaleur Bay
Laval's eelpout|one_class|Chaleur Bay,Eualus macilentus,0.031052592919053913,0,8,3,-0.031052592919053913,NA,NA,NA,Laval's eelpout,one_class,Chaleur Bay
Laval's eelpout|one_class|Chaleur Bay,Eumalacostraca,0,0,8,3,0,NA,NA,NA,Laval's eelpout,one_class,Chaleur Bay
Laval's eelpout|one_class|Chaleur Bay,Euphausiacea,0,0,8,3,0,NA,NA,NA,Laval's eelpout,one_class,Chaleur Bay
Laval's eelpout|one_class|Chaleur Bay,Hyperiidae,0,0,8,3,0,NA,NA,NA,Laval's eelpout,one_class,Chaleur Bay
Laval's eelpout|one_class|Chaleur Bay,Malacostraca,0,0.3333333333333333,8,3,0.3333333333333333,NA,NA,NA,Laval's eelpout,one_class,Chaleur Bay
Laval's eelpout|one_class|Chaleur Bay,Mollusca,0.125,0,8,3,-0.125,NA,NA,NA,Laval's eelpout,one_class,Chaleur Bay
Laval's eelpout|one_class|Chaleur Bay,Mysida,0.0010687820634619038,0,8,3,-0.0010687820634619038,NA,NA,NA,Laval's eelpout,one_class,Chaleur Bay
Laval's eelpout|one_class|Chaleur Bay,Nematoda,0,0,8,3,0,NA,NA,NA,Laval's eelpout,one_class,Chaleur Bay
Laval's eelpout|one_class|Chaleur Bay,Oregoniidae,0,0,8,3,0,NA,NA,NA,Laval's eelpout,one_class,Chaleur Bay
Laval's eelpout|one_class|Chaleur Bay,Pandalidae,0,0,8,3,0,NA,NA,NA,Laval's eelpout,one_class,Chaleur Bay
Laval's eelpout|one_class|Chaleur Bay,Pandalus,0,0,8,3,0,NA,NA,NA,Laval's eelpout,one_class,Chaleur Bay
Laval's eelpout|one_class|Chaleur Bay,Pandalus montagui,0,0,8,3,0,NA,NA,NA,Laval's eelpout,one_class,Chaleur Bay
Laval's eelpout|one_class|Chaleur Bay,Perciformes,0.11385379061371842,0,8,3,-0.11385379061371842,NA,NA,NA,Laval's eelpout,one_class,Chaleur Bay
Laval's eelpout|one_class|Chaleur Bay,Polychaeta,0.014363092047142114,0.6666666666666666,8,3,0.6523035746195245,0.6526064959096958,0.09819639278557114,2018-2019,Laval's eelpout,one_class,Chaleur Bay
Laval's eelpout|one_class|Chaleur Bay,Teleostei,0,0,8,3,0,NA,NA,NA,Laval's eelpout,one_class,Chaleur Bay
Laval's eelpout|one_class|Chaleur Bay,Thoridae,0,0,8,3,0,NA,NA,NA,Laval's eelpout,one_class,Chaleur Bay
Laval's eelpout|one_class|Chaleur Bay,Vertebrata,0,0,8,3,0,NA,NA,NA,Laval's eelpout,one_class,Chaleur Bay
Laval's eelpout|one_class|Chaleur Bay,egg_larvae,0,0,8,3,0,NA,NA,NA,Laval's eelpout,one_class,Chaleur Bay
Laval's eelpout|one_class|Chaleur Bay,other_phyla,0,0,8,3,0,NA,NA,NA,Laval's eelpout,one_class,Chaleur Bay
Laval's eelpout|one_class|Chaleur Bay,plantae_chromista,0,0,8,3,0,NA,NA,NA,Laval's eelpout,one_class,Chaleur Bay
Laval's eelpout|one_class|Magdalen Shallows,Amphilochida,0.003819517093282468,0.05697370895681655,94,24,0.05315419186353408,0.31239066509298885,0.006012024048096192,2018-2019,Laval's eelpout,one_class,Magdalen Shallows
Laval's eelpout|one_class|Magdalen Shallows,Amphipoda,0.4798315643116269,0.29714930034107884,94,24,-0.18268226397054804,0.5715706097115313,0.03406813627254509,2004-2006,Laval's eelpout,one_class,Magdalen Shallows
Laval's eelpout|one_class|Magdalen Shallows,Annelida,0,0,94,24,0,NA,NA,NA,Laval's eelpout,one_class,Magdalen Shallows
Laval's eelpout|one_class|Magdalen Shallows,Argis dentata,0.14691216838195315,0,94,24,-0.14691216838195315,0.39361702127659576,0.008016032064128256,2004-2006,Laval's eelpout,one_class,Magdalen Shallows
Laval's eelpout|one_class|Magdalen Shallows,Arthropoda,0.032575866736616124,0.0706272103934563,94,24,0.03805134365684018,0.17108794707846017,0.6673346693386774,2018-2019,Laval's eelpout,one_class,Magdalen Shallows
Laval's eelpout|one_class|Magdalen Shallows,Bivalvia,0.0030999526881242416,3.104104751830304e-4,94,24,-0.0027895422129412114,0.1160400291954131,0.533066132264529,2004-2006,Laval's eelpout,one_class,Magdalen Shallows
Laval's eelpout|one_class|Magdalen Shallows,Brachyura,6.158204267635557e-6,0.004052763080540858,94,24,0.004046604876273222,0.04160344990869573,0.18236472945891782,2018-2019,Laval's eelpout,one_class,Magdalen Shallows
Laval's eelpout|one_class|Magdalen Shallows,Caridea,0,0,94,24,0,NA,NA,NA,Laval's eelpout,one_class,Magdalen Shallows
Laval's eelpout|one_class|Magdalen Shallows,Chordata,0,0,94,24,0,NA,NA,NA,Laval's eelpout,one_class,Magdalen Shallows
Laval's eelpout|one_class|Magdalen Shallows,Copepoda,0.012121612434111667,0,94,24,-0.012121612434111667,0.05319148936170213,0.38276553106212424,2004-2006,Laval's eelpout,one_class,Magdalen Shallows
Laval's eelpout|one_class|Magdalen Shallows,Crangon septemspinosa,0,1.374782461628683e-4,94,24,1.374782461628683e-4,NA,NA,NA,Laval's eelpout,one_class,Magdalen Shallows
Laval's eelpout|one_class|Magdalen Shallows,Crangonidae,0.01938308716855856,0.022234686938386292,94,24,0.0028515997698277326,0.09413905786121471,0.9579158316633266,2004-2006,Laval's eelpout,one_class,Magdalen Shallows
Laval's eelpout|one_class|Magdalen Shallows,Cumacea,0,4.750615086367845e-4,94,24,4.750615086367845e-4,NA,NA,NA,Laval's eelpout,one_class,Magdalen Shallows
Laval's eelpout|one_class|Magdalen Shallows,Decapoda,0.032816525473962015,0.08172831603188911,94,24,0.0489117905579271,0.23783499677930153,0.24649298597194388,2018-2019,Laval's eelpout,one_class,Magdalen Shallows
Laval's eelpout|one_class|Magdalen Shallows,Diastylis,0.02187184346776323,0,94,24,-0.02187184346776323,0.3404255319148936,0.02004008016032064,2004-2006,Laval's eelpout,one_class,Magdalen Shallows
Laval's eelpout|one_class|Magdalen Shallows,Echinodermata,0.015562611468707873,0,94,24,-0.015562611468707873,0.0425531914893617,0.5490981963927856,2004-2006,Laval's eelpout,one_class,Magdalen Shallows
Laval's eelpout|one_class|Magdalen Shallows,Echinozoa,0.0027276264194378386,0,94,24,-0.0027276264194378386,0.031914893617021274,0.7214428857715431,2004-2006,Laval's eelpout,one_class,Magdalen Shallows
Laval's eelpout|one_class|Magdalen Shallows,Eualus,0.0028085806608870367,0,94,24,-0.0028085806608870367,0.07446808510638298,0.3186372745490982,2004-2006,Laval's eelpout,one_class,Magdalen Shallows
Laval's eelpout|one_class|Magdalen Shallows,Eualus macilentus,0.007780796267044594,0,94,24,-0.007780796267044594,0.18085106382978725,0.05811623246492986,2004-2006,Laval's eelpout,one_class,Magdalen Shallows
Laval's eelpout|one_class|Magdalen Shallows,Eumalacostraca,2.357518013528006e-4,0,94,24,-2.357518013528006e-4,0.05319148936170213,0.42084168336673344,2004-2006,Laval's eelpout,one_class,Magdalen Shallows
Laval's eelpout|one_class|Magdalen Shallows,Euphausiacea,0,0.002305109005685774,94,24,0.002305109005685774,0.125,0.006012024048096192,2018-2019,Laval's eelpout,one_class,Magdalen Shallows
Laval's eelpout|one_class|Magdalen Shallows,Hyperiidae,0,0,94,24,0,NA,NA,NA,Laval's eelpout,one_class,Magdalen Shallows
Laval's eelpout|one_class|Magdalen Shallows,Malacostraca,0,0,94,24,0,NA,NA,NA,Laval's eelpout,one_class,Magdalen Shallows
Laval's eelpout|one_class|Magdalen Shallows,Mollusca,0.004393985402947823,0,94,24,-0.004393985402947823,0.07446808510638298,0.3486973947895792,2004-2006,Laval's eelpout,one_class,Magdalen Shallows
Laval's eelpout|one_class|Magdalen Shallows,Mysida,0.027385405335517577,0,94,24,-0.027385405335517577,0.1595744680851064,0.06412825651302605,2004-2006,Laval's eelpout,one_class,Magdalen Shallows
Laval's eelpout|one_class|Magdalen Shallows,Nematoda,3.391665082341321e-5,0,94,24,-3.391665082341321e-5,0.02127659574468085,1,2004-2006,Laval's eelpout,one_class,Magdalen Shallows
Laval's eelpout|one_class|Magdalen Shallows,Oregoniidae,0.009870700896158897,0.10746164944227621,94,24,0.09759094854611731,0.30529133449360524,0.002004008016032064,2018-2019,Laval's eelpout,one_class,Magdalen Shallows
Laval's eelpout|one_class|Magdalen Shallows,Pandalidae,0,0,94,24,0,NA,NA,NA,Laval's eelpout,one_class,Magdalen Shallows
Laval's eelpout|one_class|Magdalen Shallows,Pandalus,0.005963732519737119,0.009148473259860476,94,24,0.003184740740123357,0.02522374240973775,0.9739478957915831,2018-2019,Laval's eelpout,one_class,Magdalen Shallows
Laval's eelpout|one_class|Magdalen Shallows,Pandalus montagui,0.02243749323282419,0.07240093553388217,94,24,0.04996344230105798,0.09542668577942924,0.20440881763527055,2018-2019,Laval's eelpout,one_class,Magdalen Shallows
Laval's eelpout|one_class|Magdalen Shallows,Perciformes,0.043791241934196624,0,94,24,-0.043791241934196624,0.2127659574468085,0.04208416833667335,2004-2006,Laval's eelpout,one_class,Magdalen Shallows
Laval's eelpout|one_class|Magdalen Shallows,Polychaeta,0.06915409763480188,0.11592628144063627,94,24,0.046772183805834394,0.2870800203622242,0.40681362725450904,2018-2019,Laval's eelpout,one_class,Magdalen Shallows
Laval's eelpout|one_class|Magdalen Shallows,Teleostei,0.026641615031237544,0.09412502847260967,94,24,0.06748341344137213,0.1948489784549058,0.21042084168336672,2018-2019,Laval's eelpout,one_class,Magdalen Shallows
Laval's eelpout|one_class|Magdalen Shallows,Thoridae,0.007881221124651387,0.053639220624151995,94,24,0.04575799949950061,0.14531544068763486,0.12625250501002003,2018-2019,Laval's eelpout,one_class,Magdalen Shallows
Laval's eelpout|one_class|Magdalen Shallows,Vertebrata,0,0,94,24,0,NA,NA,NA,Laval's eelpout,one_class,Magdalen Shallows
Laval's eelpout|one_class|Magdalen Shallows,egg_larvae,7.353951030939457e-4,0.011279440403137504,94,24,0.010544045300043558,0.19558182183198056,0.002004008016032064,2018-2019,Laval's eelpout,one_class,Magdalen Shallows
Laval's eelpout|one_class|Magdalen Shallows,other_phyla,3.99314092478862e-6,0,94,24,-3.99314092478862e-6,NA,NA,NA,Laval's eelpout,one_class,Magdalen Shallows
Laval's eelpout|one_class|Magdalen Shallows,plantae_chromista,1.5353941538875362e-4,2.4925845609312294e-5,94,24,-1.2861356977944132e-4,0.06406729348003422,0.533066132264529,2004-2006,Laval's eelpout,one_class,Magdalen Shallows
Longhorn sculpin|adult|Magdalen Shallows,Amphilochida,0,1.9190927924980917e-5,64,25,1.9190927924980917e-5,NA,NA,NA,Longhorn sculpin,adult,Magdalen Shallows
Longhorn sculpin|adult|Magdalen Shallows,Amphipoda,0.08842007068033274,0.06823007719701508,64,25,-0.020189993483317653,0.24694378809609402,0.44288577154308617,2004-2006,Longhorn sculpin,adult,Magdalen Shallows
Longhorn sculpin|adult|Magdalen Shallows,Annelida,0,0,64,25,0,NA,NA,NA,Longhorn sculpin,adult,Magdalen Shallows
Longhorn sculpin|adult|Magdalen Shallows,Argis dentata,0.032074652037878335,0,64,25,-0.032074652037878335,0.171875,0.06813627254509018,2004-2006,Longhorn sculpin,adult,Magdalen Shallows
Longhorn sculpin|adult|Magdalen Shallows,Arthropoda,0.030944451410088867,0.003998125343533355,64,25,-0.02694632606655551,0.16604627301248487,0.21042084168336672,2004-2006,Longhorn sculpin,adult,Magdalen Shallows
Longhorn sculpin|adult|Magdalen Shallows,Bivalvia,0.04173193956213643,0,64,25,-0.04173193956213643,0.140625,0.08817635270541083,2004-2006,Longhorn sculpin,adult,Magdalen Shallows
Longhorn sculpin|adult|Magdalen Shallows,Brachyura,0.06333613084315311,0.12551315644060548,64,25,0.062177025597452376,0.18609381220784707,0.08216432865731463,2018-2019,Longhorn sculpin,adult,Magdalen Shallows
Longhorn sculpin|adult|Magdalen Shallows,Caridea,0,0,64,25,0,NA,NA,NA,Longhorn sculpin,adult,Magdalen Shallows
Longhorn sculpin|adult|Magdalen Shallows,Chordata,0,0,64,25,0,NA,NA,NA,Longhorn sculpin,adult,Magdalen Shallows
Longhorn sculpin|adult|Magdalen Shallows,Copepoda,2.7026949111498057e-6,0,64,25,-2.7026949111498057e-6,NA,NA,NA,Longhorn sculpin,adult,Magdalen Shallows
Longhorn sculpin|adult|Magdalen Shallows,Crangon septemspinosa,0.01587861128805129,5.504357616446353e-6,64,25,-0.01587310693043484,0.0937175126057973,0.26452905811623245,2004-2006,Longhorn sculpin,adult,Magdalen Shallows
Longhorn sculpin|adult|Magdalen Shallows,Crangonidae,0.026407224194364403,0,64,25,-0.026407224194364403,0.09375,0.20240480961923848,2004-2006,Longhorn sculpin,adult,Magdalen Shallows
Longhorn sculpin|adult|Magdalen Shallows,Cumacea,0,0,64,25,0,NA,NA,NA,Longhorn sculpin,adult,Magdalen Shallows
Longhorn sculpin|adult|Magdalen Shallows,Decapoda,0.14672753132072586,0.07097216607417665,64,25,-0.0757553652465492,0.2738086470139513,0.13627254509018036,2004-2006,Longhorn sculpin,adult,Magdalen Shallows
Longhorn sculpin|adult|Magdalen Shallows,Diastylis,2.4378606336783977e-4,0,64,25,-2.4378606336783977e-4,0.03125,0.8076152304609219,2004-2006,Longhorn sculpin,adult,Magdalen Shallows
Longhorn sculpin|adult|Magdalen Shallows,Echinodermata,0.012201773241296766,0,64,25,-0.012201773241296766,0.0625,0.44889779559118237,2004-2006,Longhorn sculpin,adult,Magdalen Shallows
Longhorn sculpin|adult|Magdalen Shallows,Echinozoa,8.58802968108471e-4,0.005275645978195553,64,25,0.004416843010087082,0.03440012965711683,0.7094188376753507,2018-2019,Longhorn sculpin,adult,Magdalen Shallows
Longhorn sculpin|adult|Magdalen Shallows,Eualus,0.004633181518381787,0,64,25,-0.004633181518381787,0.09375,0.28256513026052105,2004-2006,Longhorn sculpin,adult,Magdalen Shallows
Longhorn sculpin|adult|Magdalen Shallows,Eualus macilentus,0.011827721592158502,0,64,25,-0.011827721592158502,0.0625,0.40480961923847697,2004-2006,Longhorn sculpin,adult,Magdalen Shallows
Longhorn sculpin|adult|Magdalen Shallows,Eumalacostraca,0.01466925938944228,0,64,25,-0.01466925938944228,0.0625,0.46092184368737477,2004-2006,Longhorn sculpin,adult,Magdalen Shallows
Longhorn sculpin|adult|Magdalen Shallows,Euphausiacea,0.001687365010799136,0,64,25,-0.001687365010799136,NA,NA,NA,Longhorn sculpin,adult,Magdalen Shallows
Longhorn sculpin|adult|Magdalen Shallows,Hyperiidae,0.012641707503284685,0,64,25,-0.012641707503284685,0.03125,0.781563126252505,2004-2006,Longhorn sculpin,adult,Magdalen Shallows
Longhorn sculpin|adult|Magdalen Shallows,Malacostraca,0,0,64,25,0,NA,NA,NA,Longhorn sculpin,adult,Magdalen Shallows
Longhorn sculpin|adult|Magdalen Shallows,Mollusca,0.016205789261650633,0,64,25,-0.016205789261650633,0.078125,0.2605210420841683,2004-2006,Longhorn sculpin,adult,Magdalen Shallows
Longhorn sculpin|adult|Magdalen Shallows,Mysida,0.06898453000430857,0,64,25,-0.06898453000430857,0.34375,0.006012024048096192,2004-2006,Longhorn sculpin,adult,Magdalen Shallows
Longhorn sculpin|adult|Magdalen Shallows,Nematoda,8.954591457243541e-6,0,64,25,-8.954591457243541e-6,NA,NA,NA,Longhorn sculpin,adult,Magdalen Shallows
Longhorn sculpin|adult|Magdalen Shallows,Oregoniidae,0.08425816009090055,0.23778254162014154,64,25,0.15352438152924097,0.20674129481117318,0.06412825651302605,2018-2019,Longhorn sculpin,adult,Magdalen Shallows
Longhorn sculpin|adult|Magdalen Shallows,Pandalidae,0,0,64,25,0,NA,NA,NA,Longhorn sculpin,adult,Magdalen Shallows
Longhorn sculpin|adult|Magdalen Shallows,Pandalus,7.739677502459131e-5,0,64,25,-7.739677502459131e-5,NA,NA,NA,Longhorn sculpin,adult,Magdalen Shallows
Longhorn sculpin|adult|Magdalen Shallows,Pandalus montagui,0.06261536044295624,0,64,25,-0.06261536044295624,0.15625,0.06012024048096192,2004-2006,Longhorn sculpin,adult,Magdalen Shallows
Longhorn sculpin|adult|Magdalen Shallows,Perciformes,0.06174056042152023,0.21552132450000072,64,25,0.1537807640784805,0.18655690050812784,0.04408817635270541,2018-2019,Longhorn sculpin,adult,Magdalen Shallows
Longhorn sculpin|adult|Magdalen Shallows,Polychaeta,0.08145402087630878,0.011194175677594669,64,25,-0.07025984519871412,0.31595368114254097,0.03206412825651302,2004-2006,Longhorn sculpin,adult,Magdalen Shallows
Longhorn sculpin|adult|Magdalen Shallows,Teleostei,0.09955267174605853,0.1633016001720343,64,25,0.06374892842597576,0.1491030895381485,0.9038076152304609,2018-2019,Longhorn sculpin,adult,Magdalen Shallows
Longhorn sculpin|adult|Magdalen Shallows,Thoridae,0.01995229880361124,0,64,25,-0.01995229880361124,0.09375,0.2625250501002004,2004-2006,Longhorn sculpin,adult,Magdalen Shallows
Longhorn sculpin|adult|Magdalen Shallows,Vertebrata,0,0,64,25,0,NA,NA,NA,Longhorn sculpin,adult,Magdalen Shallows
Longhorn sculpin|adult|Magdalen Shallows,egg_larvae,0,0.016577181208053692,64,25,0.016577181208053692,NA,NA,NA,Longhorn sculpin,adult,Magdalen Shallows
Longhorn sculpin|adult|Magdalen Shallows,other_phyla,6.809267867518883e-4,0.08,64,25,0.07931907321324812,0.0793248200645472,0.06813627254509018,2018-2019,Longhorn sculpin,adult,Magdalen Shallows
Longhorn sculpin|adult|Magdalen Shallows,plantae_chromista,1.8241888096989691e-4,0.0016093105031075175,64,25,0.0014268916221376205,0.10778260494530023,0.06012024048096192,2018-2019,Longhorn sculpin,adult,Magdalen Shallows
Longhorn sculpin|juvenile|Magdalen Shallows,Amphilochida,2.3722645588566175e-5,0.0038974362059940194,55,22,0.0038737135604054534,0.04517954969104244,0.25851703406813625,2018-2019,Longhorn sculpin,juvenile,Magdalen Shallows
Longhorn sculpin|juvenile|Magdalen Shallows,Amphipoda,0.15434656987550893,0.08251622024286509,55,22,-0.07183034963264384,0.40282495679496616,0.2665330661322645,2004-2006,Longhorn sculpin,juvenile,Magdalen Shallows
Longhorn sculpin|juvenile|Magdalen Shallows,Annelida,0,0,55,22,0,NA,NA,NA,Longhorn sculpin,juvenile,Magdalen Shallows
Longhorn sculpin|juvenile|Magdalen Shallows,Argis dentata,0.07676305487511886,0,55,22,-0.07676305487511886,0.10909090909090909,0.20440881763527055,2004-2006,Longhorn sculpin,juvenile,Magdalen Shallows
Longhorn sculpin|juvenile|Magdalen Shallows,Arthropoda,0.03265823491715878,0.054710956972081344,55,22,0.022052722054922563,0.11385531337873891,0.9018036072144289,2018-2019,Longhorn sculpin,juvenile,Magdalen Shallows
Longhorn sculpin|juvenile|Magdalen Shallows,Bivalvia,0.012659711021891638,4.196785597974799e-5,55,22,-0.01261774316591189,0.10873045976720565,0.280561122244489,2004-2006,Longhorn sculpin,juvenile,Magdalen Shallows
Longhorn sculpin|juvenile|Magdalen Shallows,Brachyura,0.07092153588373683,7.78888346244402e-4,55,22,-0.07014264753749243,0.16185876666916355,0.11222444889779559,2004-2006,Longhorn sculpin,juvenile,Magdalen Shallows
Longhorn sculpin|juvenile|Magdalen Shallows,Caridea,0,0,55,22,0,NA,NA,NA,Longhorn sculpin,juvenile,Magdalen Shallows
Longhorn sculpin|juvenile|Magdalen Shallows,Chordata,0,0.04493081206240696,55,22,0.04493081206240696,NA,NA,NA,Longhorn sculpin,juvenile,Magdalen Shallows
Longhorn sculpin|juvenile|Magdalen Shallows,Copepoda,4.6825730023264715e-4,0,55,22,-4.6825730023264715e-4,0.05454545454545454,0.5691382765531062,2004-2006,Longhorn sculpin,juvenile,Magdalen Shallows
Longhorn sculpin|juvenile|Magdalen Shallows,Crangon septemspinosa,0.07301957730412285,0.0184020654899999,55,22,-0.05461751181412296,0.21783058765087002,0.12625250501002003,2004-2006,Longhorn sculpin,juvenile,Magdalen Shallows
Longhorn sculpin|juvenile|Magdalen Shallows,Crangonidae,0.02577399844030307,0.09090909090909091,55,22,0.06513509246878785,0.07082828245291295,0.8897795591182365,2018-2019,Longhorn sculpin,juvenile,Magdalen Shallows
Longhorn sculpin|juvenile|Magdalen Shallows,Cumacea,0,0,55,22,0,NA,NA,NA,Longhorn sculpin,juvenile,Magdalen Shallows
Longhorn sculpin|juvenile|Magdalen Shallows,Decapoda,0.07058379465693052,0.14718276027072252,55,22,0.07659896561379201,0.15360773533552097,0.9879759519038076,2018-2019,Longhorn sculpin,juvenile,Magdalen Shallows
Longhorn sculpin|juvenile|Magdalen Shallows,Diastylis,0.0021398932344679554,0,55,22,-0.0021398932344679554,0.03636363636363636,0.7735470941883767,2004-2006,Longhorn sculpin,juvenile,Magdalen Shallows
Longhorn sculpin|juvenile|Magdalen Shallows,Echinodermata,0.01449421937147482,0.015015829941203075,55,22,5.216105697282546e-4,0.044651104867236835,0.8797595190380761,2004-2006,Longhorn sculpin,juvenile,Magdalen Shallows
Longhorn sculpin|juvenile|Magdalen Shallows,Echinozoa,0.001058229639926888,0,55,22,-0.001058229639926888,0.03636363636363636,0.7675350701402806,2004-2006,Longhorn sculpin,juvenile,Magdalen Shallows
Longhorn sculpin|juvenile|Magdalen Shallows,Eualus,0.009017859740925064,0.02925468787087586,55,22,0.020236828129950795,0.034744447980652585,0.8977955911823647,2018-2019,Longhorn sculpin,juvenile,Magdalen Shallows
Longhorn sculpin|juvenile|Magdalen Shallows,Eualus macilentus,0.0028479508646150715,0,55,22,-0.0028479508646150715,0.03636363636363636,0.8156312625250501,2004-2006,Longhorn sculpin,juvenile,Magdalen Shallows
Longhorn sculpin|juvenile|Magdalen Shallows,Eumalacostraca,0.018915722827745802,4.4026290975650344e-4,55,22,-0.0184754599179893,0.1776826238125352,0.10821643286573146,2004-2006,Longhorn sculpin,juvenile,Magdalen Shallows
Longhorn sculpin|juvenile|Magdalen Shallows,Euphausiacea,0.006530010807824429,0,55,22,-0.006530010807824429,0.03636363636363636,0.5971943887775552,2004-2006,Longhorn sculpin,juvenile,Magdalen Shallows
Longhorn sculpin|juvenile|Magdalen Shallows,Hyperiidae,5.917874190756213e-5,0,55,22,-5.917874190756213e-5,NA,NA,NA,Longhorn sculpin,juvenile,Magdalen Shallows
Longhorn sculpin|juvenile|Magdalen Shallows,Malacostraca,0,0,55,22,0,NA,NA,NA,Longhorn sculpin,juvenile,Magdalen Shallows
Longhorn sculpin|juvenile|Magdalen Shallows,Mollusca,0.009750220016714274,0,55,22,-0.009750220016714274,0.07272727272727272,0.44488977955911824,2004-2006,Longhorn sculpin,juvenile,Magdalen Shallows
Longhorn sculpin|juvenile|Magdalen Shallows,Mysida,0.17411959114371336,0,55,22,-0.17411959114371336,0.41818181818181815,0.004008016032064128,2004-2006,Longhorn sculpin,juvenile,Magdalen Shallows
Longhorn sculpin|juvenile|Magdalen Shallows,Nematoda,0,0,55,22,0,NA,NA,NA,Longhorn sculpin,juvenile,Magdalen Shallows
Longhorn sculpin|juvenile|Magdalen Shallows,Oregoniidae,0.0057217982789074286,0.18075420814141482,55,22,0.1750324098625074,0.39653843274563094,0.002004008016032064,2018-2019,Longhorn sculpin,juvenile,Magdalen Shallows
Longhorn sculpin|juvenile|Magdalen Shallows,Pandalidae,0,0,55,22,0,NA,NA,NA,Longhorn sculpin,juvenile,Magdalen Shallows
Longhorn sculpin|juvenile|Magdalen Shallows,Pandalus,0.004718110020855414,0.053129215774447576,55,22,0.048411105753592164,0.08349441638597122,0.11623246492985972,2018-2019,Longhorn sculpin,juvenile,Magdalen Shallows
Longhorn sculpin|juvenile|Magdalen Shallows,Pandalus montagui,0.005573059053404496,0,55,22,-0.005573059053404496,0.07272727272727272,0.42084168336673344,2004-2006,Longhorn sculpin,juvenile,Magdalen Shallows
Longhorn sculpin|juvenile|Magdalen Shallows,Perciformes,0.024590333196458123,0.16517387538564712,55,22,0.140583542189189,0.19782190442334863,0.018036072144288578,2018-2019,Longhorn sculpin,juvenile,Magdalen Shallows
Longhorn sculpin|juvenile|Magdalen Shallows,Polychaeta,0.11870476552110598,0.0128648994061418,55,22,-0.10583986611496418,0.3444839490127474,0.018036072144288578,2004-2006,Longhorn sculpin,juvenile,Magdalen Shallows
Longhorn sculpin|juvenile|Magdalen Shallows,Teleostei,0.0765106671535359,0.06939555244266281,55,22,-0.007115114710873088,0.11441072571177277,0.9238476953907816,2004-2006,Longhorn sculpin,juvenile,Magdalen Shallows
Longhorn sculpin|juvenile|Magdalen Shallows,Thoridae,0.0017832626992180505,0.026045767345552372,55,22,0.024262504646334324,0.12762556012217915,0.04008016032064128,2018-2019,Longhorn sculpin,juvenile,Magdalen Shallows
Longhorn sculpin|juvenile|Magdalen Shallows,Vertebrata,0,0,55,22,0,NA,NA,NA,Longhorn sculpin,juvenile,Magdalen Shallows
Longhorn sculpin|juvenile|Magdalen Shallows,egg_larvae,0.0013630528649784105,4.157529612208463e-4,55,22,-9.472999037575642e-4,0.013932256684922577,1,2004-2006,Longhorn sculpin,juvenile,Magdalen Shallows
Longhorn sculpin|juvenile|Magdalen Shallows,other_phyla,0.004196900894869573,0.003987240829346092,55,22,-2.0966006552348114e-4,0.055942791487967485,0.8416833667334669,2004-2006,Longhorn sculpin,juvenile,Magdalen Shallows
Longhorn sculpin|juvenile|Magdalen Shallows,plantae_chromista,6.867170067587333e-4,1.5250863634620683e-4,55,22,-5.342083704125265e-4,0.07438859776171322,0.46092184368737477,2004-2006,Longhorn sculpin,juvenile,Magdalen Shallows
Longhorn sculpin|juvenile|Northumberland,Amphilochida,0,0,27,8,0,NA,NA,NA,Longhorn sculpin,juvenile,Northumberland
Longhorn sculpin|juvenile|Northumberland,Amphipoda,0.1252257750683647,0.005170685510396313,27,8,-0.12005508955796837,0.5335257930253356,0.11623246492985972,2004-2006,Longhorn sculpin,juvenile,Northumberland
Longhorn sculpin|juvenile|Northumberland,Annelida,0,9.622948977298269e-4,27,8,9.622948977298269e-4,NA,NA,NA,Longhorn sculpin,juvenile,Northumberland
Longhorn sculpin|juvenile|Northumberland,Argis dentata,0.0014881864975694317,0,27,8,-0.0014881864975694317,NA,NA,NA,Longhorn sculpin,juvenile,Northumberland
Longhorn sculpin|juvenile|Northumberland,Arthropoda,0.004150184954590115,0.018051778261741175,27,8,0.01390159330715106,0.20326781561892093,0.12625250501002003,2018-2019,Longhorn sculpin,juvenile,Northumberland
Longhorn sculpin|juvenile|Northumberland,Bivalvia,0.010082404548993965,0,27,8,-0.010082404548993965,0.14814814814814814,0.49498997995991983,2004-2006,Longhorn sculpin,juvenile,Northumberland
Longhorn sculpin|juvenile|Northumberland,Brachyura,0.053926416852780955,0.11508592200925313,27,8,0.06115950515647218,0.085116508936663,0.6993987975951904,2018-2019,Longhorn sculpin,juvenile,Northumberland
Longhorn sculpin|juvenile|Northumberland,Caridea,0,0,27,8,0,NA,NA,NA,Longhorn sculpin,juvenile,Northumberland
Longhorn sculpin|juvenile|Northumberland,Chordata,0,0,27,8,0,NA,NA,NA,Longhorn sculpin,juvenile,Northumberland
Longhorn sculpin|juvenile|Northumberland,Copepoda,4.7266238907204557e-4,0,27,8,-4.7266238907204557e-4,NA,NA,NA,Longhorn sculpin,juvenile,Northumberland
Longhorn sculpin|juvenile|Northumberland,Crangon septemspinosa,0.19770136459975743,0.23651488311975366,27,8,0.03881351851999623,0.3404336035931431,0.6673346693386774,2018-2019,Longhorn sculpin,juvenile,Northumberland
Longhorn sculpin|juvenile|Northumberland,Crangonidae,0.06985945118851916,0,27,8,-0.06985945118851916,0.2222222222222222,0.2785571142284569,2004-2006,Longhorn sculpin,juvenile,Northumberland
Longhorn sculpin|juvenile|Northumberland,Cumacea,0,0,27,8,0,NA,NA,NA,Longhorn sculpin,juvenile,Northumberland
Longhorn sculpin|juvenile|Northumberland,Decapoda,0.036053144171288874,0.27719533394787377,27,8,0.2411421897765849,0.5530660029304797,0.006012024048096192,2018-2019,Longhorn sculpin,juvenile,Northumberland
Longhorn sculpin|juvenile|Northumberland,Diastylis,0,0,27,8,0,NA,NA,NA,Longhorn sculpin,juvenile,Northumberland
Longhorn sculpin|juvenile|Northumberland,Echinodermata,1.3790416694678452e-4,0,27,8,-1.3790416694678452e-4,NA,NA,NA,Longhorn sculpin,juvenile,Northumberland
Longhorn sculpin|juvenile|Northumberland,Echinozoa,0.03435138342389607,0,27,8,-0.03435138342389607,NA,NA,NA,Longhorn sculpin,juvenile,Northumberland
Longhorn sculpin|juvenile|Northumberland,Eualus,0,0.007704664445502143,27,8,0.007704664445502143,NA,NA,NA,Longhorn sculpin,juvenile,Northumberland
Longhorn sculpin|juvenile|Northumberland,Eualus macilentus,0,0,27,8,0,NA,NA,NA,Longhorn sculpin,juvenile,Northumberland
Longhorn sculpin|juvenile|Northumberland,Eumalacostraca,0,0,27,8,0,NA,NA,NA,Longhorn sculpin,juvenile,Northumberland
Longhorn sculpin|juvenile|Northumberland,Euphausiacea,0,0.009027027027027026,27,8,0.009027027027027026,NA,NA,NA,Longhorn sculpin,juvenile,Northumberland
Longhorn sculpin|juvenile|Northumberland,Hyperiidae,0,0,27,8,0,NA,NA,NA,Longhorn sculpin,juvenile,Northumberland
Longhorn sculpin|juvenile|Northumberland,Malacostraca,0,0,27,8,0,NA,NA,NA,Longhorn sculpin,juvenile,Northumberland
Longhorn sculpin|juvenile|Northumberland,Mollusca,8.63493591700118e-4,2.3530568667116207e-4,27,8,-6.281879050289559e-4,0.11642251598288753,0.7735470941883767,2004-2006,Longhorn sculpin,juvenile,Northumberland
Longhorn sculpin|juvenile|Northumberland,Mysida,0.04428908652163375,0.014603603603603604,27,8,-0.029685482918030144,0.13926486753704528,0.7134268537074149,2004-2006,Longhorn sculpin,juvenile,Northumberland
Longhorn sculpin|juvenile|Northumberland,Nematoda,0,0,27,8,0,NA,NA,NA,Longhorn sculpin,juvenile,Northumberland
Longhorn sculpin|juvenile|Northumberland,Oregoniidae,0,0.09354672378232588,27,8,0.09354672378232588,NA,NA,NA,Longhorn sculpin,juvenile,Northumberland
Longhorn sculpin|juvenile|Northumberland,Pandalidae,0,0,27,8,0,NA,NA,NA,Longhorn sculpin,juvenile,Northumberland
Longhorn sculpin|juvenile|Northumberland,Pandalus,0.020694734934871062,0.14768755183826904,27,8,0.12699281690339798,0.2192741805990067,0.06613226452905811,2018-2019,Longhorn sculpin,juvenile,Northumberland
Longhorn sculpin|juvenile|Northumberland,Pandalus montagui,0.13619950775294723,0,27,8,-0.13619950775294723,0.3333333333333333,0.1462925851703407,2004-2006,Longhorn sculpin,juvenile,Northumberland
Longhorn sculpin|juvenile|Northumberland,Perciformes,0.06634781034215124,0,27,8,-0.06634781034215124,0.1111111111111111,0.5951903807615231,2004-2006,Longhorn sculpin,juvenile,Northumberland
Longhorn sculpin|juvenile|Northumberland,Polychaeta,0.09987044796878253,0.011526488687234302,27,8,-0.08834395928154823,0.3320473247614652,0.2545090180360721,2004-2006,Longhorn sculpin,juvenile,Northumberland
Longhorn sculpin|juvenile|Northumberland,Teleostei,0.05829466341464726,0.009697762970014281,27,8,-0.048596900444632975,0.19052665622507886,0.3486973947895792,2004-2006,Longhorn sculpin,juvenile,Northumberland
Longhorn sculpin|juvenile|Northumberland,Thoridae,0.02314477624018775,0.05263300134254281,27,8,0.029488225102355062,0.17364260018407313,0.11623246492985972,2018-2019,Longhorn sculpin,juvenile,Northumberland
Longhorn sculpin|juvenile|Northumberland,Vertebrata,0,0,27,8,0,NA,NA,NA,Longhorn sculpin,juvenile,Northumberland
Longhorn sculpin|juvenile|Northumberland,egg_larvae,0.016656783381370697,0,27,8,-0.016656783381370697,NA,NA,NA,Longhorn sculpin,juvenile,Northumberland
Longhorn sculpin|juvenile|Northumberland,other_phyla,0,0,27,8,0,NA,NA,NA,Longhorn sculpin,juvenile,Northumberland
Longhorn sculpin|juvenile|Northumberland,plantae_chromista,1.8981798992890594e-4,3.569728700618753e-4,27,8,1.6715488013296936e-4,0.08160635449993939,0.875751503006012,2018-2019,Longhorn sculpin,juvenile,Northumberland
Marlin-spike grenadier|one_class|Central,Amphilochida,0,0.006937761912152723,26,17,0.006937761912152723,NA,NA,NA,Marlin-spike grenadier,one_class,Central
Marlin-spike grenadier|one_class|Central,Amphipoda,0.17501560715730446,0.0516192429228553,26,17,-0.12339636423444916,0.5346249752235708,0.1683366733466934,2004-2006,Marlin-spike grenadier,one_class,Central
Marlin-spike grenadier|one_class|Central,Annelida,0,0.015694385303242287,26,17,0.015694385303242287,NA,NA,NA,Marlin-spike grenadier,one_class,Central
Marlin-spike grenadier|one_class|Central,Argis dentata,0,0,26,17,0,NA,NA,NA,Marlin-spike grenadier,one_class,Central
Marlin-spike grenadier|one_class|Central,Arthropoda,0.08012973552068724,0.1029841424259715,26,17,0.022854406905284258,0.23157848870924563,0.8056112224448898,2018-2019,Marlin-spike grenadier,one_class,Central
Marlin-spike grenadier|one_class|Central,Bivalvia,0.0112657544662239,0.005780389142162029,26,17,-0.005485365324061872,0.10167654541822731,0.6953907815631263,2004-2006,Marlin-spike grenadier,one_class,Central
Marlin-spike grenadier|one_class|Central,Brachyura,0,0.010683910812721461,26,17,0.010683910812721461,0.11764705882352941,0.156312625250501,2018-2019,Marlin-spike grenadier,one_class,Central
Marlin-spike grenadier|one_class|Central,Caridea,0.028768770893397244,0,26,17,-0.028768770893397244,NA,NA,NA,Marlin-spike grenadier,one_class,Central
Marlin-spike grenadier|one_class|Central,Chordata,0,0,26,17,0,NA,NA,NA,Marlin-spike grenadier,one_class,Central
Marlin-spike grenadier|one_class|Central,Copepoda,0.23271838723932228,0.09749680171841726,26,17,-0.13522158552090502,0.4336908779884329,0.21042084168336672,2004-2006,Marlin-spike grenadier,one_class,Central
Marlin-spike grenadier|one_class|Central,Crangon septemspinosa,0,0,26,17,0,NA,NA,NA,Marlin-spike grenadier,one_class,Central
Marlin-spike grenadier|one_class|Central,Crangonidae,0,0,26,17,0,NA,NA,NA,Marlin-spike grenadier,one_class,Central
Marlin-spike grenadier|one_class|Central,Cumacea,0,6.361945776646765e-4,26,17,6.361945776646765e-4,NA,NA,NA,Marlin-spike grenadier,one_class,Central
Marlin-spike grenadier|one_class|Central,Decapoda,0.023076923076923075,0.11857008419070396,26,17,0.09549316111378088,0.24620043053819393,0.03006012024048096,2018-2019,Marlin-spike grenadier,one_class,Central
Marlin-spike grenadier|one_class|Central,Diastylis,0.005795574288724973,0,26,17,-0.005795574288724973,NA,NA,NA,Marlin-spike grenadier,one_class,Central
Marlin-spike grenadier|one_class|Central,Echinodermata,0.001484748575296404,0.04016760790184898,26,17,0.03868285932655258,0.226906774516934,0.018036072144288578,2018-2019,Marlin-spike grenadier,one_class,Central
Marlin-spike grenadier|one_class|Central,Echinozoa,0,0,26,17,0,NA,NA,NA,Marlin-spike grenadier,one_class,Central
Marlin-spike grenadier|one_class|Central,Eualus,0,0,26,17,0,NA,NA,NA,Marlin-spike grenadier,one_class,Central
Marlin-spike grenadier|one_class|Central,Eualus macilentus,0,0,26,17,0,NA,NA,NA,Marlin-spike grenadier,one_class,Central
Marlin-spike grenadier|one_class|Central,Eumalacostraca,0.015286650527566016,0.02331920946258676,26,17,0.008032558935020745,0.10659404069989317,0.6973947895791583,2018-2019,Marlin-spike grenadier,one_class,Central
Marlin-spike grenadier|one_class|Central,Euphausiacea,0.01431335315825302,0.05979336751993937,26,17,0.04548001436168635,0.1898482016610212,0.13827655310621242,2018-2019,Marlin-spike grenadier,one_class,Central
Marlin-spike grenadier|one_class|Central,Hyperiidae,0.06441941841072431,0.0065383742417883875,26,17,-0.05788104416893592,0.17458758553887138,0.38877755511022044,2004-2006,Marlin-spike grenadier,one_class,Central
Marlin-spike grenadier|one_class|Central,Malacostraca,0,0.003774254423458443,26,17,0.003774254423458443,NA,NA,NA,Marlin-spike grenadier,one_class,Central
Marlin-spike grenadier|one_class|Central,Mollusca,0,0.0012085937375761336,26,17,0.0012085937375761336,NA,NA,NA,Marlin-spike grenadier,one_class,Central
Marlin-spike grenadier|one_class|Central,Mysida,0.0977082960759019,0.07793568496311605,26,17,-0.019772611112785846,0.21395617232678615,0.7394789579158316,2004-2006,Marlin-spike grenadier,one_class,Central
Marlin-spike grenadier|one_class|Central,Nematoda,0.0019889612649793644,0.008216173735933592,26,17,0.006227212470954228,0.3315125533912439,0.01603206412825651,2018-2019,Marlin-spike grenadier,one_class,Central
Marlin-spike grenadier|one_class|Central,Oregoniidae,0,0.020619805617573136,26,17,0.020619805617573136,0.29411764705882354,0.014028056112224449,2018-2019,Marlin-spike grenadier,one_class,Central
Marlin-spike grenadier|one_class|Central,Pandalidae,0,0,26,17,0,NA,NA,NA,Marlin-spike grenadier,one_class,Central
Marlin-spike grenadier|one_class|Central,Pandalus,0,0,26,17,0,NA,NA,NA,Marlin-spike grenadier,one_class,Central
Marlin-spike grenadier|one_class|Central,Pandalus montagui,0,0,26,17,0,NA,NA,NA,Marlin-spike grenadier,one_class,Central
Marlin-spike grenadier|one_class|Central,Perciformes,0,0,26,17,0,NA,NA,NA,Marlin-spike grenadier,one_class,Central
Marlin-spike grenadier|one_class|Central,Polychaeta,0.24659742723785794,0.18790975755646933,26,17,-0.05868766968138861,0.3929078776013012,0.46092184368737477,2004-2006,Marlin-spike grenadier,one_class,Central
Marlin-spike grenadier|one_class|Central,Teleostei,0,0.053416585522068634,26,17,0.053416585522068634,0.17647058823529413,0.06412825651302605,2018-2019,Marlin-spike grenadier,one_class,Central
Marlin-spike grenadier|one_class|Central,Thoridae,0,0,26,17,0,NA,NA,NA,Marlin-spike grenadier,one_class,Central
Marlin-spike grenadier|one_class|Central,Vertebrata,0,0,26,17,0,NA,NA,NA,Marlin-spike grenadier,one_class,Central
Marlin-spike grenadier|one_class|Central,egg_larvae,0,0.10647305144616373,26,17,0.10647305144616373,0.35294117647058826,0.006012024048096192,2018-2019,Marlin-spike grenadier,one_class,Central
Marlin-spike grenadier|one_class|Central,other_phyla,0,2.2022119996084955e-4,26,17,2.2022119996084955e-4,NA,NA,NA,Marlin-spike grenadier,one_class,Central
Marlin-spike grenadier|one_class|Central,plantae_chromista,0.0014303921068378645,4.39966562541247e-6,26,17,-0.001425992441212452,0.1150307983808159,0.3226452905811623,2004-2006,Marlin-spike grenadier,one_class,Central
Moustache sculpin|one_class|Central,Amphilochida,0.06279786935800392,0,9,3,-0.06279786935800392,NA,NA,NA,Moustache sculpin,one_class,Central
Moustache sculpin|one_class|Central,Amphipoda,0.4384574956088595,0.5009979290445442,9,3,0.06254043343568472,0.5332854714521224,0.5791583166332666,2018-2019,Moustache sculpin,one_class,Central
Moustache sculpin|one_class|Central,Annelida,0,0,9,3,0,NA,NA,NA,Moustache sculpin,one_class,Central
Moustache sculpin|one_class|Central,Argis dentata,0,0,9,3,0,NA,NA,NA,Moustache sculpin,one_class,Central
Moustache sculpin|one_class|Central,Arthropoda,0.2127826728114501,0,9,3,-0.2127826728114501,0.6666666666666666,0.14829659318637275,2004-2006,Moustache sculpin,one_class,Central
Moustache sculpin|one_class|Central,Bivalvia,0,0,9,3,0,NA,NA,NA,Moustache sculpin,one_class,Central
Moustache sculpin|one_class|Central,Brachyura,0,0,9,3,0,NA,NA,NA,Moustache sculpin,one_class,Central
Moustache sculpin|one_class|Central,Caridea,0,0.06997346977449308,9,3,0.06997346977449308,NA,NA,NA,Moustache sculpin,one_class,Central
Moustache sculpin|one_class|Central,Chordata,0,0,9,3,0,NA,NA,NA,Moustache sculpin,one_class,Central
Moustache sculpin|one_class|Central,Copepoda,0.041107021660977204,0,9,3,-0.041107021660977204,0.4444444444444444,0.3627254509018036,2004-2006,Moustache sculpin,one_class,Central
Moustache sculpin|one_class|Central,Crangon septemspinosa,0,0,9,3,0,NA,NA,NA,Moustache sculpin,one_class,Central
Moustache sculpin|one_class|Central,Crangonidae,0,0,9,3,0,NA,NA,NA,Moustache sculpin,one_class,Central
Moustache sculpin|one_class|Central,Cumacea,0,0,9,3,0,NA,NA,NA,Moustache sculpin,one_class,Central
Moustache sculpin|one_class|Central,Decapoda,0,0,9,3,0,NA,NA,NA,Moustache sculpin,one_class,Central
Moustache sculpin|one_class|Central,Diastylis,0,0,9,3,0,NA,NA,NA,Moustache sculpin,one_class,Central
Moustache sculpin|one_class|Central,Echinodermata,0,0,9,3,0,NA,NA,NA,Moustache sculpin,one_class,Central
Moustache sculpin|one_class|Central,Echinozoa,0,0,9,3,0,NA,NA,NA,Moustache sculpin,one_class,Central
Moustache sculpin|one_class|Central,Eualus,0,0.0039084707220011375,9,3,0.0039084707220011375,NA,NA,NA,Moustache sculpin,one_class,Central
Moustache sculpin|one_class|Central,Eualus macilentus,0,0,9,3,0,NA,NA,NA,Moustache sculpin,one_class,Central
Moustache sculpin|one_class|Central,Eumalacostraca,2.4207213749697412e-4,0,9,3,-2.4207213749697412e-4,NA,NA,NA,Moustache sculpin,one_class,Central
Moustache sculpin|one_class|Central,Euphausiacea,0,0.01189122607542164,9,3,0.01189122607542164,NA,NA,NA,Moustache sculpin,one_class,Central
Moustache sculpin|one_class|Central,Hyperiidae,0.09254781484596455,0.014105902777777776,9,3,-0.07844191206818678,0.19283135679747507,0.8517034068136272,2004-2006,Moustache sculpin,one_class,Central
Moustache sculpin|one_class|Central,Malacostraca,0,0,9,3,0,NA,NA,NA,Moustache sculpin,one_class,Central
Moustache sculpin|one_class|Central,Mollusca,0,0,9,3,0,NA,NA,NA,Moustache sculpin,one_class,Central
Moustache sculpin|one_class|Central,Mysida,0.12286781588624038,0.05116894574327304,9,3,-0.07169887014296733,0.23532923874975975,0.9639278557114228,2004-2006,Moustache sculpin,one_class,Central
Moustache sculpin|one_class|Central,Nematoda,0,0,9,3,0,NA,NA,NA,Moustache sculpin,one_class,Central
Moustache sculpin|one_class|Central,Oregoniidae,0,0.0280699260943718,9,3,0.0280699260943718,NA,NA,NA,Moustache sculpin,one_class,Central
Moustache sculpin|one_class|Central,Pandalidae,0,0,9,3,0,NA,NA,NA,Moustache sculpin,one_class,Central
Moustache sculpin|one_class|Central,Pandalus,0,0,9,3,0,NA,NA,NA,Moustache sculpin,one_class,Central
Moustache sculpin|one_class|Central,Pandalus montagui,0,0,9,3,0,NA,NA,NA,Moustache sculpin,one_class,Central
Moustache sculpin|one_class|Central,Perciformes,0,0,9,3,0,NA,NA,NA,Moustache sculpin,one_class,Central
Moustache sculpin|one_class|Central,Polychaeta,0.002854372228209183,0.022527003979533822,9,3,0.01967263175132464,0.29584689439418693,0.627254509018036,2018-2019,Moustache sculpin,one_class,Central
Moustache sculpin|one_class|Central,Teleostei,0.02534242777130816,0.26930200450755254,9,3,0.24395957673624438,0.9139897958522314,0.02004008016032064,2018-2019,Moustache sculpin,one_class,Central
Moustache sculpin|one_class|Central,Thoridae,0,0,9,3,0,NA,NA,NA,Moustache sculpin,one_class,Central
Moustache sculpin|one_class|Central,Vertebrata,0,0,9,3,0,NA,NA,NA,Moustache sculpin,one_class,Central
Moustache sculpin|one_class|Central,egg_larvae,0,0.028055121281030892,9,3,0.028055121281030892,0.6666666666666666,0.036072144288577156,2018-2019,Moustache sculpin,one_class,Central
Moustache sculpin|one_class|Central,other_phyla,0.0010004376914900268,0,9,3,-0.0010004376914900268,NA,NA,NA,Moustache sculpin,one_class,Central
Moustache sculpin|one_class|Central,plantae_chromista,0,0,9,3,0,NA,NA,NA,Moustache sculpin,one_class,Central
Moustache sculpin|one_class|Magdalen Shallows,Amphilochida,0.00332029528509554,0.03719604832499902,119,42,0.033875753039903485,0.19672510087861206,0.002004008016032064,2018-2019,Moustache sculpin,one_class,Magdalen Shallows
Moustache sculpin|one_class|Magdalen Shallows,Amphipoda,0.21807182606852274,0.3153754755081381,119,42,0.09730364943961536,0.43636388448602187,0.05811623246492986,2018-2019,Moustache sculpin,one_class,Magdalen Shallows
Moustache sculpin|one_class|Magdalen Shallows,Annelida,0,0.0019280781992646403,119,42,0.0019280781992646403,NA,NA,NA,Moustache sculpin,one_class,Magdalen Shallows
Moustache sculpin|one_class|Magdalen Shallows,Argis dentata,5.180863960874115e-4,0,119,42,-5.180863960874115e-4,NA,NA,NA,Moustache sculpin,one_class,Magdalen Shallows
Moustache sculpin|one_class|Magdalen Shallows,Arthropoda,0.13941620017967118,0.03826840734259175,119,42,-0.10114779283707943,0.3890169142956225,0.002004008016032064,2004-2006,Moustache sculpin,one_class,Magdalen Shallows
Moustache sculpin|one_class|Magdalen Shallows,Bivalvia,0,2.857959416976279e-4,119,42,2.857959416976279e-4,NA,NA,NA,Moustache sculpin,one_class,Magdalen Shallows
Moustache sculpin|one_class|Magdalen Shallows,Brachyura,0,0.001625593341569673,119,42,0.001625593341569673,NA,NA,NA,Moustache sculpin,one_class,Magdalen Shallows
Moustache sculpin|one_class|Magdalen Shallows,Caridea,0,0,119,42,0,NA,NA,NA,Moustache sculpin,one_class,Magdalen Shallows
Moustache sculpin|one_class|Magdalen Shallows,Chordata,0,0,119,42,0,NA,NA,NA,Moustache sculpin,one_class,Magdalen Shallows
Moustache sculpin|one_class|Magdalen Shallows,Copepoda,0.01255500767878195,0.0032330779639539605,119,42,-0.00932192971482799,0.1336504863169325,0.23246492985971945,2004-2006,Moustache sculpin,one_class,Magdalen Shallows
Moustache sculpin|one_class|Magdalen Shallows,Crangon septemspinosa,0,0.04507710261738239,119,42,0.04507710261738239,0.07142857142857142,0.01603206412825651,2018-2019,Moustache sculpin,one_class,Magdalen Shallows
Moustache sculpin|one_class|Magdalen Shallows,Crangonidae,0.007657504555170541,0.019058978976550702,119,42,0.011401474421380162,0.033970429767720405,0.533066132264529,2018-2019,Moustache sculpin,one_class,Magdalen Shallows
Moustache sculpin|one_class|Magdalen Shallows,Cumacea,0,0.012560121269393551,119,42,0.012560121269393551,0.047619047619047616,0.08216432865731463,2018-2019,Moustache sculpin,one_class,Magdalen Shallows
Moustache sculpin|one_class|Magdalen Shallows,Decapoda,0.046435206894455,0.10128220382548432,119,42,0.05484699693102932,0.1795745765432811,0.09018036072144289,2018-2019,Moustache sculpin,one_class,Magdalen Shallows
Moustache sculpin|one_class|Magdalen Shallows,Diastylis,0.0027648904609995587,0,119,42,-0.0027648904609995587,0.058823529411764705,0.1903807615230461,2004-2006,Moustache sculpin,one_class,Magdalen Shallows
Moustache sculpin|one_class|Magdalen Shallows,Echinodermata,0,0,119,42,0,NA,NA,NA,Moustache sculpin,one_class,Magdalen Shallows
Moustache sculpin|one_class|Magdalen Shallows,Echinozoa,0,0,119,42,0,NA,NA,NA,Moustache sculpin,one_class,Magdalen Shallows
Moustache sculpin|one_class|Magdalen Shallows,Eualus,0.002503092588069443,0,119,42,-0.002503092588069443,0.01680672268907563,0.7915831663326653,2004-2006,Moustache sculpin,one_class,Magdalen Shallows
Moustache sculpin|one_class|Magdalen Shallows,Eualus macilentus,0.006840278301165618,0,119,42,-0.006840278301165618,0.01680672268907563,0.7555110220440882,2004-2006,Moustache sculpin,one_class,Magdalen Shallows
Moustache sculpin|one_class|Magdalen Shallows,Eumalacostraca,0.0010556584311797017,6.758491966013359e-4,119,42,-3.798092345783658e-4,0.04610994026333841,0.8156312625250501,2004-2006,Moustache sculpin,one_class,Magdalen Shallows
Moustache sculpin|one_class|Magdalen Shallows,Euphausiacea,0.03230268403427232,0.0495505163628205,119,42,0.01724783232854818,0.11530634779252207,0.06012024048096192,2018-2019,Moustache sculpin,one_class,Magdalen Shallows
Moustache sculpin|one_class|Magdalen Shallows,Hyperiidae,0.025403362948607042,0.014142234536502879,119,42,-0.011261128412104164,0.059379808873633644,0.5751503006012024,2004-2006,Moustache sculpin,one_class,Magdalen Shallows
Moustache sculpin|one_class|Magdalen Shallows,Malacostraca,6.029386706513049e-4,0.01300680406903292,119,42,0.012403865398381616,0.045509429103967894,0.10020040080160321,2018-2019,Moustache sculpin,one_class,Magdalen Shallows
Moustache sculpin|one_class|Magdalen Shallows,Mollusca,5.691792017203025e-4,0,119,42,-5.691792017203025e-4,0.01680672268907563,0.7975951903807615,2004-2006,Moustache sculpin,one_class,Magdalen Shallows
Moustache sculpin|one_class|Magdalen Shallows,Mysida,0.398394115862932,0.0015498260712735593,119,42,-0.3968442897916584,0.7115177798172372,0.002004008016032064,2004-2006,Moustache sculpin,one_class,Magdalen Shallows
Moustache sculpin|one_class|Magdalen Shallows,Nematoda,0,0,119,42,0,NA,NA,NA,Moustache sculpin,one_class,Magdalen Shallows
Moustache sculpin|one_class|Magdalen Shallows,Oregoniidae,0,0.05099463314501898,119,42,0.05099463314501898,0.16666666666666666,0.002004008016032064,2018-2019,Moustache sculpin,one_class,Magdalen Shallows
Moustache sculpin|one_class|Magdalen Shallows,Pandalidae,0,0,119,42,0,NA,NA,NA,Moustache sculpin,one_class,Magdalen Shallows
Moustache sculpin|one_class|Magdalen Shallows,Pandalus,0.008731001018500831,0.017822122965844598,119,42,0.009091121947343767,0.01598065302379141,1,2018-2019,Moustache sculpin,one_class,Magdalen Shallows
Moustache sculpin|one_class|Magdalen Shallows,Pandalus montagui,0.019567103778346667,0,119,42,-0.019567103778346667,0.05042016806722689,0.27054108216432865,2004-2006,Moustache sculpin,one_class,Magdalen Shallows
Moustache sculpin|one_class|Magdalen Shallows,Perciformes,0.0036843967134113378,0.011222829245611996,119,42,0.007538432532200658,0.017924878905580467,0.2685370741482966,2018-2019,Moustache sculpin,one_class,Magdalen Shallows
Moustache sculpin|one_class|Magdalen Shallows,Polychaeta,0.05655286818469486,0.12732430681012338,119,42,0.07077143862542852,0.24730076867442985,0.05811623246492986,2018-2019,Moustache sculpin,one_class,Magdalen Shallows
Moustache sculpin|one_class|Magdalen Shallows,Teleostei,0.007475635054847499,0.03305997209129888,119,42,0.02558433703645138,0.15534829707857084,0.01603206412825651,2018-2019,Moustache sculpin,one_class,Magdalen Shallows
Moustache sculpin|one_class|Magdalen Shallows,Thoridae,0.002416845278073199,0.036848690749311866,119,42,0.03443184547123867,0.06703204910792214,0.04809619238476954,2018-2019,Moustache sculpin,one_class,Magdalen Shallows
Moustache sculpin|one_class|Magdalen Shallows,Vertebrata,0,0,119,42,0,NA,NA,NA,Moustache sculpin,one_class,Magdalen Shallows
Moustache sculpin|one_class|Magdalen Shallows,egg_larvae,0.0017544302230575641,0.042641715571786476,119,42,0.04088728534872891,0.16008039590056292,0.008016032064128256,2018-2019,Moustache sculpin,one_class,Magdalen Shallows
Moustache sculpin|one_class|Magdalen Shallows,other_phyla,8.193960140936115e-4,0.02497461969511659,119,42,0.024155223681022978,0.04610633791715932,0.10020040080160321,2018-2019,Moustache sculpin,one_class,Magdalen Shallows
Moustache sculpin|one_class|Magdalen Shallows,plantae_chromista,5.879961775927073e-4,2.949961786303257e-4,119,42,-2.9299999896238157e-4,0.015908899979295343,0.9659318637274549,2018-2019,Moustache sculpin,one_class,Magdalen Shallows
Northern sand lance|one_class|Magdalen Shallows,Amphilochida,0,4.871395167575994e-5,9,32,4.871395167575994e-5,NA,NA,NA,Northern sand lance,one_class,Magdalen Shallows
Northern sand lance|one_class|Magdalen Shallows,Amphipoda,0,0.027630558393880237,9,32,0.027630558393880237,0.125,0.46292585170340683,2018-2019,Northern sand lance,one_class,Magdalen Shallows
Northern sand lance|one_class|Magdalen Shallows,Annelida,0,0,9,32,0,NA,NA,NA,Northern sand lance,one_class,Magdalen Shallows
Northern sand lance|one_class|Magdalen Shallows,Argis dentata,0,0,9,32,0,NA,NA,NA,Northern sand lance,one_class,Magdalen Shallows
Northern sand lance|one_class|Magdalen Shallows,Arthropoda,0,0.019455882352941177,9,32,0.019455882352941177,NA,NA,NA,Northern sand lance,one_class,Magdalen Shallows
Northern sand lance|one_class|Magdalen Shallows,Bivalvia,0,0,9,32,0,NA,NA,NA,Northern sand lance,one_class,Magdalen Shallows
Northern sand lance|one_class|Magdalen Shallows,Brachyura,0,0,9,32,0,NA,NA,NA,Northern sand lance,one_class,Magdalen Shallows
Northern sand lance|one_class|Magdalen Shallows,Caridea,0,0,9,32,0,NA,NA,NA,Northern sand lance,one_class,Magdalen Shallows
Northern sand lance|one_class|Magdalen Shallows,Chordata,0,0,9,32,0,NA,NA,NA,Northern sand lance,one_class,Magdalen Shallows
Northern sand lance|one_class|Magdalen Shallows,Copepoda,1,0.6689118698210743,9,32,-0.3310881301789257,0.5991928142420192,0.01002004008016032,2004-2006,Northern sand lance,one_class,Magdalen Shallows
Northern sand lance|one_class|Magdalen Shallows,Crangon septemspinosa,0,0,9,32,0,NA,NA,NA,Northern sand lance,one_class,Magdalen Shallows
Northern sand lance|one_class|Magdalen Shallows,Crangonidae,0,0,9,32,0,NA,NA,NA,Northern sand lance,one_class,Magdalen Shallows
Northern sand lance|one_class|Magdalen Shallows,Cumacea,0,0,9,32,0,NA,NA,NA,Northern sand lance,one_class,Magdalen Shallows
Northern sand lance|one_class|Magdalen Shallows,Decapoda,0,0.0950864871078414,9,32,0.0950864871078414,0.15625,0.4308617234468938,2018-2019,Northern sand lance,one_class,Magdalen Shallows
Northern sand lance|one_class|Magdalen Shallows,Diastylis,0,0,9,32,0,NA,NA,NA,Northern sand lance,one_class,Magdalen Shallows
Northern sand lance|one_class|Magdalen Shallows,Echinodermata,0,0,9,32,0,NA,NA,NA,Northern sand lance,one_class,Magdalen Shallows
Northern sand lance|one_class|Magdalen Shallows,Echinozoa,0,0,9,32,0,NA,NA,NA,Northern sand lance,one_class,Magdalen Shallows
Northern sand lance|one_class|Magdalen Shallows,Eualus,0,0,9,32,0,NA,NA,NA,Northern sand lance,one_class,Magdalen Shallows
Northern sand lance|one_class|Magdalen Shallows,Eualus macilentus,0,0,9,32,0,NA,NA,NA,Northern sand lance,one_class,Magdalen Shallows
Northern sand lance|one_class|Magdalen Shallows,Eumalacostraca,0,0,9,32,0,NA,NA,NA,Northern sand lance,one_class,Magdalen Shallows
Northern sand lance|one_class|Magdalen Shallows,Euphausiacea,0,0.05574222938416195,9,32,0.05574222938416195,0.15625,0.3927855711422846,2018-2019,Northern sand lance,one_class,Magdalen Shallows
Northern sand lance|one_class|Magdalen Shallows,Hyperiidae,0,0.011456347481864537,9,32,0.011456347481864537,0.125,0.4969939879759519,2018-2019,Northern sand lance,one_class,Magdalen Shallows
Northern sand lance|one_class|Magdalen Shallows,Malacostraca,0,0,9,32,0,NA,NA,NA,Northern sand lance,one_class,Magdalen Shallows
Northern sand lance|one_class|Magdalen Shallows,Mollusca,0,0.02698681080823938,9,32,0.02698681080823938,0.09375,0.7374749498997996,2018-2019,Northern sand lance,one_class,Magdalen Shallows
Northern sand lance|one_class|Magdalen Shallows,Mysida,0,5.290632054176072e-5,9,32,5.290632054176072e-5,NA,NA,NA,Northern sand lance,one_class,Magdalen Shallows
Northern sand lance|one_class|Magdalen Shallows,Nematoda,0,2.3023519410597903e-4,9,32,2.3023519410597903e-4,NA,NA,NA,Northern sand lance,one_class,Magdalen Shallows
Northern sand lance|one_class|Magdalen Shallows,Oregoniidae,0,0,9,32,0,NA,NA,NA,Northern sand lance,one_class,Magdalen Shallows
Northern sand lance|one_class|Magdalen Shallows,Pandalidae,0,0,9,32,0,NA,NA,NA,Northern sand lance,one_class,Magdalen Shallows
Northern sand lance|one_class|Magdalen Shallows,Pandalus,0,0,9,32,0,NA,NA,NA,Northern sand lance,one_class,Magdalen Shallows
Northern sand lance|one_class|Magdalen Shallows,Pandalus montagui,0,0,9,32,0,NA,NA,NA,Northern sand lance,one_class,Magdalen Shallows
Northern sand lance|one_class|Magdalen Shallows,Perciformes,0,0,9,32,0,NA,NA,NA,Northern sand lance,one_class,Magdalen Shallows
Northern sand lance|one_class|Magdalen Shallows,Polychaeta,0,0.02847222222222222,9,32,0.02847222222222222,NA,NA,NA,Northern sand lance,one_class,Magdalen Shallows
Northern sand lance|one_class|Magdalen Shallows,Teleostei,0,6.479591836734695e-4,9,32,6.479591836734695e-4,NA,NA,NA,Northern sand lance,one_class,Magdalen Shallows
Northern sand lance|one_class|Magdalen Shallows,Thoridae,0,0,9,32,0,NA,NA,NA,Northern sand lance,one_class,Magdalen Shallows
Northern sand lance|one_class|Magdalen Shallows,Vertebrata,0,0,9,32,0,NA,NA,NA,Northern sand lance,one_class,Magdalen Shallows
Northern sand lance|one_class|Magdalen Shallows,egg_larvae,0,0,9,32,0,NA,NA,NA,Northern sand lance,one_class,Magdalen Shallows
Northern sand lance|one_class|Magdalen Shallows,other_phyla,0,0.03125,9,32,0.03125,NA,NA,NA,Northern sand lance,one_class,Magdalen Shallows
Northern sand lance|one_class|Magdalen Shallows,plantae_chromista,0,0.034027777777777775,9,32,0.034027777777777775,0.0625,0.8236472945891784,2018-2019,Northern sand lance,one_class,Magdalen Shallows
Rainbow smelt|adult|Magdalen Shallows,Amphilochida,0,0.010072263359800162,13,11,0.010072263359800162,NA,NA,NA,Rainbow smelt,adult,Magdalen Shallows
Rainbow smelt|adult|Magdalen Shallows,Amphipoda,0.28947901420101524,0.4012205078731558,13,11,0.11174149367214053,0.528081900437677,0.30060120240480964,2018-2019,Rainbow smelt,adult,Magdalen Shallows
Rainbow smelt|adult|Magdalen Shallows,Annelida,0,0,13,11,0,NA,NA,NA,Rainbow smelt,adult,Magdalen Shallows
Rainbow smelt|adult|Magdalen Shallows,Argis dentata,0,0,13,11,0,NA,NA,NA,Rainbow smelt,adult,Magdalen Shallows
Rainbow smelt|adult|Magdalen Shallows,Arthropoda,0.12029523384064643,0.0119148680424608,13,11,-0.10838036579818563,0.48993500315652777,0.05410821643286573,2004-2006,Rainbow smelt,adult,Magdalen Shallows
Rainbow smelt|adult|Magdalen Shallows,Bivalvia,0,0.008234454456240521,13,11,0.008234454456240521,NA,NA,NA,Rainbow smelt,adult,Magdalen Shallows
Rainbow smelt|adult|Magdalen Shallows,Brachyura,0,0,13,11,0,NA,NA,NA,Rainbow smelt,adult,Magdalen Shallows
Rainbow smelt|adult|Magdalen Shallows,Caridea,0,0,13,11,0,NA,NA,NA,Rainbow smelt,adult,Magdalen Shallows
Rainbow smelt|adult|Magdalen Shallows,Chordata,0,0,13,11,0,NA,NA,NA,Rainbow smelt,adult,Magdalen Shallows
Rainbow smelt|adult|Magdalen Shallows,Copepoda,0.030851560918333666,0.03312153678301328,13,11,0.002269975864679613,0.18548398303276215,0.8416833667334669,2004-2006,Rainbow smelt,adult,Magdalen Shallows
Rainbow smelt|adult|Magdalen Shallows,Crangon septemspinosa,0.16154005188853243,0.032970459092208165,13,11,-0.12856959279632427,0.3833054915621436,0.11623246492985972,2004-2006,Rainbow smelt,adult,Magdalen Shallows
Rainbow smelt|adult|Magdalen Shallows,Crangonidae,0,0,13,11,0,NA,NA,NA,Rainbow smelt,adult,Magdalen Shallows
Rainbow smelt|adult|Magdalen Shallows,Cumacea,0,0.019993924580876267,13,11,0.019993924580876267,0.18181818181818182,0.17635270541082165,2018-2019,Rainbow smelt,adult,Magdalen Shallows
Rainbow smelt|adult|Magdalen Shallows,Decapoda,0.007231550466339349,0.25050077470852544,13,11,0.24326922424218608,0.5301499767712322,0.06012024048096192,2018-2019,Rainbow smelt,adult,Magdalen Shallows
Rainbow smelt|adult|Magdalen Shallows,Diastylis,0.01674705334527012,0,13,11,-0.01674705334527012,0.38461538461538464,0.03006012024048096,2004-2006,Rainbow smelt,adult,Magdalen Shallows
Rainbow smelt|adult|Magdalen Shallows,Echinodermata,0,0,13,11,0,NA,NA,NA,Rainbow smelt,adult,Magdalen Shallows
Rainbow smelt|adult|Magdalen Shallows,Echinozoa,0,0,13,11,0,NA,NA,NA,Rainbow smelt,adult,Magdalen Shallows
Rainbow smelt|adult|Magdalen Shallows,Eualus,0.0509733420498293,0,13,11,-0.0509733420498293,NA,NA,NA,Rainbow smelt,adult,Magdalen Shallows
Rainbow smelt|adult|Magdalen Shallows,Eualus macilentus,0,0,13,11,0,NA,NA,NA,Rainbow smelt,adult,Magdalen Shallows
Rainbow smelt|adult|Magdalen Shallows,Eumalacostraca,0,0,13,11,0,NA,NA,NA,Rainbow smelt,adult,Magdalen Shallows
Rainbow smelt|adult|Magdalen Shallows,Euphausiacea,0.15594001443242583,0.007738290420882529,13,11,-0.1482017240115433,0.2931454046111172,0.1903807615230461,2004-2006,Rainbow smelt,adult,Magdalen Shallows
Rainbow smelt|adult|Magdalen Shallows,Hyperiidae,0,4.741904890936188e-4,13,11,4.741904890936188e-4,NA,NA,NA,Rainbow smelt,adult,Magdalen Shallows
Rainbow smelt|adult|Magdalen Shallows,Malacostraca,0,0,13,11,0,NA,NA,NA,Rainbow smelt,adult,Magdalen Shallows
Rainbow smelt|adult|Magdalen Shallows,Mollusca,0.0010485831811480229,0,13,11,-0.0010485831811480229,NA,NA,NA,Rainbow smelt,adult,Magdalen Shallows
Rainbow smelt|adult|Magdalen Shallows,Mysida,0.09208706168063399,0.0639614037982644,13,11,-0.028125657882369592,0.3631497487676311,0.3226452905811623,2004-2006,Rainbow smelt,adult,Magdalen Shallows
Rainbow smelt|adult|Magdalen Shallows,Nematoda,0,0.00806123831459152,13,11,0.00806123831459152,NA,NA,NA,Rainbow smelt,adult,Magdalen Shallows
Rainbow smelt|adult|Magdalen Shallows,Oregoniidae,0,0.0020131032529096577,13,11,0.0020131032529096577,NA,NA,NA,Rainbow smelt,adult,Magdalen Shallows
Rainbow smelt|adult|Magdalen Shallows,Pandalidae,0,0,13,11,0,NA,NA,NA,Rainbow smelt,adult,Magdalen Shallows
Rainbow smelt|adult|Magdalen Shallows,Pandalus,0,0.025154568446671202,13,11,0.025154568446671202,NA,NA,NA,Rainbow smelt,adult,Magdalen Shallows
Rainbow smelt|adult|Magdalen Shallows,Pandalus montagui,0.03301775147928994,0,13,11,-0.03301775147928994,NA,NA,NA,Rainbow smelt,adult,Magdalen Shallows
Rainbow smelt|adult|Magdalen Shallows,Perciformes,0,0,13,11,0,NA,NA,NA,Rainbow smelt,adult,Magdalen Shallows
Rainbow smelt|adult|Magdalen Shallows,Polychaeta,0.04075359516146357,0.02051204573702387,13,11,-0.0202415494244397,0.20467537037221098,0.7575150300601202,2004-2006,Rainbow smelt,adult,Magdalen Shallows
Rainbow smelt|adult|Magdalen Shallows,Teleostei,0,0.10405637064428291,13,11,0.10405637064428291,0.2727272727272727,0.09418837675350701,2018-2019,Rainbow smelt,adult,Magdalen Shallows
Rainbow smelt|adult|Magdalen Shallows,Thoridae,0,0,13,11,0,NA,NA,NA,Rainbow smelt,adult,Magdalen Shallows
Rainbow smelt|adult|Magdalen Shallows,Vertebrata,0,0,13,11,0,NA,NA,NA,Rainbow smelt,adult,Magdalen Shallows
Rainbow smelt|adult|Magdalen Shallows,egg_larvae,0,0,13,11,0,NA,NA,NA,Rainbow smelt,adult,Magdalen Shallows
Rainbow smelt|adult|Magdalen Shallows,other_phyla,0,0,13,11,0,NA,NA,NA,Rainbow smelt,adult,Magdalen Shallows
Rainbow smelt|adult|Magdalen Shallows,plantae_chromista,3.51873550720813e-5,0,13,11,-3.51873550720813e-5,NA,NA,NA,Rainbow smelt,adult,Magdalen Shallows
Rainbow smelt|adult|Northumberland,Amphilochida,0,0.013710991311556477,22,16,0.013710991311556477,0.3125,0.01002004008016032,2018-2019,Rainbow smelt,adult,Northumberland
Rainbow smelt|adult|Northumberland,Amphipoda,0.0553106622440418,0.18790725825074245,22,16,0.13259659600670065,0.4345807765769023,0.04008016032064128,2018-2019,Rainbow smelt,adult,Northumberland
Rainbow smelt|adult|Northumberland,Annelida,0,0.009899068322981368,22,16,0.009899068322981368,NA,NA,NA,Rainbow smelt,adult,Northumberland
Rainbow smelt|adult|Northumberland,Argis dentata,0,0,22,16,0,NA,NA,NA,Rainbow smelt,adult,Northumberland
Rainbow smelt|adult|Northumberland,Arthropoda,0.09949381480564105,0,22,16,-0.09949381480564105,0.3181818181818182,0.04008016032064128,2004-2006,Rainbow smelt,adult,Northumberland
Rainbow smelt|adult|Northumberland,Bivalvia,0,0,22,16,0,NA,NA,NA,Rainbow smelt,adult,Northumberland
Rainbow smelt|adult|Northumberland,Brachyura,3.3921302578018993e-4,0,22,16,-3.3921302578018993e-4,NA,NA,NA,Rainbow smelt,adult,Northumberland
Rainbow smelt|adult|Northumberland,Caridea,0,0,22,16,0,NA,NA,NA,Rainbow smelt,adult,Northumberland
Rainbow smelt|adult|Northumberland,Chordata,0,0,22,16,0,NA,NA,NA,Rainbow smelt,adult,Northumberland
Rainbow smelt|adult|Northumberland,Copepoda,0.13549557752443186,0.008026491969308156,22,16,-0.1274690855551237,0.472037429513033,0.02004008016032064,2004-2006,Rainbow smelt,adult,Northumberland
Rainbow smelt|adult|Northumberland,Crangon septemspinosa,0.3878421261749143,0.24951950447599539,22,16,-0.13832262169891893,0.4702137279613485,0.16633266533066132,2004-2006,Rainbow smelt,adult,Northumberland
Rainbow smelt|adult|Northumberland,Crangonidae,0.0040832049306625574,0,22,16,-0.0040832049306625574,NA,NA,NA,Rainbow smelt,adult,Northumberland
Rainbow smelt|adult|Northumberland,Cumacea,0,0.011242698810935144,22,16,0.011242698810935144,0.125,0.16633266533066132,2018-2019,Rainbow smelt,adult,Northumberland
Rainbow smelt|adult|Northumberland,Decapoda,0.014886021558516378,0.17739204187476476,22,16,0.1625060203162484,0.3459677849632564,0.07014028056112225,2018-2019,Rainbow smelt,adult,Northumberland
Rainbow smelt|adult|Northumberland,Diastylis,0.00984023331080875,0,22,16,-0.00984023331080875,0.22727272727272727,0.11623246492985972,2004-2006,Rainbow smelt,adult,Northumberland
Rainbow smelt|adult|Northumberland,Echinodermata,0,0,22,16,0,NA,NA,NA,Rainbow smelt,adult,Northumberland
Rainbow smelt|adult|Northumberland,Echinozoa,0,0,22,16,0,NA,NA,NA,Rainbow smelt,adult,Northumberland
Rainbow smelt|adult|Northumberland,Eualus,0,0,22,16,0,NA,NA,NA,Rainbow smelt,adult,Northumberland
Rainbow smelt|adult|Northumberland,Eualus macilentus,0,0,22,16,0,NA,NA,NA,Rainbow smelt,adult,Northumberland
Rainbow smelt|adult|Northumberland,Eumalacostraca,0.0026681239552526683,0,22,16,-0.0026681239552526683,NA,NA,NA,Rainbow smelt,adult,Northumberland
Rainbow smelt|adult|Northumberland,Euphausiacea,0.06134690972677148,0.059677148731556155,22,16,-0.0016697609952153261,0.13824503650891512,0.9338677354709419,2004-2006,Rainbow smelt,adult,Northumberland
Rainbow smelt|adult|Northumberland,Hyperiidae,0,7.370283018867924e-5,22,16,7.370283018867924e-5,NA,NA,NA,Rainbow smelt,adult,Northumberland
Rainbow smelt|adult|Northumberland,Malacostraca,0,0.02768706404565631,22,16,0.02768706404565631,NA,NA,NA,Rainbow smelt,adult,Northumberland
Rainbow smelt|adult|Northumberland,Mollusca,1.1394972538116184e-5,9.704968944099379e-4,22,16,9.591019218718217e-4,0.06177468002576913,0.7354709418837675,2018-2019,Rainbow smelt,adult,Northumberland
Rainbow smelt|adult|Northumberland,Mysida,0.12676804588685436,0.025917797195268745,22,16,-0.10085024869158563,0.37738822327153776,0.0841683366733467,2004-2006,Rainbow smelt,adult,Northumberland
Rainbow smelt|adult|Northumberland,Nematoda,0,0,22,16,0,NA,NA,NA,Rainbow smelt,adult,Northumberland
Rainbow smelt|adult|Northumberland,Oregoniidae,0,0,22,16,0,NA,NA,NA,Rainbow smelt,adult,Northumberland
Rainbow smelt|adult|Northumberland,Pandalidae,0,0,22,16,0,NA,NA,NA,Rainbow smelt,adult,Northumberland
Rainbow smelt|adult|Northumberland,Pandalus,0,5.153764066744276e-4,22,16,5.153764066744276e-4,NA,NA,NA,Rainbow smelt,adult,Northumberland
Rainbow smelt|adult|Northumberland,Pandalus montagui,0.02467061104704752,0,22,16,-0.02467061104704752,0.09090909090909091,0.5250501002004008,2004-2006,Rainbow smelt,adult,Northumberland
Rainbow smelt|adult|Northumberland,Perciformes,0,0.04529236089280101,22,16,0.04529236089280101,NA,NA,NA,Rainbow smelt,adult,Northumberland
Rainbow smelt|adult|Northumberland,Polychaeta,0.005943608340044409,4.428799471856243e-4,22,16,-0.0055007283928587844,0.08460487307140757,0.7595190380761523,2004-2006,Rainbow smelt,adult,Northumberland
Rainbow smelt|adult|Northumberland,Teleostei,0.06743807576848514,0.14338692442362128,22,16,0.07594884865513614,0.21253842685427085,0.27054108216432865,2018-2019,Rainbow smelt,adult,Northumberland
Rainbow smelt|adult|Northumberland,Thoridae,0,0.0031668148402116134,22,16,0.0031668148402116134,0.125,0.16032064128256512,2018-2019,Rainbow smelt,adult,Northumberland
Rainbow smelt|adult|Northumberland,Vertebrata,0,0,22,16,0,NA,NA,NA,Rainbow smelt,adult,Northumberland
Rainbow smelt|adult|Northumberland,egg_larvae,0.003862376728209352,0.03517137877614252,22,16,0.03130900204793317,0.056315646422077655,0.8697394789579158,2018-2019,Rainbow smelt,adult,Northumberland
Rainbow smelt|adult|Northumberland,other_phyla,0,0,22,16,0,NA,NA,NA,Rainbow smelt,adult,Northumberland
Rainbow smelt|adult|Northumberland,plantae_chromista,0,0,22,16,0,NA,NA,NA,Rainbow smelt,adult,Northumberland
Rainbow smelt|juvenile|Northumberland,Amphilochida,0,0,4,3,0,NA,NA,NA,Rainbow smelt,juvenile,Northumberland
Rainbow smelt|juvenile|Northumberland,Amphipoda,0,0.3333333333333333,4,3,0.3333333333333333,NA,NA,NA,Rainbow smelt,juvenile,Northumberland
Rainbow smelt|juvenile|Northumberland,Annelida,0,0,4,3,0,NA,NA,NA,Rainbow smelt,juvenile,Northumberland
Rainbow smelt|juvenile|Northumberland,Argis dentata,0,0,4,3,0,NA,NA,NA,Rainbow smelt,juvenile,Northumberland
Rainbow smelt|juvenile|Northumberland,Arthropoda,0.046875,0,4,3,-0.046875,NA,NA,NA,Rainbow smelt,juvenile,Northumberland
Rainbow smelt|juvenile|Northumberland,Bivalvia,0,0,4,3,0,NA,NA,NA,Rainbow smelt,juvenile,Northumberland
Rainbow smelt|juvenile|Northumberland,Brachyura,0,0,4,3,0,NA,NA,NA,Rainbow smelt,juvenile,Northumberland
Rainbow smelt|juvenile|Northumberland,Caridea,0,0,4,3,0,NA,NA,NA,Rainbow smelt,juvenile,Northumberland
Rainbow smelt|juvenile|Northumberland,Chordata,0,0,4,3,0,NA,NA,NA,Rainbow smelt,juvenile,Northumberland
Rainbow smelt|juvenile|Northumberland,Copepoda,0.016210480093676816,0,4,3,-0.016210480093676816,0.5,0.43286573146292584,2004-2006,Rainbow smelt,juvenile,Northumberland
Rainbow smelt|juvenile|Northumberland,Crangon septemspinosa,0,0,4,3,0,NA,NA,NA,Rainbow smelt,juvenile,Northumberland
Rainbow smelt|juvenile|Northumberland,Crangonidae,0,0,4,3,0,NA,NA,NA,Rainbow smelt,juvenile,Northumberland
Rainbow smelt|juvenile|Northumberland,Cumacea,0,0,4,3,0,NA,NA,NA,Rainbow smelt,juvenile,Northumberland
Rainbow smelt|juvenile|Northumberland,Decapoda,0.1410427807486631,0,4,3,-0.1410427807486631,0.5,0.4308617234468938,2004-2006,Rainbow smelt,juvenile,Northumberland
Rainbow smelt|juvenile|Northumberland,Diastylis,0,0,4,3,0,NA,NA,NA,Rainbow smelt,juvenile,Northumberland
Rainbow smelt|juvenile|Northumberland,Echinodermata,0,0,4,3,0,NA,NA,NA,Rainbow smelt,juvenile,Northumberland
Rainbow smelt|juvenile|Northumberland,Echinozoa,0,0,4,3,0,NA,NA,NA,Rainbow smelt,juvenile,Northumberland
Rainbow smelt|juvenile|Northumberland,Eualus,0,0,4,3,0,NA,NA,NA,Rainbow smelt,juvenile,Northumberland
Rainbow smelt|juvenile|Northumberland,Eualus macilentus,0,0,4,3,0,NA,NA,NA,Rainbow smelt,juvenile,Northumberland
Rainbow smelt|juvenile|Northumberland,Eumalacostraca,0,0,4,3,0,NA,NA,NA,Rainbow smelt,juvenile,Northumberland
Rainbow smelt|juvenile|Northumberland,Euphausiacea,0.251098949266741,0.3333333333333333,4,3,0.08223438406659234,0.21482296302116444,1,2004-2006,Rainbow smelt,juvenile,Northumberland
Rainbow smelt|juvenile|Northumberland,Hyperiidae,0,0,4,3,0,NA,NA,NA,Rainbow smelt,juvenile,Northumberland
Rainbow smelt|juvenile|Northumberland,Malacostraca,0,0,4,3,0,NA,NA,NA,Rainbow smelt,juvenile,Northumberland
Rainbow smelt|juvenile|Northumberland,Mollusca,0,0,4,3,0,NA,NA,NA,Rainbow smelt,juvenile,Northumberland
Rainbow smelt|juvenile|Northumberland,Mysida,0.39137700534759357,0.3021406727828746,4,3,-0.08923633256471897,0.4232520139962088,0.4789579158316633,2004-2006,Rainbow smelt,juvenile,Northumberland
Rainbow smelt|juvenile|Northumberland,Nematoda,0,0,4,3,0,NA,NA,NA,Rainbow smelt,juvenile,Northumberland
Rainbow smelt|juvenile|Northumberland,Oregoniidae,0,0,4,3,0,NA,NA,NA,Rainbow smelt,juvenile,Northumberland
Rainbow smelt|juvenile|Northumberland,Pandalidae,0,0,4,3,0,NA,NA,NA,Rainbow smelt,juvenile,Northumberland
Rainbow smelt|juvenile|Northumberland,Pandalus,0,0,4,3,0,NA,NA,NA,Rainbow smelt,juvenile,Northumberland
Rainbow smelt|juvenile|Northumberland,Pandalus montagui,0,0,4,3,0,NA,NA,NA,Rainbow smelt,juvenile,Northumberland
Rainbow smelt|juvenile|Northumberland,Perciformes,0,0,4,3,0,NA,NA,NA,Rainbow smelt,juvenile,Northumberland
Rainbow smelt|juvenile|Northumberland,Polychaeta,0,0,4,3,0,NA,NA,NA,Rainbow smelt,juvenile,Northumberland
Rainbow smelt|juvenile|Northumberland,Teleostei,0.15339578454332553,0,4,3,-0.15339578454332553,NA,NA,NA,Rainbow smelt,juvenile,Northumberland
Rainbow smelt|juvenile|Northumberland,Thoridae,0,0,4,3,0,NA,NA,NA,Rainbow smelt,juvenile,Northumberland
Rainbow smelt|juvenile|Northumberland,Vertebrata,0,0,4,3,0,NA,NA,NA,Rainbow smelt,juvenile,Northumberland
Rainbow smelt|juvenile|Northumberland,egg_larvae,0,0.031192660550458717,4,3,0.031192660550458717,NA,NA,NA,Rainbow smelt,juvenile,Northumberland
Rainbow smelt|juvenile|Northumberland,other_phyla,0,0,4,3,0,NA,NA,NA,Rainbow smelt,juvenile,Northumberland
Rainbow smelt|juvenile|Northumberland,plantae_chromista,0,0,4,3,0,NA,NA,NA,Rainbow smelt,juvenile,Northumberland
Redfish unidentified|adult|Central,Amphilochida,0,0,17,21,0,NA,NA,NA,Redfish unidentified,adult,Central
Redfish unidentified|adult|Central,Amphipoda,0,0.11104955291845578,17,21,0.11104955291845578,0.2857142857142857,0.026052104208416832,2018-2019,Redfish unidentified,adult,Central
Redfish unidentified|adult|Central,Annelida,0,0,17,21,0,NA,NA,NA,Redfish unidentified,adult,Central
Redfish unidentified|adult|Central,Argis dentata,0,0,17,21,0,NA,NA,NA,Redfish unidentified,adult,Central
Redfish unidentified|adult|Central,Arthropoda,0.12124546216193155,0.029978855422628195,17,21,-0.09126660673930335,0.42446066288139267,0.050100200400801605,2004-2006,Redfish unidentified,adult,Central
Redfish unidentified|adult|Central,Bivalvia,0,0,17,21,0,NA,NA,NA,Redfish unidentified,adult,Central
Redfish unidentified|adult|Central,Brachyura,0,0,17,21,0,NA,NA,NA,Redfish unidentified,adult,Central
Redfish unidentified|adult|Central,Caridea,0.37133226491715465,0,17,21,-0.37133226491715465,0.6470588235294118,0.002004008016032064,2004-2006,Redfish unidentified,adult,Central
Redfish unidentified|adult|Central,Chordata,0,0,17,21,0,NA,NA,NA,Redfish unidentified,adult,Central
Redfish unidentified|adult|Central,Copepoda,0.054191666705533416,0.37369722038811654,17,21,0.3195055536825831,0.499057758297127,0.004008016032064128,2018-2019,Redfish unidentified,adult,Central
Redfish unidentified|adult|Central,Crangon septemspinosa,0,0,17,21,0,NA,NA,NA,Redfish unidentified,adult,Central
Redfish unidentified|adult|Central,Crangonidae,0,0,17,21,0,NA,NA,NA,Redfish unidentified,adult,Central
Redfish unidentified|adult|Central,Cumacea,0,0,17,21,0,NA,NA,NA,Redfish unidentified,adult,Central
Redfish unidentified|adult|Central,Decapoda,0.25719374054179395,0.09948668020673969,17,21,-0.15770706033505427,0.5514111648851264,0.006012024048096192,2004-2006,Redfish unidentified,adult,Central
Redfish unidentified|adult|Central,Diastylis,0,0,17,21,0,NA,NA,NA,Redfish unidentified,adult,Central
Redfish unidentified|adult|Central,Echinodermata,0,0.047619047619047616,17,21,0.047619047619047616,NA,NA,NA,Redfish unidentified,adult,Central
Redfish unidentified|adult|Central,Echinozoa,0,0,17,21,0,NA,NA,NA,Redfish unidentified,adult,Central
Redfish unidentified|adult|Central,Eualus,0,0,17,21,0,NA,NA,NA,Redfish unidentified,adult,Central
Redfish unidentified|adult|Central,Eualus macilentus,0,0,17,21,0,NA,NA,NA,Redfish unidentified,adult,Central
Redfish unidentified|adult|Central,Eumalacostraca,0,0,17,21,0,NA,NA,NA,Redfish unidentified,adult,Central
Redfish unidentified|adult|Central,Euphausiacea,0.05122831187723777,0.10269430606888424,17,21,0.05146599419164648,0.09788782670915042,0.9899799599198397,2004-2006,Redfish unidentified,adult,Central
Redfish unidentified|adult|Central,Hyperiidae,0.0649672250194487,0.05654157114952284,17,21,-0.008425653869925859,0.18870739858625118,0.5190380761523046,2004-2006,Redfish unidentified,adult,Central
Redfish unidentified|adult|Central,Malacostraca,0,0.03536754507628294,17,21,0.03536754507628294,NA,NA,NA,Redfish unidentified,adult,Central
Redfish unidentified|adult|Central,Mollusca,0,0,17,21,0,NA,NA,NA,Redfish unidentified,adult,Central
Redfish unidentified|adult|Central,Mysida,0.007731319287845425,0,17,21,-0.007731319287845425,0.29411764705882354,0.018036072144288578,2004-2006,Redfish unidentified,adult,Central
Redfish unidentified|adult|Central,Nematoda,0,0,17,21,0,NA,NA,NA,Redfish unidentified,adult,Central
Redfish unidentified|adult|Central,Oregoniidae,0,0,17,21,0,NA,NA,NA,Redfish unidentified,adult,Central
Redfish unidentified|adult|Central,Pandalidae,0,0,17,21,0,NA,NA,NA,Redfish unidentified,adult,Central
Redfish unidentified|adult|Central,Pandalus,0.0587522143584839,0,17,21,-0.0587522143584839,0.23529411764705882,0.02404809619238477,2004-2006,Redfish unidentified,adult,Central
Redfish unidentified|adult|Central,Pandalus montagui,0,0,17,21,0,NA,NA,NA,Redfish unidentified,adult,Central
Redfish unidentified|adult|Central,Perciformes,9.06479557659775e-4,0,17,21,-9.06479557659775e-4,NA,NA,NA,Redfish unidentified,adult,Central
Redfish unidentified|adult|Central,Polychaeta,0,0.047619047619047616,17,21,0.047619047619047616,NA,NA,NA,Redfish unidentified,adult,Central
Redfish unidentified|adult|Central,Teleostei,0.012451315572910923,0.0012346575640932531,17,21,-0.01121665800881767,0.16055058427038899,0.20240480961923848,2004-2006,Redfish unidentified,adult,Central
Redfish unidentified|adult|Central,Thoridae,0,0.04669331455417688,17,21,0.04669331455417688,NA,NA,NA,Redfish unidentified,adult,Central
Redfish unidentified|adult|Central,Vertebrata,0,0,17,21,0,NA,NA,NA,Redfish unidentified,adult,Central
Redfish unidentified|adult|Central,egg_larvae,0,0,17,21,0,NA,NA,NA,Redfish unidentified,adult,Central
Redfish unidentified|adult|Central,other_phyla,0,0,17,21,0,NA,NA,NA,Redfish unidentified,adult,Central
Redfish unidentified|adult|Central,plantae_chromista,0,0.04801820141300443,17,21,0.04801820141300443,0.09523809523809523,0.4709418837675351,2018-2019,Redfish unidentified,adult,Central
Redfish unidentified|adult|Magdalen Shallows,Amphilochida,0,5.056548734251168e-4,11,11,5.056548734251168e-4,NA,NA,NA,Redfish unidentified,adult,Magdalen Shallows
Redfish unidentified|adult|Magdalen Shallows,Amphipoda,0,0.03612050582910785,11,11,0.03612050582910785,0.2727272727272727,0.20841683366733466,2018-2019,Redfish unidentified,adult,Magdalen Shallows
Redfish unidentified|adult|Magdalen Shallows,Annelida,0,0,11,11,0,NA,NA,NA,Redfish unidentified,adult,Magdalen Shallows
Redfish unidentified|adult|Magdalen Shallows,Argis dentata,0,0,11,11,0,NA,NA,NA,Redfish unidentified,adult,Magdalen Shallows
Redfish unidentified|adult|Magdalen Shallows,Arthropoda,0.1774400503488328,0.013146232129344276,11,11,-0.16429381821948855,0.33855350885335134,0.2625250501002004,2004-2006,Redfish unidentified,adult,Magdalen Shallows
Redfish unidentified|adult|Magdalen Shallows,Bivalvia,0,0,11,11,0,NA,NA,NA,Redfish unidentified,adult,Magdalen Shallows
Redfish unidentified|adult|Magdalen Shallows,Brachyura,0,0,11,11,0,NA,NA,NA,Redfish unidentified,adult,Magdalen Shallows
Redfish unidentified|adult|Magdalen Shallows,Caridea,0.037355188479171055,0,11,11,-0.037355188479171055,0.18181818181818182,0.48296593186372744,2004-2006,Redfish unidentified,adult,Magdalen Shallows
Redfish unidentified|adult|Magdalen Shallows,Chordata,0,0,11,11,0,NA,NA,NA,Redfish unidentified,adult,Magdalen Shallows
Redfish unidentified|adult|Magdalen Shallows,Copepoda,0.2727272727272727,0.09567521431498803,11,11,-0.17705205841228466,0.2018991942384031,0.6312625250501002,2004-2006,Redfish unidentified,adult,Magdalen Shallows
Redfish unidentified|adult|Magdalen Shallows,Crangon septemspinosa,0,0.02784168527993619,11,11,0.02784168527993619,0.18181818181818182,0.4849699398797595,2018-2019,Redfish unidentified,adult,Magdalen Shallows
Redfish unidentified|adult|Magdalen Shallows,Crangonidae,0,0,11,11,0,NA,NA,NA,Redfish unidentified,adult,Magdalen Shallows
Redfish unidentified|adult|Magdalen Shallows,Cumacea,0,0,11,11,0,NA,NA,NA,Redfish unidentified,adult,Magdalen Shallows
Redfish unidentified|adult|Magdalen Shallows,Decapoda,0.09855460840244744,0.16979040126591813,11,11,0.07123579286347069,0.2876053302286176,0.2985971943887776,2018-2019,Redfish unidentified,adult,Magdalen Shallows
Redfish unidentified|adult|Magdalen Shallows,Diastylis,0,0,11,11,0,NA,NA,NA,Redfish unidentified,adult,Magdalen Shallows
Redfish unidentified|adult|Magdalen Shallows,Echinodermata,0,0,11,11,0,NA,NA,NA,Redfish unidentified,adult,Magdalen Shallows
Redfish unidentified|adult|Magdalen Shallows,Echinozoa,0,0,11,11,0,NA,NA,NA,Redfish unidentified,adult,Magdalen Shallows
Redfish unidentified|adult|Magdalen Shallows,Eualus,0,0.0047674591950619075,11,11,0.0047674591950619075,NA,NA,NA,Redfish unidentified,adult,Magdalen Shallows
Redfish unidentified|adult|Magdalen Shallows,Eualus macilentus,0,0,11,11,0,NA,NA,NA,Redfish unidentified,adult,Magdalen Shallows
Redfish unidentified|adult|Magdalen Shallows,Eumalacostraca,0,0,11,11,0,NA,NA,NA,Redfish unidentified,adult,Magdalen Shallows
Redfish unidentified|adult|Magdalen Shallows,Euphausiacea,0.11872438323466135,0.1943247754818757,11,11,0.07560039224721436,0.22572670378797355,0.45490981963927857,2018-2019,Redfish unidentified,adult,Magdalen Shallows
Redfish unidentified|adult|Magdalen Shallows,Hyperiidae,0.012778623271651078,0.1719605219857109,11,11,0.15918189871405983,0.5077248150367549,0.11623246492985972,2018-2019,Redfish unidentified,adult,Magdalen Shallows
Redfish unidentified|adult|Magdalen Shallows,Malacostraca,0,0.08849673202614379,11,11,0.08849673202614379,NA,NA,NA,Redfish unidentified,adult,Magdalen Shallows
Redfish unidentified|adult|Magdalen Shallows,Mollusca,0,0,11,11,0,NA,NA,NA,Redfish unidentified,adult,Magdalen Shallows
Redfish unidentified|adult|Magdalen Shallows,Mysida,0.19706676915824103,0.015963150649857653,11,11,-0.18110361850838338,0.33638769331004165,0.18837675350701402,2004-2006,Redfish unidentified,adult,Magdalen Shallows
Redfish unidentified|adult|Magdalen Shallows,Nematoda,1.428438550566725e-4,0,11,11,-1.428438550566725e-4,NA,NA,NA,Redfish unidentified,adult,Magdalen Shallows
Redfish unidentified|adult|Magdalen Shallows,Oregoniidae,0,0,11,11,0,NA,NA,NA,Redfish unidentified,adult,Magdalen Shallows
Redfish unidentified|adult|Magdalen Shallows,Pandalidae,0,0,11,11,0,NA,NA,NA,Redfish unidentified,adult,Magdalen Shallows
Redfish unidentified|adult|Magdalen Shallows,Pandalus,0.061281951830149194,0.002234946725498782,11,11,-0.05904700510465041,0.17542060952905822,0.46092184368737477,2004-2006,Redfish unidentified,adult,Magdalen Shallows
Redfish unidentified|adult|Magdalen Shallows,Pandalus montagui,0.00841359366147758,0.09090909090909091,11,11,0.08249549724761333,0.08320821014503971,1,2018-2019,Redfish unidentified,adult,Magdalen Shallows
Redfish unidentified|adult|Magdalen Shallows,Perciformes,0,0.0010648163741902165,11,11,0.0010648163741902165,NA,NA,NA,Redfish unidentified,adult,Magdalen Shallows
Redfish unidentified|adult|Magdalen Shallows,Polychaeta,0,2.467464327253648e-4,11,11,2.467464327253648e-4,NA,NA,NA,Redfish unidentified,adult,Magdalen Shallows
Redfish unidentified|adult|Magdalen Shallows,Teleostei,0.015514715031039095,0.025309940248113363,11,11,0.009795225217074268,0.05636063901057304,1,2018-2019,Redfish unidentified,adult,Magdalen Shallows
Redfish unidentified|adult|Magdalen Shallows,Thoridae,0,0.06164212627901173,11,11,0.06164212627901173,NA,NA,NA,Redfish unidentified,adult,Magdalen Shallows
Redfish unidentified|adult|Magdalen Shallows,Vertebrata,0,0,11,11,0,NA,NA,NA,Redfish unidentified,adult,Magdalen Shallows
Redfish unidentified|adult|Magdalen Shallows,egg_larvae,0,0,11,11,0,NA,NA,NA,Redfish unidentified,adult,Magdalen Shallows
Redfish unidentified|adult|Magdalen Shallows,other_phyla,0,0,11,11,0,NA,NA,NA,Redfish unidentified,adult,Magdalen Shallows
Redfish unidentified|adult|Magdalen Shallows,plantae_chromista,0,0,11,11,0,NA,NA,NA,Redfish unidentified,adult,Magdalen Shallows
Redfish unidentified|juvenile|Magdalen Shallows,Amphilochida,0,0,21,9,0,NA,NA,NA,Redfish unidentified,juvenile,Magdalen Shallows
Redfish unidentified|juvenile|Magdalen Shallows,Amphipoda,0.09459844833685732,0.30124631906573024,21,9,0.20664787072887292,0.25367378315361394,0.2965931863727455,2018-2019,Redfish unidentified,juvenile,Magdalen Shallows
Redfish unidentified|juvenile|Magdalen Shallows,Annelida,0,0,21,9,0,NA,NA,NA,Redfish unidentified,juvenile,Magdalen Shallows
Redfish unidentified|juvenile|Magdalen Shallows,Argis dentata,0,0,21,9,0,NA,NA,NA,Redfish unidentified,juvenile,Magdalen Shallows
Redfish unidentified|juvenile|Magdalen Shallows,Arthropoda,0.24074953475597696,0,21,9,-0.24074953475597696,0.38095238095238093,0.09619238476953908,2004-2006,Redfish unidentified,juvenile,Magdalen Shallows
Redfish unidentified|juvenile|Magdalen Shallows,Bivalvia,0,0,21,9,0,NA,NA,NA,Redfish unidentified,juvenile,Magdalen Shallows
Redfish unidentified|juvenile|Magdalen Shallows,Brachyura,0,0,21,9,0,NA,NA,NA,Redfish unidentified,juvenile,Magdalen Shallows
Redfish unidentified|juvenile|Magdalen Shallows,Caridea,0,0,21,9,0,NA,NA,NA,Redfish unidentified,juvenile,Magdalen Shallows
Redfish unidentified|juvenile|Magdalen Shallows,Chordata,0,0,21,9,0,NA,NA,NA,Redfish unidentified,juvenile,Magdalen Shallows
Redfish unidentified|juvenile|Magdalen Shallows,Copepoda,0.4012244114724197,0.36004400351491495,21,9,-0.04118040795750477,0.37646230908215295,0.7374749498997996,2004-2006,Redfish unidentified,juvenile,Magdalen Shallows
Redfish unidentified|juvenile|Magdalen Shallows,Crangon septemspinosa,0,0,21,9,0,NA,NA,NA,Redfish unidentified,juvenile,Magdalen Shallows
Redfish unidentified|juvenile|Magdalen Shallows,Crangonidae,0,0,21,9,0,NA,NA,NA,Redfish unidentified,juvenile,Magdalen Shallows
Redfish unidentified|juvenile|Magdalen Shallows,Cumacea,0,0.1164874551971326,21,9,0.1164874551971326,0.2222222222222222,0.07214428857715431,2018-2019,Redfish unidentified,juvenile,Magdalen Shallows
Redfish unidentified|juvenile|Magdalen Shallows,Decapoda,0.03465881197839961,0.1111111111111111,21,9,0.0764522991327115,0.08469291024297759,0.8136272545090181,2018-2019,Redfish unidentified,juvenile,Magdalen Shallows
Redfish unidentified|juvenile|Magdalen Shallows,Diastylis,0,0,21,9,0,NA,NA,NA,Redfish unidentified,juvenile,Magdalen Shallows
Redfish unidentified|juvenile|Magdalen Shallows,Echinodermata,0,0,21,9,0,NA,NA,NA,Redfish unidentified,juvenile,Magdalen Shallows
Redfish unidentified|juvenile|Magdalen Shallows,Echinozoa,0,0,21,9,0,NA,NA,NA,Redfish unidentified,juvenile,Magdalen Shallows
Redfish unidentified|juvenile|Magdalen Shallows,Eualus,0,0,21,9,0,NA,NA,NA,Redfish unidentified,juvenile,Magdalen Shallows
Redfish unidentified|juvenile|Magdalen Shallows,Eualus macilentus,0,0,21,9,0,NA,NA,NA,Redfish unidentified,juvenile,Magdalen Shallows
Redfish unidentified|juvenile|Magdalen Shallows,Eumalacostraca,0,0,21,9,0,NA,NA,NA,Redfish unidentified,juvenile,Magdalen Shallows
Redfish unidentified|juvenile|Magdalen Shallows,Euphausiacea,0.043812983867479775,0.1111111111111111,21,9,0.06729812724363132,0.07968856628823127,0.7895791583166333,2018-2019,Redfish unidentified,juvenile,Magdalen Shallows
Redfish unidentified|juvenile|Magdalen Shallows,Hyperiidae,0.016290726817042606,0,21,9,-0.016290726817042606,NA,NA,NA,Redfish unidentified,juvenile,Magdalen Shallows
Redfish unidentified|juvenile|Magdalen Shallows,Malacostraca,0,0,21,9,0,NA,NA,NA,Redfish unidentified,juvenile,Magdalen Shallows
Redfish unidentified|juvenile|Magdalen Shallows,Mollusca,0,0,21,9,0,NA,NA,NA,Redfish unidentified,juvenile,Magdalen Shallows
Redfish unidentified|juvenile|Magdalen Shallows,Mysida,0.16866508277182402,0,21,9,-0.16866508277182402,0.23809523809523808,0.20440881763527055,2004-2006,Redfish unidentified,juvenile,Magdalen Shallows
Redfish unidentified|juvenile|Magdalen Shallows,Nematoda,0,0,21,9,0,NA,NA,NA,Redfish unidentified,juvenile,Magdalen Shallows
Redfish unidentified|juvenile|Magdalen Shallows,Oregoniidae,0,0,21,9,0,NA,NA,NA,Redfish unidentified,juvenile,Magdalen Shallows
Redfish unidentified|juvenile|Magdalen Shallows,Pandalidae,0,0,21,9,0,NA,NA,NA,Redfish unidentified,juvenile,Magdalen Shallows
Redfish unidentified|juvenile|Magdalen Shallows,Pandalus,0,0,21,9,0,NA,NA,NA,Redfish unidentified,juvenile,Magdalen Shallows
Redfish unidentified|juvenile|Magdalen Shallows,Pandalus montagui,0,0,21,9,0,NA,NA,NA,Redfish unidentified,juvenile,Magdalen Shallows
Redfish unidentified|juvenile|Magdalen Shallows,Perciformes,0,0,21,9,0,NA,NA,NA,Redfish unidentified,juvenile,Magdalen Shallows
Redfish unidentified|juvenile|Magdalen Shallows,Polychaeta,0,0,21,9,0,NA,NA,NA,Redfish unidentified,juvenile,Magdalen Shallows
Redfish unidentified|juvenile|Magdalen Shallows,Teleostei,0,0,21,9,0,NA,NA,NA,Redfish unidentified,juvenile,Magdalen Shallows
Redfish unidentified|juvenile|Magdalen Shallows,Thoridae,0,0,21,9,0,NA,NA,NA,Redfish unidentified,juvenile,Magdalen Shallows
Redfish unidentified|juvenile|Magdalen Shallows,Vertebrata,0,0,21,9,0,NA,NA,NA,Redfish unidentified,juvenile,Magdalen Shallows
Redfish unidentified|juvenile|Magdalen Shallows,egg_larvae,0,0,21,9,0,NA,NA,NA,Redfish unidentified,juvenile,Magdalen Shallows
Redfish unidentified|juvenile|Magdalen Shallows,other_phyla,0,0,21,9,0,NA,NA,NA,Redfish unidentified,juvenile,Magdalen Shallows
Redfish unidentified|juvenile|Magdalen Shallows,plantae_chromista,0,0,21,9,0,NA,NA,NA,Redfish unidentified,juvenile,Magdalen Shallows
Sea raven|one_class|Magdalen Shallows,Amphilochida,0,0,40,11,0,NA,NA,NA,Sea raven,one_class,Magdalen Shallows
Sea raven|one_class|Magdalen Shallows,Amphipoda,0,0.00108689841954279,40,11,0.00108689841954279,NA,NA,NA,Sea raven,one_class,Magdalen Shallows
Sea raven|one_class|Magdalen Shallows,Annelida,0,0,40,11,0,NA,NA,NA,Sea raven,one_class,Magdalen Shallows
Sea raven|one_class|Magdalen Shallows,Argis dentata,0.0078032300593276205,0,40,11,-0.0078032300593276205,NA,NA,NA,Sea raven,one_class,Magdalen Shallows
Sea raven|one_class|Magdalen Shallows,Arthropoda,0.0251000062872322,0,40,11,-0.0251000062872322,0.05,0.811623246492986,2004-2006,Sea raven,one_class,Magdalen Shallows
Sea raven|one_class|Magdalen Shallows,Bivalvia,4.541641544551341e-4,0.0859524453594621,40,11,0.08549828120500697,0.0904312611384602,0.19839679358717435,2018-2019,Sea raven,one_class,Magdalen Shallows
Sea raven|one_class|Magdalen Shallows,Brachyura,0.025075931915246506,0,40,11,-0.025075931915246506,0.05,0.8176352705410822,2004-2006,Sea raven,one_class,Magdalen Shallows
Sea raven|one_class|Magdalen Shallows,Caridea,0,0,40,11,0,NA,NA,NA,Sea raven,one_class,Magdalen Shallows
Sea raven|one_class|Magdalen Shallows,Chordata,0,0,40,11,0,NA,NA,NA,Sea raven,one_class,Magdalen Shallows
Sea raven|one_class|Magdalen Shallows,Copepoda,0,0,40,11,0,NA,NA,NA,Sea raven,one_class,Magdalen Shallows
Sea raven|one_class|Magdalen Shallows,Crangon septemspinosa,7.59319152465066e-5,0.007020203789763371,40,11,0.006944271874516864,0.089936321831243,0.22044088176352705,2018-2019,Sea raven,one_class,Magdalen Shallows
Sea raven|one_class|Magdalen Shallows,Crangonidae,0.024489350081922445,0,40,11,-0.024489350081922445,NA,NA,NA,Sea raven,one_class,Magdalen Shallows
Sea raven|one_class|Magdalen Shallows,Cumacea,0,0,40,11,0,NA,NA,NA,Sea raven,one_class,Magdalen Shallows
Sea raven|one_class|Magdalen Shallows,Decapoda,0.032319788688535564,0.03453325198291641,40,11,0.002213463294380845,0.07251679586431355,1,2004-2006,Sea raven,one_class,Magdalen Shallows
Sea raven|one_class|Magdalen Shallows,Diastylis,0,0,40,11,0,NA,NA,NA,Sea raven,one_class,Magdalen Shallows
Sea raven|one_class|Magdalen Shallows,Echinodermata,0,0,40,11,0,NA,NA,NA,Sea raven,one_class,Magdalen Shallows
Sea raven|one_class|Magdalen Shallows,Echinozoa,2.966655345521596e-4,0,40,11,-2.966655345521596e-4,0.05,0.8296593186372746,2004-2006,Sea raven,one_class,Magdalen Shallows
Sea raven|one_class|Magdalen Shallows,Eualus,0.0011717859111460111,0,40,11,-0.0011717859111460111,0.05,0.8416833667334669,2004-2006,Sea raven,one_class,Magdalen Shallows
Sea raven|one_class|Magdalen Shallows,Eualus macilentus,0.003799190622383477,0,40,11,-0.003799190622383477,NA,NA,NA,Sea raven,one_class,Magdalen Shallows
Sea raven|one_class|Magdalen Shallows,Eumalacostraca,0,0,40,11,0,NA,NA,NA,Sea raven,one_class,Magdalen Shallows
Sea raven|one_class|Magdalen Shallows,Euphausiacea,0,0,40,11,0,NA,NA,NA,Sea raven,one_class,Magdalen Shallows
Sea raven|one_class|Magdalen Shallows,Hyperiidae,0,0,40,11,0,NA,NA,NA,Sea raven,one_class,Magdalen Shallows
Sea raven|one_class|Magdalen Shallows,Malacostraca,0,0,40,11,0,NA,NA,NA,Sea raven,one_class,Magdalen Shallows
Sea raven|one_class|Magdalen Shallows,Mollusca,0.02601484430070075,0.07362030480526864,40,11,0.04760546050456789,0.06717262976320643,0.8717434869739479,2018-2019,Sea raven,one_class,Magdalen Shallows
Sea raven|one_class|Magdalen Shallows,Mysida,0.0015368852459016393,0,40,11,-0.0015368852459016393,NA,NA,NA,Sea raven,one_class,Magdalen Shallows
Sea raven|one_class|Magdalen Shallows,Nematoda,1.9259551305731217e-5,0,40,11,-1.9259551305731217e-5,0.1,0.533066132264529,2004-2006,Sea raven,one_class,Magdalen Shallows
Sea raven|one_class|Magdalen Shallows,Oregoniidae,0,0,40,11,0,NA,NA,NA,Sea raven,one_class,Magdalen Shallows
Sea raven|one_class|Magdalen Shallows,Pandalidae,0,0,40,11,0,NA,NA,NA,Sea raven,one_class,Magdalen Shallows
Sea raven|one_class|Magdalen Shallows,Pandalus,0.02244455773244674,0,40,11,-0.02244455773244674,0.05,0.8597194388777555,2004-2006,Sea raven,one_class,Magdalen Shallows
Sea raven|one_class|Magdalen Shallows,Pandalus montagui,0.002147286568317977,0,40,11,-0.002147286568317977,0.05,1,2004-2006,Sea raven,one_class,Magdalen Shallows
Sea raven|one_class|Magdalen Shallows,Perciformes,0.18147111819848138,0.17508995522159315,40,11,-0.006381162976888233,0.13996075630440016,0.8657314629258517,2004-2006,Sea raven,one_class,Magdalen Shallows
Sea raven|one_class|Magdalen Shallows,Polychaeta,3.8173140463113075e-4,0.006714941983158526,40,11,0.006333210578527396,0.17203814740764373,0.04008016032064128,2018-2019,Sea raven,one_class,Magdalen Shallows
Sea raven|one_class|Magdalen Shallows,Teleostei,0.6200975920402445,0.6159090494004928,40,11,-0.004188542639751658,0.4077045939540707,0.657314629258517,2018-2019,Sea raven,one_class,Magdalen Shallows
Sea raven|one_class|Magdalen Shallows,Thoridae,0.025,0,40,11,-0.025,NA,NA,NA,Sea raven,one_class,Magdalen Shallows
Sea raven|one_class|Magdalen Shallows,Vertebrata,0,0,40,11,0,NA,NA,NA,Sea raven,one_class,Magdalen Shallows
Sea raven|one_class|Magdalen Shallows,egg_larvae,2.3194219844922668e-4,0,40,11,-2.3194219844922668e-4,NA,NA,NA,Sea raven,one_class,Magdalen Shallows
Sea raven|one_class|Magdalen Shallows,other_phyla,0,7.29490378021914e-5,40,11,7.29490378021914e-5,NA,NA,NA,Sea raven,one_class,Magdalen Shallows
Sea raven|one_class|Magdalen Shallows,plantae_chromista,6.87375894733356e-5,0,40,11,-6.87375894733356e-5,0.05,0.8196392785571143,2004-2006,Sea raven,one_class,Magdalen Shallows
Sea raven|one_class|Northumberland,Amphilochida,0,9.048136083966703e-5,9,4,9.048136083966703e-5,NA,NA,NA,Sea raven,one_class,Northumberland
Sea raven|one_class|Northumberland,Amphipoda,0.11158511083228774,0.002670802102179719,9,4,-0.10891430873010802,0.2170276413640519,0.9298597194388778,2004-2006,Sea raven,one_class,Northumberland
Sea raven|one_class|Northumberland,Annelida,0,0,9,4,0,NA,NA,NA,Sea raven,one_class,Northumberland
Sea raven|one_class|Northumberland,Argis dentata,0,0,9,4,0,NA,NA,NA,Sea raven,one_class,Northumberland
Sea raven|one_class|Northumberland,Arthropoda,0,0,9,4,0,NA,NA,NA,Sea raven,one_class,Northumberland
Sea raven|one_class|Northumberland,Bivalvia,0,0,9,4,0,NA,NA,NA,Sea raven,one_class,Northumberland
Sea raven|one_class|Northumberland,Brachyura,0,0,9,4,0,NA,NA,NA,Sea raven,one_class,Northumberland
Sea raven|one_class|Northumberland,Caridea,0,0,9,4,0,NA,NA,NA,Sea raven,one_class,Northumberland
Sea raven|one_class|Northumberland,Chordata,0,0,9,4,0,NA,NA,NA,Sea raven,one_class,Northumberland
Sea raven|one_class|Northumberland,Copepoda,0,5.428881650380021e-5,9,4,5.428881650380021e-5,NA,NA,NA,Sea raven,one_class,Northumberland
Sea raven|one_class|Northumberland,Crangon septemspinosa,0.10197869101978692,0,9,4,-0.10197869101978692,NA,NA,NA,Sea raven,one_class,Northumberland
Sea raven|one_class|Northumberland,Crangonidae,0,0,9,4,0,NA,NA,NA,Sea raven,one_class,Northumberland
Sea raven|one_class|Northumberland,Cumacea,0,0,9,4,0,NA,NA,NA,Sea raven,one_class,Northumberland
Sea raven|one_class|Northumberland,Decapoda,0,0,9,4,0,NA,NA,NA,Sea raven,one_class,Northumberland
Sea raven|one_class|Northumberland,Diastylis,0,0,9,4,0,NA,NA,NA,Sea raven,one_class,Northumberland
Sea raven|one_class|Northumberland,Echinodermata,0,0,9,4,0,NA,NA,NA,Sea raven,one_class,Northumberland
Sea raven|one_class|Northumberland,Echinozoa,0,0,9,4,0,NA,NA,NA,Sea raven,one_class,Northumberland
Sea raven|one_class|Northumberland,Eualus,0,0.0011762576909156715,9,4,0.0011762576909156715,NA,NA,NA,Sea raven,one_class,Northumberland
Sea raven|one_class|Northumberland,Eualus macilentus,0,0,9,4,0,NA,NA,NA,Sea raven,one_class,Northumberland
Sea raven|one_class|Northumberland,Eumalacostraca,0,0,9,4,0,NA,NA,NA,Sea raven,one_class,Northumberland
Sea raven|one_class|Northumberland,Euphausiacea,0,0,9,4,0,NA,NA,NA,Sea raven,one_class,Northumberland
Sea raven|one_class|Northumberland,Hyperiidae,0,0,9,4,0,NA,NA,NA,Sea raven,one_class,Northumberland
Sea raven|one_class|Northumberland,Malacostraca,0,0,9,4,0,NA,NA,NA,Sea raven,one_class,Northumberland
Sea raven|one_class|Northumberland,Mollusca,0,0,9,4,0,NA,NA,NA,Sea raven,one_class,Northumberland
Sea raven|one_class|Northumberland,Mysida,0,0.004759319580166486,9,4,0.004759319580166486,NA,NA,NA,Sea raven,one_class,Northumberland
Sea raven|one_class|Northumberland,Nematoda,6.077285838407838e-5,5.609844372059356e-4,9,4,5.002115788218572e-4,0.22556407507594733,0.593186372745491,2018-2019,Sea raven,one_class,Northumberland
Sea raven|one_class|Northumberland,Oregoniidae,0,0,9,4,0,NA,NA,NA,Sea raven,one_class,Northumberland
Sea raven|one_class|Northumberland,Pandalidae,0,0,9,4,0,NA,NA,NA,Sea raven,one_class,Northumberland
Sea raven|one_class|Northumberland,Pandalus,0,0,9,4,0,NA,NA,NA,Sea raven,one_class,Northumberland
Sea raven|one_class|Northumberland,Pandalus montagui,0,0,9,4,0,NA,NA,NA,Sea raven,one_class,Northumberland
Sea raven|one_class|Northumberland,Perciformes,0.2783270598076119,0.24081219461162598,9,4,-0.03751486519598593,0.17871059800000222,0.7555110220440882,2004-2006,Sea raven,one_class,Northumberland
Sea raven|one_class|Northumberland,Polychaeta,0,0,9,4,0,NA,NA,NA,Sea raven,one_class,Northumberland
Sea raven|one_class|Northumberland,Teleostei,0.5080472460534647,0.7498756714005628,9,4,0.24182842534709803,0.5961221160659615,0.2985971943887776,2018-2019,Sea raven,one_class,Northumberland
Sea raven|one_class|Northumberland,Thoridae,0,0,9,4,0,NA,NA,NA,Sea raven,one_class,Northumberland
Sea raven|one_class|Northumberland,Vertebrata,0,0,9,4,0,NA,NA,NA,Sea raven,one_class,Northumberland
Sea raven|one_class|Northumberland,egg_larvae,0,0,9,4,0,NA,NA,NA,Sea raven,one_class,Northumberland
Sea raven|one_class|Northumberland,other_phyla,0,0,9,4,0,NA,NA,NA,Sea raven,one_class,Northumberland
Sea raven|one_class|Northumberland,plantae_chromista,1.1194284646031122e-6,0,9,4,-1.1194284646031122e-6,NA,NA,NA,Sea raven,one_class,Northumberland
Shorthorn sculpin|adult|Magdalen Shallows,Amphilochida,0,4.5590309359605654e-4,63,28,4.5590309359605654e-4,0.07142857142857142,0.1062124248496994,2018-2019,Shorthorn sculpin,adult,Magdalen Shallows
Shorthorn sculpin|adult|Magdalen Shallows,Amphipoda,0.02170621431010794,0.01911812410024154,63,28,-0.0025880902098664,0.13380060483999948,0.7474949899799599,2018-2019,Shorthorn sculpin,adult,Magdalen Shallows
Shorthorn sculpin|adult|Magdalen Shallows,Annelida,0,0,63,28,0,NA,NA,NA,Shorthorn sculpin,adult,Magdalen Shallows
Shorthorn sculpin|adult|Magdalen Shallows,Argis dentata,0.024172522184112914,0,63,28,-0.024172522184112914,0.06349206349206349,0.3186372745490982,2004-2006,Shorthorn sculpin,adult,Magdalen Shallows
Shorthorn sculpin|adult|Magdalen Shallows,Arthropoda,0.015257715382466263,0.029354878663593854,63,28,0.014097163281127591,0.09399933324812948,0.7715430861723447,2018-2019,Shorthorn sculpin,adult,Magdalen Shallows
Shorthorn sculpin|adult|Magdalen Shallows,Bivalvia,0.01135640683001582,0.0037687837069232235,63,28,-0.007587623123092596,0.10726105095319509,0.4028056112224449,2004-2006,Shorthorn sculpin,adult,Magdalen Shallows
Shorthorn sculpin|adult|Magdalen Shallows,Brachyura,0.159869251136098,0.10782948573645006,63,28,-0.052039765399647955,0.11375207177456072,0.7154308617234469,2004-2006,Shorthorn sculpin,adult,Magdalen Shallows
Shorthorn sculpin|adult|Magdalen Shallows,Caridea,0,0,63,28,0,NA,NA,NA,Shorthorn sculpin,adult,Magdalen Shallows
Shorthorn sculpin|adult|Magdalen Shallows,Chordata,0,0,63,28,0,NA,NA,NA,Shorthorn sculpin,adult,Magdalen Shallows
Shorthorn sculpin|adult|Magdalen Shallows,Copepoda,0,0,63,28,0,NA,NA,NA,Shorthorn sculpin,adult,Magdalen Shallows
Shorthorn sculpin|adult|Magdalen Shallows,Crangon septemspinosa,2.5338482285206655e-5,0,63,28,-2.5338482285206655e-5,NA,NA,NA,Shorthorn sculpin,adult,Magdalen Shallows
Shorthorn sculpin|adult|Magdalen Shallows,Crangonidae,0.014855108921133018,0.03571428571428571,63,28,0.020859176793152696,0.025222967632447534,1,2018-2019,Shorthorn sculpin,adult,Magdalen Shallows
Shorthorn sculpin|adult|Magdalen Shallows,Cumacea,0,0,63,28,0,NA,NA,NA,Shorthorn sculpin,adult,Magdalen Shallows
Shorthorn sculpin|adult|Magdalen Shallows,Decapoda,0.08644457868202435,0.08437507068832963,63,28,-0.002069507993694722,0.20081650070903354,0.781563126252505,2004-2006,Shorthorn sculpin,adult,Magdalen Shallows
Shorthorn sculpin|adult|Magdalen Shallows,Diastylis,0,0,63,28,0,NA,NA,NA,Shorthorn sculpin,adult,Magdalen Shallows
Shorthorn sculpin|adult|Magdalen Shallows,Echinodermata,0.015963958669996572,1.4183114869821585e-4,63,28,-0.015822127521298357,0.031466469166373384,0.7615230460921844,2004-2006,Shorthorn sculpin,adult,Magdalen Shallows
Shorthorn sculpin|adult|Magdalen Shallows,Echinozoa,0.006125935516991985,0,63,28,-0.006125935516991985,NA,NA,NA,Shorthorn sculpin,adult,Magdalen Shallows
Shorthorn sculpin|adult|Magdalen Shallows,Eualus,0.003257542616987054,0.006672261854804867,63,28,0.0034147192378178133,0.02603627584679428,1,2004-2006,Shorthorn sculpin,adult,Magdalen Shallows
Shorthorn sculpin|adult|Magdalen Shallows,Eualus macilentus,0.0010171276704302576,0,63,28,-0.0010171276704302576,0.031746031746031744,0.7775551102204409,2004-2006,Shorthorn sculpin,adult,Magdalen Shallows
Shorthorn sculpin|adult|Magdalen Shallows,Eumalacostraca,0,0,63,28,0,NA,NA,NA,Shorthorn sculpin,adult,Magdalen Shallows
Shorthorn sculpin|adult|Magdalen Shallows,Euphausiacea,0,0.001985867141103065,63,28,0.001985867141103065,NA,NA,NA,Shorthorn sculpin,adult,Magdalen Shallows
Shorthorn sculpin|adult|Magdalen Shallows,Hyperiidae,0,0,63,28,0,NA,NA,NA,Shorthorn sculpin,adult,Magdalen Shallows
Shorthorn sculpin|adult|Magdalen Shallows,Malacostraca,0,0,63,28,0,NA,NA,NA,Shorthorn sculpin,adult,Magdalen Shallows
Shorthorn sculpin|adult|Magdalen Shallows,Mollusca,0.009640156237014875,0,63,28,-0.009640156237014875,NA,NA,NA,Shorthorn sculpin,adult,Magdalen Shallows
Shorthorn sculpin|adult|Magdalen Shallows,Mysida,0.058793392018473896,0.03571428571428571,63,28,-0.023079106304188184,0.1382448340681075,0.2965931863727455,2004-2006,Shorthorn sculpin,adult,Magdalen Shallows
Shorthorn sculpin|adult|Magdalen Shallows,Nematoda,8.001695480122262e-6,0,63,28,-8.001695480122262e-6,0.031746031746031744,0.591182364729459,2004-2006,Shorthorn sculpin,adult,Magdalen Shallows
Shorthorn sculpin|adult|Magdalen Shallows,Oregoniidae,0.34160031836857213,0.44885363700058106,63,28,0.10725331863200893,0.38532194267624725,0.14428857715430862,2018-2019,Shorthorn sculpin,adult,Magdalen Shallows
Shorthorn sculpin|adult|Magdalen Shallows,Pandalidae,0,0,63,28,0,NA,NA,NA,Shorthorn sculpin,adult,Magdalen Shallows
Shorthorn sculpin|adult|Magdalen Shallows,Pandalus,0,0,63,28,0,NA,NA,NA,Shorthorn sculpin,adult,Magdalen Shallows
Shorthorn sculpin|adult|Magdalen Shallows,Pandalus montagui,0.027358324289230903,0,63,28,-0.027358324289230903,0.1111111111111111,0.1342685370741483,2004-2006,Shorthorn sculpin,adult,Magdalen Shallows
Shorthorn sculpin|adult|Magdalen Shallows,Perciformes,0.036797157672565244,0,63,28,-0.036797157672565244,0.1111111111111111,0.13226452905811623,2004-2006,Shorthorn sculpin,adult,Magdalen Shallows
Shorthorn sculpin|adult|Magdalen Shallows,Polychaeta,0.021509456995882092,0.007717424603965276,63,28,-0.013792032391916816,0.12849880896944849,0.503006012024048,2004-2006,Shorthorn sculpin,adult,Magdalen Shallows
Shorthorn sculpin|adult|Magdalen Shallows,Teleostei,0.11880950805869396,0.17510961729302466,63,28,0.056300109234330695,0.14894370780013003,0.6212424849699398,2018-2019,Shorthorn sculpin,adult,Magdalen Shallows
Shorthorn sculpin|adult|Magdalen Shallows,Thoridae,0.024342831797124855,0.013740926983814735,63,28,-0.01060190481331012,0.08116723094114407,0.5390781563126252,2004-2006,Shorthorn sculpin,adult,Magdalen Shallows
Shorthorn sculpin|adult|Magdalen Shallows,Vertebrata,0,0,63,28,0,NA,NA,NA,Shorthorn sculpin,adult,Magdalen Shallows
Shorthorn sculpin|adult|Magdalen Shallows,egg_larvae,0,0.001879383729992207,63,28,0.001879383729992207,NA,NA,NA,Shorthorn sculpin,adult,Magdalen Shallows
Shorthorn sculpin|adult|Magdalen Shallows,other_phyla,6.365406106604538e-5,0.024670648765965777,63,28,0.024606994704899732,0.07124474903910001,0.14228456913827656,2018-2019,Shorthorn sculpin,adult,Magdalen Shallows
Shorthorn sculpin|adult|Magdalen Shallows,plantae_chromista,0.0010254984032465014,0.0028975840603442803,63,28,0.0018720856570977789,0.10551411648642856,0.7114228456913828,2018-2019,Shorthorn sculpin,adult,Magdalen Shallows
Shorthorn sculpin|juvenile|Magdalen Shallows,Amphilochida,0,0,10,6,0,NA,NA,NA,Shorthorn sculpin,juvenile,Magdalen Shallows
Shorthorn sculpin|juvenile|Magdalen Shallows,Amphipoda,0.2,0.05179282868525897,10,6,-0.14820717131474104,0.1588607594936709,0.6833667334669339,2004-2006,Shorthorn sculpin,juvenile,Magdalen Shallows
Shorthorn sculpin|juvenile|Magdalen Shallows,Annelida,0,0,10,6,0,NA,NA,NA,Shorthorn sculpin,juvenile,Magdalen Shallows
Shorthorn sculpin|juvenile|Magdalen Shallows,Argis dentata,0.09271613342409803,0,10,6,-0.09271613342409803,NA,NA,NA,Shorthorn sculpin,juvenile,Magdalen Shallows
Shorthorn sculpin|juvenile|Magdalen Shallows,Arthropoda,0.10933333333333332,0,10,6,-0.10933333333333332,0.2,0.48296593186372744,2004-2006,Shorthorn sculpin,juvenile,Magdalen Shallows
Shorthorn sculpin|juvenile|Magdalen Shallows,Bivalvia,0,0,10,6,0,NA,NA,NA,Shorthorn sculpin,juvenile,Magdalen Shallows
Shorthorn sculpin|juvenile|Magdalen Shallows,Brachyura,0,0,10,6,0,NA,NA,NA,Shorthorn sculpin,juvenile,Magdalen Shallows
Shorthorn sculpin|juvenile|Magdalen Shallows,Caridea,0,0,10,6,0,NA,NA,NA,Shorthorn sculpin,juvenile,Magdalen Shallows
Shorthorn sculpin|juvenile|Magdalen Shallows,Chordata,0,0,10,6,0,NA,NA,NA,Shorthorn sculpin,juvenile,Magdalen Shallows
Shorthorn sculpin|juvenile|Magdalen Shallows,Copepoda,0,0,10,6,0,NA,NA,NA,Shorthorn sculpin,juvenile,Magdalen Shallows
Shorthorn sculpin|juvenile|Magdalen Shallows,Crangon septemspinosa,0,0.048155298155298155,10,6,0.048155298155298155,NA,NA,NA,Shorthorn sculpin,juvenile,Magdalen Shallows
Shorthorn sculpin|juvenile|Magdalen Shallows,Crangonidae,0,0,10,6,0,NA,NA,NA,Shorthorn sculpin,juvenile,Magdalen Shallows
Shorthorn sculpin|juvenile|Magdalen Shallows,Cumacea,0,0,10,6,0,NA,NA,NA,Shorthorn sculpin,juvenile,Magdalen Shallows
Shorthorn sculpin|juvenile|Magdalen Shallows,Decapoda,0,0.274126552380987,10,6,0.274126552380987,0.3333333333333333,0.11623246492985972,2018-2019,Shorthorn sculpin,juvenile,Magdalen Shallows
Shorthorn sculpin|juvenile|Magdalen Shallows,Diastylis,0,0,10,6,0,NA,NA,NA,Shorthorn sculpin,juvenile,Magdalen Shallows
Shorthorn sculpin|juvenile|Magdalen Shallows,Echinodermata,0,0,10,6,0,NA,NA,NA,Shorthorn sculpin,juvenile,Magdalen Shallows
Shorthorn sculpin|juvenile|Magdalen Shallows,Echinozoa,0,0,10,6,0,NA,NA,NA,Shorthorn sculpin,juvenile,Magdalen Shallows
Shorthorn sculpin|juvenile|Magdalen Shallows,Eualus,0,0,10,6,0,NA,NA,NA,Shorthorn sculpin,juvenile,Magdalen Shallows
Shorthorn sculpin|juvenile|Magdalen Shallows,Eualus macilentus,0,0,10,6,0,NA,NA,NA,Shorthorn sculpin,juvenile,Magdalen Shallows
Shorthorn sculpin|juvenile|Magdalen Shallows,Eumalacostraca,0,0,10,6,0,NA,NA,NA,Shorthorn sculpin,juvenile,Magdalen Shallows
Shorthorn sculpin|juvenile|Magdalen Shallows,Euphausiacea,0.09958281829419036,0.06728640991589198,10,6,-0.03229640837829838,0.06720473135124791,1,2018-2019,Shorthorn sculpin,juvenile,Magdalen Shallows
Shorthorn sculpin|juvenile|Magdalen Shallows,Hyperiidae,0,0,10,6,0,NA,NA,NA,Shorthorn sculpin,juvenile,Magdalen Shallows
Shorthorn sculpin|juvenile|Magdalen Shallows,Malacostraca,0,0,10,6,0,NA,NA,NA,Shorthorn sculpin,juvenile,Magdalen Shallows
Shorthorn sculpin|juvenile|Magdalen Shallows,Mollusca,0,0,10,6,0,NA,NA,NA,Shorthorn sculpin,juvenile,Magdalen Shallows
Shorthorn sculpin|juvenile|Magdalen Shallows,Mysida,0.13395053324256864,0,10,6,-0.13395053324256864,0.3,0.35070140280561124,2004-2006,Shorthorn sculpin,juvenile,Magdalen Shallows
Shorthorn sculpin|juvenile|Magdalen Shallows,Nematoda,0,0,10,6,0,NA,NA,NA,Shorthorn sculpin,juvenile,Magdalen Shallows
Shorthorn sculpin|juvenile|Magdalen Shallows,Oregoniidae,0,0.33506569780909645,10,6,0.33506569780909645,0.6666666666666666,0.014028056112224449,2018-2019,Shorthorn sculpin,juvenile,Magdalen Shallows
Shorthorn sculpin|juvenile|Magdalen Shallows,Pandalidae,0,0,10,6,0,NA,NA,NA,Shorthorn sculpin,juvenile,Magdalen Shallows
Shorthorn sculpin|juvenile|Magdalen Shallows,Pandalus,0,0,10,6,0,NA,NA,NA,Shorthorn sculpin,juvenile,Magdalen Shallows
Shorthorn sculpin|juvenile|Magdalen Shallows,Pandalus montagui,0.1,0,10,6,-0.1,NA,NA,NA,Shorthorn sculpin,juvenile,Magdalen Shallows
Shorthorn sculpin|juvenile|Magdalen Shallows,Perciformes,0,0.16666666666666666,10,6,0.16666666666666666,NA,NA,NA,Shorthorn sculpin,juvenile,Magdalen Shallows
Shorthorn sculpin|juvenile|Magdalen Shallows,Polychaeta,0.164,0.045859785340039816,10,6,-0.11814021465996019,0.15629483250854154,0.9118236472945892,2004-2006,Shorthorn sculpin,juvenile,Magdalen Shallows
Shorthorn sculpin|juvenile|Magdalen Shallows,Teleostei,3.8627935723114956e-4,0,10,6,-3.8627935723114956e-4,NA,NA,NA,Shorthorn sculpin,juvenile,Magdalen Shallows
Shorthorn sculpin|juvenile|Magdalen Shallows,Thoridae,0.1,0.011046761046761047,10,6,-0.08895323895323896,0.09005215375700214,1,2004-2006,Shorthorn sculpin,juvenile,Magdalen Shallows
Shorthorn sculpin|juvenile|Magdalen Shallows,Vertebrata,0,0,10,6,0,NA,NA,NA,Shorthorn sculpin,juvenile,Magdalen Shallows
Shorthorn sculpin|juvenile|Magdalen Shallows,egg_larvae,0,0,10,6,0,NA,NA,NA,Shorthorn sculpin,juvenile,Magdalen Shallows
Shorthorn sculpin|juvenile|Magdalen Shallows,other_phyla,0,0,10,6,0,NA,NA,NA,Shorthorn sculpin,juvenile,Magdalen Shallows
Shorthorn sculpin|juvenile|Magdalen Shallows,plantae_chromista,3.090234857849196e-5,0,10,6,-3.090234857849196e-5,NA,NA,NA,Shorthorn sculpin,juvenile,Magdalen Shallows
Smooth skate|juvenile|Central,Amphilochida,8.135144166052599e-4,0.015055021063746286,31,11,0.014241506647141026,0.25874566941928073,0.022044088176352707,2018-2019,Smooth skate,juvenile,Central
Smooth skate|juvenile|Central,Amphipoda,0.16522152909953688,0.016491568848982962,31,11,-0.14872996025055393,0.5572785302822225,0.12024048096192384,2004-2006,Smooth skate,juvenile,Central
Smooth skate|juvenile|Central,Annelida,0,0,31,11,0,NA,NA,NA,Smooth skate,juvenile,Central
Smooth skate|juvenile|Central,Argis dentata,0.0013166814990022682,0,31,11,-0.0013166814990022682,NA,NA,NA,Smooth skate,juvenile,Central
Smooth skate|juvenile|Central,Arthropoda,0.29804645995518736,0.16502156983587163,31,11,-0.13302489011931573,0.4360103216495096,0.3026052104208417,2004-2006,Smooth skate,juvenile,Central
Smooth skate|juvenile|Central,Bivalvia,0,0,31,11,0,NA,NA,NA,Smooth skate,juvenile,Central
Smooth skate|juvenile|Central,Brachyura,0,0.14484783211625846,31,11,0.14484783211625846,0.45454545454545453,0.002004008016032064,2018-2019,Smooth skate,juvenile,Central
Smooth skate|juvenile|Central,Caridea,0.06803974771624598,0,31,11,-0.06803974771624598,0.16129032258064516,0.35671342685370744,2004-2006,Smooth skate,juvenile,Central
Smooth skate|juvenile|Central,Chordata,0,0,31,11,0,NA,NA,NA,Smooth skate,juvenile,Central
Smooth skate|juvenile|Central,Copepoda,0.03265093715829805,0.0025348985578413762,31,11,-0.030116038600456675,0.38914319376127093,0.23046092184368738,2004-2006,Smooth skate,juvenile,Central
Smooth skate|juvenile|Central,Crangon septemspinosa,0,0,31,11,0,NA,NA,NA,Smooth skate,juvenile,Central
Smooth skate|juvenile|Central,Crangonidae,0.005193209510189321,0.0011397442336668856,31,11,-0.004053465276522436,0.10581027065797288,0.5490981963927856,2004-2006,Smooth skate,juvenile,Central
Smooth skate|juvenile|Central,Cumacea,0,0,31,11,0,NA,NA,NA,Smooth skate,juvenile,Central
Smooth skate|juvenile|Central,Decapoda,0.0774899263984054,0.2267727345834687,31,11,0.1492828081850633,0.6098064340093924,0.01002004008016032,2018-2019,Smooth skate,juvenile,Central
Smooth skate|juvenile|Central,Diastylis,4.2984701354018093e-4,0,31,11,-4.2984701354018093e-4,NA,NA,NA,Smooth skate,juvenile,Central
Smooth skate|juvenile|Central,Echinodermata,0,0,31,11,0,NA,NA,NA,Smooth skate,juvenile,Central
Smooth skate|juvenile|Central,Echinozoa,0,0,31,11,0,NA,NA,NA,Smooth skate,juvenile,Central
Smooth skate|juvenile|Central,Eualus,0.001010490525544159,0,31,11,-0.001010490525544159,0.06451612903225806,0.8276553106212425,2004-2006,Smooth skate,juvenile,Central
Smooth skate|juvenile|Central,Eualus macilentus,1.4688332343223124e-4,0,31,11,-1.4688332343223124e-4,NA,NA,NA,Smooth skate,juvenile,Central
Smooth skate|juvenile|Central,Eumalacostraca,6.050312513519009e-4,9.852026426612063e-4,31,11,3.801713913093054e-4,0.056321197116193523,0.9739478957915831,2018-2019,Smooth skate,juvenile,Central
Smooth skate|juvenile|Central,Euphausiacea,0.012347338190229125,0.019048002083593252,31,11,0.0067006638933641265,0.16546753798025698,0.47695390781563124,2018-2019,Smooth skate,juvenile,Central
Smooth skate|juvenile|Central,Hyperiidae,0.02262992261471053,0.0017639919796486332,31,11,-0.020865930635061897,0.11970157571497671,0.7094188376753507,2004-2006,Smooth skate,juvenile,Central
Smooth skate|juvenile|Central,Malacostraca,0,0.11481691930357724,31,11,0.11481691930357724,0.36363636363636365,0.008016032064128256,2018-2019,Smooth skate,juvenile,Central
Smooth skate|juvenile|Central,Mollusca,0,0,31,11,0,NA,NA,NA,Smooth skate,juvenile,Central
Smooth skate|juvenile|Central,Mysida,0.08643486370263208,0.007396458391961489,31,11,-0.07903840531067059,0.5051592891142971,0.03807615230460922,2004-2006,Smooth skate,juvenile,Central
Smooth skate|juvenile|Central,Nematoda,2.2970251948064744e-4,1.4494854326714015e-4,31,11,-8.47539762135073e-5,0.03955551941360597,1,2004-2006,Smooth skate,juvenile,Central
Smooth skate|juvenile|Central,Oregoniidae,0.015430560391103706,0.06744654400268625,31,11,0.05201598361158254,0.22194926011569158,0.15831663326653306,2018-2019,Smooth skate,juvenile,Central
Smooth skate|juvenile|Central,Pandalidae,0,0,31,11,0,NA,NA,NA,Smooth skate,juvenile,Central
Smooth skate|juvenile|Central,Pandalus,0.18850111892077553,0,31,11,-0.18850111892077553,0.2903225806451613,0.1062124248496994,2004-2006,Smooth skate,juvenile,Central
Smooth skate|juvenile|Central,Pandalus montagui,0.005330228539444899,0,31,11,-0.005330228539444899,NA,NA,NA,Smooth skate,juvenile,Central
Smooth skate|juvenile|Central,Perciformes,5.205975424344522e-5,0,31,11,-5.205975424344522e-5,NA,NA,NA,Smooth skate,juvenile,Central
Smooth skate|juvenile|Central,Polychaeta,0.014558682557471758,0.05750985394073516,31,11,0.0429511713832634,0.29017758895086826,0.2605210420841683,2018-2019,Smooth skate,juvenile,Central
Smooth skate|juvenile|Central,Teleostei,0.0015008571173474744,0.0015555948936383532,31,11,5.4737776290878816e-5,0.047520535784827116,1,2004-2006,Smooth skate,juvenile,Central
Smooth skate|juvenile|Central,Thoridae,5.320312168500487e-4,0.022613334994659763,31,11,0.022081303777809716,0.17763881616744148,0.06813627254509018,2018-2019,Smooth skate,juvenile,Central
Smooth skate|juvenile|Central,Vertebrata,0,0,31,11,0,NA,NA,NA,Smooth skate,juvenile,Central
Smooth skate|juvenile|Central,egg_larvae,0.0011640514852645735,0.13325056037620378,31,11,0.1320865088909392,0.6308526281047954,0.002004008016032064,2018-2019,Smooth skate,juvenile,Central
Smooth skate|juvenile|Central,other_phyla,1.2390030733471235e-5,0.0014626625729684145,31,11,0.0014502725422349432,0.09014547988431201,0.3066132264529058,2018-2019,Smooth skate,juvenile,Central
Smooth skate|juvenile|Central,plantae_chromista,3.119350923736859e-4,1.4255703456303136e-4,31,11,-1.6937805781065454e-4,0.06641977982625938,0.9018036072144289,2004-2006,Smooth skate,juvenile,Central
Smooth skate|juvenile|Magdalen Shallows,Amphilochida,0,0.011946640128519453,23,5,0.011946640128519453,0.4,0.03006012024048096,2018-2019,Smooth skate,juvenile,Magdalen Shallows
Smooth skate|juvenile|Magdalen Shallows,Amphipoda,0.22214830159825577,0.02197550332280857,23,5,-0.2001727982754472,0.6330310515514281,0.09418837675350701,2004-2006,Smooth skate,juvenile,Magdalen Shallows
Smooth skate|juvenile|Magdalen Shallows,Annelida,0,0,23,5,0,NA,NA,NA,Smooth skate,juvenile,Magdalen Shallows
Smooth skate|juvenile|Magdalen Shallows,Argis dentata,0.06693804698779333,0,23,5,-0.06693804698779333,0.17391304347826086,0.5791583166332666,2004-2006,Smooth skate,juvenile,Magdalen Shallows
Smooth skate|juvenile|Magdalen Shallows,Arthropoda,0.2106328082608596,0.27091643899486995,23,5,0.06028363073401036,0.33755605334919964,0.9819639278557114,2018-2019,Smooth skate,juvenile,Magdalen Shallows
Smooth skate|juvenile|Magdalen Shallows,Bivalvia,0,0,23,5,0,NA,NA,NA,Smooth skate,juvenile,Magdalen Shallows
Smooth skate|juvenile|Magdalen Shallows,Brachyura,0,0.10112066718790721,23,5,0.10112066718790721,NA,NA,NA,Smooth skate,juvenile,Magdalen Shallows
Smooth skate|juvenile|Magdalen Shallows,Caridea,0.004861297833959314,0.043763802903587855,23,5,0.03890250506962854,0.18000498606594956,0.20040080160320642,2018-2019,Smooth skate,juvenile,Magdalen Shallows
Smooth skate|juvenile|Magdalen Shallows,Chordata,0,0,23,5,0,NA,NA,NA,Smooth skate,juvenile,Magdalen Shallows
Smooth skate|juvenile|Magdalen Shallows,Copepoda,0.0309713422760775,7.058763036215179e-4,23,5,-0.030265465972455982,0.46760358872074764,0.4408817635270541,2004-2006,Smooth skate,juvenile,Magdalen Shallows
Smooth skate|juvenile|Magdalen Shallows,Crangon septemspinosa,0,0,23,5,0,NA,NA,NA,Smooth skate,juvenile,Magdalen Shallows
Smooth skate|juvenile|Magdalen Shallows,Crangonidae,0.004602974656891582,0,23,5,-0.004602974656891582,0.13043478260869565,0.749498997995992,2004-2006,Smooth skate,juvenile,Magdalen Shallows
Smooth skate|juvenile|Magdalen Shallows,Cumacea,0,0,23,5,0,NA,NA,NA,Smooth skate,juvenile,Magdalen Shallows
Smooth skate|juvenile|Magdalen Shallows,Decapoda,0.13430317300460495,0.0019534306355327483,23,5,-0.1323497423690722,0.5999691412899896,0.08216432865731463,2004-2006,Smooth skate,juvenile,Magdalen Shallows
Smooth skate|juvenile|Magdalen Shallows,Diastylis,0.005709302957105859,0,23,5,-0.005709302957105859,0.17391304347826086,0.5791583166332666,2004-2006,Smooth skate,juvenile,Magdalen Shallows
Smooth skate|juvenile|Magdalen Shallows,Echinodermata,0,0,23,5,0,NA,NA,NA,Smooth skate,juvenile,Magdalen Shallows
Smooth skate|juvenile|Magdalen Shallows,Echinozoa,0,0,23,5,0,NA,NA,NA,Smooth skate,juvenile,Magdalen Shallows
Smooth skate|juvenile|Magdalen Shallows,Eualus,0.007433403202743799,0,23,5,-0.007433403202743799,0.43478260869565216,0.1903807615230461,2004-2006,Smooth skate,juvenile,Magdalen Shallows
Smooth skate|juvenile|Magdalen Shallows,Eualus macilentus,0.012151534286778174,0,23,5,-0.012151534286778174,0.2608695652173913,0.46693386773547096,2004-2006,Smooth skate,juvenile,Magdalen Shallows
Smooth skate|juvenile|Magdalen Shallows,Eumalacostraca,0.013315141376450068,0.006278939747982282,23,5,-0.007036201628467786,0.23636492534822423,0.6072144288577155,2004-2006,Smooth skate,juvenile,Magdalen Shallows
Smooth skate|juvenile|Magdalen Shallows,Euphausiacea,0.012861894793184314,0.060962908811208305,23,5,0.04810101401802399,0.33031125494294433,0.11823647294589178,2018-2019,Smooth skate,juvenile,Magdalen Shallows
Smooth skate|juvenile|Magdalen Shallows,Hyperiidae,0.012867254260516874,0.032120488034466536,23,5,0.019253233773949663,0.14279662146125657,0.35070140280561124,2018-2019,Smooth skate,juvenile,Magdalen Shallows
Smooth skate|juvenile|Magdalen Shallows,Malacostraca,0,0,23,5,0,NA,NA,NA,Smooth skate,juvenile,Magdalen Shallows
Smooth skate|juvenile|Magdalen Shallows,Mollusca,0,0,23,5,0,NA,NA,NA,Smooth skate,juvenile,Magdalen Shallows
Smooth skate|juvenile|Magdalen Shallows,Mysida,0.09868399952136127,0.0038767266093302057,23,5,-0.09480727291203106,0.6275221768673431,0.16432865731462926,2004-2006,Smooth skate,juvenile,Magdalen Shallows
Smooth skate|juvenile|Magdalen Shallows,Nematoda,3.28494450422861e-4,0,23,5,-3.28494450422861e-4,0.08695652173913043,0.8356713426853707,2004-2006,Smooth skate,juvenile,Magdalen Shallows
Smooth skate|juvenile|Magdalen Shallows,Oregoniidae,0.05428712146499917,0.40391403018863253,23,5,0.34962690872363333,0.705216961993083,0.006012024048096192,2018-2019,Smooth skate,juvenile,Magdalen Shallows
Smooth skate|juvenile|Magdalen Shallows,Pandalidae,9.222068327533846e-6,0,23,5,-9.222068327533846e-6,NA,NA,NA,Smooth skate,juvenile,Magdalen Shallows
Smooth skate|juvenile|Magdalen Shallows,Pandalus,0.03524312661349117,0,23,5,-0.03524312661349117,0.2608695652173913,0.4789579158316633,2004-2006,Smooth skate,juvenile,Magdalen Shallows
Smooth skate|juvenile|Magdalen Shallows,Pandalus montagui,0.019652258590594142,0,23,5,-0.019652258590594142,0.2608695652173913,0.4468937875751503,2004-2006,Smooth skate,juvenile,Magdalen Shallows
Smooth skate|juvenile|Magdalen Shallows,Perciformes,0.003532554599153459,0,23,5,-0.003532554599153459,0.08695652173913043,0.8577154308617234,2004-2006,Smooth skate,juvenile,Magdalen Shallows
Smooth skate|juvenile|Magdalen Shallows,Polychaeta,0.045171221902597994,0,23,5,-0.045171221902597994,0.5217391304347826,0.10420841683366733,2004-2006,Smooth skate,juvenile,Magdalen Shallows
Smooth skate|juvenile|Magdalen Shallows,Teleostei,6.546773864630912e-4,0,23,5,-6.546773864630912e-4,0.13043478260869565,0.7094188376753507,2004-2006,Smooth skate,juvenile,Magdalen Shallows
Smooth skate|juvenile|Magdalen Shallows,Thoridae,0.002736217603961079,0.031738985248187954,23,5,0.029002767644226875,0.1841264597299359,0.18637274549098196,2018-2019,Smooth skate,juvenile,Magdalen Shallows
Smooth skate|juvenile|Magdalen Shallows,Vertebrata,0,0,23,5,0,NA,NA,NA,Smooth skate,juvenile,Magdalen Shallows
Smooth skate|juvenile|Magdalen Shallows,egg_larvae,2.2952703392973133e-5,0.008627829279748384,23,5,0.00860487657635541,0.39893869925573416,0.03807615230460922,2018-2019,Smooth skate,juvenile,Magdalen Shallows
Smooth skate|juvenile|Magdalen Shallows,other_phyla,7.438666336389881e-6,0,23,5,-7.438666336389881e-6,NA,NA,NA,Smooth skate,juvenile,Magdalen Shallows
Smooth skate|juvenile|Magdalen Shallows,plantae_chromista,8.742389336777395e-4,9.773260359655982e-5,23,5,-7.765063300811797e-4,0.27374538115750485,0.5190380761523046,2004-2006,Smooth skate,juvenile,Magdalen Shallows
Snakeblenny|adult|Magdalen Shallows,Amphilochida,0,0.004028351435418898,45,9,0.004028351435418898,NA,NA,NA,Snakeblenny,adult,Magdalen Shallows
Snakeblenny|adult|Magdalen Shallows,Amphipoda,0.21970595371437804,0.317675964252438,45,9,0.09797001053805995,0.4597871593158659,0.30060120240480964,2018-2019,Snakeblenny,adult,Magdalen Shallows
Snakeblenny|adult|Magdalen Shallows,Annelida,0,0,45,9,0,NA,NA,NA,Snakeblenny,adult,Magdalen Shallows
Snakeblenny|adult|Magdalen Shallows,Argis dentata,0,0,45,9,0,NA,NA,NA,Snakeblenny,adult,Magdalen Shallows
Snakeblenny|adult|Magdalen Shallows,Arthropoda,0.0029595847746593192,0,45,9,-0.0029595847746593192,0.13333333333333333,0.5390781563126252,2004-2006,Snakeblenny,adult,Magdalen Shallows
Snakeblenny|adult|Magdalen Shallows,Bivalvia,0.024198037046059762,0.0011020355244392582,45,9,-0.023096001521620505,0.3400680563777526,0.15831663326653306,2004-2006,Snakeblenny,adult,Magdalen Shallows
Snakeblenny|adult|Magdalen Shallows,Brachyura,6.169456360171368e-4,0,45,9,-6.169456360171368e-4,0.06666666666666667,0.7655310621242485,2004-2006,Snakeblenny,adult,Magdalen Shallows
Snakeblenny|adult|Magdalen Shallows,Caridea,0,0,45,9,0,NA,NA,NA,Snakeblenny,adult,Magdalen Shallows
Snakeblenny|adult|Magdalen Shallows,Chordata,0,0,45,9,0,NA,NA,NA,Snakeblenny,adult,Magdalen Shallows
Snakeblenny|adult|Magdalen Shallows,Copepoda,0.002664905656660812,3.8115722665133336e-4,45,9,-0.002283748430009479,0.1555322472901293,0.6052104208416834,2004-2006,Snakeblenny,adult,Magdalen Shallows
Snakeblenny|adult|Magdalen Shallows,Crangon septemspinosa,0,0,45,9,0,NA,NA,NA,Snakeblenny,adult,Magdalen Shallows
Snakeblenny|adult|Magdalen Shallows,Crangonidae,0,0,45,9,0,NA,NA,NA,Snakeblenny,adult,Magdalen Shallows
Snakeblenny|adult|Magdalen Shallows,Cumacea,0,0.08378378972779162,45,9,0.08378378972779162,0.5555555555555556,0.002004008016032064,2018-2019,Snakeblenny,adult,Magdalen Shallows
Snakeblenny|adult|Magdalen Shallows,Decapoda,0,0,45,9,0,NA,NA,NA,Snakeblenny,adult,Magdalen Shallows
Snakeblenny|adult|Magdalen Shallows,Diastylis,0.07969265816442864,0,45,9,-0.07969265816442864,0.4,0.06813627254509018,2004-2006,Snakeblenny,adult,Magdalen Shallows
Snakeblenny|adult|Magdalen Shallows,Echinodermata,0,0,45,9,0,NA,NA,NA,Snakeblenny,adult,Magdalen Shallows
Snakeblenny|adult|Magdalen Shallows,Echinozoa,0.011588128773561482,0,45,9,-0.011588128773561482,0.13333333333333333,0.44488977955911824,2004-2006,Snakeblenny,adult,Magdalen Shallows
Snakeblenny|adult|Magdalen Shallows,Eualus,0,0,45,9,0,NA,NA,NA,Snakeblenny,adult,Magdalen Shallows
Snakeblenny|adult|Magdalen Shallows,Eualus macilentus,0,0,45,9,0,NA,NA,NA,Snakeblenny,adult,Magdalen Shallows
Snakeblenny|adult|Magdalen Shallows,Eumalacostraca,0.02559872477222656,0,45,9,-0.02559872477222656,0.2,0.28857715430861725,2004-2006,Snakeblenny,adult,Magdalen Shallows
Snakeblenny|adult|Magdalen Shallows,Euphausiacea,0,0,45,9,0,NA,NA,NA,Snakeblenny,adult,Magdalen Shallows
Snakeblenny|adult|Magdalen Shallows,Hyperiidae,0,0,45,9,0,NA,NA,NA,Snakeblenny,adult,Magdalen Shallows
Snakeblenny|adult|Magdalen Shallows,Malacostraca,0,0,45,9,0,NA,NA,NA,Snakeblenny,adult,Magdalen Shallows
Snakeblenny|adult|Magdalen Shallows,Mollusca,0.004406272487772656,5.834305717619604e-4,45,9,-0.0038228419160106952,0.11774307836756988,0.5851703406813628,2004-2006,Snakeblenny,adult,Magdalen Shallows
Snakeblenny|adult|Magdalen Shallows,Mysida,0,0,45,9,0,NA,NA,NA,Snakeblenny,adult,Magdalen Shallows
Snakeblenny|adult|Magdalen Shallows,Nematoda,0.018105399827527645,0.004779124178028614,45,9,-0.013326275649499031,0.40437244928982463,0.2865731462925852,2004-2006,Snakeblenny,adult,Magdalen Shallows
Snakeblenny|adult|Magdalen Shallows,Oregoniidae,0,0,45,9,0,NA,NA,NA,Snakeblenny,adult,Magdalen Shallows
Snakeblenny|adult|Magdalen Shallows,Pandalidae,0,0,45,9,0,NA,NA,NA,Snakeblenny,adult,Magdalen Shallows
Snakeblenny|adult|Magdalen Shallows,Pandalus,0,0,45,9,0,NA,NA,NA,Snakeblenny,adult,Magdalen Shallows
Snakeblenny|adult|Magdalen Shallows,Pandalus montagui,0,0,45,9,0,NA,NA,NA,Snakeblenny,adult,Magdalen Shallows
Snakeblenny|adult|Magdalen Shallows,Perciformes,0,0,45,9,0,NA,NA,NA,Snakeblenny,adult,Magdalen Shallows
Snakeblenny|adult|Magdalen Shallows,Polychaeta,0.6079348995869082,0.5873869734374625,45,9,-0.020547926149445672,0.4068761148317167,0.7875751503006012,2004-2006,Snakeblenny,adult,Magdalen Shallows
Snakeblenny|adult|Magdalen Shallows,Teleostei,0,0,45,9,0,NA,NA,NA,Snakeblenny,adult,Magdalen Shallows
Snakeblenny|adult|Magdalen Shallows,Thoridae,0,0,45,9,0,NA,NA,NA,Snakeblenny,adult,Magdalen Shallows
Snakeblenny|adult|Magdalen Shallows,Vertebrata,0,0,45,9,0,NA,NA,NA,Snakeblenny,adult,Magdalen Shallows
Snakeblenny|adult|Magdalen Shallows,egg_larvae,0.0018670309653916215,0,45,9,-0.0018670309653916215,NA,NA,NA,Snakeblenny,adult,Magdalen Shallows
Snakeblenny|adult|Magdalen Shallows,other_phyla,0,0,45,9,0,NA,NA,NA,Snakeblenny,adult,Magdalen Shallows
Snakeblenny|adult|Magdalen Shallows,plantae_chromista,6.614585944080095e-4,2.791736460078169e-4,45,9,-3.822849484001926e-4,0.06250723393974038,0.8777555110220441,2004-2006,Snakeblenny,adult,Magdalen Shallows
Snakeblenny|adult|Northumberland,Amphilochida,0,0.19943019943019943,9,3,0.19943019943019943,NA,NA,NA,Snakeblenny,adult,Northumberland
Snakeblenny|adult|Northumberland,Amphipoda,0.08371090266464166,0.14917204509128004,9,3,0.06546114242663838,0.6405451602563156,0.5290581162324649,2018-2019,Snakeblenny,adult,Northumberland
Snakeblenny|adult|Northumberland,Annelida,0,0,9,3,0,NA,NA,NA,Snakeblenny,adult,Northumberland
Snakeblenny|adult|Northumberland,Argis dentata,0,0,9,3,0,NA,NA,NA,Snakeblenny,adult,Northumberland
Snakeblenny|adult|Northumberland,Arthropoda,0.002981029810298103,0.18308196373380023,9,3,0.18010093392350213,0.6559855894195977,0.04208416833667335,2018-2019,Snakeblenny,adult,Northumberland
Snakeblenny|adult|Northumberland,Bivalvia,0.04905664386573084,0,9,3,-0.04905664386573084,0.7777777777777778,0.11222444889779559,2004-2006,Snakeblenny,adult,Northumberland
Snakeblenny|adult|Northumberland,Brachyura,0,0,9,3,0,NA,NA,NA,Snakeblenny,adult,Northumberland
Snakeblenny|adult|Northumberland,Caridea,0,0,9,3,0,NA,NA,NA,Snakeblenny,adult,Northumberland
Snakeblenny|adult|Northumberland,Chordata,0,0,9,3,0,NA,NA,NA,Snakeblenny,adult,Northumberland
Snakeblenny|adult|Northumberland,Copepoda,0,0,9,3,0,NA,NA,NA,Snakeblenny,adult,Northumberland
Snakeblenny|adult|Northumberland,Crangon septemspinosa,0,0,9,3,0,NA,NA,NA,Snakeblenny,adult,Northumberland
Snakeblenny|adult|Northumberland,Crangonidae,0,0,9,3,0,NA,NA,NA,Snakeblenny,adult,Northumberland
Snakeblenny|adult|Northumberland,Cumacea,0,0,9,3,0,NA,NA,NA,Snakeblenny,adult,Northumberland
Snakeblenny|adult|Northumberland,Decapoda,0,0,9,3,0,NA,NA,NA,Snakeblenny,adult,Northumberland
Snakeblenny|adult|Northumberland,Diastylis,0.0677939192251019,0,9,3,-0.0677939192251019,0.6666666666666666,0.13627254509018036,2004-2006,Snakeblenny,adult,Northumberland
Snakeblenny|adult|Northumberland,Echinodermata,0,0,9,3,0,NA,NA,NA,Snakeblenny,adult,Northumberland
Snakeblenny|adult|Northumberland,Echinozoa,0,0,9,3,0,NA,NA,NA,Snakeblenny,adult,Northumberland
Snakeblenny|adult|Northumberland,Eualus,0,0,9,3,0,NA,NA,NA,Snakeblenny,adult,Northumberland
Snakeblenny|adult|Northumberland,Eualus macilentus,0,0,9,3,0,NA,NA,NA,Snakeblenny,adult,Northumberland
Snakeblenny|adult|Northumberland,Eumalacostraca,0,0,9,3,0,NA,NA,NA,Snakeblenny,adult,Northumberland
Snakeblenny|adult|Northumberland,Euphausiacea,0,0,9,3,0,NA,NA,NA,Snakeblenny,adult,Northumberland
Snakeblenny|adult|Northumberland,Hyperiidae,0,0,9,3,0,NA,NA,NA,Snakeblenny,adult,Northumberland
Snakeblenny|adult|Northumberland,Malacostraca,0,0,9,3,0,NA,NA,NA,Snakeblenny,adult,Northumberland
Snakeblenny|adult|Northumberland,Mollusca,0.023407797158586714,0,9,3,-0.023407797158586714,0.3333333333333333,0.533066132264529,2004-2006,Snakeblenny,adult,Northumberland
Snakeblenny|adult|Northumberland,Mysida,0,0,9,3,0,NA,NA,NA,Snakeblenny,adult,Northumberland
Snakeblenny|adult|Northumberland,Nematoda,0.015218506146066964,0,9,3,-0.015218506146066964,0.3333333333333333,0.5691382765531062,2004-2006,Snakeblenny,adult,Northumberland
Snakeblenny|adult|Northumberland,Oregoniidae,0,0,9,3,0,NA,NA,NA,Snakeblenny,adult,Northumberland
Snakeblenny|adult|Northumberland,Pandalidae,0,0,9,3,0,NA,NA,NA,Snakeblenny,adult,Northumberland
Snakeblenny|adult|Northumberland,Pandalus,0,0,9,3,0,NA,NA,NA,Snakeblenny,adult,Northumberland
Snakeblenny|adult|Northumberland,Pandalus montagui,0,0,9,3,0,NA,NA,NA,Snakeblenny,adult,Northumberland
Snakeblenny|adult|Northumberland,Perciformes,0,0,9,3,0,NA,NA,NA,Snakeblenny,adult,Northumberland
Snakeblenny|adult|Northumberland,Polychaeta,0.6871858867091221,0.35933148410547205,9,3,-0.32785440260365,0.656640688318653,0.11422845691382766,2004-2006,Snakeblenny,adult,Northumberland
Snakeblenny|adult|Northumberland,Teleostei,0,0,9,3,0,NA,NA,NA,Snakeblenny,adult,Northumberland
Snakeblenny|adult|Northumberland,Thoridae,0,0.06846007932402139,9,3,0.06846007932402139,NA,NA,NA,Snakeblenny,adult,Northumberland
Snakeblenny|adult|Northumberland,Vertebrata,0,0,9,3,0,NA,NA,NA,Snakeblenny,adult,Northumberland
Snakeblenny|adult|Northumberland,egg_larvae,0.06304575333786117,0,9,3,-0.06304575333786117,0.3333333333333333,0.45490981963927857,2004-2006,Snakeblenny,adult,Northumberland
Snakeblenny|adult|Northumberland,other_phyla,0.004757194668173897,0,9,3,-0.004757194668173897,NA,NA,NA,Snakeblenny,adult,Northumberland
Snakeblenny|adult|Northumberland,plantae_chromista,0.0028423664144165625,0.040524228315226764,9,3,0.0376818619008102,0.3114857458670167,0.655310621242485,2018-2019,Snakeblenny,adult,Northumberland
Snakeblenny|juvenile|Magdalen Shallows,Amphilochida,0,0,19,3,0,NA,NA,NA,Snakeblenny,juvenile,Magdalen Shallows
Snakeblenny|juvenile|Magdalen Shallows,Amphipoda,0.12906847727162174,0.1794871794871795,19,3,0.05041870221555775,0.1939003823735708,1,2018-2019,Snakeblenny,juvenile,Magdalen Shallows
Snakeblenny|juvenile|Magdalen Shallows,Annelida,0,0,19,3,0,NA,NA,NA,Snakeblenny,juvenile,Magdalen Shallows
Snakeblenny|juvenile|Magdalen Shallows,Argis dentata,0,0,19,3,0,NA,NA,NA,Snakeblenny,juvenile,Magdalen Shallows
Snakeblenny|juvenile|Magdalen Shallows,Arthropoda,0.09782978782621604,0,19,3,-0.09782978782621604,0.21052631578947367,0.8156312625250501,2004-2006,Snakeblenny,juvenile,Magdalen Shallows
Snakeblenny|juvenile|Magdalen Shallows,Bivalvia,0.014264633546483031,0.15384615384615383,19,3,0.1395815202996708,0.3050491409708155,0.156312625250501,2018-2019,Snakeblenny,juvenile,Magdalen Shallows
Snakeblenny|juvenile|Magdalen Shallows,Brachyura,0,0,19,3,0,NA,NA,NA,Snakeblenny,juvenile,Magdalen Shallows
Snakeblenny|juvenile|Magdalen Shallows,Caridea,0,0,19,3,0,NA,NA,NA,Snakeblenny,juvenile,Magdalen Shallows
Snakeblenny|juvenile|Magdalen Shallows,Chordata,0,0,19,3,0,NA,NA,NA,Snakeblenny,juvenile,Magdalen Shallows
Snakeblenny|juvenile|Magdalen Shallows,Copepoda,0.023185706798432293,0,19,3,-0.023185706798432293,0.3157894736842105,0.5110220440881763,2004-2006,Snakeblenny,juvenile,Magdalen Shallows
Snakeblenny|juvenile|Magdalen Shallows,Crangon septemspinosa,0,0,19,3,0,NA,NA,NA,Snakeblenny,juvenile,Magdalen Shallows
Snakeblenny|juvenile|Magdalen Shallows,Crangonidae,0,0,19,3,0,NA,NA,NA,Snakeblenny,juvenile,Magdalen Shallows
Snakeblenny|juvenile|Magdalen Shallows,Cumacea,1.9208605455243953e-4,0,19,3,-1.9208605455243953e-4,NA,NA,NA,Snakeblenny,juvenile,Magdalen Shallows
Snakeblenny|juvenile|Magdalen Shallows,Decapoda,0,0.3333333333333333,19,3,0.3333333333333333,NA,NA,NA,Snakeblenny,juvenile,Magdalen Shallows
Snakeblenny|juvenile|Magdalen Shallows,Diastylis,0.06964682914339666,0,19,3,-0.06964682914339666,0.15789473684210525,0.8797595190380761,2004-2006,Snakeblenny,juvenile,Magdalen Shallows
Snakeblenny|juvenile|Magdalen Shallows,Echinodermata,0,0,19,3,0,NA,NA,NA,Snakeblenny,juvenile,Magdalen Shallows
Snakeblenny|juvenile|Magdalen Shallows,Echinozoa,0,0,19,3,0,NA,NA,NA,Snakeblenny,juvenile,Magdalen Shallows
Snakeblenny|juvenile|Magdalen Shallows,Eualus,0,0,19,3,0,NA,NA,NA,Snakeblenny,juvenile,Magdalen Shallows
Snakeblenny|juvenile|Magdalen Shallows,Eualus macilentus,0,0,19,3,0,NA,NA,NA,Snakeblenny,juvenile,Magdalen Shallows
Snakeblenny|juvenile|Magdalen Shallows,Eumalacostraca,0.007135557680832303,0,19,3,-0.007135557680832303,0.2631578947368421,0.6192384769539078,2004-2006,Snakeblenny,juvenile,Magdalen Shallows
Snakeblenny|juvenile|Magdalen Shallows,Euphausiacea,0,0,19,3,0,NA,NA,NA,Snakeblenny,juvenile,Magdalen Shallows
Snakeblenny|juvenile|Magdalen Shallows,Hyperiidae,0,0,19,3,0,NA,NA,NA,Snakeblenny,juvenile,Magdalen Shallows
Snakeblenny|juvenile|Magdalen Shallows,Malacostraca,0,0,19,3,0,NA,NA,NA,Snakeblenny,juvenile,Magdalen Shallows
Snakeblenny|juvenile|Magdalen Shallows,Mollusca,0,0,19,3,0,NA,NA,NA,Snakeblenny,juvenile,Magdalen Shallows
Snakeblenny|juvenile|Magdalen Shallows,Mysida,0,0,19,3,0,NA,NA,NA,Snakeblenny,juvenile,Magdalen Shallows
Snakeblenny|juvenile|Magdalen Shallows,Nematoda,0.09151114570064074,0,19,3,-0.09151114570064074,0.631578947368421,0.1843687374749499,2004-2006,Snakeblenny,juvenile,Magdalen Shallows
Snakeblenny|juvenile|Magdalen Shallows,Oregoniidae,0,0,19,3,0,NA,NA,NA,Snakeblenny,juvenile,Magdalen Shallows
Snakeblenny|juvenile|Magdalen Shallows,Pandalidae,0,0,19,3,0,NA,NA,NA,Snakeblenny,juvenile,Magdalen Shallows
Snakeblenny|juvenile|Magdalen Shallows,Pandalus,0,0,19,3,0,NA,NA,NA,Snakeblenny,juvenile,Magdalen Shallows
Snakeblenny|juvenile|Magdalen Shallows,Pandalus montagui,0,0,19,3,0,NA,NA,NA,Snakeblenny,juvenile,Magdalen Shallows
Snakeblenny|juvenile|Magdalen Shallows,Perciformes,0,0,19,3,0,NA,NA,NA,Snakeblenny,juvenile,Magdalen Shallows
Snakeblenny|juvenile|Magdalen Shallows,Polychaeta,0.5635152813946879,0.3333333333333333,19,3,-0.23018194806135456,0.4299087727163136,0.5450901803607214,2004-2006,Snakeblenny,juvenile,Magdalen Shallows
Snakeblenny|juvenile|Magdalen Shallows,Teleostei,0.0024543223343332426,0,19,3,-0.0024543223343332426,NA,NA,NA,Snakeblenny,juvenile,Magdalen Shallows
Snakeblenny|juvenile|Magdalen Shallows,Thoridae,0,0,19,3,0,NA,NA,NA,Snakeblenny,juvenile,Magdalen Shallows
Snakeblenny|juvenile|Magdalen Shallows,Vertebrata,0,0,19,3,0,NA,NA,NA,Snakeblenny,juvenile,Magdalen Shallows
Snakeblenny|juvenile|Magdalen Shallows,egg_larvae,0,0,19,3,0,NA,NA,NA,Snakeblenny,juvenile,Magdalen Shallows
Snakeblenny|juvenile|Magdalen Shallows,other_phyla,0,0,19,3,0,NA,NA,NA,Snakeblenny,juvenile,Magdalen Shallows
Snakeblenny|juvenile|Magdalen Shallows,plantae_chromista,0.0011961722488038277,0,19,3,-0.0011961722488038277,NA,NA,NA,Snakeblenny,juvenile,Magdalen Shallows
Spatulate sculpin|one_class|Magdalen Shallows,Amphilochida,0,0.08507405726389451,91,32,0.08507405726389451,0.3125,0.002004008016032064,2018-2019,Spatulate sculpin,one_class,Magdalen Shallows
Spatulate sculpin|one_class|Magdalen Shallows,Amphipoda,0.17639337303961986,0.3706000341613134,91,32,0.19420666112169352,0.5293140152641169,0.006012024048096192,2018-2019,Spatulate sculpin,one_class,Magdalen Shallows
Spatulate sculpin|one_class|Magdalen Shallows,Annelida,0,0,91,32,0,NA,NA,NA,Spatulate sculpin,one_class,Magdalen Shallows
Spatulate sculpin|one_class|Magdalen Shallows,Argis dentata,0,0,91,32,0,NA,NA,NA,Spatulate sculpin,one_class,Magdalen Shallows
Spatulate sculpin|one_class|Magdalen Shallows,Arthropoda,0.17488368454796113,0.03535305633707403,91,32,-0.1395306282108871,0.438773635444933,0.002004008016032064,2004-2006,Spatulate sculpin,one_class,Magdalen Shallows
Spatulate sculpin|one_class|Magdalen Shallows,Bivalvia,0,0,91,32,0,NA,NA,NA,Spatulate sculpin,one_class,Magdalen Shallows
Spatulate sculpin|one_class|Magdalen Shallows,Brachyura,0,0.004375197084293772,91,32,0.004375197084293772,0.0625,0.07615230460921844,2018-2019,Spatulate sculpin,one_class,Magdalen Shallows
Spatulate sculpin|one_class|Magdalen Shallows,Caridea,0,0,91,32,0,NA,NA,NA,Spatulate sculpin,one_class,Magdalen Shallows
Spatulate sculpin|one_class|Magdalen Shallows,Chordata,0,0,91,32,0,NA,NA,NA,Spatulate sculpin,one_class,Magdalen Shallows
Spatulate sculpin|one_class|Magdalen Shallows,Copepoda,0.022323719982803993,0.03125,91,32,0.008926280017196007,0.07784348880106572,0.9038076152304609,2004-2006,Spatulate sculpin,one_class,Magdalen Shallows
Spatulate sculpin|one_class|Magdalen Shallows,Crangon septemspinosa,0,0,91,32,0,NA,NA,NA,Spatulate sculpin,one_class,Magdalen Shallows
Spatulate sculpin|one_class|Magdalen Shallows,Crangonidae,0.001053592561284869,0.022752141925870738,91,32,0.02169854936458587,0.02986693964712928,0.2725450901803607,2018-2019,Spatulate sculpin,one_class,Magdalen Shallows
Spatulate sculpin|one_class|Magdalen Shallows,Cumacea,0,0,91,32,0,NA,NA,NA,Spatulate sculpin,one_class,Magdalen Shallows
Spatulate sculpin|one_class|Magdalen Shallows,Decapoda,0.06031247127536946,0.16005836219116182,91,32,0.09974589091579236,0.2723676490101467,0.004008016032064128,2018-2019,Spatulate sculpin,one_class,Magdalen Shallows
Spatulate sculpin|one_class|Magdalen Shallows,Diastylis,0,0,91,32,0,NA,NA,NA,Spatulate sculpin,one_class,Magdalen Shallows
Spatulate sculpin|one_class|Magdalen Shallows,Echinodermata,7.87178437608237e-4,0,91,32,-7.87178437608237e-4,NA,NA,NA,Spatulate sculpin,one_class,Magdalen Shallows
Spatulate sculpin|one_class|Magdalen Shallows,Echinozoa,0,0.003348214285714286,91,32,0.003348214285714286,NA,NA,NA,Spatulate sculpin,one_class,Magdalen Shallows
Spatulate sculpin|one_class|Magdalen Shallows,Eualus,9.9000099000099e-4,0,91,32,-9.9000099000099e-4,NA,NA,NA,Spatulate sculpin,one_class,Magdalen Shallows
Spatulate sculpin|one_class|Magdalen Shallows,Eualus macilentus,0.045128715822907436,0,91,32,-0.045128715822907436,0.07692307692307693,0.18837675350701402,2004-2006,Spatulate sculpin,one_class,Magdalen Shallows
Spatulate sculpin|one_class|Magdalen Shallows,Eumalacostraca,0.011613171282270967,0,91,32,-0.011613171282270967,0.03296703296703297,0.5050100200400801,2004-2006,Spatulate sculpin,one_class,Magdalen Shallows
Spatulate sculpin|one_class|Magdalen Shallows,Euphausiacea,0,0.051867192474456106,91,32,0.051867192474456106,0.1875,0.002004008016032064,2018-2019,Spatulate sculpin,one_class,Magdalen Shallows
Spatulate sculpin|one_class|Magdalen Shallows,Hyperiidae,5.832415267967079e-4,3.561580882352941e-4,91,32,-2.270834385614138e-4,0.011847929336200318,1,2018-2019,Spatulate sculpin,one_class,Magdalen Shallows
Spatulate sculpin|one_class|Magdalen Shallows,Malacostraca,0,0.005108525615956198,91,32,0.005108525615956198,NA,NA,NA,Spatulate sculpin,one_class,Magdalen Shallows
Spatulate sculpin|one_class|Magdalen Shallows,Mollusca,0,0,91,32,0,NA,NA,NA,Spatulate sculpin,one_class,Magdalen Shallows
Spatulate sculpin|one_class|Magdalen Shallows,Mysida,0.4405952611689526,0.011245622613590162,91,32,-0.42934963855536246,0.6536461988471567,0.002004008016032064,2004-2006,Spatulate sculpin,one_class,Magdalen Shallows
Spatulate sculpin|one_class|Magdalen Shallows,Nematoda,2.692065406421115e-6,0,91,32,-2.692065406421115e-6,NA,NA,NA,Spatulate sculpin,one_class,Magdalen Shallows
Spatulate sculpin|one_class|Magdalen Shallows,Oregoniidae,0,9.370002665245202e-4,91,32,9.370002665245202e-4,NA,NA,NA,Spatulate sculpin,one_class,Magdalen Shallows
Spatulate sculpin|one_class|Magdalen Shallows,Pandalidae,0,0,91,32,0,NA,NA,NA,Spatulate sculpin,one_class,Magdalen Shallows
Spatulate sculpin|one_class|Magdalen Shallows,Pandalus,0,0.03125,91,32,0.03125,NA,NA,NA,Spatulate sculpin,one_class,Magdalen Shallows
Spatulate sculpin|one_class|Magdalen Shallows,Pandalus montagui,0.02510344818172549,0,91,32,-0.02510344818172549,0.03296703296703297,0.5691382765531062,2004-2006,Spatulate sculpin,one_class,Magdalen Shallows
Spatulate sculpin|one_class|Magdalen Shallows,Perciformes,0.0018407987951135163,0,91,32,-0.0018407987951135163,NA,NA,NA,Spatulate sculpin,one_class,Magdalen Shallows
Spatulate sculpin|one_class|Magdalen Shallows,Polychaeta,0.005169269568602714,0.08926291045390593,91,32,0.08409364088530322,0.2067755044640258,0.008016032064128256,2018-2019,Spatulate sculpin,one_class,Magdalen Shallows
Spatulate sculpin|one_class|Magdalen Shallows,Teleostei,0.0015127682015759068,0.08822914590117946,91,32,0.08671637769960355,0.15361611332776356,0.004008016032064128,2018-2019,Spatulate sculpin,one_class,Magdalen Shallows
Spatulate sculpin|one_class|Magdalen Shallows,Thoridae,0.031703936330627916,0,91,32,-0.031703936330627916,0.04395604395604396,0.4709418837675351,2004-2006,Spatulate sculpin,one_class,Magdalen Shallows
Spatulate sculpin|one_class|Magdalen Shallows,Vertebrata,0,0,91,32,0,NA,NA,NA,Spatulate sculpin,one_class,Magdalen Shallows
Spatulate sculpin|one_class|Magdalen Shallows,egg_larvae,0,0.008692496481560213,91,32,0.008692496481560213,0.09375,0.014028056112224449,2018-2019,Spatulate sculpin,one_class,Magdalen Shallows
Spatulate sculpin|one_class|Magdalen Shallows,other_phyla,0,0,91,32,0,NA,NA,NA,Spatulate sculpin,one_class,Magdalen Shallows
Spatulate sculpin|one_class|Magdalen Shallows,plantae_chromista,2.6762213716794225e-6,2.398848552694706e-4,91,32,2.372086338977912e-4,0.03090521295080369,0.27054108216432865,2018-2019,Spatulate sculpin,one_class,Magdalen Shallows
Stout eelblenny|one_class|Chaleur Bay,Amphilochida,0,0,21,8,0,NA,NA,NA,Stout eelblenny,one_class,Chaleur Bay
Stout eelblenny|one_class|Chaleur Bay,Amphipoda,0.15132088434501073,0.31066943921968343,21,8,0.1593485548746727,0.504344068544402,0.12424849699398798,2018-2019,Stout eelblenny,one_class,Chaleur Bay
Stout eelblenny|one_class|Chaleur Bay,Annelida,0,0,21,8,0,NA,NA,NA,Stout eelblenny,one_class,Chaleur Bay
Stout eelblenny|one_class|Chaleur Bay,Argis dentata,0,0,21,8,0,NA,NA,NA,Stout eelblenny,one_class,Chaleur Bay
Stout eelblenny|one_class|Chaleur Bay,Arthropoda,0.19346253511077888,0.06629996353858074,21,8,-0.12716257157219812,0.46104623399432837,0.13827655310621242,2004-2006,Stout eelblenny,one_class,Chaleur Bay
Stout eelblenny|one_class|Chaleur Bay,Bivalvia,0.016948327955720127,0.023520242914979755,21,8,0.006571914959259628,0.1452994410781684,0.6733466933867736,2018-2019,Stout eelblenny,one_class,Chaleur Bay
Stout eelblenny|one_class|Chaleur Bay,Brachyura,0,0,21,8,0,NA,NA,NA,Stout eelblenny,one_class,Chaleur Bay
Stout eelblenny|one_class|Chaleur Bay,Caridea,0,0,21,8,0,NA,NA,NA,Stout eelblenny,one_class,Chaleur Bay
Stout eelblenny|one_class|Chaleur Bay,Chordata,0,0,21,8,0,NA,NA,NA,Stout eelblenny,one_class,Chaleur Bay
Stout eelblenny|one_class|Chaleur Bay,Copepoda,0.10665440304206134,0.013284048558448391,21,8,-0.09337035448361294,0.4657938411255407,0.22645290581162325,2004-2006,Stout eelblenny,one_class,Chaleur Bay
Stout eelblenny|one_class|Chaleur Bay,Crangon septemspinosa,0,0,21,8,0,NA,NA,NA,Stout eelblenny,one_class,Chaleur Bay
Stout eelblenny|one_class|Chaleur Bay,Crangonidae,0,0,21,8,0,NA,NA,NA,Stout eelblenny,one_class,Chaleur Bay
Stout eelblenny|one_class|Chaleur Bay,Cumacea,0,0.0685351533685369,21,8,0.0685351533685369,0.5,0.004008016032064128,2018-2019,Stout eelblenny,one_class,Chaleur Bay
Stout eelblenny|one_class|Chaleur Bay,Decapoda,0,0.13426501833127374,21,8,0.13426501833127374,0.375,0.02004008016032064,2018-2019,Stout eelblenny,one_class,Chaleur Bay
Stout eelblenny|one_class|Chaleur Bay,Diastylis,0.014092283493020018,0,21,8,-0.014092283493020018,0.09523809523809523,0.7835671342685371,2004-2006,Stout eelblenny,one_class,Chaleur Bay
Stout eelblenny|one_class|Chaleur Bay,Echinodermata,0,0,21,8,0,NA,NA,NA,Stout eelblenny,one_class,Chaleur Bay
Stout eelblenny|one_class|Chaleur Bay,Echinozoa,0,0,21,8,0,NA,NA,NA,Stout eelblenny,one_class,Chaleur Bay
Stout eelblenny|one_class|Chaleur Bay,Eualus,0,0,21,8,0,NA,NA,NA,Stout eelblenny,one_class,Chaleur Bay
Stout eelblenny|one_class|Chaleur Bay,Eualus macilentus,0,0,21,8,0,NA,NA,NA,Stout eelblenny,one_class,Chaleur Bay
Stout eelblenny|one_class|Chaleur Bay,Eumalacostraca,0.004761904761904762,0.003768844221105527,21,8,-9.930605407992353e-4,0.05522440392706872,1,2018-2019,Stout eelblenny,one_class,Chaleur Bay
Stout eelblenny|one_class|Chaleur Bay,Euphausiacea,0.03907165389815232,0.06741573033707865,21,8,0.02834407643892633,0.07913581831928218,1,2018-2019,Stout eelblenny,one_class,Chaleur Bay
Stout eelblenny|one_class|Chaleur Bay,Hyperiidae,0,0,21,8,0,NA,NA,NA,Stout eelblenny,one_class,Chaleur Bay
Stout eelblenny|one_class|Chaleur Bay,Malacostraca,0,0,21,8,0,NA,NA,NA,Stout eelblenny,one_class,Chaleur Bay
Stout eelblenny|one_class|Chaleur Bay,Mollusca,0,0,21,8,0,NA,NA,NA,Stout eelblenny,one_class,Chaleur Bay
Stout eelblenny|one_class|Chaleur Bay,Mysida,0.10780702530661455,0,21,8,-0.10780702530661455,0.2857142857142857,0.22645290581162325,2004-2006,Stout eelblenny,one_class,Chaleur Bay
Stout eelblenny|one_class|Chaleur Bay,Nematoda,0.024375137462608026,0.00574323418632019,21,8,-0.018631903276287838,0.30830905337980136,0.5751503006012024,2004-2006,Stout eelblenny,one_class,Chaleur Bay
Stout eelblenny|one_class|Chaleur Bay,Oregoniidae,0,0,21,8,0,NA,NA,NA,Stout eelblenny,one_class,Chaleur Bay
Stout eelblenny|one_class|Chaleur Bay,Pandalidae,0,0,21,8,0,NA,NA,NA,Stout eelblenny,one_class,Chaleur Bay
Stout eelblenny|one_class|Chaleur Bay,Pandalus,0,0,21,8,0,NA,NA,NA,Stout eelblenny,one_class,Chaleur Bay
Stout eelblenny|one_class|Chaleur Bay,Pandalus montagui,0,0,21,8,0,NA,NA,NA,Stout eelblenny,one_class,Chaleur Bay
Stout eelblenny|one_class|Chaleur Bay,Perciformes,0,0,21,8,0,NA,NA,NA,Stout eelblenny,one_class,Chaleur Bay
Stout eelblenny|one_class|Chaleur Bay,Polychaeta,0.27196689706690635,0.2795501581100049,21,8,0.0075832610430985326,0.3522322066199579,0.8296593186372746,2004-2006,Stout eelblenny,one_class,Chaleur Bay
Stout eelblenny|one_class|Chaleur Bay,Teleostei,0,0,21,8,0,NA,NA,NA,Stout eelblenny,one_class,Chaleur Bay
Stout eelblenny|one_class|Chaleur Bay,Thoridae,0,0,21,8,0,NA,NA,NA,Stout eelblenny,one_class,Chaleur Bay
Stout eelblenny|one_class|Chaleur Bay,Vertebrata,0,0,21,8,0,NA,NA,NA,Stout eelblenny,one_class,Chaleur Bay
Stout eelblenny|one_class|Chaleur Bay,egg_larvae,0,0,21,8,0,NA,NA,NA,Stout eelblenny,one_class,Chaleur Bay
Stout eelblenny|one_class|Chaleur Bay,other_phyla,0,0,21,8,0,NA,NA,NA,Stout eelblenny,one_class,Chaleur Bay
Stout eelblenny|one_class|Chaleur Bay,plantae_chromista,0.06953894755722292,0.026948167213987753,21,8,-0.04259078034323517,0.10295815548918927,0.8537074148296593,2004-2006,Stout eelblenny,one_class,Chaleur Bay
Stout eelblenny|one_class|Magdalen Shallows,Amphilochida,0,0.055817763314548775,46,10,0.055817763314548775,0.2,0.03406813627254509,2018-2019,Stout eelblenny,one_class,Magdalen Shallows
Stout eelblenny|one_class|Magdalen Shallows,Amphipoda,0.1652740550158364,0.2598244426738403,46,10,0.09455038765800391,0.4889679809943963,0.17234468937875752,2018-2019,Stout eelblenny,one_class,Magdalen Shallows
Stout eelblenny|one_class|Magdalen Shallows,Annelida,0,0,46,10,0,NA,NA,NA,Stout eelblenny,one_class,Magdalen Shallows
Stout eelblenny|one_class|Magdalen Shallows,Argis dentata,0,0,46,10,0,NA,NA,NA,Stout eelblenny,one_class,Magdalen Shallows
Stout eelblenny|one_class|Magdalen Shallows,Arthropoda,0.14086719157670138,0.02267435724366448,46,10,-0.1181928343330369,0.39322689401488314,0.1462925851703407,2004-2006,Stout eelblenny,one_class,Magdalen Shallows
Stout eelblenny|one_class|Magdalen Shallows,Bivalvia,0.024227080992494588,0.0040955631399317415,46,10,-0.020131517852562848,0.260337961315432,0.2785571142284569,2004-2006,Stout eelblenny,one_class,Magdalen Shallows
Stout eelblenny|one_class|Magdalen Shallows,Brachyura,0,0.00617283950617284,46,10,0.00617283950617284,NA,NA,NA,Stout eelblenny,one_class,Magdalen Shallows
Stout eelblenny|one_class|Magdalen Shallows,Caridea,0,0,46,10,0,NA,NA,NA,Stout eelblenny,one_class,Magdalen Shallows
Stout eelblenny|one_class|Magdalen Shallows,Chordata,0,0.001199466903598401,46,10,0.001199466903598401,NA,NA,NA,Stout eelblenny,one_class,Magdalen Shallows
Stout eelblenny|one_class|Magdalen Shallows,Copepoda,0.08410307162109991,0.018799286931426747,46,10,-0.06530378468967316,0.4086547325257339,0.45691382765531063,2004-2006,Stout eelblenny,one_class,Magdalen Shallows
Stout eelblenny|one_class|Magdalen Shallows,Crangon septemspinosa,0,0,46,10,0,NA,NA,NA,Stout eelblenny,one_class,Magdalen Shallows
Stout eelblenny|one_class|Magdalen Shallows,Crangonidae,0,0,46,10,0,NA,NA,NA,Stout eelblenny,one_class,Magdalen Shallows
Stout eelblenny|one_class|Magdalen Shallows,Cumacea,0,0.09428523025010313,46,10,0.09428523025010313,0.6,0.002004008016032064,2018-2019,Stout eelblenny,one_class,Magdalen Shallows
Stout eelblenny|one_class|Magdalen Shallows,Decapoda,0,0.028946512918377864,46,10,0.028946512918377864,0.3,0.004008016032064128,2018-2019,Stout eelblenny,one_class,Magdalen Shallows
Stout eelblenny|one_class|Magdalen Shallows,Diastylis,0.006705074609537465,0,46,10,-0.006705074609537465,0.2826086956521739,0.10220440881763528,2004-2006,Stout eelblenny,one_class,Magdalen Shallows
Stout eelblenny|one_class|Magdalen Shallows,Echinodermata,0,0,46,10,0,NA,NA,NA,Stout eelblenny,one_class,Magdalen Shallows
Stout eelblenny|one_class|Magdalen Shallows,Echinozoa,6.836204539239814e-4,0.09022346368715084,46,10,0.08953984323322686,0.09924800090071849,0.18837675350701402,2018-2019,Stout eelblenny,one_class,Magdalen Shallows
Stout eelblenny|one_class|Magdalen Shallows,Eualus,0,0,46,10,0,NA,NA,NA,Stout eelblenny,one_class,Magdalen Shallows
Stout eelblenny|one_class|Magdalen Shallows,Eualus macilentus,0,0,46,10,0,NA,NA,NA,Stout eelblenny,one_class,Magdalen Shallows
Stout eelblenny|one_class|Magdalen Shallows,Eumalacostraca,0.0075989838557802775,0.002925197504386921,46,10,-0.004673786351393356,0.12557389163805915,0.7995991983967936,2004-2006,Stout eelblenny,one_class,Magdalen Shallows
Stout eelblenny|one_class|Magdalen Shallows,Euphausiacea,0.07286529093675878,0.032420826623725175,46,10,-0.040444464313033605,0.0752249252107051,0.7274549098196392,2004-2006,Stout eelblenny,one_class,Magdalen Shallows
Stout eelblenny|one_class|Magdalen Shallows,Hyperiidae,0.021774603587518176,0.021655926001212182,46,10,-1.186775863059944e-4,0.14959011234460012,0.10020040080160321,2018-2019,Stout eelblenny,one_class,Magdalen Shallows
Stout eelblenny|one_class|Magdalen Shallows,Malacostraca,0,0.04070588235294118,46,10,0.04070588235294118,NA,NA,NA,Stout eelblenny,one_class,Magdalen Shallows
Stout eelblenny|one_class|Magdalen Shallows,Mollusca,1.3764631519723518e-4,0.006235294117647059,46,10,0.006097647802449824,0.09784014433136946,0.14829659318637275,2018-2019,Stout eelblenny,one_class,Magdalen Shallows
Stout eelblenny|one_class|Magdalen Shallows,Mysida,0.21604593763021118,0.011531631554938427,46,10,-0.20451430607527277,0.3302013171062235,0.1523046092184369,2004-2006,Stout eelblenny,one_class,Magdalen Shallows
Stout eelblenny|one_class|Magdalen Shallows,Nematoda,0.03226100928810542,0.0016650499970061673,46,10,-0.030595959291099255,0.4754606041477845,0.07615230460921844,2004-2006,Stout eelblenny,one_class,Magdalen Shallows
Stout eelblenny|one_class|Magdalen Shallows,Oregoniidae,0,0,46,10,0,NA,NA,NA,Stout eelblenny,one_class,Magdalen Shallows
Stout eelblenny|one_class|Magdalen Shallows,Pandalidae,0,0,46,10,0,NA,NA,NA,Stout eelblenny,one_class,Magdalen Shallows
Stout eelblenny|one_class|Magdalen Shallows,Pandalus,0,0,46,10,0,NA,NA,NA,Stout eelblenny,one_class,Magdalen Shallows
Stout eelblenny|one_class|Magdalen Shallows,Pandalus montagui,0,0,46,10,0,NA,NA,NA,Stout eelblenny,one_class,Magdalen Shallows
Stout eelblenny|one_class|Magdalen Shallows,Perciformes,0,0,46,10,0,NA,NA,NA,Stout eelblenny,one_class,Magdalen Shallows
Stout eelblenny|one_class|Magdalen Shallows,Polychaeta,0.208576461604221,0.2844847399715303,46,10,0.07590827836730929,0.4038835693087413,0.39478957915831664,2018-2019,Stout eelblenny,one_class,Magdalen Shallows
Stout eelblenny|one_class|Magdalen Shallows,Teleostei,0,0,46,10,0,NA,NA,NA,Stout eelblenny,one_class,Magdalen Shallows
Stout eelblenny|one_class|Magdalen Shallows,Thoridae,0,0,46,10,0,NA,NA,NA,Stout eelblenny,one_class,Magdalen Shallows
Stout eelblenny|one_class|Magdalen Shallows,Vertebrata,0,0,46,10,0,NA,NA,NA,Stout eelblenny,one_class,Magdalen Shallows
Stout eelblenny|one_class|Magdalen Shallows,egg_larvae,3.912931680212863e-5,0.004093023255813954,46,10,0.004053893939011825,0.09905305246806617,0.1903807615230461,2018-2019,Stout eelblenny,one_class,Magdalen Shallows
Stout eelblenny|one_class|Magdalen Shallows,other_phyla,1.488981536628946e-4,0.010941176470588235,46,10,0.01079227831692534,0.09865737464617874,0.17034068136272545,2018-2019,Stout eelblenny,one_class,Magdalen Shallows
Stout eelblenny|one_class|Magdalen Shallows,plantae_chromista,0.018691945042149192,0.001302325581395349,46,10,-0.017389619460753843,0.1625852281393331,0.5891783567134269,2004-2006,Stout eelblenny,one_class,Magdalen Shallows
Thorny skate|juvenile|Central,Amphilochida,0.0014142858389631623,0.006848748549262453,49,18,0.005434462710299291,0.13814030511240027,0.1843687374749499,2018-2019,Thorny skate,juvenile,Central
Thorny skate|juvenile|Central,Amphipoda,0.2055469443807926,0.1510498412736184,49,18,-0.054497103107174205,0.42348694004281034,0.49498997995991983,2004-2006,Thorny skate,juvenile,Central
Thorny skate|juvenile|Central,Annelida,3.7061804587606854e-4,0.005950374847402281,49,18,0.0055797568015262125,0.05229817308650479,0.28256513026052105,2018-2019,Thorny skate,juvenile,Central
Thorny skate|juvenile|Central,Argis dentata,0.012891411821337203,0,49,18,-0.012891411821337203,0.061224489795918366,0.6032064128256514,2004-2006,Thorny skate,juvenile,Central
Thorny skate|juvenile|Central,Arthropoda,0.14959265430121282,0.10277714626717147,49,18,-0.04681550803404136,0.3629092671223639,0.3166332665330661,2004-2006,Thorny skate,juvenile,Central
Thorny skate|juvenile|Central,Bivalvia,2.69975379562337e-5,0,49,18,-2.69975379562337e-5,NA,NA,NA,Thorny skate,juvenile,Central
Thorny skate|juvenile|Central,Brachyura,0,0.027330010682475876,49,18,0.027330010682475876,0.2777777777777778,0.004008016032064128,2018-2019,Thorny skate,juvenile,Central
Thorny skate|juvenile|Central,Caridea,0.17213886138654041,0.026357901253985017,49,18,-0.1457809601325554,0.31856783422289126,0.04408817635270541,2004-2006,Thorny skate,juvenile,Central
Thorny skate|juvenile|Central,Chordata,0,0,49,18,0,NA,NA,NA,Thorny skate,juvenile,Central
Thorny skate|juvenile|Central,Copepoda,0.008850251202852927,0.0016915555668228295,49,18,-0.007158695636030098,0.3084018477851778,0.156312625250501,2004-2006,Thorny skate,juvenile,Central
Thorny skate|juvenile|Central,Crangon septemspinosa,0,0,49,18,0,NA,NA,NA,Thorny skate,juvenile,Central
Thorny skate|juvenile|Central,Crangonidae,0.01967104307190769,0.00088100047273196105,49,18,-0.01879004259917573,0.11719998288395993,0.3346693386773547,2004-2006,Thorny skate,juvenile,Central
Thorny skate|juvenile|Central,Cumacea,0,0.014196832773833379,49,18,0.014196832773833379,0.2222222222222222,0.006012024048096192,2018-2019,Thorny skate,juvenile,Central
Thorny skate|juvenile|Central,Decapoda,0.04359246733655403,0.13305175889432944,49,18,0.0894592915577754,0.376609419207463,0.052104208416833664,2018-2019,Thorny skate,juvenile,Central
Thorny skate|juvenile|Central,Diastylis,7.404485369907375e-4,0,49,18,-7.404485369907375e-4,0.061224489795918366,0.5150300601202404,2004-2006,Thorny skate,juvenile,Central
Thorny skate|juvenile|Central,Echinodermata,0,0,49,18,0,NA,NA,NA,Thorny skate,juvenile,Central
Thorny skate|juvenile|Central,Echinozoa,0,0,49,18,0,NA,NA,NA,Thorny skate,juvenile,Central
Thorny skate|juvenile|Central,Eualus,8.566377362707802e-5,0,49,18,-8.566377362707802e-5,NA,NA,NA,Thorny skate,juvenile,Central
Thorny skate|juvenile|Central,Eualus macilentus,0,0,49,18,0,NA,NA,NA,Thorny skate,juvenile,Central
Thorny skate|juvenile|Central,Eumalacostraca,1.936172266086944e-5,0.0022614720598915627,49,18,0.0022421103372306933,0.11016790230110002,0.07214428857715431,2018-2019,Thorny skate,juvenile,Central
Thorny skate|juvenile|Central,Euphausiacea,0.03955441730584199,0.07201478483794775,49,18,0.03246036753210576,0.17929774987230576,0.6893787575150301,2018-2019,Thorny skate,juvenile,Central
Thorny skate|juvenile|Central,Hyperiidae,0.03328657671584391,0.010081011399626666,49,18,-0.023205565316217244,0.20363439568203,0.6232464929859719,2004-2006,Thorny skate,juvenile,Central
Thorny skate|juvenile|Central,Malacostraca,0,0.06616543197474418,49,18,0.06616543197474418,0.2222222222222222,0.006012024048096192,2018-2019,Thorny skate,juvenile,Central
Thorny skate|juvenile|Central,Mollusca,0.00976596660617751,0.003222123605137192,49,18,-0.006543843001040318,0.01534524612161773,1,2004-2006,Thorny skate,juvenile,Central
Thorny skate|juvenile|Central,Mysida,0.03959524444695035,0.021603044418091213,49,18,-0.01799220002885914,0.3036935059517199,0.3727454909819639,2004-2006,Thorny skate,juvenile,Central
Thorny skate|juvenile|Central,Nematoda,0.0023108916265711364,0.002295595178184346,49,18,-1.5296448386790517e-5,0.19379876596220671,0.7014028056112225,2018-2019,Thorny skate,juvenile,Central
Thorny skate|juvenile|Central,Oregoniidae,0.015554732770433746,0.018417882655815086,49,18,0.00286314988538134,0.09035651423324803,0.7855711422845691,2018-2019,Thorny skate,juvenile,Central
Thorny skate|juvenile|Central,Pandalidae,0,0,49,18,0,NA,NA,NA,Thorny skate,juvenile,Central
Thorny skate|juvenile|Central,Pandalus,0.08660405443510197,0,49,18,-0.08660405443510197,0.16326530612244897,0.13627254509018036,2004-2006,Thorny skate,juvenile,Central
Thorny skate|juvenile|Central,Pandalus montagui,3.084954912197437e-4,0,49,18,-3.084954912197437e-4,NA,NA,NA,Thorny skate,juvenile,Central
Thorny skate|juvenile|Central,Perciformes,6.301702887509189e-4,0.0057659315597096234,49,18,0.005135761270958704,0.050081993483590034,0.2905811623246493,2018-2019,Thorny skate,juvenile,Central
Thorny skate|juvenile|Central,Polychaeta,0.15347676317721365,0.17200078896428603,49,18,0.01852402578707238,0.41102186782610267,0.6953907815631263,2018-2019,Thorny skate,juvenile,Central
Thorny skate|juvenile|Central,Teleostei,0.0032798509472390124,0.0682878420696873,49,18,0.06500799112244829,0.2650475964744498,0.03406813627254509,2018-2019,Thorny skate,juvenile,Central
Thorny skate|juvenile|Central,Thoridae,0,0.038316004841133164,49,18,0.038316004841133164,0.16666666666666666,0.022044088176352707,2018-2019,Thorny skate,juvenile,Central
Thorny skate|juvenile|Central,Vertebrata,0,1.7265431842981254e-6,49,18,1.7265431842981254e-6,NA,NA,NA,Thorny skate,juvenile,Central
Thorny skate|juvenile|Central,egg_larvae,6.730705625564679e-4,0.04553689380166361,49,18,0.04486382323910715,0.27373180960344745,0.006012024048096192,2018-2019,Thorny skate,juvenile,Central
Thorny skate|juvenile|Central,other_phyla,0,0.0038932041946017,49,18,0.0038932041946017,0.1111111111111111,0.09018036072144289,2018-2019,Thorny skate,juvenile,Central
Thorny skate|juvenile|Central,plantae_chromista,1.875666882771727e-5,1.0913146631220767e-6,49,18,-1.7665354164595194e-5,0.01928604787111017,1,2004-2006,Thorny skate,juvenile,Central
Thorny skate|juvenile|Magdalen Shallows,Amphilochida,6.461559819800814e-4,0.021214070255450926,74,26,0.020567914273470843,0.29859737779244194,0.002004008016032064,2018-2019,Thorny skate,juvenile,Magdalen Shallows
Thorny skate|juvenile|Magdalen Shallows,Amphipoda,0.3182937714629499,0.2652085800218091,74,26,-0.05308519144114082,0.5086310874293762,0.3967935871743487,2004-2006,Thorny skate,juvenile,Magdalen Shallows
Thorny skate|juvenile|Magdalen Shallows,Annelida,4.9289388066401816e-5,1.5289861314497373e-4,74,26,1.0360922507857191e-4,0.029085385161127138,0.250501002004008,2018-2019,Thorny skate,juvenile,Magdalen Shallows
Thorny skate|juvenile|Magdalen Shallows,Argis dentata,0.19591894300627266,0,74,26,-0.19591894300627266,0.47297297297297297,0.002004008016032064,2004-2006,Thorny skate,juvenile,Magdalen Shallows
Thorny skate|juvenile|Magdalen Shallows,Arthropoda,0.12774139459205314,0.07162217061260086,74,26,-0.05611922397945228,0.4069602579252044,0.08817635270541083,2004-2006,Thorny skate,juvenile,Magdalen Shallows
Thorny skate|juvenile|Magdalen Shallows,Bivalvia,0,1.5674254370162398e-4,74,26,1.5674254370162398e-4,0.07692307692307693,0.056112224448897796,2018-2019,Thorny skate,juvenile,Magdalen Shallows
Thorny skate|juvenile|Magdalen Shallows,Brachyura,0,0.0019551216044919567,74,26,0.0019551216044919567,0.11538461538461539,0.03006012024048096,2018-2019,Thorny skate,juvenile,Magdalen Shallows
Thorny skate|juvenile|Magdalen Shallows,Caridea,0.015992976995664418,0,74,26,-0.015992976995664418,0.02702702702702703,1,2004-2006,Thorny skate,juvenile,Magdalen Shallows
Thorny skate|juvenile|Magdalen Shallows,Chordata,0,0,74,26,0,NA,NA,NA,Thorny skate,juvenile,Magdalen Shallows
Thorny skate|juvenile|Magdalen Shallows,Copepoda,0.007389979663405883,9.294882282800346e-4,74,26,-0.006460491435125848,0.32410052738316186,0.04609218436873747,2004-2006,Thorny skate,juvenile,Magdalen Shallows
Thorny skate|juvenile|Magdalen Shallows,Crangon septemspinosa,5.7238467321372344e-5,0,74,26,-5.7238467321372344e-5,NA,NA,NA,Thorny skate,juvenile,Magdalen Shallows
Thorny skate|juvenile|Magdalen Shallows,Crangonidae,0.028161083091293504,0,74,26,-0.028161083091293504,0.25675675675675674,0.02004008016032064,2004-2006,Thorny skate,juvenile,Magdalen Shallows
Thorny skate|juvenile|Magdalen Shallows,Cumacea,0,0.01412758972813823,74,26,0.01412758972813823,0.2692307692307692,0.002004008016032064,2018-2019,Thorny skate,juvenile,Magdalen Shallows
Thorny skate|juvenile|Magdalen Shallows,Decapoda,0.015463156968056092,0.09916566328941519,74,26,0.08370250632135909,0.36600484594652744,0.03006012024048096,2018-2019,Thorny skate,juvenile,Magdalen Shallows
Thorny skate|juvenile|Magdalen Shallows,Diastylis,0.005124691741024447,0,74,26,-0.005124691741024447,0.35135135135135137,0.004008016032064128,2004-2006,Thorny skate,juvenile,Magdalen Shallows
Thorny skate|juvenile|Magdalen Shallows,Echinodermata,0,0,74,26,0,NA,NA,NA,Thorny skate,juvenile,Magdalen Shallows
Thorny skate|juvenile|Magdalen Shallows,Echinozoa,0.0013490687816554014,0.005999024935491159,74,26,0.004649956153835758,0.03140021577973561,0.8997995991983968,2018-2019,Thorny skate,juvenile,Magdalen Shallows
Thorny skate|juvenile|Magdalen Shallows,Eualus,0.0013529647379314507,0,74,26,-0.0013529647379314507,0.10810810810810811,0.1743486973947896,2004-2006,Thorny skate,juvenile,Magdalen Shallows
Thorny skate|juvenile|Magdalen Shallows,Eualus macilentus,3.147159396480416e-5,0,74,26,-3.147159396480416e-5,0.02702702702702703,1,2004-2006,Thorny skate,juvenile,Magdalen Shallows
Thorny skate|juvenile|Magdalen Shallows,Eumalacostraca,2.855958120940885e-4,0,74,26,-2.855958120940885e-4,0.06756756756756757,0.2965931863727455,2004-2006,Thorny skate,juvenile,Magdalen Shallows
Thorny skate|juvenile|Magdalen Shallows,Euphausiacea,0.010580646638570258,0.008324534529568287,74,26,-0.0022561121090019717,0.09832025574285547,0.7695390781563126,2004-2006,Thorny skate,juvenile,Magdalen Shallows
Thorny skate|juvenile|Magdalen Shallows,Hyperiidae,0.005259388846009288,9.933015943866701e-5,74,26,-0.005160058686570621,0.0663151232329148,0.4468937875751503,2004-2006,Thorny skate,juvenile,Magdalen Shallows
Thorny skate|juvenile|Magdalen Shallows,Malacostraca,0,0.05387871187268194,74,26,0.05387871187268194,0.19230769230769232,0.004008016032064128,2018-2019,Thorny skate,juvenile,Magdalen Shallows
Thorny skate|juvenile|Magdalen Shallows,Mollusca,0.004720170428994155,5.504442084762403e-6,74,26,-0.004714665986909393,0.04049331912485322,0.5771543086172345,2004-2006,Thorny skate,juvenile,Magdalen Shallows
Thorny skate|juvenile|Magdalen Shallows,Mysida,0.003149979839607825,0.001949600571402109,74,26,-0.001200379268205716,0.20033316484438532,0.4529058116232465,2004-2006,Thorny skate,juvenile,Magdalen Shallows
Thorny skate|juvenile|Magdalen Shallows,Nematoda,0.0028060018083057407,0.009356542238209085,74,26,0.006550540429903344,0.38464576993208094,0.12224448897795591,2018-2019,Thorny skate,juvenile,Magdalen Shallows
Thorny skate|juvenile|Magdalen Shallows,Oregoniidae,0.00903070807238605,0.049348260862291576,74,26,0.04031755278990552,0.22758316007639146,0.09819639278557114,2018-2019,Thorny skate,juvenile,Magdalen Shallows
Thorny skate|juvenile|Magdalen Shallows,Pandalidae,0,0,74,26,0,NA,NA,NA,Thorny skate,juvenile,Magdalen Shallows
Thorny skate|juvenile|Magdalen Shallows,Pandalus,4.281817710275072e-4,0,74,26,-4.281817710275072e-4,0.05405405405405406,0.4729458917835671,2004-2006,Thorny skate,juvenile,Magdalen Shallows
Thorny skate|juvenile|Magdalen Shallows,Pandalus montagui,1.3606199245342888e-4,0,74,26,-1.3606199245342888e-4,NA,NA,NA,Thorny skate,juvenile,Magdalen Shallows
Thorny skate|juvenile|Magdalen Shallows,Perciformes,7.283288004063009e-4,0,74,26,-7.283288004063009e-4,0.02702702702702703,1,2004-2006,Thorny skate,juvenile,Magdalen Shallows
Thorny skate|juvenile|Magdalen Shallows,Polychaeta,0.23082991615871598,0.23330755366885142,74,26,0.0024776375101354386,0.40996197687306907,0.969939879759519,2004-2006,Thorny skate,juvenile,Magdalen Shallows
Thorny skate|juvenile|Magdalen Shallows,Teleostei,0.009813836910836399,0.1138868163777723,74,26,0.1040729794669359,0.3895119594859204,0.002004008016032064,2018-2019,Thorny skate,juvenile,Magdalen Shallows
Thorny skate|juvenile|Magdalen Shallows,Thoridae,0.001853094519666365,0.025216050325220632,74,26,0.023362955805554267,0.03582854556318776,0.9979959919839679,2018-2019,Thorny skate,juvenile,Magdalen Shallows
Thorny skate|juvenile|Magdalen Shallows,Vertebrata,0,0,74,26,0,NA,NA,NA,Thorny skate,juvenile,Magdalen Shallows
Thorny skate|juvenile|Magdalen Shallows,egg_larvae,9.04151357518996e-4,0.023514045039516023,74,26,0.022609893681997027,0.48148611505088923,0.002004008016032064,2018-2019,Thorny skate,juvenile,Magdalen Shallows
Thorny skate|juvenile|Magdalen Shallows,other_phyla,9.084486588658502e-4,0,74,26,-9.084486588658502e-4,0.04054054054054054,0.4969939879759519,2004-2006,Thorny skate,juvenile,Magdalen Shallows
Thorny skate|juvenile|Magdalen Shallows,plantae_chromista,9.93301912902151e-4,5.817000804391396e-4,74,26,-4.1160183246301144e-4,0.09374780963913816,0.6693386773547094,2004-2006,Thorny skate,juvenile,Magdalen Shallows
Three-spined stickleback|adult|Northumberland,Amphilochida,0,0,13,8,0,NA,NA,NA,Three-spined stickleback,adult,Northumberland
Three-spined stickleback|adult|Northumberland,Amphipoda,0,0.125,13,8,0.125,NA,NA,NA,Three-spined stickleback,adult,Northumberland
Three-spined stickleback|adult|Northumberland,Annelida,0,0,13,8,0,NA,NA,NA,Three-spined stickleback,adult,Northumberland
Three-spined stickleback|adult|Northumberland,Argis dentata,0,0,13,8,0,NA,NA,NA,Three-spined stickleback,adult,Northumberland
Three-spined stickleback|adult|Northumberland,Arthropoda,0.15860954903699243,0,13,8,-0.15860954903699243,0.6153846153846154,0.018036072144288578,2004-2006,Three-spined stickleback,adult,Northumberland
Three-spined stickleback|adult|Northumberland,Bivalvia,1.906395958440568e-4,0,13,8,-1.906395958440568e-4,NA,NA,NA,Three-spined stickleback,adult,Northumberland
Three-spined stickleback|adult|Northumberland,Brachyura,0.0034572169403630083,0,13,8,-0.0034572169403630083,NA,NA,NA,Three-spined stickleback,adult,Northumberland
Three-spined stickleback|adult|Northumberland,Caridea,0,0,13,8,0,NA,NA,NA,Three-spined stickleback,adult,Northumberland
Three-spined stickleback|adult|Northumberland,Chordata,0,0,13,8,0,NA,NA,NA,Three-spined stickleback,adult,Northumberland
Three-spined stickleback|adult|Northumberland,Copepoda,0.8070202319301377,0.6793464448680182,13,8,-0.12767378706211951,0.5429482808835391,0.30861723446893785,2004-2006,Three-spined stickleback,adult,Northumberland
Three-spined stickleback|adult|Northumberland,Crangon septemspinosa,0,0,13,8,0,NA,NA,NA,Three-spined stickleback,adult,Northumberland
Three-spined stickleback|adult|Northumberland,Crangonidae,0,0,13,8,0,NA,NA,NA,Three-spined stickleback,adult,Northumberland
Three-spined stickleback|adult|Northumberland,Cumacea,0,0,13,8,0,NA,NA,NA,Three-spined stickleback,adult,Northumberland
Three-spined stickleback|adult|Northumberland,Decapoda,0.030458116201291123,0,13,8,-0.030458116201291123,0.15384615384615385,0.503006012024048,2004-2006,Three-spined stickleback,adult,Northumberland
Three-spined stickleback|adult|Northumberland,Diastylis,0,0,13,8,0,NA,NA,NA,Three-spined stickleback,adult,Northumberland
Three-spined stickleback|adult|Northumberland,Echinodermata,0,0,13,8,0,NA,NA,NA,Three-spined stickleback,adult,Northumberland
Three-spined stickleback|adult|Northumberland,Echinozoa,0,0,13,8,0,NA,NA,NA,Three-spined stickleback,adult,Northumberland
Three-spined stickleback|adult|Northumberland,Eualus,0,0,13,8,0,NA,NA,NA,Three-spined stickleback,adult,Northumberland
Three-spined stickleback|adult|Northumberland,Eualus macilentus,0,0,13,8,0,NA,NA,NA,Three-spined stickleback,adult,Northumberland
Three-spined stickleback|adult|Northumberland,Eumalacostraca,0,0,13,8,0,NA,NA,NA,Three-spined stickleback,adult,Northumberland
Three-spined stickleback|adult|Northumberland,Euphausiacea,0,0.0704022988505747,13,8,0.0704022988505747,0.25,0.12224448897795591,2018-2019,Three-spined stickleback,adult,Northumberland
Three-spined stickleback|adult|Northumberland,Hyperiidae,0,0,13,8,0,NA,NA,NA,Three-spined stickleback,adult,Northumberland
Three-spined stickleback|adult|Northumberland,Malacostraca,0,2.512562814070352e-4,13,8,2.512562814070352e-4,NA,NA,NA,Three-spined stickleback,adult,Northumberland
Three-spined stickleback|adult|Northumberland,Mollusca,0,0,13,8,0,NA,NA,NA,Three-spined stickleback,adult,Northumberland
Three-spined stickleback|adult|Northumberland,Mysida,0,0,13,8,0,NA,NA,NA,Three-spined stickleback,adult,Northumberland
Three-spined stickleback|adult|Northumberland,Nematoda,0,0,13,8,0,NA,NA,NA,Three-spined stickleback,adult,Northumberland
Three-spined stickleback|adult|Northumberland,Oregoniidae,0,0,13,8,0,NA,NA,NA,Three-spined stickleback,adult,Northumberland
Three-spined stickleback|adult|Northumberland,Pandalidae,0,0,13,8,0,NA,NA,NA,Three-spined stickleback,adult,Northumberland
Three-spined stickleback|adult|Northumberland,Pandalus,0,0,13,8,0,NA,NA,NA,Three-spined stickleback,adult,Northumberland
Three-spined stickleback|adult|Northumberland,Pandalus montagui,0,0,13,8,0,NA,NA,NA,Three-spined stickleback,adult,Northumberland
Three-spined stickleback|adult|Northumberland,Perciformes,0,0,13,8,0,NA,NA,NA,Three-spined stickleback,adult,Northumberland
Three-spined stickleback|adult|Northumberland,Polychaeta,0,0.125,13,8,0.125,NA,NA,NA,Three-spined stickleback,adult,Northumberland
Three-spined stickleback|adult|Northumberland,Teleostei,0,0,13,8,0,NA,NA,NA,Three-spined stickleback,adult,Northumberland
Three-spined stickleback|adult|Northumberland,Thoridae,0,0,13,8,0,NA,NA,NA,Three-spined stickleback,adult,Northumberland
Three-spined stickleback|adult|Northumberland,Vertebrata,0,0,13,8,0,NA,NA,NA,Three-spined stickleback,adult,Northumberland
Three-spined stickleback|adult|Northumberland,egg_larvae,1.1429877700308608e-4,0,13,8,-1.1429877700308608e-4,NA,NA,NA,Three-spined stickleback,adult,Northumberland
Three-spined stickleback|adult|Northumberland,other_phyla,0,0,13,8,0,NA,NA,NA,Three-spined stickleback,adult,Northumberland
Three-spined stickleback|adult|Northumberland,plantae_chromista,1.4994751836857101e-4,0,13,8,-1.4994751836857101e-4,NA,NA,NA,Three-spined stickleback,adult,Northumberland
Three-spined stickleback|juvenile|Magdalen Shallows,Amphilochida,0,0,11,3,0,NA,NA,NA,Three-spined stickleback,juvenile,Magdalen Shallows
Three-spined stickleback|juvenile|Magdalen Shallows,Amphipoda,0,0,11,3,0,NA,NA,NA,Three-spined stickleback,juvenile,Magdalen Shallows
Three-spined stickleback|juvenile|Magdalen Shallows,Annelida,0,0,11,3,0,NA,NA,NA,Three-spined stickleback,juvenile,Magdalen Shallows
Three-spined stickleback|juvenile|Magdalen Shallows,Argis dentata,0,0,11,3,0,NA,NA,NA,Three-spined stickleback,juvenile,Magdalen Shallows
Three-spined stickleback|juvenile|Magdalen Shallows,Arthropoda,0.09090909090909091,0.3333333333333333,11,3,0.2424242424242424,0.26190476190476186,0.38276553106212424,2018-2019,Three-spined stickleback,juvenile,Magdalen Shallows
Three-spined stickleback|juvenile|Magdalen Shallows,Bivalvia,0.013777762683346627,0,11,3,-0.013777762683346627,0.2727272727272727,0.6893787575150301,2004-2006,Three-spined stickleback,juvenile,Magdalen Shallows
Three-spined stickleback|juvenile|Magdalen Shallows,Brachyura,0,0,11,3,0,NA,NA,NA,Three-spined stickleback,juvenile,Magdalen Shallows
Three-spined stickleback|juvenile|Magdalen Shallows,Caridea,0,0,11,3,0,NA,NA,NA,Three-spined stickleback,juvenile,Magdalen Shallows
Three-spined stickleback|juvenile|Magdalen Shallows,Chordata,0,0,11,3,0,NA,NA,NA,Three-spined stickleback,juvenile,Magdalen Shallows
Three-spined stickleback|juvenile|Magdalen Shallows,Copepoda,0.8953131464075625,0.6349206349206349,11,3,-0.26039251148692766,0.531893265016169,0.7274549098196392,2004-2006,Three-spined stickleback,juvenile,Magdalen Shallows
Three-spined stickleback|juvenile|Magdalen Shallows,Crangon septemspinosa,0,0,11,3,0,NA,NA,NA,Three-spined stickleback,juvenile,Magdalen Shallows
Three-spined stickleback|juvenile|Magdalen Shallows,Crangonidae,0,0,11,3,0,NA,NA,NA,Three-spined stickleback,juvenile,Magdalen Shallows
Three-spined stickleback|juvenile|Magdalen Shallows,Cumacea,0,0,11,3,0,NA,NA,NA,Three-spined stickleback,juvenile,Magdalen Shallows
Three-spined stickleback|juvenile|Magdalen Shallows,Decapoda,0,0,11,3,0,NA,NA,NA,Three-spined stickleback,juvenile,Magdalen Shallows
Three-spined stickleback|juvenile|Magdalen Shallows,Diastylis,0,0,11,3,0,NA,NA,NA,Three-spined stickleback,juvenile,Magdalen Shallows
Three-spined stickleback|juvenile|Magdalen Shallows,Echinodermata,0,0,11,3,0,NA,NA,NA,Three-spined stickleback,juvenile,Magdalen Shallows
Three-spined stickleback|juvenile|Magdalen Shallows,Echinozoa,0,0,11,3,0,NA,NA,NA,Three-spined stickleback,juvenile,Magdalen Shallows
Three-spined stickleback|juvenile|Magdalen Shallows,Eualus,0,0,11,3,0,NA,NA,NA,Three-spined stickleback,juvenile,Magdalen Shallows
Three-spined stickleback|juvenile|Magdalen Shallows,Eualus macilentus,0,0,11,3,0,NA,NA,NA,Three-spined stickleback,juvenile,Magdalen Shallows
Three-spined stickleback|juvenile|Magdalen Shallows,Eumalacostraca,0,0,11,3,0,NA,NA,NA,Three-spined stickleback,juvenile,Magdalen Shallows
Three-spined stickleback|juvenile|Magdalen Shallows,Euphausiacea,0,0,11,3,0,NA,NA,NA,Three-spined stickleback,juvenile,Magdalen Shallows
Three-spined stickleback|juvenile|Magdalen Shallows,Hyperiidae,0,0.03174603174603175,11,3,0.03174603174603175,NA,NA,NA,Three-spined stickleback,juvenile,Magdalen Shallows
Three-spined stickleback|juvenile|Magdalen Shallows,Malacostraca,0,0,11,3,0,NA,NA,NA,Three-spined stickleback,juvenile,Magdalen Shallows
Three-spined stickleback|juvenile|Magdalen Shallows,Mollusca,0,0,11,3,0,NA,NA,NA,Three-spined stickleback,juvenile,Magdalen Shallows
Three-spined stickleback|juvenile|Magdalen Shallows,Mysida,0,0,11,3,0,NA,NA,NA,Three-spined stickleback,juvenile,Magdalen Shallows
Three-spined stickleback|juvenile|Magdalen Shallows,Nematoda,0,0,11,3,0,NA,NA,NA,Three-spined stickleback,juvenile,Magdalen Shallows
Three-spined stickleback|juvenile|Magdalen Shallows,Oregoniidae,0,0,11,3,0,NA,NA,NA,Three-spined stickleback,juvenile,Magdalen Shallows
Three-spined stickleback|juvenile|Magdalen Shallows,Pandalidae,0,0,11,3,0,NA,NA,NA,Three-spined stickleback,juvenile,Magdalen Shallows
Three-spined stickleback|juvenile|Magdalen Shallows,Pandalus,0,0,11,3,0,NA,NA,NA,Three-spined stickleback,juvenile,Magdalen Shallows
Three-spined stickleback|juvenile|Magdalen Shallows,Pandalus montagui,0,0,11,3,0,NA,NA,NA,Three-spined stickleback,juvenile,Magdalen Shallows
Three-spined stickleback|juvenile|Magdalen Shallows,Perciformes,0,0,11,3,0,NA,NA,NA,Three-spined stickleback,juvenile,Magdalen Shallows
Three-spined stickleback|juvenile|Magdalen Shallows,Polychaeta,0,0,11,3,0,NA,NA,NA,Three-spined stickleback,juvenile,Magdalen Shallows
Three-spined stickleback|juvenile|Magdalen Shallows,Teleostei,0,0,11,3,0,NA,NA,NA,Three-spined stickleback,juvenile,Magdalen Shallows
Three-spined stickleback|juvenile|Magdalen Shallows,Thoridae,0,0,11,3,0,NA,NA,NA,Three-spined stickleback,juvenile,Magdalen Shallows
Three-spined stickleback|juvenile|Magdalen Shallows,Vertebrata,0,0,11,3,0,NA,NA,NA,Three-spined stickleback,juvenile,Magdalen Shallows
Three-spined stickleback|juvenile|Magdalen Shallows,egg_larvae,0,0,11,3,0,NA,NA,NA,Three-spined stickleback,juvenile,Magdalen Shallows
Three-spined stickleback|juvenile|Magdalen Shallows,other_phyla,0,0,11,3,0,NA,NA,NA,Three-spined stickleback,juvenile,Magdalen Shallows
Three-spined stickleback|juvenile|Magdalen Shallows,plantae_chromista,0,0,11,3,0,NA,NA,NA,Three-spined stickleback,juvenile,Magdalen Shallows
Three-spined stickleback|juvenile|Northumberland,Amphilochida,0,0,8,7,0,NA,NA,NA,Three-spined stickleback,juvenile,Northumberland
Three-spined stickleback|juvenile|Northumberland,Amphipoda,0,0.14494264859228362,8,7,0.14494264859228362,0.2857142857142857,0.20841683366733466,2018-2019,Three-spined stickleback,juvenile,Northumberland
Three-spined stickleback|juvenile|Northumberland,Annelida,0,0,8,7,0,NA,NA,NA,Three-spined stickleback,juvenile,Northumberland
Three-spined stickleback|juvenile|Northumberland,Argis dentata,0,0,8,7,0,NA,NA,NA,Three-spined stickleback,juvenile,Northumberland
Three-spined stickleback|juvenile|Northumberland,Arthropoda,0.10643774224806202,0,8,7,-0.10643774224806202,0.375,0.18837675350701402,2004-2006,Three-spined stickleback,juvenile,Northumberland
Three-spined stickleback|juvenile|Northumberland,Bivalvia,0.0022710755813953485,0,8,7,-0.0022710755813953485,0.25,0.5190380761523046,2004-2006,Three-spined stickleback,juvenile,Northumberland
Three-spined stickleback|juvenile|Northumberland,Brachyura,0,0,8,7,0,NA,NA,NA,Three-spined stickleback,juvenile,Northumberland
Three-spined stickleback|juvenile|Northumberland,Caridea,0,0,8,7,0,NA,NA,NA,Three-spined stickleback,juvenile,Northumberland
Three-spined stickleback|juvenile|Northumberland,Chordata,0,0,8,7,0,NA,NA,NA,Three-spined stickleback,juvenile,Northumberland
Three-spined stickleback|juvenile|Northumberland,Copepoda,0.88977018465157,0.8550573514077163,8,7,-0.03471283324385366,0.5099473536858127,0.8577154308617234,2004-2006,Three-spined stickleback,juvenile,Northumberland
Three-spined stickleback|juvenile|Northumberland,Crangon septemspinosa,0,0,8,7,0,NA,NA,NA,Three-spined stickleback,juvenile,Northumberland
Three-spined stickleback|juvenile|Northumberland,Crangonidae,0,0,8,7,0,NA,NA,NA,Three-spined stickleback,juvenile,Northumberland
Three-spined stickleback|juvenile|Northumberland,Cumacea,0,0,8,7,0,NA,NA,NA,Three-spined stickleback,juvenile,Northumberland
Three-spined stickleback|juvenile|Northumberland,Decapoda,0,0,8,7,0,NA,NA,NA,Three-spined stickleback,juvenile,Northumberland
Three-spined stickleback|juvenile|Northumberland,Diastylis,0,0,8,7,0,NA,NA,NA,Three-spined stickleback,juvenile,Northumberland
Three-spined stickleback|juvenile|Northumberland,Echinodermata,0,0,8,7,0,NA,NA,NA,Three-spined stickleback,juvenile,Northumberland
Three-spined stickleback|juvenile|Northumberland,Echinozoa,0,0,8,7,0,NA,NA,NA,Three-spined stickleback,juvenile,Northumberland
Three-spined stickleback|juvenile|Northumberland,Eualus,0,0,8,7,0,NA,NA,NA,Three-spined stickleback,juvenile,Northumberland
Three-spined stickleback|juvenile|Northumberland,Eualus macilentus,0,0,8,7,0,NA,NA,NA,Three-spined stickleback,juvenile,Northumberland
Three-spined stickleback|juvenile|Northumberland,Eumalacostraca,0.0013020833333333333,0,8,7,-0.0013020833333333333,NA,NA,NA,Three-spined stickleback,juvenile,Northumberland
Three-spined stickleback|juvenile|Northumberland,Euphausiacea,0,0,8,7,0,NA,NA,NA,Three-spined stickleback,juvenile,Northumberland
Three-spined stickleback|juvenile|Northumberland,Hyperiidae,0,0,8,7,0,NA,NA,NA,Three-spined stickleback,juvenile,Northumberland
Three-spined stickleback|juvenile|Northumberland,Malacostraca,0,0,8,7,0,NA,NA,NA,Three-spined stickleback,juvenile,Northumberland
Three-spined stickleback|juvenile|Northumberland,Mollusca,0,0,8,7,0,NA,NA,NA,Three-spined stickleback,juvenile,Northumberland
Three-spined stickleback|juvenile|Northumberland,Mysida,0,0,8,7,0,NA,NA,NA,Three-spined stickleback,juvenile,Northumberland
Three-spined stickleback|juvenile|Northumberland,Nematoda,0,0,8,7,0,NA,NA,NA,Three-spined stickleback,juvenile,Northumberland
Three-spined stickleback|juvenile|Northumberland,Oregoniidae,0,0,8,7,0,NA,NA,NA,Three-spined stickleback,juvenile,Northumberland
Three-spined stickleback|juvenile|Northumberland,Pandalidae,0,0,8,7,0,NA,NA,NA,Three-spined stickleback,juvenile,Northumberland
Three-spined stickleback|juvenile|Northumberland,Pandalus,0,0,8,7,0,NA,NA,NA,Three-spined stickleback,juvenile,Northumberland
Three-spined stickleback|juvenile|Northumberland,Pandalus montagui,0,0,8,7,0,NA,NA,NA,Three-spined stickleback,juvenile,Northumberland
Three-spined stickleback|juvenile|Northumberland,Perciformes,0,0,8,7,0,NA,NA,NA,Three-spined stickleback,juvenile,Northumberland
Three-spined stickleback|juvenile|Northumberland,Polychaeta,2.1891418563922945e-4,0,8,7,-2.1891418563922945e-4,NA,NA,NA,Three-spined stickleback,juvenile,Northumberland
Three-spined stickleback|juvenile|Northumberland,Teleostei,0,0,8,7,0,NA,NA,NA,Three-spined stickleback,juvenile,Northumberland
Three-spined stickleback|juvenile|Northumberland,Thoridae,0,0,8,7,0,NA,NA,NA,Three-spined stickleback,juvenile,Northumberland
Three-spined stickleback|juvenile|Northumberland,Vertebrata,0,0,8,7,0,NA,NA,NA,Three-spined stickleback,juvenile,Northumberland
Three-spined stickleback|juvenile|Northumberland,egg_larvae,0,0,8,7,0,NA,NA,NA,Three-spined stickleback,juvenile,Northumberland
Three-spined stickleback|juvenile|Northumberland,other_phyla,0,0,8,7,0,NA,NA,NA,Three-spined stickleback,juvenile,Northumberland
Three-spined stickleback|juvenile|Northumberland,plantae_chromista,0,0,8,7,0,NA,NA,NA,Three-spined stickleback,juvenile,Northumberland
Vahl's eelpout|one_class|Magdalen Shallows,Amphilochida,0,0.28547297297297297,28,6,0.28547297297297297,0.3333333333333333,0.03206412825651302,2018-2019,Vahl's eelpout,one_class,Magdalen Shallows
Vahl's eelpout|one_class|Magdalen Shallows,Amphipoda,0.37404893404603407,0.055572296138333865,28,6,-0.3184766379077002,0.6218915436702805,0.050100200400801605,2004-2006,Vahl's eelpout,one_class,Magdalen Shallows
Vahl's eelpout|one_class|Magdalen Shallows,Annelida,0,0,28,6,0,NA,NA,NA,Vahl's eelpout,one_class,Magdalen Shallows
Vahl's eelpout|one_class|Magdalen Shallows,Argis dentata,0.0019759953161592506,0,28,6,-0.0019759953161592506,NA,NA,NA,Vahl's eelpout,one_class,Magdalen Shallows
Vahl's eelpout|one_class|Magdalen Shallows,Arthropoda,0.004449617308002891,0,28,6,-0.004449617308002891,0.17857142857142858,0.5290581162324649,2004-2006,Vahl's eelpout,one_class,Magdalen Shallows
Vahl's eelpout|one_class|Magdalen Shallows,Bivalvia,0.05800083389861599,0.020647416284208738,28,6,-0.03735341761440725,0.26338263708432336,0.6533066132264529,2004-2006,Vahl's eelpout,one_class,Magdalen Shallows
Vahl's eelpout|one_class|Magdalen Shallows,Brachyura,3.7358039450089656e-5,0,28,6,-3.7358039450089656e-5,NA,NA,NA,Vahl's eelpout,one_class,Magdalen Shallows
Vahl's eelpout|one_class|Magdalen Shallows,Caridea,0,0,28,6,0,NA,NA,NA,Vahl's eelpout,one_class,Magdalen Shallows
Vahl's eelpout|one_class|Magdalen Shallows,Chordata,0,0,28,6,0,NA,NA,NA,Vahl's eelpout,one_class,Magdalen Shallows
Vahl's eelpout|one_class|Magdalen Shallows,Copepoda,3.7358039450089656e-5,0,28,6,-3.7358039450089656e-5,NA,NA,NA,Vahl's eelpout,one_class,Magdalen Shallows
Vahl's eelpout|one_class|Magdalen Shallows,Crangon septemspinosa,0,0,28,6,0,NA,NA,NA,Vahl's eelpout,one_class,Magdalen Shallows
Vahl's eelpout|one_class|Magdalen Shallows,Crangonidae,0,0,28,6,0,NA,NA,NA,Vahl's eelpout,one_class,Magdalen Shallows
Vahl's eelpout|one_class|Magdalen Shallows,Cumacea,0,0.023193916472218357,28,6,0.023193916472218357,0.3333333333333333,0.04008016032064128,2018-2019,Vahl's eelpout,one_class,Magdalen Shallows
Vahl's eelpout|one_class|Magdalen Shallows,Decapoda,0.033660494713385926,0,28,6,-0.033660494713385926,0.10714285714285714,0.7535070140280561,2004-2006,Vahl's eelpout,one_class,Magdalen Shallows
Vahl's eelpout|one_class|Magdalen Shallows,Diastylis,0.0767406385839884,0,28,6,-0.0767406385839884,0.4642857142857143,0.09418837675350701,2004-2006,Vahl's eelpout,one_class,Magdalen Shallows
Vahl's eelpout|one_class|Magdalen Shallows,Echinodermata,0.012383981731171284,0,28,6,-0.012383981731171284,0.14285714285714285,0.5571142284569138,2004-2006,Vahl's eelpout,one_class,Magdalen Shallows
Vahl's eelpout|one_class|Magdalen Shallows,Echinozoa,0.01816166492496745,0,28,6,-0.01816166492496745,0.07142857142857142,0.8376753507014028,2004-2006,Vahl's eelpout,one_class,Magdalen Shallows
Vahl's eelpout|one_class|Magdalen Shallows,Eualus,0,0,28,6,0,NA,NA,NA,Vahl's eelpout,one_class,Magdalen Shallows
Vahl's eelpout|one_class|Magdalen Shallows,Eualus macilentus,0,0,28,6,0,NA,NA,NA,Vahl's eelpout,one_class,Magdalen Shallows
Vahl's eelpout|one_class|Magdalen Shallows,Eumalacostraca,0.001024143641593306,0,28,6,-0.001024143641593306,NA,NA,NA,Vahl's eelpout,one_class,Magdalen Shallows
Vahl's eelpout|one_class|Magdalen Shallows,Euphausiacea,0,0,28,6,0,NA,NA,NA,Vahl's eelpout,one_class,Magdalen Shallows
Vahl's eelpout|one_class|Magdalen Shallows,Hyperiidae,0,0,28,6,0,NA,NA,NA,Vahl's eelpout,one_class,Magdalen Shallows
Vahl's eelpout|one_class|Magdalen Shallows,Malacostraca,0,0.028492471888698304,28,6,0.028492471888698304,NA,NA,NA,Vahl's eelpout,one_class,Magdalen Shallows
Vahl's eelpout|one_class|Magdalen Shallows,Mollusca,0,0,28,6,0,NA,NA,NA,Vahl's eelpout,one_class,Magdalen Shallows
Vahl's eelpout|one_class|Magdalen Shallows,Mysida,0.03490870032223416,0,28,6,-0.03490870032223416,NA,NA,NA,Vahl's eelpout,one_class,Magdalen Shallows
Vahl's eelpout|one_class|Magdalen Shallows,Nematoda,3.4220645988568597e-4,0.16666666666666666,28,6,0.16632446020678096,0.1663251613986338,0.18236472945891782,2018-2019,Vahl's eelpout,one_class,Magdalen Shallows
Vahl's eelpout|one_class|Magdalen Shallows,Oregoniidae,0,0,28,6,0,NA,NA,NA,Vahl's eelpout,one_class,Magdalen Shallows
Vahl's eelpout|one_class|Magdalen Shallows,Pandalidae,0,0,28,6,0,NA,NA,NA,Vahl's eelpout,one_class,Magdalen Shallows
Vahl's eelpout|one_class|Magdalen Shallows,Pandalus,0,0,28,6,0,NA,NA,NA,Vahl's eelpout,one_class,Magdalen Shallows
Vahl's eelpout|one_class|Magdalen Shallows,Pandalus montagui,0,0,28,6,0,NA,NA,NA,Vahl's eelpout,one_class,Magdalen Shallows
Vahl's eelpout|one_class|Magdalen Shallows,Perciformes,0,0,28,6,0,NA,NA,NA,Vahl's eelpout,one_class,Magdalen Shallows
Vahl's eelpout|one_class|Magdalen Shallows,Polychaeta,0.3473198916980044,0.4199542595769011,28,6,0.07263436787889666,0.3071670727981384,0.9899799599198397,2004-2006,Vahl's eelpout,one_class,Magdalen Shallows
Vahl's eelpout|one_class|Magdalen Shallows,Teleostei,0,0,28,6,0,NA,NA,NA,Vahl's eelpout,one_class,Magdalen Shallows
Vahl's eelpout|one_class|Magdalen Shallows,Thoridae,0,0,28,6,0,NA,NA,NA,Vahl's eelpout,one_class,Magdalen Shallows
Vahl's eelpout|one_class|Magdalen Shallows,Vertebrata,0,0,28,6,0,NA,NA,NA,Vahl's eelpout,one_class,Magdalen Shallows
Vahl's eelpout|one_class|Magdalen Shallows,egg_larvae,1.5820281601012498e-4,0,28,6,-1.5820281601012498e-4,NA,NA,NA,Vahl's eelpout,one_class,Magdalen Shallows
Vahl's eelpout|one_class|Magdalen Shallows,other_phyla,0,0,28,6,0,NA,NA,NA,Vahl's eelpout,one_class,Magdalen Shallows
Vahl's eelpout|one_class|Magdalen Shallows,plantae_chromista,0.03674997846104685,0,28,6,-0.03674997846104685,0.17857142857142858,0.43887775551102204,2004-2006,Vahl's eelpout,one_class,Magdalen Shallows
White hake|adult|Central,Amphilochida,0,0,26,17,0,NA,NA,NA,White hake,adult,Central
White hake|adult|Central,Amphipoda,0.019773598035879136,1.339439600892599e-4,26,17,-0.019639654075789877,0.15281103041932254,0.6492985971943888,2004-2006,White hake,adult,Central
White hake|adult|Central,Annelida,0,0,26,17,0,NA,NA,NA,White hake,adult,Central
White hake|adult|Central,Argis dentata,0,0,26,17,0,NA,NA,NA,White hake,adult,Central
White hake|adult|Central,Arthropoda,0.004583092177835294,0,26,17,-0.004583092177835294,0.11538461538461539,0.27054108216432865,2004-2006,White hake,adult,Central
White hake|adult|Central,Bivalvia,0,0,26,17,0,NA,NA,NA,White hake,adult,Central
White hake|adult|Central,Brachyura,0,0,26,17,0,NA,NA,NA,White hake,adult,Central
White hake|adult|Central,Caridea,0.029782469462156416,0,26,17,-0.029782469462156416,0.3076923076923077,0.03206412825651302,2004-2006,White hake,adult,Central
White hake|adult|Central,Chordata,0,0,26,17,0,NA,NA,NA,White hake,adult,Central
White hake|adult|Central,Copepoda,0,0,26,17,0,NA,NA,NA,White hake,adult,Central
White hake|adult|Central,Crangon septemspinosa,0,0,26,17,0,NA,NA,NA,White hake,adult,Central
White hake|adult|Central,Crangonidae,0.0014645016797694885,0,26,17,-0.0014645016797694885,0.07692307692307693,0.5050100200400801,2004-2006,White hake,adult,Central
White hake|adult|Central,Cumacea,0,0,26,17,0,NA,NA,NA,White hake,adult,Central
White hake|adult|Central,Decapoda,0.055273168145052946,0.12158505902665236,26,17,0.06631189088159942,0.16175809087448903,0.8056112224448898,2018-2019,White hake,adult,Central
White hake|adult|Central,Diastylis,0,0,26,17,0,NA,NA,NA,White hake,adult,Central
White hake|adult|Central,Echinodermata,0,0,26,17,0,NA,NA,NA,White hake,adult,Central
White hake|adult|Central,Echinozoa,0,0.004606995546563616,26,17,0.004606995546563616,NA,NA,NA,White hake,adult,Central
White hake|adult|Central,Eualus,0,0,26,17,0,NA,NA,NA,White hake,adult,Central
White hake|adult|Central,Eualus macilentus,0,0,26,17,0,NA,NA,NA,White hake,adult,Central
White hake|adult|Central,Eumalacostraca,0,0,26,17,0,NA,NA,NA,White hake,adult,Central
White hake|adult|Central,Euphausiacea,0.025617224342133958,1.881067714370544e-5,26,17,-0.02559841366499025,0.19216658476475398,0.18236472945891782,2004-2006,White hake,adult,Central
White hake|adult|Central,Hyperiidae,0.017607914380487928,0,26,17,-0.017607914380487928,0.23076923076923078,0.0841683366733467,2004-2006,White hake,adult,Central
White hake|adult|Central,Malacostraca,0,0,26,17,0,NA,NA,NA,White hake,adult,Central
White hake|adult|Central,Mollusca,0.07313940393877709,0,26,17,-0.07313940393877709,0.07692307692307693,0.5350701402805611,2004-2006,White hake,adult,Central
White hake|adult|Central,Mysida,5.96190011479512e-5,0.05895230469517426,26,17,0.05889268569402631,0.17629230222894868,0.24448897795591182,2018-2019,White hake,adult,Central
White hake|adult|Central,Nematoda,0.006814781090077384,0.005235292983615469,26,17,-0.0015794881064619144,0.3915266695624322,0.374749498997996,2004-2006,White hake,adult,Central
White hake|adult|Central,Oregoniidae,0,0,26,17,0,NA,NA,NA,White hake,adult,Central
White hake|adult|Central,Pandalidae,0,0.004391880338580305,26,17,0.004391880338580305,NA,NA,NA,White hake,adult,Central
White hake|adult|Central,Pandalus,0.6760540804504577,0.07151701448741846,26,17,-0.6045370659630392,0.6956416638737509,0.002004008016032064,2004-2006,White hake,adult,Central
White hake|adult|Central,Pandalus montagui,0,0.058823529411764705,26,17,0.058823529411764705,NA,NA,NA,White hake,adult,Central
White hake|adult|Central,Perciformes,0,0.21741186734813875,26,17,0.21741186734813875,0.29411764705882354,0.004008016032064128,2018-2019,White hake,adult,Central
White hake|adult|Central,Polychaeta,1.589027939890641e-4,0,26,17,-1.589027939890641e-4,0.07692307692307693,0.5490981963927856,2004-2006,White hake,adult,Central
White hake|adult|Central,Teleostei,0.07612576220675314,0.3854312702714519,26,17,0.30930550806469875,0.49121616761623466,0.002004008016032064,2018-2019,White hake,adult,Central
White hake|adult|Central,Thoridae,0,0.013164811490806165,26,17,0.013164811490806165,NA,NA,NA,White hake,adult,Central
White hake|adult|Central,Vertebrata,0.013545482295482294,0.058711533704664906,26,17,0.04516605140918261,0.04779632236237289,0.7595190380761523,2018-2019,White hake,adult,Central
White hake|adult|Central,egg_larvae,0,0,26,17,0,NA,NA,NA,White hake,adult,Central
White hake|adult|Central,other_phyla,0,0,26,17,0,NA,NA,NA,White hake,adult,Central
White hake|adult|Central,plantae_chromista,0,1.5686057936163674e-5,26,17,1.5686057936163674e-5,0.11764705882352941,0.1523046092184369,2018-2019,White hake,adult,Central
White hake|adult|Magdalen Shallows,Amphilochida,0,3.2408058584557477e-4,26,9,3.2408058584557477e-4,NA,NA,NA,White hake,adult,Magdalen Shallows
White hake|adult|Magdalen Shallows,Amphipoda,0.04281525627277644,0.0069347496881906135,26,9,-0.03588050658458583,0.3310031012193284,0.5511022044088176,2004-2006,White hake,adult,Magdalen Shallows
White hake|adult|Magdalen Shallows,Annelida,0,0,26,9,0,NA,NA,NA,White hake,adult,Magdalen Shallows
White hake|adult|Magdalen Shallows,Argis dentata,0.019056059712504816,0.019670210989622017,26,9,6.14151277117201e-4,0.05643659870215335,1,2018-2019,White hake,adult,Magdalen Shallows
White hake|adult|Magdalen Shallows,Arthropoda,0.01157939014853754,0.03707843819478888,26,9,0.02549904804625134,0.08466934522885876,1,2018-2019,White hake,adult,Magdalen Shallows
White hake|adult|Magdalen Shallows,Bivalvia,0,0,26,9,0,NA,NA,NA,White hake,adult,Magdalen Shallows
White hake|adult|Magdalen Shallows,Brachyura,0.002738440725304938,0,26,9,-0.002738440725304938,NA,NA,NA,White hake,adult,Magdalen Shallows
White hake|adult|Magdalen Shallows,Caridea,0,0,26,9,0,NA,NA,NA,White hake,adult,Magdalen Shallows
White hake|adult|Magdalen Shallows,Chordata,0,0,26,9,0,NA,NA,NA,White hake,adult,Magdalen Shallows
White hake|adult|Magdalen Shallows,Copepoda,0.038461538461538464,0,26,9,-0.038461538461538464,NA,NA,NA,White hake,adult,Magdalen Shallows
White hake|adult|Magdalen Shallows,Crangon septemspinosa,0.003094977986348939,0,26,9,-0.003094977986348939,0.15384615384615385,0.5250501002004008,2004-2006,White hake,adult,Magdalen Shallows
White hake|adult|Magdalen Shallows,Crangonidae,9.202469359238592e-5,9.299216831582464e-4,26,9,8.378969895658605e-4,0.1011057270837997,0.657314629258517,2018-2019,White hake,adult,Magdalen Shallows
White hake|adult|Magdalen Shallows,Cumacea,0,0,26,9,0,NA,NA,NA,White hake,adult,Magdalen Shallows
White hake|adult|Magdalen Shallows,Decapoda,0.0603387034266801,0.10173949881493814,26,9,0.04140079538825804,0.4882255615258075,0.12224448897795591,2018-2019,White hake,adult,Magdalen Shallows
White hake|adult|Magdalen Shallows,Diastylis,1.088783632498728e-4,0,26,9,-1.088783632498728e-4,0.07692307692307693,0.8156312625250501,2004-2006,White hake,adult,Magdalen Shallows
White hake|adult|Magdalen Shallows,Echinodermata,0,0,26,9,0,NA,NA,NA,White hake,adult,Magdalen Shallows
White hake|adult|Magdalen Shallows,Echinozoa,0,0,26,9,0,NA,NA,NA,White hake,adult,Magdalen Shallows
White hake|adult|Magdalen Shallows,Eualus,0,0,26,9,0,NA,NA,NA,White hake,adult,Magdalen Shallows
White hake|adult|Magdalen Shallows,Eualus macilentus,0.005380231693716076,0,26,9,-0.005380231693716076,0.11538461538461539,0.5390781563126252,2004-2006,White hake,adult,Magdalen Shallows
White hake|adult|Magdalen Shallows,Eumalacostraca,0,0,26,9,0,NA,NA,NA,White hake,adult,Magdalen Shallows
White hake|adult|Magdalen Shallows,Euphausiacea,0.017513104591700423,0.16626049003689347,26,9,0.14874738544519306,0.4020901439994518,0.03006012024048096,2018-2019,White hake,adult,Magdalen Shallows
White hake|adult|Magdalen Shallows,Hyperiidae,0.0012832921265819122,4.988399922220628e-4,26,9,-7.844521343598494e-4,0.11078278420130701,0.6813627254509018,2004-2006,White hake,adult,Magdalen Shallows
White hake|adult|Magdalen Shallows,Malacostraca,0,0,26,9,0,NA,NA,NA,White hake,adult,Magdalen Shallows
White hake|adult|Magdalen Shallows,Mollusca,2.6847886268755107e-5,6.337217573492324e-4,26,9,6.068738710804774e-4,0.10659516263674967,0.23446893787575152,2018-2019,White hake,adult,Magdalen Shallows
White hake|adult|Magdalen Shallows,Mysida,0.0030360905907665004,0,26,9,-0.0030360905907665004,0.34615384615384615,0.09819639278557114,2004-2006,White hake,adult,Magdalen Shallows
White hake|adult|Magdalen Shallows,Nematoda,0.005312761134316488,0.02407334208943686,26,9,0.01876058095512037,0.7281852288746068,0.008016032064128256,2018-2019,White hake,adult,Magdalen Shallows
White hake|adult|Magdalen Shallows,Oregoniidae,0,0.0051647400750458854,26,9,0.0051647400750458854,NA,NA,NA,White hake,adult,Magdalen Shallows
White hake|adult|Magdalen Shallows,Pandalidae,4.7139439494207127e-4,0,26,9,-4.7139439494207127e-4,0.07692307692307693,0.843687374749499,2004-2006,White hake,adult,Magdalen Shallows
White hake|adult|Magdalen Shallows,Pandalus,0.0799147836848937,0.012590694109535722,26,9,-0.06732408957535797,0.19935979574133872,0.531062124248497,2004-2006,White hake,adult,Magdalen Shallows
White hake|adult|Magdalen Shallows,Pandalus montagui,0.11662015243288079,0,26,9,-0.11662015243288079,0.3076923076923077,0.15430861723446893,2004-2006,White hake,adult,Magdalen Shallows
White hake|adult|Magdalen Shallows,Perciformes,0.07444246379770306,0.10034783833262922,26,9,0.025905374534926168,0.06378935031774685,0.8897795591182365,2018-2019,White hake,adult,Magdalen Shallows
White hake|adult|Magdalen Shallows,Polychaeta,0.004769419734302959,0.008483623012739867,26,9,0.003714203278436908,0.14225031899239107,0.6533066132264529,2018-2019,White hake,adult,Magdalen Shallows
White hake|adult|Magdalen Shallows,Teleostei,0.4806470504385851,0.4018512874823733,26,9,-0.07879576295621177,0.35611310728033907,0.7755511022044088,2004-2006,White hake,adult,Magdalen Shallows
White hake|adult|Magdalen Shallows,Thoridae,0,0.11303275210253656,26,9,0.11303275210253656,0.2222222222222222,0.06412825651302605,2018-2019,White hake,adult,Magdalen Shallows
White hake|adult|Magdalen Shallows,Vertebrata,0,0,26,9,0,NA,NA,NA,White hake,adult,Magdalen Shallows
White hake|adult|Magdalen Shallows,egg_larvae,0,0,26,9,0,NA,NA,NA,White hake,adult,Magdalen Shallows
White hake|adult|Magdalen Shallows,other_phyla,0,0,26,9,0,NA,NA,NA,White hake,adult,Magdalen Shallows
White hake|adult|Magdalen Shallows,plantae_chromista,0.03229713770280867,3.857710526943517e-4,26,9,-0.03191136665011432,0.07601511929350678,0.9659318637274549,2004-2006,White hake,adult,Magdalen Shallows
White hake|juvenile|Central,Amphilochida,0,0,12,8,0,NA,NA,NA,White hake,juvenile,Central
White hake|juvenile|Central,Amphipoda,8.36449038327232e-5,0.07088396013246685,12,8,0.07080031522863413,0.3745580118714556,0.07414829659318638,2018-2019,White hake,juvenile,Central
White hake|juvenile|Central,Annelida,0,0,12,8,0,NA,NA,NA,White hake,juvenile,Central
White hake|juvenile|Central,Argis dentata,0,0,12,8,0,NA,NA,NA,White hake,juvenile,Central
White hake|juvenile|Central,Arthropoda,0.00820870761633195,0.1433938293442591,12,8,0.13518512172792715,0.23646343956225188,0.3787575150300601,2018-2019,White hake,juvenile,Central
White hake|juvenile|Central,Bivalvia,0,0,12,8,0,NA,NA,NA,White hake,juvenile,Central
White hake|juvenile|Central,Brachyura,0,0,12,8,0,NA,NA,NA,White hake,juvenile,Central
White hake|juvenile|Central,Caridea,0.07467377964369463,0,12,8,-0.07467377964369463,0.16666666666666666,0.4789579158316633,2004-2006,White hake,juvenile,Central
White hake|juvenile|Central,Chordata,0,0,12,8,0,NA,NA,NA,White hake,juvenile,Central
White hake|juvenile|Central,Copepoda,1.3522650439486136e-4,0.050749175351443326,12,8,0.050613948847048465,0.37400342860879565,0.08817635270541083,2018-2019,White hake,juvenile,Central
White hake|juvenile|Central,Crangon septemspinosa,0,0,12,8,0,NA,NA,NA,White hake,juvenile,Central
White hake|juvenile|Central,Crangonidae,0,0,12,8,0,NA,NA,NA,White hake,juvenile,Central
White hake|juvenile|Central,Cumacea,0,0,12,8,0,NA,NA,NA,White hake,juvenile,Central
White hake|juvenile|Central,Decapoda,0.07218265975213087,0.009941430332922318,12,8,-0.06224122941920855,0.21973655865585145,0.6633266533066132,2004-2006,White hake,juvenile,Central
White hake|juvenile|Central,Diastylis,0.0018252261533251038,0,12,8,-0.0018252261533251038,0.16666666666666666,0.4589178356713427,2004-2006,White hake,juvenile,Central
White hake|juvenile|Central,Echinodermata,0,0,12,8,0,NA,NA,NA,White hake,juvenile,Central
White hake|juvenile|Central,Echinozoa,0,0,12,8,0,NA,NA,NA,White hake,juvenile,Central
White hake|juvenile|Central,Eualus,0,0,12,8,0,NA,NA,NA,White hake,juvenile,Central
White hake|juvenile|Central,Eualus macilentus,0,0,12,8,0,NA,NA,NA,White hake,juvenile,Central
White hake|juvenile|Central,Eumalacostraca,0,0,12,8,0,NA,NA,NA,White hake,juvenile,Central
White hake|juvenile|Central,Euphausiacea,0.013707764947128937,0.1858866989328597,12,8,0.17217893398573075,0.349245719268726,0.1623246492985972,2018-2019,White hake,juvenile,Central
White hake|juvenile|Central,Hyperiidae,0.25942892211434804,0,12,8,-0.25942892211434804,0.4166666666666667,0.08016032064128256,2004-2006,White hake,juvenile,Central
White hake|juvenile|Central,Malacostraca,0,0,12,8,0,NA,NA,NA,White hake,juvenile,Central
White hake|juvenile|Central,Mollusca,0,0.03845561035758323,12,8,0.03845561035758323,NA,NA,NA,White hake,juvenile,Central
White hake|juvenile|Central,Mysida,0.001803122551421871,0.24638275619205902,12,8,0.24457963364063715,0.24818369747651362,0.2925851703406814,2018-2019,White hake,juvenile,Central
White hake|juvenile|Central,Nematoda,0.007830981899778567,0.006814307527171104,12,8,-0.0010166743726074626,0.3564732964748064,0.7234468937875751,2004-2006,White hake,juvenile,Central
White hake|juvenile|Central,Oregoniidae,0,0,12,8,0,NA,NA,NA,White hake,juvenile,Central
White hake|juvenile|Central,Pandalidae,0,0,12,8,0,NA,NA,NA,White hake,juvenile,Central
White hake|juvenile|Central,Pandalus,0.5594025088405962,0.125,12,8,-0.43440250884059617,0.47679271472836904,0.06613226452905811,2004-2006,White hake,juvenile,Central
White hake|juvenile|Central,Pandalus montagui,0,0,12,8,0,NA,NA,NA,White hake,juvenile,Central
White hake|juvenile|Central,Perciformes,0,0,12,8,0,NA,NA,NA,White hake,juvenile,Central
White hake|juvenile|Central,Polychaeta,7.174550730162764e-4,0,12,8,-7.174550730162764e-4,NA,NA,NA,White hake,juvenile,Central
White hake|juvenile|Central,Teleostei,0,0.12249223182923534,12,8,0.12249223182923534,NA,NA,NA,White hake,juvenile,Central
White hake|juvenile|Central,Thoridae,0,0,12,8,0,NA,NA,NA,White hake,juvenile,Central
White hake|juvenile|Central,Vertebrata,0,0,12,8,0,NA,NA,NA,White hake,juvenile,Central
White hake|juvenile|Central,egg_larvae,0,0,12,8,0,NA,NA,NA,White hake,juvenile,Central
White hake|juvenile|Central,other_phyla,0,0,12,8,0,NA,NA,NA,White hake,juvenile,Central
White hake|juvenile|Central,plantae_chromista,0,0,12,8,0,NA,NA,NA,White hake,juvenile,Central
White hake|juvenile|Magdalen Shallows,Amphilochida,3.45297920634866e-4,3.081533757900206e-4,23,22,-3.714454484484537e-5,0.0229748615592606,1,2004-2006,White hake,juvenile,Magdalen Shallows
White hake|juvenile|Magdalen Shallows,Amphipoda,0.09531380358337423,0.06690416745184471,23,22,-0.02840963613152951,0.3831953750459061,0.7274549098196392,2004-2006,White hake,juvenile,Magdalen Shallows
White hake|juvenile|Magdalen Shallows,Annelida,0,7.898998085995132e-4,23,22,7.898998085995132e-4,NA,NA,NA,White hake,juvenile,Magdalen Shallows
White hake|juvenile|Magdalen Shallows,Argis dentata,0.07064146241487643,0.006222737080316367,23,22,-0.06441872533456006,0.11987510250231663,0.3667334669338677,2004-2006,White hake,juvenile,Magdalen Shallows
White hake|juvenile|Magdalen Shallows,Arthropoda,0.09492276321974202,0.061109375327061684,23,22,-0.03381338789268034,0.2380515341357674,0.44889779559118237,2004-2006,White hake,juvenile,Magdalen Shallows
White hake|juvenile|Magdalen Shallows,Bivalvia,0,0,23,22,0,NA,NA,NA,White hake,juvenile,Magdalen Shallows
White hake|juvenile|Magdalen Shallows,Brachyura,0.03898832525250507,0.001833496097717945,23,22,-0.03715482915478713,0.16610180733022212,0.24048096192384769,2004-2006,White hake,juvenile,Magdalen Shallows
White hake|juvenile|Magdalen Shallows,Caridea,0,0,23,22,0,NA,NA,NA,White hake,juvenile,Magdalen Shallows
White hake|juvenile|Magdalen Shallows,Chordata,0,0,23,22,0,NA,NA,NA,White hake,juvenile,Magdalen Shallows
White hake|juvenile|Magdalen Shallows,Copepoda,0.001463378072448166,0,23,22,-0.001463378072448166,0.08695652173913043,0.4789579158316633,2004-2006,White hake,juvenile,Magdalen Shallows
White hake|juvenile|Magdalen Shallows,Crangon septemspinosa,0.059526288774750656,0.01622168304444906,23,22,-0.04330460573030159,0.3416724500720796,0.09619238476953908,2004-2006,White hake,juvenile,Magdalen Shallows
White hake|juvenile|Magdalen Shallows,Crangonidae,0.005061367751585877,0.010433168599092294,23,22,0.005371800847506418,0.03060659096789434,1,2018-2019,White hake,juvenile,Magdalen Shallows
White hake|juvenile|Magdalen Shallows,Cumacea,0,0,23,22,0,NA,NA,NA,White hake,juvenile,Magdalen Shallows
White hake|juvenile|Magdalen Shallows,Decapoda,0.08588529494655965,0.1412222195763902,23,22,0.055336924629830544,0.39570987060357304,0.2925851703406814,2018-2019,White hake,juvenile,Magdalen Shallows
White hake|juvenile|Magdalen Shallows,Diastylis,0.004883413328544318,0,23,22,-0.004883413328544318,0.21739130434782608,0.050100200400801605,2004-2006,White hake,juvenile,Magdalen Shallows
White hake|juvenile|Magdalen Shallows,Echinodermata,0,0,23,22,0,NA,NA,NA,White hake,juvenile,Magdalen Shallows
White hake|juvenile|Magdalen Shallows,Echinozoa,0,0,23,22,0,NA,NA,NA,White hake,juvenile,Magdalen Shallows
White hake|juvenile|Magdalen Shallows,Eualus,0.0031113178195114905,0,23,22,-0.0031113178195114905,NA,NA,NA,White hake,juvenile,Magdalen Shallows
White hake|juvenile|Magdalen Shallows,Eualus macilentus,0.008300685692876831,0,23,22,-0.008300685692876831,0.08695652173913043,0.5150300601202404,2004-2006,White hake,juvenile,Magdalen Shallows
White hake|juvenile|Magdalen Shallows,Eumalacostraca,0.00305501282466594,0,23,22,-0.00305501282466594,0.08695652173913043,0.4849699398797595,2004-2006,White hake,juvenile,Magdalen Shallows
White hake|juvenile|Magdalen Shallows,Euphausiacea,0.089408445319609,0.11986488181955836,23,22,0.030456436499949363,0.1822440850674363,0.4729458917835671,2018-2019,White hake,juvenile,Magdalen Shallows
White hake|juvenile|Magdalen Shallows,Hyperiidae,8.784874687197002e-5,0.10204818959879333,23,22,0.10196034085192136,0.36332359451608093,0.002004008016032064,2018-2019,White hake,juvenile,Magdalen Shallows
White hake|juvenile|Magdalen Shallows,Malacostraca,0,0,23,22,0,NA,NA,NA,White hake,juvenile,Magdalen Shallows
White hake|juvenile|Magdalen Shallows,Mollusca,0,0,23,22,0,NA,NA,NA,White hake,juvenile,Magdalen Shallows
White hake|juvenile|Magdalen Shallows,Mysida,0.03546713192982605,0.010956827714059725,23,22,-0.024510304215766325,0.43181667268797147,0.01002004008016032,2004-2006,White hake,juvenile,Magdalen Shallows
White hake|juvenile|Magdalen Shallows,Nematoda,0.08070972079461869,0.019198054285082377,23,22,-0.06151166650953631,0.5268536346573853,0.4348697394789579,2004-2006,White hake,juvenile,Magdalen Shallows
White hake|juvenile|Magdalen Shallows,Oregoniidae,0.008654178475150343,0.021644505450960985,23,22,0.012990326975810642,0.1298856622632366,0.2785571142284569,2018-2019,White hake,juvenile,Magdalen Shallows
White hake|juvenile|Magdalen Shallows,Pandalidae,0,0,23,22,0,NA,NA,NA,White hake,juvenile,Magdalen Shallows
White hake|juvenile|Magdalen Shallows,Pandalus,0.05395756065871263,0.023482346995411987,23,22,-0.03047521366330064,0.18176526568313472,0.35671342685370744,2004-2006,White hake,juvenile,Magdalen Shallows
White hake|juvenile|Magdalen Shallows,Pandalus montagui,0.042204038400816955,0.024688286915781395,23,22,-0.01751575148503556,0.1097260818878754,0.3787575150300601,2004-2006,White hake,juvenile,Magdalen Shallows
White hake|juvenile|Magdalen Shallows,Perciformes,0.030435569219856354,0.07979009719589823,23,22,0.04935452797604188,0.16451806179759115,0.20040080160320642,2018-2019,White hake,juvenile,Magdalen Shallows
White hake|juvenile|Magdalen Shallows,Polychaeta,0.07919720590377362,0.028851573002254438,23,22,-0.05034563290151918,0.31868539499365267,0.33266533066132264,2004-2006,White hake,juvenile,Magdalen Shallows
White hake|juvenile|Magdalen Shallows,Teleostei,0.10819229487381662,0.22888529166264873,23,22,0.12069299678883211,0.3703791877944252,0.13226452905811623,2018-2019,White hake,juvenile,Magdalen Shallows
White hake|juvenile|Magdalen Shallows,Thoridae,0,0.035418592985370694,23,22,0.035418592985370694,0.09090909090909091,0.2605210420841683,2018-2019,White hake,juvenile,Magdalen Shallows
White hake|juvenile|Magdalen Shallows,Vertebrata,0,0,23,22,0,NA,NA,NA,White hake,juvenile,Magdalen Shallows
White hake|juvenile|Magdalen Shallows,egg_larvae,1.8759407487226265e-4,0,23,22,-1.8759407487226265e-4,NA,NA,NA,White hake,juvenile,Magdalen Shallows
White hake|juvenile|Magdalen Shallows,other_phyla,0,0,23,22,0,NA,NA,NA,White hake,juvenile,Magdalen Shallows
White hake|juvenile|Magdalen Shallows,plantae_chromista,0,1.2645201291791808e-4,23,22,1.2645201291791808e-4,NA,NA,NA,White hake,juvenile,Magdalen Shallows
White hake|juvenile|Northumberland,Amphilochida,0,2.231241632843877e-5,17,10,2.231241632843877e-5,NA,NA,NA,White hake,juvenile,Northumberland
White hake|juvenile|Northumberland,Amphipoda,0.02926323787520026,0.012972092220515038,17,10,-0.016291145654685223,0.36680907594207374,0.2565130260521042,2004-2006,White hake,juvenile,Northumberland
White hake|juvenile|Northumberland,Annelida,0,0,17,10,0,NA,NA,NA,White hake,juvenile,Northumberland
White hake|juvenile|Northumberland,Argis dentata,0,0,17,10,0,NA,NA,NA,White hake,juvenile,Northumberland
White hake|juvenile|Northumberland,Arthropoda,0.038017698890838864,0.006255976540087975,17,10,-0.031761722350750886,0.2020464944106004,0.4168336673346693,2004-2006,White hake,juvenile,Northumberland
White hake|juvenile|Northumberland,Bivalvia,7.307301674024022e-4,0,17,10,-7.307301674024022e-4,0.17647058823529413,0.40681362725450904,2004-2006,White hake,juvenile,Northumberland
White hake|juvenile|Northumberland,Brachyura,0,0,17,10,0,NA,NA,NA,White hake,juvenile,Northumberland
White hake|juvenile|Northumberland,Caridea,0,0,17,10,0,NA,NA,NA,White hake,juvenile,Northumberland
White hake|juvenile|Northumberland,Chordata,0,0,17,10,0,NA,NA,NA,White hake,juvenile,Northumberland
White hake|juvenile|Northumberland,Copepoda,2.900425492419738e-6,0,17,10,-2.900425492419738e-6,NA,NA,NA,White hake,juvenile,Northumberland
White hake|juvenile|Northumberland,Crangon septemspinosa,0.2846507512743595,0.41894586805948764,17,10,0.13429511678512812,0.47634778968226216,0.44488977955911824,2018-2019,White hake,juvenile,Northumberland
White hake|juvenile|Northumberland,Crangonidae,0.04763929653648517,0.007695809040584231,17,10,-0.039943487495900945,0.15192768849424482,0.5370741482965932,2004-2006,White hake,juvenile,Northumberland
White hake|juvenile|Northumberland,Cumacea,0,0,17,10,0,NA,NA,NA,White hake,juvenile,Northumberland
White hake|juvenile|Northumberland,Decapoda,0.13457723714392564,0.21702703918108807,17,10,0.08244980203716243,0.43207360563024494,0.36472945891783565,2018-2019,White hake,juvenile,Northumberland
White hake|juvenile|Northumberland,Diastylis,0,0,17,10,0,NA,NA,NA,White hake,juvenile,Northumberland
White hake|juvenile|Northumberland,Echinodermata,0,0,17,10,0,NA,NA,NA,White hake,juvenile,Northumberland
White hake|juvenile|Northumberland,Echinozoa,0.014604402912244034,0,17,10,-0.014604402912244034,NA,NA,NA,White hake,juvenile,Northumberland
White hake|juvenile|Northumberland,Eualus,5.955814246232526e-4,0,17,10,-5.955814246232526e-4,NA,NA,NA,White hake,juvenile,Northumberland
White hake|juvenile|Northumberland,Eualus macilentus,0,0,17,10,0,NA,NA,NA,White hake,juvenile,Northumberland
White hake|juvenile|Northumberland,Eumalacostraca,0,0,17,10,0,NA,NA,NA,White hake,juvenile,Northumberland
White hake|juvenile|Northumberland,Euphausiacea,0,0.1,17,10,0.1,NA,NA,NA,White hake,juvenile,Northumberland
White hake|juvenile|Northumberland,Hyperiidae,0,0,17,10,0,NA,NA,NA,White hake,juvenile,Northumberland
White hake|juvenile|Northumberland,Malacostraca,0,0,17,10,0,NA,NA,NA,White hake,juvenile,Northumberland
White hake|juvenile|Northumberland,Mollusca,0.014908182722237661,0,17,10,-0.014908182722237661,NA,NA,NA,White hake,juvenile,Northumberland
White hake|juvenile|Northumberland,Mysida,0.004329917997363482,6.311360448807854e-4,17,10,-0.0036987819524826964,0.15402032904678004,0.6372745490981964,2004-2006,White hake,juvenile,Northumberland
White hake|juvenile|Northumberland,Nematoda,0.006085859591676709,0.010808933393105513,17,10,0.004723073801428804,0.19193369346712078,0.7034068136272545,2018-2019,White hake,juvenile,Northumberland
White hake|juvenile|Northumberland,Oregoniidae,0,0,17,10,0,NA,NA,NA,White hake,juvenile,Northumberland
White hake|juvenile|Northumberland,Pandalidae,0,0.026605459241044398,17,10,0.026605459241044398,NA,NA,NA,White hake,juvenile,Northumberland
White hake|juvenile|Northumberland,Pandalus,0.05462335636782787,0.03096978688691803,17,10,-0.02365356948090984,0.11261901903669375,0.8396793587174348,2004-2006,White hake,juvenile,Northumberland
White hake|juvenile|Northumberland,Pandalus montagui,0.05604345654479029,0.06343861257956629,17,10,0.0073951560347760015,0.08277410841374686,0.9278557114228457,2004-2006,White hake,juvenile,Northumberland
White hake|juvenile|Northumberland,Perciformes,0.011858015277442553,0,17,10,-0.011858015277442553,0.17647058823529413,0.3587174348697395,2004-2006,White hake,juvenile,Northumberland
White hake|juvenile|Northumberland,Polychaeta,0.06212416882272908,4.70685734928494e-4,17,10,-0.06165348308780059,0.23352480952306526,0.4228456913827655,2004-2006,White hake,juvenile,Northumberland
White hake|juvenile|Northumberland,Teleostei,0.23950591699929316,0.09391182518426369,17,10,-0.14559409181502947,0.29578534970704634,0.23847695390781562,2004-2006,White hake,juvenile,Northumberland
White hake|juvenile|Northumberland,Thoridae,4.392890260676573e-4,0.01015533691748656,17,10,0.009716047891418902,0.09585366176769156,0.9078156312625251,2018-2019,White hake,juvenile,Northumberland
White hake|juvenile|Northumberland,Vertebrata,0,0,17,10,0,NA,NA,NA,White hake,juvenile,Northumberland
White hake|juvenile|Northumberland,egg_larvae,0,0,17,10,0,NA,NA,NA,White hake,juvenile,Northumberland
White hake|juvenile|Northumberland,other_phyla,0,0,17,10,0,NA,NA,NA,White hake,juvenile,Northumberland
White hake|juvenile|Northumberland,plantae_chromista,0,8.912655971479502e-5,17,10,8.912655971479502e-5,NA,NA,NA,White hake,juvenile,Northumberland
Windowpane flounder|juvenile|Northumberland,Amphilochida,0,0,10,8,0,NA,NA,NA,Windowpane flounder,juvenile,Northumberland
Windowpane flounder|juvenile|Northumberland,Amphipoda,0,8.765243902439024e-4,10,8,8.765243902439024e-4,NA,NA,NA,Windowpane flounder,juvenile,Northumberland
Windowpane flounder|juvenile|Northumberland,Annelida,0,0,10,8,0,NA,NA,NA,Windowpane flounder,juvenile,Northumberland
Windowpane flounder|juvenile|Northumberland,Argis dentata,0,0,10,8,0,NA,NA,NA,Windowpane flounder,juvenile,Northumberland
Windowpane flounder|juvenile|Northumberland,Arthropoda,0.012833763996554693,0.012004075042288174,10,8,-8.296889542665185e-4,0.06041223545814261,1,2018-2019,Windowpane flounder,juvenile,Northumberland
Windowpane flounder|juvenile|Northumberland,Bivalvia,0,0,10,8,0,NA,NA,NA,Windowpane flounder,juvenile,Northumberland
Windowpane flounder|juvenile|Northumberland,Brachyura,0,0,10,8,0,NA,NA,NA,Windowpane flounder,juvenile,Northumberland
Windowpane flounder|juvenile|Northumberland,Caridea,0,0,10,8,0,NA,NA,NA,Windowpane flounder,juvenile,Northumberland
Windowpane flounder|juvenile|Northumberland,Chordata,0,0,10,8,0,NA,NA,NA,Windowpane flounder,juvenile,Northumberland
Windowpane flounder|juvenile|Northumberland,Copepoda,0,0,10,8,0,NA,NA,NA,Windowpane flounder,juvenile,Northumberland
Windowpane flounder|juvenile|Northumberland,Crangon septemspinosa,0.6456771463690354,0.27417793573141214,10,8,-0.37149921063762326,0.7019335533752347,0.012024048096192385,2004-2006,Windowpane flounder,juvenile,Northumberland
Windowpane flounder|juvenile|Northumberland,Crangonidae,0,0.12412347560975609,10,8,0.12412347560975609,NA,NA,NA,Windowpane flounder,juvenile,Northumberland
Windowpane flounder|juvenile|Northumberland,Cumacea,0,0,10,8,0,NA,NA,NA,Windowpane flounder,juvenile,Northumberland
Windowpane flounder|juvenile|Northumberland,Decapoda,0.07449112954287532,0.33501084761744376,10,8,0.2605197180745684,0.5113083487724648,0.16432865731462926,2018-2019,Windowpane flounder,juvenile,Northumberland
Windowpane flounder|juvenile|Northumberland,Diastylis,0,0,10,8,0,NA,NA,NA,Windowpane flounder,juvenile,Northumberland
Windowpane flounder|juvenile|Northumberland,Echinodermata,0,0,10,8,0,NA,NA,NA,Windowpane flounder,juvenile,Northumberland
Windowpane flounder|juvenile|Northumberland,Echinozoa,0,0,10,8,0,NA,NA,NA,Windowpane flounder,juvenile,Northumberland
Windowpane flounder|juvenile|Northumberland,Eualus,0,0,10,8,0,NA,NA,NA,Windowpane flounder,juvenile,Northumberland
Windowpane flounder|juvenile|Northumberland,Eualus macilentus,0,0,10,8,0,NA,NA,NA,Windowpane flounder,juvenile,Northumberland
Windowpane flounder|juvenile|Northumberland,Eumalacostraca,0,0,10,8,0,NA,NA,NA,Windowpane flounder,juvenile,Northumberland
Windowpane flounder|juvenile|Northumberland,Euphausiacea,0,0.10284848683505171,10,8,0.10284848683505171,0.25,0.17234468937875752,2018-2019,Windowpane flounder,juvenile,Northumberland
Windowpane flounder|juvenile|Northumberland,Hyperiidae,0,0,10,8,0,NA,NA,NA,Windowpane flounder,juvenile,Northumberland
Windowpane flounder|juvenile|Northumberland,Malacostraca,0,0,10,8,0,NA,NA,NA,Windowpane flounder,juvenile,Northumberland
Windowpane flounder|juvenile|Northumberland,Mollusca,0.0011555884225697567,0,10,8,-0.0011555884225697567,0.2,0.49298597194388777,2004-2006,Windowpane flounder,juvenile,Northumberland
Windowpane flounder|juvenile|Northumberland,Mysida,0.11791478238112592,0.03774790951207377,10,8,-0.08016687286905215,0.37875094201129245,0.2545090180360721,2004-2006,Windowpane flounder,juvenile,Northumberland
Windowpane flounder|juvenile|Northumberland,Nematoda,0,0,10,8,0,NA,NA,NA,Windowpane flounder,juvenile,Northumberland
Windowpane flounder|juvenile|Northumberland,Oregoniidae,0,0,10,8,0,NA,NA,NA,Windowpane flounder,juvenile,Northumberland
Windowpane flounder|juvenile|Northumberland,Pandalidae,0,0,10,8,0,NA,NA,NA,Windowpane flounder,juvenile,Northumberland
Windowpane flounder|juvenile|Northumberland,Pandalus,0.05298302594439934,0,10,8,-0.05298302594439934,NA,NA,NA,Windowpane flounder,juvenile,Northumberland
Windowpane flounder|juvenile|Northumberland,Pandalus montagui,0.09382022471910112,0,10,8,-0.09382022471910112,NA,NA,NA,Windowpane flounder,juvenile,Northumberland
Windowpane flounder|juvenile|Northumberland,Perciformes,0,0,10,8,0,NA,NA,NA,Windowpane flounder,juvenile,Northumberland
Windowpane flounder|juvenile|Northumberland,Polychaeta,0,0,10,8,0,NA,NA,NA,Windowpane flounder,juvenile,Northumberland
Windowpane flounder|juvenile|Northumberland,Teleostei,0.0011243386243386245,0.035656886882779376,10,8,0.03453254825844075,0.12117896559713243,0.7735470941883767,2018-2019,Windowpane flounder,juvenile,Northumberland
Windowpane flounder|juvenile|Northumberland,Thoridae,0,0.07511478015186296,10,8,0.07511478015186296,NA,NA,NA,Windowpane flounder,juvenile,Northumberland
Windowpane flounder|juvenile|Northumberland,Vertebrata,0,0,10,8,0,NA,NA,NA,Windowpane flounder,juvenile,Northumberland
Windowpane flounder|juvenile|Northumberland,egg_larvae,0,0,10,8,0,NA,NA,NA,Windowpane flounder,juvenile,Northumberland
Windowpane flounder|juvenile|Northumberland,other_phyla,0,0,10,8,0,NA,NA,NA,Windowpane flounder,juvenile,Northumberland
Windowpane flounder|juvenile|Northumberland,plantae_chromista,0,0.002439078227088116,10,8,0.002439078227088116,NA,NA,NA,Windowpane flounder,juvenile,Northumberland
Winter flounder|adult|Magdalen Shallows,Amphilochida,4.1226778154529594e-4,0,49,20,-4.1226778154529594e-4,NA,NA,NA,Winter flounder,adult,Magdalen Shallows
Winter flounder|adult|Magdalen Shallows,Amphipoda,0.03978675124870488,0.017511540456081984,49,20,-0.022275210792622895,0.4251302217506722,0.2865731462925852,2004-2006,Winter flounder,adult,Magdalen Shallows
Winter flounder|adult|Magdalen Shallows,Annelida,0,0,49,20,0,NA,NA,NA,Winter flounder,adult,Magdalen Shallows
Winter flounder|adult|Magdalen Shallows,Argis dentata,0,0,49,20,0,NA,NA,NA,Winter flounder,adult,Magdalen Shallows
Winter flounder|adult|Magdalen Shallows,Arthropoda,4.955027185167185e-4,0,49,20,-4.955027185167185e-4,0.14285714285714285,0.17234468937875752,2004-2006,Winter flounder,adult,Magdalen Shallows
Winter flounder|adult|Magdalen Shallows,Bivalvia,0.13601494069343997,0.010054927593456863,49,20,-0.12596001309998311,0.5320934711924182,0.004008016032064128,2004-2006,Winter flounder,adult,Magdalen Shallows
Winter flounder|adult|Magdalen Shallows,Brachyura,0,0,49,20,0,NA,NA,NA,Winter flounder,adult,Magdalen Shallows
Winter flounder|adult|Magdalen Shallows,Caridea,0,0,49,20,0,NA,NA,NA,Winter flounder,adult,Magdalen Shallows
Winter flounder|adult|Magdalen Shallows,Chordata,0.042199288216457236,0.006533135057447392,49,20,-0.035666153159009846,0.12370551965628022,0.28256513026052105,2004-2006,Winter flounder,adult,Magdalen Shallows
Winter flounder|adult|Magdalen Shallows,Copepoda,2.263153268124344e-5,0,49,20,-2.263153268124344e-5,NA,NA,NA,Winter flounder,adult,Magdalen Shallows
Winter flounder|adult|Magdalen Shallows,Crangon septemspinosa,0.002506385036303999,0,49,20,-0.002506385036303999,0.04081632653061224,0.7955911823647295,2004-2006,Winter flounder,adult,Magdalen Shallows
Winter flounder|adult|Magdalen Shallows,Crangonidae,0,0,49,20,0,NA,NA,NA,Winter flounder,adult,Magdalen Shallows
Winter flounder|adult|Magdalen Shallows,Cumacea,2.936426369108795e-4,0,49,20,-2.936426369108795e-4,NA,NA,NA,Winter flounder,adult,Magdalen Shallows
Winter flounder|adult|Magdalen Shallows,Decapoda,0.014260433903291049,0,49,20,-0.014260433903291049,NA,NA,NA,Winter flounder,adult,Magdalen Shallows
Winter flounder|adult|Magdalen Shallows,Diastylis,0.001986156045108025,0,49,20,-0.001986156045108025,0.08163265306122448,0.4168336673346693,2004-2006,Winter flounder,adult,Magdalen Shallows
Winter flounder|adult|Magdalen Shallows,Echinodermata,0.01583300795489961,0.013685915584035044,49,20,-0.0021470923708645662,0.14230173202887278,0.6933867735470942,2004-2006,Winter flounder,adult,Magdalen Shallows
Winter flounder|adult|Magdalen Shallows,Echinozoa,0.07398990354319877,0.18196407864633496,49,20,0.10797417510313619,0.24882374160155374,0.6492985971943888,2018-2019,Winter flounder,adult,Magdalen Shallows
Winter flounder|adult|Magdalen Shallows,Eualus,0,0,49,20,0,NA,NA,NA,Winter flounder,adult,Magdalen Shallows
Winter flounder|adult|Magdalen Shallows,Eualus macilentus,0,0,49,20,0,NA,NA,NA,Winter flounder,adult,Magdalen Shallows
Winter flounder|adult|Magdalen Shallows,Eumalacostraca,2.9738585449793357e-4,0.004524476677105653,49,20,0.00422709082260772,0.046916276101311494,0.8817635270541082,2018-2019,Winter flounder,adult,Magdalen Shallows
Winter flounder|adult|Magdalen Shallows,Euphausiacea,0,0,49,20,0,NA,NA,NA,Winter flounder,adult,Magdalen Shallows
Winter flounder|adult|Magdalen Shallows,Hyperiidae,0,0,49,20,0,NA,NA,NA,Winter flounder,adult,Magdalen Shallows
Winter flounder|adult|Magdalen Shallows,Malacostraca,0,0,49,20,0,NA,NA,NA,Winter flounder,adult,Magdalen Shallows
Winter flounder|adult|Magdalen Shallows,Mollusca,0.018332457840963687,0.02705617161683028,49,20,0.008723713775866594,0.1236427924158714,0.9899799599198397,2004-2006,Winter flounder,adult,Magdalen Shallows
Winter flounder|adult|Magdalen Shallows,Mysida,2.936426369108795e-4,0,49,20,-2.936426369108795e-4,NA,NA,NA,Winter flounder,adult,Magdalen Shallows
Winter flounder|adult|Magdalen Shallows,Nematoda,4.460755968483076e-6,0.027643650410429745,49,20,0.02763918965446126,0.04999193298243479,0.6432865731462926,2018-2019,Winter flounder,adult,Magdalen Shallows
Winter flounder|adult|Magdalen Shallows,Oregoniidae,1.439505318231229e-5,1.8897133400950199e-4,49,20,1.745762808271897e-4,0.04646080815490543,0.25851703406813625,2018-2019,Winter flounder,adult,Magdalen Shallows
Winter flounder|adult|Magdalen Shallows,Pandalidae,0,0.003535520026372177,49,20,0.003535520026372177,NA,NA,NA,Winter flounder,adult,Magdalen Shallows
Winter flounder|adult|Magdalen Shallows,Pandalus,0,0,49,20,0,NA,NA,NA,Winter flounder,adult,Magdalen Shallows
Winter flounder|adult|Magdalen Shallows,Pandalus montagui,0,0,49,20,0,NA,NA,NA,Winter flounder,adult,Magdalen Shallows
Winter flounder|adult|Magdalen Shallows,Perciformes,0,0,49,20,0,NA,NA,NA,Winter flounder,adult,Magdalen Shallows
Winter flounder|adult|Magdalen Shallows,Polychaeta,0.4800092953807249,0.38867023472420015,49,20,-0.09133906065652475,0.4285263940510069,0.5070140280561122,2004-2006,Winter flounder,adult,Magdalen Shallows
Winter flounder|adult|Magdalen Shallows,Teleostei,0,0.032408478621501056,49,20,0.032408478621501056,0.15,0.012024048096192385,2018-2019,Winter flounder,adult,Magdalen Shallows
Winter flounder|adult|Magdalen Shallows,Thoridae,0,0,49,20,0,NA,NA,NA,Winter flounder,adult,Magdalen Shallows
Winter flounder|adult|Magdalen Shallows,Vertebrata,0,0,49,20,0,NA,NA,NA,Winter flounder,adult,Magdalen Shallows
Winter flounder|adult|Magdalen Shallows,egg_larvae,0.020576827740446335,0,49,20,-0.020576827740446335,0.04081632653061224,0.8056112224448898,2004-2006,Winter flounder,adult,Magdalen Shallows
Winter flounder|adult|Magdalen Shallows,other_phyla,0.07236920493051388,0.21736826138603402,49,20,0.14499905645552014,0.18755622473462916,0.9498997995991983,2018-2019,Winter flounder,adult,Magdalen Shallows
Winter flounder|adult|Magdalen Shallows,plantae_chromista,0.08030141849573369,0.06885463786616114,49,20,-0.01144678062957255,0.24171796291428388,0.6152304609218436,2004-2006,Winter flounder,adult,Magdalen Shallows
Winter flounder|adult|Northumberland,Amphilochida,0,0,15,5,0,NA,NA,NA,Winter flounder,adult,Northumberland
Winter flounder|adult|Northumberland,Amphipoda,0.04339370978717581,0,15,5,-0.04339370978717581,0.4,0.1903807615230461,2004-2006,Winter flounder,adult,Northumberland
Winter flounder|adult|Northumberland,Annelida,5.023380093520374e-4,0,15,5,-5.023380093520374e-4,NA,NA,NA,Winter flounder,adult,Northumberland
Winter flounder|adult|Northumberland,Argis dentata,0,0,15,5,0,NA,NA,NA,Winter flounder,adult,Northumberland
Winter flounder|adult|Northumberland,Arthropoda,7.934618741569468e-5,0,15,5,-7.934618741569468e-5,NA,NA,NA,Winter flounder,adult,Northumberland
Winter flounder|adult|Northumberland,Bivalvia,0.08508751762310478,0,15,5,-0.08508751762310478,0.5333333333333333,0.17635270541082165,2004-2006,Winter flounder,adult,Northumberland
Winter flounder|adult|Northumberland,Brachyura,0,0,15,5,0,NA,NA,NA,Winter flounder,adult,Northumberland
Winter flounder|adult|Northumberland,Caridea,0,0,15,5,0,NA,NA,NA,Winter flounder,adult,Northumberland
Winter flounder|adult|Northumberland,Chordata,0.05039559218724196,0,15,5,-0.05039559218724196,NA,NA,NA,Winter flounder,adult,Northumberland
Winter flounder|adult|Northumberland,Copepoda,0,0,15,5,0,NA,NA,NA,Winter flounder,adult,Northumberland
Winter flounder|adult|Northumberland,Crangon septemspinosa,0,0.2,15,5,0.2,NA,NA,NA,Winter flounder,adult,Northumberland
Winter flounder|adult|Northumberland,Crangonidae,0,0,15,5,0,NA,NA,NA,Winter flounder,adult,Northumberland
Winter flounder|adult|Northumberland,Cumacea,0,0,15,5,0,NA,NA,NA,Winter flounder,adult,Northumberland
Winter flounder|adult|Northumberland,Decapoda,7.481629926519707e-5,0,15,5,-7.481629926519707e-5,NA,NA,NA,Winter flounder,adult,Northumberland
Winter flounder|adult|Northumberland,Diastylis,1.0688042752171008e-4,0,15,5,-1.0688042752171008e-4,NA,NA,NA,Winter flounder,adult,Northumberland
Winter flounder|adult|Northumberland,Echinodermata,0.058965071896833,0,15,5,-0.058965071896833,0.3333333333333333,0.3687374749498998,2004-2006,Winter flounder,adult,Northumberland
Winter flounder|adult|Northumberland,Echinozoa,0.1399712358148161,0.1280361757105943,15,5,-0.011935060104221795,0.17408876246885074,0.8797595190380761,2004-2006,Winter flounder,adult,Northumberland
Winter flounder|adult|Northumberland,Eualus,0,0,15,5,0,NA,NA,NA,Winter flounder,adult,Northumberland
Winter flounder|adult|Northumberland,Eualus macilentus,0,0,15,5,0,NA,NA,NA,Winter flounder,adult,Northumberland
Winter flounder|adult|Northumberland,Eumalacostraca,0.0020771513353115725,0,15,5,-0.0020771513353115725,NA,NA,NA,Winter flounder,adult,Northumberland
Winter flounder|adult|Northumberland,Euphausiacea,0,0,15,5,0,NA,NA,NA,Winter flounder,adult,Northumberland
Winter flounder|adult|Northumberland,Hyperiidae,0,0,15,5,0,NA,NA,NA,Winter flounder,adult,Northumberland
Winter flounder|adult|Northumberland,Malacostraca,0,0,15,5,0,NA,NA,NA,Winter flounder,adult,Northumberland
Winter flounder|adult|Northumberland,Mollusca,0.014937622635176449,0,15,5,-0.014937622635176449,0.3333333333333333,0.3847695390781563,2004-2006,Winter flounder,adult,Northumberland
Winter flounder|adult|Northumberland,Mysida,0,0,15,5,0,NA,NA,NA,Winter flounder,adult,Northumberland
Winter flounder|adult|Northumberland,Nematoda,0,0,15,5,0,NA,NA,NA,Winter flounder,adult,Northumberland
Winter flounder|adult|Northumberland,Oregoniidae,0,0,15,5,0,NA,NA,NA,Winter flounder,adult,Northumberland
Winter flounder|adult|Northumberland,Pandalidae,0,0.07196382428940569,15,5,0.07196382428940569,NA,NA,NA,Winter flounder,adult,Northumberland
Winter flounder|adult|Northumberland,Pandalus,0,0,15,5,0,NA,NA,NA,Winter flounder,adult,Northumberland
Winter flounder|adult|Northumberland,Pandalus montagui,0,0,15,5,0,NA,NA,NA,Winter flounder,adult,Northumberland
Winter flounder|adult|Northumberland,Perciformes,0,0,15,5,0,NA,NA,NA,Winter flounder,adult,Northumberland
Winter flounder|adult|Northumberland,Polychaeta,0.5426491526355371,0.39960807958999095,15,5,-0.1430410730455462,0.5375098488377652,0.3046092184368738,2004-2006,Winter flounder,adult,Northumberland
Winter flounder|adult|Northumberland,Teleostei,0.034020040080160324,0,15,5,-0.034020040080160324,NA,NA,NA,Winter flounder,adult,Northumberland
Winter flounder|adult|Northumberland,Thoridae,0,0,15,5,0,NA,NA,NA,Winter flounder,adult,Northumberland
Winter flounder|adult|Northumberland,Vertebrata,0,0,15,5,0,NA,NA,NA,Winter flounder,adult,Northumberland
Winter flounder|adult|Northumberland,egg_larvae,0.008150953922497008,0,15,5,-0.008150953922497008,0.13333333333333333,0.7995991983967936,2004-2006,Winter flounder,adult,Northumberland
Winter flounder|adult|Northumberland,other_phyla,0.003566520987835677,3.9192041000904427e-4,15,5,-0.003174600577826633,0.1801982461974839,0.593186372745491,2004-2006,Winter flounder,adult,Northumberland
Winter flounder|adult|Northumberland,plantae_chromista,0.016022050170755545,0.2,15,5,0.18397794982924448,0.1851662826474512,0.9959919839679359,2018-2019,Winter flounder,adult,Northumberland
Winter flounder|juvenile|Magdalen Shallows,Amphilochida,0,2.053208684635883e-4,41,25,2.053208684635883e-4,NA,NA,NA,Winter flounder,juvenile,Magdalen Shallows
Winter flounder|juvenile|Magdalen Shallows,Amphipoda,0.1182456239007222,0.042233517154285055,41,25,-0.07601210674643714,0.5571143217717621,0.026052104208416832,2004-2006,Winter flounder,juvenile,Magdalen Shallows
Winter flounder|juvenile|Magdalen Shallows,Annelida,0,0.04047043162609158,41,25,0.04047043162609158,0.12,0.056112224448897796,2018-2019,Winter flounder,juvenile,Magdalen Shallows
Winter flounder|juvenile|Magdalen Shallows,Argis dentata,0,0,41,25,0,NA,NA,NA,Winter flounder,juvenile,Magdalen Shallows
Winter flounder|juvenile|Magdalen Shallows,Arthropoda,0.0011706625573045348,0.009331696975989049,41,25,0.008161034418684513,0.10662400516462901,0.40681362725450904,2018-2019,Winter flounder,juvenile,Magdalen Shallows
Winter flounder|juvenile|Magdalen Shallows,Bivalvia,0.04261571406245906,0.04722578246520852,41,25,0.004610068402749461,0.27766438456150544,0.749498997995992,2004-2006,Winter flounder,juvenile,Magdalen Shallows
Winter flounder|juvenile|Magdalen Shallows,Brachyura,0,0.03563150109743296,41,25,0.03563150109743296,0.08,0.14829659318637275,2018-2019,Winter flounder,juvenile,Magdalen Shallows
Winter flounder|juvenile|Magdalen Shallows,Caridea,0,0,41,25,0,NA,NA,NA,Winter flounder,juvenile,Magdalen Shallows
Winter flounder|juvenile|Magdalen Shallows,Chordata,0.07141846492603447,0.003578886456581128,41,25,-0.06783957846945335,0.20903703556373718,0.08016032064128256,2004-2006,Winter flounder,juvenile,Magdalen Shallows
Winter flounder|juvenile|Magdalen Shallows,Copepoda,6.470555948392066e-4,6.290681927395046e-5,41,25,-5.841487755652562e-4,0.04445825148724178,0.751503006012024,2004-2006,Winter flounder,juvenile,Magdalen Shallows
Winter flounder|juvenile|Magdalen Shallows,Crangon septemspinosa,0,0,41,25,0,NA,NA,NA,Winter flounder,juvenile,Magdalen Shallows
Winter flounder|juvenile|Magdalen Shallows,Crangonidae,0.0011457848463443932,0,41,25,-0.0011457848463443932,NA,NA,NA,Winter flounder,juvenile,Magdalen Shallows
Winter flounder|juvenile|Magdalen Shallows,Cumacea,0,0.0014696058784235135,41,25,0.0014696058784235135,NA,NA,NA,Winter flounder,juvenile,Magdalen Shallows
Winter flounder|juvenile|Magdalen Shallows,Decapoda,0,1.1156045181982986e-4,41,25,1.1156045181982986e-4,NA,NA,NA,Winter flounder,juvenile,Magdalen Shallows
Winter flounder|juvenile|Magdalen Shallows,Diastylis,0.00442769658674121,0,41,25,-0.00442769658674121,0.2682926829268293,0.008016032064128256,2004-2006,Winter flounder,juvenile,Magdalen Shallows
Winter flounder|juvenile|Magdalen Shallows,Echinodermata,0.01512125238246927,0.042791811442977966,41,25,0.027670559060508696,0.08866768625183681,0.9899799599198397,2018-2019,Winter flounder,juvenile,Magdalen Shallows
Winter flounder|juvenile|Magdalen Shallows,Echinozoa,0.06320281361239391,0.14682811245838162,41,25,0.08362529884598771,0.3075945561460684,0.22444889779559118,2018-2019,Winter flounder,juvenile,Magdalen Shallows
Winter flounder|juvenile|Magdalen Shallows,Eualus,0,0,41,25,0,NA,NA,NA,Winter flounder,juvenile,Magdalen Shallows
Winter flounder|juvenile|Magdalen Shallows,Eualus macilentus,0,0,41,25,0,NA,NA,NA,Winter flounder,juvenile,Magdalen Shallows
Winter flounder|juvenile|Magdalen Shallows,Eumalacostraca,0,0,41,25,0,NA,NA,NA,Winter flounder,juvenile,Magdalen Shallows
Winter flounder|juvenile|Magdalen Shallows,Euphausiacea,0,0,41,25,0,NA,NA,NA,Winter flounder,juvenile,Magdalen Shallows
Winter flounder|juvenile|Magdalen Shallows,Hyperiidae,0,0,41,25,0,NA,NA,NA,Winter flounder,juvenile,Magdalen Shallows
Winter flounder|juvenile|Magdalen Shallows,Malacostraca,0,0,41,25,0,NA,NA,NA,Winter flounder,juvenile,Magdalen Shallows
Winter flounder|juvenile|Magdalen Shallows,Mollusca,0.027656996678044627,0.005758106539097355,41,25,-0.02189889013894727,0.2624349705771745,0.10420841683366733,2004-2006,Winter flounder,juvenile,Magdalen Shallows
Winter flounder|juvenile|Magdalen Shallows,Mysida,0,4.763322417386126e-5,41,25,4.763322417386126e-5,NA,NA,NA,Winter flounder,juvenile,Magdalen Shallows
Winter flounder|juvenile|Magdalen Shallows,Nematoda,0.014700171593956582,0,41,25,-0.014700171593956582,0.0975609756097561,0.2905811623246493,2004-2006,Winter flounder,juvenile,Magdalen Shallows
Winter flounder|juvenile|Magdalen Shallows,Oregoniidae,0,0,41,25,0,NA,NA,NA,Winter flounder,juvenile,Magdalen Shallows
Winter flounder|juvenile|Magdalen Shallows,Pandalidae,0,0,41,25,0,NA,NA,NA,Winter flounder,juvenile,Magdalen Shallows
Winter flounder|juvenile|Magdalen Shallows,Pandalus,0,0.004296759941089839,41,25,0.004296759941089839,NA,NA,NA,Winter flounder,juvenile,Magdalen Shallows
Winter flounder|juvenile|Magdalen Shallows,Pandalus montagui,0,0,41,25,0,NA,NA,NA,Winter flounder,juvenile,Magdalen Shallows
Winter flounder|juvenile|Magdalen Shallows,Perciformes,0,0,41,25,0,NA,NA,NA,Winter flounder,juvenile,Magdalen Shallows
Winter flounder|juvenile|Magdalen Shallows,Polychaeta,0.49315430249845443,0.42001396089769955,41,25,-0.07314034160075489,0.4346724351396576,0.5070140280561122,2004-2006,Winter flounder,juvenile,Magdalen Shallows
Winter flounder|juvenile|Magdalen Shallows,Teleostei,0,0.040414006108931796,41,25,0.040414006108931796,0.08,0.16633266533066132,2018-2019,Winter flounder,juvenile,Magdalen Shallows
Winter flounder|juvenile|Magdalen Shallows,Thoridae,0,0,41,25,0,NA,NA,NA,Winter flounder,juvenile,Magdalen Shallows
Winter flounder|juvenile|Magdalen Shallows,Vertebrata,0,0,41,25,0,NA,NA,NA,Winter flounder,juvenile,Magdalen Shallows
Winter flounder|juvenile|Magdalen Shallows,egg_larvae,8.40908024218151e-5,0,41,25,-8.40908024218151e-5,NA,NA,NA,Winter flounder,juvenile,Magdalen Shallows
Winter flounder|juvenile|Magdalen Shallows,other_phyla,0.0329966043902674,0.06961410185927346,41,25,0.036617497469006055,0.1085486759090852,0.9839679358717435,2018-2019,Winter flounder,juvenile,Magdalen Shallows
Winter flounder|juvenile|Magdalen Shallows,plantae_chromista,0.11341276556754691,0.0899142977348054,41,25,-0.02349846783274151,0.2448811753855243,0.6412825651302605,2004-2006,Winter flounder,juvenile,Magdalen Shallows
Winter flounder|juvenile|Northumberland,Amphilochida,0,0.06670590373008897,27,17,0.06670590373008897,0.29411764705882354,0.004008016032064128,2018-2019,Winter flounder,juvenile,Northumberland
Winter flounder|juvenile|Northumberland,Amphipoda,0.07274094440072447,0.048965785309647625,27,17,-0.023775159091076845,0.42058538675312584,0.44488977955911824,2004-2006,Winter flounder,juvenile,Northumberland
Winter flounder|juvenile|Northumberland,Annelida,0,8.515276405872134e-6,27,17,8.515276405872134e-6,NA,NA,NA,Winter flounder,juvenile,Northumberland
Winter flounder|juvenile|Northumberland,Argis dentata,0,0,27,17,0,NA,NA,NA,Winter flounder,juvenile,Northumberland
Winter flounder|juvenile|Northumberland,Arthropoda,6.484296000770475e-4,0.009153465091707521,27,17,0.008505035491630474,0.16479644190410764,0.531062124248497,2018-2019,Winter flounder,juvenile,Northumberland
Winter flounder|juvenile|Northumberland,Bivalvia,0.05859667110310452,0.016729820372539433,27,17,-0.04186685073056509,0.5186017115200536,0.28256513026052105,2004-2006,Winter flounder,juvenile,Northumberland
Winter flounder|juvenile|Northumberland,Brachyura,0,0.001434399263060929,27,17,0.001434399263060929,NA,NA,NA,Winter flounder,juvenile,Northumberland
Winter flounder|juvenile|Northumberland,Caridea,0,0,27,17,0,NA,NA,NA,Winter flounder,juvenile,Northumberland
Winter flounder|juvenile|Northumberland,Chordata,0.03748798762360304,0.013537623345175116,27,17,-0.02395036427842792,0.10884290925268418,0.5490981963927856,2004-2006,Winter flounder,juvenile,Northumberland
Winter flounder|juvenile|Northumberland,Copepoda,4.652708541043537e-4,5.7455622418661e-5,27,17,-4.078152316856927e-4,0.03296610106750179,1,2004-2006,Winter flounder,juvenile,Northumberland
Winter flounder|juvenile|Northumberland,Crangon septemspinosa,0.013516792689036938,0.007818252964970664,27,17,-0.005698539724066275,0.07039431172041223,0.7314629258517034,2004-2006,Winter flounder,juvenile,Northumberland
Winter flounder|juvenile|Northumberland,Crangonidae,0,0,27,17,0,NA,NA,NA,Winter flounder,juvenile,Northumberland
Winter flounder|juvenile|Northumberland,Cumacea,0,0.0020099565095793082,27,17,0.0020099565095793082,0.17647058823529413,0.04408817635270541,2018-2019,Winter flounder,juvenile,Northumberland
Winter flounder|juvenile|Northumberland,Decapoda,2.1512539052837218e-4,0.004654755565474355,27,17,0.004439630174945983,0.2811250966748507,0.01002004008016032,2018-2019,Winter flounder,juvenile,Northumberland
Winter flounder|juvenile|Northumberland,Diastylis,0.004630075132330353,0,27,17,-0.004630075132330353,0.2962962962962963,0.04008016032064128,2004-2006,Winter flounder,juvenile,Northumberland
Winter flounder|juvenile|Northumberland,Echinodermata,0.05415524646891818,0.047673693395600035,27,17,-0.006481553073318144,0.11818348724171006,0.6893787575150301,2004-2006,Winter flounder,juvenile,Northumberland
Winter flounder|juvenile|Northumberland,Echinozoa,0.05299179125640627,0.01997239035388243,27,17,-0.03301940090252384,0.10759574860472082,0.6753507014028056,2004-2006,Winter flounder,juvenile,Northumberland
Winter flounder|juvenile|Northumberland,Eualus,0,0,27,17,0,NA,NA,NA,Winter flounder,juvenile,Northumberland
Winter flounder|juvenile|Northumberland,Eualus macilentus,0,0,27,17,0,NA,NA,NA,Winter flounder,juvenile,Northumberland
Winter flounder|juvenile|Northumberland,Eumalacostraca,0.0016179846356834077,6.205435961902626e-5,27,17,-0.0015559302760643815,0.0713380547055406,0.5991983967935872,2004-2006,Winter flounder,juvenile,Northumberland
Winter flounder|juvenile|Northumberland,Euphausiacea,0,0,27,17,0,NA,NA,NA,Winter flounder,juvenile,Northumberland
Winter flounder|juvenile|Northumberland,Hyperiidae,0,0,27,17,0,NA,NA,NA,Winter flounder,juvenile,Northumberland
Winter flounder|juvenile|Northumberland,Malacostraca,0,0,27,17,0,NA,NA,NA,Winter flounder,juvenile,Northumberland
Winter flounder|juvenile|Northumberland,Mollusca,0.007976263193022422,3.312890299105304e-4,27,17,-0.007644974163111892,0.24892050408920752,0.14228456913827656,2004-2006,Winter flounder,juvenile,Northumberland
Winter flounder|juvenile|Northumberland,Mysida,0,0.004836648920634527,27,17,0.004836648920634527,NA,NA,NA,Winter flounder,juvenile,Northumberland
Winter flounder|juvenile|Northumberland,Nematoda,5.301607300209314e-4,1.0149181694033746e-5,27,17,-5.200115483268977e-4,0.07268266662384079,0.6112224448897795,2004-2006,Winter flounder,juvenile,Northumberland
Winter flounder|juvenile|Northumberland,Oregoniidae,0,0,27,17,0,NA,NA,NA,Winter flounder,juvenile,Northumberland
Winter flounder|juvenile|Northumberland,Pandalidae,0,0,27,17,0,NA,NA,NA,Winter flounder,juvenile,Northumberland
Winter flounder|juvenile|Northumberland,Pandalus,0,0,27,17,0,NA,NA,NA,Winter flounder,juvenile,Northumberland
Winter flounder|juvenile|Northumberland,Pandalus montagui,0,0,27,17,0,NA,NA,NA,Winter flounder,juvenile,Northumberland
Winter flounder|juvenile|Northumberland,Perciformes,0.004024202704839104,0,27,17,-0.004024202704839104,NA,NA,NA,Winter flounder,juvenile,Northumberland
Winter flounder|juvenile|Northumberland,Polychaeta,0.6355802663051678,0.6843554540172793,27,17,0.04877518771211142,0.45747913202530227,0.9639278557114228,2018-2019,Winter flounder,juvenile,Northumberland
Winter flounder|juvenile|Northumberland,Teleostei,0.005065686929414385,0.009821144476825801,27,17,0.004755457547411417,0.07761414974412749,0.4248496993987976,2018-2019,Winter flounder,juvenile,Northumberland
Winter flounder|juvenile|Northumberland,Thoridae,0,0.02399159488552884,27,17,0.02399159488552884,0.11764705882352941,0.14428857715430862,2018-2019,Winter flounder,juvenile,Northumberland
Winter flounder|juvenile|Northumberland,Vertebrata,0,0,27,17,0,NA,NA,NA,Winter flounder,juvenile,Northumberland
Winter flounder|juvenile|Northumberland,egg_larvae,0,0.003075942861600609,27,17,0.003075942861600609,0.17647058823529413,0.05410821643286573,2018-2019,Winter flounder,juvenile,Northumberland
Winter flounder|juvenile|Northumberland,other_phyla,0.009853739405952026,0.0022790551337380223,27,17,-0.007574684272214003,0.24063924276484439,0.21042084168336672,2004-2006,Winter flounder,juvenile,Northumberland
Winter flounder|juvenile|Northumberland,plantae_chromista,0.03990336157706634,0.032514650332618474,27,17,-0.007388711244447864,0.244895253265207,0.7895791583166333,2004-2006,Winter flounder,juvenile,Northumberland
Witch flounder|adult|Central,Amphilochida,0,4.6855711440903225e-4,28,19,4.6855711440903225e-4,NA,NA,NA,Witch flounder,adult,Central
Witch flounder|adult|Central,Amphipoda,0.14916630219996577,0.03658925515676945,28,19,-0.11257704704319632,0.6309479848325938,0.04408817635270541,2004-2006,Witch flounder,adult,Central
Witch flounder|adult|Central,Annelida,0,0.0474764708995322,28,19,0.0474764708995322,0.2631578947368421,0.01603206412825651,2018-2019,Witch flounder,adult,Central
Witch flounder|adult|Central,Argis dentata,0,0,28,19,0,NA,NA,NA,Witch flounder,adult,Central
Witch flounder|adult|Central,Arthropoda,0.016908386132227695,0,28,19,-0.016908386132227695,0.14285714285714285,0.1683366733466934,2004-2006,Witch flounder,adult,Central
Witch flounder|adult|Central,Bivalvia,0.013468530980305097,0.010053001907632612,28,19,-0.003415529072672485,0.2249516910574738,0.7835671342685371,2004-2006,Witch flounder,adult,Central
Witch flounder|adult|Central,Brachyura,0,0.08495237213112833,28,19,0.08495237213112833,0.10526315789473684,0.1843687374749499,2018-2019,Witch flounder,adult,Central
Witch flounder|adult|Central,Caridea,1.4021312394840157e-4,0,28,19,-1.4021312394840157e-4,NA,NA,NA,Witch flounder,adult,Central
Witch flounder|adult|Central,Chordata,0.00895117540687161,0.01699837351334783,28,19,0.00804719810647622,0.10342968661557649,0.34468937875751504,2018-2019,Witch flounder,adult,Central
Witch flounder|adult|Central,Copepoda,1.45748799029896e-6,0,28,19,-1.45748799029896e-6,NA,NA,NA,Witch flounder,adult,Central
Witch flounder|adult|Central,Crangon septemspinosa,0,0,28,19,0,NA,NA,NA,Witch flounder,adult,Central
Witch flounder|adult|Central,Crangonidae,0,0,28,19,0,NA,NA,NA,Witch flounder,adult,Central
Witch flounder|adult|Central,Cumacea,0,0.010342825140943817,28,19,0.010342825140943817,0.21052631578947367,0.02404809619238477,2018-2019,Witch flounder,adult,Central
Witch flounder|adult|Central,Decapoda,0.029465348458716935,0,28,19,-0.029465348458716935,NA,NA,NA,Witch flounder,adult,Central
Witch flounder|adult|Central,Diastylis,0.0022430622887824173,0,28,19,-0.0022430622887824173,0.10714285714285714,0.2665330661322645,2004-2006,Witch flounder,adult,Central
Witch flounder|adult|Central,Echinodermata,0.0173192210551291,0.06679407494253174,28,19,0.049474853887402644,0.16717821299748217,0.23446893787575152,2018-2019,Witch flounder,adult,Central
Witch flounder|adult|Central,Echinozoa,4.4690827390837155e-4,0.0350825303424192,28,19,0.03463562206851083,0.05196955080911263,0.7254509018036072,2018-2019,Witch flounder,adult,Central
Witch flounder|adult|Central,Eualus,0,0,28,19,0,NA,NA,NA,Witch flounder,adult,Central
Witch flounder|adult|Central,Eualus macilentus,0,0,28,19,0,NA,NA,NA,Witch flounder,adult,Central
Witch flounder|adult|Central,Eumalacostraca,0.0020213621113941834,0.006062582442492626,28,19,0.004041220331098443,0.11841370916883506,0.5130260521042084,2018-2019,Witch flounder,adult,Central
Witch flounder|adult|Central,Euphausiacea,0,0.0024550766057403737,28,19,0.0024550766057403737,0.10526315789473684,0.16032064128256512,2018-2019,Witch flounder,adult,Central
Witch flounder|adult|Central,Hyperiidae,0,0,28,19,0,NA,NA,NA,Witch flounder,adult,Central
Witch flounder|adult|Central,Malacostraca,0,0,28,19,0,NA,NA,NA,Witch flounder,adult,Central
Witch flounder|adult|Central,Mollusca,0.001963574116464724,0.006663768171073947,28,19,0.004700194054609223,0.24391611847098668,0.09418837675350701,2018-2019,Witch flounder,adult,Central
Witch flounder|adult|Central,Mysida,1.8288987328540386e-4,0,28,19,-1.8288987328540386e-4,0.07142857142857142,0.5090180360721442,2004-2006,Witch flounder,adult,Central
Witch flounder|adult|Central,Nematoda,0.00232261441228266,0.06589283183203537,28,19,0.06357021741975272,0.4067165396191845,0.07214428857715431,2018-2019,Witch flounder,adult,Central
Witch flounder|adult|Central,Oregoniidae,0,0.032151178728070176,28,19,0.032151178728070176,NA,NA,NA,Witch flounder,adult,Central
Witch flounder|adult|Central,Pandalidae,0,0.007114058438020517,28,19,0.007114058438020517,NA,NA,NA,Witch flounder,adult,Central
Witch flounder|adult|Central,Pandalus,0,0,28,19,0,NA,NA,NA,Witch flounder,adult,Central
Witch flounder|adult|Central,Pandalus montagui,0,0,28,19,0,NA,NA,NA,Witch flounder,adult,Central
Witch flounder|adult|Central,Perciformes,0.020813358900607225,0,28,19,-0.020813358900607225,NA,NA,NA,Witch flounder,adult,Central
Witch flounder|adult|Central,Polychaeta,0.7253506189280156,0.534981380835403,28,19,-0.19036923809261252,0.5549690397545106,0.06613226452905811,2004-2006,Witch flounder,adult,Central
Witch flounder|adult|Central,Teleostei,0.008734813573523249,0.033129825233868516,28,19,0.024395011660345266,0.08330061178031709,0.4288577154308617,2018-2019,Witch flounder,adult,Central
Witch flounder|adult|Central,Thoridae,0,0,28,19,0,NA,NA,NA,Witch flounder,adult,Central
Witch flounder|adult|Central,Vertebrata,0,0,28,19,0,NA,NA,NA,Witch flounder,adult,Central
Witch flounder|adult|Central,egg_larvae,0,0.0016800733122899908,28,19,0.0016800733122899908,NA,NA,NA,Witch flounder,adult,Central
Witch flounder|adult|Central,other_phyla,0,0,28,19,0,NA,NA,NA,Witch flounder,adult,Central
Witch flounder|adult|Central,plantae_chromista,5.001626765811526e-4,0.0011117632522912332,28,19,6.116005757100806e-4,0.07260117147527016,0.779559118236473,2018-2019,Witch flounder,adult,Central
Witch flounder|adult|Magdalen Shallows,Amphilochida,0,0.003209273573035087,38,17,0.003209273573035087,NA,NA,NA,Witch flounder,adult,Magdalen Shallows
Witch flounder|adult|Magdalen Shallows,Amphipoda,0.29968502251810136,0.2196698872519835,38,17,-0.08001513526611786,0.5466630261024817,0.24649298597194388,2004-2006,Witch flounder,adult,Magdalen Shallows
Witch flounder|adult|Magdalen Shallows,Annelida,0,0.010278882366093936,38,17,0.010278882366093936,NA,NA,NA,Witch flounder,adult,Magdalen Shallows
Witch flounder|adult|Magdalen Shallows,Argis dentata,0.022709407262437968,0,38,17,-0.022709407262437968,0.15789473684210525,0.16432865731462926,2004-2006,Witch flounder,adult,Magdalen Shallows
Witch flounder|adult|Magdalen Shallows,Arthropoda,0.03147997179708869,0.018315097875298243,38,17,-0.013164873921790447,0.1663659305831014,0.6693386773547094,2004-2006,Witch flounder,adult,Magdalen Shallows
Witch flounder|adult|Magdalen Shallows,Bivalvia,0.012222673867647532,0.0012557505027782218,38,17,-0.01096692336486931,0.28636817194651404,0.27054108216432865,2004-2006,Witch flounder,adult,Magdalen Shallows
Witch flounder|adult|Magdalen Shallows,Brachyura,0,0,38,17,0,NA,NA,NA,Witch flounder,adult,Magdalen Shallows
Witch flounder|adult|Magdalen Shallows,Caridea,0,0,38,17,0,NA,NA,NA,Witch flounder,adult,Magdalen Shallows
Witch flounder|adult|Magdalen Shallows,Chordata,3.10146211785556e-4,0,38,17,-3.10146211785556e-4,NA,NA,NA,Witch flounder,adult,Magdalen Shallows
Witch flounder|adult|Magdalen Shallows,Copepoda,1.0103057671659417e-4,0,38,17,-1.0103057671659417e-4,0.05263157894736842,0.5831663326653307,2004-2006,Witch flounder,adult,Magdalen Shallows
Witch flounder|adult|Magdalen Shallows,Crangon septemspinosa,0,0,38,17,0,NA,NA,NA,Witch flounder,adult,Magdalen Shallows
Witch flounder|adult|Magdalen Shallows,Crangonidae,0,0,38,17,0,NA,NA,NA,Witch flounder,adult,Magdalen Shallows
Witch flounder|adult|Magdalen Shallows,Cumacea,0,0.05752503810847056,38,17,0.05752503810847056,0.5294117647058824,0.002004008016032064,2018-2019,Witch flounder,adult,Magdalen Shallows
Witch flounder|adult|Magdalen Shallows,Decapoda,6.056907733565337e-4,0,38,17,-6.056907733565337e-4,0.05263157894736842,0.781563126252505,2004-2006,Witch flounder,adult,Magdalen Shallows
Witch flounder|adult|Magdalen Shallows,Diastylis,0.010476778460574158,0,38,17,-0.010476778460574158,0.6052631578947368,0.002004008016032064,2004-2006,Witch flounder,adult,Magdalen Shallows
Witch flounder|adult|Magdalen Shallows,Echinodermata,7.997045195691733e-4,1.2136464967135729e-4,38,17,-6.78339869897816e-4,0.06854487094217489,0.5851703406813628,2004-2006,Witch flounder,adult,Magdalen Shallows
Witch flounder|adult|Magdalen Shallows,Echinozoa,0.015473769270708254,0.032861884249498124,38,17,0.01738811497878987,0.042122576694043616,1,2004-2006,Witch flounder,adult,Magdalen Shallows
Witch flounder|adult|Magdalen Shallows,Eualus,0,0,38,17,0,NA,NA,NA,Witch flounder,adult,Magdalen Shallows
Witch flounder|adult|Magdalen Shallows,Eualus macilentus,0,0,38,17,0,NA,NA,NA,Witch flounder,adult,Magdalen Shallows
Witch flounder|adult|Magdalen Shallows,Eumalacostraca,0.001154950855475485,3.6998866163930034e-4,38,17,-7.849621938361847e-4,0.09965458703125916,0.7895791583166333,2004-2006,Witch flounder,adult,Magdalen Shallows
Witch flounder|adult|Magdalen Shallows,Euphausiacea,7.182156429576931e-4,0,38,17,-7.182156429576931e-4,NA,NA,NA,Witch flounder,adult,Magdalen Shallows
Witch flounder|adult|Magdalen Shallows,Hyperiidae,0,0,38,17,0,NA,NA,NA,Witch flounder,adult,Magdalen Shallows
Witch flounder|adult|Magdalen Shallows,Malacostraca,0,0.0559692614592647,38,17,0.0559692614592647,0.11764705882352941,0.10020040080160321,2018-2019,Witch flounder,adult,Magdalen Shallows
Witch flounder|adult|Magdalen Shallows,Mollusca,0.0022701128722647326,0.004607073625904459,38,17,0.0023369607536397265,0.11821883745963634,0.8016032064128257,2018-2019,Witch flounder,adult,Magdalen Shallows
Witch flounder|adult|Magdalen Shallows,Mysida,5.198965004331703e-4,0,38,17,-5.198965004331703e-4,0.07894736842105263,0.4729458917835671,2004-2006,Witch flounder,adult,Magdalen Shallows
Witch flounder|adult|Magdalen Shallows,Nematoda,0.00209102607031029,0.004286157773945224,38,17,0.0021951317036349345,0.1581431139741995,0.3727454909819639,2018-2019,Witch flounder,adult,Magdalen Shallows
Witch flounder|adult|Magdalen Shallows,Oregoniidae,0.015540050529975714,0.013680944075743507,38,17,-0.0018591064542322067,0.027990060138282556,1,2004-2006,Witch flounder,adult,Magdalen Shallows
Witch flounder|adult|Magdalen Shallows,Pandalidae,0,0,38,17,0,NA,NA,NA,Witch flounder,adult,Magdalen Shallows
Witch flounder|adult|Magdalen Shallows,Pandalus,0,0,38,17,0,NA,NA,NA,Witch flounder,adult,Magdalen Shallows
Witch flounder|adult|Magdalen Shallows,Pandalus montagui,0.007565738131813066,0,38,17,-0.007565738131813066,NA,NA,NA,Witch flounder,adult,Magdalen Shallows
Witch flounder|adult|Magdalen Shallows,Perciformes,0,0,38,17,0,NA,NA,NA,Witch flounder,adult,Magdalen Shallows
Witch flounder|adult|Magdalen Shallows,Polychaeta,0.5702481659925999,0.5749195669570769,38,17,0.004671400964477046,0.4725078722808865,0.8657314629258517,2018-2019,Witch flounder,adult,Magdalen Shallows
Witch flounder|adult|Magdalen Shallows,Teleostei,2.450266007640546e-4,0.002748451989925684,38,17,0.0025034253891616292,0.10801723918724594,0.11422845691382766,2018-2019,Witch flounder,adult,Magdalen Shallows
Witch flounder|adult|Magdalen Shallows,Thoridae,0,0,38,17,0,NA,NA,NA,Witch flounder,adult,Magdalen Shallows
Witch flounder|adult|Magdalen Shallows,Vertebrata,0,0,38,17,0,NA,NA,NA,Witch flounder,adult,Magdalen Shallows
Witch flounder|adult|Magdalen Shallows,egg_larvae,0,0,38,17,0,NA,NA,NA,Witch flounder,adult,Magdalen Shallows
Witch flounder|adult|Magdalen Shallows,other_phyla,0.005292132204786497,1.7674373764802286e-4,38,17,-0.005115388467138475,0.07639593863564761,0.6172344689378757,2004-2006,Witch flounder,adult,Magdalen Shallows
Witch flounder|adult|Magdalen Shallows,plantae_chromista,4.904893406337862e-4,4.633142023177293e-6,38,17,-4.85856198610609e-4,0.18248676389238808,0.1843687374749499,2004-2006,Witch flounder,adult,Magdalen Shallows
Witch flounder|juvenile|Central,Amphilochida,0,0,20,6,0,NA,NA,NA,Witch flounder,juvenile,Central
Witch flounder|juvenile|Central,Amphipoda,0.1555899013218592,0.29074564177537793,20,6,0.13515574045351872,0.43427065320680663,0.7855711422845691,2018-2019,Witch flounder,juvenile,Central
Witch flounder|juvenile|Central,Annelida,0,0,20,6,0,NA,NA,NA,Witch flounder,juvenile,Central
Witch flounder|juvenile|Central,Argis dentata,0,0,20,6,0,NA,NA,NA,Witch flounder,juvenile,Central
Witch flounder|juvenile|Central,Arthropoda,0.005917901991968885,0,20,6,-0.005917901991968885,0.25,0.3527054108216433,2004-2006,Witch flounder,juvenile,Central
Witch flounder|juvenile|Central,Bivalvia,0.04895058601069689,0.05054516961787774,20,6,0.0015945836071808508,0.2951920051349721,0.8276553106212425,2004-2006,Witch flounder,juvenile,Central
Witch flounder|juvenile|Central,Brachyura,0,0,20,6,0,NA,NA,NA,Witch flounder,juvenile,Central
Witch flounder|juvenile|Central,Caridea,0,0,20,6,0,NA,NA,NA,Witch flounder,juvenile,Central
Witch flounder|juvenile|Central,Chordata,0,0,20,6,0,NA,NA,NA,Witch flounder,juvenile,Central
Witch flounder|juvenile|Central,Copepoda,0.002058642994313822,0,20,6,-0.002058642994313822,0.15,0.6833667334669339,2004-2006,Witch flounder,juvenile,Central
Witch flounder|juvenile|Central,Crangon septemspinosa,0,0,20,6,0,NA,NA,NA,Witch flounder,juvenile,Central
Witch flounder|juvenile|Central,Crangonidae,0,0,20,6,0,NA,NA,NA,Witch flounder,juvenile,Central
Witch flounder|juvenile|Central,Cumacea,0,0,20,6,0,NA,NA,NA,Witch flounder,juvenile,Central
Witch flounder|juvenile|Central,Decapoda,0,0,20,6,0,NA,NA,NA,Witch flounder,juvenile,Central
Witch flounder|juvenile|Central,Diastylis,0.008187862883672872,0,20,6,-0.008187862883672872,0.15,0.7254509018036072,2004-2006,Witch flounder,juvenile,Central
Witch flounder|juvenile|Central,Echinodermata,0.001102109624899726,0.0035825545171339567,20,6,0.002480444892234231,0.12745682538153513,0.6973947895791583,2018-2019,Witch flounder,juvenile,Central
Witch flounder|juvenile|Central,Echinozoa,0,0,20,6,0,NA,NA,NA,Witch flounder,juvenile,Central
Witch flounder|juvenile|Central,Eualus,0,0,20,6,0,NA,NA,NA,Witch flounder,juvenile,Central
Witch flounder|juvenile|Central,Eualus macilentus,0,0,20,6,0,NA,NA,NA,Witch flounder,juvenile,Central
Witch flounder|juvenile|Central,Eumalacostraca,0.001644238661286537,0,20,6,-0.001644238661286537,0.1,0.8296593186372746,2004-2006,Witch flounder,juvenile,Central
Witch flounder|juvenile|Central,Euphausiacea,0.01316528980063161,0,20,6,-0.01316528980063161,0.15,0.657314629258517,2004-2006,Witch flounder,juvenile,Central
Witch flounder|juvenile|Central,Hyperiidae,0,0,20,6,0,NA,NA,NA,Witch flounder,juvenile,Central
Witch flounder|juvenile|Central,Malacostraca,0,0,20,6,0,NA,NA,NA,Witch flounder,juvenile,Central
Witch flounder|juvenile|Central,Mollusca,0,0.01791277258566978,20,6,0.01791277258566978,NA,NA,NA,Witch flounder,juvenile,Central
Witch flounder|juvenile|Central,Mysida,9.992732558139535e-5,0.003465732087227414,20,6,0.003365804761646019,0.161995846396021,0.2605210420841683,2018-2019,Witch flounder,juvenile,Central
Witch flounder|juvenile|Central,Nematoda,0.008033695024730964,0.1693379559572946,20,6,0.16130426093256361,0.4773534976411053,0.43286573146292584,2018-2019,Witch flounder,juvenile,Central
Witch flounder|juvenile|Central,Oregoniidae,0,0,20,6,0,NA,NA,NA,Witch flounder,juvenile,Central
Witch flounder|juvenile|Central,Pandalidae,0,0,20,6,0,NA,NA,NA,Witch flounder,juvenile,Central
Witch flounder|juvenile|Central,Pandalus,0,0,20,6,0,NA,NA,NA,Witch flounder,juvenile,Central
Witch flounder|juvenile|Central,Pandalus montagui,0,0,20,6,0,NA,NA,NA,Witch flounder,juvenile,Central
Witch flounder|juvenile|Central,Perciformes,0,0,20,6,0,NA,NA,NA,Witch flounder,juvenile,Central
Witch flounder|juvenile|Central,Polychaeta,0.7509020182734016,0.46441017345941865,20,6,-0.286491844813983,0.5869742130559974,0.09619238476953908,2004-2006,Witch flounder,juvenile,Central
Witch flounder|juvenile|Central,Teleostei,0.004347826086956522,0,20,6,-0.004347826086956522,NA,NA,NA,Witch flounder,juvenile,Central
Witch flounder|juvenile|Central,Thoridae,0,0,20,6,0,NA,NA,NA,Witch flounder,juvenile,Central
Witch flounder|juvenile|Central,Vertebrata,0,0,20,6,0,NA,NA,NA,Witch flounder,juvenile,Central
Witch flounder|juvenile|Central,egg_larvae,0,0,20,6,0,NA,NA,NA,Witch flounder,juvenile,Central
Witch flounder|juvenile|Central,other_phyla,0,0,20,6,0,NA,NA,NA,Witch flounder,juvenile,Central
Witch flounder|juvenile|Central,plantae_chromista,0,0,20,6,0,NA,NA,NA,Witch flounder,juvenile,Central
Witch flounder|juvenile|Magdalen Shallows,Amphilochida,0,0.01757718923833275,17,6,0.01757718923833275,0.3333333333333333,0.05811623246492986,2018-2019,Witch flounder,juvenile,Magdalen Shallows
Witch flounder|juvenile|Magdalen Shallows,Amphipoda,0.4023259341083952,0.5356524411880365,17,6,0.13332650707964128,0.5710712051530537,0.3667334669338677,2018-2019,Witch flounder,juvenile,Magdalen Shallows
Witch flounder|juvenile|Magdalen Shallows,Annelida,0,0.052552581481533515,17,6,0.052552581481533515,0.3333333333333333,0.050100200400801605,2018-2019,Witch flounder,juvenile,Magdalen Shallows
Witch flounder|juvenile|Magdalen Shallows,Argis dentata,0,0,17,6,0,NA,NA,NA,Witch flounder,juvenile,Magdalen Shallows
Witch flounder|juvenile|Magdalen Shallows,Arthropoda,0.061529260932749234,0,17,6,-0.061529260932749234,0.29411764705882354,0.22244488977955912,2004-2006,Witch flounder,juvenile,Magdalen Shallows
Witch flounder|juvenile|Magdalen Shallows,Bivalvia,0.0010442531372118183,0,17,6,-0.0010442531372118183,0.17647058823529413,0.561122244488978,2004-2006,Witch flounder,juvenile,Magdalen Shallows
Witch flounder|juvenile|Magdalen Shallows,Brachyura,0,0,17,6,0,NA,NA,NA,Witch flounder,juvenile,Magdalen Shallows
Witch flounder|juvenile|Magdalen Shallows,Caridea,0,0,17,6,0,NA,NA,NA,Witch flounder,juvenile,Magdalen Shallows
Witch flounder|juvenile|Magdalen Shallows,Chordata,0,0,17,6,0,NA,NA,NA,Witch flounder,juvenile,Magdalen Shallows
Witch flounder|juvenile|Magdalen Shallows,Copepoda,5.477051155657795e-5,0,17,6,-5.477051155657795e-5,NA,NA,NA,Witch flounder,juvenile,Magdalen Shallows
Witch flounder|juvenile|Magdalen Shallows,Crangon septemspinosa,0,0,17,6,0,NA,NA,NA,Witch flounder,juvenile,Magdalen Shallows
Witch flounder|juvenile|Magdalen Shallows,Crangonidae,0,0,17,6,0,NA,NA,NA,Witch flounder,juvenile,Magdalen Shallows
Witch flounder|juvenile|Magdalen Shallows,Cumacea,0,0.01999707753868894,17,6,0.01999707753868894,0.5,0.012024048096192385,2018-2019,Witch flounder,juvenile,Magdalen Shallows
Witch flounder|juvenile|Magdalen Shallows,Decapoda,0.002948790718923484,0.015450121654501214,17,6,0.012501330935577731,0.13995502687808598,0.2665330661322645,2018-2019,Witch flounder,juvenile,Magdalen Shallows
Witch flounder|juvenile|Magdalen Shallows,Diastylis,0.09820807659050493,0,17,6,-0.09820807659050493,0.5294117647058824,0.10420841683366733,2004-2006,Witch flounder,juvenile,Magdalen Shallows
Witch flounder|juvenile|Magdalen Shallows,Echinodermata,0,0,17,6,0,NA,NA,NA,Witch flounder,juvenile,Magdalen Shallows
Witch flounder|juvenile|Magdalen Shallows,Echinozoa,0.016948831126626405,0,17,6,-0.016948831126626405,0.11764705882352941,0.7775551102204409,2004-2006,Witch flounder,juvenile,Magdalen Shallows
Witch flounder|juvenile|Magdalen Shallows,Eualus,0,0,17,6,0,NA,NA,NA,Witch flounder,juvenile,Magdalen Shallows
Witch flounder|juvenile|Magdalen Shallows,Eualus macilentus,0,0,17,6,0,NA,NA,NA,Witch flounder,juvenile,Magdalen Shallows
Witch flounder|juvenile|Magdalen Shallows,Eumalacostraca,0,0,17,6,0,NA,NA,NA,Witch flounder,juvenile,Magdalen Shallows
Witch flounder|juvenile|Magdalen Shallows,Euphausiacea,0,0,17,6,0,NA,NA,NA,Witch flounder,juvenile,Magdalen Shallows
Witch flounder|juvenile|Magdalen Shallows,Hyperiidae,0,0,17,6,0,NA,NA,NA,Witch flounder,juvenile,Magdalen Shallows
Witch flounder|juvenile|Magdalen Shallows,Malacostraca,0,0,17,6,0,NA,NA,NA,Witch flounder,juvenile,Magdalen Shallows
Witch flounder|juvenile|Magdalen Shallows,Mollusca,0.012981744421906694,0,17,6,-0.012981744421906694,NA,NA,NA,Witch flounder,juvenile,Magdalen Shallows
Witch flounder|juvenile|Magdalen Shallows,Mysida,4.712794451469999e-5,0,17,6,-4.712794451469999e-5,NA,NA,NA,Witch flounder,juvenile,Magdalen Shallows
Witch flounder|juvenile|Magdalen Shallows,Nematoda,0.001043766035966208,0.0026811574248068195,17,6,0.0016373913888406114,0.23992953171091494,0.5430861723446894,2018-2019,Witch flounder,juvenile,Magdalen Shallows
Witch flounder|juvenile|Magdalen Shallows,Oregoniidae,0,0,17,6,0,NA,NA,NA,Witch flounder,juvenile,Magdalen Shallows
Witch flounder|juvenile|Magdalen Shallows,Pandalidae,0,0,17,6,0,NA,NA,NA,Witch flounder,juvenile,Magdalen Shallows
Witch flounder|juvenile|Magdalen Shallows,Pandalus,0,0,17,6,0,NA,NA,NA,Witch flounder,juvenile,Magdalen Shallows
Witch flounder|juvenile|Magdalen Shallows,Pandalus montagui,0,0,17,6,0,NA,NA,NA,Witch flounder,juvenile,Magdalen Shallows
Witch flounder|juvenile|Magdalen Shallows,Perciformes,0,0,17,6,0,NA,NA,NA,Witch flounder,juvenile,Magdalen Shallows
Witch flounder|juvenile|Magdalen Shallows,Polychaeta,0.4008582091868745,0.2923962935862185,17,6,-0.10846191560065599,0.4421732990243569,0.4188376753507014,2004-2006,Witch flounder,juvenile,Magdalen Shallows
Witch flounder|juvenile|Magdalen Shallows,Teleostei,0,0.04824561403508771,17,6,0.04824561403508771,NA,NA,NA,Witch flounder,juvenile,Magdalen Shallows
Witch flounder|juvenile|Magdalen Shallows,Thoridae,0,0,17,6,0,NA,NA,NA,Witch flounder,juvenile,Magdalen Shallows
Witch flounder|juvenile|Magdalen Shallows,Vertebrata,0,0,17,6,0,NA,NA,NA,Witch flounder,juvenile,Magdalen Shallows
Witch flounder|juvenile|Magdalen Shallows,egg_larvae,0,0,17,6,0,NA,NA,NA,Witch flounder,juvenile,Magdalen Shallows
Witch flounder|juvenile|Magdalen Shallows,other_phyla,0,0.011509919733454492,17,6,0.011509919733454492,NA,NA,NA,Witch flounder,juvenile,Magdalen Shallows
Witch flounder|juvenile|Magdalen Shallows,plantae_chromista,0.002009235284770193,0.003937604119339694,17,6,0.0019283688345695014,0.11035565426060323,0.8657314629258517,2018-2019,Witch flounder,juvenile,Magdalen Shallows
Yellowtail flounder|adult|Magdalen Shallows,Amphilochida,1.70059350713399e-4,0.001919191919191919,85,20,0.00174913256847852,0.04593013647609017,0.1743486973947896,2018-2019,Yellowtail flounder,adult,Magdalen Shallows
Yellowtail flounder|adult|Magdalen Shallows,Amphipoda,0.2603445851763298,0.2616523812581882,85,20,0.0013077960818583811,0.4576740062294218,0.7935871743486974,2004-2006,Yellowtail flounder,adult,Magdalen Shallows
Yellowtail flounder|adult|Magdalen Shallows,Annelida,0,0.09592274401914706,85,20,0.09592274401914706,0.15,0.004008016032064128,2018-2019,Yellowtail flounder,adult,Magdalen Shallows
Yellowtail flounder|adult|Magdalen Shallows,Argis dentata,0.007867402462550774,0,85,20,-0.007867402462550774,0.023529411764705882,0.8396793587174348,2004-2006,Yellowtail flounder,adult,Magdalen Shallows
Yellowtail flounder|adult|Magdalen Shallows,Arthropoda,0.004560718623432617,0.06517558952779992,85,20,0.060614870904367305,0.1401900772832523,0.04609218436873747,2018-2019,Yellowtail flounder,adult,Magdalen Shallows
Yellowtail flounder|adult|Magdalen Shallows,Bivalvia,0.04350519228851176,0.005084869641706966,85,20,-0.0384203226468048,0.6109458340914751,0.008016032064128256,2004-2006,Yellowtail flounder,adult,Magdalen Shallows
Yellowtail flounder|adult|Magdalen Shallows,Brachyura,0.0012296778007685487,0,85,20,-0.0012296778007685487,NA,NA,NA,Yellowtail flounder,adult,Magdalen Shallows
Yellowtail flounder|adult|Magdalen Shallows,Caridea,0,0,85,20,0,NA,NA,NA,Yellowtail flounder,adult,Magdalen Shallows
Yellowtail flounder|adult|Magdalen Shallows,Chordata,0.015567372096309073,0,85,20,-0.015567372096309073,0.047058823529411764,0.5490981963927856,2004-2006,Yellowtail flounder,adult,Magdalen Shallows
Yellowtail flounder|adult|Magdalen Shallows,Copepoda,1.900414480398175e-6,7.133798351299935e-5,85,20,6.943756903260118e-5,0.04870258325382165,0.21643286573146292,2018-2019,Yellowtail flounder,adult,Magdalen Shallows
Yellowtail flounder|adult|Magdalen Shallows,Crangon septemspinosa,1.4217167229429534e-4,0,85,20,-1.4217167229429534e-4,NA,NA,NA,Yellowtail flounder,adult,Magdalen Shallows
Yellowtail flounder|adult|Magdalen Shallows,Crangonidae,0,0,85,20,0,NA,NA,NA,Yellowtail flounder,adult,Magdalen Shallows
Yellowtail flounder|adult|Magdalen Shallows,Cumacea,6.257348053303377e-4,0.002194897273434345,85,20,0.0015691624681040072,0.11672369235740328,0.0781563126252505,2018-2019,Yellowtail flounder,adult,Magdalen Shallows
Yellowtail flounder|adult|Magdalen Shallows,Decapoda,2.210851454166286e-4,0.012412459717595938,85,20,0.012191374572179309,0.09825001495768695,0.036072144288577156,2018-2019,Yellowtail flounder,adult,Magdalen Shallows
Yellowtail flounder|adult|Magdalen Shallows,Diastylis,0.0311743780225157,0,85,20,-0.0311743780225157,0.5882352941176471,0.004008016032064128,2004-2006,Yellowtail flounder,adult,Magdalen Shallows
Yellowtail flounder|adult|Magdalen Shallows,Echinodermata,0.0028761425089939155,0,85,20,-0.0028761425089939155,0.1411764705882353,0.16633266533066132,2004-2006,Yellowtail flounder,adult,Magdalen Shallows
Yellowtail flounder|adult|Magdalen Shallows,Echinozoa,0.1376115536975306,0.12295038060358557,85,20,-0.014661173093945018,0.23610685676357046,0.779559118236473,2004-2006,Yellowtail flounder,adult,Magdalen Shallows
Yellowtail flounder|adult|Magdalen Shallows,Eualus,0,0,85,20,0,NA,NA,NA,Yellowtail flounder,adult,Magdalen Shallows
Yellowtail flounder|adult|Magdalen Shallows,Eualus macilentus,0,0,85,20,0,NA,NA,NA,Yellowtail flounder,adult,Magdalen Shallows
Yellowtail flounder|adult|Magdalen Shallows,Eumalacostraca,0.0031321250444927813,0.029593705274472287,85,20,0.026461580229979506,0.13564379414991798,0.9959919839679359,2018-2019,Yellowtail flounder,adult,Magdalen Shallows
Yellowtail flounder|adult|Magdalen Shallows,Euphausiacea,3.650347786885396e-6,0,85,20,-3.650347786885396e-6,NA,NA,NA,Yellowtail flounder,adult,Magdalen Shallows
Yellowtail flounder|adult|Magdalen Shallows,Hyperiidae,0,0,85,20,0,NA,NA,NA,Yellowtail flounder,adult,Magdalen Shallows
Yellowtail flounder|adult|Magdalen Shallows,Malacostraca,0,0,85,20,0,NA,NA,NA,Yellowtail flounder,adult,Magdalen Shallows
Yellowtail flounder|adult|Magdalen Shallows,Mollusca,0.0055777837652015785,0.0026827154562593207,85,20,-0.002895068308942258,0.12710318582678481,0.7114228456913828,2004-2006,Yellowtail flounder,adult,Magdalen Shallows
Yellowtail flounder|adult|Magdalen Shallows,Mysida,0.002511046785741697,0,85,20,-0.002511046785741697,0.03529411764705882,0.7034068136272545,2004-2006,Yellowtail flounder,adult,Magdalen Shallows
Yellowtail flounder|adult|Magdalen Shallows,Nematoda,0.00268651680600352,0,85,20,-0.00268651680600352,0.09411764705882353,0.3186372745490982,2004-2006,Yellowtail flounder,adult,Magdalen Shallows
Yellowtail flounder|adult|Magdalen Shallows,Oregoniidae,0,0.022130503144654087,85,20,0.022130503144654087,NA,NA,NA,Yellowtail flounder,adult,Magdalen Shallows
Yellowtail flounder|adult|Magdalen Shallows,Pandalidae,0,0,85,20,0,NA,NA,NA,Yellowtail flounder,adult,Magdalen Shallows
Yellowtail flounder|adult|Magdalen Shallows,Pandalus,0,0,85,20,0,NA,NA,NA,Yellowtail flounder,adult,Magdalen Shallows
Yellowtail flounder|adult|Magdalen Shallows,Pandalus montagui,0,0,85,20,0,NA,NA,NA,Yellowtail flounder,adult,Magdalen Shallows
Yellowtail flounder|adult|Magdalen Shallows,Perciformes,0.011527780758417924,0,85,20,-0.011527780758417924,NA,NA,NA,Yellowtail flounder,adult,Magdalen Shallows
Yellowtail flounder|adult|Magdalen Shallows,Polychaeta,0.4369920350834434,0.33818639906838754,85,20,-0.09880563601505588,0.49077748799493165,0.1903807615230461,2004-2006,Yellowtail flounder,adult,Magdalen Shallows
Yellowtail flounder|adult|Magdalen Shallows,Teleostei,7.734072127628185e-4,0.001591849729385546,85,20,8.184425166227276e-4,0.033650672386139745,0.7875751503006012,2018-2019,Yellowtail flounder,adult,Magdalen Shallows
Yellowtail flounder|adult|Magdalen Shallows,Thoridae,0,0,85,20,0,NA,NA,NA,Yellowtail flounder,adult,Magdalen Shallows
Yellowtail flounder|adult|Magdalen Shallows,Vertebrata,0,0,85,20,0,NA,NA,NA,Yellowtail flounder,adult,Magdalen Shallows
Yellowtail flounder|adult|Magdalen Shallows,egg_larvae,5.854243578300767e-4,0.005952380952380953,85,20,0.005366956594550876,0.04552277614541584,0.8136272545090181,2018-2019,Yellowtail flounder,adult,Magdalen Shallows
Yellowtail flounder|adult|Magdalen Shallows,other_phyla,0.020611727330908314,0.03231213913543375,85,20,0.011700411804525437,0.06105400321796835,0.8997995991983968,2018-2019,Yellowtail flounder,adult,Magdalen Shallows
Yellowtail flounder|adult|Magdalen Shallows,plantae_chromista,0.009700528442233106,1.6645529486366517e-4,85,20,-0.00953407314736944,0.24289095922406742,0.0841683366733467,2004-2006,Yellowtail flounder,adult,Magdalen Shallows
Yellowtail flounder|juvenile|Magdalen Shallows,Amphilochida,8.02544927536687e-4,0.021652492637270492,113,60,0.020849947709733804,0.22499398041301674,0.002004008016032064,2018-2019,Yellowtail flounder,juvenile,Magdalen Shallows
Yellowtail flounder|juvenile|Magdalen Shallows,Amphipoda,0.33655958734933383,0.3377265643450746,113,60,0.0011669769957407539,0.46821481141336696,0.4168336673346693,2004-2006,Yellowtail flounder,juvenile,Magdalen Shallows
Yellowtail flounder|juvenile|Magdalen Shallows,Annelida,0,0.020044892830659546,113,60,0.020044892830659546,0.1,0.004008016032064128,2018-2019,Yellowtail flounder,juvenile,Magdalen Shallows
Yellowtail flounder|juvenile|Magdalen Shallows,Argis dentata,0.0051360393473992,0,113,60,-0.0051360393473992,0.02654867256637168,0.44288577154308617,2004-2006,Yellowtail flounder,juvenile,Magdalen Shallows
Yellowtail flounder|juvenile|Magdalen Shallows,Arthropoda,0.0072750448734772944,0.03459419223917553,113,60,0.027319147365698234,0.1239365508837557,0.1342685370741483,2018-2019,Yellowtail flounder,juvenile,Magdalen Shallows
Yellowtail flounder|juvenile|Magdalen Shallows,Bivalvia,0.032709401135324584,0.03192743022501368,113,60,-7.819709103109029e-4,0.3179599645375204,0.5210420841683366,2004-2006,Yellowtail flounder,juvenile,Magdalen Shallows
Yellowtail flounder|juvenile|Magdalen Shallows,Brachyura,0,0.0017866036990511257,113,60,0.0017866036990511257,0.05,0.03006012024048096,2018-2019,Yellowtail flounder,juvenile,Magdalen Shallows
Yellowtail flounder|juvenile|Magdalen Shallows,Caridea,0,0,113,60,0,NA,NA,NA,Yellowtail flounder,juvenile,Magdalen Shallows
Yellowtail flounder|juvenile|Magdalen Shallows,Chordata,0.03571679259690437,0,113,60,-0.03571679259690437,0.08849557522123894,0.036072144288577156,2004-2006,Yellowtail flounder,juvenile,Magdalen Shallows
Yellowtail flounder|juvenile|Magdalen Shallows,Copepoda,5.3774429495338366e-5,3.471415061063027e-4,113,60,2.933670766109643e-4,0.028862368664672733,0.7935871743486974,2018-2019,Yellowtail flounder,juvenile,Magdalen Shallows
Yellowtail flounder|juvenile|Magdalen Shallows,Crangon septemspinosa,0,6.82851950924954e-4,113,60,6.82851950924954e-4,NA,NA,NA,Yellowtail flounder,juvenile,Magdalen Shallows
Yellowtail flounder|juvenile|Magdalen Shallows,Crangonidae,0.002918534350750991,0,113,60,-0.002918534350750991,0.017699115044247787,0.5430861723446894,2004-2006,Yellowtail flounder,juvenile,Magdalen Shallows
Yellowtail flounder|juvenile|Magdalen Shallows,Cumacea,0.0032370353056226666,0.013067415993054452,113,60,0.009830380687431785,0.26715436485566146,0.002004008016032064,2018-2019,Yellowtail flounder,juvenile,Magdalen Shallows
Yellowtail flounder|juvenile|Magdalen Shallows,Decapoda,0.001409221849542946,0.003495522815831088,113,60,0.002086300966288142,0.04751212760042179,0.5290581162324649,2018-2019,Yellowtail flounder,juvenile,Magdalen Shallows
Yellowtail flounder|juvenile|Magdalen Shallows,Diastylis,0.03250738996450698,6.73379162300989e-4,113,60,-0.03183401080220599,0.6155673232370655,0.002004008016032064,2004-2006,Yellowtail flounder,juvenile,Magdalen Shallows
Yellowtail flounder|juvenile|Magdalen Shallows,Echinodermata,0.011469182654093924,0.002385235519533487,113,60,-0.009083947134560438,0.11721568135987676,0.14428857715430862,2004-2006,Yellowtail flounder,juvenile,Magdalen Shallows
Yellowtail flounder|juvenile|Magdalen Shallows,Echinozoa,0.08708981808284846,0.20485433809358566,113,60,0.1177645200107372,0.3040657307085796,0.14228456913827656,2018-2019,Yellowtail flounder,juvenile,Magdalen Shallows
Yellowtail flounder|juvenile|Magdalen Shallows,Eualus,1.6706606252396252e-4,0,113,60,-1.6706606252396252e-4,NA,NA,NA,Yellowtail flounder,juvenile,Magdalen Shallows
Yellowtail flounder|juvenile|Magdalen Shallows,Eualus macilentus,1.1336039088648652e-4,0,113,60,-1.1336039088648652e-4,NA,NA,NA,Yellowtail flounder,juvenile,Magdalen Shallows
Yellowtail flounder|juvenile|Magdalen Shallows,Eumalacostraca,0.005872117299818953,0.0038195755780355955,113,60,-0.0020525417217833576,0.18230372920349397,0.41082164328657317,2004-2006,Yellowtail flounder,juvenile,Magdalen Shallows
Yellowtail flounder|juvenile|Magdalen Shallows,Euphausiacea,0.009596333450866693,0,113,60,-0.009596333450866693,0.04424778761061947,0.24849699398797595,2004-2006,Yellowtail flounder,juvenile,Magdalen Shallows
Yellowtail flounder|juvenile|Magdalen Shallows,Hyperiidae,0.004161299735878639,0.0032124910393280266,113,60,-9.488086965506121e-4,0.021783171893957013,0.8637274549098196,2018-2019,Yellowtail flounder,juvenile,Magdalen Shallows
Yellowtail flounder|juvenile|Magdalen Shallows,Malacostraca,0,0,113,60,0,NA,NA,NA,Yellowtail flounder,juvenile,Magdalen Shallows
Yellowtail flounder|juvenile|Magdalen Shallows,Mollusca,6.989562486383937e-4,0.00597764634116592,113,60,0.005278690092527526,0.10445313522194588,0.3306613226452906,2018-2019,Yellowtail flounder,juvenile,Magdalen Shallows
Yellowtail flounder|juvenile|Magdalen Shallows,Mysida,0.00798725152308626,2.806820977407737e-4,113,60,-0.007706569425345487,0.08549130295285695,0.11022044088176353,2004-2006,Yellowtail flounder,juvenile,Magdalen Shallows
Yellowtail flounder|juvenile|Magdalen Shallows,Nematoda,0.002403160192527229,0.018249621796888417,113,60,0.01584646160436119,0.07363665665898012,0.8857715430861723,2018-2019,Yellowtail flounder,juvenile,Magdalen Shallows
Yellowtail flounder|juvenile|Magdalen Shallows,Oregoniidae,7.196956922399802e-4,0,113,60,-7.196956922399802e-4,0.02654867256637168,0.49498997995991983,2004-2006,Yellowtail flounder,juvenile,Magdalen Shallows
Yellowtail flounder|juvenile|Magdalen Shallows,Pandalidae,0,0,113,60,0,NA,NA,NA,Yellowtail flounder,juvenile,Magdalen Shallows
Yellowtail flounder|juvenile|Magdalen Shallows,Pandalus,0,0,113,60,0,NA,NA,NA,Yellowtail flounder,juvenile,Magdalen Shallows
Yellowtail flounder|juvenile|Magdalen Shallows,Pandalus montagui,0.0033273710460931688,0,113,60,-0.0033273710460931688,0.017699115044247787,0.5350701402805611,2004-2006,Yellowtail flounder,juvenile,Magdalen Shallows
Yellowtail flounder|juvenile|Magdalen Shallows,Perciformes,0,0.008211060576099136,113,60,0.008211060576099136,NA,NA,NA,Yellowtail flounder,juvenile,Magdalen Shallows
Yellowtail flounder|juvenile|Magdalen Shallows,Polychaeta,0.3799321681534661,0.15670793895373514,113,60,-0.22322422919973095,0.5764110824901648,0.002004008016032064,2004-2006,Yellowtail flounder,juvenile,Magdalen Shallows
Yellowtail flounder|juvenile|Magdalen Shallows,Teleostei,0.003911963740898885,0.08358961439919278,113,60,0.0796776506582939,0.17513698570460953,0.002004008016032064,2018-2019,Yellowtail flounder,juvenile,Magdalen Shallows
Yellowtail flounder|juvenile|Magdalen Shallows,Thoridae,0,0,113,60,0,NA,NA,NA,Yellowtail flounder,juvenile,Magdalen Shallows
Yellowtail flounder|juvenile|Magdalen Shallows,Vertebrata,0,0,113,60,0,NA,NA,NA,Yellowtail flounder,juvenile,Magdalen Shallows
Yellowtail flounder|juvenile|Magdalen Shallows,egg_larvae,0.0023385245858834214,0.011651812723485203,113,60,0.009313288137601782,0.08328471619967713,0.2965931863727455,2018-2019,Yellowtail flounder,juvenile,Magdalen Shallows
Yellowtail flounder|juvenile|Magdalen Shallows,other_phyla,0.014526208827075164,0.01631272060108717,113,60,0.0017865117740120048,0.05835829328973695,0.9739478957915831,2004-2006,Yellowtail flounder,juvenile,Magdalen Shallows
Yellowtail flounder|juvenile|Magdalen Shallows,plantae_chromista,0.007360156183279485,0.018748774875659995,113,60,0.01138861869238051,0.21542944251531013,0.46893787575150303,2018-2019,Yellowtail flounder,juvenile,Magdalen Shallows
Yellowtail flounder|juvenile|Northumberland,Amphilochida,0,0.035782023248073024,14,6,0.035782023248073024,0.3333333333333333,0.09218436873747494,2018-2019,Yellowtail flounder,juvenile,Northumberland
Yellowtail flounder|juvenile|Northumberland,Amphipoda,0.16039991172858661,0.13873101482668818,14,6,-0.021668896901898438,0.4213155206777751,0.7434869739478958,2004-2006,Yellowtail flounder,juvenile,Northumberland
Yellowtail flounder|juvenile|Northumberland,Annelida,0,0.0012211554657234292,14,6,0.0012211554657234292,NA,NA,NA,Yellowtail flounder,juvenile,Northumberland
Yellowtail flounder|juvenile|Northumberland,Argis dentata,0,0,14,6,0,NA,NA,NA,Yellowtail flounder,juvenile,Northumberland
Yellowtail flounder|juvenile|Northumberland,Arthropoda,0,4.6623125413716894e-4,14,6,4.6623125413716894e-4,0.3333333333333333,0.0841683366733467,2018-2019,Yellowtail flounder,juvenile,Northumberland
Yellowtail flounder|juvenile|Northumberland,Bivalvia,0.07203925585801473,0.13006499073730146,14,6,0.058025734879286736,0.21451799080325998,0.9919839679358717,2018-2019,Yellowtail flounder,juvenile,Northumberland
Yellowtail flounder|juvenile|Northumberland,Brachyura,0,0,14,6,0,NA,NA,NA,Yellowtail flounder,juvenile,Northumberland
Yellowtail flounder|juvenile|Northumberland,Caridea,0,0,14,6,0,NA,NA,NA,Yellowtail flounder,juvenile,Northumberland
Yellowtail flounder|juvenile|Northumberland,Chordata,0.1332423980304744,0,14,6,-0.1332423980304744,0.21428571428571427,0.5531062124248497,2004-2006,Yellowtail flounder,juvenile,Northumberland
Yellowtail flounder|juvenile|Northumberland,Copepoda,0,0,14,6,0,NA,NA,NA,Yellowtail flounder,juvenile,Northumberland
Yellowtail flounder|juvenile|Northumberland,Crangon septemspinosa,0.03921921353854093,0,14,6,-0.03921921353854093,0.21428571428571427,0.46292585170340683,2004-2006,Yellowtail flounder,juvenile,Northumberland
Yellowtail flounder|juvenile|Northumberland,Crangonidae,0,0,14,6,0,NA,NA,NA,Yellowtail flounder,juvenile,Northumberland
Yellowtail flounder|juvenile|Northumberland,Cumacea,0,0.015854426121505612,14,6,0.015854426121505612,0.5,0.02004008016032064,2018-2019,Yellowtail flounder,juvenile,Northumberland
Yellowtail flounder|juvenile|Northumberland,Decapoda,0,4.765795206971678e-4,14,6,4.765795206971678e-4,NA,NA,NA,Yellowtail flounder,juvenile,Northumberland
Yellowtail flounder|juvenile|Northumberland,Diastylis,0.03335908357878713,0,14,6,-0.03335908357878713,0.5,0.09819639278557114,2004-2006,Yellowtail flounder,juvenile,Northumberland
Yellowtail flounder|juvenile|Northumberland,Echinodermata,0,0.0077901296951322216,14,6,0.0077901296951322216,NA,NA,NA,Yellowtail flounder,juvenile,Northumberland
Yellowtail flounder|juvenile|Northumberland,Echinozoa,0.05080594344732243,0.09275410096182031,14,6,0.04194815751449788,0.32304984769116296,0.4729458917835671,2018-2019,Yellowtail flounder,juvenile,Northumberland
Yellowtail flounder|juvenile|Northumberland,Eualus,0,0,14,6,0,NA,NA,NA,Yellowtail flounder,juvenile,Northumberland
Yellowtail flounder|juvenile|Northumberland,Eualus macilentus,0,0,14,6,0,NA,NA,NA,Yellowtail flounder,juvenile,Northumberland
Yellowtail flounder|juvenile|Northumberland,Eumalacostraca,2.1604104779908185e-4,0,14,6,-2.1604104779908185e-4,NA,NA,NA,Yellowtail flounder,juvenile,Northumberland
Yellowtail flounder|juvenile|Northumberland,Euphausiacea,0.04747884605868673,0,14,6,-0.04747884605868673,NA,NA,NA,Yellowtail flounder,juvenile,Northumberland
Yellowtail flounder|juvenile|Northumberland,Hyperiidae,0,0.06344448958068434,14,6,0.06344448958068434,0.3333333333333333,0.08216432865731463,2018-2019,Yellowtail flounder,juvenile,Northumberland
Yellowtail flounder|juvenile|Northumberland,Malacostraca,0,0,14,6,0,NA,NA,NA,Yellowtail flounder,juvenile,Northumberland
Yellowtail flounder|juvenile|Northumberland,Mollusca,0.007012024828607042,0,14,6,-0.007012024828607042,0.2857142857142857,0.4308617234468938,2004-2006,Yellowtail flounder,juvenile,Northumberland
Yellowtail flounder|juvenile|Northumberland,Mysida,0,0,14,6,0,NA,NA,NA,Yellowtail flounder,juvenile,Northumberland
Yellowtail flounder|juvenile|Northumberland,Nematoda,0,5.895233282802762e-4,14,6,5.895233282802762e-4,NA,NA,NA,Yellowtail flounder,juvenile,Northumberland
Yellowtail flounder|juvenile|Northumberland,Oregoniidae,0,0,14,6,0,NA,NA,NA,Yellowtail flounder,juvenile,Northumberland
Yellowtail flounder|juvenile|Northumberland,Pandalidae,0,0,14,6,0,NA,NA,NA,Yellowtail flounder,juvenile,Northumberland
Yellowtail flounder|juvenile|Northumberland,Pandalus,0,0,14,6,0,NA,NA,NA,Yellowtail flounder,juvenile,Northumberland
Yellowtail flounder|juvenile|Northumberland,Pandalus montagui,0,0,14,6,0,NA,NA,NA,Yellowtail flounder,juvenile,Northumberland
Yellowtail flounder|juvenile|Northumberland,Perciformes,0,0,14,6,0,NA,NA,NA,Yellowtail flounder,juvenile,Northumberland
Yellowtail flounder|juvenile|Northumberland,Polychaeta,0.4278082319471697,0.3454979524652899,14,6,-0.0823102794818798,0.43467263829326497,0.6533066132264529,2004-2006,Yellowtail flounder,juvenile,Northumberland
Yellowtail flounder|juvenile|Northumberland,Teleostei,0.01948332202971823,0.16666666666666666,14,6,0.14718334463694843,0.1492225595730978,0.2925851703406814,2018-2019,Yellowtail flounder,juvenile,Northumberland
Yellowtail flounder|juvenile|Northumberland,Thoridae,0,0,14,6,0,NA,NA,NA,Yellowtail flounder,juvenile,Northumberland
Yellowtail flounder|juvenile|Northumberland,Vertebrata,0,0,14,6,0,NA,NA,NA,Yellowtail flounder,juvenile,Northumberland
Yellowtail flounder|juvenile|Northumberland,egg_larvae,0,0,14,6,0,NA,NA,NA,Yellowtail flounder,juvenile,Northumberland
Yellowtail flounder|juvenile|Northumberland,other_phyla,0.0019521699116474653,0,14,6,-0.0019521699116474653,0.2857142857142857,0.3186372745490982,2004-2006,Yellowtail flounder,juvenile,Northumberland
Yellowtail flounder|juvenile|Northumberland,plantae_chromista,0.006983557994645522,6.607161280002455e-4,14,6,-0.006322841866645276,0.32627399478543273,0.3286573146292585,2004-2006,Yellowtail flounder,juvenile,Northumberland
