"scenario","contrast_type","mode","x_threshold","spatial_unit","g","n_classifiable"
"P1a","within","biomass",10,"Central",1,17
"P1a","within","biomass",10,"Chaleur Bay",2,12
"P1a","within","biomass",10,"Magdalen Shallows",3,48
"P1a","within","biomass",10,"Northumberland",4,14
"P1a","within","biomass",20,"Central",5,17
"P1a","within","biomass",20,"Chaleur Bay",6,12
"P1a","within","biomass",20,"Magdalen Shallows",7,48
"P1a","within","biomass",20,"Northumberland",8,14
"P1a","within","biomass",30,"Central",9,17
"P1a","within","biomass",30,"Chaleur Bay",10,12
"P1a","within","biomass",30,"Magdalen Shallows",11,48
"P1a","within","biomass",30,"Northumberland",12,14
"P1a","within","biomass",40,"Central",13,17
"P1a","within","biomass",40,"Chaleur Bay",14,12
"P1a","within","biomass",40,"Magdalen Shallows",15,48
"P1a","within","biomass",40,"Northumberland",16,14
"P1a","within","biomass",50,"Central",17,17
"P1a","within","biomass",50,"Chaleur Bay",18,12
"P1a","within","biomass",50,"Magdalen Shallows",19,48
"P1a","within","biomass",50,"Northumberland",20,14
"P1a","within","biomass",60,"Central",21,17
"P1a","within","biomass",60,"Chaleur Bay",22,12
"P1a","within","biomass",60,"Magdalen Shallows",23,48
"P1a","within","biomass",60,"Northumberland",24,14
"P1a","within","biomass",70,"Central",25,17
"P1a","within","biomass",70,"Chaleur Bay",26,12
"P1a","within","biomass",70,"Magdalen Shallows",27,48
"P1a","within","biomass",70,"Northumberland",28,14
"P1a","within","biomass",80,"Central",29,17
"P1a","within","biomass",80,"Chaleur Bay",30,12
"P1a","within","biomass",80,"Magdalen Shallows",31,48
"P1a","within","biomass",80,"Northumberland",32,14
"P1a","within","biomass",90,"Central",33,17
"P1a","within","biomass",90,"Chaleur Bay",34,12
"P1a","within","biomass",90,"Magdalen Shallows",35,48
"P1a","within","biomass",90,"Northumberland",36,14
"P1a","within","biomass",100,"Central",37,17
"P1a","within","biomass",100,"Chaleur Bay",38,12
"P1a","within","biomass",100,"Magdalen Shallows",39,48
"P1a","within","biomass",100,"Northumberland",40,14
"P1a","within","biomass",110,"Central",41,17
"P1a","within","biomass",110,"Chaleur Bay",42,12
"P1a","within","biomass",110,"Magdalen Shallows",43,48
"P1a","within","biomass",110,"Northumberland",44,14
"P1a","within","biomass",120,"Central",45,17
"P1a","within","biomass",120,"Chaleur Bay",46,12
"P1a","within","biomass",120,"Magdalen Shallows",47,48
"P1a","within","biomass",120,"Northumberland",48,14
"P1a","within","biomass",130,"Central",49,17
"P1a","within","biomass",130,"Chaleur Bay",50,12
"P1a","within","biomass",130,"Magdalen Shallows",51,48
"P1a","within","biomass",130,"Northumberland",52,14
"P1a","within","biomass",140,"Central",53,17
"P1a","within","biomass",140,"Chaleur Bay",54,12
"P1a","within","biomass",140,"Magdalen Shallows",55,48
"P1a","within","biomass",140,"Northumberland",56,14
"P1a","within","biomass",150,"Central",57,17
"P1a","within","biomass",150,"Chaleur Bay",58,12
"P1a","within","biomass",150,"Magdalen Shallows",59,48
"P1a","within","biomass",150,"Northumberland",60,14
"P1a","within","biomass",160,"Central",61,17
"P1a","within","biomass",160,"Chaleur Bay",62,12
"P1a","within","biomass",160,"Magdalen Shallows",63,48
"P1a","within","biomass",160,"Northumberland",64,14
"P1a","within","biomass",170,"Central",65,17
"P1a","within","biomass",170,"Chaleur Bay",66,12
"P1a","within","biomass",170,"Magdalen Shallows",67,48
"P1a","within","biomass",170,"Northumberland",68,14
"P1a","within","biomass",180,"Central",69,17
"P1a","within","biomass",180,"Chaleur Bay",70,12
"P1a","within","biomass",180,"Magdalen Shallows",71,48
"P1a","within","biomass",180,"Northumberland",72,14
"P1a","within","biomass",190,"Central",73,17
"P1a","within","biomass",190,"Chaleur Bay",74,12
"P1a","within","biomass",190,"Magdalen Shallows",75,48
"P1a","within","biomass",190,"Northumberland",76,14
"P1a","within","biomass",200,"Central",77,17
"P1a","within","biomass",200,"Chaleur Bay",78,12
"P1a","within","biomass",200,"Magdalen Shallows",79,48
"P1a","within","biomass",200,"Northumberland",80,14
"P1a","within","biomass",210,"Central",81,17
"P1a","within","biomass",210,"Chaleur Bay",82,12
"P1a","within","biomass",210,"Magdalen Shallows",83,48
"P1a","within","biomass",210,"Northumberland",84,14
"P1a","within","biomass",220,"Central",85,17
"P1a","within","biomass",220,"Chaleur Bay",86,12
"P1a","within","biomass",220,"Magdalen Shallows",87,48
"P1a","within","biomass",220,"Northumberland",88,14
"P1a","within","biomass",230,"Central",89,17
"P1a","within","biomass",230,"Chaleur Bay",90,12
"P1a","within","biomass",230,"Magdalen Shallows",91,48
"P1a","within","biomass",230,"Northumberland",92,14
"P1a","within","biomass",240,"Central",93,17
"P1a","within","biomass",240,"Chaleur Bay",94,12
"P1a","within","biomass",240,"Magdalen Shallows",95,48
"P1a","within","biomass",240,"Northumberland",96,14
"P1a","within","biomass",250,"Central",97,17
"P1a","within","biomass",250,"Chaleur Bay",98,12
"P1a","within","biomass",250,"Magdalen Shallows",99,48
"P1a","within","biomass",250,"Northumberland",100,14
"P1a","within","biomass",260,"Central",101,17
"P1a","within","biomass",260,"Chaleur Bay",102,12
"P1a","within","biomass",260,"Magdalen Shallows",103,48
"P1a","within","biomass",260,"Northumberland",104,14
"P1a","within","biomass",270,"Central",105,17
"P1a","within","biomass",270,"Chaleur Bay",106,12
"P1a","within","biomass",270,"Magdalen Shallows",107,48
"P1a","within","biomass",270,"Northumberland",108,14
"P1a","within","biomass",280,"Central",109,17
"P1a","within","biomass",280,"Chaleur Bay",110,12
"P1a","within","biomass",280,"Magdalen Shallows",111,48
"P1a","within","biomass",280,"Northumberland",112,14
"P1a","within","biomass",290,"Central",113,17
"P1a","within","biomass",290,"Chaleur Bay",114,12
"P1a","within","biomass",290,"Magdalen Shallows",115,48
"P1a","within","biomass",290,"Northumberland",116,14
"P1a","within","biomass",300,"Central",117,17
"P1a","within","biomass",300,"Chaleur Bay",118,12
"P1a","within","biomass",300,"Magdalen Shallows",119,48
"P1a","within","biomass",300,"Northumberland",120,14
"P1a","within","biomass",310,"Central",121,17
"P1a","within","biomass",310,"Chaleur Bay",122,12
"P1a","within","biomass",310,"Magdalen Shallows",123,48
"P1a","within","biomass",310,"Northumberland",124,14
"P1a","within","biomass",320,"Central",125,17
"P1a","within","biomass",320,"Chaleur Bay",126,12
"P1a","within","biomass",320,"Magdalen Shallows",127,48
"P1a","within","biomass",320,"Northumberland",128,14
"P1a","within","biomass",330,"Central",129,17
"P1a","within","biomass",330,"Chaleur Bay",130,12
"P1a","within","biomass",330,"Magdalen Shallows",131,48
"P1a","within","biomass",330,"Northumberland",132,14
"P1a","within","biomass",340,"Central",133,17
"P1a","within","biomass",340,"Chaleur Bay",134,12
"P1a","within","biomass",340,"Magdalen Shallows",135,48
"P1a","within","biomass",340,"Northumberland",136,14
"P1a","within","biomass",350,"Central",137,17
"P1a","within","biomass",350,"Chaleur Bay",138,12
"P1a","within","biomass",350,"Magdalen Shallows",139,48
"P1a","within","biomass",350,"Northumberland",140,14
"P1a","within","biomass",360,"Central",141,17
"P1a","within","biomass",360,"Chaleur Bay",142,12
"P1a","within","biomass",360,"Magdalen Shallows",143,48
"P1a","within","biomass",360,"Northumberland",144,14
"P1a","within","biomass",370,"Central",145,17
"P1a","within","biomass",370,"Chaleur Bay",146,12
"P1a","within","biomass",370,"Magdalen Shallows",147,48
"P1a","within","biomass",370,"Northumberland",148,14
"P1a","within","biomass",380,"Central",149,17
"P1a","within","biomass",380,"Chaleur Bay",150,12
"P1a","within","biomass",380,"Magdalen Shallows",151,48
"P1a","within","biomass",380,"Northumberland",152,14
"P1a","within","biomass",390,"Central",153,17
"P1a","within","biomass",390,"Chaleur Bay",154,12
"P1a","within","biomass",390,"Magdalen Shallows",155,48
"P1a","within","biomass",390,"Northumberland",156,14
"P1a","within","biomass",400,"Central",157,17
"P1a","within","biomass",400,"Chaleur Bay",158,12
"P1a","within","biomass",400,"Magdalen Shallows",159,48
"P1a","within","biomass",400,"Northumberland",160,14
"P1a","within","biomass",410,"Central",161,17
"P1a","within","biomass",410,"Chaleur Bay",162,12
"P1a","within","biomass",410,"Magdalen Shallows",163,48
"P1a","within","biomass",410,"Northumberland",164,14
"P1a","within","biomass",420,"Central",165,17
"P1a","within","biomass",420,"Chaleur Bay",166,12
"P1a","within","biomass",420,"Magdalen Shallows",167,48
"P1a","within","biomass",420,"Northumberland",168,14
"P1a","within","biomass",430,"Central",169,17
"P1a","within","biomass",430,"Chaleur Bay",170,12
"P1a","within","biomass",430,"Magdalen Shallows",171,48
"P1a","within","biomass",430,"Northumberland",172,14
"P1a","within","biomass",440,"Central",173,17
"P1a","within","biomass",440,"Chaleur Bay",174,12
"P1a","within","biomass",440,"Magdalen Shallows",175,48
"P1a","within","biomass",440,"Northumberland",176,14
"P1a","within","biomass",450,"Central",177,17
"P1a","within","biomass",450,"Chaleur Bay",178,12
"P1a","within","biomass",450,"Magdalen Shallows",179,48
"P1a","within","biomass",450,"Northumberland",180,14
"P1a","within","biomass",460,"Central",181,17
"P1a","within","biomass",460,"Chaleur Bay",182,12
"P1a","within","biomass",460,"Magdalen Shallows",183,48
"P1a","within","biomass",460,"Northumberland",184,14
"P1a","within","biomass",470,"Central",185,17
"P1a","within","biomass",470,"Chaleur Bay",186,12
"P1a","within","biomass",470,"Magdalen Shallows",187,48
"P1a","within","biomass",470,"Northumberland",188,14
"P1a","within","biomass",480,"Central",189,17
"P1a","within","biomass",480,"Chaleur Bay",190,12
"P1a","within","biomass",480,"Magdalen Shallows",191,48
"P1a","within","biomass",480,"Northumberland",192,14
"P1a","within","biomass",490,"Central",193,17
"P1a","within","biomass",490,"Chaleur Bay",194,12
"P1a","within","biomass",490,"Magdalen Shallows",195,48
"P1a","within","biomass",490,"Northumberland",196,14
"P1a","within","biomass",500,"Central",197,17
"P1a","within","biomass",500,"Chaleur Bay",198,12
"P1a","within","biomass",500,"Magdalen Shallows",199,48
"P1a","within","biomass",500,"Northumberland",200,14
"P1a","within","biomass",510,"Central",201,17
"P1a","within","biomass",510,"Chaleur Bay",202,12
"P1a","within","biomass",510,"Magdalen Shallows",203,48
"P1a","within","biomass",510,"Northumberland",204,14
"P1a","within","biomass",520,"Central",205,17
"P1a","within","biomass",520,"Chaleur Bay",206,12
"P1a","within","biomass",520,"Magdalen Shallows",207,48
"P1a","within","biomass",520,"Northumberland",208,14
"P1a","within","biomass",530,"Central",209,17
"P1a","within","biomass",530,"Chaleur Bay",210,12
"P1a","within","biomass",530,"Magdalen Shallows",211,48
"P1a","within","biomass",530,"Northumberland",212,14
"P1a","within","biomass",540,"Central",213,17
"P1a","within","biomass",540,"Chaleur Bay",214,12
"P1a","within","biomass",540,"Magdalen Shallows",215,48
"P1a","within","biomass",540,"Northumberland",216,14
"P1a","within","biomass",550,"Central",217,17
"P1a","within","biomass",550,"Chaleur Bay",218,12
"P1a","within","biomass",550,"Magdalen Shallows",219,48
"P1a","within","biomass",550,"Northumberland",220,14
"P1a","within","biomass",560,"Central",221,17
"P1a","within","biomass",560,"Chaleur Bay",222,12
"P1a","within","biomass",560,"Magdalen Shallows",223,48
"P1a","within","biomass",560,"Northumberland",224,14
"P1a","within","biomass",570,"Central",225,17
"P1a","within","biomass",570,"Chaleur Bay",226,12
"P1a","within","biomass",570,"Magdalen Shallows",227,48
"P1a","within","biomass",570,"Northumberland",228,14
"P1a","within","biomass",580,"Central",229,17
"P1a","within","biomass",580,"Chaleur Bay",230,12
"P1a","within","biomass",580,"Magdalen Shallows",231,48
"P1a","within","biomass",580,"Northumberland",232,14
"P1a","within","biomass",590,"Central",233,17
"P1a","within","biomass",590,"Chaleur Bay",234,12
"P1a","within","biomass",590,"Magdalen Shallows",235,48
"P1a","within","biomass",590,"Northumberland",236,14
"P1a","within","biomass",600,"Central",237,17
"P1a","within","biomass",600,"Chaleur Bay",238,12
"P1a","within","biomass",600,"Magdalen Shallows",239,48
"P1a","within","biomass",600,"Northumberland",240,14
"P1a","within","biomass",610,"Central",241,17
"P1a","within","biomass",610,"Chaleur Bay",242,12
"P1a","within","biomass",610,"Magdalen Shallows",243,48
"P1a","within","biomass",610,"Northumberland",244,14
"P1a","within","biomass",620,"Central",245,17
"P1a","within","biomass",620,"Chaleur Bay",246,12
"P1a","within","biomass",620,"Magdalen Shallows",247,48
"P1a","within","biomass",620,"Northumberland",248,14
"P1a","within","biomass",630,"Central",249,17
"P1a","within","biomass",630,"Chaleur Bay",250,12
"P1a","within","biomass",630,"Magdalen Shallows",251,48
"P1a","within","biomass",630,"Northumberland",252,14
"P1a","within","biomass",640,"Central",253,17
"P1a","within","biomass",640,"Chaleur Bay",254,12
"P1a","within","biomass",640,"Magdalen Shallows",255,48
"P1a","within","biomass",640,"Northumberland",256,14
"P1a","within","biomass",650,"Central",257,17
"P1a","within","biomass",650,"Chaleur Bay",258,12
"P1a","within","biomass",650,"Magdalen Shallows",259,48
"P1a","within","biomass",650,"Northumberland",260,14
"P1a","within","biomass",660,"Central",261,17
"P1a","within","biomass",660,"Chaleur Bay",262,12
"P1a","within","biomass",660,"Magdalen Shallows",263,48
"P1a","within","biomass",660,"Northumberland",264,14
"P1a","within","biomass",670,"Central",265,17
"P1a","within","biomass",670,"Chaleur Bay",266,12
"P1a","within","biomass",670,"Magdalen Shallows",267,48
"P1a","within","biomass",670,"Northumberland",268,14
"P1a","within","biomass",680,"Central",269,17
"P1a","within","biomass",680,"Chaleur Bay",270,12
"P1a","within","biomass",680,"Magdalen Shallows",271,48
"P1a","within","biomass",680,"Northumberland",272,14
"P1a","within","biomass",690,"Central",273,17
"P1a","within","biomass",690,"Chaleur Bay",274,12
"P1a","within","biomass",690,"Magdalen Shallows",275,48
"P1a","within","biomass",690,"Northumberland",276,14
"P1a","within","biomass",700,"Central",277,17
"P1a","within","biomass",700,"Chaleur Bay",278,12
"P1a","within","biomass",700,"Magdalen Shallows",279,48
"P1a","within","biomass",700,"Northumberland",280,14
"P1a","within","biomass",710,"Central",281,17
"P1a","within","biomass",710,"Chaleur Bay",282,12
"P1a","within","biomass",710,"Magdalen Shallows",283,48
"P1a","within","biomass",710,"Northumberland",284,14
"P1a","within","biomass",720,"Central",285,17
"P1a","within","biomass",720,"Chaleur Bay",286,12
"P1a","within","biomass",720,"Magdalen Shallows",287,48
"P1a","within","biomass",720,"Northumberland",288,14
"P1a","within","biomass",730,"Central",289,17
"P1a","within","biomass",730,"Chaleur Bay",290,12
"P1a","within","biomass",730,"Magdalen Shallows",291,48
"P1a","within","biomass",730,"Northumberland",292,14
"P1a","within","biomass",740,"Central",293,17
"P1a","within","biomass",740,"Chaleur Bay",294,12
"P1a","within","biomass",740,"Magdalen Shallows",295,48
"P1a","within","biomass",740,"Northumberland",296,14
"P1a","within","biomass",750,"Central",297,17
"P1a","within","biomass",750,"Chaleur Bay",298,12
"P1a","within","biomass",750,"Magdalen Shallows",299,48
"P1a","within","biomass",750,"Northumberland",300,14
"P1a","within","biomass",760,"Central",301,17
"P1a","within","biomass",760,"Chaleur Bay",302,12
"P1a","within","biomass",760,"Magdalen Shallows",303,48
"P1a","within","biomass",760,"Northumberland",304,14
"P1a","within","biomass",770,"Central",305,17
"P1a","within","biomass",770,"Chaleur Bay",306,12
"P1a","within","biomass",770,"Magdalen Shallows",307,48
"P1a","within","biomass",770,"Northumberland",308,14
"P1a","within","biomass",780,"Central",309,17
"P1a","within","biomass",780,"Chaleur Bay",310,12
"P1a","within","biomass",780,"Magdalen Shallows",311,48
"P1a","within","biomass",780,"Northumberland",312,14
"P1a","within","biomass",790,"Central",313,17
"P1a","within","biomass",790,"Chaleur Bay",314,12
"P1a","within","biomass",790,"Magdalen Shallows",315,48
"P1a","within","biomass",790,"Northumberland",316,14
"P1a","within","biomass",800,"Central",317,17
"P1a","within","biomass",800,"Chaleur Bay",318,12
"P1a","within","biomass",800,"Magdalen Shallows",319,48
"P1a","within","biomass",800,"Northumberland",320,14
"P1a","within","biomass",810,"Central",321,17
"P1a","within","biomass",810,"Chaleur Bay",322,12
"P1a","within","biomass",810,"Magdalen Shallows",323,48
"P1a","within","biomass",810,"Northumberland",324,14
"P1a","within","biomass",820,"Central",325,17
"P1a","within","biomass",820,"Chaleur Bay",326,12
"P1a","within","biomass",820,"Magdalen Shallows",327,48
"P1a","within","biomass",820,"Northumberland",328,14
"P1a","within","biomass",830,"Central",329,17
"P1a","within","biomass",830,"Chaleur Bay",330,12
"P1a","within","biomass",830,"Magdalen Shallows",331,48
"P1a","within","biomass",830,"Northumberland",332,14
"P1a","within","biomass",840,"Central",333,17
"P1a","within","biomass",840,"Chaleur Bay",334,12
"P1a","within","biomass",840,"Magdalen Shallows",335,48
"P1a","within","biomass",840,"Northumberland",336,14
"P1a","within","biomass",850,"Central",337,17
"P1a","within","biomass",850,"Chaleur Bay",338,12
"P1a","within","biomass",850,"Magdalen Shallows",339,48
"P1a","within","biomass",850,"Northumberland",340,14
"P1a","within","biomass",860,"Central",341,17
"P1a","within","biomass",860,"Chaleur Bay",342,12
"P1a","within","biomass",860,"Magdalen Shallows",343,48
"P1a","within","biomass",860,"Northumberland",344,14
"P1a","within","biomass",870,"Central",345,17
"P1a","within","biomass",870,"Chaleur Bay",346,12
"P1a","within","biomass",870,"Magdalen Shallows",347,48
"P1a","within","biomass",870,"Northumberland",348,14
"P1a","within","biomass",880,"Central",349,17
"P1a","within","biomass",880,"Chaleur Bay",350,12
"P1a","within","biomass",880,"Magdalen Shallows",351,48
"P1a","within","biomass",880,"Northumberland",352,14
"P1a","within","biomass",890,"Central",353,17
"P1a","within","biomass",890,"Chaleur Bay",354,12
"P1a","within","biomass",890,"Magdalen Shallows",355,48
"P1a","within","biomass",890,"Northumberland",356,14
"P1a","within","biomass",900,"Central",357,17
"P1a","within","biomass",900,"Chaleur Bay",358,12
"P1a","within","biomass",900,"Magdalen Shallows",359,48
"P1a","within","biomass",900,"Northumberland",360,14
"P1a","within","biomass",910,"Central",361,17
"P1a","within","biomass",910,"Chaleur Bay",362,12
"P1a","within","biomass",910,"Magdalen Shallows",363,48
"P1a","within","biomass",910,"Northumberland",364,14
"P1a","within","biomass",920,"Central",365,17
"P1a","within","biomass",920,"Chaleur Bay",366,12
"P1a","within","biomass",920,"Magdalen Shallows",367,48
"P1a","within","biomass",920,"Northumberland",368,14
"P1a","within","biomass",930,"Central",369,17
"P1a","within","biomass",930,"Chaleur Bay",370,12
"P1a","within","biomass",930,"Magdalen Shallows",371,48
"P1a","within","biomass",930,"Northumberland",372,14
"P1a","within","biomass",940,"Central",373,17
"P1a","within","biomass",940,"Chaleur Bay",374,12
"P1a","within","biomass",940,"Magdalen Shallows",375,48
"P1a","within","biomass",940,"Northumberland",376,14
"P1a","within","biomass",950,"Central",377,17
"P1a","within","biomass",950,"Chaleur Bay",378,12
"P1a","within","biomass",950,"Magdalen Shallows",379,48
"P1a","within","biomass",950,"Northumberland",380,14
"P1a","within","biomass",960,"Central",381,17
"P1a","within","biomass",960,"Chaleur Bay",382,12
"P1a","within","biomass",960,"Magdalen Shallows",383,48
"P1a","within","biomass",960,"Northumberland",384,14
"P1a","within","biomass",970,"Central",385,17
"P1a","within","biomass",970,"Chaleur Bay",386,12
"P1a","within","biomass",970,"Magdalen Shallows",387,48
"P1a","within","biomass",970,"Northumberland",388,14
"P1a","within","biomass",980,"Central",389,17
"P1a","within","biomass",980,"Chaleur Bay",390,12
"P1a","within","biomass",980,"Magdalen Shallows",391,48
"P1a","within","biomass",980,"Northumberland",392,14
"P1a","within","biomass",990,"Central",393,17
"P1a","within","biomass",990,"Chaleur Bay",394,12
"P1a","within","biomass",990,"Magdalen Shallows",395,48
"P1a","within","biomass",990,"Northumberland",396,14
"P1a","within","biomass",1000,"Central",397,17
"P1a","within","biomass",1000,"Chaleur Bay",398,12
"P1a","within","biomass",1000,"Magdalen Shallows",399,48
"P1a","within","biomass",1000,"Northumberland",400,14
"P1a","within","occurrence",10,"Central",401,17
"P1a","within","occurrence",10,"Chaleur Bay",402,12
"P1a","within","occurrence",10,"Magdalen Shallows",403,48
"P1a","within","occurrence",10,"Northumberland",404,14
"P1a","within","occurrence",20,"Central",405,17
"P1a","within","occurrence",20,"Chaleur Bay",406,12
"P1a","within","occurrence",20,"Magdalen Shallows",407,48
"P1a","within","occurrence",20,"Northumberland",408,14
"P1a","within","occurrence",30,"Central",409,17
"P1a","within","occurrence",30,"Chaleur Bay",410,12
"P1a","within","occurrence",30,"Magdalen Shallows",411,48
"P1a","within","occurrence",30,"Northumberland",412,14
"P1a","within","occurrence",40,"Central",413,17
"P1a","within","occurrence",40,"Chaleur Bay",414,12
"P1a","within","occurrence",40,"Magdalen Shallows",415,48
"P1a","within","occurrence",40,"Northumberland",416,14
"P1a","within","occurrence",50,"Central",417,17
"P1a","within","occurrence",50,"Chaleur Bay",418,12
"P1a","within","occurrence",50,"Magdalen Shallows",419,48
"P1a","within","occurrence",50,"Northumberland",420,14
"P1a","within","occurrence",60,"Central",421,17
"P1a","within","occurrence",60,"Chaleur Bay",422,12
"P1a","within","occurrence",60,"Magdalen Shallows",423,48
"P1a","within","occurrence",60,"Northumberland",424,14
"P1a","within","occurrence",70,"Central",425,17
"P1a","within","occurrence",70,"Chaleur Bay",426,12
"P1a","within","occurrence",70,"Magdalen Shallows",427,48
"P1a","within","occurrence",70,"Northumberland",428,14
"P1a","within","occurrence",80,"Central",429,17
"P1a","within","occurrence",80,"Chaleur Bay",430,12
"P1a","within","occurrence",80,"Magdalen Shallows",431,48
"P1a","within","occurrence",80,"Northumberland",432,14
"P1a","within","occurrence",90,"Central",433,17
"P1a","within","occurrence",90,"Chaleur Bay",434,12
"P1a","within","occurrence",90,"Magdalen Shallows",435,48
"P1a","within","occurrence",90,"Northumberland",436,14
"P1a","within","occurrence",100,"Central",437,17
"P1a","within","occurrence",100,"Chaleur Bay",438,12
"P1a","within","occurrence",100,"Magdalen Shallows",439,48
"P1a","within","occurrence",100,"Northumberland",440,14
"P1a","within","occurrence",110,"Central",441,17
"P1a","within","occurrence",110,"Chaleur Bay",442,12
"P1a","within","occurrence",110,"Magdalen Shallows",443,48
"P1a","within","occurrence",110,"Northumberland",444,14
"P1a","within","occurrence",120,"Central",445,17
"P1a","within","occurrence",120,"Chaleur Bay",446,12
"P1a","within","occurrence",120,"Magdalen Shallows",447,48
"P1a","within","occurrence",120,"Northumberland",448,14
"P1a","within","occurrence",130,"Central",449,17
"P1a","within","occurrence",130,"Chaleur Bay",450,12
"P1a","within","occurrence",130,"Magdalen Shallows",451,48
"P1a","within","occurrence",130,"Northumberland",452,14
"P1a","within","occurrence",140,"Central",453,17
"P1a","within","occurrence",140,"Chaleur Bay",454,12
"P1a","within","occurrence",140,"Magdalen Shallows",455,48
"P1a","within","occurrence",140,"Northumberland",456,14
"P1a","within","occurrence",150,"Central",457,17
"P1a","within","occurrence",150,"Chaleur Bay",458,12
"P1a","within","occurrence",150,"Magdalen Shallows",459,48
"P1a","within","occurrence",150,"Northumberland",460,14
"P1a","within","occurrence",160,"Central",461,17
"P1a","within","occurrence",160,"Chaleur Bay",462,12
"P1a","within","occurrence",160,"Magdalen Shallows",463,48
"P1a","within","occurrence",160,"Northumberland",464,14
"P1a","within","occurrence",170,"Central",465,17
"P1a","within","occurrence",170,"Chaleur Bay",466,12
"P1a","within","occurrence",170,"Magdalen Shallows",467,48
"P1a","within","occurrence",170,"Northumberland",468,14
"P1a","within","occurrence",180,"Central",469,17
"P1a","within","occurrence",180,"Chaleur Bay",470,12
"P1a","within","occurrence",180,"Magdalen Shallows",471,48
"P1a","within","occurrence",180,"Northumberland",472,14
"P1a","within","occurrence",190,"Central",473,17
"P1a","within","occurrence",190,"Chaleur Bay",474,12
"P1a","within","occurrence",190,"Magdalen Shallows",475,48
"P1a","within","occurrence",190,"Northumberland",476,14
"P1a","within","occurrence",200,"Central",477,17
"P1a","within","occurrence",200,"Chaleur Bay",478,12
"P1a","within","occurrence",200,"Magdalen Shallows",479,48
"P1a","within","occurrence",200,"Northumberland",480,14
"P1a","within","occurrence",210,"Central",481,17
"P1a","within","occurrence",210,"Chaleur Bay",482,12
"P1a","within","occurrence",210,"Magdalen Shallows",483,48
"P1a","within","occurrence",210,"Northumberland",484,14
"P1a","within","occurrence",220,"Central",485,17
"P1a","within","occurrence",220,"Chaleur Bay",486,12
"P1a","within","occurrence",220,"Magdalen Shallows",487,48
"P1a","within","occurrence",220,"Northumberland",488,14
"P1a","within","occurrence",230,"Central",489,17
"P1a","within","occurrence",230,"Chaleur Bay",490,12
"P1a","within","occurrence",230,"Magdalen Shallows",491,48
"P1a","within","occurrence",230,"Northumberland",492,14
"P1a","within","occurrence",240,"Central",493,17
"P1a","within","occurrence",240,"Chaleur Bay",494,12
"P1a","within","occurrence",240,"Magdalen Shallows",495,48
"P1a","within","occurrence",240,"Northumberland",496,14
"P1a","within","occurrence",250,"Central",497,17
"P1a","within","occurrence",250,"Chaleur Bay",498,12
"P1a","within","occurrence",250,"Magdalen Shallows",499,48
"P1a","within","occurrence",250,"Northumberland",500,14
"P1a","within","occurrence",260,"Central",501,17
"P1a","within","occurrence",260,"Chaleur Bay",502,12
"P1a","within","occurrence",260,"Magdalen Shallows",503,48
"P1a","within","occurrence",260,"Northumberland",504,14
"P1a","within","occurrence",270,"Central",505,17
"P1a","within","occurrence",270,"Chaleur Bay",506,12
"P1a","within","occurrence",270,"Magdalen Shallows",507,48
"P1a","within","occurrence",270,"Northumberland",508,14
"P1a","within","occurrence",280,"Central",509,17
"P1a","within","occurrence",280,"Chaleur Bay",510,12
"P1a","within","occurrence",280,"Magdalen Shallows",511,48
"P1a","within","occurrence",280,"Northumberland",512,14
"P1a","within","occurrence",290,"Central",513,17
"P1a","within","occurrence",290,"Chaleur Bay",514,12
"P1a","within","occurrence",290,"Magdalen Shallows",515,48
"P1a","within","occurrence",290,"Northumberland",516,14
"P1a","within","occurrence",300,"Central",517,17
"P1a","within","occurrence",300,"Chaleur Bay",518,12
"P1a","within","occurrence",300,"Magdalen Shallows",519,48
"P1a","within","occurrence",300,"Northumberland",520,14
"P1a","within","occurrence",310,"Central",521,17
"P1a","within","occurrence",310,"Chaleur Bay",522,12
"P1a","within","occurrence",310,"Magdalen Shallows",523,48
"P1a","within","occurrence",310,"Northumberland",524,14
"P1a","within","occurrence",320,"Central",525,17
"P1a","within","occurrence",320,"Chaleur Bay",526,12
"P1a","within","occurrence",320,"Magdalen Shallows",527,48
"P1a","within","occurrence",320,"Northumberland",528,14
"P1a","within","occurrence",330,"Central",529,17
"P1a","within","occurrence",330,"Chaleur Bay",530,12
"P1a","within","occurrence",330,"Magdalen Shallows",531,48
"P1a","within","occurrence",330,"Northumberland",532,14
"P1a","within","occurrence",340,"Central",533,17
"P1a","within","occurrence",340,"Chaleur Bay",534,12
"P1a","within","occurrence",340,"Magdalen Shallows",535,48
"P1a","within","occurrence",340,"Northumberland",536,14
"P1a","within","occurrence",350,"Central",537,17
"P1a","within","occurrence",350,"Chaleur Bay",538,12
"P1a","within","occurrence",350,"Magdalen Shallows",539,48
"P1a","within","occurrence",350,"Northumberland",540,14
"P1a","within","occurrence",360,"Central",541,17
"P1a","within","occurrence",360,"Chaleur Bay",542,12
"P1a","within","occurrence",360,"Magdalen Shallows",543,48
"P1a","within","occurrence",360,"Northumberland",544,14
"P1a","within","occurrence",370,"Central",545,17
"P1a","within","occurrence",370,"Chaleur Bay",546,12
"P1a","within","occurrence",370,"Magdalen Shallows",547,48
"P1a","within","occurrence",370,"Northumberland",548,14
"P1a","within","occurrence",380,"Central",549,17
"P1a","within","occurrence",380,"Chaleur Bay",550,12
"P1a","within","occurrence",380,"Magdalen Shallows",551,48
"P1a","within","occurrence",380,"Northumberland",552,14
"P1a","within","occurrence",390,"Central",553,17
"P1a","within","occurrence",390,"Chaleur Bay",554,12
"P1a","within","occurrence",390,"Magdalen Shallows",555,48
"P1a","within","occurrence",390,"Northumberland",556,14
"P1a","within","occurrence",400,"Central",557,17
"P1a","within","occurrence",400,"Chaleur Bay",558,12
"P1a","within","occurrence",400,"Magdalen Shallows",559,48
"P1a","within","occurrence",400,"Northumberland",560,14
"P1a","within","occurrence",410,"Central",561,17
"P1a","within","occurrence",410,"Chaleur Bay",562,12
"P1a","within","occurrence",410,"Magdalen Shallows",563,48
"P1a","within","occurrence",410,"Northumberland",564,14
"P1a","within","occurrence",420,"Central",565,17
"P1a","within","occurrence",420,"Chaleur Bay",566,12
"P1a","within","occurrence",420,"Magdalen Shallows",567,48
"P1a","within","occurrence",420,"Northumberland",568,14
"P1a","within","occurrence",430,"Central",569,17
"P1a","within","occurrence",430,"Chaleur Bay",570,12
"P1a","within","occurrence",430,"Magdalen Shallows",571,48
"P1a","within","occurrence",430,"Northumberland",572,14
"P1a","within","occurrence",440,"Central",573,17
"P1a","within","occurrence",440,"Chaleur Bay",574,12
"P1a","within","occurrence",440,"Magdalen Shallows",575,48
"P1a","within","occurrence",440,"Northumberland",576,14
"P1a","within","occurrence",450,"Central",577,17
"P1a","within","occurrence",450,"Chaleur Bay",578,12
"P1a","within","occurrence",450,"Magdalen Shallows",579,48
"P1a","within","occurrence",450,"Northumberland",580,14
"P1a","within","occurrence",460,"Central",581,17
"P1a","within","occurrence",460,"Chaleur Bay",582,12
"P1a","within","occurrence",460,"Magdalen Shallows",583,48
"P1a","within","occurrence",460,"Northumberland",584,14
"P1a","within","occurrence",470,"Central",585,17
"P1a","within","occurrence",470,"Chaleur Bay",586,12
"P1a","within","occurrence",470,"Magdalen Shallows",587,48
"P1a","within","occurrence",470,"Northumberland",588,14
"P1a","within","occurrence",480,"Central",589,17
"P1a","within","occurrence",480,"Chaleur Bay",590,12
"P1a","within","occurrence",480,"Magdalen Shallows",591,48
"P1a","within","occurrence",480,"Northumberland",592,14
"P1a","within","occurrence",490,"Central",593,17
"P1a","within","occurrence",490,"Chaleur Bay",594,12
"P1a","within","occurrence",490,"Magdalen Shallows",595,48
"P1a","within","occurrence",490,"Northumberland",596,14
"P1a","within","occurrence",500,"Central",597,17
"P1a","within","occurrence",500,"Chaleur Bay",598,12
"P1a","within","occurrence",500,"Magdalen Shallows",599,48
"P1a","within","occurrence",500,"Northumberland",600,14
"P1a","within","occurrence",510,"Central",601,17
"P1a","within","occurrence",510,"Chaleur Bay",602,12
"P1a","within","occurrence",510,"Magdalen Shallows",603,48
"P1a","within","occurrence",510,"Northumberland",604,14
"P1a","within","occurrence",520,"Central",605,17
"P1a","within","occurrence",520,"Chaleur Bay",606,12
"P1a","within","occurrence",520,"Magdalen Shallows",607,48
"P1a","within","occurrence",520,"Northumberland",608,14
"P1a","within","occurrence",530,"Central",609,17
"P1a","within","occurrence",530,"Chaleur Bay",610,12
"P1a","within","occurrence",530,"Magdalen Shallows",611,48
"P1a","within","occurrence",530,"Northumberland",612,14
"P1a","within","occurrence",540,"Central",613,17
"P1a","within","occurrence",540,"Chaleur Bay",614,12
"P1a","within","occurrence",540,"Magdalen Shallows",615,48
"P1a","within","occurrence",540,"Northumberland",616,14
"P1a","within","occurrence",550,"Central",617,17
"P1a","within","occurrence",550,"Chaleur Bay",618,12
"P1a","within","occurrence",550,"Magdalen Shallows",619,48
"P1a","within","occurrence",550,"Northumberland",620,14
"P1a","within","occurrence",560,"Central",621,17
"P1a","within","occurrence",560,"Chaleur Bay",622,12
"P1a","within","occurrence",560,"Magdalen Shallows",623,48
"P1a","within","occurrence",560,"Northumberland",624,14
"P1a","within","occurrence",570,"Central",625,17
"P1a","within","occurrence",570,"Chaleur Bay",626,12
"P1a","within","occurrence",570,"Magdalen Shallows",627,48
"P1a","within","occurrence",570,"Northumberland",628,14
"P1a","within","occurrence",580,"Central",629,17
"P1a","within","occurrence",580,"Chaleur Bay",630,12
"P1a","within","occurrence",580,"Magdalen Shallows",631,48
"P1a","within","occurrence",580,"Northumberland",632,14
"P1a","within","occurrence",590,"Central",633,17
"P1a","within","occurrence",590,"Chaleur Bay",634,12
"P1a","within","occurrence",590,"Magdalen Shallows",635,48
"P1a","within","occurrence",590,"Northumberland",636,14
"P1a","within","occurrence",600,"Central",637,17
"P1a","within","occurrence",600,"Chaleur Bay",638,12
"P1a","within","occurrence",600,"Magdalen Shallows",639,48
"P1a","within","occurrence",600,"Northumberland",640,14
"P1a","within","occurrence",610,"Central",641,17
"P1a","within","occurrence",610,"Chaleur Bay",642,12
"P1a","within","occurrence",610,"Magdalen Shallows",643,48
"P1a","within","occurrence",610,"Northumberland",644,14
"P1a","within","occurrence",620,"Central",645,17
"P1a","within","occurrence",620,"Chaleur Bay",646,12
"P1a","within","occurrence",620,"Magdalen Shallows",647,48
"P1a","within","occurrence",620,"Northumberland",648,14
"P1a","within","occurrence",630,"Central",649,17
"P1a","within","occurrence",630,"Chaleur Bay",650,12
"P1a","within","occurrence",630,"Magdalen Shallows",651,48
"P1a","within","occurrence",630,"Northumberland",652,14
"P1a","within","occurrence",640,"Central",653,17
"P1a","within","occurrence",640,"Chaleur Bay",654,12
"P1a","within","occurrence",640,"Magdalen Shallows",655,48
"P1a","within","occurrence",640,"Northumberland",656,14
"P1a","within","occurrence",650,"Central",657,17
"P1a","within","occurrence",650,"Chaleur Bay",658,12
"P1a","within","occurrence",650,"Magdalen Shallows",659,48
"P1a","within","occurrence",650,"Northumberland",660,14
"P1a","within","occurrence",660,"Central",661,17
"P1a","within","occurrence",660,"Chaleur Bay",662,12
"P1a","within","occurrence",660,"Magdalen Shallows",663,48
"P1a","within","occurrence",660,"Northumberland",664,14
"P1a","within","occurrence",670,"Central",665,17
"P1a","within","occurrence",670,"Chaleur Bay",666,12
"P1a","within","occurrence",670,"Magdalen Shallows",667,48
"P1a","within","occurrence",670,"Northumberland",668,14
"P1a","within","occurrence",680,"Central",669,17
"P1a","within","occurrence",680,"Chaleur Bay",670,12
"P1a","within","occurrence",680,"Magdalen Shallows",671,48
"P1a","within","occurrence",680,"Northumberland",672,14
"P1a","within","occurrence",690,"Central",673,17
"P1a","within","occurrence",690,"Chaleur Bay",674,12
"P1a","within","occurrence",690,"Magdalen Shallows",675,48
"P1a","within","occurrence",690,"Northumberland",676,14
"P1a","within","occurrence",700,"Central",677,17
"P1a","within","occurrence",700,"Chaleur Bay",678,12
"P1a","within","occurrence",700,"Magdalen Shallows",679,48
"P1a","within","occurrence",700,"Northumberland",680,14
"P1a","within","occurrence",710,"Central",681,17
"P1a","within","occurrence",710,"Chaleur Bay",682,12
"P1a","within","occurrence",710,"Magdalen Shallows",683,48
"P1a","within","occurrence",710,"Northumberland",684,14
"P1a","within","occurrence",720,"Central",685,17
"P1a","within","occurrence",720,"Chaleur Bay",686,12
"P1a","within","occurrence",720,"Magdalen Shallows",687,48
"P1a","within","occurrence",720,"Northumberland",688,14
"P1a","within","occurrence",730,"Central",689,17
"P1a","within","occurrence",730,"Chaleur Bay",690,12
"P1a","within","occurrence",730,"Magdalen Shallows",691,48
"P1a","within","occurrence",730,"Northumberland",692,14
"P1a","within","occurrence",740,"Central",693,17
"P1a","within","occurrence",740,"Chaleur Bay",694,12
"P1a","within","occurrence",740,"Magdalen Shallows",695,48
"P1a","within","occurrence",740,"Northumberland",696,14
"P1a","within","occurrence",750,"Central",697,17
"P1a","within","occurrence",750,"Chaleur Bay",698,12
"P1a","within","occurrence",750,"Magdalen Shallows",699,48
"P1a","within","occurrence",750,"Northumberland",700,14
"P1a","within","occurrence",760,"Central",701,17
"P1a","within","occurrence",760,"Chaleur Bay",702,12
"P1a","within","occurrence",760,"Magdalen Shallows",703,48
"P1a","within","occurrence",760,"Northumberland",704,14
"P1a","within","occurrence",770,"Central",705,17
"P1a","within","occurrence",770,"Chaleur Bay",706,12
"P1a","within","occurrence",770,"Magdalen Shallows",707,48
"P1a","within","occurrence",770,"Northumberland",708,14
"P1a","within","occurrence",780,"Central",709,17
"P1a","within","occurrence",780,"Chaleur Bay",710,12
"P1a","within","occurrence",780,"Magdalen Shallows",711,48
"P1a","within","occurrence",780,"Northumberland",712,14
"P1a","within","occurrence",790,"Central",713,17
"P1a","within","occurrence",790,"Chaleur Bay",714,12
"P1a","within","occurrence",790,"Magdalen Shallows",715,48
"P1a","within","occurrence",790,"Northumberland",716,14
"P1a","within","occurrence",800,"Central",717,17
"P1a","within","occurrence",800,"Chaleur Bay",718,12
"P1a","within","occurrence",800,"Magdalen Shallows",719,48
"P1a","within","occurrence",800,"Northumberland",720,14
"P1a","within","occurrence",810,"Central",721,17
"P1a","within","occurrence",810,"Chaleur Bay",722,12
"P1a","within","occurrence",810,"Magdalen Shallows",723,48
"P1a","within","occurrence",810,"Northumberland",724,14
"P1a","within","occurrence",820,"Central",725,17
"P1a","within","occurrence",820,"Chaleur Bay",726,12
"P1a","within","occurrence",820,"Magdalen Shallows",727,48
"P1a","within","occurrence",820,"Northumberland",728,14
"P1a","within","occurrence",830,"Central",729,17
"P1a","within","occurrence",830,"Chaleur Bay",730,12
"P1a","within","occurrence",830,"Magdalen Shallows",731,48
"P1a","within","occurrence",830,"Northumberland",732,14
"P1a","within","occurrence",840,"Central",733,17
"P1a","within","occurrence",840,"Chaleur Bay",734,12
"P1a","within","occurrence",840,"Magdalen Shallows",735,48
"P1a","within","occurrence",840,"Northumberland",736,14
"P1a","within","occurrence",850,"Central",737,17
"P1a","within","occurrence",850,"Chaleur Bay",738,12
"P1a","within","occurrence",850,"Magdalen Shallows",739,48
"P1a","within","occurrence",850,"Northumberland",740,14
"P1a","within","occurrence",860,"Central",741,17
"P1a","within","occurrence",860,"Chaleur Bay",742,12
"P1a","within","occurrence",860,"Magdalen Shallows",743,48
"P1a","within","occurrence",860,"Northumberland",744,14
"P1a","within","occurrence",870,"Central",745,17
"P1a","within","occurrence",870,"Chaleur Bay",746,12
"P1a","within","occurrence",870,"Magdalen Shallows",747,48
"P1a","within","occurrence",870,"Northumberland",748,14
"P1a","within","occurrence",880,"Central",749,17
"P1a","within","occurrence",880,"Chaleur Bay",750,12
"P1a","within","occurrence",880,"Magdalen Shallows",751,48
"P1a","within","occurrence",880,"Northumberland",752,14
"P1a","within","occurrence",890,"Central",753,17
"P1a","within","occurrence",890,"Chaleur Bay",754,12
"P1a","within","occurrence",890,"Magdalen Shallows",755,48
"P1a","within","occurrence",890,"Northumberland",756,14
"P1a","within","occurrence",900,"Central",757,17
"P1a","within","occurrence",900,"Chaleur Bay",758,12
"P1a","within","occurrence",900,"Magdalen Shallows",759,48
"P1a","within","occurrence",900,"Northumberland",760,14
"P1a","within","occurrence",910,"Central",761,17
"P1a","within","occurrence",910,"Chaleur Bay",762,12
"P1a","within","occurrence",910,"Magdalen Shallows",763,48
"P1a","within","occurrence",910,"Northumberland",764,14
"P1a","within","occurrence",920,"Central",765,17
"P1a","within","occurrence",920,"Chaleur Bay",766,12
"P1a","within","occurrence",920,"Magdalen Shallows",767,48
"P1a","within","occurrence",920,"Northumberland",768,14
"P1a","within","occurrence",930,"Central",769,17
"P1a","within","occurrence",930,"Chaleur Bay",770,12
"P1a","within","occurrence",930,"Magdalen Shallows",771,48
"P1a","within","occurrence",930,"Northumberland",772,14
"P1a","within","occurrence",940,"Central",773,17
"P1a","within","occurrence",940,"Chaleur Bay",774,12
"P1a","within","occurrence",940,"Magdalen Shallows",775,48
"P1a","within","occurrence",940,"Northumberland",776,14
"P1a","within","occurrence",950,"Central",777,17
"P1a","within","occurrence",950,"Chaleur Bay",778,12
"P1a","within","occurrence",950,"Magdalen Shallows",779,48
"P1a","within","occurrence",950,"Northumberland",780,14
"P1a","within","occurrence",960,"Central",781,17
"P1a","within","occurrence",960,"Chaleur Bay",782,12
"P1a","within","occurrence",960,"Magdalen Shallows",783,48
"P1a","within","occurrence",960,"Northumberland",784,14
"P1a","within","occurrence",970,"Central",785,17
"P1a","within","occurrence",970,"Chaleur Bay",786,12
"P1a","within","occurrence",970,"Magdalen Shallows",787,48
"P1a","within","occurrence",970,"Northumberland",788,14
"P1a","within","occurrence",980,"Central",789,17
"P1a","within","occurrence",980,"Chaleur Bay",790,12
"P1a","within","occurrence",980,"Magdalen Shallows",791,48
"P1a","within","occurrence",980,"Northumberland",792,14
"P1a","within","occurrence",990,"Central",793,17
"P1a","within","occurrence",990,"Chaleur Bay",794,12
"P1a","within","occurrence",990,"Magdalen Shallows",795,48
"P1a","within","occurrence",990,"Northumberland",796,14
"P1a","within","occurrence",1000,"Central",797,17
"P1a","within","occurrence",1000,"Chaleur Bay",798,12
"P1a","within","occurrence",1000,"Magdalen Shallows",799,48
"P1a","within","occurrence",1000,"Northumberland",800,14
"P1b","within","biomass",10,"Central",801,18
"P1b","within","biomass",10,"Chaleur Bay",802,12
"P1b","within","biomass",10,"Magdalen Shallows",803,51
"P1b","within","biomass",10,"Northumberland",804,14
"P1b","within","biomass",20,"Central",805,18
"P1b","within","biomass",20,"Chaleur Bay",806,12
"P1b","within","biomass",20,"Magdalen Shallows",807,51
"P1b","within","biomass",20,"Northumberland",808,14
"P1b","within","biomass",30,"Central",809,18
"P1b","within","biomass",30,"Chaleur Bay",810,12
"P1b","within","biomass",30,"Magdalen Shallows",811,51
"P1b","within","biomass",30,"Northumberland",812,14
"P1b","within","biomass",40,"Central",813,18
"P1b","within","biomass",40,"Chaleur Bay",814,12
"P1b","within","biomass",40,"Magdalen Shallows",815,51
"P1b","within","biomass",40,"Northumberland",816,14
"P1b","within","biomass",50,"Central",817,18
"P1b","within","biomass",50,"Chaleur Bay",818,12
"P1b","within","biomass",50,"Magdalen Shallows",819,51
"P1b","within","biomass",50,"Northumberland",820,14
"P1b","within","biomass",60,"Central",821,18
"P1b","within","biomass",60,"Chaleur Bay",822,12
"P1b","within","biomass",60,"Magdalen Shallows",823,51
"P1b","within","biomass",60,"Northumberland",824,14
"P1b","within","biomass",70,"Central",825,18
"P1b","within","biomass",70,"Chaleur Bay",826,12
"P1b","within","biomass",70,"Magdalen Shallows",827,51
"P1b","within","biomass",70,"Northumberland",828,14
"P1b","within","biomass",80,"Central",829,18
"P1b","within","biomass",80,"Chaleur Bay",830,12
"P1b","within","biomass",80,"Magdalen Shallows",831,51
"P1b","within","biomass",80,"Northumberland",832,14
"P1b","within","biomass",90,"Central",833,18
"P1b","within","biomass",90,"Chaleur Bay",834,12
"P1b","within","biomass",90,"Magdalen Shallows",835,51
"P1b","within","biomass",90,"Northumberland",836,14
"P1b","within","biomass",100,"Central",837,18
"P1b","within","biomass",100,"Chaleur Bay",838,12
"P1b","within","biomass",100,"Magdalen Shallows",839,51
"P1b","within","biomass",100,"Northumberland",840,14
"P1b","within","biomass",110,"Central",841,18
"P1b","within","biomass",110,"Chaleur Bay",842,12
"P1b","within","biomass",110,"Magdalen Shallows",843,51
"P1b","within","biomass",110,"Northumberland",844,14
"P1b","within","biomass",120,"Central",845,18
"P1b","within","biomass",120,"Chaleur Bay",846,12
"P1b","within","biomass",120,"Magdalen Shallows",847,51
"P1b","within","biomass",120,"Northumberland",848,14
"P1b","within","biomass",130,"Central",849,18
"P1b","within","biomass",130,"Chaleur Bay",850,12
"P1b","within","biomass",130,"Magdalen Shallows",851,51
"P1b","within","biomass",130,"Northumberland",852,14
"P1b","within","biomass",140,"Central",853,18
"P1b","within","biomass",140,"Chaleur Bay",854,12
"P1b","within","biomass",140,"Magdalen Shallows",855,51
"P1b","within","biomass",140,"Northumberland",856,14
"P1b","within","biomass",150,"Central",857,18
"P1b","within","biomass",150,"Chaleur Bay",858,12
"P1b","within","biomass",150,"Magdalen Shallows",859,51
"P1b","within","biomass",150,"Northumberland",860,14
"P1b","within","biomass",160,"Central",861,18
"P1b","within","biomass",160,"Chaleur Bay",862,12
"P1b","within","biomass",160,"Magdalen Shallows",863,51
"P1b","within","biomass",160,"Northumberland",864,14
"P1b","within","biomass",170,"Central",865,18
"P1b","within","biomass",170,"Chaleur Bay",866,12
"P1b","within","biomass",170,"Magdalen Shallows",867,51
"P1b","within","biomass",170,"Northumberland",868,14
"P1b","within","biomass",180,"Central",869,18
"P1b","within","biomass",180,"Chaleur Bay",870,12
"P1b","within","biomass",180,"Magdalen Shallows",871,51
"P1b","within","biomass",180,"Northumberland",872,14
"P1b","within","biomass",190,"Central",873,18
"P1b","within","biomass",190,"Chaleur Bay",874,12
"P1b","within","biomass",190,"Magdalen Shallows",875,51
"P1b","within","biomass",190,"Northumberland",876,14
"P1b","within","biomass",200,"Central",877,18
"P1b","within","biomass",200,"Chaleur Bay",878,12
"P1b","within","biomass",200,"Magdalen Shallows",879,51
"P1b","within","biomass",200,"Northumberland",880,14
"P1b","within","biomass",210,"Central",881,18
"P1b","within","biomass",210,"Chaleur Bay",882,12
"P1b","within","biomass",210,"Magdalen Shallows",883,51
"P1b","within","biomass",210,"Northumberland",884,14
"P1b","within","biomass",220,"Central",885,18
"P1b","within","biomass",220,"Chaleur Bay",886,12
"P1b","within","biomass",220,"Magdalen Shallows",887,51
"P1b","within","biomass",220,"Northumberland",888,14
"P1b","within","biomass",230,"Central",889,18
"P1b","within","biomass",230,"Chaleur Bay",890,12
"P1b","within","biomass",230,"Magdalen Shallows",891,51
"P1b","within","biomass",230,"Northumberland",892,14
"P1b","within","biomass",240,"Central",893,18
"P1b","within","biomass",240,"Chaleur Bay",894,12
"P1b","within","biomass",240,"Magdalen Shallows",895,51
"P1b","within","biomass",240,"Northumberland",896,14
"P1b","within","biomass",250,"Central",897,18
"P1b","within","biomass",250,"Chaleur Bay",898,12
"P1b","within","biomass",250,"Magdalen Shallows",899,51
"P1b","within","biomass",250,"Northumberland",900,14
"P1b","within","biomass",260,"Central",901,18
"P1b","within","biomass",260,"Chaleur Bay",902,12
"P1b","within","biomass",260,"Magdalen Shallows",903,51
"P1b","within","biomass",260,"Northumberland",904,14
"P1b","within","biomass",270,"Central",905,18
"P1b","within","biomass",270,"Chaleur Bay",906,12
"P1b","within","biomass",270,"Magdalen Shallows",907,51
"P1b","within","biomass",270,"Northumberland",908,14
"P1b","within","biomass",280,"Central",909,18
"P1b","within","biomass",280,"Chaleur Bay",910,12
"P1b","within","biomass",280,"Magdalen Shallows",911,51
"P1b","within","biomass",280,"Northumberland",912,14
"P1b","within","biomass",290,"Central",913,18
"P1b","within","biomass",290,"Chaleur Bay",914,12
"P1b","within","biomass",290,"Magdalen Shallows",915,51
"P1b","within","biomass",290,"Northumberland",916,14
"P1b","within","biomass",300,"Central",917,18
"P1b","within","biomass",300,"Chaleur Bay",918,12
"P1b","within","biomass",300,"Magdalen Shallows",919,51
"P1b","within","biomass",300,"Northumberland",920,14
"P1b","within","biomass",310,"Central",921,18
"P1b","within","biomass",310,"Chaleur Bay",922,12
"P1b","within","biomass",310,"Magdalen Shallows",923,51
"P1b","within","biomass",310,"Northumberland",924,14
"P1b","within","biomass",320,"Central",925,18
"P1b","within","biomass",320,"Chaleur Bay",926,12
"P1b","within","biomass",320,"Magdalen Shallows",927,51
"P1b","within","biomass",320,"Northumberland",928,14
"P1b","within","biomass",330,"Central",929,18
"P1b","within","biomass",330,"Chaleur Bay",930,12
"P1b","within","biomass",330,"Magdalen Shallows",931,51
"P1b","within","biomass",330,"Northumberland",932,14
"P1b","within","biomass",340,"Central",933,18
"P1b","within","biomass",340,"Chaleur Bay",934,12
"P1b","within","biomass",340,"Magdalen Shallows",935,51
"P1b","within","biomass",340,"Northumberland",936,14
"P1b","within","biomass",350,"Central",937,18
"P1b","within","biomass",350,"Chaleur Bay",938,12
"P1b","within","biomass",350,"Magdalen Shallows",939,51
"P1b","within","biomass",350,"Northumberland",940,14
"P1b","within","biomass",360,"Central",941,18
"P1b","within","biomass",360,"Chaleur Bay",942,12
"P1b","within","biomass",360,"Magdalen Shallows",943,51
"P1b","within","biomass",360,"Northumberland",944,14
"P1b","within","biomass",370,"Central",945,18
"P1b","within","biomass",370,"Chaleur Bay",946,12
"P1b","within","biomass",370,"Magdalen Shallows",947,51
"P1b","within","biomass",370,"Northumberland",948,14
"P1b","within","biomass",380,"Central",949,18
"P1b","within","biomass",380,"Chaleur Bay",950,12
"P1b","within","biomass",380,"Magdalen Shallows",951,51
"P1b","within","biomass",380,"Northumberland",952,14
"P1b","within","biomass",390,"Central",953,18
"P1b","within","biomass",390,"Chaleur Bay",954,12
"P1b","within","biomass",390,"Magdalen Shallows",955,51
"P1b","within","biomass",390,"Northumberland",956,14
"P1b","within","biomass",400,"Central",957,18
"P1b","within","biomass",400,"Chaleur Bay",958,12
"P1b","within","biomass",400,"Magdalen Shallows",959,51
"P1b","within","biomass",400,"Northumberland",960,14
"P1b","within","biomass",410,"Central",961,18
"P1b","within","biomass",410,"Chaleur Bay",962,12
"P1b","within","biomass",410,"Magdalen Shallows",963,51
"P1b","within","biomass",410,"Northumberland",964,14
"P1b","within","biomass",420,"Central",965,18
"P1b","within","biomass",420,"Chaleur Bay",966,12
"P1b","within","biomass",420,"Magdalen Shallows",967,51
"P1b","within","biomass",420,"Northumberland",968,14
"P1b","within","biomass",430,"Central",969,18
"P1b","within","biomass",430,"Chaleur Bay",970,12
"P1b","within","biomass",430,"Magdalen Shallows",971,51
"P1b","within","biomass",430,"Northumberland",972,14
"P1b","within","biomass",440,"Central",973,18
"P1b","within","biomass",440,"Chaleur Bay",974,12
"P1b","within","biomass",440,"Magdalen Shallows",975,51
"P1b","within","biomass",440,"Northumberland",976,14
"P1b","within","biomass",450,"Central",977,18
"P1b","within","biomass",450,"Chaleur Bay",978,12
"P1b","within","biomass",450,"Magdalen Shallows",979,51
"P1b","within","biomass",450,"Northumberland",980,14
"P1b","within","biomass",460,"Central",981,18
"P1b","within","biomass",460,"Chaleur Bay",982,12
"P1b","within","biomass",460,"Magdalen Shallows",983,51
"P1b","within","biomass",460,"Northumberland",984,14
"P1b","within","biomass",470,"Central",985,18
"P1b","within","biomass",470,"Chaleur Bay",986,12
"P1b","within","biomass",470,"Magdalen Shallows",987,51
"P1b","within","biomass",470,"Northumberland",988,14
"P1b","within","biomass",480,"Central",989,18
"P1b","within","biomass",480,"Chaleur Bay",990,12
"P1b","within","biomass",480,"Magdalen Shallows",991,51
"P1b","within","biomass",480,"Northumberland",992,14
"P1b","within","biomass",490,"Central",993,18
"P1b","within","biomass",490,"Chaleur Bay",994,12
"P1b","within","biomass",490,"Magdalen Shallows",995,51
"P1b","within","biomass",490,"Northumberland",996,14
"P1b","within","biomass",500,"Central",997,18
"P1b","within","biomass",500,"Chaleur Bay",998,12
"P1b","within","biomass",500,"Magdalen Shallows",999,51
"P1b","within","biomass",500,"Northumberland",1000,14
"P1b","within","biomass",510,"Central",1001,18
"P1b","within","biomass",510,"Chaleur Bay",1002,12
"P1b","within","biomass",510,"Magdalen Shallows",1003,51
"P1b","within","biomass",510,"Northumberland",1004,14
"P1b","within","biomass",520,"Central",1005,18
"P1b","within","biomass",520,"Chaleur Bay",1006,12
"P1b","within","biomass",520,"Magdalen Shallows",1007,51
"P1b","within","biomass",520,"Northumberland",1008,14
"P1b","within","biomass",530,"Central",1009,18
"P1b","within","biomass",530,"Chaleur Bay",1010,12
"P1b","within","biomass",530,"Magdalen Shallows",1011,51
"P1b","within","biomass",530,"Northumberland",1012,14
"P1b","within","biomass",540,"Central",1013,18
"P1b","within","biomass",540,"Chaleur Bay",1014,12
"P1b","within","biomass",540,"Magdalen Shallows",1015,51
"P1b","within","biomass",540,"Northumberland",1016,14
"P1b","within","biomass",550,"Central",1017,18
"P1b","within","biomass",550,"Chaleur Bay",1018,12
"P1b","within","biomass",550,"Magdalen Shallows",1019,51
"P1b","within","biomass",550,"Northumberland",1020,14
"P1b","within","biomass",560,"Central",1021,18
"P1b","within","biomass",560,"Chaleur Bay",1022,12
"P1b","within","biomass",560,"Magdalen Shallows",1023,51
"P1b","within","biomass",560,"Northumberland",1024,14
"P1b","within","biomass",570,"Central",1025,18
"P1b","within","biomass",570,"Chaleur Bay",1026,12
"P1b","within","biomass",570,"Magdalen Shallows",1027,51
"P1b","within","biomass",570,"Northumberland",1028,14
"P1b","within","biomass",580,"Central",1029,18
"P1b","within","biomass",580,"Chaleur Bay",1030,12
"P1b","within","biomass",580,"Magdalen Shallows",1031,51
"P1b","within","biomass",580,"Northumberland",1032,14
"P1b","within","biomass",590,"Central",1033,18
"P1b","within","biomass",590,"Chaleur Bay",1034,12
"P1b","within","biomass",590,"Magdalen Shallows",1035,51
"P1b","within","biomass",590,"Northumberland",1036,14
"P1b","within","biomass",600,"Central",1037,18
"P1b","within","biomass",600,"Chaleur Bay",1038,12
"P1b","within","biomass",600,"Magdalen Shallows",1039,51
"P1b","within","biomass",600,"Northumberland",1040,14
"P1b","within","biomass",610,"Central",1041,18
"P1b","within","biomass",610,"Chaleur Bay",1042,12
"P1b","within","biomass",610,"Magdalen Shallows",1043,51
"P1b","within","biomass",610,"Northumberland",1044,14
"P1b","within","biomass",620,"Central",1045,18
"P1b","within","biomass",620,"Chaleur Bay",1046,12
"P1b","within","biomass",620,"Magdalen Shallows",1047,51
"P1b","within","biomass",620,"Northumberland",1048,14
"P1b","within","biomass",630,"Central",1049,18
"P1b","within","biomass",630,"Chaleur Bay",1050,12
"P1b","within","biomass",630,"Magdalen Shallows",1051,51
"P1b","within","biomass",630,"Northumberland",1052,14
"P1b","within","biomass",640,"Central",1053,18
"P1b","within","biomass",640,"Chaleur Bay",1054,12
"P1b","within","biomass",640,"Magdalen Shallows",1055,51
"P1b","within","biomass",640,"Northumberland",1056,14
"P1b","within","biomass",650,"Central",1057,18
"P1b","within","biomass",650,"Chaleur Bay",1058,12
"P1b","within","biomass",650,"Magdalen Shallows",1059,51
"P1b","within","biomass",650,"Northumberland",1060,14
"P1b","within","biomass",660,"Central",1061,18
"P1b","within","biomass",660,"Chaleur Bay",1062,12
"P1b","within","biomass",660,"Magdalen Shallows",1063,51
"P1b","within","biomass",660,"Northumberland",1064,14
"P1b","within","biomass",670,"Central",1065,18
"P1b","within","biomass",670,"Chaleur Bay",1066,12
"P1b","within","biomass",670,"Magdalen Shallows",1067,51
"P1b","within","biomass",670,"Northumberland",1068,14
"P1b","within","biomass",680,"Central",1069,18
"P1b","within","biomass",680,"Chaleur Bay",1070,12
"P1b","within","biomass",680,"Magdalen Shallows",1071,51
"P1b","within","biomass",680,"Northumberland",1072,14
"P1b","within","biomass",690,"Central",1073,18
"P1b","within","biomass",690,"Chaleur Bay",1074,12
"P1b","within","biomass",690,"Magdalen Shallows",1075,51
"P1b","within","biomass",690,"Northumberland",1076,14
"P1b","within","biomass",700,"Central",1077,18
"P1b","within","biomass",700,"Chaleur Bay",1078,12
"P1b","within","biomass",700,"Magdalen Shallows",1079,51
"P1b","within","biomass",700,"Northumberland",1080,14
"P1b","within","biomass",710,"Central",1081,18
"P1b","within","biomass",710,"Chaleur Bay",1082,12
"P1b","within","biomass",710,"Magdalen Shallows",1083,51
"P1b","within","biomass",710,"Northumberland",1084,14
"P1b","within","biomass",720,"Central",1085,18
"P1b","within","biomass",720,"Chaleur Bay",1086,12
"P1b","within","biomass",720,"Magdalen Shallows",1087,51
"P1b","within","biomass",720,"Northumberland",1088,14
"P1b","within","biomass",730,"Central",1089,18
"P1b","within","biomass",730,"Chaleur Bay",1090,12
"P1b","within","biomass",730,"Magdalen Shallows",1091,51
"P1b","within","biomass",730,"Northumberland",1092,14
"P1b","within","biomass",740,"Central",1093,18
"P1b","within","biomass",740,"Chaleur Bay",1094,12
"P1b","within","biomass",740,"Magdalen Shallows",1095,51
"P1b","within","biomass",740,"Northumberland",1096,14
"P1b","within","biomass",750,"Central",1097,18
"P1b","within","biomass",750,"Chaleur Bay",1098,12
"P1b","within","biomass",750,"Magdalen Shallows",1099,51
"P1b","within","biomass",750,"Northumberland",1100,14
"P1b","within","biomass",760,"Central",1101,18
"P1b","within","biomass",760,"Chaleur Bay",1102,12
"P1b","within","biomass",760,"Magdalen Shallows",1103,51
"P1b","within","biomass",760,"Northumberland",1104,14
"P1b","within","biomass",770,"Central",1105,18
"P1b","within","biomass",770,"Chaleur Bay",1106,12
"P1b","within","biomass",770,"Magdalen Shallows",1107,51
"P1b","within","biomass",770,"Northumberland",1108,14
"P1b","within","biomass",780,"Central",1109,18
"P1b","within","biomass",780,"Chaleur Bay",1110,12
"P1b","within","biomass",780,"Magdalen Shallows",1111,51
"P1b","within","biomass",780,"Northumberland",1112,14
"P1b","within","biomass",790,"Central",1113,18
"P1b","within","biomass",790,"Chaleur Bay",1114,12
"P1b","within","biomass",790,"Magdalen Shallows",1115,51
"P1b","within","biomass",790,"Northumberland",1116,14
"P1b","within","biomass",800,"Central",1117,18
"P1b","within","biomass",800,"Chaleur Bay",1118,12
"P1b","within","biomass",800,"Magdalen Shallows",1119,51
"P1b","within","biomass",800,"Northumberland",1120,14
"P1b","within","biomass",810,"Central",1121,18
"P1b","within","biomass",810,"Chaleur Bay",1122,12
"P1b","within","biomass",810,"Magdalen Shallows",1123,51
"P1b","within","biomass",810,"Northumberland",1124,14
"P1b","within","biomass",820,"Central",1125,18
"P1b","within","biomass",820,"Chaleur Bay",1126,12
"P1b","within","biomass",820,"Magdalen Shallows",1127,51
"P1b","within","biomass",820,"Northumberland",1128,14
"P1b","within","biomass",830,"Central",1129,18
"P1b","within","biomass",830,"Chaleur Bay",1130,12
"P1b","within","biomass",830,"Magdalen Shallows",1131,51
"P1b","within","biomass",830,"Northumberland",1132,14
"P1b","within","biomass",840,"Central",1133,18
"P1b","within","biomass",840,"Chaleur Bay",1134,12
"P1b","within","biomass",840,"Magdalen Shallows",1135,51
"P1b","within","biomass",840,"Northumberland",1136,14
"P1b","within","biomass",850,"Central",1137,18
"P1b","within","biomass",850,"Chaleur Bay",1138,12
"P1b","within","biomass",850,"Magdalen Shallows",1139,51
"P1b","within","biomass",850,"Northumberland",1140,14
"P1b","within","biomass",860,"Central",1141,18
"P1b","within","biomass",860,"Chaleur Bay",1142,12
"P1b","within","biomass",860,"Magdalen Shallows",1143,51
"P1b","within","biomass",860,"Northumberland",1144,14
"P1b","within","biomass",870,"Central",1145,18
"P1b","within","biomass",870,"Chaleur Bay",1146,12
"P1b","within","biomass",870,"Magdalen Shallows",1147,51
"P1b","within","biomass",870,"Northumberland",1148,14
"P1b","within","biomass",880,"Central",1149,18
"P1b","within","biomass",880,"Chaleur Bay",1150,12
"P1b","within","biomass",880,"Magdalen Shallows",1151,51
"P1b","within","biomass",880,"Northumberland",1152,14
"P1b","within","biomass",890,"Central",1153,18
"P1b","within","biomass",890,"Chaleur Bay",1154,12
"P1b","within","biomass",890,"Magdalen Shallows",1155,51
"P1b","within","biomass",890,"Northumberland",1156,14
"P1b","within","biomass",900,"Central",1157,18
"P1b","within","biomass",900,"Chaleur Bay",1158,12
"P1b","within","biomass",900,"Magdalen Shallows",1159,51
"P1b","within","biomass",900,"Northumberland",1160,14
"P1b","within","biomass",910,"Central",1161,18
"P1b","within","biomass",910,"Chaleur Bay",1162,12
"P1b","within","biomass",910,"Magdalen Shallows",1163,51
"P1b","within","biomass",910,"Northumberland",1164,14
"P1b","within","biomass",920,"Central",1165,18
"P1b","within","biomass",920,"Chaleur Bay",1166,12
"P1b","within","biomass",920,"Magdalen Shallows",1167,51
"P1b","within","biomass",920,"Northumberland",1168,14
"P1b","within","biomass",930,"Central",1169,18
"P1b","within","biomass",930,"Chaleur Bay",1170,12
"P1b","within","biomass",930,"Magdalen Shallows",1171,51
"P1b","within","biomass",930,"Northumberland",1172,14
"P1b","within","biomass",940,"Central",1173,18
"P1b","within","biomass",940,"Chaleur Bay",1174,12
"P1b","within","biomass",940,"Magdalen Shallows",1175,51
"P1b","within","biomass",940,"Northumberland",1176,14
"P1b","within","biomass",950,"Central",1177,18
"P1b","within","biomass",950,"Chaleur Bay",1178,12
"P1b","within","biomass",950,"Magdalen Shallows",1179,51
"P1b","within","biomass",950,"Northumberland",1180,14
"P1b","within","biomass",960,"Central",1181,18
"P1b","within","biomass",960,"Chaleur Bay",1182,12
"P1b","within","biomass",960,"Magdalen Shallows",1183,51
"P1b","within","biomass",960,"Northumberland",1184,14
"P1b","within","biomass",970,"Central",1185,18
"P1b","within","biomass",970,"Chaleur Bay",1186,12
"P1b","within","biomass",970,"Magdalen Shallows",1187,51
"P1b","within","biomass",970,"Northumberland",1188,14
"P1b","within","biomass",980,"Central",1189,18
"P1b","within","biomass",980,"Chaleur Bay",1190,12
"P1b","within","biomass",980,"Magdalen Shallows",1191,51
"P1b","within","biomass",980,"Northumberland",1192,14
"P1b","within","biomass",990,"Central",1193,18
"P1b","within","biomass",990,"Chaleur Bay",1194,12
"P1b","within","biomass",990,"Magdalen Shallows",1195,51
"P1b","within","biomass",990,"Northumberland",1196,14
"P1b","within","biomass",1000,"Central",1197,18
"P1b","within","biomass",1000,"Chaleur Bay",1198,12
"P1b","within","biomass",1000,"Magdalen Shallows",1199,51
"P1b","within","biomass",1000,"Northumberland",1200,14
"P1b","within","occurrence",10,"Central",1201,18
"P1b","within","occurrence",10,"Chaleur Bay",1202,12
"P1b","within","occurrence",10,"Magdalen Shallows",1203,51
"P1b","within","occurrence",10,"Northumberland",1204,14
"P1b","within","occurrence",20,"Central",1205,18
"P1b","within","occurrence",20,"Chaleur Bay",1206,12
"P1b","within","occurrence",20,"Magdalen Shallows",1207,51
"P1b","within","occurrence",20,"Northumberland",1208,14
"P1b","within","occurrence",30,"Central",1209,18
"P1b","within","occurrence",30,"Chaleur Bay",1210,12
"P1b","within","occurrence",30,"Magdalen Shallows",1211,51
"P1b","within","occurrence",30,"Northumberland",1212,14
"P1b","within","occurrence",40,"Central",1213,18
"P1b","within","occurrence",40,"Chaleur Bay",1214,12
"P1b","within","occurrence",40,"Magdalen Shallows",1215,51
"P1b","within","occurrence",40,"Northumberland",1216,14
"P1b","within","occurrence",50,"Central",1217,18
"P1b","within","occurrence",50,"Chaleur Bay",1218,12
"P1b","within","occurrence",50,"Magdalen Shallows",1219,51
"P1b","within","occurrence",50,"Northumberland",1220,14
"P1b","within","occurrence",60,"Central",1221,18
"P1b","within","occurrence",60,"Chaleur Bay",1222,12
"P1b","within","occurrence",60,"Magdalen Shallows",1223,51
"P1b","within","occurrence",60,"Northumberland",1224,14
"P1b","within","occurrence",70,"Central",1225,18
"P1b","within","occurrence",70,"Chaleur Bay",1226,12
"P1b","within","occurrence",70,"Magdalen Shallows",1227,51
"P1b","within","occurrence",70,"Northumberland",1228,14
"P1b","within","occurrence",80,"Central",1229,18
"P1b","within","occurrence",80,"Chaleur Bay",1230,12
"P1b","within","occurrence",80,"Magdalen Shallows",1231,51
"P1b","within","occurrence",80,"Northumberland",1232,14
"P1b","within","occurrence",90,"Central",1233,18
"P1b","within","occurrence",90,"Chaleur Bay",1234,12
"P1b","within","occurrence",90,"Magdalen Shallows",1235,51
"P1b","within","occurrence",90,"Northumberland",1236,14
"P1b","within","occurrence",100,"Central",1237,18
"P1b","within","occurrence",100,"Chaleur Bay",1238,12
"P1b","within","occurrence",100,"Magdalen Shallows",1239,51
"P1b","within","occurrence",100,"Northumberland",1240,14
"P1b","within","occurrence",110,"Central",1241,18
"P1b","within","occurrence",110,"Chaleur Bay",1242,12
"P1b","within","occurrence",110,"Magdalen Shallows",1243,51
"P1b","within","occurrence",110,"Northumberland",1244,14
"P1b","within","occurrence",120,"Central",1245,18
"P1b","within","occurrence",120,"Chaleur Bay",1246,12
"P1b","within","occurrence",120,"Magdalen Shallows",1247,51
"P1b","within","occurrence",120,"Northumberland",1248,14
"P1b","within","occurrence",130,"Central",1249,18
"P1b","within","occurrence",130,"Chaleur Bay",1250,12
"P1b","within","occurrence",130,"Magdalen Shallows",1251,51
"P1b","within","occurrence",130,"Northumberland",1252,14
"P1b","within","occurrence",140,"Central",1253,18
"P1b","within","occurrence",140,"Chaleur Bay",1254,12
"P1b","within","occurrence",140,"Magdalen Shallows",1255,51
"P1b","within","occurrence",140,"Northumberland",1256,14
"P1b","within","occurrence",150,"Central",1257,18
"P1b","within","occurrence",150,"Chaleur Bay",1258,12
"P1b","within","occurrence",150,"Magdalen Shallows",1259,51
"P1b","within","occurrence",150,"Northumberland",1260,14
"P1b","within","occurrence",160,"Central",1261,18
"P1b","within","occurrence",160,"Chaleur Bay",1262,12
"P1b","within","occurrence",160,"Magdalen Shallows",1263,51
"P1b","within","occurrence",160,"Northumberland",1264,14
"P1b","within","occurrence",170,"Central",1265,18
"P1b","within","occurrence",170,"Chaleur Bay",1266,12
"P1b","within","occurrence",170,"Magdalen Shallows",1267,51
"P1b","within","occurrence",170,"Northumberland",1268,14
"P1b","within","occurrence",180,"Central",1269,18
"P1b","within","occurrence",180,"Chaleur Bay",1270,12
"P1b","within","occurrence",180,"Magdalen Shallows",1271,51
"P1b","within","occurrence",180,"Northumberland",1272,14
"P1b","within","occurrence",190,"Central",1273,18
"P1b","within","occurrence",190,"Chaleur Bay",1274,12
"P1b","within","occurrence",190,"Magdalen Shallows",1275,51
"P1b","within","occurrence",190,"Northumberland",1276,14
"P1b","within","occurrence",200,"Central",1277,18
"P1b","within","occurrence",200,"Chaleur Bay",1278,12
"P1b","within","occurrence",200,"Magdalen Shallows",1279,51
"P1b","within","occurrence",200,"Northumberland",1280,14
"P1b","within","occurrence",210,"Central",1281,18
"P1b","within","occurrence",210,"Chaleur Bay",1282,12
"P1b","within","occurrence",210,"Magdalen Shallows",1283,51
"P1b","within","occurrence",210,"Northumberland",1284,14
"P1b","within","occurrence",220,"Central",1285,18
"P1b","within","occurrence",220,"Chaleur Bay",1286,12
"P1b","within","occurrence",220,"Magdalen Shallows",1287,51
"P1b","within","occurrence",220,"Northumberland",1288,14
"P1b","within","occurrence",230,"Central",1289,18
"P1b","within","occurrence",230,"Chaleur Bay",1290,12
"P1b","within","occurrence",230,"Magdalen Shallows",1291,51
"P1b","within","occurrence",230,"Northumberland",1292,14
"P1b","within","occurrence",240,"Central",1293,18
"P1b","within","occurrence",240,"Chaleur Bay",1294,12
"P1b","within","occurrence",240,"Magdalen Shallows",1295,51
"P1b","within","occurrence",240,"Northumberland",1296,14
"P1b","within","occurrence",250,"Central",1297,18
"P1b","within","occurrence",250,"Chaleur Bay",1298,12
"P1b","within","occurrence",250,"Magdalen Shallows",1299,51
"P1b","within","occurrence",250,"Northumberland",1300,14
"P1b","within","occurrence",260,"Central",1301,18
"P1b","within","occurrence",260,"Chaleur Bay",1302,12
"P1b","within","occurrence",260,"Magdalen Shallows",1303,51
"P1b","within","occurrence",260,"Northumberland",1304,14
"P1b","within","occurrence",270,"Central",1305,18
"P1b","within","occurrence",270,"Chaleur Bay",1306,12
"P1b","within","occurrence",270,"Magdalen Shallows",1307,51
"P1b","within","occurrence",270,"Northumberland",1308,14
"P1b","within","occurrence",280,"Central",1309,18
"P1b","within","occurrence",280,"Chaleur Bay",1310,12
"P1b","within","occurrence",280,"Magdalen Shallows",1311,51
"P1b","within","occurrence",280,"Northumberland",1312,14
"P1b","within","occurrence",290,"Central",1313,18
"P1b","within","occurrence",290,"Chaleur Bay",1314,12
"P1b","within","occurrence",290,"Magdalen Shallows",1315,51
"P1b","within","occurrence",290,"Northumberland",1316,14
"P1b","within","occurrence",300,"Central",1317,18
"P1b","within","occurrence",300,"Chaleur Bay",1318,12
"P1b","within","occurrence",300,"Magdalen Shallows",1319,51
"P1b","within","occurrence",300,"Northumberland",1320,14
"P1b","within","occurrence",310,"Central",1321,18
"P1b","within","occurrence",310,"Chaleur Bay",1322,12
"P1b","within","occurrence",310,"Magdalen Shallows",1323,51
"P1b","within","occurrence",310,"Northumberland",1324,14
"P1b","within","occurrence",320,"Central",1325,18
"P1b","within","occurrence",320,"Chaleur Bay",1326,12
"P1b","within","occurrence",320,"Magdalen Shallows",1327,51
"P1b","within","occurrence",320,"Northumberland",1328,14
"P1b","within","occurrence",330,"Central",1329,18
"P1b","within","occurrence",330,"Chaleur Bay",1330,12
"P1b","within","occurrence",330,"Magdalen Shallows",1331,51
"P1b","within","occurrence",330,"Northumberland",1332,14
"P1b","within","occurrence",340,"Central",1333,18
"P1b","within","occurrence",340,"Chaleur Bay",1334,12
"P1b","within","occurrence",340,"Magdalen Shallows",1335,51
"P1b","within","occurrence",340,"Northumberland",1336,14
"P1b","within","occurrence",350,"Central",1337,18
"P1b","within","occurrence",350,"Chaleur Bay",1338,12
"P1b","within","occurrence",350,"Magdalen Shallows",1339,51
"P1b","within","occurrence",350,"Northumberland",1340,14
"P1b","within","occurrence",360,"Central",1341,18
"P1b","within","occurrence",360,"Chaleur Bay",1342,12
"P1b","within","occurrence",360,"Magdalen Shallows",1343,51
"P1b","within","occurrence",360,"Northumberland",1344,14
"P1b","within","occurrence",370,"Central",1345,18
"P1b","within","occurrence",370,"Chaleur Bay",1346,12
"P1b","within","occurrence",370,"Magdalen Shallows",1347,51
"P1b","within","occurrence",370,"Northumberland",1348,14
"P1b","within","occurrence",380,"Central",1349,18
"P1b","within","occurrence",380,"Chaleur Bay",1350,12
"P1b","within","occurrence",380,"Magdalen Shallows",1351,51
"P1b","within","occurrence",380,"Northumberland",1352,14
"P1b","within","occurrence",390,"Central",1353,18
"P1b","within","occurrence",390,"Chaleur Bay",1354,12
"P1b","within","occurrence",390,"Magdalen Shallows",1355,51
"P1b","within","occurrence",390,"Northumberland",1356,14
"P1b","within","occurrence",400,"Central",1357,18
"P1b","within","occurrence",400,"Chaleur Bay",1358,12
"P1b","within","occurrence",400,"Magdalen Shallows",1359,51
"P1b","within","occurrence",400,"Northumberland",1360,14
"P1b","within","occurrence",410,"Central",1361,18
"P1b","within","occurrence",410,"Chaleur Bay",1362,12
"P1b","within","occurrence",410,"Magdalen Shallows",1363,51
"P1b","within","occurrence",410,"Northumberland",1364,14
"P1b","within","occurrence",420,"Central",1365,18
"P1b","within","occurrence",420,"Chaleur Bay",1366,12
"P1b","within","occurrence",420,"Magdalen Shallows",1367,51
"P1b","within","occurrence",420,"Northumberland",1368,14
"P1b","within","occurrence",430,"Central",1369,18
"P1b","within","occurrence",430,"Chaleur Bay",1370,12
"P1b","within","occurrence",430,"Magdalen Shallows",1371,51
"P1b","within","occurrence",430,"Northumberland",1372,14
"P1b","within","occurrence",440,"Central",1373,18
"P1b","within","occurrence",440,"Chaleur Bay",1374,12
"P1b","within","occurrence",440,"Magdalen Shallows",1375,51
"P1b","within","occurrence",440,"Northumberland",1376,14
"P1b","within","occurrence",450,"Central",1377,18
"P1b","within","occurrence",450,"Chaleur Bay",1378,12
"P1b","within","occurrence",450,"Magdalen Shallows",1379,51
"P1b","within","occurrence",450,"Northumberland",1380,14
"P1b","within","occurrence",460,"Central",1381,18
"P1b","within","occurrence",460,"Chaleur Bay",1382,12
"P1b","within","occurrence",460,"Magdalen Shallows",1383,51
"P1b","within","occurrence",460,"Northumberland",1384,14
"P1b","within","occurrence",470,"Central",1385,18
"P1b","within","occurrence",470,"Chaleur Bay",1386,12
"P1b","within","occurrence",470,"Magdalen Shallows",1387,51
"P1b","within","occurrence",470,"Northumberland",1388,14
"P1b","within","occurrence",480,"Central",1389,18
"P1b","within","occurrence",480,"Chaleur Bay",1390,12
"P1b","within","occurrence",480,"Magdalen Shallows",1391,51
"P1b","within","occurrence",480,"Northumberland",1392,14
"P1b","within","occurrence",490,"Central",1393,18
"P1b","within","occurrence",490,"Chaleur Bay",1394,12
"P1b","within","occurrence",490,"Magdalen Shallows",1395,51
"P1b","within","occurrence",490,"Northumberland",1396,14
"P1b","within","occurrence",500,"Central",1397,18
"P1b","within","occurrence",500,"Chaleur Bay",1398,12
"P1b","within","occurrence",500,"Magdalen Shallows",1399,51
"P1b","within","occurrence",500,"Northumberland",1400,14
"P1b","within","occurrence",510,"Central",1401,18
"P1b","within","occurrence",510,"Chaleur Bay",1402,12
"P1b","within","occurrence",510,"Magdalen Shallows",1403,51
"P1b","within","occurrence",510,"Northumberland",1404,14
"P1b","within","occurrence",520,"Central",1405,18
"P1b","within","occurrence",520,"Chaleur Bay",1406,12
"P1b","within","occurrence",520,"Magdalen Shallows",1407,51
"P1b","within","occurrence",520,"Northumberland",1408,14
"P1b","within","occurrence",530,"Central",1409,18
"P1b","within","occurrence",530,"Chaleur Bay",1410,12
"P1b","within","occurrence",530,"Magdalen Shallows",1411,51
"P1b","within","occurrence",530,"Northumberland",1412,14
"P1b","within","occurrence",540,"Central",1413,18
"P1b","within","occurrence",540,"Chaleur Bay",1414,12
"P1b","within","occurrence",540,"Magdalen Shallows",1415,51
"P1b","within","occurrence",540,"Northumberland",1416,14
"P1b","within","occurrence",550,"Central",1417,18
"P1b","within","occurrence",550,"Chaleur Bay",1418,12
"P1b","within","occurrence",550,"Magdalen Shallows",1419,51
"P1b","within","occurrence",550,"Northumberland",1420,14
"P1b","within","occurrence",560,"Central",1421,18
"P1b","within","occurrence",560,"Chaleur Bay",1422,12
"P1b","within","occurrence",560,"Magdalen Shallows",1423,51
"P1b","within","occurrence",560,"Northumberland",1424,14
"P1b","within","occurrence",570,"Central",1425,18
"P1b","within","occurrence",570,"Chaleur Bay",1426,12
"P1b","within","occurrence",570,"Magdalen Shallows",1427,51
"P1b","within","occurrence",570,"Northumberland",1428,14
"P1b","within","occurrence",580,"Central",1429,18
"P1b","within","occurrence",580,"Chaleur Bay",1430,12
"P1b","within","occurrence",580,"Magdalen Shallows",1431,51
"P1b","within","occurrence",580,"Northumberland",1432,14
"P1b","within","occurrence",590,"Central",1433,18
"P1b","within","occurrence",590,"Chaleur Bay",1434,12
"P1b","within","occurrence",590,"Magdalen Shallows",1435,51
"P1b","within","occurrence",590,"Northumberland",1436,14
"P1b","within","occurrence",600,"Central",1437,18
"P1b","within","occurrence",600,"Chaleur Bay",1438,12
"P1b","within","occurrence",600,"Magdalen Shallows",1439,51
"P1b","within","occurrence",600,"Northumberland",1440,14
"P1b","within","occurrence",610,"Central",1441,18
"P1b","within","occurrence",610,"Chaleur Bay",1442,12
"P1b","within","occurrence",610,"Magdalen Shallows",1443,51
"P1b","within","occurrence",610,"Northumberland",1444,14
"P1b","within","occurrence",620,"Central",1445,18
"P1b","within","occurrence",620,"Chaleur Bay",1446,12
"P1b","within","occurrence",620,"Magdalen Shallows",1447,51
"P1b","within","occurrence",620,"Northumberland",1448,14
"P1b","within","occurrence",630,"Central",1449,18
"P1b","within","occurrence",630,"Chaleur Bay",1450,12
"P1b","within","occurrence",630,"Magdalen Shallows",1451,51
"P1b","within","occurrence",630,"Northumberland",1452,14
"P1b","within","occurrence",640,"Central",1453,18
"P1b","within","occurrence",640,"Chaleur Bay",1454,12
"P1b","within","occurrence",640,"Magdalen Shallows",1455,51
"P1b","within","occurrence",640,"Northumberland",1456,14
"P1b","within","occurrence",650,"Central",1457,18
"P1b","within","occurrence",650,"Chaleur Bay",1458,12
"P1b","within","occurrence",650,"Magdalen Shallows",1459,51
"P1b","within","occurrence",650,"Northumberland",1460,14
"P1b","within","occurrence",660,"Central",1461,18
"P1b","within","occurrence",660,"Chaleur Bay",1462,12
"P1b","within","occurrence",660,"Magdalen Shallows",1463,51
"P1b","within","occurrence",660,"Northumberland",1464,14
"P1b","within","occurrence",670,"Central",1465,18
"P1b","within","occurrence",670,"Chaleur Bay",1466,12
"P1b","within","occurrence",670,"Magdalen Shallows",1467,51
"P1b","within","occurrence",670,"Northumberland",1468,14
"P1b","within","occurrence",680,"Central",1469,18
"P1b","within","occurrence",680,"Chaleur Bay",1470,12
"P1b","within","occurrence",680,"Magdalen Shallows",1471,51
"P1b","within","occurrence",680,"Northumberland",1472,14
"P1b","within","occurrence",690,"Central",1473,18
"P1b","within","occurrence",690,"Chaleur Bay",1474,12
"P1b","within","occurrence",690,"Magdalen Shallows",1475,51
"P1b","within","occurrence",690,"Northumberland",1476,14
"P1b","within","occurrence",700,"Central",1477,18
"P1b","within","occurrence",700,"Chaleur Bay",1478,12
"P1b","within","occurrence",700,"Magdalen Shallows",1479,51
"P1b","within","occurrence",700,"Northumberland",1480,14
"P1b","within","occurrence",710,"Central",1481,18
"P1b","within","occurrence",710,"Chaleur Bay",1482,12
"P1b","within","occurrence",710,"Magdalen Shallows",1483,51
"P1b","within","occurrence",710,"Northumberland",1484,14
"P1b","within","occurrence",720,"Central",1485,18
"P1b","within","occurrence",720,"Chaleur Bay",1486,12
"P1b","within","occurrence",720,"Magdalen Shallows",1487,51
"P1b","within","occurrence",720,"Northumberland",1488,14
"P1b","within","occurrence",730,"Central",1489,18
"P1b","within","occurrence",730,"Chaleur Bay",1490,12
"P1b","within","occurrence",730,"Magdalen Shallows",1491,51
"P1b","within","occurrence",730,"Northumberland",1492,14
"P1b","within","occurrence",740,"Central",1493,18
"P1b","within","occurrence",740,"Chaleur Bay",1494,12
"P1b","within","occurrence",740,"Magdalen Shallows",1495,51
"P1b","within","occurrence",740,"Northumberland",1496,14
"P1b","within","occurrence",750,"Central",1497,18
"P1b","within","occurrence",750,"Chaleur Bay",1498,12
"P1b","within","occurrence",750,"Magdalen Shallows",1499,51
"P1b","within","occurrence",750,"Northumberland",1500,14
"P1b","within","occurrence",760,"Central",1501,18
"P1b","within","occurrence",760,"Chaleur Bay",1502,12
"P1b","within","occurrence",760,"Magdalen Shallows",1503,51
"P1b","within","occurrence",760,"Northumberland",1504,14
"P1b","within","occurrence",770,"Central",1505,18
"P1b","within","occurrence",770,"Chaleur Bay",1506,12
"P1b","within","occurrence",770,"Magdalen Shallows",1507,51
"P1b","within","occurrence",770,"Northumberland",1508,14
"P1b","within","occurrence",780,"Central",1509,18
"P1b","within","occurrence",780,"Chaleur Bay",1510,12
"P1b","within","occurrence",780,"Magdalen Shallows",1511,51
"P1b","within","occurrence",780,"Northumberland",1512,14
"P1b","within","occurrence",790,"Central",1513,18
"P1b","within","occurrence",790,"Chaleur Bay",1514,12
"P1b","within","occurrence",790,"Magdalen Shallows",1515,51
"P1b","within","occurrence",790,"Northumberland",1516,14
"P1b","within","occurrence",800,"Central",1517,18
"P1b","within","occurrence",800,"Chaleur Bay",1518,12
"P1b","within","occurrence",800,"Magdalen Shallows",1519,51
"P1b","within","occurrence",800,"Northumberland",1520,14
"P1b","within","occurrence",810,"Central",1521,18
"P1b","within","occurrence",810,"Chaleur Bay",1522,12
"P1b","within","occurrence",810,"Magdalen Shallows",1523,51
"P1b","within","occurrence",810,"Northumberland",1524,14
"P1b","within","occurrence",820,"Central",1525,18
"P1b","within","occurrence",820,"Chaleur Bay",1526,12
"P1b","within","occurrence",820,"Magdalen Shallows",1527,51
"P1b","within","occurrence",820,"Northumberland",1528,14
"P1b","within","occurrence",830,"Central",1529,18
"P1b","within","occurrence",830,"Chaleur Bay",1530,12
"P1b","within","occurrence",830,"Magdalen Shallows",1531,51
"P1b","within","occurrence",830,"Northumberland",1532,14
"P1b","within","occurrence",840,"Central",1533,18
"P1b","within","occurrence",840,"Chaleur Bay",1534,12
"P1b","within","occurrence",840,"Magdalen Shallows",1535,51
"P1b","within","occurrence",840,"Northumberland",1536,14
"P1b","within","occurrence",850,"Central",1537,18
"P1b","within","occurrence",850,"Chaleur Bay",1538,12
"P1b","within","occurrence",850,"Magdalen Shallows",1539,51
"P1b","within","occurrence",850,"Northumberland",1540,14
"P1b","within","occurrence",860,"Central",1541,18
"P1b","within","occurrence",860,"Chaleur Bay",1542,12
"P1b","within","occurrence",860,"Magdalen Shallows",1543,51
"P1b","within","occurrence",860,"Northumberland",1544,14
"P1b","within","occurrence",870,"Central",1545,18
"P1b","within","occurrence",870,"Chaleur Bay",1546,12
"P1b","within","occurrence",870,"Magdalen Shallows",1547,51
"P1b","within","occurrence",870,"Northumberland",1548,14
"P1b","within","occurrence",880,"Central",1549,18
"P1b","within","occurrence",880,"Chaleur Bay",1550,12
"P1b","within","occurrence",880,"Magdalen Shallows",1551,51
"P1b","within","occurrence",880,"Northumberland",1552,14
"P1b","within","occurrence",890,"Central",1553,18
"P1b","within","occurrence",890,"Chaleur Bay",1554,12
"P1b","within","occurrence",890,"Magdalen Shallows",1555,51
"P1b","within","occurrence",890,"Northumberland",1556,14
"P1b","within","occurrence",900,"Central",1557,18
"P1b","within","occurrence",900,"Chaleur Bay",1558,12
"P1b","within","occurrence",900,"Magdalen Shallows",1559,51
"P1b","within","occurrence",900,"Northumberland",1560,14
"P1b","within","occurrence",910,"Central",1561,18
"P1b","within","occurrence",910,"Chaleur Bay",1562,12
"P1b","within","occurrence",910,"Magdalen Shallows",1563,51
"P1b","within","occurrence",910,"Northumberland",1564,14
"P1b","within","occurrence",920,"Central",1565,18
"P1b","within","occurrence",920,"Chaleur Bay",1566,12
"P1b","within","occurrence",920,"Magdalen Shallows",1567,51
"P1b","within","occurrence",920,"Northumberland",1568,14
"P1b","within","occurrence",930,"Central",1569,18
"P1b","within","occurrence",930,"Chaleur Bay",1570,12
"P1b","within","occurrence",930,"Magdalen Shallows",1571,51
"P1b","within","occurrence",930,"Northumberland",1572,14
"P1b","within","occurrence",940,"Central",1573,18
"P1b","within","occurrence",940,"Chaleur Bay",1574,12
"P1b","within","occurrence",940,"Magdalen Shallows",1575,51
"P1b","within","occurrence",940,"Northumberland",1576,14
"P1b","within","occurrence",950,"Central",1577,18
"P1b","within","occurrence",950,"Chaleur Bay",1578,12
"P1b","within","occurrence",950,"Magdalen Shallows",1579,51
"P1b","within","occurrence",950,"Northumberland",1580,14
"P1b","within","occurrence",960,"Central",1581,18
"P1b","within","occurrence",960,"Chaleur Bay",1582,12
"P1b","within","occurrence",960,"Magdalen Shallows",1583,51
"P1b","within","occurrence",960,"Northumberland",1584,14
"P1b","within","occurrence",970,"Central",1585,18
"P1b","within","occurrence",970,"Chaleur Bay",1586,12
"P1b","within","occurrence",970,"Magdalen Shallows",1587,51
"P1b","within","occurrence",970,"Northumberland",1588,14
"P1b","within","occurrence",980,"Central",1589,18
"P1b","within","occurrence",980,"Chaleur Bay",1590,12
"P1b","within","occurrence",980,"Magdalen Shallows",1591,51
"P1b","within","occurrence",980,"Northumberland",1592,14
"P1b","within","occurrence",990,"Central",1593,18
"P1b","within","occurrence",990,"Chaleur Bay",1594,12
"P1b","within","occurrence",990,"Magdalen Shallows",1595,51
"P1b","within","occurrence",990,"Northumberland",1596,14
"P1b","within","occurrence",1000,"Central",1597,18
"P1b","within","occurrence",1000,"Chaleur Bay",1598,12
"P1b","within","occurrence",1000,"Magdalen Shallows",1599,51
"P1b","within","occurrence",1000,"Northumberland",1600,14
"P2","within","biomass",10,"Central",1601,8
"P2","within","biomass",10,"Chaleur Bay",1602,2
"P2","within","biomass",10,"Magdalen Shallows",1603,40
"P2","within","biomass",10,"Northumberland",1604,12
"P2","within","biomass",20,"Central",1605,8
"P2","within","biomass",20,"Chaleur Bay",1606,2
"P2","within","biomass",20,"Magdalen Shallows",1607,40
"P2","within","biomass",20,"Northumberland",1608,12
"P2","within","biomass",30,"Central",1609,8
"P2","within","biomass",30,"Chaleur Bay",1610,2
"P2","within","biomass",30,"Magdalen Shallows",1611,40
"P2","within","biomass",30,"Northumberland",1612,12
"P2","within","biomass",40,"Central",1613,8
"P2","within","biomass",40,"Chaleur Bay",1614,2
"P2","within","biomass",40,"Magdalen Shallows",1615,40
"P2","within","biomass",40,"Northumberland",1616,12
"P2","within","biomass",50,"Central",1617,8
"P2","within","biomass",50,"Chaleur Bay",1618,2
"P2","within","biomass",50,"Magdalen Shallows",1619,40
"P2","within","biomass",50,"Northumberland",1620,12
"P2","within","biomass",60,"Central",1621,8
"P2","within","biomass",60,"Chaleur Bay",1622,2
"P2","within","biomass",60,"Magdalen Shallows",1623,40
"P2","within","biomass",60,"Northumberland",1624,12
"P2","within","biomass",70,"Central",1625,8
"P2","within","biomass",70,"Chaleur Bay",1626,2
"P2","within","biomass",70,"Magdalen Shallows",1627,40
"P2","within","biomass",70,"Northumberland",1628,12
"P2","within","biomass",80,"Central",1629,8
"P2","within","biomass",80,"Chaleur Bay",1630,2
"P2","within","biomass",80,"Magdalen Shallows",1631,40
"P2","within","biomass",80,"Northumberland",1632,12
"P2","within","biomass",90,"Central",1633,8
"P2","within","biomass",90,"Chaleur Bay",1634,2
"P2","within","biomass",90,"Magdalen Shallows",1635,40
"P2","within","biomass",90,"Northumberland",1636,12
"P2","within","biomass",100,"Central",1637,8
"P2","within","biomass",100,"Chaleur Bay",1638,2
"P2","within","biomass",100,"Magdalen Shallows",1639,40
"P2","within","biomass",100,"Northumberland",1640,12
"P2","within","biomass",110,"Central",1641,8
"P2","within","biomass",110,"Chaleur Bay",1642,2
"P2","within","biomass",110,"Magdalen Shallows",1643,40
"P2","within","biomass",110,"Northumberland",1644,12
"P2","within","biomass",120,"Central",1645,8
"P2","within","biomass",120,"Chaleur Bay",1646,2
"P2","within","biomass",120,"Magdalen Shallows",1647,40
"P2","within","biomass",120,"Northumberland",1648,12
"P2","within","biomass",130,"Central",1649,8
"P2","within","biomass",130,"Chaleur Bay",1650,2
"P2","within","biomass",130,"Magdalen Shallows",1651,40
"P2","within","biomass",130,"Northumberland",1652,12
"P2","within","biomass",140,"Central",1653,8
"P2","within","biomass",140,"Chaleur Bay",1654,2
"P2","within","biomass",140,"Magdalen Shallows",1655,40
"P2","within","biomass",140,"Northumberland",1656,12
"P2","within","biomass",150,"Central",1657,8
"P2","within","biomass",150,"Chaleur Bay",1658,2
"P2","within","biomass",150,"Magdalen Shallows",1659,40
"P2","within","biomass",150,"Northumberland",1660,12
"P2","within","biomass",160,"Central",1661,8
"P2","within","biomass",160,"Chaleur Bay",1662,2
"P2","within","biomass",160,"Magdalen Shallows",1663,40
"P2","within","biomass",160,"Northumberland",1664,12
"P2","within","biomass",170,"Central",1665,8
"P2","within","biomass",170,"Chaleur Bay",1666,2
"P2","within","biomass",170,"Magdalen Shallows",1667,40
"P2","within","biomass",170,"Northumberland",1668,12
"P2","within","biomass",180,"Central",1669,8
"P2","within","biomass",180,"Chaleur Bay",1670,2
"P2","within","biomass",180,"Magdalen Shallows",1671,40
"P2","within","biomass",180,"Northumberland",1672,12
"P2","within","biomass",190,"Central",1673,8
"P2","within","biomass",190,"Chaleur Bay",1674,2
"P2","within","biomass",190,"Magdalen Shallows",1675,40
"P2","within","biomass",190,"Northumberland",1676,12
"P2","within","biomass",200,"Central",1677,8
"P2","within","biomass",200,"Chaleur Bay",1678,2
"P2","within","biomass",200,"Magdalen Shallows",1679,40
"P2","within","biomass",200,"Northumberland",1680,12
"P2","within","biomass",210,"Central",1681,8
"P2","within","biomass",210,"Chaleur Bay",1682,2
"P2","within","biomass",210,"Magdalen Shallows",1683,40
"P2","within","biomass",210,"Northumberland",1684,12
"P2","within","biomass",220,"Central",1685,8
"P2","within","biomass",220,"Chaleur Bay",1686,2
"P2","within","biomass",220,"Magdalen Shallows",1687,40
"P2","within","biomass",220,"Northumberland",1688,12
"P2","within","biomass",230,"Central",1689,8
"P2","within","biomass",230,"Chaleur Bay",1690,2
"P2","within","biomass",230,"Magdalen Shallows",1691,40
"P2","within","biomass",230,"Northumberland",1692,12
"P2","within","biomass",240,"Central",1693,8
"P2","within","biomass",240,"Chaleur Bay",1694,2
"P2","within","biomass",240,"Magdalen Shallows",1695,40
"P2","within","biomass",240,"Northumberland",1696,12
"P2","within","biomass",250,"Central",1697,8
"P2","within","biomass",250,"Chaleur Bay",1698,2
"P2","within","biomass",250,"Magdalen Shallows",1699,40
"P2","within","biomass",250,"Northumberland",1700,12
"P2","within","biomass",260,"Central",1701,8
"P2","within","biomass",260,"Chaleur Bay",1702,2
"P2","within","biomass",260,"Magdalen Shallows",1703,40
"P2","within","biomass",260,"Northumberland",1704,12
"P2","within","biomass",270,"Central",1705,8
"P2","within","biomass",270,"Chaleur Bay",1706,2
"P2","within","biomass",270,"Magdalen Shallows",1707,40
"P2","within","biomass",270,"Northumberland",1708,12
"P2","within","biomass",280,"Central",1709,8
"P2","within","biomass",280,"Chaleur Bay",1710,2
"P2","within","biomass",280,"Magdalen Shallows",1711,40
"P2","within","biomass",280,"Northumberland",1712,12
"P2","within","biomass",290,"Central",1713,8
"P2","within","biomass",290,"Chaleur Bay",1714,2
"P2","within","biomass",290,"Magdalen Shallows",1715,40
"P2","within","biomass",290,"Northumberland",1716,12
"P2","within","biomass",300,"Central",1717,8
"P2","within","biomass",300,"Chaleur Bay",1718,2
"P2","within","biomass",300,"Magdalen Shallows",1719,40
"P2","within","biomass",300,"Northumberland",1720,12
"P2","within","biomass",310,"Central",1721,8
"P2","within","biomass",310,"Chaleur Bay",1722,2
"P2","within","biomass",310,"Magdalen Shallows",1723,40
"P2","within","biomass",310,"Northumberland",1724,12
"P2","within","biomass",320,"Central",1725,8
"P2","within","biomass",320,"Chaleur Bay",1726,2
"P2","within","biomass",320,"Magdalen Shallows",1727,40
"P2","within","biomass",320,"Northumberland",1728,12
"P2","within","biomass",330,"Central",1729,8
"P2","within","biomass",330,"Chaleur Bay",1730,2
"P2","within","biomass",330,"Magdalen Shallows",1731,40
"P2","within","biomass",330,"Northumberland",1732,12
"P2","within","biomass",340,"Central",1733,8
"P2","within","biomass",340,"Chaleur Bay",1734,2
"P2","within","biomass",340,"Magdalen Shallows",1735,40
"P2","within","biomass",340,"Northumberland",1736,12
"P2","within","biomass",350,"Central",1737,8
"P2","within","biomass",350,"Chaleur Bay",1738,2
"P2","within","biomass",350,"Magdalen Shallows",1739,40
"P2","within","biomass",350,"Northumberland",1740,12
"P2","within","biomass",360,"Central",1741,8
"P2","within","biomass",360,"Chaleur Bay",1742,2
"P2","within","biomass",360,"Magdalen Shallows",1743,40
"P2","within","biomass",360,"Northumberland",1744,12
"P2","within","biomass",370,"Central",1745,8
"P2","within","biomass",370,"Chaleur Bay",1746,2
"P2","within","biomass",370,"Magdalen Shallows",1747,40
"P2","within","biomass",370,"Northumberland",1748,12
"P2","within","biomass",380,"Central",1749,8
"P2","within","biomass",380,"Chaleur Bay",1750,2
"P2","within","biomass",380,"Magdalen Shallows",1751,40
"P2","within","biomass",380,"Northumberland",1752,12
"P2","within","biomass",390,"Central",1753,8
"P2","within","biomass",390,"Chaleur Bay",1754,2
"P2","within","biomass",390,"Magdalen Shallows",1755,40
"P2","within","biomass",390,"Northumberland",1756,12
"P2","within","biomass",400,"Central",1757,8
"P2","within","biomass",400,"Chaleur Bay",1758,2
"P2","within","biomass",400,"Magdalen Shallows",1759,40
"P2","within","biomass",400,"Northumberland",1760,12
"P2","within","biomass",410,"Central",1761,8
"P2","within","biomass",410,"Chaleur Bay",1762,2
"P2","within","biomass",410,"Magdalen Shallows",1763,40
"P2","within","biomass",410,"Northumberland",1764,12
"P2","within","biomass",420,"Central",1765,8
"P2","within","biomass",420,"Chaleur Bay",1766,2
"P2","within","biomass",420,"Magdalen Shallows",1767,40
"P2","within","biomass",420,"Northumberland",1768,12
"P2","within","biomass",430,"Central",1769,8
"P2","within","biomass",430,"Chaleur Bay",1770,2
"P2","within","biomass",430,"Magdalen Shallows",1771,40
"P2","within","biomass",430,"Northumberland",1772,12
"P2","within","biomass",440,"Central",1773,8
"P2","within","biomass",440,"Chaleur Bay",1774,2
"P2","within","biomass",440,"Magdalen Shallows",1775,40
"P2","within","biomass",440,"Northumberland",1776,12
"P2","within","biomass",450,"Central",1777,8
"P2","within","biomass",450,"Chaleur Bay",1778,2
"P2","within","biomass",450,"Magdalen Shallows",1779,40
"P2","within","biomass",450,"Northumberland",1780,12
"P2","within","biomass",460,"Central",1781,8
"P2","within","biomass",460,"Chaleur Bay",1782,2
"P2","within","biomass",460,"Magdalen Shallows",1783,40
"P2","within","biomass",460,"Northumberland",1784,12
"P2","within","biomass",470,"Central",1785,8
"P2","within","biomass",470,"Chaleur Bay",1786,2
"P2","within","biomass",470,"Magdalen Shallows",1787,40
"P2","within","biomass",470,"Northumberland",1788,12
"P2","within","biomass",480,"Central",1789,8
"P2","within","biomass",480,"Chaleur Bay",1790,2
"P2","within","biomass",480,"Magdalen Shallows",1791,40
"P2","within","biomass",480,"Northumberland",1792,12
"P2","within","biomass",490,"Central",1793,8
"P2","within","biomass",490,"Chaleur Bay",1794,2
"P2","within","biomass",490,"Magdalen Shallows",1795,40
"P2","within","biomass",490,"Northumberland",1796,12
"P2","within","biomass",500,"Central",1797,8
"P2","within","biomass",500,"Chaleur Bay",1798,2
"P2","within","biomass",500,"Magdalen Shallows",1799,40
"P2","within","biomass",500,"Northumberland",1800,12
"P2","within","biomass",510,"Central",1801,8
"P2","within","biomass",510,"Chaleur Bay",1802,2
"P2","within","biomass",510,"Magdalen Shallows",1803,40
"P2","within","biomass",510,"Northumberland",1804,12
"P2","within","biomass",520,"Central",1805,8
"P2","within","biomass",520,"Chaleur Bay",1806,2
"P2","within","biomass",520,"Magdalen Shallows",1807,40
"P2","within","biomass",520,"Northumberland",1808,12
"P2","within","biomass",530,"Central",1809,8
"P2","within","biomass",530,"Chaleur Bay",1810,2
"P2","within","biomass",530,"Magdalen Shallows",1811,40
"P2","within","biomass",530,"Northumberland",1812,12
"P2","within","biomass",540,"Central",1813,8
"P2","within","biomass",540,"Chaleur Bay",1814,2
"P2","within","biomass",540,"Magdalen Shallows",1815,40
"P2","within","biomass",540,"Northumberland",1816,12
"P2","within","biomass",550,"Central",1817,8
"P2","within","biomass",550,"Chaleur Bay",1818,2
"P2","within","biomass",550,"Magdalen Shallows",1819,40
"P2","within","biomass",550,"Northumberland",1820,12
"P2","within","biomass",560,"Central",1821,8
"P2","within","biomass",560,"Chaleur Bay",1822,2
"P2","within","biomass",560,"Magdalen Shallows",1823,40
"P2","within","biomass",560,"Northumberland",1824,12
"P2","within","biomass",570,"Central",1825,8
"P2","within","biomass",570,"Chaleur Bay",1826,2
"P2","within","biomass",570,"Magdalen Shallows",1827,40
"P2","within","biomass",570,"Northumberland",1828,12
"P2","within","biomass",580,"Central",1829,8
"P2","within","biomass",580,"Chaleur Bay",1830,2
"P2","within","biomass",580,"Magdalen Shallows",1831,40
"P2","within","biomass",580,"Northumberland",1832,12
"P2","within","biomass",590,"Central",1833,8
"P2","within","biomass",590,"Chaleur Bay",1834,2
"P2","within","biomass",590,"Magdalen Shallows",1835,40
"P2","within","biomass",590,"Northumberland",1836,12
"P2","within","biomass",600,"Central",1837,8
"P2","within","biomass",600,"Chaleur Bay",1838,2
"P2","within","biomass",600,"Magdalen Shallows",1839,40
"P2","within","biomass",600,"Northumberland",1840,12
"P2","within","biomass",610,"Central",1841,8
"P2","within","biomass",610,"Chaleur Bay",1842,2
"P2","within","biomass",610,"Magdalen Shallows",1843,40
"P2","within","biomass",610,"Northumberland",1844,12
"P2","within","biomass",620,"Central",1845,8
"P2","within","biomass",620,"Chaleur Bay",1846,2
"P2","within","biomass",620,"Magdalen Shallows",1847,40
"P2","within","biomass",620,"Northumberland",1848,12
"P2","within","biomass",630,"Central",1849,8
"P2","within","biomass",630,"Chaleur Bay",1850,2
"P2","within","biomass",630,"Magdalen Shallows",1851,40
"P2","within","biomass",630,"Northumberland",1852,12
"P2","within","biomass",640,"Central",1853,8
"P2","within","biomass",640,"Chaleur Bay",1854,2
"P2","within","biomass",640,"Magdalen Shallows",1855,40
"P2","within","biomass",640,"Northumberland",1856,12
"P2","within","biomass",650,"Central",1857,8
"P2","within","biomass",650,"Chaleur Bay",1858,2
"P2","within","biomass",650,"Magdalen Shallows",1859,40
"P2","within","biomass",650,"Northumberland",1860,12
"P2","within","biomass",660,"Central",1861,8
"P2","within","biomass",660,"Chaleur Bay",1862,2
"P2","within","biomass",660,"Magdalen Shallows",1863,40
"P2","within","biomass",660,"Northumberland",1864,12
"P2","within","biomass",670,"Central",1865,8
"P2","within","biomass",670,"Chaleur Bay",1866,2
"P2","within","biomass",670,"Magdalen Shallows",1867,40
"P2","within","biomass",670,"Northumberland",1868,12
"P2","within","biomass",680,"Central",1869,8
"P2","within","biomass",680,"Chaleur Bay",1870,2
"P2","within","biomass",680,"Magdalen Shallows",1871,40
"P2","within","biomass",680,"Northumberland",1872,12
"P2","within","biomass",690,"Central",1873,8
"P2","within","biomass",690,"Chaleur Bay",1874,2
"P2","within","biomass",690,"Magdalen Shallows",1875,40
"P2","within","biomass",690,"Northumberland",1876,12
"P2","within","biomass",700,"Central",1877,8
"P2","within","biomass",700,"Chaleur Bay",1878,2
"P2","within","biomass",700,"Magdalen Shallows",1879,40
"P2","within","biomass",700,"Northumberland",1880,12
"P2","within","biomass",710,"Central",1881,8
"P2","within","biomass",710,"Chaleur Bay",1882,2
"P2","within","biomass",710,"Magdalen Shallows",1883,40
"P2","within","biomass",710,"Northumberland",1884,12
"P2","within","biomass",720,"Central",1885,8
"P2","within","biomass",720,"Chaleur Bay",1886,2
"P2","within","biomass",720,"Magdalen Shallows",1887,40
"P2","within","biomass",720,"Northumberland",1888,12
"P2","within","biomass",730,"Central",1889,8
"P2","within","biomass",730,"Chaleur Bay",1890,2
"P2","within","biomass",730,"Magdalen Shallows",1891,40
"P2","within","biomass",730,"Northumberland",1892,12
"P2","within","biomass",740,"Central",1893,8
"P2","within","biomass",740,"Chaleur Bay",1894,2
"P2","within","biomass",740,"Magdalen Shallows",1895,40
"P2","within","biomass",740,"Northumberland",1896,12
"P2","within","biomass",750,"Central",1897,8
"P2","within","biomass",750,"Chaleur Bay",1898,2
"P2","within","biomass",750,"Magdalen Shallows",1899,40
"P2","within","biomass",750,"Northumberland",1900,12
"P2","within","biomass",760,"Central",1901,8
"P2","within","biomass",760,"Chaleur Bay",1902,2
"P2","within","biomass",760,"Magdalen Shallows",1903,40
"P2","within","biomass",760,"Northumberland",1904,12
"P2","within","biomass",770,"Central",1905,8
"P2","within","biomass",770,"Chaleur Bay",1906,2
"P2","within","biomass",770,"Magdalen Shallows",1907,40
"P2","within","biomass",770,"Northumberland",1908,12
"P2","within","biomass",780,"Central",1909,8
"P2","within","biomass",780,"Chaleur Bay",1910,2
"P2","within","biomass",780,"Magdalen Shallows",1911,40
"P2","within","biomass",780,"Northumberland",1912,12
"P2","within","biomass",790,"Central",1913,8
"P2","within","biomass",790,"Chaleur Bay",1914,2
"P2","within","biomass",790,"Magdalen Shallows",1915,40
"P2","within","biomass",790,"Northumberland",1916,12
"P2","within","biomass",800,"Central",1917,8
"P2","within","biomass",800,"Chaleur Bay",1918,2
"P2","within","biomass",800,"Magdalen Shallows",1919,40
"P2","within","biomass",800,"Northumberland",1920,12
"P2","within","biomass",810,"Central",1921,8
"P2","within","biomass",810,"Chaleur Bay",1922,2
"P2","within","biomass",810,"Magdalen Shallows",1923,40
"P2","within","biomass",810,"Northumberland",1924,12
"P2","within","biomass",820,"Central",1925,8
"P2","within","biomass",820,"Chaleur Bay",1926,2
"P2","within","biomass",820,"Magdalen Shallows",1927,40
"P2","within","biomass",820,"Northumberland",1928,12
"P2","within","biomass",830,"Central",1929,8
"P2","within","biomass",830,"Chaleur Bay",1930,2
"P2","within","biomass",830,"Magdalen Shallows",1931,40
"P2","within","biomass",830,"Northumberland",1932,12
"P2","within","biomass",840,"Central",1933,8
"P2","within","biomass",840,"Chaleur Bay",1934,2
"P2","within","biomass",840,"Magdalen Shallows",1935,40
"P2","within","biomass",840,"Northumberland",1936,12
"P2","within","biomass",850,"Central",1937,8
"P2","within","biomass",850,"Chaleur Bay",1938,2
"P2","within","biomass",850,"Magdalen Shallows",1939,40
"P2","within","biomass",850,"Northumberland",1940,12
"P2","within","biomass",860,"Central",1941,8
"P2","within","biomass",860,"Chaleur Bay",1942,2
"P2","within","biomass",860,"Magdalen Shallows",1943,40
"P2","within","biomass",860,"Northumberland",1944,12
"P2","within","biomass",870,"Central",1945,8
"P2","within","biomass",870,"Chaleur Bay",1946,2
"P2","within","biomass",870,"Magdalen Shallows",1947,40
"P2","within","biomass",870,"Northumberland",1948,12
"P2","within","biomass",880,"Central",1949,8
"P2","within","biomass",880,"Chaleur Bay",1950,2
"P2","within","biomass",880,"Magdalen Shallows",1951,40
"P2","within","biomass",880,"Northumberland",1952,12
"P2","within","biomass",890,"Central",1953,8
"P2","within","biomass",890,"Chaleur Bay",1954,2
"P2","within","biomass",890,"Magdalen Shallows",1955,40
"P2","within","biomass",890,"Northumberland",1956,12
"P2","within","biomass",900,"Central",1957,8
"P2","within","biomass",900,"Chaleur Bay",1958,2
"P2","within","biomass",900,"Magdalen Shallows",1959,40
"P2","within","biomass",900,"Northumberland",1960,12
"P2","within","biomass",910,"Central",1961,8
"P2","within","biomass",910,"Chaleur Bay",1962,2
"P2","within","biomass",910,"Magdalen Shallows",1963,40
"P2","within","biomass",910,"Northumberland",1964,12
"P2","within","biomass",920,"Central",1965,8
"P2","within","biomass",920,"Chaleur Bay",1966,2
"P2","within","biomass",920,"Magdalen Shallows",1967,40
"P2","within","biomass",920,"Northumberland",1968,12
"P2","within","biomass",930,"Central",1969,8
"P2","within","biomass",930,"Chaleur Bay",1970,2
"P2","within","biomass",930,"Magdalen Shallows",1971,40
"P2","within","biomass",930,"Northumberland",1972,12
"P2","within","biomass",940,"Central",1973,8
"P2","within","biomass",940,"Chaleur Bay",1974,2
"P2","within","biomass",940,"Magdalen Shallows",1975,40
"P2","within","biomass",940,"Northumberland",1976,12
"P2","within","biomass",950,"Central",1977,8
"P2","within","biomass",950,"Chaleur Bay",1978,2
"P2","within","biomass",950,"Magdalen Shallows",1979,40
"P2","within","biomass",950,"Northumberland",1980,12
"P2","within","biomass",960,"Central",1981,8
"P2","within","biomass",960,"Chaleur Bay",1982,2
"P2","within","biomass",960,"Magdalen Shallows",1983,40
"P2","within","biomass",960,"Northumberland",1984,12
"P2","within","biomass",970,"Central",1985,8
"P2","within","biomass",970,"Chaleur Bay",1986,2
"P2","within","biomass",970,"Magdalen Shallows",1987,40
"P2","within","biomass",970,"Northumberland",1988,12
"P2","within","biomass",980,"Central",1989,8
"P2","within","biomass",980,"Chaleur Bay",1990,2
"P2","within","biomass",980,"Magdalen Shallows",1991,40
"P2","within","biomass",980,"Northumberland",1992,12
"P2","within","biomass",990,"Central",1993,8
"P2","within","biomass",990,"Chaleur Bay",1994,2
"P2","within","biomass",990,"Magdalen Shallows",1995,40
"P2","within","biomass",990,"Northumberland",1996,12
"P2","within","biomass",1000,"Central",1997,8
"P2","within","biomass",1000,"Chaleur Bay",1998,2
"P2","within","biomass",1000,"Magdalen Shallows",1999,40
"P2","within","biomass",1000,"Northumberland",2000,12
"P2","within","occurrence",10,"Central",2001,8
"P2","within","occurrence",10,"Chaleur Bay",2002,2
"P2","within","occurrence",10,"Magdalen Shallows",2003,40
"P2","within","occurrence",10,"Northumberland",2004,12
"P2","within","occurrence",20,"Central",2005,8
"P2","within","occurrence",20,"Chaleur Bay",2006,2
"P2","within","occurrence",20,"Magdalen Shallows",2007,40
"P2","within","occurrence",20,"Northumberland",2008,12
"P2","within","occurrence",30,"Central",2009,8
"P2","within","occurrence",30,"Chaleur Bay",2010,2
"P2","within","occurrence",30,"Magdalen Shallows",2011,40
"P2","within","occurrence",30,"Northumberland",2012,12
"P2","within","occurrence",40,"Central",2013,8
"P2","within","occurrence",40,"Chaleur Bay",2014,2
"P2","within","occurrence",40,"Magdalen Shallows",2015,40
"P2","within","occurrence",40,"Northumberland",2016,12
"P2","within","occurrence",50,"Central",2017,8
"P2","within","occurrence",50,"Chaleur Bay",2018,2
"P2","within","occurrence",50,"Magdalen Shallows",2019,40
"P2","within","occurrence",50,"Northumberland",2020,12
"P2","within","occurrence",60,"Central",2021,8
"P2","within","occurrence",60,"Chaleur Bay",2022,2
"P2","within","occurrence",60,"Magdalen Shallows",2023,40
"P2","within","occurrence",60,"Northumberland",2024,12
"P2","within","occurrence",70,"Central",2025,8
"P2","within","occurrence",70,"Chaleur Bay",2026,2
"P2","within","occurrence",70,"Magdalen Shallows",2027,40
"P2","within","occurrence",70,"Northumberland",2028,12
"P2","within","occurrence",80,"Central",2029,8
"P2","within","occurrence",80,"Chaleur Bay",2030,2
"P2","within","occurrence",80,"Magdalen Shallows",2031,40
"P2","within","occurrence",80,"Northumberland",2032,12
"P2","within","occurrence",90,"Central",2033,8
"P2","within","occurrence",90,"Chaleur Bay",2034,2
"P2","within","occurrence",90,"Magdalen Shallows",2035,40
"P2","within","occurrence",90,"Northumberland",2036,12
"P2","within","occurrence",100,"Central",2037,8
"P2","within","occurrence",100,"Chaleur Bay",2038,2
"P2","within","occurrence",100,"Magdalen Shallows",2039,40
"P2","within","occurrence",100,"Northumberland",2040,12
"P2","within","occurrence",110,"Central",2041,8
"P2","within","occurrence",110,"Chaleur Bay",2042,2
"P2","within","occurrence",110,"Magdalen Shallows",2043,40
"P2","within","occurrence",110,"Northumberland",2044,12
"P2","within","occurrence",120,"Central",2045,8
"P2","within","occurrence",120,"Chaleur Bay",2046,2
"P2","within","occurrence",120,"Magdalen Shallows",2047,40
"P2","within","occurrence",120,"Northumberland",2048,12
"P2","within","occurrence",130,"Central",2049,8
"P2","within","occurrence",130,"Chaleur Bay",2050,2
"P2","within","occurrence",130,"Magdalen Shallows",2051,40
"P2","within","occurrence",130,"Northumberland",2052,12
"P2","within","occurrence",140,"Central",2053,8
"P2","within","occurrence",140,"Chaleur Bay",2054,2
"P2","within","occurrence",140,"Magdalen Shallows",2055,40
"P2","within","occurrence",140,"Northumberland",2056,12
"P2","within","occurrence",150,"Central",2057,8
"P2","within","occurrence",150,"Chaleur Bay",2058,2
"P2","within","occurrence",150,"Magdalen Shallows",2059,40
"P2","within","occurrence",150,"Northumberland",2060,12
"P2","within","occurrence",160,"Central",2061,8
"P2","within","occurrence",160,"Chaleur Bay",2062,2
"P2","within","occurrence",160,"Magdalen Shallows",2063,40
"P2","within","occurrence",160,"Northumberland",2064,12
"P2","within","occurrence",170,"Central",2065,8
"P2","within","occurrence",170,"Chaleur Bay",2066,2
"P2","within","occurrence",170,"Magdalen Shallows",2067,40
"P2","within","occurrence",170,"Northumberland",2068,12
"P2","within","occurrence",180,"Central",2069,8
"P2","within","occurrence",180,"Chaleur Bay",2070,2
"P2","within","occurrence",180,"Magdalen Shallows",2071,40
"P2","within","occurrence",180,"Northumberland",2072,12
"P2","within","occurrence",190,"Central",2073,8
"P2","within","occurrence",190,"Chaleur Bay",2074,2
"P2","within","occurrence",190,"Magdalen Shallows",2075,40
"P2","within","occurrence",190,"Northumberland",2076,12
"P2","within","occurrence",200,"Central",2077,8
"P2","within","occurrence",200,"Chaleur Bay",2078,2
"P2","within","occurrence",200,"Magdalen Shallows",2079,40
"P2","within","occurrence",200,"Northumberland",2080,12
"P2","within","occurrence",210,"Central",2081,8
"P2","within","occurrence",210,"Chaleur Bay",2082,2
"P2","within","occurrence",210,"Magdalen Shallows",2083,40
"P2","within","occurrence",210,"Northumberland",2084,12
"P2","within","occurrence",220,"Central",2085,8
"P2","within","occurrence",220,"Chaleur Bay",2086,2
"P2","within","occurrence",220,"Magdalen Shallows",2087,40
"P2","within","occurrence",220,"Northumberland",2088,12
"P2","within","occurrence",230,"Central",2089,8
"P2","within","occurrence",230,"Chaleur Bay",2090,2
"P2","within","occurrence",230,"Magdalen Shallows",2091,40
"P2","within","occurrence",230,"Northumberland",2092,12
"P2","within","occurrence",240,"Central",2093,8
"P2","within","occurrence",240,"Chaleur Bay",2094,2
"P2","within","occurrence",240,"Magdalen Shallows",2095,40
"P2","within","occurrence",240,"Northumberland",2096,12
"P2","within","occurrence",250,"Central",2097,8
"P2","within","occurrence",250,"Chaleur Bay",2098,2
"P2","within","occurrence",250,"Magdalen Shallows",2099,40
"P2","within","occurrence",250,"Northumberland",2100,12
"P2","within","occurrence",260,"Central",2101,8
"P2","within","occurrence",260,"Chaleur Bay",2102,2
"P2","within","occurrence",260,"Magdalen Shallows",2103,40
"P2","within","occurrence",260,"Northumberland",2104,12
"P2","within","occurrence",270,"Central",2105,8
"P2","within","occurrence",270,"Chaleur Bay",2106,2
"P2","within","occurrence",270,"Magdalen Shallows",2107,40
"P2","within","occurrence",270,"Northumberland",2108,12
"P2","within","occurrence",280,"Central",2109,8
"P2","within","occurrence",280,"Chaleur Bay",2110,2
"P2","within","occurrence",280,"Magdalen Shallows",2111,40
"P2","within","occurrence",280,"Northumberland",2112,12
"P2","within","occurrence",290,"Central",2113,8
"P2","within","occurrence",290,"Chaleur Bay",2114,2
"P2","within","occurrence",290,"Magdalen Shallows",2115,40
"P2","within","occurrence",290,"Northumberland",2116,12
"P2","within","occurrence",300,"Central",2117,8
"P2","within","occurrence",300,"Chaleur Bay",2118,2
"P2","within","occurrence",300,"Magdalen Shallows",2119,40
"P2","within","occurrence",300,"Northumberland",2120,12
"P2","within","occurrence",310,"Central",2121,8
"P2","within","occurrence",310,"Chaleur Bay",2122,2
"P2","within","occurrence",310,"Magdalen Shallows",2123,40
"P2","within","occurrence",310,"Northumberland",2124,12
"P2","within","occurrence",320,"Central",2125,8
"P2","within","occurrence",320,"Chaleur Bay",2126,2
"P2","within","occurrence",320,"Magdalen Shallows",2127,40
"P2","within","occurrence",320,"Northumberland",2128,12
"P2","within","occurrence",330,"Central",2129,8
"P2","within","occurrence",330,"Chaleur Bay",2130,2
"P2","within","occurrence",330,"Magdalen Shallows",2131,40
"P2","within","occurrence",330,"Northumberland",2132,12
"P2","within","occurrence",340,"Central",2133,8
"P2","within","occurrence",340,"Chaleur Bay",2134,2
"P2","within","occurrence",340,"Magdalen Shallows",2135,40
"P2","within","occurrence",340,"Northumberland",2136,12
"P2","within","occurrence",350,"Central",2137,8
"P2","within","occurrence",350,"Chaleur Bay",2138,2
"P2","within","occurrence",350,"Magdalen Shallows",2139,40
"P2","within","occurrence",350,"Northumberland",2140,12
"P2","within","occurrence",360,"Central",2141,8
"P2","within","occurrence",360,"Chaleur Bay",2142,2
"P2","within","occurrence",360,"Magdalen Shallows",2143,40
"P2","within","occurrence",360,"Northumberland",2144,12
"P2","within","occurrence",370,"Central",2145,8
"P2","within","occurrence",370,"Chaleur Bay",2146,2
"P2","within","occurrence",370,"Magdalen Shallows",2147,40
"P2","within","occurrence",370,"Northumberland",2148,12
"P2","within","occurrence",380,"Central",2149,8
"P2","within","occurrence",380,"Chaleur Bay",2150,2
"P2","within","occurrence",380,"Magdalen Shallows",2151,40
"P2","within","occurrence",380,"Northumberland",2152,12
"P2","within","occurrence",390,"Central",2153,8
"P2","within","occurrence",390,"Chaleur Bay",2154,2
"P2","within","occurrence",390,"Magdalen Shallows",2155,40
"P2","within","occurrence",390,"Northumberland",2156,12
"P2","within","occurrence",400,"Central",2157,8
"P2","within","occurrence",400,"Chaleur Bay",2158,2
"P2","within","occurrence",400,"Magdalen Shallows",2159,40
"P2","within","occurrence",400,"Northumberland",2160,12
"P2","within","occurrence",410,"Central",2161,8
"P2","within","occurrence",410,"Chaleur Bay",2162,2
"P2","within","occurrence",410,"Magdalen Shallows",2163,40
"P2","within","occurrence",410,"Northumberland",2164,12
"P2","within","occurrence",420,"Central",2165,8
"P2","within","occurrence",420,"Chaleur Bay",2166,2
"P2","within","occurrence",420,"Magdalen Shallows",2167,40
"P2","within","occurrence",420,"Northumberland",2168,12
"P2","within","occurrence",430,"Central",2169,8
"P2","within","occurrence",430,"Chaleur Bay",2170,2
"P2","within","occurrence",430,"Magdalen Shallows",2171,40
"P2","within","occurrence",430,"Northumberland",2172,12
"P2","within","occurrence",440,"Central",2173,8
"P2","within","occurrence",440,"Chaleur Bay",2174,2
"P2","within","occurrence",440,"Magdalen Shallows",2175,40
"P2","within","occurrence",440,"Northumberland",2176,12
"P2","within","occurrence",450,"Central",2177,8
"P2","within","occurrence",450,"Chaleur Bay",2178,2
"P2","within","occurrence",450,"Magdalen Shallows",2179,40
"P2","within","occurrence",450,"Northumberland",2180,12
"P2","within","occurrence",460,"Central",2181,8
"P2","within","occurrence",460,"Chaleur Bay",2182,2
"P2","within","occurrence",460,"Magdalen Shallows",2183,40
"P2","within","occurrence",460,"Northumberland",2184,12
"P2","within","occurrence",470,"Central",2185,8
"P2","within","occurrence",470,"Chaleur Bay",2186,2
"P2","within","occurrence",470,"Magdalen Shallows",2187,40
"P2","within","occurrence",470,"Northumberland",2188,12
"P2","within","occurrence",480,"Central",2189,8
"P2","within","occurrence",480,"Chaleur Bay",2190,2
"P2","within","occurrence",480,"Magdalen Shallows",2191,40
"P2","within","occurrence",480,"Northumberland",2192,12
"P2","within","occurrence",490,"Central",2193,8
"P2","within","occurrence",490,"Chaleur Bay",2194,2
"P2","within","occurrence",490,"Magdalen Shallows",2195,40
"P2","within","occurrence",490,"Northumberland",2196,12
"P2","within","occurrence",500,"Central",2197,8
"P2","within","occurrence",500,"Chaleur Bay",2198,2
"P2","within","occurrence",500,"Magdalen Shallows",2199,40
"P2","within","occurrence",500,"Northumberland",2200,12
"P2","within","occurrence",510,"Central",2201,8
"P2","within","occurrence",510,"Chaleur Bay",2202,2
"P2","within","occurrence",510,"Magdalen Shallows",2203,40
"P2","within","occurrence",510,"Northumberland",2204,12
"P2","within","occurrence",520,"Central",2205,8
"P2","within","occurrence",520,"Chaleur Bay",2206,2
"P2","within","occurrence",520,"Magdalen Shallows",2207,40
"P2","within","occurrence",520,"Northumberland",2208,12
"P2","within","occurrence",530,"Central",2209,8
"P2","within","occurrence",530,"Chaleur Bay",2210,2
"P2","within","occurrence",530,"Magdalen Shallows",2211,40
"P2","within","occurrence",530,"Northumberland",2212,12
"P2","within","occurrence",540,"Central",2213,8
"P2","within","occurrence",540,"Chaleur Bay",2214,2
"P2","within","occurrence",540,"Magdalen Shallows",2215,40
"P2","within","occurrence",540,"Northumberland",2216,12
"P2","within","occurrence",550,"Central",2217,8
"P2","within","occurrence",550,"Chaleur Bay",2218,2
"P2","within","occurrence",550,"Magdalen Shallows",2219,40
"P2","within","occurrence",550,"Northumberland",2220,12
"P2","within","occurrence",560,"Central",2221,8
"P2","within","occurrence",560,"Chaleur Bay",2222,2
"P2","within","occurrence",560,"Magdalen Shallows",2223,40
"P2","within","occurrence",560,"Northumberland",2224,12
"P2","within","occurrence",570,"Central",2225,8
"P2","within","occurrence",570,"Chaleur Bay",2226,2
"P2","within","occurrence",570,"Magdalen Shallows",2227,40
"P2","within","occurrence",570,"Northumberland",2228,12
"P2","within","occurrence",580,"Central",2229,8
"P2","within","occurrence",580,"Chaleur Bay",2230,2
"P2","within","occurrence",580,"Magdalen Shallows",2231,40
"P2","within","occurrence",580,"Northumberland",2232,12
"P2","within","occurrence",590,"Central",2233,8
"P2","within","occurrence",590,"Chaleur Bay",2234,2
"P2","within","occurrence",590,"Magdalen Shallows",2235,40
"P2","within","occurrence",590,"Northumberland",2236,12
"P2","within","occurrence",600,"Central",2237,8
"P2","within","occurrence",600,"Chaleur Bay",2238,2
"P2","within","occurrence",600,"Magdalen Shallows",2239,40
"P2","within","occurrence",600,"Northumberland",2240,12
"P2","within","occurrence",610,"Central",2241,8
"P2","within","occurrence",610,"Chaleur Bay",2242,2
"P2","within","occurrence",610,"Magdalen Shallows",2243,40
"P2","within","occurrence",610,"Northumberland",2244,12
"P2","within","occurrence",620,"Central",2245,8
"P2","within","occurrence",620,"Chaleur Bay",2246,2
"P2","within","occurrence",620,"Magdalen Shallows",2247,40
"P2","within","occurrence",620,"Northumberland",2248,12
"P2","within","occurrence",630,"Central",2249,8
"P2","within","occurrence",630,"Chaleur Bay",2250,2
"P2","within","occurrence",630,"Magdalen Shallows",2251,40
"P2","within","occurrence",630,"Northumberland",2252,12
"P2","within","occurrence",640,"Central",2253,8
"P2","within","occurrence",640,"Chaleur Bay",2254,2
"P2","within","occurrence",640,"Magdalen Shallows",2255,40
"P2","within","occurrence",640,"Northumberland",2256,12
"P2","within","occurrence",650,"Central",2257,8
"P2","within","occurrence",650,"Chaleur Bay",2258,2
"P2","within","occurrence",650,"Magdalen Shallows",2259,40
"P2","within","occurrence",650,"Northumberland",2260,12
"P2","within","occurrence",660,"Central",2261,8
"P2","within","occurrence",660,"Chaleur Bay",2262,2
"P2","within","occurrence",660,"Magdalen Shallows",2263,40
"P2","within","occurrence",660,"Northumberland",2264,12
"P2","within","occurrence",670,"Central",2265,8
"P2","within","occurrence",670,"Chaleur Bay",2266,2
"P2","within","occurrence",670,"Magdalen Shallows",2267,40
"P2","within","occurrence",670,"Northumberland",2268,12
"P2","within","occurrence",680,"Central",2269,8
"P2","within","occurrence",680,"Chaleur Bay",2270,2
"P2","within","occurrence",680,"Magdalen Shallows",2271,40
"P2","within","occurrence",680,"Northumberland",2272,12
"P2","within","occurrence",690,"Central",2273,8
"P2","within","occurrence",690,"Chaleur Bay",2274,2
"P2","within","occurrence",690,"Magdalen Shallows",2275,40
"P2","within","occurrence",690,"Northumberland",2276,12
"P2","within","occurrence",700,"Central",2277,8
"P2","within","occurrence",700,"Chaleur Bay",2278,2
"P2","within","occurrence",700,"Magdalen Shallows",2279,40
"P2","within","occurrence",700,"Northumberland",2280,12
"P2","within","occurrence",710,"Central",2281,8
"P2","within","occurrence",710,"Chaleur Bay",2282,2
"P2","within","occurrence",710,"Magdalen Shallows",2283,40
"P2","within","occurrence",710,"Northumberland",2284,12
"P2","within","occurrence",720,"Central",2285,8
"P2","within","occurrence",720,"Chaleur Bay",2286,2
"P2","within","occurrence",720,"Magdalen Shallows",2287,40
"P2","within","occurrence",720,"Northumberland",2288,12
"P2","within","occurrence",730,"Central",2289,8
"P2","within","occurrence",730,"Chaleur Bay",2290,2
"P2","within","occurrence",730,"Magdalen Shallows",2291,40
"P2","within","occurrence",730,"Northumberland",2292,12
"P2","within","occurrence",740,"Central",2293,8
"P2","within","occurrence",740,"Chaleur Bay",2294,2
"P2","within","occurrence",740,"Magdalen Shallows",2295,40
"P2","within","occurrence",740,"Northumberland",2296,12
"P2","within","occurrence",750,"Central",2297,8
"P2","within","occurrence",750,"Chaleur Bay",2298,2
"P2","within","occurrence",750,"Magdalen Shallows",2299,40
"P2","within","occurrence",750,"Northumberland",2300,12
"P2","within","occurrence",760,"Central",2301,8
"P2","within","occurrence",760,"Chaleur Bay",2302,2
"P2","within","occurrence",760,"Magdalen Shallows",2303,40
"P2","within","occurrence",760,"Northumberland",2304,12
"P2","within","occurrence",770,"Central",2305,8
"P2","within","occurrence",770,"Chaleur Bay",2306,2
"P2","within","occurrence",770,"Magdalen Shallows",2307,40
"P2","within","occurrence",770,"Northumberland",2308,12
"P2","within","occurrence",780,"Central",2309,8
"P2","within","occurrence",780,"Chaleur Bay",2310,2
"P2","within","occurrence",780,"Magdalen Shallows",2311,40
"P2","within","occurrence",780,"Northumberland",2312,12
"P2","within","occurrence",790,"Central",2313,8
"P2","within","occurrence",790,"Chaleur Bay",2314,2
"P2","within","occurrence",790,"Magdalen Shallows",2315,40
"P2","within","occurrence",790,"Northumberland",2316,12
"P2","within","occurrence",800,"Central",2317,8
"P2","within","occurrence",800,"Chaleur Bay",2318,2
"P2","within","occurrence",800,"Magdalen Shallows",2319,40
"P2","within","occurrence",800,"Northumberland",2320,12
"P2","within","occurrence",810,"Central",2321,8
"P2","within","occurrence",810,"Chaleur Bay",2322,2
"P2","within","occurrence",810,"Magdalen Shallows",2323,40
"P2","within","occurrence",810,"Northumberland",2324,12
"P2","within","occurrence",820,"Central",2325,8
"P2","within","occurrence",820,"Chaleur Bay",2326,2
"P2","within","occurrence",820,"Magdalen Shallows",2327,40
"P2","within","occurrence",820,"Northumberland",2328,12
"P2","within","occurrence",830,"Central",2329,8
"P2","within","occurrence",830,"Chaleur Bay",2330,2
"P2","within","occurrence",830,"Magdalen Shallows",2331,40
"P2","within","occurrence",830,"Northumberland",2332,12
"P2","within","occurrence",840,"Central",2333,8
"P2","within","occurrence",840,"Chaleur Bay",2334,2
"P2","within","occurrence",840,"Magdalen Shallows",2335,40
"P2","within","occurrence",840,"Northumberland",2336,12
"P2","within","occurrence",850,"Central",2337,8
"P2","within","occurrence",850,"Chaleur Bay",2338,2
"P2","within","occurrence",850,"Magdalen Shallows",2339,40
"P2","within","occurrence",850,"Northumberland",2340,12
"P2","within","occurrence",860,"Central",2341,8
"P2","within","occurrence",860,"Chaleur Bay",2342,2
"P2","within","occurrence",860,"Magdalen Shallows",2343,40
"P2","within","occurrence",860,"Northumberland",2344,12
"P2","within","occurrence",870,"Central",2345,8
"P2","within","occurrence",870,"Chaleur Bay",2346,2
"P2","within","occurrence",870,"Magdalen Shallows",2347,40
"P2","within","occurrence",870,"Northumberland",2348,12
"P2","within","occurrence",880,"Central",2349,8
"P2","within","occurrence",880,"Chaleur Bay",2350,2
"P2","within","occurrence",880,"Magdalen Shallows",2351,40
"P2","within","occurrence",880,"Northumberland",2352,12
"P2","within","occurrence",890,"Central",2353,8
"P2","within","occurrence",890,"Chaleur Bay",2354,2
"P2","within","occurrence",890,"Magdalen Shallows",2355,40
"P2","within","occurrence",890,"Northumberland",2356,12
"P2","within","occurrence",900,"Central",2357,8
"P2","within","occurrence",900,"Chaleur Bay",2358,2
"P2","within","occurrence",900,"Magdalen Shallows",2359,40
"P2","within","occurrence",900,"Northumberland",2360,12
"P2","within","occurrence",910,"Central",2361,8
"P2","within","occurrence",910,"Chaleur Bay",2362,2
"P2","within","occurrence",910,"Magdalen Shallows",2363,40
"P2","within","occurrence",910,"Northumberland",2364,12
"P2","within","occurrence",920,"Central",2365,8
"P2","within","occurrence",920,"Chaleur Bay",2366,2
"P2","within","occurrence",920,"Magdalen Shallows",2367,40
"P2","within","occurrence",920,"Northumberland",2368,12
"P2","within","occurrence",930,"Central",2369,8
"P2","within","occurrence",930,"Chaleur Bay",2370,2
"P2","within","occurrence",930,"Magdalen Shallows",2371,40
"P2","within","occurrence",930,"Northumberland",2372,12
"P2","within","occurrence",940,"Central",2373,8
"P2","within","occurrence",940,"Chaleur Bay",2374,2
"P2","within","occurrence",940,"Magdalen Shallows",2375,40
"P2","within","occurrence",940,"Northumberland",2376,12
"P2","within","occurrence",950,"Central",2377,8
"P2","within","occurrence",950,"Chaleur Bay",2378,2
"P2","within","occurrence",950,"Magdalen Shallows",2379,40
"P2","within","occurrence",950,"Northumberland",2380,12
"P2","within","occurrence",960,"Central",2381,8
"P2","within","occurrence",960,"Chaleur Bay",2382,2
"P2","within","occurrence",960,"Magdalen Shallows",2383,40
"P2","within","occurrence",960,"Northumberland",2384,12
"P2","within","occurrence",970,"Central",2385,8
"P2","within","occurrence",970,"Chaleur Bay",2386,2
"P2","within","occurrence",970,"Magdalen Shallows",2387,40
"P2","within","occurrence",970,"Northumberland",2388,12
"P2","within","occurrence",980,"Central",2389,8
"P2","within","occurrence",980,"Chaleur Bay",2390,2
"P2","within","occurrence",980,"Magdalen Shallows",2391,40
"P2","within","occurrence",980,"Northumberland",2392,12
"P2","within","occurrence",990,"Central",2393,8
"P2","within","occurrence",990,"Chaleur Bay",2394,2
"P2","within","occurrence",990,"Magdalen Shallows",2395,40
"P2","within","occurrence",990,"Northumberland",2396,12
"P2","within","occurrence",1000,"Central",2397,8
"P2","within","occurrence",1000,"Chaleur Bay",2398,2
"P2","within","occurrence",1000,"Magdalen Shallows",2399,40
"P2","within","occurrence",1000,"Northumberland",2400,12
"PTa","between","biomass",10,"Central",2401,17
"PTa","between","biomass",10,"Chaleur Bay",2402,11
"PTa","between","biomass",10,"Magdalen Shallows",2403,53
"PTa","between","biomass",10,"Northumberland",2404,19
"PTa","between","biomass",20,"Central",2405,17
"PTa","between","biomass",20,"Chaleur Bay",2406,11
"PTa","between","biomass",20,"Magdalen Shallows",2407,53
"PTa","between","biomass",20,"Northumberland",2408,19
"PTa","between","biomass",30,"Central",2409,17
"PTa","between","biomass",30,"Chaleur Bay",2410,11
"PTa","between","biomass",30,"Magdalen Shallows",2411,53
"PTa","between","biomass",30,"Northumberland",2412,19
"PTa","between","biomass",40,"Central",2413,17
"PTa","between","biomass",40,"Chaleur Bay",2414,11
"PTa","between","biomass",40,"Magdalen Shallows",2415,53
"PTa","between","biomass",40,"Northumberland",2416,19
"PTa","between","biomass",50,"Central",2417,17
"PTa","between","biomass",50,"Chaleur Bay",2418,11
"PTa","between","biomass",50,"Magdalen Shallows",2419,53
"PTa","between","biomass",50,"Northumberland",2420,19
"PTa","between","biomass",60,"Central",2421,17
"PTa","between","biomass",60,"Chaleur Bay",2422,11
"PTa","between","biomass",60,"Magdalen Shallows",2423,53
"PTa","between","biomass",60,"Northumberland",2424,19
"PTa","between","biomass",70,"Central",2425,17
"PTa","between","biomass",70,"Chaleur Bay",2426,11
"PTa","between","biomass",70,"Magdalen Shallows",2427,53
"PTa","between","biomass",70,"Northumberland",2428,19
"PTa","between","biomass",80,"Central",2429,17
"PTa","between","biomass",80,"Chaleur Bay",2430,11
"PTa","between","biomass",80,"Magdalen Shallows",2431,53
"PTa","between","biomass",80,"Northumberland",2432,19
"PTa","between","biomass",90,"Central",2433,17
"PTa","between","biomass",90,"Chaleur Bay",2434,11
"PTa","between","biomass",90,"Magdalen Shallows",2435,53
"PTa","between","biomass",90,"Northumberland",2436,19
"PTa","between","biomass",100,"Central",2437,17
"PTa","between","biomass",100,"Chaleur Bay",2438,11
"PTa","between","biomass",100,"Magdalen Shallows",2439,53
"PTa","between","biomass",100,"Northumberland",2440,19
"PTa","between","biomass",110,"Central",2441,17
"PTa","between","biomass",110,"Chaleur Bay",2442,11
"PTa","between","biomass",110,"Magdalen Shallows",2443,53
"PTa","between","biomass",110,"Northumberland",2444,19
"PTa","between","biomass",120,"Central",2445,17
"PTa","between","biomass",120,"Chaleur Bay",2446,11
"PTa","between","biomass",120,"Magdalen Shallows",2447,53
"PTa","between","biomass",120,"Northumberland",2448,19
"PTa","between","biomass",130,"Central",2449,17
"PTa","between","biomass",130,"Chaleur Bay",2450,11
"PTa","between","biomass",130,"Magdalen Shallows",2451,53
"PTa","between","biomass",130,"Northumberland",2452,19
"PTa","between","biomass",140,"Central",2453,17
"PTa","between","biomass",140,"Chaleur Bay",2454,11
"PTa","between","biomass",140,"Magdalen Shallows",2455,53
"PTa","between","biomass",140,"Northumberland",2456,19
"PTa","between","biomass",150,"Central",2457,17
"PTa","between","biomass",150,"Chaleur Bay",2458,11
"PTa","between","biomass",150,"Magdalen Shallows",2459,53
"PTa","between","biomass",150,"Northumberland",2460,19
"PTa","between","biomass",160,"Central",2461,17
"PTa","between","biomass",160,"Chaleur Bay",2462,11
"PTa","between","biomass",160,"Magdalen Shallows",2463,53
"PTa","between","biomass",160,"Northumberland",2464,19
"PTa","between","biomass",170,"Central",2465,17
"PTa","between","biomass",170,"Chaleur Bay",2466,11
"PTa","between","biomass",170,"Magdalen Shallows",2467,53
"PTa","between","biomass",170,"Northumberland",2468,19
"PTa","between","biomass",180,"Central",2469,17
"PTa","between","biomass",180,"Chaleur Bay",2470,11
"PTa","between","biomass",180,"Magdalen Shallows",2471,53
"PTa","between","biomass",180,"Northumberland",2472,19
"PTa","between","biomass",190,"Central",2473,17
"PTa","between","biomass",190,"Chaleur Bay",2474,11
"PTa","between","biomass",190,"Magdalen Shallows",2475,53
"PTa","between","biomass",190,"Northumberland",2476,19
"PTa","between","biomass",200,"Central",2477,17
"PTa","between","biomass",200,"Chaleur Bay",2478,11
"PTa","between","biomass",200,"Magdalen Shallows",2479,53
"PTa","between","biomass",200,"Northumberland",2480,19
"PTa","between","biomass",210,"Central",2481,17
"PTa","between","biomass",210,"Chaleur Bay",2482,11
"PTa","between","biomass",210,"Magdalen Shallows",2483,53
"PTa","between","biomass",210,"Northumberland",2484,19
"PTa","between","biomass",220,"Central",2485,17
"PTa","between","biomass",220,"Chaleur Bay",2486,11
"PTa","between","biomass",220,"Magdalen Shallows",2487,53
"PTa","between","biomass",220,"Northumberland",2488,19
"PTa","between","biomass",230,"Central",2489,17
"PTa","between","biomass",230,"Chaleur Bay",2490,11
"PTa","between","biomass",230,"Magdalen Shallows",2491,53
"PTa","between","biomass",230,"Northumberland",2492,19
"PTa","between","biomass",240,"Central",2493,17
"PTa","between","biomass",240,"Chaleur Bay",2494,11
"PTa","between","biomass",240,"Magdalen Shallows",2495,53
"PTa","between","biomass",240,"Northumberland",2496,19
"PTa","between","biomass",250,"Central",2497,17
"PTa","between","biomass",250,"Chaleur Bay",2498,11
"PTa","between","biomass",250,"Magdalen Shallows",2499,53
"PTa","between","biomass",250,"Northumberland",2500,19
"PTa","between","biomass",260,"Central",2501,17
"PTa","between","biomass",260,"Chaleur Bay",2502,11
"PTa","between","biomass",260,"Magdalen Shallows",2503,53
"PTa","between","biomass",260,"Northumberland",2504,19
"PTa","between","biomass",270,"Central",2505,17
"PTa","between","biomass",270,"Chaleur Bay",2506,11
"PTa","between","biomass",270,"Magdalen Shallows",2507,53
"PTa","between","biomass",270,"Northumberland",2508,19
"PTa","between","biomass",280,"Central",2509,17
"PTa","between","biomass",280,"Chaleur Bay",2510,11
"PTa","between","biomass",280,"Magdalen Shallows",2511,53
"PTa","between","biomass",280,"Northumberland",2512,19
"PTa","between","biomass",290,"Central",2513,17
"PTa","between","biomass",290,"Chaleur Bay",2514,11
"PTa","between","biomass",290,"Magdalen Shallows",2515,53
"PTa","between","biomass",290,"Northumberland",2516,19
"PTa","between","biomass",300,"Central",2517,17
"PTa","between","biomass",300,"Chaleur Bay",2518,11
"PTa","between","biomass",300,"Magdalen Shallows",2519,53
"PTa","between","biomass",300,"Northumberland",2520,19
"PTa","between","biomass",310,"Central",2521,17
"PTa","between","biomass",310,"Chaleur Bay",2522,11
"PTa","between","biomass",310,"Magdalen Shallows",2523,53
"PTa","between","biomass",310,"Northumberland",2524,19
"PTa","between","biomass",320,"Central",2525,17
"PTa","between","biomass",320,"Chaleur Bay",2526,11
"PTa","between","biomass",320,"Magdalen Shallows",2527,53
"PTa","between","biomass",320,"Northumberland",2528,19
"PTa","between","biomass",330,"Central",2529,17
"PTa","between","biomass",330,"Chaleur Bay",2530,11
"PTa","between","biomass",330,"Magdalen Shallows",2531,53
"PTa","between","biomass",330,"Northumberland",2532,19
"PTa","between","biomass",340,"Central",2533,17
"PTa","between","biomass",340,"Chaleur Bay",2534,11
"PTa","between","biomass",340,"Magdalen Shallows",2535,53
"PTa","between","biomass",340,"Northumberland",2536,19
"PTa","between","biomass",350,"Central",2537,17
"PTa","between","biomass",350,"Chaleur Bay",2538,11
"PTa","between","biomass",350,"Magdalen Shallows",2539,53
"PTa","between","biomass",350,"Northumberland",2540,19
"PTa","between","biomass",360,"Central",2541,17
"PTa","between","biomass",360,"Chaleur Bay",2542,11
"PTa","between","biomass",360,"Magdalen Shallows",2543,53
"PTa","between","biomass",360,"Northumberland",2544,19
"PTa","between","biomass",370,"Central",2545,17
"PTa","between","biomass",370,"Chaleur Bay",2546,11
"PTa","between","biomass",370,"Magdalen Shallows",2547,53
"PTa","between","biomass",370,"Northumberland",2548,19
"PTa","between","biomass",380,"Central",2549,17
"PTa","between","biomass",380,"Chaleur Bay",2550,11
"PTa","between","biomass",380,"Magdalen Shallows",2551,53
"PTa","between","biomass",380,"Northumberland",2552,19
"PTa","between","biomass",390,"Central",2553,17
"PTa","between","biomass",390,"Chaleur Bay",2554,11
"PTa","between","biomass",390,"Magdalen Shallows",2555,53
"PTa","between","biomass",390,"Northumberland",2556,19
"PTa","between","biomass",400,"Central",2557,17
"PTa","between","biomass",400,"Chaleur Bay",2558,11
"PTa","between","biomass",400,"Magdalen Shallows",2559,53
"PTa","between","biomass",400,"Northumberland",2560,19
"PTa","between","biomass",410,"Central",2561,17
"PTa","between","biomass",410,"Chaleur Bay",2562,11
"PTa","between","biomass",410,"Magdalen Shallows",2563,53
"PTa","between","biomass",410,"Northumberland",2564,19
"PTa","between","biomass",420,"Central",2565,17
"PTa","between","biomass",420,"Chaleur Bay",2566,11
"PTa","between","biomass",420,"Magdalen Shallows",2567,53
"PTa","between","biomass",420,"Northumberland",2568,19
"PTa","between","biomass",430,"Central",2569,17
"PTa","between","biomass",430,"Chaleur Bay",2570,11
"PTa","between","biomass",430,"Magdalen Shallows",2571,53
"PTa","between","biomass",430,"Northumberland",2572,19
"PTa","between","biomass",440,"Central",2573,17
"PTa","between","biomass",440,"Chaleur Bay",2574,11
"PTa","between","biomass",440,"Magdalen Shallows",2575,53
"PTa","between","biomass",440,"Northumberland",2576,19
"PTa","between","biomass",450,"Central",2577,17
"PTa","between","biomass",450,"Chaleur Bay",2578,11
"PTa","between","biomass",450,"Magdalen Shallows",2579,53
"PTa","between","biomass",450,"Northumberland",2580,19
"PTa","between","biomass",460,"Central",2581,17
"PTa","between","biomass",460,"Chaleur Bay",2582,11
"PTa","between","biomass",460,"Magdalen Shallows",2583,53
"PTa","between","biomass",460,"Northumberland",2584,19
"PTa","between","biomass",470,"Central",2585,17
"PTa","between","biomass",470,"Chaleur Bay",2586,11
"PTa","between","biomass",470,"Magdalen Shallows",2587,53
"PTa","between","biomass",470,"Northumberland",2588,19
"PTa","between","biomass",480,"Central",2589,17
"PTa","between","biomass",480,"Chaleur Bay",2590,11
"PTa","between","biomass",480,"Magdalen Shallows",2591,53
"PTa","between","biomass",480,"Northumberland",2592,19
"PTa","between","biomass",490,"Central",2593,17
"PTa","between","biomass",490,"Chaleur Bay",2594,11
"PTa","between","biomass",490,"Magdalen Shallows",2595,53
"PTa","between","biomass",490,"Northumberland",2596,19
"PTa","between","biomass",500,"Central",2597,17
"PTa","between","biomass",500,"Chaleur Bay",2598,11
"PTa","between","biomass",500,"Magdalen Shallows",2599,53
"PTa","between","biomass",500,"Northumberland",2600,19
"PTa","between","biomass",510,"Central",2601,17
"PTa","between","biomass",510,"Chaleur Bay",2602,11
"PTa","between","biomass",510,"Magdalen Shallows",2603,53
"PTa","between","biomass",510,"Northumberland",2604,19
"PTa","between","biomass",520,"Central",2605,17
"PTa","between","biomass",520,"Chaleur Bay",2606,11
"PTa","between","biomass",520,"Magdalen Shallows",2607,53
"PTa","between","biomass",520,"Northumberland",2608,19
"PTa","between","biomass",530,"Central",2609,17
"PTa","between","biomass",530,"Chaleur Bay",2610,11
"PTa","between","biomass",530,"Magdalen Shallows",2611,53
"PTa","between","biomass",530,"Northumberland",2612,19
"PTa","between","biomass",540,"Central",2613,17
"PTa","between","biomass",540,"Chaleur Bay",2614,11
"PTa","between","biomass",540,"Magdalen Shallows",2615,53
"PTa","between","biomass",540,"Northumberland",2616,19
"PTa","between","biomass",550,"Central",2617,17
"PTa","between","biomass",550,"Chaleur Bay",2618,11
"PTa","between","biomass",550,"Magdalen Shallows",2619,53
"PTa","between","biomass",550,"Northumberland",2620,19
"PTa","between","biomass",560,"Central",2621,17
"PTa","between","biomass",560,"Chaleur Bay",2622,11
"PTa","between","biomass",560,"Magdalen Shallows",2623,53
"PTa","between","biomass",560,"Northumberland",2624,19
"PTa","between","biomass",570,"Central",2625,17
"PTa","between","biomass",570,"Chaleur Bay",2626,11
"PTa","between","biomass",570,"Magdalen Shallows",2627,53
"PTa","between","biomass",570,"Northumberland",2628,19
"PTa","between","biomass",580,"Central",2629,17
"PTa","between","biomass",580,"Chaleur Bay",2630,11
"PTa","between","biomass",580,"Magdalen Shallows",2631,53
"PTa","between","biomass",580,"Northumberland",2632,19
"PTa","between","biomass",590,"Central",2633,17
"PTa","between","biomass",590,"Chaleur Bay",2634,11
"PTa","between","biomass",590,"Magdalen Shallows",2635,53
"PTa","between","biomass",590,"Northumberland",2636,19
"PTa","between","biomass",600,"Central",2637,17
"PTa","between","biomass",600,"Chaleur Bay",2638,11
"PTa","between","biomass",600,"Magdalen Shallows",2639,53
"PTa","between","biomass",600,"Northumberland",2640,19
"PTa","between","biomass",610,"Central",2641,17
"PTa","between","biomass",610,"Chaleur Bay",2642,11
"PTa","between","biomass",610,"Magdalen Shallows",2643,53
"PTa","between","biomass",610,"Northumberland",2644,19
"PTa","between","biomass",620,"Central",2645,17
"PTa","between","biomass",620,"Chaleur Bay",2646,11
"PTa","between","biomass",620,"Magdalen Shallows",2647,53
"PTa","between","biomass",620,"Northumberland",2648,19
"PTa","between","biomass",630,"Central",2649,17
"PTa","between","biomass",630,"Chaleur Bay",2650,11
"PTa","between","biomass",630,"Magdalen Shallows",2651,53
"PTa","between","biomass",630,"Northumberland",2652,19
"PTa","between","biomass",640,"Central",2653,17
"PTa","between","biomass",640,"Chaleur Bay",2654,11
"PTa","between","biomass",640,"Magdalen Shallows",2655,53
"PTa","between","biomass",640,"Northumberland",2656,19
"PTa","between","biomass",650,"Central",2657,17
"PTa","between","biomass",650,"Chaleur Bay",2658,11
"PTa","between","biomass",650,"Magdalen Shallows",2659,53
"PTa","between","biomass",650,"Northumberland",2660,19
"PTa","between","biomass",660,"Central",2661,17
"PTa","between","biomass",660,"Chaleur Bay",2662,11
"PTa","between","biomass",660,"Magdalen Shallows",2663,53
"PTa","between","biomass",660,"Northumberland",2664,19
"PTa","between","biomass",670,"Central",2665,17
"PTa","between","biomass",670,"Chaleur Bay",2666,11
"PTa","between","biomass",670,"Magdalen Shallows",2667,53
"PTa","between","biomass",670,"Northumberland",2668,19
"PTa","between","biomass",680,"Central",2669,17
"PTa","between","biomass",680,"Chaleur Bay",2670,11
"PTa","between","biomass",680,"Magdalen Shallows",2671,53
"PTa","between","biomass",680,"Northumberland",2672,19
"PTa","between","biomass",690,"Central",2673,17
"PTa","between","biomass",690,"Chaleur Bay",2674,11
"PTa","between","biomass",690,"Magdalen Shallows",2675,53
"PTa","between","biomass",690,"Northumberland",2676,19
"PTa","between","biomass",700,"Central",2677,17
"PTa","between","biomass",700,"Chaleur Bay",2678,11
"PTa","between","biomass",700,"Magdalen Shallows",2679,53
"PTa","between","biomass",700,"Northumberland",2680,19
"PTa","between","biomass",710,"Central",2681,17
"PTa","between","biomass",710,"Chaleur Bay",2682,11
"PTa","between","biomass",710,"Magdalen Shallows",2683,53
"PTa","between","biomass",710,"Northumberland",2684,19
"PTa","between","biomass",720,"Central",2685,17
"PTa","between","biomass",720,"Chaleur Bay",2686,11
"PTa","between","biomass",720,"Magdalen Shallows",2687,53
"PTa","between","biomass",720,"Northumberland",2688,19
"PTa","between","biomass",730,"Central",2689,17
"PTa","between","biomass",730,"Chaleur Bay",2690,11
"PTa","between","biomass",730,"Magdalen Shallows",2691,53
"PTa","between","biomass",730,"Northumberland",2692,19
"PTa","between","biomass",740,"Central",2693,17
"PTa","between","biomass",740,"Chaleur Bay",2694,11
"PTa","between","biomass",740,"Magdalen Shallows",2695,53
"PTa","between","biomass",740,"Northumberland",2696,19
"PTa","between","biomass",750,"Central",2697,17
"PTa","between","biomass",750,"Chaleur Bay",2698,11
"PTa","between","biomass",750,"Magdalen Shallows",2699,53
"PTa","between","biomass",750,"Northumberland",2700,19
"PTa","between","biomass",760,"Central",2701,17
"PTa","between","biomass",760,"Chaleur Bay",2702,11
"PTa","between","biomass",760,"Magdalen Shallows",2703,53
"PTa","between","biomass",760,"Northumberland",2704,19
"PTa","between","biomass",770,"Central",2705,17
"PTa","between","biomass",770,"Chaleur Bay",2706,11
"PTa","between","biomass",770,"Magdalen Shallows",2707,53
"PTa","between","biomass",770,"Northumberland",2708,19
"PTa","between","biomass",780,"Central",2709,17
"PTa","between","biomass",780,"Chaleur Bay",2710,11
"PTa","between","biomass",780,"Magdalen Shallows",2711,53
"PTa","between","biomass",780,"Northumberland",2712,19
"PTa","between","biomass",790,"Central",2713,17
"PTa","between","biomass",790,"Chaleur Bay",2714,11
"PTa","between","biomass",790,"Magdalen Shallows",2715,53
"PTa","between","biomass",790,"Northumberland",2716,19
"PTa","between","biomass",800,"Central",2717,17
"PTa","between","biomass",800,"Chaleur Bay",2718,11
"PTa","between","biomass",800,"Magdalen Shallows",2719,53
"PTa","between","biomass",800,"Northumberland",2720,19
"PTa","between","biomass",810,"Central",2721,17
"PTa","between","biomass",810,"Chaleur Bay",2722,11
"PTa","between","biomass",810,"Magdalen Shallows",2723,53
"PTa","between","biomass",810,"Northumberland",2724,19
"PTa","between","biomass",820,"Central",2725,17
"PTa","between","biomass",820,"Chaleur Bay",2726,11
"PTa","between","biomass",820,"Magdalen Shallows",2727,53
"PTa","between","biomass",820,"Northumberland",2728,19
"PTa","between","biomass",830,"Central",2729,17
"PTa","between","biomass",830,"Chaleur Bay",2730,11
"PTa","between","biomass",830,"Magdalen Shallows",2731,53
"PTa","between","biomass",830,"Northumberland",2732,19
"PTa","between","biomass",840,"Central",2733,17
"PTa","between","biomass",840,"Chaleur Bay",2734,11
"PTa","between","biomass",840,"Magdalen Shallows",2735,53
"PTa","between","biomass",840,"Northumberland",2736,19
"PTa","between","biomass",850,"Central",2737,17
"PTa","between","biomass",850,"Chaleur Bay",2738,11
"PTa","between","biomass",850,"Magdalen Shallows",2739,53
"PTa","between","biomass",850,"Northumberland",2740,19
"PTa","between","biomass",860,"Central",2741,17
"PTa","between","biomass",860,"Chaleur Bay",2742,11
"PTa","between","biomass",860,"Magdalen Shallows",2743,53
"PTa","between","biomass",860,"Northumberland",2744,19
"PTa","between","biomass",870,"Central",2745,17
"PTa","between","biomass",870,"Chaleur Bay",2746,11
"PTa","between","biomass",870,"Magdalen Shallows",2747,53
"PTa","between","biomass",870,"Northumberland",2748,19
"PTa","between","biomass",880,"Central",2749,17
"PTa","between","biomass",880,"Chaleur Bay",2750,11
"PTa","between","biomass",880,"Magdalen Shallows",2751,53
"PTa","between","biomass",880,"Northumberland",2752,19
"PTa","between","biomass",890,"Central",2753,17
"PTa","between","biomass",890,"Chaleur Bay",2754,11
"PTa","between","biomass",890,"Magdalen Shallows",2755,53
"PTa","between","biomass",890,"Northumberland",2756,19
"PTa","between","biomass",900,"Central",2757,17
"PTa","between","biomass",900,"Chaleur Bay",2758,11
"PTa","between","biomass",900,"Magdalen Shallows",2759,53
"PTa","between","biomass",900,"Northumberland",2760,19
"PTa","between","biomass",910,"Central",2761,17
"PTa","between","biomass",910,"Chaleur Bay",2762,11
"PTa","between","biomass",910,"Magdalen Shallows",2763,53
"PTa","between","biomass",910,"Northumberland",2764,19
"PTa","between","biomass",920,"Central",2765,17
"PTa","between","biomass",920,"Chaleur Bay",2766,11
"PTa","between","biomass",920,"Magdalen Shallows",2767,53
"PTa","between","biomass",920,"Northumberland",2768,19
"PTa","between","biomass",930,"Central",2769,17
"PTa","between","biomass",930,"Chaleur Bay",2770,11
"PTa","between","biomass",930,"Magdalen Shallows",2771,53
"PTa","between","biomass",930,"Northumberland",2772,19
"PTa","between","biomass",940,"Central",2773,17
"PTa","between","biomass",940,"Chaleur Bay",2774,11
"PTa","between","biomass",940,"Magdalen Shallows",2775,53
"PTa","between","biomass",940,"Northumberland",2776,19
"PTa","between","biomass",950,"Central",2777,17
"PTa","between","biomass",950,"Chaleur Bay",2778,11
"PTa","between","biomass",950,"Magdalen Shallows",2779,53
"PTa","between","biomass",950,"Northumberland",2780,19
"PTa","between","biomass",960,"Central",2781,17
"PTa","between","biomass",960,"Chaleur Bay",2782,11
"PTa","between","biomass",960,"Magdalen Shallows",2783,53
"PTa","between","biomass",960,"Northumberland",2784,19
"PTa","between","biomass",970,"Central",2785,17
"PTa","between","biomass",970,"Chaleur Bay",2786,11
"PTa","between","biomass",970,"Magdalen Shallows",2787,53
"PTa","between","biomass",970,"Northumberland",2788,19
"PTa","between","biomass",980,"Central",2789,17
"PTa","between","biomass",980,"Chaleur Bay",2790,11
"PTa","between","biomass",980,"Magdalen Shallows",2791,53
"PTa","between","biomass",980,"Northumberland",2792,19
"PTa","between","biomass",990,"Central",2793,17
"PTa","between","biomass",990,"Chaleur Bay",2794,11
"PTa","between","biomass",990,"Magdalen Shallows",2795,53
"PTa","between","biomass",990,"Northumberland",2796,19
"PTa","between","biomass",1000,"Central",2797,17
"PTa","between","biomass",1000,"Chaleur Bay",2798,11
"PTa","between","biomass",1000,"Magdalen Shallows",2799,53
"PTa","between","biomass",1000,"Northumberland",2800,19
"PTa","between","occurrence",10,"Central",2801,17
"PTa","between","occurrence",10,"Chaleur Bay",2802,11
"PTa","between","occurrence",10,"Magdalen Shallows",2803,53
"PTa","between","occurrence",10,"Northumberland",2804,19
"PTa","between","occurrence",20,"Central",2805,17
"PTa","between","occurrence",20,"Chaleur Bay",2806,11
"PTa","between","occurrence",20,"Magdalen Shallows",2807,53
"PTa","between","occurrence",20,"Northumberland",2808,19
"PTa","between","occurrence",30,"Central",2809,17
"PTa","between","occurrence",30,"Chaleur Bay",2810,11
"PTa","between","occurrence",30,"Magdalen Shallows",2811,53
"PTa","between","occurrence",30,"Northumberland",2812,19
"PTa","between","occurrence",40,"Central",2813,17
"PTa","between","occurrence",40,"Chaleur Bay",2814,11
"PTa","between","occurrence",40,"Magdalen Shallows",2815,53
"PTa","between","occurrence",40,"Northumberland",2816,19
"PTa","between","occurrence",50,"Central",2817,17
"PTa","between","occurrence",50,"Chaleur Bay",2818,11
"PTa","between","occurrence",50,"Magdalen Shallows",2819,53
"PTa","between","occurrence",50,"Northumberland",2820,19
"PTa","between","occurrence",60,"Central",2821,17
"PTa","between","occurrence",60,"Chaleur Bay",2822,11
"PTa","between","occurrence",60,"Magdalen Shallows",2823,53
"PTa","between","occurrence",60,"Northumberland",2824,19
"PTa","between","occurrence",70,"Central",2825,17
"PTa","between","occurrence",70,"Chaleur Bay",2826,11
"PTa","between","occurrence",70,"Magdalen Shallows",2827,53
"PTa","between","occurrence",70,"Northumberland",2828,19
"PTa","between","occurrence",80,"Central",2829,17
"PTa","between","occurrence",80,"Chaleur Bay",2830,11
"PTa","between","occurrence",80,"Magdalen Shallows",2831,53
"PTa","between","occurrence",80,"Northumberland",2832,19
"PTa","between","occurrence",90,"Central",2833,17
"PTa","between","occurrence",90,"Chaleur Bay",2834,11
"PTa","between","occurrence",90,"Magdalen Shallows",2835,53
"PTa","between","occurrence",90,"Northumberland",2836,19
"PTa","between","occurrence",100,"Central",2837,17
"PTa","between","occurrence",100,"Chaleur Bay",2838,11
"PTa","between","occurrence",100,"Magdalen Shallows",2839,53
"PTa","between","occurrence",100,"Northumberland",2840,19
"PTa","between","occurrence",110,"Central",2841,17
"PTa","between","occurrence",110,"Chaleur Bay",2842,11
"PTa","between","occurrence",110,"Magdalen Shallows",2843,53
"PTa","between","occurrence",110,"Northumberland",2844,19
"PTa","between","occurrence",120,"Central",2845,17
"PTa","between","occurrence",120,"Chaleur Bay",2846,11
"PTa","between","occurrence",120,"Magdalen Shallows",2847,53
"PTa","between","occurrence",120,"Northumberland",2848,19
"PTa","between","occurrence",130,"Central",2849,17
"PTa","between","occurrence",130,"Chaleur Bay",2850,11
"PTa","between","occurrence",130,"Magdalen Shallows",2851,53
"PTa","between","occurrence",130,"Northumberland",2852,19
"PTa","between","occurrence",140,"Central",2853,17
"PTa","between","occurrence",140,"Chaleur Bay",2854,11
"PTa","between","occurrence",140,"Magdalen Shallows",2855,53
"PTa","between","occurrence",140,"Northumberland",2856,19
"PTa","between","occurrence",150,"Central",2857,17
"PTa","between","occurrence",150,"Chaleur Bay",2858,11
"PTa","between","occurrence",150,"Magdalen Shallows",2859,53
"PTa","between","occurrence",150,"Northumberland",2860,19
"PTa","between","occurrence",160,"Central",2861,17
"PTa","between","occurrence",160,"Chaleur Bay",2862,11
"PTa","between","occurrence",160,"Magdalen Shallows",2863,53
"PTa","between","occurrence",160,"Northumberland",2864,19
"PTa","between","occurrence",170,"Central",2865,17
"PTa","between","occurrence",170,"Chaleur Bay",2866,11
"PTa","between","occurrence",170,"Magdalen Shallows",2867,53
"PTa","between","occurrence",170,"Northumberland",2868,19
"PTa","between","occurrence",180,"Central",2869,17
"PTa","between","occurrence",180,"Chaleur Bay",2870,11
"PTa","between","occurrence",180,"Magdalen Shallows",2871,53
"PTa","between","occurrence",180,"Northumberland",2872,19
"PTa","between","occurrence",190,"Central",2873,17
"PTa","between","occurrence",190,"Chaleur Bay",2874,11
"PTa","between","occurrence",190,"Magdalen Shallows",2875,53
"PTa","between","occurrence",190,"Northumberland",2876,19
"PTa","between","occurrence",200,"Central",2877,17
"PTa","between","occurrence",200,"Chaleur Bay",2878,11
"PTa","between","occurrence",200,"Magdalen Shallows",2879,53
"PTa","between","occurrence",200,"Northumberland",2880,19
"PTa","between","occurrence",210,"Central",2881,17
"PTa","between","occurrence",210,"Chaleur Bay",2882,11
"PTa","between","occurrence",210,"Magdalen Shallows",2883,53
"PTa","between","occurrence",210,"Northumberland",2884,19
"PTa","between","occurrence",220,"Central",2885,17
"PTa","between","occurrence",220,"Chaleur Bay",2886,11
"PTa","between","occurrence",220,"Magdalen Shallows",2887,53
"PTa","between","occurrence",220,"Northumberland",2888,19
"PTa","between","occurrence",230,"Central",2889,17
"PTa","between","occurrence",230,"Chaleur Bay",2890,11
"PTa","between","occurrence",230,"Magdalen Shallows",2891,53
"PTa","between","occurrence",230,"Northumberland",2892,19
"PTa","between","occurrence",240,"Central",2893,17
"PTa","between","occurrence",240,"Chaleur Bay",2894,11
"PTa","between","occurrence",240,"Magdalen Shallows",2895,53
"PTa","between","occurrence",240,"Northumberland",2896,19
"PTa","between","occurrence",250,"Central",2897,17
"PTa","between","occurrence",250,"Chaleur Bay",2898,11
"PTa","between","occurrence",250,"Magdalen Shallows",2899,53
"PTa","between","occurrence",250,"Northumberland",2900,19
"PTa","between","occurrence",260,"Central",2901,17
"PTa","between","occurrence",260,"Chaleur Bay",2902,11
"PTa","between","occurrence",260,"Magdalen Shallows",2903,53
"PTa","between","occurrence",260,"Northumberland",2904,19
"PTa","between","occurrence",270,"Central",2905,17
"PTa","between","occurrence",270,"Chaleur Bay",2906,11
"PTa","between","occurrence",270,"Magdalen Shallows",2907,53
"PTa","between","occurrence",270,"Northumberland",2908,19
"PTa","between","occurrence",280,"Central",2909,17
"PTa","between","occurrence",280,"Chaleur Bay",2910,11
"PTa","between","occurrence",280,"Magdalen Shallows",2911,53
"PTa","between","occurrence",280,"Northumberland",2912,19
"PTa","between","occurrence",290,"Central",2913,17
"PTa","between","occurrence",290,"Chaleur Bay",2914,11
"PTa","between","occurrence",290,"Magdalen Shallows",2915,53
"PTa","between","occurrence",290,"Northumberland",2916,19
"PTa","between","occurrence",300,"Central",2917,17
"PTa","between","occurrence",300,"Chaleur Bay",2918,11
"PTa","between","occurrence",300,"Magdalen Shallows",2919,53
"PTa","between","occurrence",300,"Northumberland",2920,19
"PTa","between","occurrence",310,"Central",2921,17
"PTa","between","occurrence",310,"Chaleur Bay",2922,11
"PTa","between","occurrence",310,"Magdalen Shallows",2923,53
"PTa","between","occurrence",310,"Northumberland",2924,19
"PTa","between","occurrence",320,"Central",2925,17
"PTa","between","occurrence",320,"Chaleur Bay",2926,11
"PTa","between","occurrence",320,"Magdalen Shallows",2927,53
"PTa","between","occurrence",320,"Northumberland",2928,19
"PTa","between","occurrence",330,"Central",2929,17
"PTa","between","occurrence",330,"Chaleur Bay",2930,11
"PTa","between","occurrence",330,"Magdalen Shallows",2931,53
"PTa","between","occurrence",330,"Northumberland",2932,19
"PTa","between","occurrence",340,"Central",2933,17
"PTa","between","occurrence",340,"Chaleur Bay",2934,11
"PTa","between","occurrence",340,"Magdalen Shallows",2935,53
"PTa","between","occurrence",340,"Northumberland",2936,19
"PTa","between","occurrence",350,"Central",2937,17
"PTa","between","occurrence",350,"Chaleur Bay",2938,11
"PTa","between","occurrence",350,"Magdalen Shallows",2939,53
"PTa","between","occurrence",350,"Northumberland",2940,19
"PTa","between","occurrence",360,"Central",2941,17
"PTa","between","occurrence",360,"Chaleur Bay",2942,11
"PTa","between","occurrence",360,"Magdalen Shallows",2943,53
"PTa","between","occurrence",360,"Northumberland",2944,19
"PTa","between","occurrence",370,"Central",2945,17
"PTa","between","occurrence",370,"Chaleur Bay",2946,11
"PTa","between","occurrence",370,"Magdalen Shallows",2947,53
"PTa","between","occurrence",370,"Northumberland",2948,19
"PTa","between","occurrence",380,"Central",2949,17
"PTa","between","occurrence",380,"Chaleur Bay",2950,11
"PTa","between","occurrence",380,"Magdalen Shallows",2951,53
"PTa","between","occurrence",380,"Northumberland",2952,19
"PTa","between","occurrence",390,"Central",2953,17
"PTa","between","occurrence",390,"Chaleur Bay",2954,11
"PTa","between","occurrence",390,"Magdalen Shallows",2955,53
"PTa","between","occurrence",390,"Northumberland",2956,19
"PTa","between","occurrence",400,"Central",2957,17
"PTa","between","occurrence",400,"Chaleur Bay",2958,11
"PTa","between","occurrence",400,"Magdalen Shallows",2959,53
"PTa","between","occurrence",400,"Northumberland",2960,19
"PTa","between","occurrence",410,"Central",2961,17
"PTa","between","occurrence",410,"Chaleur Bay",2962,11
"PTa","between","occurrence",410,"Magdalen Shallows",2963,53
"PTa","between","occurrence",410,"Northumberland",2964,19
"PTa","between","occurrence",420,"Central",2965,17
"PTa","between","occurrence",420,"Chaleur Bay",2966,11
"PTa","between","occurrence",420,"Magdalen Shallows",2967,53
"PTa","between","occurrence",420,"Northumberland",2968,19
"PTa","between","occurrence",430,"Central",2969,17
"PTa","between","occurrence",430,"Chaleur Bay",2970,11
"PTa","between","occurrence",430,"Magdalen Shallows",2971,53
"PTa","between","occurrence",430,"Northumberland",2972,19
"PTa","between","occurrence",440,"Central",2973,17
"PTa","between","occurrence",440,"Chaleur Bay",2974,11
"PTa","between","occurrence",440,"Magdalen Shallows",2975,53
"PTa","between","occurrence",440,"Northumberland",2976,19
"PTa","between","occurrence",450,"Central",2977,17
"PTa","between","occurrence",450,"Chaleur Bay",2978,11
"PTa","between","occurrence",450,"Magdalen Shallows",2979,53
"PTa","between","occurrence",450,"Northumberland",2980,19
"PTa","between","occurrence",460,"Central",2981,17
"PTa","between","occurrence",460,"Chaleur Bay",2982,11
"PTa","between","occurrence",460,"Magdalen Shallows",2983,53
"PTa","between","occurrence",460,"Northumberland",2984,19
"PTa","between","occurrence",470,"Central",2985,17
"PTa","between","occurrence",470,"Chaleur Bay",2986,11
"PTa","between","occurrence",470,"Magdalen Shallows",2987,53
"PTa","between","occurrence",470,"Northumberland",2988,19
"PTa","between","occurrence",480,"Central",2989,17
"PTa","between","occurrence",480,"Chaleur Bay",2990,11
"PTa","between","occurrence",480,"Magdalen Shallows",2991,53
"PTa","between","occurrence",480,"Northumberland",2992,19
"PTa","between","occurrence",490,"Central",2993,17
"PTa","between","occurrence",490,"Chaleur Bay",2994,11
"PTa","between","occurrence",490,"Magdalen Shallows",2995,53
"PTa","between","occurrence",490,"Northumberland",2996,19
"PTa","between","occurrence",500,"Central",2997,17
"PTa","between","occurrence",500,"Chaleur Bay",2998,11
"PTa","between","occurrence",500,"Magdalen Shallows",2999,53
"PTa","between","occurrence",500,"Northumberland",3000,19
"PTa","between","occurrence",510,"Central",3001,17
"PTa","between","occurrence",510,"Chaleur Bay",3002,11
"PTa","between","occurrence",510,"Magdalen Shallows",3003,53
"PTa","between","occurrence",510,"Northumberland",3004,19
"PTa","between","occurrence",520,"Central",3005,17
"PTa","between","occurrence",520,"Chaleur Bay",3006,11
"PTa","between","occurrence",520,"Magdalen Shallows",3007,53
"PTa","between","occurrence",520,"Northumberland",3008,19
"PTa","between","occurrence",530,"Central",3009,17
"PTa","between","occurrence",530,"Chaleur Bay",3010,11
"PTa","between","occurrence",530,"Magdalen Shallows",3011,53
"PTa","between","occurrence",530,"Northumberland",3012,19
"PTa","between","occurrence",540,"Central",3013,17
"PTa","between","occurrence",540,"Chaleur Bay",3014,11
"PTa","between","occurrence",540,"Magdalen Shallows",3015,53
"PTa","between","occurrence",540,"Northumberland",3016,19
"PTa","between","occurrence",550,"Central",3017,17
"PTa","between","occurrence",550,"Chaleur Bay",3018,11
"PTa","between","occurrence",550,"Magdalen Shallows",3019,53
"PTa","between","occurrence",550,"Northumberland",3020,19
"PTa","between","occurrence",560,"Central",3021,17
"PTa","between","occurrence",560,"Chaleur Bay",3022,11
"PTa","between","occurrence",560,"Magdalen Shallows",3023,53
"PTa","between","occurrence",560,"Northumberland",3024,19
"PTa","between","occurrence",570,"Central",3025,17
"PTa","between","occurrence",570,"Chaleur Bay",3026,11
"PTa","between","occurrence",570,"Magdalen Shallows",3027,53
"PTa","between","occurrence",570,"Northumberland",3028,19
"PTa","between","occurrence",580,"Central",3029,17
"PTa","between","occurrence",580,"Chaleur Bay",3030,11
"PTa","between","occurrence",580,"Magdalen Shallows",3031,53
"PTa","between","occurrence",580,"Northumberland",3032,19
"PTa","between","occurrence",590,"Central",3033,17
"PTa","between","occurrence",590,"Chaleur Bay",3034,11
"PTa","between","occurrence",590,"Magdalen Shallows",3035,53
"PTa","between","occurrence",590,"Northumberland",3036,19
"PTa","between","occurrence",600,"Central",3037,17
"PTa","between","occurrence",600,"Chaleur Bay",3038,11
"PTa","between","occurrence",600,"Magdalen Shallows",3039,53
"PTa","between","occurrence",600,"Northumberland",3040,19
"PTa","between","occurrence",610,"Central",3041,17
"PTa","between","occurrence",610,"Chaleur Bay",3042,11
"PTa","between","occurrence",610,"Magdalen Shallows",3043,53
"PTa","between","occurrence",610,"Northumberland",3044,19
"PTa","between","occurrence",620,"Central",3045,17
"PTa","between","occurrence",620,"Chaleur Bay",3046,11
"PTa","between","occurrence",620,"Magdalen Shallows",3047,53
"PTa","between","occurrence",620,"Northumberland",3048,19
"PTa","between","occurrence",630,"Central",3049,17
"PTa","between","occurrence",630,"Chaleur Bay",3050,11
"PTa","between","occurrence",630,"Magdalen Shallows",3051,53
"PTa","between","occurrence",630,"Northumberland",3052,19
"PTa","between","occurrence",640,"Central",3053,17
"PTa","between","occurrence",640,"Chaleur Bay",3054,11
"PTa","between","occurrence",640,"Magdalen Shallows",3055,53
"PTa","between","occurrence",640,"Northumberland",3056,19
"PTa","between","occurrence",650,"Central",3057,17
"PTa","between","occurrence",650,"Chaleur Bay",3058,11
"PTa","between","occurrence",650,"Magdalen Shallows",3059,53
"PTa","between","occurrence",650,"Northumberland",3060,19
"PTa","between","occurrence",660,"Central",3061,17
"PTa","between","occurrence",660,"Chaleur Bay",3062,11
"PTa","between","occurrence",660,"Magdalen Shallows",3063,53
"PTa","between","occurrence",660,"Northumberland",3064,19
"PTa","between","occurrence",670,"Central",3065,17
"PTa","between","occurrence",670,"Chaleur Bay",3066,11
"PTa","between","occurrence",670,"Magdalen Shallows",3067,53
"PTa","between","occurrence",670,"Northumberland",3068,19
"PTa","between","occurrence",680,"Central",3069,17
"PTa","between","occurrence",680,"Chaleur Bay",3070,11
"PTa","between","occurrence",680,"Magdalen Shallows",3071,53
"PTa","between","occurrence",680,"Northumberland",3072,19
"PTa","between","occurrence",690,"Central",3073,17
"PTa","between","occurrence",690,"Chaleur Bay",3074,11
"PTa","between","occurrence",690,"Magdalen Shallows",3075,53
"PTa","between","occurrence",690,"Northumberland",3076,19
"PTa","between","occurrence",700,"Central",3077,17
"PTa","between","occurrence",700,"Chaleur Bay",3078,11
"PTa","between","occurrence",700,"Magdalen Shallows",3079,53
"PTa","between","occurrence",700,"Northumberland",3080,19
"PTa","between","occurrence",710,"Central",3081,17
"PTa","between","occurrence",710,"Chaleur Bay",3082,11
"PTa","between","occurrence",710,"Magdalen Shallows",3083,53
"PTa","between","occurrence",710,"Northumberland",3084,19
"PTa","between","occurrence",720,"Central",3085,17
"PTa","between","occurrence",720,"Chaleur Bay",3086,11
"PTa","between","occurrence",720,"Magdalen Shallows",3087,53
"PTa","between","occurrence",720,"Northumberland",3088,19
"PTa","between","occurrence",730,"Central",3089,17
"PTa","between","occurrence",730,"Chaleur Bay",3090,11
"PTa","between","occurrence",730,"Magdalen Shallows",3091,53
"PTa","between","occurrence",730,"Northumberland",3092,19
"PTa","between","occurrence",740,"Central",3093,17
"PTa","between","occurrence",740,"Chaleur Bay",3094,11
"PTa","between","occurrence",740,"Magdalen Shallows",3095,53
"PTa","between","occurrence",740,"Northumberland",3096,19
"PTa","between","occurrence",750,"Central",3097,17
"PTa","between","occurrence",750,"Chaleur Bay",3098,11
"PTa","between","occurrence",750,"Magdalen Shallows",3099,53
"PTa","between","occurrence",750,"Northumberland",3100,19
"PTa","between","occurrence",760,"Central",3101,17
"PTa","between","occurrence",760,"Chaleur Bay",3102,11
"PTa","between","occurrence",760,"Magdalen Shallows",3103,53
"PTa","between","occurrence",760,"Northumberland",3104,19
"PTa","between","occurrence",770,"Central",3105,17
"PTa","between","occurrence",770,"Chaleur Bay",3106,11
"PTa","between","occurrence",770,"Magdalen Shallows",3107,53
"PTa","between","occurrence",770,"Northumberland",3108,19
"PTa","between","occurrence",780,"Central",3109,17
"PTa","between","occurrence",780,"Chaleur Bay",3110,11
"PTa","between","occurrence",780,"Magdalen Shallows",3111,53
"PTa","between","occurrence",780,"Northumberland",3112,19
"PTa","between","occurrence",790,"Central",3113,17
"PTa","between","occurrence",790,"Chaleur Bay",3114,11
"PTa","between","occurrence",790,"Magdalen Shallows",3115,53
"PTa","between","occurrence",790,"Northumberland",3116,19
"PTa","between","occurrence",800,"Central",3117,17
"PTa","between","occurrence",800,"Chaleur Bay",3118,11
"PTa","between","occurrence",800,"Magdalen Shallows",3119,53
"PTa","between","occurrence",800,"Northumberland",3120,19
"PTa","between","occurrence",810,"Central",3121,17
"PTa","between","occurrence",810,"Chaleur Bay",3122,11
"PTa","between","occurrence",810,"Magdalen Shallows",3123,53
"PTa","between","occurrence",810,"Northumberland",3124,19
"PTa","between","occurrence",820,"Central",3125,17
"PTa","between","occurrence",820,"Chaleur Bay",3126,11
"PTa","between","occurrence",820,"Magdalen Shallows",3127,53
"PTa","between","occurrence",820,"Northumberland",3128,19
"PTa","between","occurrence",830,"Central",3129,17
"PTa","between","occurrence",830,"Chaleur Bay",3130,11
"PTa","between","occurrence",830,"Magdalen Shallows",3131,53
"PTa","between","occurrence",830,"Northumberland",3132,19
"PTa","between","occurrence",840,"Central",3133,17
"PTa","between","occurrence",840,"Chaleur Bay",3134,11
"PTa","between","occurrence",840,"Magdalen Shallows",3135,53
"PTa","between","occurrence",840,"Northumberland",3136,19
"PTa","between","occurrence",850,"Central",3137,17
"PTa","between","occurrence",850,"Chaleur Bay",3138,11
"PTa","between","occurrence",850,"Magdalen Shallows",3139,53
"PTa","between","occurrence",850,"Northumberland",3140,19
"PTa","between","occurrence",860,"Central",3141,17
"PTa","between","occurrence",860,"Chaleur Bay",3142,11
"PTa","between","occurrence",860,"Magdalen Shallows",3143,53
"PTa","between","occurrence",860,"Northumberland",3144,19
"PTa","between","occurrence",870,"Central",3145,17
"PTa","between","occurrence",870,"Chaleur Bay",3146,11
"PTa","between","occurrence",870,"Magdalen Shallows",3147,53
"PTa","between","occurrence",870,"Northumberland",3148,19
"PTa","between","occurrence",880,"Central",3149,17
"PTa","between","occurrence",880,"Chaleur Bay",3150,11
"PTa","between","occurrence",880,"Magdalen Shallows",3151,53
"PTa","between","occurrence",880,"Northumberland",3152,19
"PTa","between","occurrence",890,"Central",3153,17
"PTa","between","occurrence",890,"Chaleur Bay",3154,11
"PTa","between","occurrence",890,"Magdalen Shallows",3155,53
"PTa","between","occurrence",890,"Northumberland",3156,19
"PTa","between","occurrence",900,"Central",3157,17
"PTa","between","occurrence",900,"Chaleur Bay",3158,11
"PTa","between","occurrence",900,"Magdalen Shallows",3159,53
"PTa","between","occurrence",900,"Northumberland",3160,19
"PTa","between","occurrence",910,"Central",3161,17
"PTa","between","occurrence",910,"Chaleur Bay",3162,11
"PTa","between","occurrence",910,"Magdalen Shallows",3163,53
"PTa","between","occurrence",910,"Northumberland",3164,19
"PTa","between","occurrence",920,"Central",3165,17
"PTa","between","occurrence",920,"Chaleur Bay",3166,11
"PTa","between","occurrence",920,"Magdalen Shallows",3167,53
"PTa","between","occurrence",920,"Northumberland",3168,19
"PTa","between","occurrence",930,"Central",3169,17
"PTa","between","occurrence",930,"Chaleur Bay",3170,11
"PTa","between","occurrence",930,"Magdalen Shallows",3171,53
"PTa","between","occurrence",930,"Northumberland",3172,19
"PTa","between","occurrence",940,"Central",3173,17
"PTa","between","occurrence",940,"Chaleur Bay",3174,11
"PTa","between","occurrence",940,"Magdalen Shallows",3175,53
"PTa","between","occurrence",940,"Northumberland",3176,19
"PTa","between","occurrence",950,"Central",3177,17
"PTa","between","occurrence",950,"Chaleur Bay",3178,11
"PTa","between","occurrence",950,"Magdalen Shallows",3179,53
"PTa","between","occurrence",950,"Northumberland",3180,19
"PTa","between","occurrence",960,"Central",3181,17
"PTa","between","occurrence",960,"Chaleur Bay",3182,11
"PTa","between","occurrence",960,"Magdalen Shallows",3183,53
"PTa","between","occurrence",960,"Northumberland",3184,19
"PTa","between","occurrence",970,"Central",3185,17
"PTa","between","occurrence",970,"Chaleur Bay",3186,11
"PTa","between","occurrence",970,"Magdalen Shallows",3187,53
"PTa","between","occurrence",970,"Northumberland",3188,19
"PTa","between","occurrence",980,"Central",3189,17
"PTa","between","occurrence",980,"Chaleur Bay",3190,11
"PTa","between","occurrence",980,"Magdalen Shallows",3191,53
"PTa","between","occurrence",980,"Northumberland",3192,19
"PTa","between","occurrence",990,"Central",3193,17
"PTa","between","occurrence",990,"Chaleur Bay",3194,11
"PTa","between","occurrence",990,"Magdalen Shallows",3195,53
"PTa","between","occurrence",990,"Northumberland",3196,19
"PTa","between","occurrence",1000,"Central",3197,17
"PTa","between","occurrence",1000,"Chaleur Bay",3198,11
"PTa","between","occurrence",1000,"Magdalen Shallows",3199,53
"PTa","between","occurrence",1000,"Northumberland",3200,19
"PTb","between","biomass",10,"Central",3201,14
"PTb","between","biomass",10,"Chaleur Bay",3202,7
"PTb","between","biomass",10,"Magdalen Shallows",3203,44
"PTb","between","biomass",10,"Northumberland",3204,11
"PTb","between","biomass",20,"Central",3205,14
"PTb","between","biomass",20,"Chaleur Bay",3206,7
"PTb","between","biomass",20,"Magdalen Shallows",3207,44
"PTb","between","biomass",20,"Northumberland",3208,11
"PTb","between","biomass",30,"Central",3209,14
"PTb","between","biomass",30,"Chaleur Bay",3210,7
"PTb","between","biomass",30,"Magdalen Shallows",3211,44
"PTb","between","biomass",30,"Northumberland",3212,11
"PTb","between","biomass",40,"Central",3213,14
"PTb","between","biomass",40,"Chaleur Bay",3214,7
"PTb","between","biomass",40,"Magdalen Shallows",3215,44
"PTb","between","biomass",40,"Northumberland",3216,11
"PTb","between","biomass",50,"Central",3217,14
"PTb","between","biomass",50,"Chaleur Bay",3218,7
"PTb","between","biomass",50,"Magdalen Shallows",3219,44
"PTb","between","biomass",50,"Northumberland",3220,11
"PTb","between","biomass",60,"Central",3221,14
"PTb","between","biomass",60,"Chaleur Bay",3222,7
"PTb","between","biomass",60,"Magdalen Shallows",3223,44
"PTb","between","biomass",60,"Northumberland",3224,11
"PTb","between","biomass",70,"Central",3225,14
"PTb","between","biomass",70,"Chaleur Bay",3226,7
"PTb","between","biomass",70,"Magdalen Shallows",3227,44
"PTb","between","biomass",70,"Northumberland",3228,11
"PTb","between","biomass",80,"Central",3229,14
"PTb","between","biomass",80,"Chaleur Bay",3230,7
"PTb","between","biomass",80,"Magdalen Shallows",3231,44
"PTb","between","biomass",80,"Northumberland",3232,11
"PTb","between","biomass",90,"Central",3233,14
"PTb","between","biomass",90,"Chaleur Bay",3234,7
"PTb","between","biomass",90,"Magdalen Shallows",3235,44
"PTb","between","biomass",90,"Northumberland",3236,11
"PTb","between","biomass",100,"Central",3237,14
"PTb","between","biomass",100,"Chaleur Bay",3238,7
"PTb","between","biomass",100,"Magdalen Shallows",3239,44
"PTb","between","biomass",100,"Northumberland",3240,11
"PTb","between","biomass",110,"Central",3241,14
"PTb","between","biomass",110,"Chaleur Bay",3242,7
"PTb","between","biomass",110,"Magdalen Shallows",3243,44
"PTb","between","biomass",110,"Northumberland",3244,11
"PTb","between","biomass",120,"Central",3245,14
"PTb","between","biomass",120,"Chaleur Bay",3246,7
"PTb","between","biomass",120,"Magdalen Shallows",3247,44
"PTb","between","biomass",120,"Northumberland",3248,11
"PTb","between","biomass",130,"Central",3249,14
"PTb","between","biomass",130,"Chaleur Bay",3250,7
"PTb","between","biomass",130,"Magdalen Shallows",3251,44
"PTb","between","biomass",130,"Northumberland",3252,11
"PTb","between","biomass",140,"Central",3253,14
"PTb","between","biomass",140,"Chaleur Bay",3254,7
"PTb","between","biomass",140,"Magdalen Shallows",3255,44
"PTb","between","biomass",140,"Northumberland",3256,11
"PTb","between","biomass",150,"Central",3257,14
"PTb","between","biomass",150,"Chaleur Bay",3258,7
"PTb","between","biomass",150,"Magdalen Shallows",3259,44
"PTb","between","biomass",150,"Northumberland",3260,11
"PTb","between","biomass",160,"Central",3261,14
"PTb","between","biomass",160,"Chaleur Bay",3262,7
"PTb","between","biomass",160,"Magdalen Shallows",3263,44
"PTb","between","biomass",160,"Northumberland",3264,11
"PTb","between","biomass",170,"Central",3265,14
"PTb","between","biomass",170,"Chaleur Bay",3266,7
"PTb","between","biomass",170,"Magdalen Shallows",3267,44
"PTb","between","biomass",170,"Northumberland",3268,11
"PTb","between","biomass",180,"Central",3269,14
"PTb","between","biomass",180,"Chaleur Bay",3270,7
"PTb","between","biomass",180,"Magdalen Shallows",3271,44
"PTb","between","biomass",180,"Northumberland",3272,11
"PTb","between","biomass",190,"Central",3273,14
"PTb","between","biomass",190,"Chaleur Bay",3274,7
"PTb","between","biomass",190,"Magdalen Shallows",3275,44
"PTb","between","biomass",190,"Northumberland",3276,11
"PTb","between","biomass",200,"Central",3277,14
"PTb","between","biomass",200,"Chaleur Bay",3278,7
"PTb","between","biomass",200,"Magdalen Shallows",3279,44
"PTb","between","biomass",200,"Northumberland",3280,11
"PTb","between","biomass",210,"Central",3281,14
"PTb","between","biomass",210,"Chaleur Bay",3282,7
"PTb","between","biomass",210,"Magdalen Shallows",3283,44
"PTb","between","biomass",210,"Northumberland",3284,11
"PTb","between","biomass",220,"Central",3285,14
"PTb","between","biomass",220,"Chaleur Bay",3286,7
"PTb","between","biomass",220,"Magdalen Shallows",3287,44
"PTb","between","biomass",220,"Northumberland",3288,11
"PTb","between","biomass",230,"Central",3289,14
"PTb","between","biomass",230,"Chaleur Bay",3290,7
"PTb","between","biomass",230,"Magdalen Shallows",3291,44
"PTb","between","biomass",230,"Northumberland",3292,11
"PTb","between","biomass",240,"Central",3293,14
"PTb","between","biomass",240,"Chaleur Bay",3294,7
"PTb","between","biomass",240,"Magdalen Shallows",3295,44
"PTb","between","biomass",240,"Northumberland",3296,11
"PTb","between","biomass",250,"Central",3297,14
"PTb","between","biomass",250,"Chaleur Bay",3298,7
"PTb","between","biomass",250,"Magdalen Shallows",3299,44
"PTb","between","biomass",250,"Northumberland",3300,11
"PTb","between","biomass",260,"Central",3301,14
"PTb","between","biomass",260,"Chaleur Bay",3302,7
"PTb","between","biomass",260,"Magdalen Shallows",3303,44
"PTb","between","biomass",260,"Northumberland",3304,11
"PTb","between","biomass",270,"Central",3305,14
"PTb","between","biomass",270,"Chaleur Bay",3306,7
"PTb","between","biomass",270,"Magdalen Shallows",3307,44
"PTb","between","biomass",270,"Northumberland",3308,11
"PTb","between","biomass",280,"Central",3309,14
"PTb","between","biomass",280,"Chaleur Bay",3310,7
"PTb","between","biomass",280,"Magdalen Shallows",3311,44
"PTb","between","biomass",280,"Northumberland",3312,11
"PTb","between","biomass",290,"Central",3313,14
"PTb","between","biomass",290,"Chaleur Bay",3314,7
"PTb","between","biomass",290,"Magdalen Shallows",3315,44
"PTb","between","biomass",290,"Northumberland",3316,11
"PTb","between","biomass",300,"Central",3317,14
"PTb","between","biomass",300,"Chaleur Bay",3318,7
"PTb","between","biomass",300,"Magdalen Shallows",3319,44
"PTb","between","biomass",300,"Northumberland",3320,11
"PTb","between","biomass",310,"Central",3321,14
"PTb","between","biomass",310,"Chaleur Bay",3322,7
"PTb","between","biomass",310,"Magdalen Shallows",3323,44
"PTb","between","biomass",310,"Northumberland",3324,11
"PTb","between","biomass",320,"Central",3325,14
"PTb","between","biomass",320,"Chaleur Bay",3326,7
"PTb","between","biomass",320,"Magdalen Shallows",3327,44
"PTb","between","biomass",320,"Northumberland",3328,11
"PTb","between","biomass",330,"Central",3329,14
"PTb","between","biomass",330,"Chaleur Bay",3330,7
"PTb","between","biomass",330,"Magdalen Shallows",3331,44
"PTb","between","biomass",330,"Northumberland",3332,11
"PTb","between","biomass",340,"Central",3333,14
"PTb","between","biomass",340,"Chaleur Bay",3334,7
"PTb","between","biomass",340,"Magdalen Shallows",3335,44
"PTb","between","biomass",340,"Northumberland",3336,11
"PTb","between","biomass",350,"Central",3337,14
"PTb","between","biomass",350,"Chaleur Bay",3338,7
"PTb","between","biomass",350,"Magdalen Shallows",3339,44
"PTb","between","biomass",350,"Northumberland",3340,11
"PTb","between","biomass",360,"Central",3341,14
"PTb","between","biomass",360,"Chaleur Bay",3342,7
"PTb","between","biomass",360,"Magdalen Shallows",3343,44
"PTb","between","biomass",360,"Northumberland",3344,11
"PTb","between","biomass",370,"Central",3345,14
"PTb","between","biomass",370,"Chaleur Bay",3346,7
"PTb","between","biomass",370,"Magdalen Shallows",3347,44
"PTb","between","biomass",370,"Northumberland",3348,11
"PTb","between","biomass",380,"Central",3349,14
"PTb","between","biomass",380,"Chaleur Bay",3350,7
"PTb","between","biomass",380,"Magdalen Shallows",3351,44
"PTb","between","biomass",380,"Northumberland",3352,11
"PTb","between","biomass",390,"Central",3353,14
"PTb","between","biomass",390,"Chaleur Bay",3354,7
"PTb","between","biomass",390,"Magdalen Shallows",3355,44
"PTb","between","biomass",390,"Northumberland",3356,11
"PTb","between","biomass",400,"Central",3357,14
"PTb","between","biomass",400,"Chaleur Bay",3358,7
"PTb","between","biomass",400,"Magdalen Shallows",3359,44
"PTb","between","biomass",400,"Northumberland",3360,11
"PTb","between","biomass",410,"Central",3361,14
"PTb","between","biomass",410,"Chaleur Bay",3362,7
"PTb","between","biomass",410,"Magdalen Shallows",3363,44
"PTb","between","biomass",410,"Northumberland",3364,11
"PTb","between","biomass",420,"Central",3365,14
"PTb","between","biomass",420,"Chaleur Bay",3366,7
"PTb","between","biomass",420,"Magdalen Shallows",3367,44
"PTb","between","biomass",420,"Northumberland",3368,11
"PTb","between","biomass",430,"Central",3369,14
"PTb","between","biomass",430,"Chaleur Bay",3370,7
"PTb","between","biomass",430,"Magdalen Shallows",3371,44
"PTb","between","biomass",430,"Northumberland",3372,11
"PTb","between","biomass",440,"Central",3373,14
"PTb","between","biomass",440,"Chaleur Bay",3374,7
"PTb","between","biomass",440,"Magdalen Shallows",3375,44
"PTb","between","biomass",440,"Northumberland",3376,11
"PTb","between","biomass",450,"Central",3377,14
"PTb","between","biomass",450,"Chaleur Bay",3378,7
"PTb","between","biomass",450,"Magdalen Shallows",3379,44
"PTb","between","biomass",450,"Northumberland",3380,11
"PTb","between","biomass",460,"Central",3381,14
"PTb","between","biomass",460,"Chaleur Bay",3382,7
"PTb","between","biomass",460,"Magdalen Shallows",3383,44
"PTb","between","biomass",460,"Northumberland",3384,11
"PTb","between","biomass",470,"Central",3385,14
"PTb","between","biomass",470,"Chaleur Bay",3386,7
"PTb","between","biomass",470,"Magdalen Shallows",3387,44
"PTb","between","biomass",470,"Northumberland",3388,11
"PTb","between","biomass",480,"Central",3389,14
"PTb","between","biomass",480,"Chaleur Bay",3390,7
"PTb","between","biomass",480,"Magdalen Shallows",3391,44
"PTb","between","biomass",480,"Northumberland",3392,11
"PTb","between","biomass",490,"Central",3393,14
"PTb","between","biomass",490,"Chaleur Bay",3394,7
"PTb","between","biomass",490,"Magdalen Shallows",3395,44
"PTb","between","biomass",490,"Northumberland",3396,11
"PTb","between","biomass",500,"Central",3397,14
"PTb","between","biomass",500,"Chaleur Bay",3398,7
"PTb","between","biomass",500,"Magdalen Shallows",3399,44
"PTb","between","biomass",500,"Northumberland",3400,11
"PTb","between","biomass",510,"Central",3401,14
"PTb","between","biomass",510,"Chaleur Bay",3402,7
"PTb","between","biomass",510,"Magdalen Shallows",3403,44
"PTb","between","biomass",510,"Northumberland",3404,11
"PTb","between","biomass",520,"Central",3405,14
"PTb","between","biomass",520,"Chaleur Bay",3406,7
"PTb","between","biomass",520,"Magdalen Shallows",3407,44
"PTb","between","biomass",520,"Northumberland",3408,11
"PTb","between","biomass",530,"Central",3409,14
"PTb","between","biomass",530,"Chaleur Bay",3410,7
"PTb","between","biomass",530,"Magdalen Shallows",3411,44
"PTb","between","biomass",530,"Northumberland",3412,11
"PTb","between","biomass",540,"Central",3413,14
"PTb","between","biomass",540,"Chaleur Bay",3414,7
"PTb","between","biomass",540,"Magdalen Shallows",3415,44
"PTb","between","biomass",540,"Northumberland",3416,11
"PTb","between","biomass",550,"Central",3417,14
"PTb","between","biomass",550,"Chaleur Bay",3418,7
"PTb","between","biomass",550,"Magdalen Shallows",3419,44
"PTb","between","biomass",550,"Northumberland",3420,11
"PTb","between","biomass",560,"Central",3421,14
"PTb","between","biomass",560,"Chaleur Bay",3422,7
"PTb","between","biomass",560,"Magdalen Shallows",3423,44
"PTb","between","biomass",560,"Northumberland",3424,11
"PTb","between","biomass",570,"Central",3425,14
"PTb","between","biomass",570,"Chaleur Bay",3426,7
"PTb","between","biomass",570,"Magdalen Shallows",3427,44
"PTb","between","biomass",570,"Northumberland",3428,11
"PTb","between","biomass",580,"Central",3429,14
"PTb","between","biomass",580,"Chaleur Bay",3430,7
"PTb","between","biomass",580,"Magdalen Shallows",3431,44
"PTb","between","biomass",580,"Northumberland",3432,11
"PTb","between","biomass",590,"Central",3433,14
"PTb","between","biomass",590,"Chaleur Bay",3434,7
"PTb","between","biomass",590,"Magdalen Shallows",3435,44
"PTb","between","biomass",590,"Northumberland",3436,11
"PTb","between","biomass",600,"Central",3437,14
"PTb","between","biomass",600,"Chaleur Bay",3438,7
"PTb","between","biomass",600,"Magdalen Shallows",3439,44
"PTb","between","biomass",600,"Northumberland",3440,11
"PTb","between","biomass",610,"Central",3441,14
"PTb","between","biomass",610,"Chaleur Bay",3442,7
"PTb","between","biomass",610,"Magdalen Shallows",3443,44
"PTb","between","biomass",610,"Northumberland",3444,11
"PTb","between","biomass",620,"Central",3445,14
"PTb","between","biomass",620,"Chaleur Bay",3446,7
"PTb","between","biomass",620,"Magdalen Shallows",3447,44
"PTb","between","biomass",620,"Northumberland",3448,11
"PTb","between","biomass",630,"Central",3449,14
"PTb","between","biomass",630,"Chaleur Bay",3450,7
"PTb","between","biomass",630,"Magdalen Shallows",3451,44
"PTb","between","biomass",630,"Northumberland",3452,11
"PTb","between","biomass",640,"Central",3453,14
"PTb","between","biomass",640,"Chaleur Bay",3454,7
"PTb","between","biomass",640,"Magdalen Shallows",3455,44
"PTb","between","biomass",640,"Northumberland",3456,11
"PTb","between","biomass",650,"Central",3457,14
"PTb","between","biomass",650,"Chaleur Bay",3458,7
"PTb","between","biomass",650,"Magdalen Shallows",3459,44
"PTb","between","biomass",650,"Northumberland",3460,11
"PTb","between","biomass",660,"Central",3461,14
"PTb","between","biomass",660,"Chaleur Bay",3462,7
"PTb","between","biomass",660,"Magdalen Shallows",3463,44
"PTb","between","biomass",660,"Northumberland",3464,11
"PTb","between","biomass",670,"Central",3465,14
"PTb","between","biomass",670,"Chaleur Bay",3466,7
"PTb","between","biomass",670,"Magdalen Shallows",3467,44
"PTb","between","biomass",670,"Northumberland",3468,11
"PTb","between","biomass",680,"Central",3469,14
"PTb","between","biomass",680,"Chaleur Bay",3470,7
"PTb","between","biomass",680,"Magdalen Shallows",3471,44
"PTb","between","biomass",680,"Northumberland",3472,11
"PTb","between","biomass",690,"Central",3473,14
"PTb","between","biomass",690,"Chaleur Bay",3474,7
"PTb","between","biomass",690,"Magdalen Shallows",3475,44
"PTb","between","biomass",690,"Northumberland",3476,11
"PTb","between","biomass",700,"Central",3477,14
"PTb","between","biomass",700,"Chaleur Bay",3478,7
"PTb","between","biomass",700,"Magdalen Shallows",3479,44
"PTb","between","biomass",700,"Northumberland",3480,11
"PTb","between","biomass",710,"Central",3481,14
"PTb","between","biomass",710,"Chaleur Bay",3482,7
"PTb","between","biomass",710,"Magdalen Shallows",3483,44
"PTb","between","biomass",710,"Northumberland",3484,11
"PTb","between","biomass",720,"Central",3485,14
"PTb","between","biomass",720,"Chaleur Bay",3486,7
"PTb","between","biomass",720,"Magdalen Shallows",3487,44
"PTb","between","biomass",720,"Northumberland",3488,11
"PTb","between","biomass",730,"Central",3489,14
"PTb","between","biomass",730,"Chaleur Bay",3490,7
"PTb","between","biomass",730,"Magdalen Shallows",3491,44
"PTb","between","biomass",730,"Northumberland",3492,11
"PTb","between","biomass",740,"Central",3493,14
"PTb","between","biomass",740,"Chaleur Bay",3494,7
"PTb","between","biomass",740,"Magdalen Shallows",3495,44
"PTb","between","biomass",740,"Northumberland",3496,11
"PTb","between","biomass",750,"Central",3497,14
"PTb","between","biomass",750,"Chaleur Bay",3498,7
"PTb","between","biomass",750,"Magdalen Shallows",3499,44
"PTb","between","biomass",750,"Northumberland",3500,11
"PTb","between","biomass",760,"Central",3501,14
"PTb","between","biomass",760,"Chaleur Bay",3502,7
"PTb","between","biomass",760,"Magdalen Shallows",3503,44
"PTb","between","biomass",760,"Northumberland",3504,11
"PTb","between","biomass",770,"Central",3505,14
"PTb","between","biomass",770,"Chaleur Bay",3506,7
"PTb","between","biomass",770,"Magdalen Shallows",3507,44
"PTb","between","biomass",770,"Northumberland",3508,11
"PTb","between","biomass",780,"Central",3509,14
"PTb","between","biomass",780,"Chaleur Bay",3510,7
"PTb","between","biomass",780,"Magdalen Shallows",3511,44
"PTb","between","biomass",780,"Northumberland",3512,11
"PTb","between","biomass",790,"Central",3513,14
"PTb","between","biomass",790,"Chaleur Bay",3514,7
"PTb","between","biomass",790,"Magdalen Shallows",3515,44
"PTb","between","biomass",790,"Northumberland",3516,11
"PTb","between","biomass",800,"Central",3517,14
"PTb","between","biomass",800,"Chaleur Bay",3518,7
"PTb","between","biomass",800,"Magdalen Shallows",3519,44
"PTb","between","biomass",800,"Northumberland",3520,11
"PTb","between","biomass",810,"Central",3521,14
"PTb","between","biomass",810,"Chaleur Bay",3522,7
"PTb","between","biomass",810,"Magdalen Shallows",3523,44
"PTb","between","biomass",810,"Northumberland",3524,11
"PTb","between","biomass",820,"Central",3525,14
"PTb","between","biomass",820,"Chaleur Bay",3526,7
"PTb","between","biomass",820,"Magdalen Shallows",3527,44
"PTb","between","biomass",820,"Northumberland",3528,11
"PTb","between","biomass",830,"Central",3529,14
"PTb","between","biomass",830,"Chaleur Bay",3530,7
"PTb","between","biomass",830,"Magdalen Shallows",3531,44
"PTb","between","biomass",830,"Northumberland",3532,11
"PTb","between","biomass",840,"Central",3533,14
"PTb","between","biomass",840,"Chaleur Bay",3534,7
"PTb","between","biomass",840,"Magdalen Shallows",3535,44
"PTb","between","biomass",840,"Northumberland",3536,11
"PTb","between","biomass",850,"Central",3537,14
"PTb","between","biomass",850,"Chaleur Bay",3538,7
"PTb","between","biomass",850,"Magdalen Shallows",3539,44
"PTb","between","biomass",850,"Northumberland",3540,11
"PTb","between","biomass",860,"Central",3541,14
"PTb","between","biomass",860,"Chaleur Bay",3542,7
"PTb","between","biomass",860,"Magdalen Shallows",3543,44
"PTb","between","biomass",860,"Northumberland",3544,11
"PTb","between","biomass",870,"Central",3545,14
"PTb","between","biomass",870,"Chaleur Bay",3546,7
"PTb","between","biomass",870,"Magdalen Shallows",3547,44
"PTb","between","biomass",870,"Northumberland",3548,11
"PTb","between","biomass",880,"Central",3549,14
"PTb","between","biomass",880,"Chaleur Bay",3550,7
"PTb","between","biomass",880,"Magdalen Shallows",3551,44
"PTb","between","biomass",880,"Northumberland",3552,11
"PTb","between","biomass",890,"Central",3553,14
"PTb","between","biomass",890,"Chaleur Bay",3554,7
"PTb","between","biomass",890,"Magdalen Shallows",3555,44
"PTb","between","biomass",890,"Northumberland",3556,11
"PTb","between","biomass",900,"Central",3557,14
"PTb","between","biomass",900,"Chaleur Bay",3558,7
"PTb","between","biomass",900,"Magdalen Shallows",3559,44
"PTb","between","biomass",900,"Northumberland",3560,11
"PTb","between","biomass",910,"Central",3561,14
"PTb","between","biomass",910,"Chaleur Bay",3562,7
"PTb","between","biomass",910,"Magdalen Shallows",3563,44
"PTb","between","biomass",910,"Northumberland",3564,11
"PTb","between","biomass",920,"Central",3565,14
"PTb","between","biomass",920,"Chaleur Bay",3566,7
"PTb","between","biomass",920,"Magdalen Shallows",3567,44
"PTb","between","biomass",920,"Northumberland",3568,11
"PTb","between","biomass",930,"Central",3569,14
"PTb","between","biomass",930,"Chaleur Bay",3570,7
"PTb","between","biomass",930,"Magdalen Shallows",3571,44
"PTb","between","biomass",930,"Northumberland",3572,11
"PTb","between","biomass",940,"Central",3573,14
"PTb","between","biomass",940,"Chaleur Bay",3574,7
"PTb","between","biomass",940,"Magdalen Shallows",3575,44
"PTb","between","biomass",940,"Northumberland",3576,11
"PTb","between","biomass",950,"Central",3577,14
"PTb","between","biomass",950,"Chaleur Bay",3578,7
"PTb","between","biomass",950,"Magdalen Shallows",3579,44
"PTb","between","biomass",950,"Northumberland",3580,11
"PTb","between","biomass",960,"Central",3581,14
"PTb","between","biomass",960,"Chaleur Bay",3582,7
"PTb","between","biomass",960,"Magdalen Shallows",3583,44
"PTb","between","biomass",960,"Northumberland",3584,11
"PTb","between","biomass",970,"Central",3585,14
"PTb","between","biomass",970,"Chaleur Bay",3586,7
"PTb","between","biomass",970,"Magdalen Shallows",3587,44
"PTb","between","biomass",970,"Northumberland",3588,11
"PTb","between","biomass",980,"Central",3589,14
"PTb","between","biomass",980,"Chaleur Bay",3590,7
"PTb","between","biomass",980,"Magdalen Shallows",3591,44
"PTb","between","biomass",980,"Northumberland",3592,11
"PTb","between","biomass",990,"Central",3593,14
"PTb","between","biomass",990,"Chaleur Bay",3594,7
"PTb","between","biomass",990,"Magdalen Shallows",3595,44
"PTb","between","biomass",990,"Northumberland",3596,11
"PTb","between","biomass",1000,"Central",3597,14
"PTb","between","biomass",1000,"Chaleur Bay",3598,7
"PTb","between","biomass",1000,"Magdalen Shallows",3599,44
"PTb","between","biomass",1000,"Northumberland",3600,11
"PTb","between","occurrence",10,"Central",3601,14
"PTb","between","occurrence",10,"Chaleur Bay",3602,7
"PTb","between","occurrence",10,"Magdalen Shallows",3603,44
"PTb","between","occurrence",10,"Northumberland",3604,11
"PTb","between","occurrence",20,"Central",3605,14
"PTb","between","occurrence",20,"Chaleur Bay",3606,7
"PTb","between","occurrence",20,"Magdalen Shallows",3607,44
"PTb","between","occurrence",20,"Northumberland",3608,11
"PTb","between","occurrence",30,"Central",3609,14
"PTb","between","occurrence",30,"Chaleur Bay",3610,7
"PTb","between","occurrence",30,"Magdalen Shallows",3611,44
"PTb","between","occurrence",30,"Northumberland",3612,11
"PTb","between","occurrence",40,"Central",3613,14
"PTb","between","occurrence",40,"Chaleur Bay",3614,7
"PTb","between","occurrence",40,"Magdalen Shallows",3615,44
"PTb","between","occurrence",40,"Northumberland",3616,11
"PTb","between","occurrence",50,"Central",3617,14
"PTb","between","occurrence",50,"Chaleur Bay",3618,7
"PTb","between","occurrence",50,"Magdalen Shallows",3619,44
"PTb","between","occurrence",50,"Northumberland",3620,11
"PTb","between","occurrence",60,"Central",3621,14
"PTb","between","occurrence",60,"Chaleur Bay",3622,7
"PTb","between","occurrence",60,"Magdalen Shallows",3623,44
"PTb","between","occurrence",60,"Northumberland",3624,11
"PTb","between","occurrence",70,"Central",3625,14
"PTb","between","occurrence",70,"Chaleur Bay",3626,7
"PTb","between","occurrence",70,"Magdalen Shallows",3627,44
"PTb","between","occurrence",70,"Northumberland",3628,11
"PTb","between","occurrence",80,"Central",3629,14
"PTb","between","occurrence",80,"Chaleur Bay",3630,7
"PTb","between","occurrence",80,"Magdalen Shallows",3631,44
"PTb","between","occurrence",80,"Northumberland",3632,11
"PTb","between","occurrence",90,"Central",3633,14
"PTb","between","occurrence",90,"Chaleur Bay",3634,7
"PTb","between","occurrence",90,"Magdalen Shallows",3635,44
"PTb","between","occurrence",90,"Northumberland",3636,11
"PTb","between","occurrence",100,"Central",3637,14
"PTb","between","occurrence",100,"Chaleur Bay",3638,7
"PTb","between","occurrence",100,"Magdalen Shallows",3639,44
"PTb","between","occurrence",100,"Northumberland",3640,11
"PTb","between","occurrence",110,"Central",3641,14
"PTb","between","occurrence",110,"Chaleur Bay",3642,7
"PTb","between","occurrence",110,"Magdalen Shallows",3643,44
"PTb","between","occurrence",110,"Northumberland",3644,11
"PTb","between","occurrence",120,"Central",3645,14
"PTb","between","occurrence",120,"Chaleur Bay",3646,7
"PTb","between","occurrence",120,"Magdalen Shallows",3647,44
"PTb","between","occurrence",120,"Northumberland",3648,11
"PTb","between","occurrence",130,"Central",3649,14
"PTb","between","occurrence",130,"Chaleur Bay",3650,7
"PTb","between","occurrence",130,"Magdalen Shallows",3651,44
"PTb","between","occurrence",130,"Northumberland",3652,11
"PTb","between","occurrence",140,"Central",3653,14
"PTb","between","occurrence",140,"Chaleur Bay",3654,7
"PTb","between","occurrence",140,"Magdalen Shallows",3655,44
"PTb","between","occurrence",140,"Northumberland",3656,11
"PTb","between","occurrence",150,"Central",3657,14
"PTb","between","occurrence",150,"Chaleur Bay",3658,7
"PTb","between","occurrence",150,"Magdalen Shallows",3659,44
"PTb","between","occurrence",150,"Northumberland",3660,11
"PTb","between","occurrence",160,"Central",3661,14
"PTb","between","occurrence",160,"Chaleur Bay",3662,7
"PTb","between","occurrence",160,"Magdalen Shallows",3663,44
"PTb","between","occurrence",160,"Northumberland",3664,11
"PTb","between","occurrence",170,"Central",3665,14
"PTb","between","occurrence",170,"Chaleur Bay",3666,7
"PTb","between","occurrence",170,"Magdalen Shallows",3667,44
"PTb","between","occurrence",170,"Northumberland",3668,11
"PTb","between","occurrence",180,"Central",3669,14
"PTb","between","occurrence",180,"Chaleur Bay",3670,7
"PTb","between","occurrence",180,"Magdalen Shallows",3671,44
"PTb","between","occurrence",180,"Northumberland",3672,11
"PTb","between","occurrence",190,"Central",3673,14
"PTb","between","occurrence",190,"Chaleur Bay",3674,7
"PTb","between","occurrence",190,"Magdalen Shallows",3675,44
"PTb","between","occurrence",190,"Northumberland",3676,11
"PTb","between","occurrence",200,"Central",3677,14
"PTb","between","occurrence",200,"Chaleur Bay",3678,7
"PTb","between","occurrence",200,"Magdalen Shallows",3679,44
"PTb","between","occurrence",200,"Northumberland",3680,11
"PTb","between","occurrence",210,"Central",3681,14
"PTb","between","occurrence",210,"Chaleur Bay",3682,7
"PTb","between","occurrence",210,"Magdalen Shallows",3683,44
"PTb","between","occurrence",210,"Northumberland",3684,11
"PTb","between","occurrence",220,"Central",3685,14
"PTb","between","occurrence",220,"Chaleur Bay",3686,7
"PTb","between","occurrence",220,"Magdalen Shallows",3687,44
"PTb","between","occurrence",220,"Northumberland",3688,11
"PTb","between","occurrence",230,"Central",3689,14
"PTb","between","occurrence",230,"Chaleur Bay",3690,7
"PTb","between","occurrence",230,"Magdalen Shallows",3691,44
"PTb","between","occurrence",230,"Northumberland",3692,11
"PTb","between","occurrence",240,"Central",3693,14
"PTb","between","occurrence",240,"Chaleur Bay",3694,7
"PTb","between","occurrence",240,"Magdalen Shallows",3695,44
"PTb","between","occurrence",240,"Northumberland",3696,11
"PTb","between","occurrence",250,"Central",3697,14
"PTb","between","occurrence",250,"Chaleur Bay",3698,7
"PTb","between","occurrence",250,"Magdalen Shallows",3699,44
"PTb","between","occurrence",250,"Northumberland",3700,11
"PTb","between","occurrence",260,"Central",3701,14
"PTb","between","occurrence",260,"Chaleur Bay",3702,7
"PTb","between","occurrence",260,"Magdalen Shallows",3703,44
"PTb","between","occurrence",260,"Northumberland",3704,11
"PTb","between","occurrence",270,"Central",3705,14
"PTb","between","occurrence",270,"Chaleur Bay",3706,7
"PTb","between","occurrence",270,"Magdalen Shallows",3707,44
"PTb","between","occurrence",270,"Northumberland",3708,11
"PTb","between","occurrence",280,"Central",3709,14
"PTb","between","occurrence",280,"Chaleur Bay",3710,7
"PTb","between","occurrence",280,"Magdalen Shallows",3711,44
"PTb","between","occurrence",280,"Northumberland",3712,11
"PTb","between","occurrence",290,"Central",3713,14
"PTb","between","occurrence",290,"Chaleur Bay",3714,7
"PTb","between","occurrence",290,"Magdalen Shallows",3715,44
"PTb","between","occurrence",290,"Northumberland",3716,11
"PTb","between","occurrence",300,"Central",3717,14
"PTb","between","occurrence",300,"Chaleur Bay",3718,7
"PTb","between","occurrence",300,"Magdalen Shallows",3719,44
"PTb","between","occurrence",300,"Northumberland",3720,11
"PTb","between","occurrence",310,"Central",3721,14
"PTb","between","occurrence",310,"Chaleur Bay",3722,7
"PTb","between","occurrence",310,"Magdalen Shallows",3723,44
"PTb","between","occurrence",310,"Northumberland",3724,11
"PTb","between","occurrence",320,"Central",3725,14
"PTb","between","occurrence",320,"Chaleur Bay",3726,7
"PTb","between","occurrence",320,"Magdalen Shallows",3727,44
"PTb","between","occurrence",320,"Northumberland",3728,11
"PTb","between","occurrence",330,"Central",3729,14
"PTb","between","occurrence",330,"Chaleur Bay",3730,7
"PTb","between","occurrence",330,"Magdalen Shallows",3731,44
"PTb","between","occurrence",330,"Northumberland",3732,11
"PTb","between","occurrence",340,"Central",3733,14
"PTb","between","occurrence",340,"Chaleur Bay",3734,7
"PTb","between","occurrence",340,"Magdalen Shallows",3735,44
"PTb","between","occurrence",340,"Northumberland",3736,11
"PTb","between","occurrence",350,"Central",3737,14
"PTb","between","occurrence",350,"Chaleur Bay",3738,7
"PTb","between","occurrence",350,"Magdalen Shallows",3739,44
"PTb","between","occurrence",350,"Northumberland",3740,11
"PTb","between","occurrence",360,"Central",3741,14
"PTb","between","occurrence",360,"Chaleur Bay",3742,7
"PTb","between","occurrence",360,"Magdalen Shallows",3743,44
"PTb","between","occurrence",360,"Northumberland",3744,11
"PTb","between","occurrence",370,"Central",3745,14
"PTb","between","occurrence",370,"Chaleur Bay",3746,7
"PTb","between","occurrence",370,"Magdalen Shallows",3747,44
"PTb","between","occurrence",370,"Northumberland",3748,11
"PTb","between","occurrence",380,"Central",3749,14
"PTb","between","occurrence",380,"Chaleur Bay",3750,7
"PTb","between","occurrence",380,"Magdalen Shallows",3751,44
"PTb","between","occurrence",380,"Northumberland",3752,11
"PTb","between","occurrence",390,"Central",3753,14
"PTb","between","occurrence",390,"Chaleur Bay",3754,7
"PTb","between","occurrence",390,"Magdalen Shallows",3755,44
"PTb","between","occurrence",390,"Northumberland",3756,11
"PTb","between","occurrence",400,"Central",3757,14
"PTb","between","occurrence",400,"Chaleur Bay",3758,7
"PTb","between","occurrence",400,"Magdalen Shallows",3759,44
"PTb","between","occurrence",400,"Northumberland",3760,11
"PTb","between","occurrence",410,"Central",3761,14
"PTb","between","occurrence",410,"Chaleur Bay",3762,7
"PTb","between","occurrence",410,"Magdalen Shallows",3763,44
"PTb","between","occurrence",410,"Northumberland",3764,11
"PTb","between","occurrence",420,"Central",3765,14
"PTb","between","occurrence",420,"Chaleur Bay",3766,7
"PTb","between","occurrence",420,"Magdalen Shallows",3767,44
"PTb","between","occurrence",420,"Northumberland",3768,11
"PTb","between","occurrence",430,"Central",3769,14
"PTb","between","occurrence",430,"Chaleur Bay",3770,7
"PTb","between","occurrence",430,"Magdalen Shallows",3771,44
"PTb","between","occurrence",430,"Northumberland",3772,11
"PTb","between","occurrence",440,"Central",3773,14
"PTb","between","occurrence",440,"Chaleur Bay",3774,7
"PTb","between","occurrence",440,"Magdalen Shallows",3775,44
"PTb","between","occurrence",440,"Northumberland",3776,11
"PTb","between","occurrence",450,"Central",3777,14
"PTb","between","occurrence",450,"Chaleur Bay",3778,7
"PTb","between","occurrence",450,"Magdalen Shallows",3779,44
"PTb","between","occurrence",450,"Northumberland",3780,11
"PTb","between","occurrence",460,"Central",3781,14
"PTb","between","occurrence",460,"Chaleur Bay",3782,7
"PTb","between","occurrence",460,"Magdalen Shallows",3783,44
"PTb","between","occurrence",460,"Northumberland",3784,11
"PTb","between","occurrence",470,"Central",3785,14
"PTb","between","occurrence",470,"Chaleur Bay",3786,7
"PTb","between","occurrence",470,"Magdalen Shallows",3787,44
"PTb","between","occurrence",470,"Northumberland",3788,11
"PTb","between","occurrence",480,"Central",3789,14
"PTb","between","occurrence",480,"Chaleur Bay",3790,7
"PTb","between","occurrence",480,"Magdalen Shallows",3791,44
"PTb","between","occurrence",480,"Northumberland",3792,11
"PTb","between","occurrence",490,"Central",3793,14
"PTb","between","occurrence",490,"Chaleur Bay",3794,7
"PTb","between","occurrence",490,"Magdalen Shallows",3795,44
"PTb","between","occurrence",490,"Northumberland",3796,11
"PTb","between","occurrence",500,"Central",3797,14
"PTb","between","occurrence",500,"Chaleur Bay",3798,7
"PTb","between","occurrence",500,"Magdalen Shallows",3799,44
"PTb","between","occurrence",500,"Northumberland",3800,11
"PTb","between","occurrence",510,"Central",3801,14
"PTb","between","occurrence",510,"Chaleur Bay",3802,7
"PTb","between","occurrence",510,"Magdalen Shallows",3803,44
"PTb","between","occurrence",510,"Northumberland",3804,11
"PTb","between","occurrence",520,"Central",3805,14
"PTb","between","occurrence",520,"Chaleur Bay",3806,7
"PTb","between","occurrence",520,"Magdalen Shallows",3807,44
"PTb","between","occurrence",520,"Northumberland",3808,11
"PTb","between","occurrence",530,"Central",3809,14
"PTb","between","occurrence",530,"Chaleur Bay",3810,7
"PTb","between","occurrence",530,"Magdalen Shallows",3811,44
"PTb","between","occurrence",530,"Northumberland",3812,11
"PTb","between","occurrence",540,"Central",3813,14
"PTb","between","occurrence",540,"Chaleur Bay",3814,7
"PTb","between","occurrence",540,"Magdalen Shallows",3815,44
"PTb","between","occurrence",540,"Northumberland",3816,11
"PTb","between","occurrence",550,"Central",3817,14
"PTb","between","occurrence",550,"Chaleur Bay",3818,7
"PTb","between","occurrence",550,"Magdalen Shallows",3819,44
"PTb","between","occurrence",550,"Northumberland",3820,11
"PTb","between","occurrence",560,"Central",3821,14
"PTb","between","occurrence",560,"Chaleur Bay",3822,7
"PTb","between","occurrence",560,"Magdalen Shallows",3823,44
"PTb","between","occurrence",560,"Northumberland",3824,11
"PTb","between","occurrence",570,"Central",3825,14
"PTb","between","occurrence",570,"Chaleur Bay",3826,7
"PTb","between","occurrence",570,"Magdalen Shallows",3827,44
"PTb","between","occurrence",570,"Northumberland",3828,11
"PTb","between","occurrence",580,"Central",3829,14
"PTb","between","occurrence",580,"Chaleur Bay",3830,7
"PTb","between","occurrence",580,"Magdalen Shallows",3831,44
"PTb","between","occurrence",580,"Northumberland",3832,11
"PTb","between","occurrence",590,"Central",3833,14
"PTb","between","occurrence",590,"Chaleur Bay",3834,7
"PTb","between","occurrence",590,"Magdalen Shallows",3835,44
"PTb","between","occurrence",590,"Northumberland",3836,11
"PTb","between","occurrence",600,"Central",3837,14
"PTb","between","occurrence",600,"Chaleur Bay",3838,7
"PTb","between","occurrence",600,"Magdalen Shallows",3839,44
"PTb","between","occurrence",600,"Northumberland",3840,11
"PTb","between","occurrence",610,"Central",3841,14
"PTb","between","occurrence",610,"Chaleur Bay",3842,7
"PTb","between","occurrence",610,"Magdalen Shallows",3843,44
"PTb","between","occurrence",610,"Northumberland",3844,11
"PTb","between","occurrence",620,"Central",3845,14
"PTb","between","occurrence",620,"Chaleur Bay",3846,7
"PTb","between","occurrence",620,"Magdalen Shallows",3847,44
"PTb","between","occurrence",620,"Northumberland",3848,11
"PTb","between","occurrence",630,"Central",3849,14
"PTb","between","occurrence",630,"Chaleur Bay",3850,7
"PTb","between","occurrence",630,"Magdalen Shallows",3851,44
"PTb","between","occurrence",630,"Northumberland",3852,11
"PTb","between","occurrence",640,"Central",3853,14
"PTb","between","occurrence",640,"Chaleur Bay",3854,7
"PTb","between","occurrence",640,"Magdalen Shallows",3855,44
"PTb","between","occurrence",640,"Northumberland",3856,11
"PTb","between","occurrence",650,"Central",3857,14
"PTb","between","occurrence",650,"Chaleur Bay",3858,7
"PTb","between","occurrence",650,"Magdalen Shallows",3859,44
"PTb","between","occurrence",650,"Northumberland",3860,11
"PTb","between","occurrence",660,"Central",3861,14
"PTb","between","occurrence",660,"Chaleur Bay",3862,7
"PTb","between","occurrence",660,"Magdalen Shallows",3863,44
"PTb","between","occurrence",660,"Northumberland",3864,11
"PTb","between","occurrence",670,"Central",3865,14
"PTb","between","occurrence",670,"Chaleur Bay",3866,7
"PTb","between","occurrence",670,"Magdalen Shallows",3867,44
"PTb","between","occurrence",670,"Northumberland",3868,11
"PTb","between","occurrence",680,"Central",3869,14
"PTb","between","occurrence",680,"Chaleur Bay",3870,7
"PTb","between","occurrence",680,"Magdalen Shallows",3871,44
"PTb","between","occurrence",680,"Northumberland",3872,11
"PTb","between","occurrence",690,"Central",3873,14
"PTb","between","occurrence",690,"Chaleur Bay",3874,7
"PTb","between","occurrence",690,"Magdalen Shallows",3875,44
"PTb","between","occurrence",690,"Northumberland",3876,11
"PTb","between","occurrence",700,"Central",3877,14
"PTb","between","occurrence",700,"Chaleur Bay",3878,7
"PTb","between","occurrence",700,"Magdalen Shallows",3879,44
"PTb","between","occurrence",700,"Northumberland",3880,11
"PTb","between","occurrence",710,"Central",3881,14
"PTb","between","occurrence",710,"Chaleur Bay",3882,7
"PTb","between","occurrence",710,"Magdalen Shallows",3883,44
"PTb","between","occurrence",710,"Northumberland",3884,11
"PTb","between","occurrence",720,"Central",3885,14
"PTb","between","occurrence",720,"Chaleur Bay",3886,7
"PTb","between","occurrence",720,"Magdalen Shallows",3887,44
"PTb","between","occurrence",720,"Northumberland",3888,11
"PTb","between","occurrence",730,"Central",3889,14
"PTb","between","occurrence",730,"Chaleur Bay",3890,7
"PTb","between","occurrence",730,"Magdalen Shallows",3891,44
"PTb","between","occurrence",730,"Northumberland",3892,11
"PTb","between","occurrence",740,"Central",3893,14
"PTb","between","occurrence",740,"Chaleur Bay",3894,7
"PTb","between","occurrence",740,"Magdalen Shallows",3895,44
"PTb","between","occurrence",740,"Northumberland",3896,11
"PTb","between","occurrence",750,"Central",3897,14
"PTb","between","occurrence",750,"Chaleur Bay",3898,7
"PTb","between","occurrence",750,"Magdalen Shallows",3899,44
"PTb","between","occurrence",750,"Northumberland",3900,11
"PTb","between","occurrence",760,"Central",3901,14
"PTb","between","occurrence",760,"Chaleur Bay",3902,7
"PTb","between","occurrence",760,"Magdalen Shallows",3903,44
"PTb","between","occurrence",760,"Northumberland",3904,11
"PTb","between","occurrence",770,"Central",3905,14
"PTb","between","occurrence",770,"Chaleur Bay",3906,7
"PTb","between","occurrence",770,"Magdalen Shallows",3907,44
"PTb","between","occurrence",770,"Northumberland",3908,11
"PTb","between","occurrence",780,"Central",3909,14
"PTb","between","occurrence",780,"Chaleur Bay",3910,7
"PTb","between","occurrence",780,"Magdalen Shallows",3911,44
"PTb","between","occurrence",780,"Northumberland",3912,11
"PTb","between","occurrence",790,"Central",3913,14
"PTb","between","occurrence",790,"Chaleur Bay",3914,7
"PTb","between","occurrence",790,"Magdalen Shallows",3915,44
"PTb","between","occurrence",790,"Northumberland",3916,11
"PTb","between","occurrence",800,"Central",3917,14
"PTb","between","occurrence",800,"Chaleur Bay",3918,7
"PTb","between","occurrence",800,"Magdalen Shallows",3919,44
"PTb","between","occurrence",800,"Northumberland",3920,11
"PTb","between","occurrence",810,"Central",3921,14
"PTb","between","occurrence",810,"Chaleur Bay",3922,7
"PTb","between","occurrence",810,"Magdalen Shallows",3923,44
"PTb","between","occurrence",810,"Northumberland",3924,11
"PTb","between","occurrence",820,"Central",3925,14
"PTb","between","occurrence",820,"Chaleur Bay",3926,7
"PTb","between","occurrence",820,"Magdalen Shallows",3927,44
"PTb","between","occurrence",820,"Northumberland",3928,11
"PTb","between","occurrence",830,"Central",3929,14
"PTb","between","occurrence",830,"Chaleur Bay",3930,7
"PTb","between","occurrence",830,"Magdalen Shallows",3931,44
"PTb","between","occurrence",830,"Northumberland",3932,11
"PTb","between","occurrence",840,"Central",3933,14
"PTb","between","occurrence",840,"Chaleur Bay",3934,7
"PTb","between","occurrence",840,"Magdalen Shallows",3935,44
"PTb","between","occurrence",840,"Northumberland",3936,11
"PTb","between","occurrence",850,"Central",3937,14
"PTb","between","occurrence",850,"Chaleur Bay",3938,7
"PTb","between","occurrence",850,"Magdalen Shallows",3939,44
"PTb","between","occurrence",850,"Northumberland",3940,11
"PTb","between","occurrence",860,"Central",3941,14
"PTb","between","occurrence",860,"Chaleur Bay",3942,7
"PTb","between","occurrence",860,"Magdalen Shallows",3943,44
"PTb","between","occurrence",860,"Northumberland",3944,11
"PTb","between","occurrence",870,"Central",3945,14
"PTb","between","occurrence",870,"Chaleur Bay",3946,7
"PTb","between","occurrence",870,"Magdalen Shallows",3947,44
"PTb","between","occurrence",870,"Northumberland",3948,11
"PTb","between","occurrence",880,"Central",3949,14
"PTb","between","occurrence",880,"Chaleur Bay",3950,7
"PTb","between","occurrence",880,"Magdalen Shallows",3951,44
"PTb","between","occurrence",880,"Northumberland",3952,11
"PTb","between","occurrence",890,"Central",3953,14
"PTb","between","occurrence",890,"Chaleur Bay",3954,7
"PTb","between","occurrence",890,"Magdalen Shallows",3955,44
"PTb","between","occurrence",890,"Northumberland",3956,11
"PTb","between","occurrence",900,"Central",3957,14
"PTb","between","occurrence",900,"Chaleur Bay",3958,7
"PTb","between","occurrence",900,"Magdalen Shallows",3959,44
"PTb","between","occurrence",900,"Northumberland",3960,11
"PTb","between","occurrence",910,"Central",3961,14
"PTb","between","occurrence",910,"Chaleur Bay",3962,7
"PTb","between","occurrence",910,"Magdalen Shallows",3963,44
"PTb","between","occurrence",910,"Northumberland",3964,11
"PTb","between","occurrence",920,"Central",3965,14
"PTb","between","occurrence",920,"Chaleur Bay",3966,7
"PTb","between","occurrence",920,"Magdalen Shallows",3967,44
"PTb","between","occurrence",920,"Northumberland",3968,11
"PTb","between","occurrence",930,"Central",3969,14
"PTb","between","occurrence",930,"Chaleur Bay",3970,7
"PTb","between","occurrence",930,"Magdalen Shallows",3971,44
"PTb","between","occurrence",930,"Northumberland",3972,11
"PTb","between","occurrence",940,"Central",3973,14
"PTb","between","occurrence",940,"Chaleur Bay",3974,7
"PTb","between","occurrence",940,"Magdalen Shallows",3975,44
"PTb","between","occurrence",940,"Northumberland",3976,11
"PTb","between","occurrence",950,"Central",3977,14
"PTb","between","occurrence",950,"Chaleur Bay",3978,7
"PTb","between","occurrence",950,"Magdalen Shallows",3979,44
"PTb","between","occurrence",950,"Northumberland",3980,11
"PTb","between","occurrence",960,"Central",3981,14
"PTb","between","occurrence",960,"Chaleur Bay",3982,7
"PTb","between","occurrence",960,"Magdalen Shallows",3983,44
"PTb","between","occurrence",960,"Northumberland",3984,11
"PTb","between","occurrence",970,"Central",3985,14
"PTb","between","occurrence",970,"Chaleur Bay",3986,7
"PTb","between","occurrence",970,"Magdalen Shallows",3987,44
"PTb","between","occurrence",970,"Northumberland",3988,11
"PTb","between","occurrence",980,"Central",3989,14
"PTb","between","occurrence",980,"Chaleur Bay",3990,7
"PTb","between","occurrence",980,"Magdalen Shallows",3991,44
"PTb","between","occurrence",980,"Northumberland",3992,11
"PTb","between","occurrence",990,"Central",3993,14
"PTb","between","occurrence",990,"Chaleur Bay",3994,7
"PTb","between","occurrence",990,"Magdalen Shallows",3995,44
"PTb","between","occurrence",990,"Northumberland",3996,11
"PTb","between","occurrence",1000,"Central",3997,14
"PTb","between","occurrence",1000,"Chaleur Bay",3998,7
"PTb","between","occurrence",1000,"Magdalen Shallows",3999,44
"PTb","between","occurrence",1000,"Northumberland",4000,11
