"contrast","mode","x_threshold","spatial_level","unit","prey_family","node_def","match_col","beta_WN_mean","beta_WN_lo","beta_WN_hi","beta_WN_full","beta_WN_bal_mean","beta_WN_bal_lo","beta_WN_bal_hi","beta_WN_bal_full","beta_WN_gra_mean","beta_WN_gra_lo","beta_WN_gra_hi","beta_WN_gra_full","beta_WN_bin_mean","beta_WN_bin_lo","beta_WN_bin_hi","beta_WN_bin_full","beta_OS_mean","beta_OS_lo","beta_OS_hi","beta_OS_full","beta_OS_bal_mean","beta_OS_bal_lo","beta_OS_bal_hi","beta_OS_bal_full","beta_OS_gra_mean","beta_OS_gra_lo","beta_OS_gra_hi","beta_OS_gra_full","beta_OS_bin_mean","beta_OS_bin_lo","beta_OS_bin_hi","beta_OS_bin_full","beta_OS_rn_mean","beta_OS_rn_lo","beta_OS_rn_hi","beta_OS_rn_full","beta_OS_rn_bal_mean","beta_OS_rn_bal_lo","beta_OS_rn_bal_hi","beta_OS_rn_bal_full","beta_ST_mean","beta_ST_lo","beta_ST_hi","beta_ST_full","beta_ST_bin_mean","beta_ST_bin_lo","beta_ST_bin_hi","beta_ST_bin_full","beta_S_mean","beta_S_lo","beta_S_hi","beta_S_full","n_nodes","n_draws","n_draws_full","n_null","donors","full_effort","n_sets_test","n_sets_obs","os_share","bal_share","signal","signature"
"PT","biomass",10,"all_gulf","all_gulf","_1","species","Area",0.694435135124374,0.676840796546836,0.713293273790867,0.67673851357842,0.694435135124374,0.676840796546836,0.713293273790867,0.67673851357842,2.77555756156289e-18,0,2.77555756156352e-18,4.44089209850063e-18,0.619067803575534,0.603659448893547,0.634116878188641,0.591897519723644,0.642840084054086,0.59824948138248,0.675923095461573,0.643968195707555,0.624227116806537,0.591886857551704,0.656339498370026,0.616387216821743,0.0186129672475483,0.000735056121754388,0.0425771998606869,0.0275809788858125,0.497552526185056,0.469208815109079,0.519412953347906,0.481639027871603,0.642264306835908,0.603366618777765,0.671778849930914,0.640204210841287,0.642264306835908,0.603366618777765,0.671778849930914,0.640204210841287,0.0515950510702888,0.0249227710349893,0.0840544577331809,0.0327703178708645,0.121515277390477,0.101245909970634,0.147754625975961,0.110258491852041,0.316768291778466,0.281226325757576,0.349397590361446,0.265756485723865,40,200,50,0,"1+2",FALSE,917,1497,0.925702130464571,0.971045727064552,NA,"Rewiring, balanced (Ghost Shift)"
"PT","biomass",30,"all_gulf","all_gulf","_1","species","Area",0.692356014491084,0.673937847227379,0.71376148136488,0.67043798161229,0.692356014491084,0.673937847227379,0.71376148136488,0.67043798161229,1.66533453693773e-18,0,0,2.22044604925031e-18,0.589094512032646,0.573886553963804,0.604684393230758,0.557693403536298,0.64295881122949,0.604021510183325,0.679433741682187,0.640732789666596,0.625754866882154,0.596716725371233,0.659758798225895,0.61425482951835,0.0172039443473357,0.00119622256810364,0.0390040224855152,0.0264779601482454,0.486498486186968,0.460643393276475,0.516696540090958,0.464428332755034,0.644900742564163,0.608968605956331,0.676709329002085,0.639692019893094,0.644900742564163,0.608968605956331,0.676709329002085,0.639692019893094,0.049397203261594,0.0201047292077676,0.078987566061676,0.0297051919456947,0.102596025845678,0.079959053712032,0.12797006738354,0.0932650707812635,0.230260725859244,0.199952830188679,0.261095111784767,0.201540087056415,40,200,50,0,"1+2",FALSE,917,1497,0.928653464073821,0.973242540506697,NA,"Rewiring, balanced (Ghost Shift)"
"PT","biomass",50,"all_gulf","all_gulf","_1","species","Area",0.681857834207381,0.662311844711002,0.699822147801071,0.66281764026177,0.681857834207381,0.662311844711002,0.699822147801071,0.66281764026177,1.11022302462516e-18,0,0,6.66133814775094e-18,0.572013826952784,0.554462917941076,0.587920337204483,0.537609434945708,0.637567446777187,0.599943367270526,0.677135516973547,0.640892779300921,0.620276105107521,0.584006785021747,0.663053943548909,0.623123381668545,0.0172913416696664,0.00767861184702329,0.0294932902253782,0.0177693976323761,0.480538279242922,0.457283418210972,0.503353098050355,0.457058012691271,0.642039527089419,0.607949975868776,0.67696427054251,0.640818420193201,0.642039527089419,0.607949975868776,0.67696427054251,0.640818420193201,0.0442903874301943,0.0174529520020024,0.0686273320934253,0.0219248609608497,0.0914755477098619,0.0736500470694878,0.111085909861356,0.0805514222544376,0.205520745657227,0.174539170506912,0.237569060773481,0.17933752019357,40,200,50,0,"1+2",FALSE,917,1497,0.935044542706356,0.972879196142978,NA,"Rewiring, balanced (Ghost Shift)"
"PT","biomass",70,"all_gulf","all_gulf","_1","species","Area",0.676897769721888,0.658906212565032,0.697461739496825,0.658532659500914,0.676897769721888,0.658906212565032,0.697461739496825,0.658532659500914,3.88578058618805e-18,0,1.11022302462516e-16,2.22044604925031e-18,0.555421086425595,0.540590428688175,0.569327775047322,0.51968344536881,0.636379116686191,0.601738781733149,0.669892927178509,0.638009739521878,0.618583855673555,0.581332736473972,0.655654919190976,0.620538686688641,0.017795261012636,0.00787209725859595,0.0280205487383353,0.0174710528332372,0.466460488716721,0.441988253195617,0.492869676405141,0.443606654524924,0.639999691731941,0.608454146819606,0.672162389219843,0.638597630560778,0.639999691731941,0.608454146819606,0.672162389219843,0.638597630560778,0.0405186530356971,0.0172019659906267,0.0685869526071328,0.0205229199790365,0.0889605977088739,0.0678247207732246,0.109877252094445,0.0760767908438855,0.200600578561494,0.171547458389564,0.231707317073171,0.171043163854546,40,200,50,0,"1+2",FALSE,917,1497,0.940140661044954,0.972036698650168,NA,"Rewiring, balanced (Ghost Shift)"
"PT","biomass",90,"all_gulf","all_gulf","_1","species","Area",0.673207651681962,0.657232806602296,0.6903073089353,0.653466219415534,0.673207651681962,0.657232806602296,0.6903073089353,0.653466219415534,2.77555756156289e-18,0,2.77555756156352e-18,4.44089209850063e-18,0.547916405375577,0.532009521872603,0.568497085913094,0.514944796823859,0.633460405302535,0.601058615320099,0.665088415816304,0.632059262734583,0.616191962741525,0.585781701860646,0.654529159887344,0.612405054315542,0.0172684425610092,0.0064203279517884,0.0290054075359986,0.0196542084190412,0.461604628901727,0.439082296815129,0.490285395885954,0.43660869660601,0.637176954064172,0.607546962591688,0.664426947756933,0.632069697914658,0.637176954064172,0.607546962591688,0.664426947756933,0.632069697914658,0.0397472463794274,0.0167216786406873,0.0655918313821417,0.0214069566809513,0.0863117764738504,0.0658609412283751,0.108058806160534,0.078336100217848,0.191892665922202,0.165616991535295,0.220904901550063,0.174738085076116,40,200,50,0,"1+2",FALSE,917,1497,0.94095841560903,0.972739507605433,NA,"Rewiring, balanced (Ghost Shift)"
"PT","biomass",110,"all_gulf","all_gulf","_1","species","Area",0.670062079395523,0.648832427020686,0.69056924608231,0.649383179241244,0.670062079395523,0.648832427020686,0.69056924608231,0.649383179241244,3.33066907387547e-18,0,1.11022302462516e-16,4.44089209850063e-18,0.53488787610606,0.519950935156338,0.55154888907883,0.503884293271818,0.630586158750243,0.59165631529283,0.664556774175439,0.630583853266083,0.612827856069712,0.574803919246621,0.651338353226787,0.613380975826751,0.0177583026805311,0.00696207908859975,0.0288812114442835,0.0172028774393319,0.454005032118555,0.428566485417696,0.478845223418362,0.434014313866865,0.635690035493318,0.605662518641352,0.665502242932278,0.631372913477904,0.635690035493318,0.605662518641352,0.665502242932278,0.631372913477904,0.0394759206452795,0.0153943761415971,0.0674515511491975,0.0187993259751617,0.0808828439875053,0.0615765573710551,0.100988021512386,0.0698699794049537,0.172546021429507,0.14468984962406,0.202702702702703,0.154992641851261,40,200,50,0,"1+2",FALSE,917,1497,0.941086174163308,0.971838419803368,NA,"Rewiring, balanced (Ghost Shift)"
"PT","biomass",130,"all_gulf","all_gulf","_1","species","Area",0.663942098231669,0.645510802984571,0.684846881982559,0.646126816304855,0.663942098231669,0.645510802984571,0.684846881982559,0.646126816304855,2.77555756156289e-18,0,2.77555756156352e-18,6.66133814775094e-18,0.525614767242713,0.509203359932282,0.543403930894593,0.494339815356623,0.623306744617495,0.587705804344788,0.659676025069417,0.625415836571752,0.605587532240174,0.573871704646472,0.647013574985518,0.605963610893226,0.0177192123773207,0.00494847536775331,0.0285132686108823,0.019452225678526,0.446316591215257,0.416390489913545,0.472520363387197,0.424866736802383,0.629366963953217,0.595266752032006,0.661796311868161,0.626504846191904,0.629366963953217,0.595266752032006,0.661796311868161,0.626504846191904,0.0406353536141746,0.0151788346289346,0.0649669394881409,0.0207109797331022,0.0792981760274556,0.0562408572155165,0.102564847383093,0.0694730785542395,0.165234814680967,0.134704657045083,0.191558242767488,0.148448446878707,40,200,50,0,"1+2",FALSE,917,1497,0.938796841287212,0.971572243473485,NA,"Rewiring, balanced (Ghost Shift)"
"PT","biomass",150,"all_gulf","all_gulf","_1","species","Area",0.663998380289082,0.64381180749905,0.682260744313198,0.642596103336247,0.663998380289082,0.64381180749905,0.682260744313198,0.642596103336247,3.33066907387547e-18,0,1.11022302462516e-16,2.22044604925031e-18,0.519624701796766,0.503524322464835,0.538461538461538,0.486685139382153,0.624969381429483,0.584272143147389,0.664593582624327,0.623192301316068,0.606775654446041,0.568626902983602,0.647614576138407,0.605262139951381,0.018193726983442,0.00535746813319939,0.0283691453035027,0.0179301613646871,0.447231755538433,0.417645729055288,0.4750558396722,0.424527262775887,0.631078932039487,0.594606584447372,0.665481332712822,0.624158972148709,0.631078932039486,0.594606584447372,0.665481332712822,0.624158972148709,0.0390289988595985,0.0147362695174447,0.0676324532316963,0.0194038020201792,0.0723929462583338,0.0506268722658648,0.0950663377407787,0.062157876606266,0.141792171295531,0.115942028985507,0.170434419381788,0.132380375793396,40,200,50,0,"1+2",FALSE,917,1497,0.94122124387923,0.970888610667889,NA,"Rewiring, balanced (Ghost Shift)"
"PT","biomass",170,"all_gulf","all_gulf","_1","species","Area",0.648610912504379,0.630018251036597,0.667387314692361,0.628171867904457,0.648610912504379,0.630018251036597,0.667387314692361,0.628171867904457,3.88578058618805e-18,0,1.11022302462516e-16,0,0.509542432169524,0.494120833445368,0.527261136278745,0.478609869299318,0.609377261241202,0.570353572077244,0.643093736601783,0.608142942342347,0.590533769479705,0.554308350270562,0.626364805685241,0.589608762191693,0.0188434917614964,0.00847594637302111,0.0301847737596154,0.0185341801506536,0.436399048137134,0.409472145442376,0.460219663524639,0.415163119141127,0.616857164860285,0.583998593908359,0.644203942809012,0.611003521150466,0.616857164860285,0.583998593908359,0.644203942809012,0.611003521150466,0.0392336512631777,0.0146490135530403,0.066751182062945,0.0200289255621109,0.0731433840323897,0.0521000233786655,0.0949898831778381,0.0634467501581907,0.134798534245617,0.111111111111111,0.15702479338843,0.121755258326777,40,200,50,0,"1+2",FALSE,917,1497,0.939511268609881,0.969077461598887,NA,"Rewiring, balanced (Ghost Shift)"
"PT","biomass",190,"all_gulf","all_gulf","_1","species","Area",0.641395060381044,0.62239424823047,0.659555580039994,0.620932971299942,0.641395060381044,0.62239424823047,0.659555580039994,0.620932971299942,2.77555756156289e-18,0,2.77555756156352e-18,4.44089209850063e-18,0.495479684391552,0.480335380835381,0.513446746693172,0.458738656813465,0.603075423315713,0.56652484419019,0.638489388476735,0.601676595391101,0.58532799325712,0.550964487064518,0.625454244782881,0.582046452667456,0.0177474300585927,0.0074021741390229,0.0293131874278615,0.0196301427236446,0.428270630964861,0.40228536758014,0.45481739942748,0.400471631857042,0.610810285700703,0.579252647219253,0.642171503309135,0.604751295568731,0.610810285700703,0.579252647219253,0.642171503309135,0.604751295568731,0.0383196370653311,0.0128089664019774,0.0685780808856331,0.0192563759088416,0.0672090534266913,0.0467561870899077,0.0911024974826589,0.0582670249564224,0.118633736837618,0.094017094017094,0.140350877192982,0.104046765014208,40,200,50,0,"1+2",FALSE,917,1497,0.94025579641576,0.970571790239739,NA,"Rewiring, balanced (Ghost Shift)"
"PT","biomass",210,"all_gulf","all_gulf","_1","species","Area",0.637252332430869,0.618437967993875,0.657338976042339,0.615318481379723,0.637252332430869,0.618437967993875,0.657338976042339,0.615318481379723,2.77555756156289e-18,0,2.77555756156352e-18,2.22044604925031e-18,0.496366142802223,0.480575047061498,0.512320735150246,0.461078540906251,0.597347629258751,0.560560392218778,0.632067384059452,0.596099451402844,0.577715057974506,0.543878595548765,0.614888962658139,0.576361107479834,0.0196325712842451,0.00612135969685636,0.0298137536997545,0.0197383439230105,0.427246375724744,0.398491050612327,0.453161630739779,0.402804857240241,0.605508685684993,0.574764761881242,0.635378730734947,0.598439073413852,0.605508685684993,0.574764761881242,0.635378730734947,0.598439073413852,0.0399047031721184,0.0146112966270077,0.0676748342769338,0.019219029976879,0.0691197670774788,0.0501903766219875,0.0918662115441578,0.0582736836660106,0.121638577096954,0.103253373313343,0.142857142857143,0.105108390474129,40,200,50,0,"1+2",FALSE,917,1497,0.937380059450081,0.967133758765215,NA,"Rewiring, balanced (Ghost Shift)"
"PT","biomass",230,"all_gulf","all_gulf","_1","species","Area",0.621933401918148,0.601461124155593,0.641845315997532,0.600929318403034,0.621933401918148,0.601461124155593,0.641845315997532,0.600929318403034,5.55111512312578e-18,0,1.11022302462516e-16,4.44089209850063e-18,0.463873251353735,0.446308646457312,0.481868458191227,0.428226756719984,0.586263511870188,0.542336242590947,0.621889461153389,0.581844519819466,0.566862166650394,0.523098478666546,0.609264910280853,0.56257054408446,0.0194013452197946,0.011147800835171,0.029616546774429,0.0192739757350066,0.401237131129785,0.373718462154586,0.428031780197518,0.372685469667166,0.593852949629822,0.55798433510147,0.627164860871926,0.584850365300703,0.593852949629822,0.55798433510147,0.627164860871926,0.584850365300703,0.0356698900479594,0.0130367224593451,0.0664903002308383,0.0190847985835671,0.0626361202239505,0.0451350557745514,0.0851933046061685,0.0555412870528177,0.111355593912576,0.0892857142857143,0.14018691588785,0.0987998922310849,40,200,50,0,"1+2",FALSE,917,1497,0.942646769030338,0.966906783678377,NA,"Rewiring, balanced (Ghost Shift)"
"PT","biomass",250,"all_gulf","all_gulf","_1","species","Area",0.621804348886898,0.599750322999573,0.641310325306093,0.600922750684193,0.621804348886898,0.599750322999573,0.641310325306093,0.600922750684193,4.44089209850063e-18,0,1.11022302462516e-16,2.22044604925031e-18,0.451345024604722,0.43193603202877,0.469393208185078,0.416759226922293,0.588833125699317,0.546494716730628,0.631200312362977,0.587389565339683,0.568464493736238,0.52208941744498,0.619545371194224,0.57436132721492,0.0203686319630786,0.00704987836303046,0.0350434372277958,0.0130282381247631,0.401343562837582,0.373867903028083,0.429021763653956,0.37609482077877,0.596903709968295,0.561283045348687,0.632550817489005,0.58933708602408,0.596903709968295,0.561283045348687,0.632550817489005,0.58933708602408,0.0329712231875813,0.00847712319576198,0.0603176826633064,0.0135331853445103,0.0500014617671398,0.0313363869309305,0.0683953310292492,0.0406644061435229,0.0871337116651993,0.0642201834862385,0.115384615384615,0.0737280150281433,40,200,50,0,"1+2",FALSE,917,1497,0.946974923468124,0.965408481496539,NA,"Rewiring, balanced (Ghost Shift)"
"PT","biomass",270,"all_gulf","all_gulf","_1","species","Area",0.620721989352567,0.59882601767346,0.639667278488881,0.598863768346702,0.620721989352567,0.59882601767346,0.639667278488881,0.598863768346702,2.22044604925031e-18,0,0,0,0.441394275982321,0.424768625175994,0.455648804373433,0.405503165998151,0.588244425390559,0.554235306254525,0.62653301435132,0.585715835808789,0.568377202658694,0.53148141780628,0.61687326066551,0.571702958273145,0.019867222731865,0.00819398800271975,0.0333975985540308,0.0140128775356443,0.399204624582867,0.375451492281089,0.424215960865186,0.372945972623998,0.596200858073923,0.567262050686676,0.627107696819204,0.587404324820629,0.596200858073923,0.567262050686676,0.627107696819204,0.587404324820629,0.0324775639620083,0.00806227291572162,0.0568174256813561,0.0131479325379127,0.042189651399454,0.0244265398477853,0.0634542753774004,0.0325571933741537,0.071762546965154,0.0485436893203883,0.1,0.0579832793372157,40,200,50,0,"1+2",FALSE,917,1497,0.947677761511424,0.966226245631356,NA,"Rewiring, balanced (Ghost Shift)"
"PT","biomass",290,"all_gulf","all_gulf","_1","species","Area",0.620677332379605,0.60054835541408,0.640260521548876,0.599568794218298,0.620677332379605,0.60054835541408,0.640260521548876,0.599568794218298,1.66533453693773e-18,0,0,4.44089209850063e-18,0.439746465346668,0.424620163269749,0.455536580407191,0.404232268038969,0.58590395702872,0.548235290613556,0.626869272353267,0.586987709897179,0.565663288381277,0.521432842223911,0.617239256489474,0.573633280198781,0.020240668647443,0.00739917712919949,0.0346270708968545,0.013354429698398,0.395808604663153,0.371823413517997,0.422648996739122,0.372484381184102,0.594179696137889,0.563229663259893,0.628758214987901,0.588751457194238,0.594179696137889,0.563229663259893,0.628758214987901,0.588751457194238,0.0347733753508847,0.00756298379277613,0.0581736106494039,0.0125810843211189,0.0439378606835148,0.0239889420465858,0.0613155656780776,0.0317478868548672,0.0732236808666526,0.0476190476190476,0.1,0.0571426793271453,40,200,50,0,"1+2",FALSE,917,1497,0.943975116317576,0.965453947861883,NA,"Rewiring, balanced (Ghost Shift)"
"PT","biomass",310,"all_gulf","all_gulf","_1","species","Area",0.617658880431678,0.595933753619451,0.63699762493124,0.594772394207787,0.617658880431678,0.595933753619451,0.63699762493124,0.594772394207787,2.77555756156289e-18,0,2.77555756156352e-18,2.22044604925031e-18,0.407224065804682,0.39150691501336,0.425729791560752,0.37152351611392,0.596027950524167,0.55972849946453,0.630423713817619,0.59096709963178,0.576505225416286,0.521498445025063,0.63028667486455,0.587122347245553,0.019522725107881,2.68839836563617e-05,0.0440206901814085,0.00384475238622724,0.385566364093907,0.357348993468827,0.409589550901297,0.359945504516481,0.600824906114694,0.569136818561415,0.630495596729243,0.590673156208399,0.600824906114694,0.569136818561415,0.630495596729243,0.590673156208399,0.0216309299075112,0.000107360436797294,0.048150579088071,0.00380529457600712,0.0216577017107755,0.00299749006272293,0.0436327982572685,0.0115780115974387,0.0571132050100157,0.0315789473684211,0.0888888888888889,0.0408586737949885,40,200,50,0,"1+2",FALSE,917,1497,0.964979164725368,0.967245285911991,NA,"Rewiring, balanced (Ghost Shift)"
"PT","biomass",330,"all_gulf","all_gulf","_1","species","Area",0.604429368095895,0.584431478721705,0.623858620132009,0.583762108294258,0.604429368095895,0.584431478721705,0.623858620132009,0.583762108294258,6.66133814775094e-18,0,1.11022302462516e-16,2.22044604925031e-18,0.39209650551874,0.371576496359771,0.408763576205443,0.356229127962699,0.585098143856509,0.551903800620628,0.620691382484527,0.583145634937,0.56379168303491,0.508255407692634,0.620202776972127,0.582634336097926,0.0213064608215992,1.50148571001818e-05,0.0471768378272467,0.000511298839073864,0.37488502550405,0.346678588265895,0.398124977934687,0.349869296130255,0.590566326583215,0.562701462183829,0.620651788526646,0.583216527972175,0.590566326583215,0.562701462183829,0.620651788526646,0.583216527972175,0.019331224239386,9.95484186712054e-05,0.041035352239669,0.000616473357258629,0.0172114800146894,0.0026542914221978,0.0379295303404981,0.0063598318324441,0.054076197712356,0.0326984126984127,0.0804597701149425,0.0385064822817632,40,200,50,0,"1+2",FALSE,917,1497,0.968017397466499,0.963584808727706,NA,"Rewiring, balanced (Ghost Shift)"
"PT","biomass",350,"all_gulf","all_gulf","_1","species","Area",0.604466398957228,0.584977175765376,0.627162463978885,0.58213934858427,0.604466398957228,0.584977175765376,0.627162463978885,0.58213934858427,3.88578058618805e-18,0,1.11022302462516e-16,2.22044604925031e-18,0.392411024240539,0.376904481245088,0.410242505118064,0.355263783061165,0.585639843665201,0.54661322352311,0.623575853357868,0.581394112908427,0.564579775388082,0.504097603804841,0.62275450238685,0.580739843938986,0.021060068277119,1.81639895349389e-05,0.0481919482201931,0.000654268969440857,0.376147718567614,0.353820139204653,0.401807901309412,0.348643432512513,0.591067683617511,0.56105720181293,0.623091078598767,0.581480724431373,0.591067683617511,0.56105720181293,0.623091078598767,0.581480724431373,0.0188265552920261,8.28613956760316e-05,0.0412287855758307,0.000745235675843017,0.0162633056729251,0.00271614247889576,0.0319969085309598,0.00662035054865268,0.0517956006994846,0.0227146464646465,0.0804597701149425,0.0375683143323593,40,200,50,0,"1+2",FALSE,917,1497,0.968854256705577,0.964039215389931,NA,"Rewiring, balanced (Ghost Shift)"
"PT","biomass",370,"all_gulf","all_gulf","_1","species","Area",0.600629451022513,0.580181042306006,0.620327505411768,0.579155809426937,0.600629451022513,0.580181042306006,0.620327505411768,0.579155809426937,1.11022302462516e-18,0,0,2.22044604925031e-18,0.385833417466845,0.369828919782613,0.401041452048075,0.352483557114859,0.581118128340513,0.546905132146343,0.61722048196002,0.578644464312881,0.559350313608264,0.499025486659762,0.616086029635183,0.578227371458591,0.0217678147322495,4.53999910041719e-05,0.0481091791600231,0.000417092854289596,0.369509044359589,0.345564491233715,0.391710297241611,0.347449402961337,0.587147017257301,0.558619865316311,0.617178721484636,0.578587339021314,0.587147017257301,0.558619865316311,0.617178721484636,0.578587339021314,0.0195113226820003,9.70163298616267e-05,0.0419288031471856,0.000511345114056345,0.0163243731072559,0.00226009950961387,0.0331884586555097,0.00503415415352179,0.0451550978778914,0.0227272727272727,0.0714285714285714,0.0274404024203543,40,200,50,0,"1+2",FALSE,917,1497,0.967515208172386,0.962541497725408,NA,"Rewiring, balanced (Ghost Shift)"
"PT","biomass",390,"all_gulf","all_gulf","_1","species","Area",0.599400646654171,0.581138173628406,0.620337718124073,0.579600723663001,0.599400646654171,0.581138173628406,0.620337718124073,0.579600723663001,1.11022302462516e-18,0,0,4.44089209850063e-18,0.383484723199143,0.363250821330788,0.4035895009668,0.348404501702078,0.581492801649576,0.54753976690677,0.613911453981544,0.579061593077616,0.561642496884897,0.50297565566215,0.611433246429861,0.578516919801047,0.0198503047646786,5.56985840289015e-05,0.0482892384956342,0.000544673276569037,0.368744641302599,0.341566506046004,0.396852794025574,0.344240510611511,0.586819703898728,0.556997281157296,0.612983788353607,0.579010976666965,0.586819703898728,0.556997281157296,0.612983788353607,0.579010976666965,0.0179078450045953,5.56832111812483e-05,0.0427337224399958,0.000539130585385221,0.0147400818965446,0.00179266070440094,0.0355469842612686,0.00416399109056725,0.0339600944980685,0.0117647058823529,0.0617283950617284,0.0170818399649016,40,200,50,0,"1+2",FALSE,917,1497,0.970123747605953,0.96586319777585,NA,"Rewiring, balanced (Ghost Shift)"
"PT","biomass",410,"all_gulf","all_gulf","_1","species","Area",0.5976847166031,0.577506056848654,0.6205169689982,0.577520269882587,0.5976847166031,0.577506056848654,0.6205169689982,0.577520269882587,5.55111512312578e-18,0,1.11022302462516e-16,6.66133814775094e-18,0.382317869622538,0.364034876013204,0.404842960355516,0.348232592029475,0.578335348029254,0.542535885305363,0.61683812022402,0.577113866860097,0.556780050228162,0.495056428996981,0.615279750219208,0.576703996235695,0.0215552978010927,7.62759471939739e-05,0.0485822183499518,0.000409870624402033,0.366637089979987,0.342615373922713,0.390237883832778,0.344518282557892,0.5837134548599,0.55439214448203,0.61597582136748,0.57709647777314,0.5837134548599,0.55439214448203,0.61597582136748,0.57709647777314,0.0193493685738462,7.62466568437731e-05,0.043110180926565,0.000406403022490114,0.0156807796425515,0.00184721698912905,0.0315528492580262,0.00371430947158326,0.0367021140445247,0.0123456790123457,0.0649350649350649,0.0176799620132953,40,200,50,0,"1+2",FALSE,917,1497,0.967626127895963,0.962728721537522,NA,"Rewiring, balanced (Ghost Shift)"
"PT","biomass",430,"all_gulf","all_gulf","_1","species","Area",0.598077582068114,0.576066322601402,0.618949177727101,0.576472236705851,0.598077582068114,0.576066322601402,0.618949177727101,0.576472236705851,1.66533453693773e-18,0,0,2.22044604925031e-18,0.382000189825236,0.364590322905505,0.398477281816759,0.346335045238128,0.580133545538967,0.539355784191443,0.615638168465963,0.576063249039239,0.560009242758623,0.494013678681959,0.612765711727013,0.57564863138643,0.0201243027803441,0,0.0475409872628167,0.000414617652808447,0.36900366317214,0.344201651495252,0.391267499502938,0.344536297675958,0.585504927631921,0.550241737775967,0.61497683328478,0.576005373287104,0.585504927631921,0.550241737775967,0.61497683328478,0.576005373287104,0.0179440365291475,0,0.0418693322969633,0.000408987666611909,0.0129965266530965,0,0.0337581183866607,0.00179874756216992,0.0244452733586644,0,0.0526315789473684,0.00457643622200584,40,200,50,0,"1+2",FALSE,917,1497,0.969997142398988,0.965310913435203,NA,"Rewiring, balanced (Ghost Shift)"
"PT","biomass",450,"all_gulf","all_gulf","_1","species","Area",0.596839726676394,0.57676477523373,0.617217988066599,0.575142696590759,0.596839726676394,0.57676477523373,0.617217988066599,0.575142696590759,4.44089209850063e-18,0,1.11022302462516e-16,6.66133814775094e-18,0.380963573346747,0.363013860994031,0.399394028675772,0.346367315509417,0.577665602486369,0.541963705759927,0.610615664974396,0.574491434410939,0.555775677729402,0.49652138434348,0.610370711653182,0.573830791786927,0.0218899247569673,0,0.0484132073127841,0.000660642624012364,0.367757745573635,0.346733572894007,0.392364878017683,0.343651454994206,0.583382929895861,0.551450742400177,0.610474995294613,0.574476245934593,0.583382929895861,0.551450742400177,0.610474995294613,0.574476245934593,0.0191741241900246,0,0.0418544508101196,0.000651262179820167,0.0132058277731124,0,0.0321161311326657,0.00271586051521033,0.0232183599212247,0,0.0526315789473684,0.00738746485581929,40,200,50,0,"1+2",FALSE,917,1497,0.967873914330738,0.962106234709581,NA,"Rewiring, balanced (Ghost Shift)"
"PT","biomass",470,"all_gulf","all_gulf","_1","species","Area",0.598541532320423,0.576459651413674,0.619170798044346,0.575749805020132,0.598541532320423,0.576459651413674,0.619170798044346,0.575749805020132,6.66133814775094e-18,0,1.11022302462516e-16,0,0.382582013669745,0.364279063558728,0.402320505158122,0.345851873085495,0.580038151898693,0.538360209356864,0.614251089066792,0.575398283236088,0.55921550130598,0.494594546273296,0.611611624430009,0.57504201244034,0.0208226505927137,0,0.0498855062511221,0.000356270795747489,0.368829711632802,0.340649544614483,0.3915887030618,0.344158824317674,0.585171857592764,0.553262281880772,0.614261883247992,0.575345196243769,0.585171857592764,0.553262281880772,0.614261883247992,0.575345196243769,0.0185033804217302,0,0.0419707646887198,0.00035152178404416,0.0137523020369431,0,0.0338358799578545,0.00169304876782098,0.0252210620824878,0,0.0526315789473684,0.00583576760791951,40,200,50,0,"1+2",FALSE,917,1497,0.969085887239944,0.964101239677851,NA,"Rewiring, balanced (Ghost Shift)"
"PT","biomass",490,"all_gulf","all_gulf","_1","species","Area",0.597552253444504,0.579508069853492,0.615300797385481,0.57558080113149,0.597552253444504,0.579508069853492,0.615300797385481,0.57558080113149,4.44089209850063e-18,0,1.11022302462516e-16,2.22044604925031e-18,0.382870891860729,0.36342229553742,0.401849210975559,0.346500142197667,0.58002283745452,0.543839510788691,0.613697421799461,0.575288099596507,0.560216583063387,0.495858361837466,0.613147273185611,0.574991568539432,0.0198062543911335,0,0.04881458994748,0.00029653105707435,0.370017727891506,0.347314241486068,0.393162776144428,0.34498378428779,0.585015819881321,0.555684940230882,0.613672721574365,0.575268412548791,0.585015819881321,0.555684940230882,0.613672721574365,0.575268412548791,0.0175294159899835,0,0.0435241366394121,0.00029270153498302,0.0128531639692232,0,0.0349312803642874,0.001516357909877,0.0247233710264352,0,0.0540540540540541,0.00599453178400547,40,200,50,0,"1+2",FALSE,917,1497,0.970664630768376,0.965852630082541,NA,"Rewiring, balanced (Ghost Shift)"
"PT","biomass",510,"all_gulf","all_gulf","_1","species","Area",0.597175924023676,0.577945608423786,0.616310641616931,0.575446689503072,0.597175924023676,0.577945608423786,0.616310641616931,0.575446689503072,2.22044604925031e-18,0,2.77555756156352e-18,2.22044604925031e-18,0.381834592868557,0.363424220072324,0.402032033490528,0.347546587900186,0.577384406470836,0.538543359743149,0.611984238560489,0.574897349496949,0.554728496511971,0.492577031159181,0.611388807407454,0.574339808755906,0.0226559099588643,0,0.0493789257176818,0.000557540741042919,0.367532069082728,0.342085326953748,0.389544781803016,0.344939267218493,0.583283659298733,0.554337882140364,0.611753780178263,0.574823974818954,0.583283659298733,0.554337882140364,0.611753780178263,0.574823974818954,0.0197915175528406,0,0.0419902104387251,0.000549340006122576,0.0143025237858291,0,0.0329993995955719,0.00260732068169376,0.0262172457075846,0,0.0540540540540541,0.00835297334244703,40,200,50,0,"1+2",FALSE,917,1497,0.966858145553678,0.960761132955868,NA,"Rewiring, balanced (Ghost Shift)"
"PT","biomass",530,"all_gulf","all_gulf","_1","species","Area",0.593111965105742,0.574256359966408,0.612370554072776,0.571723395392768,0.593111965105742,0.574256359966408,0.612370554072776,0.571723395392768,4.9960036108132e-18,0,1.11022302462516e-16,0,0.378374046043431,0.362118844304427,0.395514597191427,0.341699692551001,0.571922175807988,0.53807418281032,0.609007672389972,0.571286093857442,0.547732943010189,0.493797703708123,0.608876075277096,0.570843195603987,0.024189232797799,0,0.0490141133138266,0.000442898253454858,0.363558731505338,0.340719645158186,0.387239869256301,0.339346229962409,0.5784301180098,0.551433581627582,0.608896669255515,0.571214020863455,0.5784301180098,0.551433581627582,0.608896669255515,0.571214020863455,0.0211897892977539,0,0.0426676535951021,0.000437301535326153,0.0148153145380929,0,0.0347050962042896,0.002353462588592,0.0267282781720559,0,0.0555555555555556,0.00803633222263359,40,200,50,0,"1+2",FALSE,917,1497,0.964273542696148,0.957705377023324,NA,"Rewiring, balanced (Ghost Shift)"
"PT","biomass",550,"all_gulf","all_gulf","_1","species","Area",0.589792184667624,0.57022955509584,0.612324905148106,0.568004087428914,0.589792184667624,0.57022955509584,0.612324905148106,0.568004087428914,1.66533453693773e-18,0,0,0,0.370418953816552,0.352496466852387,0.388963288963576,0.335966480474721,0.570551755578846,0.535159278697951,0.607682125548851,0.567419016386764,0.548609855471094,0.486408768116717,0.60593264465269,0.566825520040952,0.0219419001077517,0,0.0514042532497312,0.000593496345811695,0.355775115011693,0.328772750540325,0.383664749853252,0.333517496954868,0.575777662043244,0.544214491494799,0.607679047394731,0.567366932841056,0.575777662043244,0.544214491494799,0.607679047394731,0.567366932841056,0.0192404290887788,0,0.0429304247301091,0.000585071042150274,0.0146438388048593,0,0.0326090229501574,0.00244898351985312,0.0269720732303121,0,0.0588235294117647,0.00593963782696177,40,200,50,0,"1+2",FALSE,917,1497,0.967377612676198,0.961542664809627,NA,"Rewiring, balanced (Ghost Shift)"
"PT","biomass",570,"all_gulf","all_gulf","_1","species","Area",0.589497741963229,0.568857031264461,0.613322657352138,0.569393474215742,0.589497741963229,0.568857031264461,0.613322657352138,0.569393474215742,3.88578058618805e-18,0,1.11022302462516e-16,0,0.367796387105865,0.348346287700791,0.385148007590133,0.336819173624863,0.571297500595833,0.535435627331965,0.605073965895098,0.568908241474867,0.550799444845274,0.48784596401304,0.604810304611,0.568415212568605,0.0204980557505587,0,0.0499476229612733,0.000493028906262012,0.353756524479825,0.323444636346191,0.380356065640816,0.334553935863159,0.576861734912324,0.548189655033639,0.605010224650471,0.568819517053665,0.576861734912324,0.548189655033639,0.605010224650471,0.568819517053665,0.0182002413673961,0,0.0426000428532788,0.000485232740875179,0.0140398626260393,0,0.0345294362027351,0.00226523776170397,0.0264591903061688,0,0.0588235294117647,0.00650301810865191,40,200,50,0,"1+2",FALSE,917,1497,0.969125850581237,0.964120172538511,NA,"Rewiring, balanced (Ghost Shift)"
"PT","biomass",590,"all_gulf","all_gulf","_1","species","Area",0.590290111329038,0.57102658240999,0.608220954488264,0.567959666251703,0.590290111329038,0.57102658240999,0.608220954488264,0.567959666251703,5.55111512312578e-19,0,0,0,0.363784167796717,0.345389293338684,0.38153598582487,0.33169665242728,0.57026304475547,0.533376045912269,0.607980159716862,0.567226932341808,0.547494521586595,0.486219658125208,0.60778430494677,0.566482751985102,0.022768523168875,0,0.0494764862583277,0.000744180356706199,0.349949989827524,0.324477402713917,0.37357549041681,0.32850388960991,0.575850948464045,0.542467926019474,0.607975767513011,0.567123946329816,0.575850948464045,0.542467926019474,0.607975767513011,0.567123946329816,0.020027066573568,0,0.0427499941290685,0.000732733909895549,0.013834177969193,0,0.0328722956252641,0.00319276281736934,0.0250916197721175,0,0.0606060606060606,0.00755328218243819,40,200,50,0,"1+2",FALSE,917,1497,0.966072501996557,0.960073647804693,NA,"Rewiring, balanced (Ghost Shift)"
"PT","biomass",610,"all_gulf","all_gulf","_1","species","Area",0.588623489657688,0.566975504167513,0.60775198205857,0.568423723948012,0.588623489657688,0.566975504167513,0.60775198205857,0.568423723948012,4.44089209850063e-18,0,1.11022302462516e-16,2.22044604925031e-18,0.364108164532311,0.344820678603006,0.383802211908759,0.331869149882265,0.567126575233899,0.533435593960808,0.603712358761124,0.568077358885828,0.542769165239553,0.485744285761016,0.603712358673693,0.567726026135548,0.0243574099943455,0,0.0497536777503033,0.000351332750279929,0.34880472797017,0.324881395596213,0.378221544715447,0.329884431979375,0.573246364152817,0.543099269849091,0.603712358822892,0.568010593399623,0.573246364152817,0.543099269849091,0.603712358822892,0.568010593399623,0.0214969144237894,0,0.0418860745443412,0.000346365062184424,0.0153034365621409,0,0.0328659514222424,0.0019847179028894,0.0278133844308406,0,0.0606060606060606,0.00583120204603581,40,200,50,0,"1+2",FALSE,917,1497,0.963479346642638,0.957051192700148,NA,"Rewiring, balanced (Ghost Shift)"
"PT","biomass",630,"all_gulf","all_gulf","_1","species","Area",0.585829158594454,0.564333347480446,0.605002774586688,0.565015993839144,0.585829158594454,0.564333347480446,0.605002774586688,0.565015993839144,3.33066907387547e-18,0,1.11022302462516e-16,6.66133814775094e-18,0.36355820117201,0.343239616446923,0.38398959218101,0.330715903858262,0.567405377444892,0.529710624648774,0.603719869709521,0.564326369223694,0.546611887630497,0.482279189636525,0.602835350331178,0.56362713308463,0.0207934898143955,0,0.0497425928818509,0.000699236139064026,0.349421272949976,0.322869294448242,0.373084314090433,0.327344084506852,0.572719079926842,0.538004785235902,0.603134057657444,0.564236824577738,0.572719079926842,0.538004785235902,0.603134057657444,0.564236824577738,0.0184237811495613,0,0.0431531356598021,0.000689624615450035,0.0141369282220338,0,0.0336859777472028,0.00337181935141025,0.0271624074515866,0,0.0625,0.0101854364540932,40,200,50,0,"1+2",FALSE,917,1497,0.968550931821549,0.963353379010908,NA,"Rewiring, balanced (Ghost Shift)"
"PT","biomass",650,"all_gulf","all_gulf","_1","species","Area",0.58629083349021,0.567305187547309,0.606004935792667,0.565163708723626,0.58629083349021,0.567305187547309,0.606004935792667,0.565163708723626,4.9960036108132e-18,0,1.11022302462516e-16,4.44089209850063e-18,0.364121984786718,0.345346063865342,0.382478403923042,0.328603936243061,0.56575976871851,0.529384076135565,0.601529069645836,0.564969790279747,0.542442635837923,0.485016386829824,0.599648056621414,0.564773554657532,0.0233171328805875,0,0.0491279825495236,0.000196235622215339,0.349469262661908,0.323114422680343,0.372922796120737,0.327339634920866,0.571789786590096,0.541287992647841,0.600614063047859,0.564952799666071,0.571789786590096,0.541287992647841,0.600614063047859,0.564952799666071,0.0205310647716994,0,0.0426671505232124,0.000193918443878434,0.0146527221248102,0,0.0342497540801916,0.00126430132219484,0.0261638556302735,0,0.0465625000000001,0.00539122568973315,40,200,50,0,"1+2",FALSE,917,1497,0.964981433106369,0.958786159480016,NA,"Rewiring, balanced (Ghost Shift)"
"PT","biomass",670,"all_gulf","all_gulf","_1","species","Area",0.58518853331323,0.563860518274483,0.604283730899843,0.560985458425883,0.58518853331323,0.563860518274483,0.604283730899843,0.560985458425883,4.9960036108132e-18,0,1.11022302462516e-16,0,0.359431262029907,0.341136149895102,0.375536059400041,0.323543022069223,0.565142320017346,0.529595448236772,0.603533784862411,0.560541784087751,0.542918662093266,0.485063343407835,0.60280166707195,0.560092385671169,0.02222365792408,0,0.0499406922302236,0.000449398416582454,0.343695065034003,0.317763439982032,0.369125810018335,0.320989288076174,0.570634354355581,0.539682676764302,0.603533829893506,0.560486246083904,0.570634354355581,0.539682676764302,0.603533829893506,0.560486246083904,0.0200462132958835,0,0.0435481156073469,0.000443674338132067,0.0157361969959037,0,0.0345208845984108,0.00255373399304915,0.029758795639844,0,0.0645161290322581,0.00896153846153846,40,200,50,0,"1+2",FALSE,917,1497,0.965744008717352,0.960675997643571,NA,"Rewiring, balanced (Ghost Shift)"
"PT","biomass",690,"all_gulf","all_gulf","_1","species","Area",0.584316508091642,0.566813572452731,0.603912755838273,0.56067671383608,0.584316508091642,0.566813572452731,0.603912755838273,0.56067671383608,4.44089209850063e-18,0,1.11022302462516e-16,2.22044604925031e-18,0.358304222016561,0.339991309933124,0.375523252619433,0.321893243412569,0.565024064132148,0.530051813143898,0.595457444747729,0.560279170906579,0.543175508498428,0.48662153634247,0.595453752159098,0.559875948072653,0.0218485556337193,0,0.048692703176565,0.000403222833926373,0.343983821490149,0.316810914809211,0.367187654204445,0.320058133750357,0.570227299864363,0.537195134493537,0.595455844316326,0.560234102153552,0.570227299864363,0.537195134493537,0.595455844316326,0.560234102153552,0.0192924439594949,0,0.0431103581977201,0.000397542929500054,0.0143204005264113,0,0.0341499870909122,0.00183510966221271,0.0266905426562685,0,0.0645161290322581,0.004625,40,200,50,0,"1+2",FALSE,917,1497,0.966982887369547,0.961331636967927,NA,"Rewiring, balanced (Ghost Shift)"
"PT","biomass",710,"all_gulf","all_gulf","_1","species","Area",0.581254115411966,0.561867357692335,0.60290758542502,0.560538348623126,0.581254115411966,0.561867357692335,0.60290758542502,0.560538348623126,2.77555756156289e-18,0,1.11022302462516e-16,2.22044604925031e-18,0.355578399918131,0.337894478371188,0.371584867384378,0.318560056126007,0.560911492672985,0.525094255257747,0.599810166211388,0.560234293388134,0.537849183537111,0.478886837411732,0.599807080924338,0.559926444553106,0.0230623091358743,0,0.0510893048457108,0.000307848835027373,0.340429987285124,0.314435031434685,0.365070904681631,0.316784029272614,0.566597262675657,0.53631865643358,0.5998112849761,0.56019486502648,0.566597262675657,0.53631865643358,0.5998112849761,0.56019486502648,0.0203426227389809,0,0.0440922938767648,0.000304055234992826,0.0151484126330075,0,0.0349148565012912,0.00177602685339372,0.027629733155381,0,0.0666666666666667,0.00732206861239119,40,200,50,0,"1+2",FALSE,917,1497,0.965002187168063,0.958884227837849,NA,"Rewiring, balanced (Ghost Shift)"
"PT","biomass",730,"all_gulf","all_gulf","_1","species","Area",0.582052498002298,0.564834391424648,0.60096994167004,0.561223416115162,0.582052498002298,0.564834391424648,0.60096994167004,0.561223416115162,1.11022302462516e-18,0,0,0,0.355807283449706,0.33835594562829,0.372653117169044,0.319820813901391,0.565484237375755,0.52673662964917,0.597352140073365,0.560743557110612,0.546786536937069,0.477126165367182,0.596019326714154,0.56025690680028,0.0186977004386859,0,0.0498326310712602,0.000486650310332282,0.34213649711869,0.312907652411166,0.369778163280988,0.317265493492198,0.569800811729626,0.536817945446613,0.597664466343707,0.560705748761437,0.569800811729626,0.536817945446613,0.597664466343707,0.560705748761437,0.016568260626542,0,0.043397760741687,0.000479859004550591,0.013670786331016,0,0.0335283327443538,0.00255532040919292,0.0279944263973878,0,0.0496174863387979,0.00894009216589862,40,200,50,0,"1+2",FALSE,917,1497,0.971534765878667,0.966935063432614,NA,"Rewiring, balanced (Ghost Shift)"
"PT","biomass",750,"all_gulf","all_gulf","_1","species","Area",0.581015843328765,0.561474161153141,0.603127423619697,0.561916389325836,0.581015843328765,0.561474161153141,0.603127423619697,0.561916389325836,3.33066907387547e-18,0,1.11022302462516e-16,2.22044604925031e-18,0.355152875072054,0.337855045517532,0.375453736287703,0.321522018708218,0.564355659865397,0.525212379629798,0.599063958977954,0.561569275990875,0.545714942013627,0.478053454911642,0.598358890517585,0.561217412455592,0.0186407178517702,0,0.0490280966735721,0.000351863535283063,0.34167308439851,0.315808231430989,0.365180112293144,0.319593354810756,0.569163700146603,0.538910521210472,0.599068503472749,0.56152366609577,0.569163700146603,0.538910521210472,0.599068503472749,0.56152366609577,0.0166601834633676,0,0.0438668215974674,0.00034711333496054,0.0134797906735435,0,0.0361678056401366,0.00192866389746271,0.0272891313468624,0,0.0666666666666667,0.00731182795698925,40,200,50,0,"1+2",FALSE,917,1497,0.971325767352715,0.966969910683245,NA,"Rewiring, balanced (Ghost Shift)"
"PT","biomass",770,"all_gulf","all_gulf","_1","species","Area",0.581999662222336,0.559680482861833,0.60392009702613,0.559798678441622,0.581999662222336,0.559680482861833,0.60392009702613,0.559798678441622,1.66533453693773e-18,0,0,8.88178419700125e-18,0.354270458081303,0.335516095917979,0.372132127995824,0.321863992296927,0.561112258581501,0.522505567377195,0.598589531962993,0.559315748932227,0.537500781393768,0.476347217734971,0.597797648325738,0.558826112194141,0.0236114771877324,0,0.0490159574541605,0.000489636738085661,0.338999936837754,0.313399844279927,0.3637526504675,0.319319807926843,0.567065077291886,0.535236209148671,0.597874606157735,0.55928703312903,0.567065077291886,0.535236209148671,0.597874606157735,0.55928703312903,0.0208874036408349,0,0.0432081029901675,0.000482929509394752,0.0152705212435494,0,0.0344005322152548,0.00254418437008445,0.0280445972148775,0,0.0666666666666667,0.00923707117255504,40,200,50,0,"1+2",FALSE,917,1497,0.964110969478784,0.957920225718428,NA,"Rewiring, balanced (Ghost Shift)"
"PT","biomass",790,"all_gulf","all_gulf","_1","species","Area",0.580867267687062,0.559615803975257,0.600365593398484,0.560149936193385,0.580867267687062,0.559615803975257,0.600365593398484,0.560149936193385,4.44089209850063e-18,0,1.11022302462516e-16,6.66133814775094e-18,0.355650846286786,0.337801382380828,0.376585105221897,0.321757106497955,0.561817962086526,0.521952310852866,0.595518383839483,0.559631255820251,0.540490514735316,0.476279890656908,0.594848820912785,0.559105381148153,0.0213274473512097,0,0.0504009363336367,0.000525874672097471,0.340647690381828,0.312858561341571,0.368025392694738,0.319232369101135,0.567412321689064,0.534308828058249,0.595522562115177,0.559553037585359,0.567412321689064,0.534308828058249,0.595522562115177,0.559553037585359,0.0190493056005367,0,0.0447255851034021,0.000518680373134688,0.0150031559049583,0,0.0358352462774057,0.00252473739682079,0.0289466688491014,0,0.0666666666666667,0.00796722990271377,40,200,50,0,"1+2",FALSE,917,1497,0.967205407052133,0.962038509285104,NA,"Rewiring, balanced (Ghost Shift)"
"PT","biomass",810,"all_gulf","all_gulf","_1","species","Area",0.578733943897027,0.557187472160986,0.598995317618135,0.555711664456001,0.578733943897027,0.557187472160986,0.598995317618135,0.555711664456001,2.77555756156289e-18,0,1.11022302462516e-16,0,0.348695236051452,0.33103357719272,0.366535851515628,0.310503236786299,0.557645865130802,0.519586900683605,0.59587741125439,0.555366403498998,0.533679431629351,0.469907617600668,0.595258747508182,0.555016660057099,0.0239664335014515,0,0.0507815605466693,0.00034974344189955,0.332385654723987,0.306139699834494,0.360304416289405,0.308442144782109,0.563736631119132,0.531454955988368,0.595877411322446,0.555316675918536,0.563736631119132,0.531454955988368,0.595877411322446,0.555316675918536,0.0210880787662252,0,0.0431747677166909,0.00034526095700331,0.0163095813274645,0,0.0350735806695105,0.00206109200419,0.0309621686100545,0,0.0689655172413793,0.00725738631101232,40,200,50,0,"1+2",FALSE,917,1497,0.963561703977092,0.95702212640664,NA,"Rewiring, balanced (Ghost Shift)"
"PT","biomass",830,"all_gulf","all_gulf","_1","species","Area",0.579269016390911,0.560211029354261,0.599152804980645,0.557017394708714,0.579269016390911,0.560211029354261,0.599152804980645,0.557017394708714,1.66533453693773e-18,0,0,2.22044604925031e-18,0.349798370070994,0.332147011126872,0.367790865465284,0.311713331578924,0.558744394595983,0.522161063804265,0.594817405869705,0.556547772068089,0.535674317388312,0.475044154704366,0.594676055159888,0.55607181293147,0.0230700772076705,0,0.0508384080395947,0.000475959136619397,0.333807639649427,0.304167053495384,0.362853294885551,0.309207450564841,0.564451678378154,0.534556994660445,0.594878650446488,0.556476145686075,0.564451678378154,0.534556994660445,0.594878650446488,0.556476145686075,0.0205246217949283,0,0.0433835110882359,0.000469622640624328,0.0159907304215675,0,0.0360605699810241,0.00250588101408271,0.0302108024898359,0,0.0689655172413793,0.00758469945355191,40,200,50,0,"1+2",FALSE,917,1497,0.964568065589274,0.95871085700224,NA,"Rewiring, balanced (Ghost Shift)"
"PT","biomass",850,"all_gulf","all_gulf","_1","species","Area",0.579685873103763,0.563830939284453,0.59967633146291,0.556490182937757,0.579685873103763,0.563830939284453,0.59967633146291,0.556490182937757,1.66533453693773e-18,0,0,0,0.349435659510321,0.332171837533283,0.367282184896374,0.311521580391269,0.558671798605753,0.526014181955159,0.59423133595122,0.556232941054792,0.535095509383971,0.476697956136222,0.594068875041747,0.555972362638725,0.023576289221782,0,0.0488807242140854,0.00026057841606691,0.333784395650524,0.308236909770921,0.358982683982684,0.310025848017782,0.564447406735761,0.536180833464076,0.594185310911807,0.556226411652356,0.564447406735761,0.536180833464076,0.594185310911807,0.556226411652356,0.0210140744980107,0,0.044175328314213,0.000257241882965011,0.0156512638597966,0,0.0345437695042854,0.00149573237348744,0.0291310765223989,0,0.0508474576271186,0.00558469945355191,40,200,50,0,"1+2",FALSE,917,1497,0.963749203710112,0.957799392629769,NA,"Rewiring, balanced (Ghost Shift)"
"PT","biomass",870,"all_gulf","all_gulf","_1","species","Area",0.565983326031846,0.545714706873009,0.587478352946315,0.545316146982042,0.565983326031846,0.545714706873009,0.587478352946315,0.545316146982042,3.88578058618805e-18,0,1.11022302462516e-16,0,0.343264354834516,0.324856930113818,0.36235585164407,0.3056396111363,0.544780997755819,0.505254306310081,0.580752769105702,0.544653389529562,0.520684836133621,0.457677986025411,0.580578128376323,0.543981233800371,0.0240961616221981,0,0.051638414862298,0.000672155729190933,0.326707132136371,0.29719233412777,0.354420333551203,0.302446110625568,0.550482832058128,0.519022089103297,0.580791894023576,0.54465903250931,0.550482832058128,0.519022089103297,0.580791894023576,0.54465903250931,0.0212023282760262,0,0.0462783796337684,0.000662757452480109,0.0165572226981452,0,0.0376423551171613,0.00319350051073255,0.032446817802081,0,0.0740740740740741,0.0081077694235589,40,200,50,0,"1+2",FALSE,917,1497,0.962538952472898,0.955769085703319,NA,"Rewiring, balanced (Ghost Shift)"
"PT","biomass",890,"all_gulf","all_gulf","_1","species","Area",0.565396903015973,0.546060349530137,0.587892405474776,0.545380928119559,0.565396903015973,0.546060349530137,0.587892405474776,0.545380928119559,6.66133814775094e-18,0,1.11022302462516e-16,0,0.339397597130924,0.319777246337832,0.357353844350381,0.30494414492673,0.54286798624088,0.505593963614675,0.581987279606254,0.544715011997153,0.517581651181845,0.457427974509642,0.581900719523297,0.544039706617088,0.0252863350590353,0,0.0515057877302588,0.000675305380065108,0.320894723414882,0.291935432380334,0.352205593062965,0.301496392152848,0.548488300653129,0.516253171307509,0.582069393307321,0.544769412549602,0.548458308191287,0.516253171307509,0.582069393307321,0.544769412549602,0.0225289167750931,0,0.0454836377085719,0.000665916122406052,0.0185028737160425,0,0.039014828032913,0.00344775277388234,0.0347642999907151,0,0.0769230769230769,0.00988552188552188,40,200,50,0,"1+2",FALSE,917,1497,0.960153802302563,0.953420839504403,NA,"Rewiring, balanced (Ghost Shift)"
"PT","biomass",910,"all_gulf","all_gulf","_1","species","Area",0.564185379319623,0.542683389235546,0.59053333524938,0.543736046178876,0.564185379319623,0.542683389235546,0.59053333524938,0.543736046178876,3.88578058618805e-18,0,1.11022302462516e-16,4.44089209850063e-18,0.334240442944366,0.317797274523681,0.354516555335299,0.299058301994496,0.543584426993137,0.501914916599111,0.581887350832623,0.543374315140837,0.519944880385505,0.452622204150528,0.579397489403771,0.543007998173247,0.0236395466076315,0,0.0520907202744866,0.000366316967589375,0.317229932326991,0.292562207748831,0.344773251139105,0.296627980909759,0.548540603408594,0.512666916631698,0.582926418020579,0.543363606055084,0.548540603408594,0.512666916631698,0.582926418020579,0.543363606055084,0.0206009523264868,0,0.0448000112678095,0.000361731038039659,0.0170105106173747,0,0.0387047542667627,0.00243032108473647,0.0294673069227691,0,0.0612244897959184,0.011043137254902,40,200,50,0,"1+2",FALSE,917,1497,0.963485490617764,0.956511729487184,NA,"Rewiring, balanced (Ghost Shift)"
"PT","biomass",930,"all_gulf","all_gulf","_1","species","Area",0.562453681605869,0.538793091884443,0.581765018915072,0.541811042909181,0.562453681605869,0.538793091884443,0.581765018915072,0.541811042909181,4.44089209850063e-18,0,1.11022302462516e-16,1.11022302462516e-17,0.328455173103058,0.310599529780564,0.347410867132556,0.287707404222151,0.539912005136065,0.499540660334555,0.575455982746458,0.54077882014709,0.514410327534232,0.453006304696182,0.574151881231287,0.539729362280082,0.025501677601833,0,0.0529222927542099,0.0010494578670075,0.310190458089504,0.282749245146786,0.338537855438922,0.282027073657811,0.545502261103205,0.50931299723178,0.575469113368586,0.540908930254331,0.545502261103205,0.50931299723178,0.575469113368586,0.540908930254331,0.0225416764698037,0,0.0455650558703385,0.00103222276209102,0.0182647150135543,0,0.0400593969210035,0.00568033056434017,0.0320853234910986,0,0.0638297872340425,0.0144749601968447,40,200,50,0,"1+2",FALSE,917,1497,0.959922608372934,0.952766974323147,NA,"Rewiring, balanced (Ghost Shift)"
"PT","biomass",950,"all_gulf","all_gulf","_1","species","Area",0.559062168194643,0.536390566372771,0.58022584781844,0.538231814042705,0.559062168194643,0.536390566372771,0.58022584781844,0.538231814042705,4.44089209850063e-18,0,1.11022302462516e-16,6.66133814775094e-18,0.301503137875008,0.284403457323661,0.321167635658915,0.261582278633029,0.539383402409364,0.501965411419089,0.579407799992351,0.537667213276424,0.5168438220147,0.452850879888663,0.579012752970085,0.537094543355465,0.0225395803946648,0,0.0520052227002344,0.000572669920958897,0.285163796673262,0.254084644032853,0.314121037463977,0.258342656871214,0.543924915403117,0.509757113688823,0.579291407463682,0.537735107546424,0.543924915403117,0.509757113688823,0.579291407463682,0.537735107546424,0.0196787657852783,0,0.0445145584492345,0.000564600766280889,0.0163393412017456,0,0.0406437066596884,0.00323962176181498,0.0301060746222633,0,0.0666666666666667,0.0111193339500463,40,200,50,0,"1+2",FALSE,917,1497,0.964800398050853,0.958212321154149,NA,"Rewiring, balanced (Ghost Shift)"
"PT","biomass",970,"all_gulf","all_gulf","_1","species","Area",0.559373684961201,0.53922487402955,0.581776688850978,0.539436503090964,0.559373684961201,0.53922487402955,0.581776688850978,0.539436503090964,6.10622663543836e-18,0,1.11022302462516e-16,0,0.301257472720165,0.282341736694678,0.320405720080374,0.261201251110534,0.538636771378615,0.502426161626949,0.580159897204927,0.538809405934541,0.515113128455261,0.453682744568639,0.579527773556881,0.538173196565169,0.023523642923354,0,0.0519282176017816,0.000636209369371867,0.284068941285118,0.250977447858011,0.314804525709668,0.257829063627807,0.543516235391788,0.510259427816266,0.579580396662628,0.5388830186863,0.543516235391788,0.510259427816266,0.579580396662628,0.5388830186863,0.020736913582586,0,0.0451648296452798,0.000627097156422931,0.0171885314350471,0,0.0415191768950884,0.00337218748272768,0.0326176940543268,0,0.0666666666666667,0.00941720629047178,40,200,50,0,"1+2",FALSE,917,1497,0.962928335493608,0.956327447041638,NA,"Rewiring, balanced (Ghost Shift)"
"PT","biomass",990,"all_gulf","all_gulf","_1","species","Area",0.559476197962064,0.541429728506164,0.580433505153889,0.538492736248711,0.559476197962064,0.541429728506164,0.580433505153889,0.538492736248711,4.9960036108132e-18,0,1.11022302462516e-16,1.55431223447522e-17,0.302504969837133,0.283646880417135,0.322900056047571,0.260068986604022,0.535196371940503,0.499380194736951,0.575842883403216,0.538142842262537,0.50720486005728,0.444980524060015,0.574624926663072,0.537787937889241,0.0279915118832233,0,0.0547998201460201,0.000354904373295586,0.283729594244591,0.253305538247072,0.313035989017056,0.258213128071528,0.540684457971475,0.510257304992496,0.575843749727539,0.538199393326191,0.540684457971475,0.510257304992496,0.575843749727539,0.538199393326191,0.0242798260215616,0,0.045924365626282,0.000349893986173777,0.0187753755925422,0,0.0412432420650682,0.00185585853249357,0.0321011409189023,0,0.0666666666666667,0.0051063829787234,40,200,50,0,"1+2",FALSE,917,1497,0.956602575569787,0.947698614282955,NA,"Rewiring, balanced (Ghost Shift)"
"PT","occurrence",10,"all_gulf","all_gulf","_1","species","Area",0.692627655937378,0.677251384431748,0.710791155473523,0.674617856158815,0.692627655937378,0.677251384431748,0.710791155473523,0.674617856158815,4.9960036108132e-18,0,1.11022302462516e-16,2.22044604925031e-18,0.620956150319995,0.608001739048693,0.635913339484547,0.592461697997828,0.63597074976725,0.598063794621905,0.675745027935663,0.638772888776142,0.615860773860432,0.583613368759965,0.657778706880945,0.611073416747798,0.0201099759068185,0.00214232434817775,0.0451294928365783,0.0276994720283443,0.498683345849913,0.469160294198164,0.526897816664026,0.481898113419557,0.639067458682541,0.602375996828697,0.675683900896764,0.638779511461053,0.639067458682541,0.602375996828697,0.675683900896764,0.638779511461053,0.056656906170128,0.0276520315248137,0.089004899225849,0.0358449673826728,0.122272804470082,0.0986842735185288,0.145766487341096,0.110563584578271,0.319279749100117,0.286808025535796,0.354845292955892,0.265563157276699,40,200,50,0,"1+2",FALSE,917,1497,0.918200052099493,0.968379086751744,NA,"Rewiring, balanced (Ghost Shift)"
"PT","occurrence",30,"all_gulf","all_gulf","_1","species","Area",0.687486844890722,0.671547274391855,0.701633150796835,0.669401906244509,0.687486844890722,0.671547274391855,0.701633150796835,0.669401906244509,5.55111512312578e-18,0,1.11022302462516e-16,2.22044604925031e-18,0.58783449128709,0.574904448138091,0.600465938164375,0.556094316423291,0.634517114455749,0.59234978001264,0.673776228587161,0.636570248422953,0.614391164153205,0.583344931319186,0.660569040683044,0.610277657661073,0.0201259503025446,0.00252051237735939,0.043089746253749,0.0262925907618796,0.484608035487828,0.458806777217015,0.513001923690798,0.464037560467705,0.638715067813775,0.602329839633162,0.675624745630785,0.637261583008478,0.638715067813775,0.602329839633162,0.675624745630785,0.637261583008478,0.0529697304349724,0.0250068390354048,0.0869087217917573,0.0328316578215558,0.103226455799262,0.0812468029532279,0.127312089169098,0.0920567559555862,0.230969613637664,0.203883495145631,0.262652645861601,0.198595434061528,40,200,50,0,"1+2",FALSE,917,1497,0.922951645069816,0.968281469728665,NA,"Rewiring, balanced (Ghost Shift)"
"PT","occurrence",50,"all_gulf","all_gulf","_1","species","Area",0.682803717541228,0.666302068307786,0.696317409620252,0.663700443660742,0.682803717541228,0.666302068307786,0.696317409620252,0.663700443660742,1.11022302462516e-18,0,0,4.44089209850063e-18,0.571749667651591,0.55653301645518,0.586526063731811,0.537194654214001,0.636720065966938,0.600397902708086,0.671725588546697,0.63903331383245,0.617393230687383,0.578973976633684,0.660159376779262,0.620777165418235,0.0193268352795553,0.00913180827308268,0.0288134727957985,0.0182561484142154,0.481776597525721,0.452329490830182,0.509016051084264,0.458309395391093,0.642478687677798,0.609845266233715,0.674893713126945,0.640042632977218,0.642478687677798,0.609845266233715,0.674893713126945,0.640042632977218,0.0460836515742894,0.0211520009842008,0.0718330421160081,0.0246671298282917,0.0899730701258699,0.0702372801959483,0.11068506679169,0.0788852588229077,0.203909230371574,0.173884589119053,0.237569060773481,0.17547076942225,40,200,50,0,"1+2",FALSE,917,1497,0.932508200540799,0.969646260087304,NA,"Rewiring, balanced (Ghost Shift)"
"PT","occurrence",70,"all_gulf","all_gulf","_1","species","Area",0.676507780151419,0.661192500959056,0.691821765063699,0.656329370808278,0.676507780151419,0.661192500959056,0.691821765063699,0.656329370808278,2.22044604925031e-18,0,0,0,0.555275306591507,0.538720491826341,0.569880311584291,0.52117011583011,0.629433653795086,0.593665706905177,0.664472217011372,0.632049252073134,0.609800705694881,0.578193765709433,0.648806980055234,0.613362458770245,0.0196329481002049,0.0101545612192,0.0303052522783374,0.0186867933028891,0.465414261231927,0.441662788359332,0.491098885950105,0.444892321711845,0.634973894744366,0.60460632003065,0.66557282879422,0.633930787682549,0.634973894744366,0.60460632003065,0.66557282879422,0.633930787682549,0.0470741263563338,0.0201084425137077,0.0749090192805169,0.0242801187351441,0.0898610453595796,0.0677870311831742,0.110881766246037,0.076277794118265,0.200166617931079,0.166541916167665,0.233532934131737,0.171832938038576,40,200,50,0,"1+2",FALSE,917,1497,0.930415986722581,0.968808550382029,NA,"Rewiring, balanced (Ghost Shift)"
"PT","occurrence",90,"all_gulf","all_gulf","_1","species","Area",0.672378098027412,0.656919247371322,0.688252408470584,0.652307096413743,0.672378098027412,0.656919247371322,0.688252408470584,0.652307096413743,1.11022302462516e-18,0,0,6.66133814775094e-18,0.547787147713203,0.532107002749205,0.564168144311651,0.516199965096713,0.628242325426187,0.585762952442447,0.660535904983932,0.626942397507772,0.608803033095191,0.573028654888231,0.642874997805613,0.60551381830334,0.0194392923309957,0.0100744520056413,0.0299877094544603,0.0214285792044323,0.460696076590278,0.434326192195984,0.482501335063257,0.437515064469778,0.633671088065776,0.598744384302831,0.660835072417616,0.628871878805951,0.633671088065776,0.598744384302831,0.660835072417616,0.628871878805951,0.0441357726012247,0.0198437495640429,0.0748001325219796,0.0253646989059709,0.0870910711229251,0.0694238016852925,0.109249653366523,0.0786849006269351,0.193019243625242,0.165616991535295,0.22373726655348,0.172012886138279,40,200,50,0,"1+2",FALSE,917,1497,0.93435869976921,0.969057652526342,NA,"Rewiring, balanced (Ghost Shift)"
"PT","occurrence",110,"all_gulf","all_gulf","_1","species","Area",0.669228102781345,0.653293503491347,0.685565146980703,0.647233525517868,0.669228102781345,0.653293503491347,0.685565146980703,0.647233525517868,4.44089209850063e-18,0,1.11022302462516e-16,4.44089209850063e-18,0.534547646671347,0.518285933002433,0.551315352377034,0.503114700150502,0.624778642438838,0.588306147697849,0.66259840588984,0.623176330067447,0.605162876273317,0.573813671313463,0.647607001403939,0.601824708308238,0.0196157661655213,0.00740002004327019,0.0313219269606154,0.0213516217592086,0.451689183577552,0.423406658062557,0.480561727133145,0.43071343271056,0.6312500472844,0.59922690617212,0.665405627630146,0.624710407345683,0.6312500472844,0.59922690617212,0.665405627630146,0.624710407345683,0.0444494603425071,0.0188941470088197,0.0714282973165725,0.0240571954504211,0.0828584630937954,0.0652444457233184,0.101696201973794,0.0724012674399416,0.172153030384369,0.14468984962406,0.197434210526316,0.155499943239343,40,200,50,0,"1+2",FALSE,917,1497,0.933581001518357,0.968603654425588,NA,"Rewiring, balanced (Ghost Shift)"
"PT","occurrence",130,"all_gulf","all_gulf","_1","species","Area",0.667242947827359,0.652315312236406,0.68140033775655,0.646824584635855,0.667242947827359,0.652315312236406,0.68140033775655,0.646824584635855,2.22044604925031e-18,0,0,4.44089209850063e-18,0.526660801681049,0.51191477417515,0.544646904726516,0.49351399493178,0.623850948269487,0.590108724462884,0.65626097859155,0.62358296250244,0.604775460477873,0.57290066815917,0.639707055963066,0.603170467248883,0.019075487791614,0.00860051613569052,0.0312943302149169,0.0204124952535566,0.448893016427709,0.423966701653335,0.476267701694353,0.42537206383987,0.630367460460559,0.601503683224615,0.659191878485928,0.62614591167076,0.630367460460559,0.601503683224615,0.659191878485928,0.62614591167076,0.043391999557872,0.0179125493513327,0.0712945875591599,0.0232416221334152,0.0777677852533402,0.0568852329686577,0.0988378859539804,0.0681419310919092,0.16407737907611,0.134704657045083,0.197082862136322,0.149059250702235,40,200,50,0,"1+2",FALSE,917,1497,0.934968215551528,0.969423004253615,NA,"Rewiring, balanced (Ghost Shift)"
"PT","occurrence",150,"all_gulf","all_gulf","_1","species","Area",0.667117218647739,0.65144772765803,0.679660016121655,0.645275428618892,0.667117218647739,0.65144772765803,0.679660016121655,0.645275428618892,3.33066907387547e-18,0,1.11022302462516e-16,0,0.519710904172375,0.504657662803982,0.537740669739657,0.48657442677016,0.62420410672697,0.585813957310431,0.65661861695671,0.621633310560485,0.6044726068562,0.572356566047985,0.64202353197549,0.60057137054873,0.0197314998707698,0.00823319897579743,0.0314356632531462,0.0210619400117548,0.448026103491103,0.419349167460642,0.474310206990499,0.422513342678992,0.630163550041394,0.596249893941059,0.661424432167252,0.624057851960248,0.630163550041394,0.596249893941059,0.661424432167252,0.624057851960248,0.0429131119207696,0.0173249679618821,0.0707596856258518,0.0236421180584071,0.0716848006812719,0.0515638139589889,0.0922498878047523,0.0640610840911685,0.140755278607181,0.117647058823529,0.164179104477612,0.132452505023865,40,200,50,0,"1+2",FALSE,917,1497,0.935673805560355,0.968389346276121,NA,"Rewiring, balanced (Ghost Shift)"
"PT","occurrence",170,"all_gulf","all_gulf","_1","species","Area",0.653606486194101,0.639545328574047,0.669177961095731,0.633629884322495,0.653606486194101,0.639545328574047,0.669177961095731,0.633629884322495,2.77555756156289e-18,0,2.77555756156352e-18,0,0.510583443667325,0.495996902607585,0.526424609852973,0.477305460812565,0.609809072904538,0.574729232920893,0.643183838390187,0.61011718457774,0.589507549775723,0.555115288617598,0.627570597220472,0.589673230192962,0.020301523128815,0.010019039299713,0.0302300496514277,0.0204439543847781,0.438398557643524,0.413933539637334,0.4647189192628,0.413688074987649,0.617120156123266,0.584860690790778,0.646838322967232,0.613690895419229,0.617120156123266,0.584860690790778,0.646838322967232,0.613690895419229,0.0437974132895634,0.0172817558720288,0.0708291807650585,0.0235126997447555,0.0721848860238005,0.0515589470043294,0.0924964743814392,0.0636173858249163,0.133728477920076,0.112903225806452,0.15702479338843,0.121649193111286,40,200,50,0,"1+2",FALSE,917,1497,0.932991158725195,0.966708394428902,NA,"Rewiring, balanced (Ghost Shift)"
"PT","occurrence",190,"all_gulf","all_gulf","_1","species","Area",0.650030475928266,0.635799437562808,0.667072470934555,0.626472900662262,0.650030475928266,0.635799437562808,0.667072470934555,0.626472900662262,4.44089209850063e-18,0,1.11022302462516e-16,2.22044604925031e-18,0.495771735503856,0.479548785424159,0.511266742471769,0.459243426502766,0.607721403956686,0.570570183598243,0.644270751983671,0.603706489384543,0.587721781167464,0.554768333228945,0.625119108176045,0.581900181174793,0.0199996227892216,0.00799114253396631,0.0322417922416762,0.0218063082097507,0.428147067833001,0.399416802592654,0.450386596232011,0.400515032569252,0.615410931059939,0.581739326383141,0.647927644994875,0.607319594306553,0.615410931059939,0.581739326383141,0.647927644994875,0.607319594306553,0.0423090719715804,0.016516846857259,0.0718726219284232,0.0227664112777189,0.0676246676708551,0.0462067831252792,0.0900752513111063,0.0587283939335142,0.11930600170106,0.094017094017094,0.143046776232617,0.104765975982716,40,200,50,0,"1+2",FALSE,917,1497,0.934912171754468,0.967090804011492,NA,"Rewiring, balanced (Ghost Shift)"
"PT","occurrence",210,"all_gulf","all_gulf","_1","species","Area",0.645464973354989,0.632233849662379,0.660964856062582,0.624470787652053,0.645464973354989,0.632233849662379,0.660964856062582,0.624470787652053,3.33066907387547e-18,0,1.11022302462516e-16,4.44089209850063e-18,0.495623207696695,0.477663306451613,0.515091574223318,0.45901569376872,0.602081305130818,0.56807138309605,0.637653005913203,0.60189206491436,0.581773974606513,0.551046768924262,0.616662419375109,0.580092495918819,0.020307330524305,0.0090241134906745,0.0311448435770912,0.0217995689955414,0.427344573752657,0.403973813016208,0.456060005063718,0.399786958721847,0.609366319161937,0.579161673239546,0.639954212026382,0.605032639291377,0.609366319161937,0.579161673239546,0.639954212026382,0.605032639291377,0.0433836682241704,0.0164005126057073,0.0715847256701711,0.0225787227376924,0.0682786339440387,0.0463821668668265,0.0887420871590521,0.0592287350468736,0.120014980516855,0.0956521739130435,0.142857142857143,0.104712140914006,40,200,50,0,"1+2",FALSE,917,1497,0.93278695201899,0.966271448139562,NA,"Rewiring, balanced (Ghost Shift)"
"PT","occurrence",230,"all_gulf","all_gulf","_1","species","Area",0.626402345463081,0.610944369790954,0.642588720947349,0.603888382067477,0.626402345463081,0.610944369790954,0.642588720947349,0.603888382067477,4.9960036108132e-18,0,1.11022302462516e-16,2.22044604925031e-18,0.463850866558236,0.445840359923162,0.48187108251726,0.428140787589275,0.581526420735438,0.545187617313862,0.618816986711344,0.581915730134876,0.559847290648927,0.524033658906845,0.604239069578748,0.561391735932854,0.0216791300865115,0.0140198030789846,0.030350650404362,0.0205239942020213,0.398878341143485,0.373045332760716,0.428987815565137,0.373376067270074,0.590280775600431,0.555914317804568,0.623844332666493,0.584729145404135,0.590280775600431,0.555914317804568,0.623844332666493,0.584729145404135,0.0448759247276429,0.0161983512576259,0.0724464250597737,0.0219726519326018,0.064972525414751,0.0447693130943439,0.0833640192950145,0.0547647203192006,0.113562563616907,0.0909090909090909,0.14018691588785,0.0983894161050124,40,200,50,0,"1+2",FALSE,917,1497,0.928359264532339,0.962720300723234,NA,"Rewiring, balanced (Ghost Shift)"
"PT","occurrence",250,"all_gulf","all_gulf","_1","species","Area",0.626828761820673,0.608965430469846,0.645565321054856,0.603204901518819,0.626828761820673,0.608965430469846,0.645565321054856,0.603204901518819,4.44089209850063e-18,0,1.11022302462516e-16,6.66133814775094e-18,0.451743017270658,0.434921931083614,0.47016677133638,0.417027528871677,0.59115209859655,0.554398047508669,0.626258879714442,0.586012999500902,0.569545623586608,0.524370932556784,0.614700053560907,0.571093203102461,0.0216064750099419,0.00868634025245895,0.0374593643272073,0.014919796398441,0.403353795605581,0.375628893586883,0.427601590006979,0.376205177960962,0.597821687513521,0.563688194772403,0.628372254853053,0.587735818777236,0.597821687513521,0.563688194772403,0.628372254853053,0.587735818777236,0.0356766632241232,0.0117492713834769,0.0647594780173623,0.0171919020179173,0.0483892216650773,0.0308499133829441,0.068187896023811,0.0408223509107153,0.0857329038609552,0.0642201834862385,0.115384615384615,0.0723726348736257,40,200,50,0,"1+2",FALSE,917,1497,0.943083876495237,0.963450227003782,NA,"Rewiring, balanced (Ghost Shift)"
"PT","occurrence",270,"all_gulf","all_gulf","_1","species","Area",0.623290436718193,0.608432306232916,0.639641140393273,0.600797264362409,0.623290436718193,0.608432306232916,0.639641140393273,0.600797264362409,2.22044604925031e-18,0,0,1.11022302462516e-17,0.441117149681144,0.42492473083961,0.460268079319329,0.403853486408858,0.5871275616646,0.550387925408805,0.621669388504509,0.58593890930576,0.5654919549386,0.523527406923465,0.611792835893868,0.569998070978551,0.0216356067259999,0.00910763830770121,0.0351617379128925,0.0159408383272085,0.399516060786701,0.374366025414271,0.424767685201249,0.371839312085748,0.594200337562352,0.562819322799018,0.625014016309753,0.587394637108975,0.594200337562352,0.562819322799018,0.625014016309753,0.587394637108975,0.0361628750535934,0.0092575807721552,0.0619255808098305,0.0148583550566496,0.0416010888944427,0.0233989874571333,0.0611039119044557,0.0320141743231094,0.0701633028758722,0.0476190476190476,0.0911363636363637,0.0573705763111817,40,200,50,0,"1+2",FALSE,917,1497,0.941980699649426,0.963150074807152,NA,"Rewiring, balanced (Ghost Shift)"
"PT","occurrence",290,"all_gulf","all_gulf","_1","species","Area",0.623401896566336,0.607563269145906,0.637072575390023,0.600820868005701,0.623401896566336,0.607563269145906,0.637072575390023,0.600820868005701,8.88178419700125e-18,0,1.11022302462516e-16,4.44089209850063e-18,0.441798848130399,0.42141529458373,0.462928321666651,0.404115130564309,0.588108271317442,0.552136495664727,0.621618805333075,0.585236950405525,0.566653493973164,0.527088591974757,0.610664592638949,0.568437629131327,0.0214547773442781,0.0100976622302561,0.0352564452660044,0.016799321274198,0.400250063134687,0.368400106634169,0.422427677967739,0.370378872819327,0.594800020843056,0.560341578927388,0.623545696448948,0.586488183049505,0.594800020843056,0.560341578927388,0.623545696448948,0.586488183049505,0.0352936252488936,0.00998421801263612,0.0647569297393853,0.0155839176001766,0.0415487849957113,0.0231139326413628,0.0654451665160915,0.0337362577449819,0.0698851189976729,0.0476190476190476,0.1,0.0575535486786201,40,200,50,0,"1+2",FALSE,917,1497,0.943385438120594,0.963519000852995,NA,"Rewiring, balanced (Ghost Shift)"
"PT","occurrence",310,"all_gulf","all_gulf","_1","species","Area",0.615843659526322,0.599596242461989,0.631913321207202,0.592860461729616,0.615843659526322,0.599596242461989,0.631913321207202,0.592860461729616,4.9960036108132e-18,0,1.11022302462516e-16,8.88178419700125e-18,0.406776479255055,0.388016337085335,0.423108304233435,0.372531874928159,0.593833616539093,0.555582920289211,0.624583410875867,0.588894804170135,0.572446177984136,0.515494020719397,0.622896438688659,0.584915777933543,0.0213874385549567,0.000103681840400113,0.0494239329692167,0.00397902623659181,0.385787595411568,0.35690977443609,0.413150942424555,0.360586964002188,0.597402728155214,0.563211366977976,0.624713435928813,0.588728866120494,0.597376281524305,0.563211366977976,0.624713435928813,0.588728866120494,0.0220100429872292,0.000164005668777636,0.0502694439867694,0.00396565755948164,0.0209888838434864,0.0030308190251925,0.0419616549747154,0.0119449109259707,0.0565899863659371,0.0315789473684211,0.0786516853932584,0.0413160999242459,40,200,50,0,"1+2",FALSE,917,1497,0.96426034002825,0.96398412289354,NA,"Rewiring, balanced (Ghost Shift)"
"PT","occurrence",330,"all_gulf","all_gulf","_1","species","Area",0.603891625854122,0.584867900584737,0.62159005844367,0.579822283105377,0.603891625854122,0.584867900584737,0.62159005844367,0.579822283105377,2.22044604925031e-18,0,0,8.88178419700125e-18,0.3912669772162,0.373103188304451,0.408806375015307,0.355976972326057,0.580983071494531,0.548390694627647,0.61716496948482,0.579060026376119,0.55485573660668,0.502339161227289,0.61393683997702,0.578444121964309,0.026127334887851,3.72976403589853e-05,0.0506492252783203,0.00061590441180996,0.37372441496599,0.349651410315607,0.398605271540054,0.349243417736805,0.58561356785327,0.55777843948854,0.616712409385345,0.579043215197868,0.58561356785327,0.55777843948854,0.616712409385345,0.579043215197868,0.0229085543595912,0.000176704224686866,0.0446060959884761,0.000762256729258859,0.0175425622502099,0.00310294859607225,0.0364092167729543,0.00673355458925129,0.055019901274753,0.032967032967033,0.0804597701149425,0.0382621174081848,40,200,50,0,"1+2",FALSE,917,1497,0.962065123312167,0.955029094357878,NA,"Rewiring, balanced (Ghost Shift)"
"PT","occurrence",350,"all_gulf","all_gulf","_1","species","Area",0.604497663825733,0.587749753844585,0.620963745424216,0.581445314947247,0.604497663825733,0.587749753844585,0.620963745424216,0.581445314947247,3.88578058618805e-18,0,1.11022302462516e-16,1.33226762955019e-17,0.390249985611897,0.372719042578758,0.408186456400742,0.357272211024417,0.581526807146398,0.547177064127449,0.620306747720126,0.580866775414295,0.555396414354721,0.495989562944015,0.617650580064402,0.580422235297097,0.0261303927916765,4.33023707814867e-05,0.0507181409483932,0.000444540117197256,0.373037223694653,0.347333167009997,0.394567231242031,0.351306112222033,0.58628329163872,0.556436644202575,0.620492676811265,0.580843958661029,0.58628329163872,0.556436644202575,0.620492676811265,0.580843958661029,0.0229708566793358,0.000164176883036843,0.043989658669802,0.000578539532952147,0.017212761917244,0.00309626142396782,0.034491605492429,0.00596609880238394,0.053230617023056,0.032967032967033,0.0804597701149425,0.0366501214141664,40,200,50,0,"1+2",FALSE,917,1497,0.962000090233669,0.955065884374444,NA,"Rewiring, balanced (Ghost Shift)"
"PT","occurrence",370,"all_gulf","all_gulf","_1","species","Area",0.599193653578221,0.584482198794145,0.61439549579802,0.574471628561042,0.599193653578221,0.584482198794145,0.61439549579802,0.574471628561042,2.22044604925031e-18,0,0,2.22044604925031e-18,0.386700255908518,0.368723481511147,0.40462851716818,0.35274804234542,0.578517138660473,0.542647262119132,0.611680727593377,0.573640188378306,0.555247446826444,0.49536976942035,0.61126402011001,0.57290572213758,0.0232696918340292,4.23072648351341e-05,0.0511909327790033,0.000734466240726304,0.369990627680717,0.344403375592194,0.394156254124687,0.346717984348111,0.582587680600839,0.551084800618963,0.611717112006601,0.5734201524629,0.582587680600839,0.551084800618963,0.611717112006601,0.5734201524629,0.0206765149177481,0.000115924301409301,0.0460138090213457,0.000831440182735734,0.0167096282278014,0.00270865734137256,0.0356031818204067,0.00603005799730898,0.0477907873579986,0.0227272727272727,0.0714285714285714,0.0288621890397918,40,200,50,0,"1+2",FALSE,917,1497,0.965492767164215,0.95977700524498,NA,"Rewiring, balanced (Ghost Shift)"
"PT","occurrence",390,"all_gulf","all_gulf","_1","species","Area",0.599459428958014,0.582502811807596,0.615808181944959,0.575703747329263,0.599459428958014,0.582502811807596,0.615808181944959,0.575703747329263,7.7715611723761e-18,0,1.11022302462516e-16,1.33226762955019e-17,0.383642942965378,0.367367273359009,0.399738334525082,0.348195837023531,0.578028249651714,0.541987922653339,0.611732968826706,0.575065978808227,0.553708537594456,0.492114740288944,0.611278377261827,0.574422355544028,0.0243197120572577,5.47419979640917e-05,0.0521593625295553,0.000643623264198876,0.367996153901874,0.342061770019517,0.393438798079517,0.343468146328385,0.582535096718186,0.550472150756996,0.611468399294931,0.574908686752105,0.582535096718186,0.550472150756996,0.611468399294931,0.574908686752105,0.0214311793062995,5.4727209526359e-05,0.0460070269870126,0.000637768521035647,0.0156467890635037,0.00179233800577102,0.036292178482876,0.00472769069514659,0.0351996676822904,0.0117647058823529,0.0617283950617284,0.0185330228476933,40,200,50,0,"1+2",FALSE,917,1497,0.964249158039683,0.957926429941943,NA,"Rewiring, balanced (Ghost Shift)"
"PT","occurrence",410,"all_gulf","all_gulf","_1","species","Area",0.599097207487901,0.579278729271946,0.61703874928095,0.575217594404356,0.599097207487901,0.579278729271946,0.61703874928095,0.575217594404356,6.10622663543836e-18,0,1.11022302462516e-16,2.22044604925031e-18,0.38155623133164,0.36335666023166,0.398368660921305,0.349391859337724,0.580672075052398,0.5402456798908,0.61119611000665,0.57445204681344,0.559922443584947,0.494137893551679,0.609479748151708,0.573673909596083,0.0207496314674505,4.51439719871383e-05,0.0522929050502118,0.000778137217357411,0.366673665645454,0.341556965779017,0.392015264843335,0.344918848046695,0.584325145467062,0.550869463295269,0.611792685461895,0.57422516565217,0.584325145467062,0.550869463295269,0.611792685461895,0.57422516565217,0.0184251324355032,4.51332561647949e-05,0.0459297991376734,0.000765547590915907,0.0148825656861858,0.00138362015420441,0.0377037640955518,0.00447301129102915,0.0371904562104151,0.0123456790123457,0.0649350649350649,0.0174266291608064,40,200,50,0,"1+2",FALSE,917,1497,0.969245170557943,0.964266179899252,NA,"Rewiring, balanced (Ghost Shift)"
"PT","occurrence",430,"all_gulf","all_gulf","_1","species","Area",0.59822366557799,0.582362065690127,0.614037896275388,0.574940773816016,0.59822366557799,0.582362065690127,0.614037896275388,0.574940773816016,6.66133814775094e-18,0,1.11022302462516e-16,2.22044604925031e-18,0.38045963761947,0.362338956745174,0.397169820003797,0.346384636959275,0.577073494140089,0.543148690335552,0.609640282181716,0.57468698013929,0.552679662867835,0.493502336770228,0.609522696507983,0.57443042409684,0.0243938312722545,0,0.0522139019072284,0.000256556042449827,0.366237985833398,0.337903304586314,0.391714874007256,0.344882702175853,0.581482629087203,0.552308851370086,0.609647697075333,0.574671261482062,0.581482629087203,0.552308851370086,0.609647697075333,0.574671261482062,0.021150171437901,0,0.0454711257194742,0.000253793676726317,0.0142216517860718,0,0.0334501832631249,0.00150193478342138,0.0258747872158931,0,0.0526315789473684,0.00531645569620253,40,200,50,0,"1+2",FALSE,917,1497,0.9646450438943,0.957728380319037,NA,"Rewiring, balanced (Ghost Shift)"
"PT","occurrence",450,"all_gulf","all_gulf","_1","species","Area",0.59896826969458,0.577866601312213,0.61591317774587,0.576820124234288,0.59896826969458,0.577866601312213,0.61591317774587,0.576820124234288,3.88578058618805e-18,0,1.11022302462516e-16,0,0.380632703878651,0.36452130226782,0.398050661985803,0.346041104851183,0.578521734440639,0.537726092618565,0.609943233568204,0.576348910405211,0.554840428878428,0.489376805904688,0.608619927903593,0.57587129760452,0.0236813055622109,0,0.0526971860560472,0.000477612800691303,0.367252231661276,0.342156227983396,0.393822386951791,0.34389069494583,0.582616551288512,0.548187323476388,0.609945121717397,0.576283895332638,0.582616551288512,0.548187323476388,0.609945121717397,0.576283895332638,0.0204465352539409,0,0.0444233854773313,0.000471213829077026,0.0133804722173751,0,0.0295117673771422,0.00215040990535346,0.0242792985384591,0,0.0526315789473684,0.00634209672184356,40,200,50,0,"1+2",FALSE,917,1497,0.965863742223997,0.959065832530721,NA,"Rewiring, balanced (Ghost Shift)"
"PT","occurrence",470,"all_gulf","all_gulf","_1","species","Area",0.598048234840344,0.580557311437806,0.61259382337127,0.575266771738048,0.598048234840344,0.580557311437806,0.61259382337127,0.575266771738048,3.33066907387547e-18,0,1.11022302462516e-16,4.44089209850063e-18,0.380201512630964,0.363745307891679,0.397580248906734,0.346923728739337,0.577004892216703,0.541404977970878,0.610131055132507,0.574901827794045,0.552701215660666,0.491210437392294,0.610020004098679,0.574531726009535,0.0243036765560379,0,0.0520466715854397,0.000370101784510155,0.366143848096389,0.342621501835682,0.391910049267393,0.345367235144411,0.581418783492832,0.549610731401516,0.610168596249642,0.574832327374601,0.581418783492832,0.549610731401516,0.610168596249642,0.574832327374601,0.0210433426236409,0,0.0445074225959092,0.000364943944003391,0.014057664534575,0,0.0299580707256421,0.00155649359492643,0.0248528527878961,0,0.0526315789473684,0.00405712431028887,40,200,50,0,"1+2",FALSE,917,1497,0.96481330200856,0.957879600530475,NA,"Rewiring, balanced (Ghost Shift)"
"PT","occurrence",490,"all_gulf","all_gulf","_1","species","Area",0.597966795077036,0.582042732929891,0.613649875263947,0.574304577440087,0.597966795077036,0.582042732929891,0.613649875263947,0.574304577440087,2.22044604925031e-18,0,0,8.88178419700125e-18,0.384398847069763,0.3644560775031,0.403681113813332,0.348095692294425,0.576797544084385,0.539974781266707,0.61032930739085,0.57392853039474,0.552433571361217,0.494193376930815,0.610299429825821,0.573544883398205,0.024363972723168,0,0.0528390805144691,0.000383646996535116,0.370510736749504,0.34343678503549,0.394025527687636,0.346341754177429,0.581342855382489,0.548520244225851,0.610333091885155,0.573897909919153,0.581342855382489,0.548520244225851,0.610333091885155,0.573897909919153,0.0211692509926511,0,0.0451398011095361,0.000376047045347416,0.0138881103202591,0,0.0311908018909733,0.00175393811699677,0.025215028610198,0,0.0540540540540541,0.00625427204374573,40,200,50,0,"1+2",FALSE,917,1497,0.964597948971525,0.957759922917419,NA,"Rewiring, balanced (Ghost Shift)"
"PT","occurrence",510,"all_gulf","all_gulf","_1","species","Area",0.597726913891068,0.581684092433942,0.615603261706379,0.574677720805583,0.597726913891068,0.581684092433942,0.615603261706379,0.574677720805583,4.9960036108132e-18,0,1.11022302462516e-16,6.66133814775094e-18,0.382028098590286,0.361509433962264,0.400315815059812,0.3472562537122,0.579579257162123,0.541141684474659,0.612874055182638,0.57417595570246,0.558735941345008,0.493154205794876,0.612174804895047,0.573667578126001,0.0208433158171155,0,0.0520965796891134,0.000508377576458554,0.369112530321784,0.339172496204329,0.393525853678956,0.344903915872565,0.58364658453024,0.550558286800657,0.613187016231023,0.57411245060557,0.58364658453024,0.550558286800657,0.613187016231023,0.57411245060557,0.0181476567289453,0,0.0445857024667903,0.000501765103122696,0.0129155682685018,0,0.0342145625349853,0.00235233783963454,0.0245754859026669,0,0.0540540540540541,0.0062406015037594,40,200,50,0,"1+2",FALSE,917,1497,0.969638883063156,0.964037160475388,NA,"Rewiring, balanced (Ghost Shift)"
"PT","occurrence",530,"all_gulf","all_gulf","_1","species","Area",0.594791988678112,0.578122319406418,0.611107169342571,0.571744504803279,0.594791988678112,0.578122319406418,0.611107169342571,0.571744504803279,4.44089209850063e-18,0,1.11022302462516e-16,0,0.378367739295055,0.358690699185749,0.396883031542056,0.343807173430377,0.574934244054542,0.540261970031041,0.608151558279061,0.571411659593077,0.55212407949542,0.492682441234279,0.607414876187526,0.57107333874348,0.0228101645591227,0,0.0513357480983151,0.000338320849597311,0.364775903343738,0.337680644975664,0.389386468622678,0.342257459036375,0.578851831529005,0.548088375660691,0.608151558279061,0.571343740572921,0.578851831529005,0.548088375660691,0.608151558279061,0.571343740572921,0.0198577446235696,0,0.0452918300101893,0.000332845210201691,0.0135918359513165,0,0.0361504918265445,0.00154971439400132,0.0248939654877722,0,0.0555555555555556,0.00536216216216216,40,200,50,0,"1+2",FALSE,917,1497,0.96661396756923,0.960325611502524,NA,"Rewiring, balanced (Ghost Shift)"
"PT","occurrence",550,"all_gulf","all_gulf","_1","species","Area",0.59158933740233,0.574494789275953,0.607423042956601,0.567587667322573,0.59158933740233,0.574494789275953,0.607423042956601,0.567587667322573,6.10622663543836e-18,0,1.11022302462516e-16,0,0.368568080685638,0.353595182250396,0.385250702801451,0.335143434952002,0.571895498408194,0.537766787833119,0.603975287890195,0.567295979380143,0.549214029328695,0.488352987893633,0.603883005394593,0.567000941937374,0.0226814690794988,0,0.0521873976390056,0.000295037442768764,0.354294908805834,0.326036743556483,0.380624524892142,0.333447562991043,0.575360700097644,0.544515804727469,0.603982382342988,0.567288125312174,0.575360700097644,0.544515804727469,0.603982382342988,0.567288125312174,0.0196938389941362,0,0.0450950173915974,0.000291687942430841,0.0142731718798045,0,0.0341436999989924,0.00169587196095918,0.0277634506508456,0,0.0588235294117647,0.00620523138832998,40,200,50,0,"1+2",FALSE,917,1497,0.966710287442617,0.960339836311651,NA,"Rewiring, balanced (Ghost Shift)"
"PT","occurrence",570,"all_gulf","all_gulf","_1","species","Area",0.59151165714005,0.5771534107718,0.609600345798316,0.567500150487202,0.59151165714005,0.5771534107718,0.609600345798316,0.567500150487202,2.22044604925031e-18,0,0,4.44089209850063e-18,0.369512153297632,0.353990493379412,0.38636653405114,0.33623221235219,0.569121816703739,0.535611125055675,0.603863549203964,0.566628681980878,0.543240254351103,0.486208266612678,0.603788614714217,0.565742855937702,0.0258815623526358,0,0.0530983417495604,0.000885826043175866,0.354420404195258,0.32987851900904,0.377706495589415,0.332791723786383,0.573350013924981,0.54431785229733,0.603853013275288,0.56651569629094,0.573350013924981,0.54431785229733,0.603853013275288,0.56651569629094,0.0223898404363113,0,0.0458194952843796,0.000871468506323385,0.0150917491023741,0,0.036436047282048,0.00344048856580752,0.027548617275282,0,0.0588235294117647,0.0084989939637827,40,200,50,0,"1+2",FALSE,917,1497,0.962148099422815,0.954523686154684,NA,"Rewiring, balanced (Ghost Shift)"
"PT","occurrence",590,"all_gulf","all_gulf","_1","species","Area",0.590602142102014,0.572074741042339,0.609459878091618,0.567517984097799,0.590602142102014,0.572074741042339,0.609459878091618,0.567517984097799,6.10622663543836e-18,0,1.11022302462516e-16,4.44089209850063e-18,0.364497917678394,0.347341955862893,0.38351387631505,0.331011180145632,0.569510375967547,0.53793476825957,0.603430389928158,0.567085904598025,0.544971054929445,0.488849294269251,0.603412793944496,0.566645226828084,0.0245393210381024,0,0.0525296071735555,0.000440677769940245,0.350741461394405,0.327816938019415,0.373887085193394,0.328856893251324,0.57350946179439,0.547691680357058,0.603431992719321,0.567054078729478,0.57350946179439,0.547691680357058,0.603431992719321,0.567054078729478,0.0210917661344668,0,0.0439657862380799,0.000432079499773941,0.0137564562839889,0,0.0316373207315474,0.0021542868943081,0.0251765671757465,0,0.0606060606060606,0.00759628965148681,40,200,50,0,"1+2",FALSE,917,1497,0.964287691102171,0.956911547052304,NA,"Rewiring, balanced (Ghost Shift)"
"PT","occurrence",610,"all_gulf","all_gulf","_1","species","Area",0.590906017378184,0.573208345241852,0.60964983663416,0.565811491432638,0.590906017378184,0.573208345241852,0.60964983663416,0.565811491432638,4.44089209850063e-18,0,1.11022302462516e-16,2.22044604925031e-18,0.36499745638725,0.345062941378744,0.382622255701854,0.330552644354406,0.571109664952371,0.539224515597778,0.606880245327797,0.565185199890167,0.548499048061531,0.492412645396304,0.604587782430405,0.564550403330046,0.0226106168908395,0,0.0515503698368685,0.000634796560121291,0.351331648128549,0.321488933354108,0.375950883556968,0.327515525306255,0.574714411477345,0.544622908639776,0.606812968491968,0.565124309429858,0.574714411477345,0.544622908639776,0.606812968491968,0.565124309429858,0.0197963524258129,0,0.0455868754929683,0.000626291542470181,0.0136658082587012,0,0.0339735448143864,0.00303711904815113,0.0253050347941939,0,0.0606060606060606,0.0078772378516624,40,200,50,0,"1+2",FALSE,917,1497,0.966498306255793,0.960409325426623,NA,"Rewiring, balanced (Ghost Shift)"
"PT","occurrence",630,"all_gulf","all_gulf","_1","species","Area",0.58928678499258,0.574108828748792,0.606032103270084,0.565044632880078,0.58928678499258,0.574108828748792,0.606032103270084,0.565044632880078,3.88578058618805e-18,0,1.11022302462516e-16,4.44089209850063e-18,0.364174180525929,0.34611581920904,0.380101294946729,0.330057115822817,0.568876532041357,0.531996394654515,0.603237481812142,0.564808693066211,0.545558661288842,0.481404238694758,0.602530851846634,0.56457005059638,0.0233178707525144,0,0.0526504049720433,0.000238642469830745,0.349797420458171,0.319479617604618,0.376026614099653,0.328629754167537,0.572443765382512,0.540216111951943,0.603255258725346,0.564772572186422,0.572443765382512,0.540216111951943,0.603255258725346,0.564772572186422,0.0204102529512233,0,0.0470645953057827,0.000235939813866519,0.0143767600677577,0,0.0395178727198377,0.00142736165528081,0.0273369477744478,0,0.0625,0.00478516508367255,40,200,50,0,"1+2",FALSE,917,1497,0.965364482165538,0.959010664987637,NA,"Rewiring, balanced (Ghost Shift)"
"PT","occurrence",650,"all_gulf","all_gulf","_1","species","Area",0.587696768434913,0.571963218717635,0.603947687862858,0.564716104188564,0.587696768434913,0.571963218717635,0.603947687862858,0.564716104188564,5.55111512312578e-18,0,1.11022302462516e-16,4.44089209850063e-18,0.363483015162088,0.348172250999934,0.382666950820228,0.330024273879333,0.568584728867563,0.530911868624241,0.599296188963109,0.56453742515187,0.546792488225221,0.479365134566729,0.599092060805193,0.564356762324896,0.0217922406423419,0,0.0535899506736349,0.000180662826974431,0.35016399130504,0.323960441486365,0.373217886681371,0.328813667816233,0.571889351077499,0.53984389949294,0.599269920460862,0.564536449317143,0.571889351077499,0.53984389949294,0.599269920460862,0.564536449317143,0.0191120395673497,0,0.0456146959067462,0.000178679036693878,0.0133190238570476,0,0.0333758181024024,0.00121060606309969,0.0247630841380841,0,0.0461538461538462,0.00568068747173225,40,200,50,0,"1+2",FALSE,917,1497,0.967479760662549,0.961672835136207,NA,"Rewiring, balanced (Ghost Shift)"
"PT","occurrence",670,"all_gulf","all_gulf","_1","species","Area",0.588719500380996,0.571222281705314,0.605075707685671,0.56344090005949,0.588719500380996,0.571222281705314,0.605075707685671,0.56344090005949,4.44089209850063e-18,0,1.11022302462516e-16,4.44089209850063e-18,0.358367674882525,0.340583971463534,0.377947957839262,0.322161296621448,0.566774346068848,0.531223850382555,0.603442013063505,0.563156114534095,0.541277097044933,0.481330414622488,0.602709780759755,0.562867901391375,0.0254972490239151,0,0.0521880370136527,0.000288213142720444,0.34322308013786,0.315991237677985,0.371134174467508,0.320552812673826,0.570431548610185,0.538807558362159,0.603442108550549,0.563145267373525,0.570431548610185,0.538807558362159,0.603442108550549,0.563145267373525,0.0219451543121486,0,0.0455839890183074,0.000284785525394622,0.0151445947446657,0,0.0336717515293625,0.00160848394762198,0.0277320031458054,0,0.0645161290322581,0.00554807692307692,40,200,50,0,"1+2",FALSE,917,1497,0.96272392149751,0.955013403128133,NA,"Rewiring, balanced (Ghost Shift)"
"PT","occurrence",690,"all_gulf","all_gulf","_1","species","Area",0.586935946979394,0.571184568765583,0.602110715347466,0.563645301905231,0.586935946979394,0.571184568765583,0.602110715347466,0.563645301905231,3.33066907387547e-18,0,1.11022302462516e-16,4.44089209850063e-18,0.359108428273429,0.343080659852242,0.379290133720727,0.3233743312856,0.564287970089022,0.528544091367101,0.59934132458809,0.562951576381084,0.538188040326993,0.479623352358174,0.598260340926289,0.562249484208586,0.0260999297620294,0,0.0530887363173739,0.000702092172498043,0.34359368723728,0.315522569444444,0.370436830611249,0.319419699870637,0.568119099322684,0.537055044415267,0.599344717082654,0.562961880844995,0.568119099322684,0.537055044415267,0.599344717082654,0.562961880844995,0.0226479768903714,0,0.0471667059652711,0.000693725524147046,0.0155147410361484,0,0.0395734765960555,0.00395463141496269,0.0277633429775319,0,0.0645161290322581,0.0114519230769231,40,200,50,0,"1+2",FALSE,917,1497,0.961413205296205,0.953747144817013,NA,"Rewiring, balanced (Ghost Shift)"
"PT","occurrence",710,"all_gulf","all_gulf","_1","species","Area",0.584664474190633,0.568549995979393,0.600119190449365,0.560960994471976,0.584664474190633,0.568549995979393,0.600119190449365,0.560960994471976,4.44089209850063e-18,0,1.11022302462516e-16,0,0.356296097238124,0.33386323848439,0.374048397985148,0.321654862587476,0.563245594284984,0.528455612380307,0.596780673954219,0.560481689877257,0.538183055079823,0.479193058830581,0.595712514553964,0.559994786224143,0.0250625392051611,0,0.0526767938247172,0.00048690365311427,0.341537939488602,0.318053426488023,0.367460884609598,0.319510985611755,0.567139882228716,0.53930847735906,0.596804303048776,0.560424772016533,0.567139882228716,0.53930847735906,0.596804303048776,0.560424772016533,0.021418879905649,0,0.0460145027228316,0.000479304594718721,0.0147581577495227,0,0.0336777444423937,0.00214387697572156,0.0277421159544375,0,0.0491803278688525,0.00635944700460829,40,200,50,0,"1+2",FALSE,917,1497,0.963365518427813,0.955503355091527,NA,"Rewiring, balanced (Ghost Shift)"
"PT","occurrence",730,"all_gulf","all_gulf","_1","species","Area",0.584772967948349,0.565145250285314,0.602274287348477,0.560722428202538,0.584772967948349,0.565145250285314,0.602274287348477,0.560722428202538,2.77555756156289e-18,0,2.77555756156352e-18,0,0.355833459104508,0.336664246429796,0.3736039725793,0.320117453456033,0.56408116118081,0.524621255986359,0.59624924910087,0.560500440021323,0.540253557126046,0.475842697218415,0.596045112113964,0.560274861175584,0.0238276040547641,0,0.0536935202184037,0.000225578845739394,0.341481476736394,0.314205320440957,0.372714130747929,0.318899180020237,0.567726069739894,0.532796218816364,0.596239482713611,0.56046691000389,0.567726069739894,0.532796218816364,0.596239482713611,0.56046691000389,0.0206918067675396,0,0.0457511953136952,0.000221988181215356,0.0143519823681141,0,0.0344694044694045,0.00121827343579551,0.027192969202488,0,0.0496174863387979,0.00543829165722344,40,200,50,0,"1+2",FALSE,917,1497,0.964615657867812,0.957758553742718,NA,"Rewiring, balanced (Ghost Shift)"
"PT","occurrence",750,"all_gulf","all_gulf","_1","species","Area",0.585656001872987,0.569633579873198,0.601086094871048,0.561280371137703,0.585656001872987,0.569633579873198,0.601086094871048,0.561280371137703,3.33066907387547e-18,0,1.11022302462516e-16,0,0.356636817525619,0.340127226463104,0.374295670935758,0.319670986084797,0.563595187874607,0.530285090862672,0.598093658451772,0.561152494334981,0.538275503249957,0.481382315922333,0.596902824764791,0.561023275460127,0.0253196846246499,0,0.0538332570318277,0.000129218874853669,0.340844968036701,0.312154134969669,0.367005135506548,0.318656097180995,0.567417439249054,0.538669856380409,0.59800819584314,0.561147815365898,0.567417439249054,0.538669856380409,0.59800819584314,0.561147815365898,0.0220608139983802,0,0.0469520343889739,0.000127876802722771,0.0157918494889182,0,0.0359060447987626,0.00101488890380222,0.0301902838402941,0,0.0666666666666667,0.00571428571428571,40,200,50,0,"1+2",FALSE,917,1497,0.962331447252606,0.955074696928954,NA,"Rewiring, balanced (Ghost Shift)"
"PT","occurrence",770,"all_gulf","all_gulf","_1","species","Area",0.585391969717772,0.568956198898122,0.603432657424415,0.561454857892561,0.585391969717772,0.568956198898122,0.603432657424415,0.561454857892561,3.33066907387547e-18,0,1.11022302462516e-16,4.44089209850063e-18,0.355670552224204,0.339421222648445,0.372705139586811,0.320906456679163,0.563534960491599,0.52774039166317,0.598765082399077,0.561264076251776,0.538180057559412,0.479084052268937,0.597952791483719,0.561071105120135,0.025354902932187,0,0.0534844658936145,0.000192971131640471,0.340413996165636,0.314154632737491,0.365560061886951,0.319518296226759,0.567595240269963,0.535111792976922,0.598093792292326,0.561252545190268,0.567595240269963,0.535111792976922,0.598093792292326,0.561252545190268,0.021857009226173,0,0.0479535805642786,0.000190781640785527,0.0152565560585674,0,0.0361305322916818,0.00138816045240393,0.0298720680646484,0,0.0666666666666667,0.00636968766001024,40,200,50,0,"1+2",FALSE,917,1497,0.962662608377237,0.955007400232865,NA,"Rewiring, balanced (Ghost Shift)"
"PT","occurrence",790,"all_gulf","all_gulf","_1","species","Area",0.584535084978686,0.565501190185442,0.603439287714221,0.561691734962364,0.584535084978686,0.565501190185442,0.603439287714221,0.561691734962364,4.44089209850063e-18,0,1.11022302462516e-16,0,0.356296456809956,0.336638450178534,0.376599084420849,0.320001622319805,0.564338920920868,0.525610930854893,0.599631183425685,0.561236824497918,0.540861969869636,0.475034945193529,0.599348337044699,0.560776456638447,0.0234769510512319,0,0.0535487407054281,0.000460367859471789,0.342127360308545,0.313288876021612,0.365221871829167,0.317510915154385,0.568211529828697,0.534996205573266,0.599488591406742,0.561174776997545,0.568211529828697,0.534996205573266,0.599488591406742,0.561174776997545,0.020196164057818,0,0.0466088096106798,0.000454910464445886,0.0141690965014116,0,0.0339273033668721,0.00249070716541963,0.0280047929624873,0,0.0496174863387979,0.00700460829493088,40,200,50,0,"1+2",FALSE,917,1497,0.965449184186174,0.958399199167544,NA,"Rewiring, balanced (Ghost Shift)"
"PT","occurrence",810,"all_gulf","all_gulf","_1","species","Area",0.583323079967343,0.567222789962701,0.600487179210802,0.55789548334992,0.583323079967343,0.567222789962701,0.600487179210802,0.55789548334992,4.44089209850063e-18,0,1.11022302462516e-16,2.22044604925031e-18,0.349092379822541,0.332197172886591,0.365024913536233,0.310341502658671,0.561973532426883,0.529731066968814,0.593436398993702,0.557503530533048,0.537202040475169,0.478585292438664,0.592528407584448,0.55710598562394,0.0247714919517136,0,0.054712920763776,0.000397544909107372,0.33372430169809,0.304634284127577,0.359332098369264,0.308256472851061,0.565903923380017,0.537931473593445,0.593059024441155,0.557459948699909,0.565903923380017,0.537931473593445,0.593059024441155,0.557459948699909,0.0213495475404598,0,0.045414422045285,0.00039195281687243,0.015368078124451,0,0.0349890289101018,0.00208502980760962,0.0288070896550379,0,0.0689655172413793,0.00787978142076503,40,200,50,0,"1+2",FALSE,917,1497,0.963400132321774,0.955920536248855,NA,"Rewiring, balanced (Ghost Shift)"
"PT","occurrence",830,"all_gulf","all_gulf","_1","species","Area",0.581994177646271,0.567167148263032,0.598953257982229,0.558753516301357,0.581994177646271,0.567167148263032,0.598953257982229,0.558753516301357,6.10622663543836e-18,0,1.11022302462516e-16,4.44089209850063e-18,0.350043394820426,0.332752790225166,0.366446819698288,0.31055377019047,0.5595045344366,0.526779657949847,0.593870673113035,0.558306189640818,0.533648546791299,0.476285764521962,0.592835123951549,0.557853400363554,0.0258559876453015,0,0.0541901943687394,0.000452789277263796,0.33366470910569,0.308846594726738,0.360131050772822,0.308186672900689,0.563640587224505,0.534697851738386,0.593622360246981,0.558290842636373,0.563640587224505,0.534697851738386,0.593622360246981,0.558290842636373,0.022489643209671,0,0.0471019657568353,0.000447326660538849,0.0163786857147367,0,0.0356260454573456,0.00236709728978085,0.0314455636244994,0,0.0689655172413793,0.00591256830601093,40,200,50,0,"1+2",FALSE,917,1497,0.961357614777824,0.953787706704938,NA,"Rewiring, balanced (Ghost Shift)"
"PT","occurrence",850,"all_gulf","all_gulf","_1","species","Area",0.581940732122566,0.563617238331487,0.598631105306028,0.557700561216136,0.581940732122566,0.563617238331487,0.598631105306028,0.557700561216136,6.10622663543836e-18,0,1.11022302462516e-16,2.22044604925031e-18,0.348804107516559,0.328703768109078,0.369875697615424,0.310021801425584,0.561618473970573,0.525089415645371,0.596742617590655,0.557300589279398,0.53824298181355,0.473613550510202,0.595859445591498,0.55689572944132,0.0233754921570232,0,0.0547293283362639,0.000404859838078411,0.334256618378422,0.304073220996484,0.358642540124851,0.307901992474913,0.565508035465328,0.532990389391702,0.596904052803382,0.557276619266013,0.565508035465328,0.532990389391702,0.596904052803382,0.557276619266013,0.0203222581519925,0,0.0457453400489906,0.000399971936737964,0.0145474891381372,0,0.0349794441823885,0.00211980895067167,0.0280836455209461,0,0.0689655172413793,0.00524590163934426,40,200,50,0,"1+2",FALSE,917,1497,0.965078474438678,0.958378341809589,NA,"Rewiring, balanced (Ghost Shift)"
"PT","occurrence",870,"all_gulf","all_gulf","_1","species","Area",0.575724588247883,0.557682262763128,0.593315732297569,0.552944809490139,0.575724588247883,0.557682262763128,0.593315732297569,0.552944809490139,1.66533453693773e-18,0,0,0,0.344645288423811,0.328619030107286,0.363474020384977,0.307824840246716,0.551045062075571,0.515524432466791,0.590954722040727,0.55254070732591,0.52262942227086,0.463239297333195,0.59094780165644,0.55213089327292,0.0284156398047106,0,0.0553578365658753,0.00040981405298959,0.32687879395638,0.29960892320148,0.355847849051885,0.305490660267971,0.55464619158406,0.522062200923146,0.590958428421096,0.552540542073577,0.55464619158406,0.522062200923146,0.590958428421096,0.552540542073577,0.0246795261723118,0,0.0480455249757101,0.000404102164229656,0.0177664944674305,0,0.0381778021491291,0.00233417997874536,0.0325152021467811,0,0.0740740740740741,0.00809523809523809,40,200,50,0,"1+2",FALSE,917,1497,0.957133103785927,0.948433183127202,NA,"Rewiring, balanced (Ghost Shift)"
"PT","occurrence",890,"all_gulf","all_gulf","_1","species","Area",0.573680389009994,0.555354246164157,0.591433379134101,0.549529280710541,0.573680389009994,0.555354246164157,0.591433379134101,0.549529280710541,3.33066907387547e-18,0,1.11022302462516e-16,0,0.340094704896314,0.324705724710878,0.364314433007549,0.305396891299492,0.551357387245075,0.516452372914304,0.588885887710572,0.549081156147323,0.525739521299089,0.463973489132419,0.58814154530378,0.548625609626186,0.0256178659459859,0,0.05544879414685,0.000455546521137298,0.322428861846987,0.293061234483265,0.355807463698425,0.303167319325622,0.554167124599226,0.521882241209562,0.588898581665103,0.549058757191717,0.554167124599226,0.521882241209562,0.588898581665103,0.549058757191717,0.0223230017649189,0,0.0475961736980486,0.000448124563218097,0.0176658430493266,0,0.0402315996787644,0.00222957197386985,0.0337260901223165,0,0.0769230769230769,0.00767676767676768,40,200,50,0,"1+2",FALSE,917,1497,0.961088086341173,0.953536732183841,NA,"Rewiring, balanced (Ghost Shift)"
"PT","occurrence",910,"all_gulf","all_gulf","_1","species","Area",0.571751663140019,0.552582386189074,0.587148316192501,0.550165984415229,0.571751663140019,0.552582386189074,0.587148316192501,0.550165984415229,1.11022302462516e-18,0,0,2.22044604925031e-18,0.332773003521199,0.31641652538357,0.353219488609688,0.297960347327756,0.550054322336577,0.513075943579351,0.582653358363596,0.549704438331099,0.525028117958161,0.46194511087367,0.581777493699372,0.549236194311357,0.0250262043784158,0,0.0541598562182579,0.00046824401974195,0.316043579712389,0.291575045675759,0.349013338894904,0.295397965053923,0.552576319328003,0.5186634327983,0.58250929060748,0.549715649987552,0.552576319328003,0.5186634327983,0.58250929060748,0.549715649987552,0.0216973408034421,0,0.0471021388280029,0.000461546084130031,0.0167294238088101,0,0.0390724218527249,0.00256238227383259,0.030293037214886,0,0.0612244897959184,0.00905098039215686,40,200,50,0,"1+2",FALSE,917,1497,0.962051110294491,0.954502303932261,NA,"Rewiring, balanced (Ghost Shift)"
"PT","occurrence",930,"all_gulf","all_gulf","_1","species","Area",0.569878171018297,0.555668819639204,0.585058116113848,0.548044464190093,0.569878171018297,0.555668819639204,0.585058116113848,0.548044464190093,4.9960036108132e-18,0,1.11022302462516e-16,6.66133814775094e-18,0.32946960131358,0.309812072479369,0.345644137415982,0.289591695839691,0.546977545729435,0.514825109522165,0.580739264760423,0.54740957164801,0.520523704398838,0.462051018212608,0.58064324771363,0.546765771799794,0.0264538413305967,0,0.0556756212471221,0.000643799848215418,0.311894850459846,0.283343669064006,0.33855018222596,0.285907581383704,0.549776732671494,0.517651870404721,0.580716136897315,0.547422201910929,0.549776732671494,0.517651870404721,0.580716136897315,0.547422201910929,0.0229006252888618,0,0.0481433230081796,0.000634892542082823,0.0175747508537348,0,0.0405693978157075,0.00368411445598683,0.0316482596738973,0,0.0638297872340425,0.0119047619047619,40,200,50,0,"1+2",FALSE,917,1497,0.959814875435672,0.951636330344569,NA,"Rewiring, balanced (Ghost Shift)"
"PT","occurrence",950,"all_gulf","all_gulf","_1","species","Area",0.556339664986451,0.540445102247498,0.576306329036157,0.534084950675922,0.556339664986451,0.540445102247498,0.576306329036157,0.534084950675922,1.66533453693773e-18,0,0,6.66133814775094e-18,0.300250850200245,0.280605534446743,0.318113528855251,0.261201883527414,0.533852204156863,0.49871444647377,0.572576502725012,0.533681227055605,0.507564522883722,0.444207001651129,0.572571121076282,0.533272589236035,0.0262876812731408,0,0.0573206702186325,0.000408637819570463,0.283199706177723,0.253482849116582,0.313731190150479,0.258564321058789,0.536267957718443,0.50249802869542,0.572580226686862,0.533715005865652,0.536267957718443,0.50249802869542,0.572580226686862,0.533715005865652,0.0224874608295888,0,0.0485208417612048,0.00040372362031706,0.0170511440225215,0,0.0403269977505982,0.00263756246862537,0.0313765312701483,0,0.0666666666666667,0.00808510638297872,40,200,50,0,"1+2",FALSE,917,1497,0.959579619709236,0.950758503817254,NA,"Rewiring, balanced (Ghost Shift)"
"PT","occurrence",970,"all_gulf","all_gulf","_1","species","Area",0.55734506125314,0.538506374716842,0.575002365485125,0.533630654924948,0.55734506125314,0.538506374716842,0.575002365485125,0.533630654924948,2.22044604925031e-18,0,0,4.44089209850063e-18,0.301193105503552,0.281157858876634,0.319573340173571,0.261036058781515,0.535461567029644,0.497358619724788,0.573121973869332,0.533256842146961,0.509804800427275,0.442446263994876,0.573114102448553,0.532878277852983,0.0256567666023681,0,0.0565515309006091,0.000378564293977701,0.284949925860068,0.259102167182663,0.310235879127885,0.258738319739681,0.537694701412549,0.502825202621803,0.573125647997839,0.533272216426272,0.537694701412549,0.502825202621803,0.573125647997839,0.533272216426272,0.0218834942234963,0,0.0481221080258256,0.000373812777987232,0.0162431796434844,0,0.0416285558049893,0.00229773904183403,0.0306077986151992,0,0.0666666666666667,0.00727104532839963,40,200,50,0,"1+2",FALSE,917,1497,0.960736183479776,0.952084765402131,NA,"Rewiring, balanced (Ghost Shift)"
"PT","occurrence",990,"all_gulf","all_gulf","_1","species","Area",0.558531639143738,0.540687511143465,0.574892186842861,0.532921561405587,0.558531639143738,0.540687511143465,0.574892186842861,0.532921561405587,2.77555756156289e-18,0,2.77555756156352e-18,4.44089209850063e-18,0.301910177105464,0.281595109308091,0.319142482932836,0.261685496503497,0.539302095691613,0.499772069188936,0.573307335465395,0.532670135495147,0.516743327637405,0.445252445921682,0.572964949314971,0.532415659755998,0.022558768054208,0,0.0563478650172546,0.000254475739149145,0.286997904184855,0.256439710645783,0.313830573285032,0.259988896703788,0.541451658041371,0.504420129372348,0.573306671924396,0.532674509618578,0.541451658041371,0.504420129372348,0.573306671924396,0.532674509618578,0.0192295434521241,0,0.047674448647781,0.000251425910439824,0.014912272920609,0,0.0402806755644164,0.00169659979970974,0.0274005830740336,0,0.0666666666666667,0.00680851063829787,40,200,50,0,"1+2",FALSE,917,1497,0.965571254868204,0.958170442439542,NA,"Rewiring, balanced (Ghost Shift)"
