"contrast","mode","x_threshold","spatial_level","unit","prey_family","node_def","match_col","node","beta_OS","beta_OS_bal","beta_OS_gra"
"PT","biomass",10,"all_gulf","all_gulf","_1","species","Area","Alewife",0.746937921737042,0.701196250046656,0.0457416716903858
"PT","biomass",10,"all_gulf","all_gulf","_1","species","Area","Alligatorfish",0.863043882080608,0.829999958766665,0.0330439233139437
"PT","biomass",10,"all_gulf","all_gulf","_1","species","Area","American plaice",0.577465134695626,0.556209850593142,0.0212552841024843
"PT","biomass",10,"all_gulf","all_gulf","_1","species","Area","Arctic alligatorfish",0.96449419311525,0.950540814522515,0.0139533785927347
"PT","biomass",10,"all_gulf","all_gulf","_1","species","Area","Arctic hookear sculpin",0.856657325490967,0.836384791432089,0.0202725340588772
"PT","biomass",10,"all_gulf","all_gulf","_1","species","Area","Arctic staghorn sculpin",0.687726444149725,0.659816678527612,0.0279097656221127
"PT","biomass",10,"all_gulf","all_gulf","_1","species","Area","Atlantic cod",0.63549324497885,0.624238877907317,0.0112543670715322
"PT","biomass",10,"all_gulf","all_gulf","_1","species","Area","Atlantic herring",0.541836948650535,0.487112145840766,0.0547248028097686
"PT","biomass",10,"all_gulf","all_gulf","_1","species","Area","Atlantic hookear sculpin",0.88955891401308,0.868341484234913,0.0212174297781667
"PT","biomass",10,"all_gulf","all_gulf","_1","species","Area","Atlantic mackerel",0.366402914433179,0.331210562949167,0.0351923514840127
"PT","biomass",10,"all_gulf","all_gulf","_1","species","Area","Atlantic poacher",0.854041608042799,0.833718345884026,0.0203232621587722
"PT","biomass",10,"all_gulf","all_gulf","_1","species","Area","Atlantic spiny lumpsucker",0.427464333424947,0.399537421565187,0.0279269118597598
"PT","biomass",10,"all_gulf","all_gulf","_1","species","Area","Capelin",0.548530962692467,0.449235535725946,0.0992954269665205
"PT","biomass",10,"all_gulf","all_gulf","_1","species","Area","Daubed shanny",0.707205687229213,0.679016899406918,0.0281887878222941
"PT","biomass",10,"all_gulf","all_gulf","_1","species","Area","Dusky snailfish",0.71561990363083,0.698605524554344,0.0170143790764862
"PT","biomass",10,"all_gulf","all_gulf","_1","species","Area","Fourbeard rockling",0.644381654886218,0.592730548052146,0.0516511068340723
"PT","biomass",10,"all_gulf","all_gulf","_1","species","Area","Fourline snakeblenny",0.484016652833457,0.445738998375113,0.038277654458344
"PT","biomass",10,"all_gulf","all_gulf","_1","species","Area","Greenland cod",0.637149045291012,0.614173438364393,0.0229756069266193
"PT","biomass",10,"all_gulf","all_gulf","_1","species","Area","Greenland halibut",0.680820242935102,0.667468307123443,0.0133519358116594
"PT","biomass",10,"all_gulf","all_gulf","_1","species","Area","Laval's eelpout",0.82083532857221,0.777215113354698,0.0436202152175115
"PT","biomass",10,"all_gulf","all_gulf","_1","species","Area","Longhorn sculpin",0.661554344544157,0.65393722359739,0.00761712094676753
"PT","biomass",10,"all_gulf","all_gulf","_1","species","Area","Marlin-spike grenadier",0.639004841428094,0.616139599262204,0.0228652421658906
"PT","biomass",10,"all_gulf","all_gulf","_1","species","Area","Moustache sculpin",0.8035345994013,0.78993185824884,0.0136027411524598
"PT","biomass",10,"all_gulf","all_gulf","_1","species","Area","Northern sand lance",0.319844674686994,0.293615000411099,0.0262296742758945
"PT","biomass",10,"all_gulf","all_gulf","_1","species","Area","Rainbow smelt",0.745350263982169,0.726464810836434,0.0188854531457349
"PT","biomass",10,"all_gulf","all_gulf","_1","species","Area","Redfish unidentified",0.63457283930391,0.619501550973151,0.0150712883307589
"PT","biomass",10,"all_gulf","all_gulf","_1","species","Area","Sea raven",0.689866650013651,0.673262427031046,0.0166042229826054
"PT","biomass",10,"all_gulf","all_gulf","_1","species","Area","Shorthorn sculpin",0.552323906457882,0.537690533564988,0.0146333728928941
"PT","biomass",10,"all_gulf","all_gulf","_1","species","Area","Smooth skate",0.802160479460251,0.787043882615081,0.0151165968451699
"PT","biomass",10,"all_gulf","all_gulf","_1","species","Area","Snakeblenny",0.513294473750637,0.482524352845045,0.0307701209055917
"PT","biomass",10,"all_gulf","all_gulf","_1","species","Area","Spatulate sculpin",0.89487710852245,0.883958175485387,0.0109189330370629
"PT","biomass",10,"all_gulf","all_gulf","_1","species","Area","Stout eelblenny",0.692681267210334,0.67653928542722,0.0161419817831135
"PT","biomass",10,"all_gulf","all_gulf","_1","species","Area","Thorny skate",0.674487797374563,0.648589740809404,0.0258980565651586
"PT","biomass",10,"all_gulf","all_gulf","_1","species","Area","Three-spined stickleback",0.302590572735879,0.266330892411972,0.0362596803239073
"PT","biomass",10,"all_gulf","all_gulf","_1","species","Area","Vahl's eelpout",0.679138779794776,0.563031826742572,0.116106953052204
"PT","biomass",10,"all_gulf","all_gulf","_1","species","Area","White hake",0.609085099099759,0.592082176704163,0.0170029223955956
"PT","biomass",10,"all_gulf","all_gulf","_1","species","Area","Windowpane flounder",0.592346904847904,0.542386100072401,0.0499608047755028
"PT","biomass",10,"all_gulf","all_gulf","_1","species","Area","Winter flounder",0.416240644296722,0.36894150407674,0.0472991402199816
"PT","biomass",10,"all_gulf","all_gulf","_1","species","Area","Witch flounder",0.388023400315911,0.349363218855524,0.0386601814603866
"PT","biomass",10,"all_gulf","all_gulf","_1","species","Area","Yellowtail flounder",0.663830766083335,0.623684145165009,0.0401466209183254
"PT","biomass",30,"all_gulf","all_gulf","_1","species","Area","Alewife",0.74781666477412,0.70535183944663,0.0424648253274902
"PT","biomass",30,"all_gulf","all_gulf","_1","species","Area","Alligatorfish",0.859812908886738,0.826431343329228,0.0333815655575093
"PT","biomass",30,"all_gulf","all_gulf","_1","species","Area","American plaice",0.578674188457919,0.564254109817436,0.0144200786404822
"PT","biomass",30,"all_gulf","all_gulf","_1","species","Area","Arctic alligatorfish",0.964999435189359,0.946791052017921,0.0182083831714382
"PT","biomass",30,"all_gulf","all_gulf","_1","species","Area","Arctic hookear sculpin",0.858013121958338,0.839561620636248,0.0184515013220906
"PT","biomass",30,"all_gulf","all_gulf","_1","species","Area","Arctic staghorn sculpin",0.6868571130023,0.660238396567325,0.026618716434975
"PT","biomass",30,"all_gulf","all_gulf","_1","species","Area","Atlantic cod",0.624086278029435,0.613569777911185,0.0105165001182506
"PT","biomass",30,"all_gulf","all_gulf","_1","species","Area","Atlantic herring",0.564386229142308,0.523115356304406,0.041270872837902
"PT","biomass",30,"all_gulf","all_gulf","_1","species","Area","Atlantic hookear sculpin",0.878923950817809,0.858504280800808,0.0204196700170007
"PT","biomass",30,"all_gulf","all_gulf","_1","species","Area","Atlantic mackerel",0.38324032154324,0.350563914098539,0.0326764074447004
"PT","biomass",30,"all_gulf","all_gulf","_1","species","Area","Atlantic poacher",0.854864820837545,0.835950389914856,0.0189144309226889
"PT","biomass",30,"all_gulf","all_gulf","_1","species","Area","Atlantic spiny lumpsucker",0.434212487663511,0.403537099310352,0.0306753883531596
"PT","biomass",30,"all_gulf","all_gulf","_1","species","Area","Capelin",0.55249962034203,0.456084241949427,0.0964153783926028
"PT","biomass",30,"all_gulf","all_gulf","_1","species","Area","Daubed shanny",0.704306035009101,0.675480653786446,0.0288253812226557
"PT","biomass",30,"all_gulf","all_gulf","_1","species","Area","Dusky snailfish",0.709912455968778,0.691936091410406,0.0179763645583713
"PT","biomass",30,"all_gulf","all_gulf","_1","species","Area","Fourbeard rockling",0.63152839689717,0.577974144139014,0.0535542527581554
"PT","biomass",30,"all_gulf","all_gulf","_1","species","Area","Fourline snakeblenny",0.504753119879442,0.472724879969758,0.0320282399096846
"PT","biomass",30,"all_gulf","all_gulf","_1","species","Area","Greenland cod",0.638452645280538,0.617179396824849,0.0212732484556893
"PT","biomass",30,"all_gulf","all_gulf","_1","species","Area","Greenland halibut",0.701312910552741,0.687627229868806,0.013685680683935
"PT","biomass",30,"all_gulf","all_gulf","_1","species","Area","Laval's eelpout",0.818606058396341,0.775903858735895,0.0427021996604464
"PT","biomass",30,"all_gulf","all_gulf","_1","species","Area","Longhorn sculpin",0.669386872587779,0.655072154374247,0.0143147182135322
"PT","biomass",30,"all_gulf","all_gulf","_1","species","Area","Marlin-spike grenadier",0.637389571121328,0.614174256474838,0.02321531464649
"PT","biomass",30,"all_gulf","all_gulf","_1","species","Area","Moustache sculpin",0.802003395524805,0.78956648290326,0.0124369126215448
"PT","biomass",30,"all_gulf","all_gulf","_1","species","Area","Northern sand lance",0.347231595083293,0.341207571029634,0.00602402405365908
"PT","biomass",30,"all_gulf","all_gulf","_1","species","Area","Rainbow smelt",0.745616397307066,0.727523527960201,0.0180928693468642
"PT","biomass",30,"all_gulf","all_gulf","_1","species","Area","Redfish unidentified",0.638210765990155,0.624736555366642,0.0134742106235137
"PT","biomass",30,"all_gulf","all_gulf","_1","species","Area","Sea raven",0.647563499509601,0.634597900705415,0.0129655988041861
"PT","biomass",30,"all_gulf","all_gulf","_1","species","Area","Shorthorn sculpin",0.554959388557096,0.543361623417758,0.0115977651393372
"PT","biomass",30,"all_gulf","all_gulf","_1","species","Area","Smooth skate",0.795469915981889,0.779542993642515,0.0159269223393734
"PT","biomass",30,"all_gulf","all_gulf","_1","species","Area","Snakeblenny",0.51313926448979,0.485492127369263,0.0276471371205273
"PT","biomass",30,"all_gulf","all_gulf","_1","species","Area","Spatulate sculpin",0.895685831278714,0.885616745438713,0.0100690858400014
"PT","biomass",30,"all_gulf","all_gulf","_1","species","Area","Stout eelblenny",0.695894092537504,0.681088010335798,0.014806082201706
"PT","biomass",30,"all_gulf","all_gulf","_1","species","Area","Thorny skate",0.671332214540523,0.644976656271561,0.0263555582689614
"PT","biomass",30,"all_gulf","all_gulf","_1","species","Area","Three-spined stickleback",0.284216720512301,0.244136093880168,0.0400806266321334
"PT","biomass",30,"all_gulf","all_gulf","_1","species","Area","Vahl's eelpout",0.700181687473694,0.604851522140385,0.0953301653333085
"PT","biomass",30,"all_gulf","all_gulf","_1","species","Area","White hake",0.610886308874175,0.597252253084959,0.0136340557892163
"PT","biomass",30,"all_gulf","all_gulf","_1","species","Area","Windowpane flounder",0.600505131547503,0.550308482080511,0.0501966494669924
"PT","biomass",30,"all_gulf","all_gulf","_1","species","Area","Winter flounder",0.421276223126886,0.399479958410979,0.0217962647159069
"PT","biomass",30,"all_gulf","all_gulf","_1","species","Area","Witch flounder",0.40226030471636,0.362586739868379,0.0396735648479804
"PT","biomass",30,"all_gulf","all_gulf","_1","species","Area","Yellowtail flounder",0.659887909310067,0.62638685630045,0.0335010530096172
"PT","biomass",50,"all_gulf","all_gulf","_1","species","Area","Alewife",0.762523665244891,0.749366473726334,0.0131571915185561
"PT","biomass",50,"all_gulf","all_gulf","_1","species","Area","Alligatorfish",0.862551822646102,0.82165163027043,0.0409001923756716
"PT","biomass",50,"all_gulf","all_gulf","_1","species","Area","American plaice",0.580339884040239,0.568525839987722,0.0118140440525173
"PT","biomass",50,"all_gulf","all_gulf","_1","species","Area","Arctic alligatorfish",0.963579982112763,0.947985993969538,0.0155939881432247
"PT","biomass",50,"all_gulf","all_gulf","_1","species","Area","Arctic hookear sculpin",0.856260636892474,0.833665375204642,0.0225952616878321
"PT","biomass",50,"all_gulf","all_gulf","_1","species","Area","Arctic staghorn sculpin",0.689333596517139,0.664001011903285,0.0253325846138541
"PT","biomass",50,"all_gulf","all_gulf","_1","species","Area","Atlantic cod",0.624516860918717,0.612031935898012,0.012484925020706
"PT","biomass",50,"all_gulf","all_gulf","_1","species","Area","Atlantic herring",0.559632451319907,0.527595658615452,0.0320367927044558
"PT","biomass",50,"all_gulf","all_gulf","_1","species","Area","Atlantic hookear sculpin",0.890307985269229,0.872706447295481,0.0176015379737476
"PT","biomass",50,"all_gulf","all_gulf","_1","species","Area","Atlantic mackerel",0.395438315246282,0.386345277179616,0.00909303806666603
"PT","biomass",50,"all_gulf","all_gulf","_1","species","Area","Atlantic poacher",0.856491868626478,0.836990917278244,0.0195009513482339
"PT","biomass",50,"all_gulf","all_gulf","_1","species","Area","Atlantic spiny lumpsucker",0.435670491968083,0.411438423826112,0.024232068141971
"PT","biomass",50,"all_gulf","all_gulf","_1","species","Area","Capelin",0.554321301718306,0.464640292578045,0.0896810091402612
"PT","biomass",50,"all_gulf","all_gulf","_1","species","Area","Daubed shanny",0.701690367299446,0.674642471670135,0.0270478956293112
"PT","biomass",50,"all_gulf","all_gulf","_1","species","Area","Dusky snailfish",0.713060287387421,0.701301796942959,0.0117584904444628
"PT","biomass",50,"all_gulf","all_gulf","_1","species","Area","Fourbeard rockling",0.626374621738344,0.556038721426376,0.0703359003119675
"PT","biomass",50,"all_gulf","all_gulf","_1","species","Area","Fourline snakeblenny",0.486785872006496,0.451932095289964,0.0348537767165325
"PT","biomass",50,"all_gulf","all_gulf","_1","species","Area","Greenland cod",0.63940814726397,0.613199944463165,0.0262082028008052
"PT","biomass",50,"all_gulf","all_gulf","_1","species","Area","Greenland halibut",0.645426961854416,0.632065969608257,0.0133609922461591
"PT","biomass",50,"all_gulf","all_gulf","_1","species","Area","Laval's eelpout",0.813471499469949,0.767292062747998,0.0461794367219516
"PT","biomass",50,"all_gulf","all_gulf","_1","species","Area","Longhorn sculpin",0.662668318768546,0.649809459728958,0.0128588590395874
"PT","biomass",50,"all_gulf","all_gulf","_1","species","Area","Marlin-spike grenadier",0.64888354258518,0.627071829617783,0.0218117129673968
"PT","biomass",50,"all_gulf","all_gulf","_1","species","Area","Moustache sculpin",0.803812439392532,0.791994847588973,0.0118175918035595
"PT","biomass",50,"all_gulf","all_gulf","_1","species","Area","Northern sand lance",0.327673866351678,0.324500633442024,0.00317323290965422
"PT","biomass",50,"all_gulf","all_gulf","_1","species","Area","Rainbow smelt",0.739242076771074,0.721684408040967,0.0175576687301079
"PT","biomass",50,"all_gulf","all_gulf","_1","species","Area","Redfish unidentified",0.633047474792205,0.621147528816508,0.011899945975697
"PT","biomass",50,"all_gulf","all_gulf","_1","species","Area","Sea raven",0.582805441997705,0.550878249162433,0.031927192835272
"PT","biomass",50,"all_gulf","all_gulf","_1","species","Area","Shorthorn sculpin",0.555208768916924,0.540629447388031,0.0145793215288933
"PT","biomass",50,"all_gulf","all_gulf","_1","species","Area","Smooth skate",0.803788715036311,0.792626885518042,0.0111618295182686
"PT","biomass",50,"all_gulf","all_gulf","_1","species","Area","Snakeblenny",0.51197057540598,0.481709657739495,0.0302609176664848
"PT","biomass",50,"all_gulf","all_gulf","_1","species","Area","Spatulate sculpin",0.897839878327474,0.888728197055229,0.00911168127224497
"PT","biomass",50,"all_gulf","all_gulf","_1","species","Area","Stout eelblenny",0.692503003627924,0.676935204556237,0.0155677990716869
"PT","biomass",50,"all_gulf","all_gulf","_1","species","Area","Thorny skate",0.665352982519079,0.634953916402694,0.0303990661163851
"PT","biomass",50,"all_gulf","all_gulf","_1","species","Area","Three-spined stickleback",0.309469270941902,0.293730251439205,0.0157390195026969
"PT","biomass",50,"all_gulf","all_gulf","_1","species","Area","Vahl's eelpout",0.685941176399739,0.594921116104612,0.0910200602951262
"PT","biomass",50,"all_gulf","all_gulf","_1","species","Area","White hake",0.572244191774582,0.559028583218715,0.0132156085558661
"PT","biomass",50,"all_gulf","all_gulf","_1","species","Area","Windowpane flounder",0.573763872259386,0.569065131067603,0.0046987411917829
"PT","biomass",50,"all_gulf","all_gulf","_1","species","Area","Winter flounder",0.42238080681842,0.400252173987811,0.0221286328306086
"PT","biomass",50,"all_gulf","all_gulf","_1","species","Area","Witch flounder",0.401307417952136,0.356843559039081,0.0444638589130542
"PT","biomass",50,"all_gulf","all_gulf","_1","species","Area","Yellowtail flounder",0.65903446762081,0.629136899868655,0.0298975677521557
"PT","biomass",70,"all_gulf","all_gulf","_1","species","Area","Alewife",0.760054550059355,0.747170116270233,0.0128844337891225
"PT","biomass",70,"all_gulf","all_gulf","_1","species","Area","Alligatorfish",0.872104482982257,0.840197810982727,0.0319066719995301
"PT","biomass",70,"all_gulf","all_gulf","_1","species","Area","American plaice",0.569992742933606,0.558329458248865,0.0116632846847411
"PT","biomass",70,"all_gulf","all_gulf","_1","species","Area","Arctic alligatorfish",0.967595284225081,0.953581197145633,0.0140140870794476
"PT","biomass",70,"all_gulf","all_gulf","_1","species","Area","Arctic hookear sculpin",0.862345706677095,0.843896702835378,0.0184490038417163
"PT","biomass",70,"all_gulf","all_gulf","_1","species","Area","Arctic staghorn sculpin",0.677088809105617,0.650685530441576,0.0264032786640405
"PT","biomass",70,"all_gulf","all_gulf","_1","species","Area","Atlantic cod",0.611377024111413,0.599640878135486,0.0117361459759272
"PT","biomass",70,"all_gulf","all_gulf","_1","species","Area","Atlantic herring",0.567825529553161,0.537638269057949,0.0301872604952121
"PT","biomass",70,"all_gulf","all_gulf","_1","species","Area","Atlantic hookear sculpin",0.888792675848676,0.867595696012978,0.0211969798356985
"PT","biomass",70,"all_gulf","all_gulf","_1","species","Area","Atlantic mackerel",0.403158862442711,0.393615575423025,0.00954328701968592
"PT","biomass",70,"all_gulf","all_gulf","_1","species","Area","Atlantic poacher",0.860825954485504,0.841430361396395,0.0193955930891087
"PT","biomass",70,"all_gulf","all_gulf","_1","species","Area","Atlantic spiny lumpsucker",0.43762435603624,0.413974008933665,0.0236503471025749
"PT","biomass",70,"all_gulf","all_gulf","_1","species","Area","Capelin",0.53593487335292,0.446340781675001,0.0895940916779191
"PT","biomass",70,"all_gulf","all_gulf","_1","species","Area","Daubed shanny",0.676178854017984,0.646453181355883,0.029725672662101
"PT","biomass",70,"all_gulf","all_gulf","_1","species","Area","Dusky snailfish",0.719360722048483,0.707556134793558,0.0118045872549255
"PT","biomass",70,"all_gulf","all_gulf","_1","species","Area","Fourbeard rockling",0.635211628724994,0.577061334139811,0.0581502945851823
"PT","biomass",70,"all_gulf","all_gulf","_1","species","Area","Fourline snakeblenny",0.486742978877432,0.451955820950096,0.0347871579273357
"PT","biomass",70,"all_gulf","all_gulf","_1","species","Area","Greenland cod",0.636754204454148,0.612365682295229,0.0243885221589183
"PT","biomass",70,"all_gulf","all_gulf","_1","species","Area","Greenland halibut",0.610758647029038,0.591800128011369,0.0189585190176682
"PT","biomass",70,"all_gulf","all_gulf","_1","species","Area","Laval's eelpout",0.824731090223448,0.784501301000326,0.0402297892231215
"PT","biomass",70,"all_gulf","all_gulf","_1","species","Area","Longhorn sculpin",0.642694417435794,0.631848076056259,0.0108463413795349
"PT","biomass",70,"all_gulf","all_gulf","_1","species","Area","Marlin-spike grenadier",0.651967182866451,0.633418829643876,0.018548353222575
"PT","biomass",70,"all_gulf","all_gulf","_1","species","Area","Moustache sculpin",0.808808798875154,0.795927193311225,0.0128816055639294
"PT","biomass",70,"all_gulf","all_gulf","_1","species","Area","Northern sand lance",0.335379470174464,0.332888853422201,0.002490616752263
"PT","biomass",70,"all_gulf","all_gulf","_1","species","Area","Rainbow smelt",0.731838059021593,0.712271543918797,0.0195665151027957
"PT","biomass",70,"all_gulf","all_gulf","_1","species","Area","Redfish unidentified",0.633691531495586,0.620240870819194,0.0134506606763916
"PT","biomass",70,"all_gulf","all_gulf","_1","species","Area","Sea raven",0.592283165529597,0.575365196240029,0.0169179692895675
"PT","biomass",70,"all_gulf","all_gulf","_1","species","Area","Shorthorn sculpin",0.544425395813443,0.530507480716121,0.0139179150973223
"PT","biomass",70,"all_gulf","all_gulf","_1","species","Area","Smooth skate",0.811564012217114,0.801754097263295,0.00980991495381962
"PT","biomass",70,"all_gulf","all_gulf","_1","species","Area","Snakeblenny",0.50209904476213,0.470821954535943,0.0312770902261865
"PT","biomass",70,"all_gulf","all_gulf","_1","species","Area","Spatulate sculpin",0.893927366961777,0.884042738582767,0.00988462837900948
"PT","biomass",70,"all_gulf","all_gulf","_1","species","Area","Stout eelblenny",0.698908793884181,0.684644261462151,0.0142645324220304
"PT","biomass",70,"all_gulf","all_gulf","_1","species","Area","Thorny skate",0.670357052887679,0.643326878069466,0.0270301748182126
"PT","biomass",70,"all_gulf","all_gulf","_1","species","Area","Three-spined stickleback",0.327939193079106,0.311661039916814,0.0162781531622919
"PT","biomass",70,"all_gulf","all_gulf","_1","species","Area","Vahl's eelpout",0.715607384078506,0.607842243486315,0.107765140592191
"PT","biomass",70,"all_gulf","all_gulf","_1","species","Area","White hake",0.549707967528837,0.534668042022151,0.0150399255066859
"PT","biomass",70,"all_gulf","all_gulf","_1","species","Area","Windowpane flounder",0.585971263936008,0.581312683286189,0.00465858064981833
"PT","biomass",70,"all_gulf","all_gulf","_1","species","Area","Winter flounder",0.393706756078503,0.372440605473339,0.0212661506051638
"PT","biomass",70,"all_gulf","all_gulf","_1","species","Area","Witch flounder",0.381933148570377,0.34021136664742,0.0417217819229575
"PT","biomass",70,"all_gulf","all_gulf","_1","species","Area","Yellowtail flounder",0.651364182703213,0.616952775515764,0.0344114071874485
"PT","biomass",90,"all_gulf","all_gulf","_1","species","Area","Alewife",0.743785671364121,0.727392913898444,0.0163927574656769
"PT","biomass",90,"all_gulf","all_gulf","_1","species","Area","Alligatorfish",0.865009511184825,0.82973795894699,0.0352715522378352
"PT","biomass",90,"all_gulf","all_gulf","_1","species","Area","American plaice",0.563889248057479,0.551199835749272,0.012689412308206
"PT","biomass",90,"all_gulf","all_gulf","_1","species","Area","Arctic alligatorfish",0.961701416598361,0.946345136791006,0.0153562798073558
"PT","biomass",90,"all_gulf","all_gulf","_1","species","Area","Arctic hookear sculpin",0.874415005342286,0.858032630889277,0.0163823744530087
"PT","biomass",90,"all_gulf","all_gulf","_1","species","Area","Arctic staghorn sculpin",0.675363945171484,0.648441106108241,0.0269228390632432
"PT","biomass",90,"all_gulf","all_gulf","_1","species","Area","Atlantic cod",0.602422915662906,0.591004201649662,0.0114187140132431
"PT","biomass",90,"all_gulf","all_gulf","_1","species","Area","Atlantic herring",0.545026182923614,0.500071467838089,0.0449547150855247
"PT","biomass",90,"all_gulf","all_gulf","_1","species","Area","Atlantic hookear sculpin",0.891747322673066,0.872978218910811,0.0187691037622544
"PT","biomass",90,"all_gulf","all_gulf","_1","species","Area","Atlantic mackerel",0.402328382854375,0.394259164237553,0.00806921861682184
"PT","biomass",90,"all_gulf","all_gulf","_1","species","Area","Atlantic poacher",0.858979037295826,0.840107001892744,0.0188720354030822
"PT","biomass",90,"all_gulf","all_gulf","_1","species","Area","Atlantic spiny lumpsucker",0.439702481804302,0.416080206403673,0.0236222754006287
"PT","biomass",90,"all_gulf","all_gulf","_1","species","Area","Capelin",0.554828728997911,0.470697256218476,0.0841314727794352
"PT","biomass",90,"all_gulf","all_gulf","_1","species","Area","Daubed shanny",0.675415447259422,0.644578587144736,0.0308368601146857
"PT","biomass",90,"all_gulf","all_gulf","_1","species","Area","Dusky snailfish",0.717855459797899,0.706124340244428,0.0117311195534711
"PT","biomass",90,"all_gulf","all_gulf","_1","species","Area","Fourbeard rockling",0.629963948870485,0.57170592731675,0.0582580215537353
"PT","biomass",90,"all_gulf","all_gulf","_1","species","Area","Fourline snakeblenny",0.489771146282177,0.456353302072969,0.0334178442092077
"PT","biomass",90,"all_gulf","all_gulf","_1","species","Area","Greenland cod",0.637706704897322,0.613065161278714,0.0246415436186078
"PT","biomass",90,"all_gulf","all_gulf","_1","species","Area","Greenland halibut",0.610377399221403,0.59227759087343,0.0180998083479727
"PT","biomass",90,"all_gulf","all_gulf","_1","species","Area","Laval's eelpout",0.820524771196213,0.781341054957034,0.0391837162391794
"PT","biomass",90,"all_gulf","all_gulf","_1","species","Area","Longhorn sculpin",0.642771493952174,0.632464461705603,0.0103070322465709
"PT","biomass",90,"all_gulf","all_gulf","_1","species","Area","Marlin-spike grenadier",0.646215877103217,0.62793606599597,0.018279811107247
"PT","biomass",90,"all_gulf","all_gulf","_1","species","Area","Moustache sculpin",0.809654946072603,0.798033271579935,0.0116216744926683
"PT","biomass",90,"all_gulf","all_gulf","_1","species","Area","Northern sand lance",0.332780564923837,0.330119223552975,0.00266134137086184
"PT","biomass",90,"all_gulf","all_gulf","_1","species","Area","Rainbow smelt",0.728135769761446,0.708969695204224,0.0191660745572224
"PT","biomass",90,"all_gulf","all_gulf","_1","species","Area","Redfish unidentified",0.633686897953214,0.621311803916641,0.0123750940365726
"PT","biomass",90,"all_gulf","all_gulf","_1","species","Area","Sea raven",0.578480707895385,0.563215739951355,0.0152649679440293
"PT","biomass",90,"all_gulf","all_gulf","_1","species","Area","Shorthorn sculpin",0.548972764174473,0.534532707016507,0.0144400571579666
"PT","biomass",90,"all_gulf","all_gulf","_1","species","Area","Smooth skate",0.813439377759119,0.803969911877002,0.00946946588211669
"PT","biomass",90,"all_gulf","all_gulf","_1","species","Area","Snakeblenny",0.5038510968317,0.475346211759813,0.0285048850718869
"PT","biomass",90,"all_gulf","all_gulf","_1","species","Area","Spatulate sculpin",0.90682806238426,0.897968681405503,0.00885938097875668
"PT","biomass",90,"all_gulf","all_gulf","_1","species","Area","Stout eelblenny",0.696679122269209,0.681981243543502,0.0146978787257068
"PT","biomass",90,"all_gulf","all_gulf","_1","species","Area","Thorny skate",0.667019390218296,0.63978891505308,0.0272304751652154
"PT","biomass",90,"all_gulf","all_gulf","_1","species","Area","Three-spined stickleback",0.335934880916124,0.320689173691529,0.0152457072245952
"PT","biomass",90,"all_gulf","all_gulf","_1","species","Area","Vahl's eelpout",0.666370682166774,0.552925292897875,0.113445389268899
"PT","biomass",90,"all_gulf","all_gulf","_1","species","Area","White hake",0.541912834244702,0.528248768770983,0.0136640654737192
"PT","biomass",90,"all_gulf","all_gulf","_1","species","Area","Windowpane flounder",0.579580441187583,0.575570389517304,0.0040100516702788
"PT","biomass",90,"all_gulf","all_gulf","_1","species","Area","Winter flounder",0.38967298785875,0.369869316226692,0.0198036716320579
"PT","biomass",90,"all_gulf","all_gulf","_1","species","Area","Witch flounder",0.374341233423297,0.331474774566634,0.042866458856663
"PT","biomass",90,"all_gulf","all_gulf","_1","species","Area","Yellowtail flounder",0.643194770326784,0.609358361647669,0.0338364086791144
"PT","biomass",110,"all_gulf","all_gulf","_1","species","Area","Alewife",0.741070816173659,0.72371849678265,0.0173523193910088
"PT","biomass",110,"all_gulf","all_gulf","_1","species","Area","Alligatorfish",0.868957010170159,0.836083444951557,0.0328735652186016
"PT","biomass",110,"all_gulf","all_gulf","_1","species","Area","American plaice",0.558135363054567,0.544150386739522,0.0139849763150455
"PT","biomass",110,"all_gulf","all_gulf","_1","species","Area","Arctic alligatorfish",0.964813220160038,0.948611007917326,0.0162022122427114
"PT","biomass",110,"all_gulf","all_gulf","_1","species","Area","Arctic hookear sculpin",0.861521341405927,0.839945864009257,0.02157547739667
"PT","biomass",110,"all_gulf","all_gulf","_1","species","Area","Arctic staghorn sculpin",0.684964128186791,0.658567025820273,0.0263971023665179
"PT","biomass",110,"all_gulf","all_gulf","_1","species","Area","Atlantic cod",0.593931542910339,0.582871974306177,0.0110595686041617
"PT","biomass",110,"all_gulf","all_gulf","_1","species","Area","Atlantic herring",0.53892991810925,0.492367785824786,0.0465621322844639
"PT","biomass",110,"all_gulf","all_gulf","_1","species","Area","Atlantic hookear sculpin",0.889429623065112,0.871419904431884,0.0180097186332277
"PT","biomass",110,"all_gulf","all_gulf","_1","species","Area","Atlantic mackerel",0.399563293296523,0.389922342594591,0.00964095070193159
"PT","biomass",110,"all_gulf","all_gulf","_1","species","Area","Atlantic poacher",0.860404125378358,0.842050949158817,0.0183531762195409
"PT","biomass",110,"all_gulf","all_gulf","_1","species","Area","Atlantic spiny lumpsucker",0.43829613876727,0.416729794650153,0.0215663441171168
"PT","biomass",110,"all_gulf","all_gulf","_1","species","Area","Capelin",0.556676991779112,0.475000225569071,0.0816767662100409
"PT","biomass",110,"all_gulf","all_gulf","_1","species","Area","Daubed shanny",0.674075198184074,0.641681700273089,0.0323934979109843
"PT","biomass",110,"all_gulf","all_gulf","_1","species","Area","Dusky snailfish",0.721799647039921,0.711384423277693,0.010415223762228
"PT","biomass",110,"all_gulf","all_gulf","_1","species","Area","Fourbeard rockling",0.630908766947623,0.570758148996353,0.0601506179512696
"PT","biomass",110,"all_gulf","all_gulf","_1","species","Area","Fourline snakeblenny",0.491364650994839,0.45594856498182,0.0354160860130184
"PT","biomass",110,"all_gulf","all_gulf","_1","species","Area","Greenland cod",0.630555656360959,0.604777378064305,0.0257782782966539
"PT","biomass",110,"all_gulf","all_gulf","_1","species","Area","Greenland halibut",0.60751647315069,0.592509244708014,0.0150072284426765
"PT","biomass",110,"all_gulf","all_gulf","_1","species","Area","Laval's eelpout",0.827958424617102,0.788186142666311,0.0397722819507906
"PT","biomass",110,"all_gulf","all_gulf","_1","species","Area","Longhorn sculpin",0.611155045696191,0.601279784899236,0.00987526079695459
"PT","biomass",110,"all_gulf","all_gulf","_1","species","Area","Marlin-spike grenadier",0.651094887092677,0.632221276910882,0.0188736101817946
"PT","biomass",110,"all_gulf","all_gulf","_1","species","Area","Moustache sculpin",0.806670590892814,0.794617494308899,0.0120530965839144
"PT","biomass",110,"all_gulf","all_gulf","_1","species","Area","Northern sand lance",0.328825142693177,0.326160648680859,0.00266449401231761
"PT","biomass",110,"all_gulf","all_gulf","_1","species","Area","Rainbow smelt",0.726988920422178,0.708246051266224,0.0187428691559536
"PT","biomass",110,"all_gulf","all_gulf","_1","species","Area","Redfish unidentified",0.631197458701994,0.618857154145608,0.0123403045563853
"PT","biomass",110,"all_gulf","all_gulf","_1","species","Area","Sea raven",0.602836466733395,0.599363777457684,0.00347268927571061
"PT","biomass",110,"all_gulf","all_gulf","_1","species","Area","Shorthorn sculpin",0.485899921722738,0.46980472564341,0.0160951960793279
"PT","biomass",110,"all_gulf","all_gulf","_1","species","Area","Smooth skate",0.807894081381394,0.798327835040907,0.00956624634048726
"PT","biomass",110,"all_gulf","all_gulf","_1","species","Area","Snakeblenny",0.511835654439704,0.486022466702572,0.0258131877371316
"PT","biomass",110,"all_gulf","all_gulf","_1","species","Area","Spatulate sculpin",0.89496844235693,0.885938058382737,0.00903038397419343
"PT","biomass",110,"all_gulf","all_gulf","_1","species","Area","Stout eelblenny",0.703825846527014,0.689817279549445,0.0140085669775691
"PT","biomass",110,"all_gulf","all_gulf","_1","species","Area","Thorny skate",0.662588760869039,0.634158260488227,0.0284305003808114
"PT","biomass",110,"all_gulf","all_gulf","_1","species","Area","Three-spined stickleback",0.322959504393136,0.307254679937934,0.0157048244552019
"PT","biomass",110,"all_gulf","all_gulf","_1","species","Area","Vahl's eelpout",0.694815582025021,0.591550639293739,0.103264942731282
"PT","biomass",110,"all_gulf","all_gulf","_1","species","Area","White hake",0.530929689315727,0.516102638091835,0.0148270512238918
"PT","biomass",110,"all_gulf","all_gulf","_1","species","Area","Windowpane flounder",0.599045863980501,0.5946774244261,0.00436843955440147
"PT","biomass",110,"all_gulf","all_gulf","_1","species","Area","Winter flounder",0.387520328828219,0.370786148421548,0.016734180406671
"PT","biomass",110,"all_gulf","all_gulf","_1","species","Area","Witch flounder",0.38811541932965,0.345504466413226,0.0426109529164244
"PT","biomass",110,"all_gulf","all_gulf","_1","species","Area","Yellowtail flounder",0.638109505044509,0.603676252596845,0.0344332524476643
"PT","biomass",130,"all_gulf","all_gulf","_1","species","Area","Alewife",0.741690094428343,0.725067197303995,0.0166228971243477
"PT","biomass",130,"all_gulf","all_gulf","_1","species","Area","Alligatorfish",0.867442276938099,0.832800813398339,0.0346414635397592
"PT","biomass",130,"all_gulf","all_gulf","_1","species","Area","American plaice",0.559379334079757,0.546544204803666,0.0128351292760913
"PT","biomass",130,"all_gulf","all_gulf","_1","species","Area","Arctic alligatorfish",0.965431098535562,0.950897746757809,0.014533351777753
"PT","biomass",130,"all_gulf","all_gulf","_1","species","Area","Arctic hookear sculpin",0.865784652071788,0.841542133841772,0.0242425182300162
"PT","biomass",130,"all_gulf","all_gulf","_1","species","Area","Arctic staghorn sculpin",0.678197416805129,0.650957707796205,0.0272397090089241
"PT","biomass",130,"all_gulf","all_gulf","_1","species","Area","Atlantic cod",0.534784143390366,0.525463070596699,0.00932107279366652
"PT","biomass",130,"all_gulf","all_gulf","_1","species","Area","Atlantic herring",0.53280382578476,0.486110155031046,0.046693670753714
"PT","biomass",130,"all_gulf","all_gulf","_1","species","Area","Atlantic hookear sculpin",0.881707784701031,0.859306058504107,0.0224017261969246
"PT","biomass",130,"all_gulf","all_gulf","_1","species","Area","Atlantic mackerel",0.397724002530779,0.388463225661645,0.00926077686913367
"PT","biomass",130,"all_gulf","all_gulf","_1","species","Area","Atlantic poacher",0.859547474078045,0.841046240205478,0.0185012338725677
"PT","biomass",130,"all_gulf","all_gulf","_1","species","Area","Atlantic spiny lumpsucker",0.438215620567272,0.415648448089158,0.0225671724781145
"PT","biomass",130,"all_gulf","all_gulf","_1","species","Area","Capelin",0.550207413710816,0.45935738716953,0.0908500265412858
"PT","biomass",130,"all_gulf","all_gulf","_1","species","Area","Daubed shanny",0.676908606927634,0.643532523458591,0.0333760834690428
"PT","biomass",130,"all_gulf","all_gulf","_1","species","Area","Dusky snailfish",0.720089234417669,0.708366789304189,0.0117224451134802
"PT","biomass",130,"all_gulf","all_gulf","_1","species","Area","Fourbeard rockling",0.637813462922995,0.576197695686051,0.0616157672369441
"PT","biomass",130,"all_gulf","all_gulf","_1","species","Area","Fourline snakeblenny",0.483787889274986,0.451605854869439,0.032182034405547
"PT","biomass",130,"all_gulf","all_gulf","_1","species","Area","Greenland cod",0.585547438863077,0.565838830849834,0.0197086080132427
"PT","biomass",130,"all_gulf","all_gulf","_1","species","Area","Greenland halibut",0.609659144424192,0.592869221289428,0.0167899231347644
"PT","biomass",130,"all_gulf","all_gulf","_1","species","Area","Laval's eelpout",0.826997429043098,0.784778825583361,0.042218603459737
"PT","biomass",130,"all_gulf","all_gulf","_1","species","Area","Longhorn sculpin",0.596164049496364,0.587059992768271,0.00910405672809283
"PT","biomass",130,"all_gulf","all_gulf","_1","species","Area","Marlin-spike grenadier",0.644350432698415,0.623111025334162,0.0212394073642526
"PT","biomass",130,"all_gulf","all_gulf","_1","species","Area","Moustache sculpin",0.807033540972766,0.795122205446245,0.0119113355265211
"PT","biomass",130,"all_gulf","all_gulf","_1","species","Area","Northern sand lance",0.332520510985281,0.330179014621914,0.0023414963633673
"PT","biomass",130,"all_gulf","all_gulf","_1","species","Area","Rainbow smelt",0.724758898630243,0.704500783434197,0.0202581151960467
"PT","biomass",130,"all_gulf","all_gulf","_1","species","Area","Redfish unidentified",0.630001068241417,0.618311093289978,0.0116899749514397
"PT","biomass",130,"all_gulf","all_gulf","_1","species","Area","Sea raven",0.591811232228226,0.587712668301421,0.00409856392680461
"PT","biomass",130,"all_gulf","all_gulf","_1","species","Area","Shorthorn sculpin",0.43804882477306,0.428132513557588,0.00991631121547182
"PT","biomass",130,"all_gulf","all_gulf","_1","species","Area","Smooth skate",0.810200164529455,0.800345928002954,0.00985423652650144
"PT","biomass",130,"all_gulf","all_gulf","_1","species","Area","Snakeblenny",0.510901059421332,0.483935197932858,0.0269658614884737
"PT","biomass",130,"all_gulf","all_gulf","_1","species","Area","Spatulate sculpin",0.898523666363686,0.889584013389284,0.00893965297440279
"PT","biomass",130,"all_gulf","all_gulf","_1","species","Area","Stout eelblenny",0.701303150638081,0.686067579209679,0.0152355714284023
"PT","biomass",130,"all_gulf","all_gulf","_1","species","Area","Thorny skate",0.664162118183978,0.635291753547515,0.0288703646364634
"PT","biomass",130,"all_gulf","all_gulf","_1","species","Area","Three-spined stickleback",0.34024325651484,0.327171114610645,0.013072141904195
"PT","biomass",130,"all_gulf","all_gulf","_1","species","Area","Vahl's eelpout",0.699221936091942,0.605664602758745,0.093557333333197
"PT","biomass",130,"all_gulf","all_gulf","_1","species","Area","White hake",0.483018922415741,0.465510671416006,0.017508250999735
"PT","biomass",130,"all_gulf","all_gulf","_1","species","Area","Windowpane flounder",0.598469090146881,0.593236739487349,0.00523235065953246
"PT","biomass",130,"all_gulf","all_gulf","_1","species","Area","Winter flounder",0.368125899346836,0.350201164378552,0.0179247349682839
"PT","biomass",130,"all_gulf","all_gulf","_1","species","Area","Witch flounder",0.379395061100907,0.334721928828124,0.044673132272783
"PT","biomass",130,"all_gulf","all_gulf","_1","species","Area","Yellowtail flounder",0.633714543077593,0.600318521348995,0.0333960217285979
"PT","biomass",150,"all_gulf","all_gulf","_1","species","Area","Alewife",0.753490809247122,0.736725863891439,0.0167649453556824
"PT","biomass",150,"all_gulf","all_gulf","_1","species","Area","Alligatorfish",0.873811472972336,0.839325392065753,0.0344860809065828
"PT","biomass",150,"all_gulf","all_gulf","_1","species","Area","American plaice",0.552388414648752,0.538746781596309,0.0136416330524432
"PT","biomass",150,"all_gulf","all_gulf","_1","species","Area","Arctic alligatorfish",0.968192993043639,0.954499615946122,0.0136933770975172
"PT","biomass",150,"all_gulf","all_gulf","_1","species","Area","Arctic hookear sculpin",0.861531575906299,0.841390051861325,0.0201415240449744
"PT","biomass",150,"all_gulf","all_gulf","_1","species","Area","Arctic staghorn sculpin",0.687644255502043,0.660587182800053,0.0270570727019898
"PT","biomass",150,"all_gulf","all_gulf","_1","species","Area","Atlantic cod",0.540562120433244,0.530995891355532,0.00956622907771119
"PT","biomass",150,"all_gulf","all_gulf","_1","species","Area","Atlantic herring",0.542481470926273,0.498755905410597,0.0437255655156753
"PT","biomass",150,"all_gulf","all_gulf","_1","species","Area","Atlantic hookear sculpin",0.88306266328024,0.864333236315506,0.0187294269647343
"PT","biomass",150,"all_gulf","all_gulf","_1","species","Area","Atlantic mackerel",0.388229938601845,0.378660966483962,0.00956897211788298
"PT","biomass",150,"all_gulf","all_gulf","_1","species","Area","Atlantic poacher",0.85936682556975,0.839260641457871,0.0201061841118791
"PT","biomass",150,"all_gulf","all_gulf","_1","species","Area","Atlantic spiny lumpsucker",0.437622820493966,0.413467802455753,0.024155018038213
"PT","biomass",150,"all_gulf","all_gulf","_1","species","Area","Capelin",0.550823892581931,0.461190634272706,0.0896332583092249
"PT","biomass",150,"all_gulf","all_gulf","_1","species","Area","Daubed shanny",0.678174886859014,0.646762700412432,0.0314121864465811
"PT","biomass",150,"all_gulf","all_gulf","_1","species","Area","Dusky snailfish",0.721048311571557,0.710267681187017,0.0107806303845395
"PT","biomass",150,"all_gulf","all_gulf","_1","species","Area","Fourbeard rockling",0.635490608821013,0.577113343240052,0.0583772655809608
"PT","biomass",150,"all_gulf","all_gulf","_1","species","Area","Fourline snakeblenny",0.497641385115885,0.463617206200313,0.0340241789155726
"PT","biomass",150,"all_gulf","all_gulf","_1","species","Area","Greenland cod",0.602962493894611,0.579496473488688,0.0234660204059222
"PT","biomass",150,"all_gulf","all_gulf","_1","species","Area","Greenland halibut",0.615145835701272,0.59915044703518,0.0159953886660919
"PT","biomass",150,"all_gulf","all_gulf","_1","species","Area","Laval's eelpout",0.832782608570524,0.792501747226674,0.0402808613438503
"PT","biomass",150,"all_gulf","all_gulf","_1","species","Area","Longhorn sculpin",0.598075942220184,0.591265353637817,0.00681058858236696
"PT","biomass",150,"all_gulf","all_gulf","_1","species","Area","Marlin-spike grenadier",0.64304045647494,0.621943637395236,0.0210968190797038
"PT","biomass",150,"all_gulf","all_gulf","_1","species","Area","Moustache sculpin",0.808194897843765,0.795668891100158,0.0125260067436075
"PT","biomass",150,"all_gulf","all_gulf","_1","species","Area","Northern sand lance",0.324402197219939,0.321449309899621,0.00295288732031818
"PT","biomass",150,"all_gulf","all_gulf","_1","species","Area","Rainbow smelt",0.726072414668303,0.705972128190019,0.0201002864782842
"PT","biomass",150,"all_gulf","all_gulf","_1","species","Area","Redfish unidentified",0.639014993389927,0.62616275227543,0.0128522411144972
"PT","biomass",150,"all_gulf","all_gulf","_1","species","Area","Sea raven",0.598787280941752,0.595379433812382,0.00340784712937026
"PT","biomass",150,"all_gulf","all_gulf","_1","species","Area","Shorthorn sculpin",0.436479136030154,0.426731649213055,0.0097474868170992
"PT","biomass",150,"all_gulf","all_gulf","_1","species","Area","Smooth skate",0.807679023084323,0.798341760048886,0.00933726303543682
"PT","biomass",150,"all_gulf","all_gulf","_1","species","Area","Snakeblenny",0.511620339689301,0.483851695268325,0.0277686444209758
"PT","biomass",150,"all_gulf","all_gulf","_1","species","Area","Spatulate sculpin",0.897142212466539,0.887662475441808,0.00947973702473105
"PT","biomass",150,"all_gulf","all_gulf","_1","species","Area","Stout eelblenny",0.701590172245931,0.687358788755246,0.0142313834906855
"PT","biomass",150,"all_gulf","all_gulf","_1","species","Area","Thorny skate",0.664015755148905,0.635654885746285,0.0283608694026194
"PT","biomass",150,"all_gulf","all_gulf","_1","species","Area","Three-spined stickleback",0.336700293317696,0.321339126541518,0.0153611667761781
"PT","biomass",150,"all_gulf","all_gulf","_1","species","Area","Vahl's eelpout",0.709972553955009,0.611953481958627,0.0980190719963811
"PT","biomass",150,"all_gulf","all_gulf","_1","species","Area","White hake",0.466312835350468,0.448567381647665,0.0177454537028031
"PT","biomass",150,"all_gulf","all_gulf","_1","species","Area","Windowpane flounder",0.574261743163354,0.568915807448221,0.00534593571513292
"PT","biomass",150,"all_gulf","all_gulf","_1","species","Area","Winter flounder",0.387333985205086,0.371197028930069,0.0161369562750167
"PT","biomass",150,"all_gulf","all_gulf","_1","species","Area","Witch flounder",0.383734496377728,0.342251358597616,0.0414831377801118
"PT","biomass",150,"all_gulf","all_gulf","_1","species","Area","Yellowtail flounder",0.635485643357303,0.600123873354876,0.0353617700024268
"PT","biomass",170,"all_gulf","all_gulf","_1","species","Area","Alewife",0.743717312614117,0.725398231004731,0.0183190816093859
"PT","biomass",170,"all_gulf","all_gulf","_1","species","Area","Alligatorfish",0.869900848666149,0.836319112693019,0.0335817359731299
"PT","biomass",170,"all_gulf","all_gulf","_1","species","Area","American plaice",0.547806910970912,0.535554407479608,0.0122525034913041
"PT","biomass",170,"all_gulf","all_gulf","_1","species","Area","Arctic alligatorfish",0.961865994353972,0.946117112514638,0.0157488818393335
"PT","biomass",170,"all_gulf","all_gulf","_1","species","Area","Arctic hookear sculpin",0.867466043641248,0.847040870956098,0.0204251726851498
"PT","biomass",170,"all_gulf","all_gulf","_1","species","Area","Arctic staghorn sculpin",0.673758957265624,0.648398795630067,0.0253601616355574
"PT","biomass",170,"all_gulf","all_gulf","_1","species","Area","Atlantic cod",0.52072856867939,0.510661022250266,0.0100675464291248
"PT","biomass",170,"all_gulf","all_gulf","_1","species","Area","Atlantic herring",0.53983130008568,0.494359396696134,0.0454719033895464
"PT","biomass",170,"all_gulf","all_gulf","_1","species","Area","Atlantic hookear sculpin",0.894081842143136,0.874210235086096,0.0198716070570398
"PT","biomass",170,"all_gulf","all_gulf","_1","species","Area","Atlantic mackerel",0.395234707580991,0.38509076266191,0.0101439449190814
"PT","biomass",170,"all_gulf","all_gulf","_1","species","Area","Atlantic poacher",0.858192502217539,0.839172798335432,0.0190197038821067
"PT","biomass",170,"all_gulf","all_gulf","_1","species","Area","Atlantic spiny lumpsucker",0.436781966650751,0.412934231539806,0.0238477351109447
"PT","biomass",170,"all_gulf","all_gulf","_1","species","Area","Capelin",0.558678180969711,0.469913712315626,0.0887644686540855
"PT","biomass",170,"all_gulf","all_gulf","_1","species","Area","Daubed shanny",0.681036973708493,0.651162626529496,0.0298743471789971
"PT","biomass",170,"all_gulf","all_gulf","_1","species","Area","Dusky snailfish",0.718129773276805,0.70807924972371,0.010050523553095
"PT","biomass",170,"all_gulf","all_gulf","_1","species","Area","Fourbeard rockling",0.636510504641341,0.576114651257362,0.0603958533839788
"PT","biomass",170,"all_gulf","all_gulf","_1","species","Area","Fourline snakeblenny",0.490271792310749,0.454265974918837,0.0360058173919117
"PT","biomass",170,"all_gulf","all_gulf","_1","species","Area","Greenland cod",0.586202830696003,0.561988910344407,0.024213920351596
"PT","biomass",170,"all_gulf","all_gulf","_1","species","Area","Greenland halibut",0.604894818554509,0.587162524151123,0.0177322944033861
"PT","biomass",170,"all_gulf","all_gulf","_1","species","Area","Laval's eelpout",0.818408874980367,0.776934477348034,0.0414743976323334
"PT","biomass",170,"all_gulf","all_gulf","_1","species","Area","Longhorn sculpin",0.503249451675126,0.495116645990587,0.0081328056845393
"PT","biomass",170,"all_gulf","all_gulf","_1","species","Area","Marlin-spike grenadier",0.643251036286479,0.62302045320448,0.0202305830819994
"PT","biomass",170,"all_gulf","all_gulf","_1","species","Area","Moustache sculpin",0.80165791856226,0.788980974334806,0.0126769442274546
"PT","biomass",170,"all_gulf","all_gulf","_1","species","Area","Northern sand lance",0.333929674421167,0.332311529282117,0.00161814513904968
"PT","biomass",170,"all_gulf","all_gulf","_1","species","Area","Rainbow smelt",0.732782132565965,0.711636600760858,0.0211455318051072
"PT","biomass",170,"all_gulf","all_gulf","_1","species","Area","Redfish unidentified",0.636957910683259,0.62407155537352,0.0128863553097389
"PT","biomass",170,"all_gulf","all_gulf","_1","species","Area","Sea raven",0.325664739210389,0.319991655466972,0.00567308374341757
"PT","biomass",170,"all_gulf","all_gulf","_1","species","Area","Shorthorn sculpin",0.350288983573752,0.340023485865918,0.0102654977078344
"PT","biomass",170,"all_gulf","all_gulf","_1","species","Area","Smooth skate",0.796982118657882,0.787125562179577,0.00985655647830465
"PT","biomass",170,"all_gulf","all_gulf","_1","species","Area","Snakeblenny",0.51258256786231,0.486364926357854,0.0262176415044559
"PT","biomass",170,"all_gulf","all_gulf","_1","species","Area","Spatulate sculpin",0.891149376843085,0.881019570489768,0.0101298063533175
"PT","biomass",170,"all_gulf","all_gulf","_1","species","Area","Stout eelblenny",0.699012608600554,0.685202394276429,0.0138102143241249
"PT","biomass",170,"all_gulf","all_gulf","_1","species","Area","Thorny skate",0.652425254907174,0.623513194702521,0.0289120602046527
"PT","biomass",170,"all_gulf","all_gulf","_1","species","Area","Three-spined stickleback",0.324863424808125,0.309865459816787,0.014997964991338
"PT","biomass",170,"all_gulf","all_gulf","_1","species","Area","Vahl's eelpout",0.720964620529776,0.623012253261895,0.0979523672678805
"PT","biomass",170,"all_gulf","all_gulf","_1","species","Area","White hake",0.465985719415052,0.447953590436879,0.0180321289781729
"PT","biomass",170,"all_gulf","all_gulf","_1","species","Area","Windowpane flounder",0.589351291235598,0.58395910091269,0.00539219032290742
"PT","biomass",170,"all_gulf","all_gulf","_1","species","Area","Winter flounder",0.385440228579624,0.37530697045011,0.0101332581295143
"PT","biomass",170,"all_gulf","all_gulf","_1","species","Area","Witch flounder",0.393335372014356,0.353038391647645,0.0402969803667116
"PT","biomass",170,"all_gulf","all_gulf","_1","species","Area","Yellowtail flounder",0.588217097495162,0.54557499943839,0.0426420980567724
"PT","biomass",190,"all_gulf","all_gulf","_1","species","Area","Alewife",0.748233406972463,0.732465167389751,0.0157682395827124
"PT","biomass",190,"all_gulf","all_gulf","_1","species","Area","Alligatorfish",0.871868187344176,0.838382191809292,0.0334859955348844
"PT","biomass",190,"all_gulf","all_gulf","_1","species","Area","American plaice",0.540489662765404,0.528650863555899,0.011838799209505
"PT","biomass",190,"all_gulf","all_gulf","_1","species","Area","Arctic alligatorfish",0.962986953211941,0.948972209753806,0.0140147434581355
"PT","biomass",190,"all_gulf","all_gulf","_1","species","Area","Arctic hookear sculpin",0.862116187514422,0.841725096334937,0.0203910911794848
"PT","biomass",190,"all_gulf","all_gulf","_1","species","Area","Arctic staghorn sculpin",0.667591830660362,0.639141638730669,0.0284501919296932
"PT","biomass",190,"all_gulf","all_gulf","_1","species","Area","Atlantic cod",0.497296174488902,0.487556062014386,0.00974011247451608
"PT","biomass",190,"all_gulf","all_gulf","_1","species","Area","Atlantic herring",0.542521880642692,0.504070998782739,0.0384508818599525
"PT","biomass",190,"all_gulf","all_gulf","_1","species","Area","Atlantic hookear sculpin",0.886284250075885,0.866609981830032,0.0196742682458523
"PT","biomass",190,"all_gulf","all_gulf","_1","species","Area","Atlantic mackerel",0.386086160803419,0.375428112311012,0.0106580484924068
"PT","biomass",190,"all_gulf","all_gulf","_1","species","Area","Atlantic poacher",0.861664995806087,0.843046329461426,0.0186186663446615
"PT","biomass",190,"all_gulf","all_gulf","_1","species","Area","Atlantic spiny lumpsucker",0.442555819124055,0.421968601817539,0.020587217306516
"PT","biomass",190,"all_gulf","all_gulf","_1","species","Area","Capelin",0.558721970358235,0.477608370173908,0.0811136001843264
"PT","biomass",190,"all_gulf","all_gulf","_1","species","Area","Daubed shanny",0.682707627300586,0.653674525062141,0.0290331022384449
"PT","biomass",190,"all_gulf","all_gulf","_1","species","Area","Dusky snailfish",0.707265799556491,0.69894706362346,0.00831873593303102
"PT","biomass",190,"all_gulf","all_gulf","_1","species","Area","Fourbeard rockling",0.63129990053626,0.571371547678305,0.0599283528579549
"PT","biomass",190,"all_gulf","all_gulf","_1","species","Area","Fourline snakeblenny",0.490015593341926,0.455412248296639,0.0346033450452862
"PT","biomass",190,"all_gulf","all_gulf","_1","species","Area","Greenland cod",0.596282706342173,0.589470544354625,0.00681216198754786
"PT","biomass",190,"all_gulf","all_gulf","_1","species","Area","Greenland halibut",0.60440643226081,0.58917612393206,0.0152303083287501
"PT","biomass",190,"all_gulf","all_gulf","_1","species","Area","Laval's eelpout",0.809741534953599,0.761991554498058,0.0477499804555412
"PT","biomass",190,"all_gulf","all_gulf","_1","species","Area","Longhorn sculpin",0.464512543898994,0.455378034653346,0.00913450924564793
"PT","biomass",190,"all_gulf","all_gulf","_1","species","Area","Marlin-spike grenadier",0.65034938086738,0.633128797947209,0.017220582920171
"PT","biomass",190,"all_gulf","all_gulf","_1","species","Area","Moustache sculpin",0.801756833489512,0.789653529923528,0.0121033035659841
"PT","biomass",190,"all_gulf","all_gulf","_1","species","Area","Northern sand lance",0.336808347962956,0.334060989042755,0.0027473589202003
"PT","biomass",190,"all_gulf","all_gulf","_1","species","Area","Rainbow smelt",0.721154213460445,0.700125010807903,0.0210292026525418
"PT","biomass",190,"all_gulf","all_gulf","_1","species","Area","Redfish unidentified",0.626945916724224,0.615693235672341,0.011252681051883
"PT","biomass",190,"all_gulf","all_gulf","_1","species","Area","Sea raven",0.225824346855723,0.221257400279619,0.0045669465761042
"PT","biomass",190,"all_gulf","all_gulf","_1","species","Area","Shorthorn sculpin",0.355794490283965,0.348471421571769,0.00732306871219582
"PT","biomass",190,"all_gulf","all_gulf","_1","species","Area","Smooth skate",0.798488013403901,0.789407033239116,0.00908098016478497
"PT","biomass",190,"all_gulf","all_gulf","_1","species","Area","Snakeblenny",0.511947234779821,0.482761675504099,0.0291855592757219
"PT","biomass",190,"all_gulf","all_gulf","_1","species","Area","Spatulate sculpin",0.8987303915662,0.889663169503644,0.00906722206255577
"PT","biomass",190,"all_gulf","all_gulf","_1","species","Area","Stout eelblenny",0.70247951408278,0.687775941806227,0.0147035722765528
"PT","biomass",190,"all_gulf","all_gulf","_1","species","Area","Thorny skate",0.65349332327631,0.62599635902018,0.02749696425613
"PT","biomass",190,"all_gulf","all_gulf","_1","species","Area","Three-spined stickleback",0.320636018498806,0.30316520315082,0.0174708153479854
"PT","biomass",190,"all_gulf","all_gulf","_1","species","Area","Vahl's eelpout",0.692939225769598,0.591831851335893,0.101107374433705
"PT","biomass",190,"all_gulf","all_gulf","_1","species","Area","White hake",0.463925867619799,0.448350588176203,0.0155752794435956
"PT","biomass",190,"all_gulf","all_gulf","_1","species","Area","Windowpane flounder",0.594399745515613,0.589874195924614,0.004525549590999
"PT","biomass",190,"all_gulf","all_gulf","_1","species","Area","Winter flounder",0.358291653337941,0.347158306641738,0.0111333466962033
"PT","biomass",190,"all_gulf","all_gulf","_1","species","Area","Witch flounder",0.389214340524241,0.344682120583177,0.0445322199410635
"PT","biomass",190,"all_gulf","all_gulf","_1","species","Area","Yellowtail flounder",0.590004776691185,0.546862913713239,0.043141862977946
"PT","biomass",210,"all_gulf","all_gulf","_1","species","Area","Alewife",0.740648739100613,0.723173796218198,0.0174749428824154
"PT","biomass",210,"all_gulf","all_gulf","_1","species","Area","Alligatorfish",0.870307281852563,0.834701517610792,0.0356057642417706
"PT","biomass",210,"all_gulf","all_gulf","_1","species","Area","American plaice",0.535316737470832,0.522506700354196,0.0128100371166359
"PT","biomass",210,"all_gulf","all_gulf","_1","species","Area","Arctic alligatorfish",0.962894318719629,0.946698635539428,0.0161956831802012
"PT","biomass",210,"all_gulf","all_gulf","_1","species","Area","Arctic hookear sculpin",0.850857136399536,0.828927686583777,0.0219294498157588
"PT","biomass",210,"all_gulf","all_gulf","_1","species","Area","Arctic staghorn sculpin",0.683374168335444,0.65839381911012,0.0249803492253233
"PT","biomass",210,"all_gulf","all_gulf","_1","species","Area","Atlantic cod",0.493996244280204,0.483836535954363,0.0101597083258404
"PT","biomass",210,"all_gulf","all_gulf","_1","species","Area","Atlantic herring",0.543153180804198,0.502265730580615,0.0408874502235829
"PT","biomass",210,"all_gulf","all_gulf","_1","species","Area","Atlantic hookear sculpin",0.893575959080692,0.874303989149679,0.0192719699310131
"PT","biomass",210,"all_gulf","all_gulf","_1","species","Area","Atlantic mackerel",0.393753430056242,0.384517855709324,0.00923557434691792
"PT","biomass",210,"all_gulf","all_gulf","_1","species","Area","Atlantic poacher",0.860452942529058,0.841762621927024,0.0186903206020345
"PT","biomass",210,"all_gulf","all_gulf","_1","species","Area","Atlantic spiny lumpsucker",0.436405339330138,0.414122041926861,0.0222832974032768
"PT","biomass",210,"all_gulf","all_gulf","_1","species","Area","Capelin",0.555516197123899,0.473677756734279,0.0818384403896197
"PT","biomass",210,"all_gulf","all_gulf","_1","species","Area","Daubed shanny",0.673976383484975,0.640741183024894,0.0332352004600813
"PT","biomass",210,"all_gulf","all_gulf","_1","species","Area","Dusky snailfish",0.700526214889758,0.691471688931143,0.00905452595861427
"PT","biomass",210,"all_gulf","all_gulf","_1","species","Area","Fourbeard rockling",0.624814066035009,0.5611570166961,0.0636570493389091
"PT","biomass",210,"all_gulf","all_gulf","_1","species","Area","Fourline snakeblenny",0.48507783161946,0.447374862392879,0.0377029692265808
"PT","biomass",210,"all_gulf","all_gulf","_1","species","Area","Greenland cod",0.605893836087625,0.599181750457,0.00671208563062527
"PT","biomass",210,"all_gulf","all_gulf","_1","species","Area","Greenland halibut",0.602117073024366,0.586059287636186,0.0160577853881797
"PT","biomass",210,"all_gulf","all_gulf","_1","species","Area","Laval's eelpout",0.815640070988914,0.769266133675479,0.0463739373134355
"PT","biomass",210,"all_gulf","all_gulf","_1","species","Area","Longhorn sculpin",0.471315818578727,0.461976921684778,0.00933889689394918
"PT","biomass",210,"all_gulf","all_gulf","_1","species","Area","Marlin-spike grenadier",0.635317090787751,0.617378907194937,0.0179381835928138
"PT","biomass",210,"all_gulf","all_gulf","_1","species","Area","Moustache sculpin",0.804504966312824,0.792320164917549,0.0121848013952741
"PT","biomass",210,"all_gulf","all_gulf","_1","species","Area","Northern sand lance",0.335128975261699,0.332983538679826,0.00214543658187294
"PT","biomass",210,"all_gulf","all_gulf","_1","species","Area","Rainbow smelt",0.729321420707167,0.70805576300481,0.0212656577023574
"PT","biomass",210,"all_gulf","all_gulf","_1","species","Area","Redfish unidentified",0.628888443133823,0.616139960738424,0.0127484823953988
"PT","biomass",210,"all_gulf","all_gulf","_1","species","Area","Sea raven",0.232813315415963,0.225377407971011,0.00743590744495137
"PT","biomass",210,"all_gulf","all_gulf","_1","species","Area","Shorthorn sculpin",0.351191945481627,0.343283878652496,0.00790806682913071
"PT","biomass",210,"all_gulf","all_gulf","_1","species","Area","Smooth skate",0.795970159317146,0.785313167233871,0.0106569920832751
"PT","biomass",210,"all_gulf","all_gulf","_1","species","Area","Snakeblenny",0.436791433458265,0.405845655922272,0.0309457775359932
"PT","biomass",210,"all_gulf","all_gulf","_1","species","Area","Spatulate sculpin",0.906338910582966,0.897955798083809,0.00838311249915701
"PT","biomass",210,"all_gulf","all_gulf","_1","species","Area","Stout eelblenny",0.691971447706366,0.676383333087149,0.0155881146192167
"PT","biomass",210,"all_gulf","all_gulf","_1","species","Area","Thorny skate",0.652290221818205,0.621236743170528,0.0310534786476771
"PT","biomass",210,"all_gulf","all_gulf","_1","species","Area","Three-spined stickleback",0.326308571338205,0.313117660056425,0.01319091128178
"PT","biomass",210,"all_gulf","all_gulf","_1","species","Area","Vahl's eelpout",0.676954635394354,0.562625076998787,0.114329558395567
"PT","biomass",210,"all_gulf","all_gulf","_1","species","Area","White hake",0.471266532560891,0.454013763479393,0.0172527690814982
"PT","biomass",210,"all_gulf","all_gulf","_1","species","Area","Windowpane flounder",0.594446483559667,0.590232373343514,0.00421411021615318
"PT","biomass",210,"all_gulf","all_gulf","_1","species","Area","Winter flounder",0.296832553654741,0.284645378648306,0.0121871750064345
"PT","biomass",210,"all_gulf","all_gulf","_1","species","Area","Witch flounder",0.360302444961966,0.312990279624694,0.0473121653372712
"PT","biomass",210,"all_gulf","all_gulf","_1","species","Area","Yellowtail flounder",0.55867949653773,0.512015135090922,0.046664361446808
"PT","biomass",230,"all_gulf","all_gulf","_1","species","Area","Alewife",0.720611191043364,0.705803202308749,0.014807988734615
"PT","biomass",230,"all_gulf","all_gulf","_1","species","Area","Alligatorfish",0.843846377124107,0.805081934557828,0.0387644425662788
"PT","biomass",230,"all_gulf","all_gulf","_1","species","Area","American plaice",0.52448554568926,0.511779361643088,0.0127061840461722
"PT","biomass",230,"all_gulf","all_gulf","_1","species","Area","Arctic alligatorfish",0.920873149731216,0.891421367888593,0.0294517818426236
"PT","biomass",230,"all_gulf","all_gulf","_1","species","Area","Arctic hookear sculpin",0.861325943867176,0.841772700581416,0.0195532432857595
"PT","biomass",230,"all_gulf","all_gulf","_1","species","Area","Arctic staghorn sculpin",0.670615944639568,0.643555770592174,0.027060174047394
"PT","biomass",230,"all_gulf","all_gulf","_1","species","Area","Atlantic cod",0.472481767567125,0.463396846378643,0.00908492118848209
"PT","biomass",230,"all_gulf","all_gulf","_1","species","Area","Atlantic herring",0.506200456861234,0.492964630367939,0.0132358264932952
"PT","biomass",230,"all_gulf","all_gulf","_1","species","Area","Atlantic hookear sculpin",0.883204632007082,0.864888988452532,0.0183156435545499
"PT","biomass",230,"all_gulf","all_gulf","_1","species","Area","Atlantic mackerel",0.396509129844707,0.39512587885266,0.0013832509920472
"PT","biomass",230,"all_gulf","all_gulf","_1","species","Area","Atlantic poacher",0.823137600998518,0.798241020661225,0.0248965803372927
"PT","biomass",230,"all_gulf","all_gulf","_1","species","Area","Atlantic spiny lumpsucker",0.441107537540862,0.417355389640555,0.0237521479003072
"PT","biomass",230,"all_gulf","all_gulf","_1","species","Area","Capelin",0.456382828805571,0.39030933031462,0.0660734984909516
"PT","biomass",230,"all_gulf","all_gulf","_1","species","Area","Daubed shanny",0.65100370710672,0.619092322562136,0.0319113845445841
"PT","biomass",230,"all_gulf","all_gulf","_1","species","Area","Dusky snailfish",0.70101261257551,0.692217296616664,0.00879531595884575
"PT","biomass",230,"all_gulf","all_gulf","_1","species","Area","Fourbeard rockling",0.635259862911815,0.579518658280262,0.0557412046315535
"PT","biomass",230,"all_gulf","all_gulf","_1","species","Area","Fourline snakeblenny",0.494832682646568,0.457924403127758,0.0369082795188104
"PT","biomass",230,"all_gulf","all_gulf","_1","species","Area","Greenland cod",0.596816449366749,0.590979701020294,0.00583674834645485
"PT","biomass",230,"all_gulf","all_gulf","_1","species","Area","Greenland halibut",0.564468266667761,0.55150316487778,0.0129651017899814
"PT","biomass",230,"all_gulf","all_gulf","_1","species","Area","Laval's eelpout",0.813401281084796,0.773701311353375,0.0396999697314212
"PT","biomass",230,"all_gulf","all_gulf","_1","species","Area","Longhorn sculpin",0.471647968208894,0.463259864158592,0.00838810405030218
"PT","biomass",230,"all_gulf","all_gulf","_1","species","Area","Marlin-spike grenadier",0.58448085755405,0.566198916792085,0.0182819407619653
"PT","biomass",230,"all_gulf","all_gulf","_1","species","Area","Moustache sculpin",0.801430598929462,0.788575851463804,0.0128547474656588
"PT","biomass",230,"all_gulf","all_gulf","_1","species","Area","Northern sand lance",0.329329251457271,0.326837247984381,0.00249200347289038
"PT","biomass",230,"all_gulf","all_gulf","_1","species","Area","Rainbow smelt",0.683546041373279,0.664568820649169,0.0189772207241097
"PT","biomass",230,"all_gulf","all_gulf","_1","species","Area","Redfish unidentified",0.629715509641947,0.617835761697136,0.0118797479448116
"PT","biomass",230,"all_gulf","all_gulf","_1","species","Area","Sea raven",0.23913040554373,0.234093056405286,0.00503734913844391
"PT","biomass",230,"all_gulf","all_gulf","_1","species","Area","Shorthorn sculpin",0.327593976782391,0.322178687139694,0.00541528964269779
"PT","biomass",230,"all_gulf","all_gulf","_1","species","Area","Smooth skate",0.788743798219213,0.778979254768559,0.00976454345065469
"PT","biomass",230,"all_gulf","all_gulf","_1","species","Area","Snakeblenny",0.440605652092476,0.407189470229836,0.0334161818626399
"PT","biomass",230,"all_gulf","all_gulf","_1","species","Area","Spatulate sculpin",0.899305194334254,0.88949833909618,0.00980685523807347
"PT","biomass",230,"all_gulf","all_gulf","_1","species","Area","Stout eelblenny",0.681632765629755,0.668263132112709,0.0133696335170459
"PT","biomass",230,"all_gulf","all_gulf","_1","species","Area","Thorny skate",0.644832161758607,0.616717479547253,0.0281146822113538
"PT","biomass",230,"all_gulf","all_gulf","_1","species","Area","Three-spined stickleback",0.338190602307159,0.32155667892542,0.016633923381739
"PT","biomass",230,"all_gulf","all_gulf","_1","species","Area","Vahl's eelpout",0.695021601271908,0.575391983477692,0.119629617794215
"PT","biomass",230,"all_gulf","all_gulf","_1","species","Area","White hake",0.46162430226892,0.449405933711091,0.0122183685578287
"PT","biomass",230,"all_gulf","all_gulf","_1","species","Area","Windowpane flounder",0.575563590430405,0.571928660758925,0.00363492967148012
"PT","biomass",230,"all_gulf","all_gulf","_1","species","Area","Winter flounder",0.294795984803838,0.284547037136998,0.0102489476668397
"PT","biomass",230,"all_gulf","all_gulf","_1","species","Area","Witch flounder",0.362412681425163,0.320113405952191,0.0422992754729722
"PT","biomass",230,"all_gulf","all_gulf","_1","species","Area","Yellowtail flounder",0.569179007015762,0.528117806073702,0.0410612009420604
"PT","biomass",250,"all_gulf","all_gulf","_1","species","Area","Alewife",0.721713750059436,0.705452052610709,0.0162616974487273
"PT","biomass",250,"all_gulf","all_gulf","_1","species","Area","Alligatorfish",0.848854503668635,0.805906405730922,0.0429480979377128
"PT","biomass",250,"all_gulf","all_gulf","_1","species","Area","American plaice",0.53197453067708,0.519329093898745,0.0126454367783353
"PT","biomass",250,"all_gulf","all_gulf","_1","species","Area","Arctic alligatorfish",0.921291373693439,0.888437662888285,0.0328537108051543
"PT","biomass",250,"all_gulf","all_gulf","_1","species","Area","Arctic hookear sculpin",0.867135903072269,0.846455762906569,0.0206801401656992
"PT","biomass",250,"all_gulf","all_gulf","_1","species","Area","Arctic staghorn sculpin",0.670165498507994,0.64300339448628,0.0271621040217146
"PT","biomass",250,"all_gulf","all_gulf","_1","species","Area","Atlantic cod",0.467937165387083,0.459539926460159,0.00839723892692407
"PT","biomass",250,"all_gulf","all_gulf","_1","species","Area","Atlantic herring",0.518064146419384,0.505889906330309,0.0121742400890755
"PT","biomass",250,"all_gulf","all_gulf","_1","species","Area","Atlantic hookear sculpin",0.886643466659954,0.865669314556342,0.0209741521036125
"PT","biomass",250,"all_gulf","all_gulf","_1","species","Area","Atlantic mackerel",0.397253144054709,0.395874413489423,0.00137873056528593
"PT","biomass",250,"all_gulf","all_gulf","_1","species","Area","Atlantic poacher",0.82432867082666,0.799841261265576,0.0244874095610844
"PT","biomass",250,"all_gulf","all_gulf","_1","species","Area","Atlantic spiny lumpsucker",0.43416031227043,0.409186236298789,0.0249740759716409
"PT","biomass",250,"all_gulf","all_gulf","_1","species","Area","Capelin",0.457616303932015,0.388557816800387,0.069058487131628
"PT","biomass",250,"all_gulf","all_gulf","_1","species","Area","Daubed shanny",0.664049003951014,0.629880516469752,0.0341684874812626
"PT","biomass",250,"all_gulf","all_gulf","_1","species","Area","Dusky snailfish",0.701246074252485,0.694164189253784,0.00708188499870125
"PT","biomass",250,"all_gulf","all_gulf","_1","species","Area","Fourbeard rockling",0.629950270211338,0.568953566859051,0.0609967033522867
"PT","biomass",250,"all_gulf","all_gulf","_1","species","Area","Fourline snakeblenny",0.520478981540394,0.49258026841217,0.0278987131282236
"PT","biomass",250,"all_gulf","all_gulf","_1","species","Area","Greenland cod",0.597589342911603,0.592154467383498,0.00543487552810501
"PT","biomass",250,"all_gulf","all_gulf","_1","species","Area","Greenland halibut",0.567847164110642,0.553931685638511,0.0139154784721304
"PT","biomass",250,"all_gulf","all_gulf","_1","species","Area","Laval's eelpout",0.818198273435991,0.773993588966832,0.0442046844691594
"PT","biomass",250,"all_gulf","all_gulf","_1","species","Area","Longhorn sculpin",0.46302479456502,0.453351611683505,0.00967318288151501
"PT","biomass",250,"all_gulf","all_gulf","_1","species","Area","Marlin-spike grenadier",0.593784209233631,0.574382618216224,0.0194015910174062
"PT","biomass",250,"all_gulf","all_gulf","_1","species","Area","Moustache sculpin",0.792909114832713,0.7787207896111,0.014188325221613
"PT","biomass",250,"all_gulf","all_gulf","_1","species","Area","Northern sand lance",0.324912605140307,0.322284186804571,0.0026284183357357
"PT","biomass",250,"all_gulf","all_gulf","_1","species","Area","Rainbow smelt",0.685074121986583,0.665709513307143,0.0193646086794399
"PT","biomass",250,"all_gulf","all_gulf","_1","species","Area","Redfish unidentified",0.627999599533328,0.615461782201144,0.012537817332184
"PT","biomass",250,"all_gulf","all_gulf","_1","species","Area","Sea raven",0.23028440196569,0.2238379014354,0.00644650053029024
"PT","biomass",250,"all_gulf","all_gulf","_1","species","Area","Shorthorn sculpin",0.329332391153434,0.322729688086436,0.00660270306699833
"PT","biomass",250,"all_gulf","all_gulf","_1","species","Area","Smooth skate",0.789354941928294,0.779160084056529,0.0101948578717658
"PT","biomass",250,"all_gulf","all_gulf","_1","species","Area","Snakeblenny",0.456209915332724,0.423209823493175,0.0330000918395485
"PT","biomass",250,"all_gulf","all_gulf","_1","species","Area","Spatulate sculpin",0.90464551283509,0.898738992957051,0.00590651987803936
"PT","biomass",250,"all_gulf","all_gulf","_1","species","Area","Stout eelblenny",0.682224955314025,0.667125523511595,0.0150994318024294
"PT","biomass",250,"all_gulf","all_gulf","_1","species","Area","Thorny skate",0.646962392704575,0.616619354891725,0.0303430378128504
"PT","biomass",250,"all_gulf","all_gulf","_1","species","Area","Three-spined stickleback",0.327944578208731,0.313166767872028,0.0147778103367027
"PT","biomass",250,"all_gulf","all_gulf","_1","species","Area","Vahl's eelpout",0.726876763175383,0.667590325124324,0.0592864380510595
"PT","biomass",250,"all_gulf","all_gulf","_1","species","Area","White hake",0.451306712358839,0.441985641053893,0.00932107130494584
"PT","biomass",250,"all_gulf","all_gulf","_1","species","Area","Windowpane flounder",0.578684140452833,0.57495350292406,0.00373063752877315
"PT","biomass",250,"all_gulf","all_gulf","_1","species","Area","Winter flounder",0.287636392831706,0.275356539424725,0.0122798534069805
"PT","biomass",250,"all_gulf","all_gulf","_1","species","Area","Witch flounder",0.372447301457219,0.327360312717279,0.0450869887399402
"PT","biomass",250,"all_gulf","all_gulf","_1","species","Area","Yellowtail flounder",0.579873555383307,0.532309327204703,0.0475642281786047
"PT","biomass",270,"all_gulf","all_gulf","_1","species","Area","Alewife",0.729578594526502,0.71403691605141,0.0155416784750921
"PT","biomass",270,"all_gulf","all_gulf","_1","species","Area","Alligatorfish",0.852345828883817,0.811989012583006,0.0403568163008111
"PT","biomass",270,"all_gulf","all_gulf","_1","species","Area","American plaice",0.518592421061507,0.506562282198211,0.0120301388632955
"PT","biomass",270,"all_gulf","all_gulf","_1","species","Area","Arctic alligatorfish",0.923096586158121,0.895507004029991,0.0275895821281304
"PT","biomass",270,"all_gulf","all_gulf","_1","species","Area","Arctic hookear sculpin",0.876596896910585,0.857531189277342,0.0190657076332434
"PT","biomass",270,"all_gulf","all_gulf","_1","species","Area","Arctic staghorn sculpin",0.670412552066249,0.641685284932791,0.028727267133458
"PT","biomass",270,"all_gulf","all_gulf","_1","species","Area","Atlantic cod",0.444582706640481,0.436622431814021,0.00796027482646039
"PT","biomass",270,"all_gulf","all_gulf","_1","species","Area","Atlantic herring",0.503060382677736,0.490699825194218,0.0123605574835178
"PT","biomass",270,"all_gulf","all_gulf","_1","species","Area","Atlantic hookear sculpin",0.894894070483352,0.878143327393624,0.0167507430897284
"PT","biomass",270,"all_gulf","all_gulf","_1","species","Area","Atlantic mackerel",0.41008235603541,0.408825567966136,0.00125678806927412
"PT","biomass",270,"all_gulf","all_gulf","_1","species","Area","Atlantic poacher",0.823500724921282,0.79786486250268,0.0256358624186019
"PT","biomass",270,"all_gulf","all_gulf","_1","species","Area","Atlantic spiny lumpsucker",0.439701638697985,0.413584914387724,0.0261167243102606
"PT","biomass",270,"all_gulf","all_gulf","_1","species","Area","Capelin",0.454882182723669,0.388246888697544,0.0666352940261255
"PT","biomass",270,"all_gulf","all_gulf","_1","species","Area","Daubed shanny",0.663865931013181,0.628814219135295,0.0350517118778864
"PT","biomass",270,"all_gulf","all_gulf","_1","species","Area","Dusky snailfish",0.694310557330556,0.687400811566422,0.00690974576413369
"PT","biomass",270,"all_gulf","all_gulf","_1","species","Area","Fourbeard rockling",0.633872779313196,0.574347141296262,0.0595256380169345
"PT","biomass",270,"all_gulf","all_gulf","_1","species","Area","Fourline snakeblenny",0.509539811900382,0.481909226270444,0.0276305856299379
"PT","biomass",270,"all_gulf","all_gulf","_1","species","Area","Greenland cod",0.598007182281133,0.591567416334869,0.00643976594626355
"PT","biomass",270,"all_gulf","all_gulf","_1","species","Area","Greenland halibut",0.560377339860192,0.546726053759491,0.0136512861007011
"PT","biomass",270,"all_gulf","all_gulf","_1","species","Area","Laval's eelpout",0.812091706839124,0.763285279779773,0.0488064270593511
"PT","biomass",270,"all_gulf","all_gulf","_1","species","Area","Longhorn sculpin",0.469955248928275,0.460332528732147,0.00962272019612836
"PT","biomass",270,"all_gulf","all_gulf","_1","species","Area","Marlin-spike grenadier",0.59203042351231,0.571330635349091,0.0206997881632198
"PT","biomass",270,"all_gulf","all_gulf","_1","species","Area","Moustache sculpin",0.787603727275795,0.773906225246433,0.0136975020293618
"PT","biomass",270,"all_gulf","all_gulf","_1","species","Area","Northern sand lance",0.324074122272011,0.321509213382265,0.00256490888974617
"PT","biomass",270,"all_gulf","all_gulf","_1","species","Area","Rainbow smelt",0.691298697675331,0.672808133210503,0.0184905644648282
"PT","biomass",270,"all_gulf","all_gulf","_1","species","Area","Redfish unidentified",0.631913481383376,0.619245095788892,0.012668385594484
"PT","biomass",270,"all_gulf","all_gulf","_1","species","Area","Sea raven",0.227435712050245,0.221108579687664,0.0063271323625808
"PT","biomass",270,"all_gulf","all_gulf","_1","species","Area","Shorthorn sculpin",0.328806075656564,0.321707236075679,0.00709883958088471
"PT","biomass",270,"all_gulf","all_gulf","_1","species","Area","Smooth skate",0.789970698259674,0.77947246290513,0.0104982353545438
"PT","biomass",270,"all_gulf","all_gulf","_1","species","Area","Snakeblenny",0.463755665073975,0.43698770183081,0.026767963243165
"PT","biomass",270,"all_gulf","all_gulf","_1","species","Area","Spatulate sculpin",0.89804214799915,0.892565777769388,0.0054763702297623
"PT","biomass",270,"all_gulf","all_gulf","_1","species","Area","Stout eelblenny",0.682670007230732,0.667555569771086,0.0151144374596454
"PT","biomass",270,"all_gulf","all_gulf","_1","species","Area","Thorny skate",0.638533389064344,0.606741672263885,0.0317917168004592
"PT","biomass",270,"all_gulf","all_gulf","_1","species","Area","Three-spined stickleback",0.333877761915452,0.322130975617045,0.0117467862984071
"PT","biomass",270,"all_gulf","all_gulf","_1","species","Area","Vahl's eelpout",0.726030476665188,0.67316459909275,0.0528658775724379
"PT","biomass",270,"all_gulf","all_gulf","_1","species","Area","White hake",0.46288681275974,0.453974323782449,0.00891248897729112
"PT","biomass",270,"all_gulf","all_gulf","_1","species","Area","Windowpane flounder",0.570318383911628,0.566857038284249,0.00346134562737865
"PT","biomass",270,"all_gulf","all_gulf","_1","species","Area","Winter flounder",0.295116329767694,0.282930029696115,0.0121863000715787
"PT","biomass",270,"all_gulf","all_gulf","_1","species","Area","Witch flounder",0.374838122306088,0.33216607741526,0.0426720448908283
"PT","biomass",270,"all_gulf","all_gulf","_1","species","Area","Yellowtail flounder",0.579387271989087,0.53024769652306,0.0491395754660276
"PT","biomass",290,"all_gulf","all_gulf","_1","species","Area","Alewife",0.726780160842837,0.710095184191633,0.0166849766512035
"PT","biomass",290,"all_gulf","all_gulf","_1","species","Area","Alligatorfish",0.848229640067229,0.804235209750054,0.0439944303171752
"PT","biomass",290,"all_gulf","all_gulf","_1","species","Area","American plaice",0.520234953464638,0.507854113241944,0.0123808402226942
"PT","biomass",290,"all_gulf","all_gulf","_1","species","Area","Arctic alligatorfish",0.922471399982778,0.894480659616096,0.0279907403666818
"PT","biomass",290,"all_gulf","all_gulf","_1","species","Area","Arctic hookear sculpin",0.87814054060049,0.859325298512627,0.0188152420878623
"PT","biomass",290,"all_gulf","all_gulf","_1","species","Area","Arctic staghorn sculpin",0.670990309567535,0.644125327115268,0.026864982452267
"PT","biomass",290,"all_gulf","all_gulf","_1","species","Area","Atlantic cod",0.436798093066295,0.428002010046119,0.00879608302017573
"PT","biomass",290,"all_gulf","all_gulf","_1","species","Area","Atlantic herring",0.517345703360609,0.504690967535603,0.0126547358250058
"PT","biomass",290,"all_gulf","all_gulf","_1","species","Area","Atlantic hookear sculpin",0.889038804370239,0.869135693718249,0.0199031106519906
"PT","biomass",290,"all_gulf","all_gulf","_1","species","Area","Atlantic mackerel",0.403858070655851,0.402560542990879,0.00129752766497214
"PT","biomass",290,"all_gulf","all_gulf","_1","species","Area","Atlantic poacher",0.821642987851356,0.796862360583536,0.0247806272678207
"PT","biomass",290,"all_gulf","all_gulf","_1","species","Area","Atlantic spiny lumpsucker",0.439689474836744,0.410367680970031,0.0293217938667129
"PT","biomass",290,"all_gulf","all_gulf","_1","species","Area","Capelin",0.441805621734865,0.361536425389891,0.0802691963449741
"PT","biomass",290,"all_gulf","all_gulf","_1","species","Area","Daubed shanny",0.66007695886771,0.627009937137152,0.0330670217305579
"PT","biomass",290,"all_gulf","all_gulf","_1","species","Area","Dusky snailfish",0.695213066742811,0.688493819389537,0.00671924735327431
"PT","biomass",290,"all_gulf","all_gulf","_1","species","Area","Fourbeard rockling",0.636717677762111,0.578653335819606,0.0580643419425049
"PT","biomass",290,"all_gulf","all_gulf","_1","species","Area","Fourline snakeblenny",0.515821801485709,0.489264101006097,0.0265577004796117
"PT","biomass",290,"all_gulf","all_gulf","_1","species","Area","Greenland cod",0.588365839855175,0.58254641386455,0.00581942599062558
"PT","biomass",290,"all_gulf","all_gulf","_1","species","Area","Greenland halibut",0.552784234871724,0.535844523577975,0.0169397112937494
"PT","biomass",290,"all_gulf","all_gulf","_1","species","Area","Laval's eelpout",0.809546470230915,0.757745226016459,0.0518012442144558
"PT","biomass",290,"all_gulf","all_gulf","_1","species","Area","Longhorn sculpin",0.465715676753207,0.455183976230685,0.0105317005225218
"PT","biomass",290,"all_gulf","all_gulf","_1","species","Area","Marlin-spike grenadier",0.592835345071086,0.570241754796009,0.0225935902750774
"PT","biomass",290,"all_gulf","all_gulf","_1","species","Area","Moustache sculpin",0.78998233421785,0.777825575250937,0.0121567589669133
"PT","biomass",290,"all_gulf","all_gulf","_1","species","Area","Northern sand lance",0.336523309097238,0.333381887636195,0.00314142146104241
"PT","biomass",290,"all_gulf","all_gulf","_1","species","Area","Rainbow smelt",0.690151553272789,0.671707098703179,0.0184444545696104
"PT","biomass",290,"all_gulf","all_gulf","_1","species","Area","Redfish unidentified",0.625934536375222,0.612646038178315,0.0132884981969076
"PT","biomass",290,"all_gulf","all_gulf","_1","species","Area","Sea raven",0.215074836818923,0.207669461297023,0.00740537552190008
"PT","biomass",290,"all_gulf","all_gulf","_1","species","Area","Shorthorn sculpin",0.330593679903029,0.324156524164601,0.00643715573842793
"PT","biomass",290,"all_gulf","all_gulf","_1","species","Area","Smooth skate",0.787811962272969,0.776897022368408,0.010914939904561
"PT","biomass",290,"all_gulf","all_gulf","_1","species","Area","Snakeblenny",0.459239624866478,0.427482202028121,0.0317574228383568
"PT","biomass",290,"all_gulf","all_gulf","_1","species","Area","Spatulate sculpin",0.904794685762994,0.899149484801636,0.00564520096135802
"PT","biomass",290,"all_gulf","all_gulf","_1","species","Area","Stout eelblenny",0.67783369583065,0.661771690829285,0.0160620050013658
"PT","biomass",290,"all_gulf","all_gulf","_1","species","Area","Thorny skate",0.64435868032515,0.6111874041763,0.0331712761488498
"PT","biomass",290,"all_gulf","all_gulf","_1","species","Area","Three-spined stickleback",0.330716688789924,0.312875351724199,0.0178413370657254
"PT","biomass",290,"all_gulf","all_gulf","_1","species","Area","Vahl's eelpout",0.71864611899133,0.650323204415368,0.0683229145759618
"PT","biomass",290,"all_gulf","all_gulf","_1","species","Area","White hake",0.458476433527475,0.449938223923705,0.00853820960376982
"PT","biomass",290,"all_gulf","all_gulf","_1","species","Area","Windowpane flounder",0.561784342187864,0.558061605147937,0.00372273703992649
"PT","biomass",290,"all_gulf","all_gulf","_1","species","Area","Winter flounder",0.290144452631113,0.276308374791213,0.0138360778399002
"PT","biomass",290,"all_gulf","all_gulf","_1","species","Area","Witch flounder",0.366714954674816,0.316586085521875,0.0501288691529412
"PT","biomass",290,"all_gulf","all_gulf","_1","species","Area","Yellowtail flounder",0.578745308854236,0.526734331446612,0.0520109774076233
"PT","biomass",310,"all_gulf","all_gulf","_1","species","Area","Alewife",0.730910750303973,0.722846166838516,0.00806458346545635
"PT","biomass",310,"all_gulf","all_gulf","_1","species","Area","Alligatorfish",0.836568689288394,0.791622454629666,0.0449462346587285
"PT","biomass",310,"all_gulf","all_gulf","_1","species","Area","American plaice",0.52412571024541,0.512136516926643,0.0119891933187678
"PT","biomass",310,"all_gulf","all_gulf","_1","species","Area","Arctic alligatorfish",0.914676790665147,0.885520806732993,0.0291559839321546
"PT","biomass",310,"all_gulf","all_gulf","_1","species","Area","Arctic hookear sculpin",0.871174107083117,0.851651781786324,0.019522325296793
"PT","biomass",310,"all_gulf","all_gulf","_1","species","Area","Arctic staghorn sculpin",0.691515753082233,0.666599077782919,0.0249166752993141
"PT","biomass",310,"all_gulf","all_gulf","_1","species","Area","Atlantic cod",0.445294974780364,0.438246203829751,0.0070487709506133
"PT","biomass",310,"all_gulf","all_gulf","_1","species","Area","Atlantic herring",0.511866140901467,0.504780980316192,0.00708516058527446
"PT","biomass",310,"all_gulf","all_gulf","_1","species","Area","Atlantic hookear sculpin",0.875269777790701,0.851807786072527,0.0234619917181743
"PT","biomass",310,"all_gulf","all_gulf","_1","species","Area","Atlantic mackerel",0.401899196857495,0.401781054253635,0.000118142603859777
"PT","biomass",310,"all_gulf","all_gulf","_1","species","Area","Atlantic poacher",0.826557910868767,0.797410321068909,0.0291475897998577
"PT","biomass",310,"all_gulf","all_gulf","_1","species","Area","Atlantic spiny lumpsucker",0.448133830660207,0.430985480510764,0.0171483501494437
"PT","biomass",310,"all_gulf","all_gulf","_1","species","Area","Capelin",0.448571659052456,0.381126167198735,0.0674454918537207
"PT","biomass",310,"all_gulf","all_gulf","_1","species","Area","Daubed shanny",0.672405602402927,0.638872342202248,0.033533260200679
"PT","biomass",310,"all_gulf","all_gulf","_1","species","Area","Dusky snailfish",0.698571696044033,0.692860066886944,0.00571162915708959
"PT","biomass",310,"all_gulf","all_gulf","_1","species","Area","Fourbeard rockling",0.659623923529213,0.605972742772109,0.0536511807571041
"PT","biomass",310,"all_gulf","all_gulf","_1","species","Area","Fourline snakeblenny",0.530749727291315,0.506499878753903,0.0242498485374119
"PT","biomass",310,"all_gulf","all_gulf","_1","species","Area","Greenland cod",0.608493571512396,0.602056064086063,0.00643750742633297
"PT","biomass",310,"all_gulf","all_gulf","_1","species","Area","Greenland halibut",0.552766931744752,0.539097724434491,0.0136692073102612
"PT","biomass",310,"all_gulf","all_gulf","_1","species","Area","Laval's eelpout",0.823408420841098,0.772247715195728,0.0511607056453695
"PT","biomass",310,"all_gulf","all_gulf","_1","species","Area","Longhorn sculpin",0.466688016386228,0.457815055136034,0.00887296125019444
"PT","biomass",310,"all_gulf","all_gulf","_1","species","Area","Marlin-spike grenadier",0.60784243816878,0.588972718796475,0.018869719372305
"PT","biomass",310,"all_gulf","all_gulf","_1","species","Area","Moustache sculpin",0.786091220914135,0.77178866332989,0.0143025575842446
"PT","biomass",310,"all_gulf","all_gulf","_1","species","Area","Northern sand lance",0.326920549214463,0.324917994557738,0.0020025546567243
"PT","biomass",310,"all_gulf","all_gulf","_1","species","Area","Rainbow smelt",0.703798205427612,0.691416573820173,0.0123816316074391
"PT","biomass",310,"all_gulf","all_gulf","_1","species","Area","Redfish unidentified",0.633021021208218,0.620784646713349,0.012236374494869
"PT","biomass",310,"all_gulf","all_gulf","_1","species","Area","Sea raven",0.220028395016465,0.214101860622939,0.00592653439352587
"PT","biomass",310,"all_gulf","all_gulf","_1","species","Area","Shorthorn sculpin",0.327318590073105,0.322186326947455,0.00513226312564961
"PT","biomass",310,"all_gulf","all_gulf","_1","species","Area","Smooth skate",0.791520570502463,0.781693173199638,0.00982739730282506
"PT","biomass",310,"all_gulf","all_gulf","_1","species","Area","Snakeblenny",0.477414697867129,0.448954913896442,0.0284597839706861
"PT","biomass",310,"all_gulf","all_gulf","_1","species","Area","Spatulate sculpin",0.902475838338282,0.896985916186152,0.00548992215212998
"PT","biomass",310,"all_gulf","all_gulf","_1","species","Area","Stout eelblenny",0.690825133199324,0.675937036993074,0.01488809620625
"PT","biomass",310,"all_gulf","all_gulf","_1","species","Area","Thorny skate",0.650764175742234,0.621345423976915,0.0294187517653187
"PT","biomass",310,"all_gulf","all_gulf","_1","species","Area","Three-spined stickleback",0.321323253920901,0.306997026395398,0.0143262275255026
"PT","biomass",310,"all_gulf","all_gulf","_1","species","Area","Vahl's eelpout",0.782531112676461,0.72797333225965,0.0545577804168111
"PT","biomass",310,"all_gulf","all_gulf","_1","species","Area","White hake",0.463054339395011,0.455136240628518,0.00791809876649227
"PT","biomass",310,"all_gulf","all_gulf","_1","species","Area","Windowpane flounder",0.576320901899301,0.572550860839021,0.00377004106027981
"PT","biomass",310,"all_gulf","all_gulf","_1","species","Area","Winter flounder",0.290203170379386,0.27809065029824,0.0121125200811458
"PT","biomass",310,"all_gulf","all_gulf","_1","species","Area","Witch flounder",0.3786370101629,0.336139514661416,0.0424974955014834
"PT","biomass",310,"all_gulf","all_gulf","_1","species","Area","Yellowtail flounder",0.582851168361966,0.53622120046175,0.0466299679002155
"PT","biomass",330,"all_gulf","all_gulf","_1","species","Area","Alewife",0.737053067001033,0.736932328487845,0.000120738513188053
"PT","biomass",330,"all_gulf","all_gulf","_1","species","Area","Alligatorfish",0.837986096404978,0.78937882206648,0.048607274338498
"PT","biomass",330,"all_gulf","all_gulf","_1","species","Area","American plaice",0.507581658994036,0.492863187234507,0.0147184717595289
"PT","biomass",330,"all_gulf","all_gulf","_1","species","Area","Arctic alligatorfish",0.910277783445526,0.879969472484932,0.0303083109605936
"PT","biomass",330,"all_gulf","all_gulf","_1","species","Area","Arctic hookear sculpin",0.868048343643714,0.848392815233131,0.019655528410582
"PT","biomass",330,"all_gulf","all_gulf","_1","species","Area","Arctic staghorn sculpin",0.677197270691095,0.648229243753133,0.0289680269379621
"PT","biomass",330,"all_gulf","all_gulf","_1","species","Area","Atlantic cod",0.445612168604765,0.437467665223981,0.00814450338078408
"PT","biomass",330,"all_gulf","all_gulf","_1","species","Area","Atlantic herring",0.496214385804853,0.490537132835596,0.0056772529692574
"PT","biomass",330,"all_gulf","all_gulf","_1","species","Area","Atlantic hookear sculpin",0.876451501627498,0.852785261217737,0.0236662404097611
"PT","biomass",330,"all_gulf","all_gulf","_1","species","Area","Atlantic mackerel",0.409616675887334,0.409500788387334,0.000115887500000842
"PT","biomass",330,"all_gulf","all_gulf","_1","species","Area","Atlantic poacher",0.828353054297499,0.798553709741733,0.0297993445557668
"PT","biomass",330,"all_gulf","all_gulf","_1","species","Area","Atlantic spiny lumpsucker",0.446730330137363,0.439467363420068,0.00726296671729504
"PT","biomass",330,"all_gulf","all_gulf","_1","species","Area","Capelin",0.331491967583561,0.329189272663386,0.00230269492017416
"PT","biomass",330,"all_gulf","all_gulf","_1","species","Area","Daubed shanny",0.655995300959745,0.618555812047399,0.037439488912346
"PT","biomass",330,"all_gulf","all_gulf","_1","species","Area","Dusky snailfish",0.676251589121902,0.668117468054848,0.00813412106705411
"PT","biomass",330,"all_gulf","all_gulf","_1","species","Area","Fourbeard rockling",0.651657658070979,0.592416093822576,0.0592415642484029
"PT","biomass",330,"all_gulf","all_gulf","_1","species","Area","Fourline snakeblenny",0.516902228332509,0.48849054961796,0.0284116787145485
"PT","biomass",330,"all_gulf","all_gulf","_1","species","Area","Greenland cod",0.60749390978454,0.601104671264447,0.0063892385200927
"PT","biomass",330,"all_gulf","all_gulf","_1","species","Area","Greenland halibut",0.486828413863932,0.484751564577245,0.00207684928668692
"PT","biomass",330,"all_gulf","all_gulf","_1","species","Area","Laval's eelpout",0.825485510547448,0.776141820035176,0.0493436905122713
"PT","biomass",330,"all_gulf","all_gulf","_1","species","Area","Longhorn sculpin",0.465135695374812,0.455634200491093,0.00950149488371933
"PT","biomass",330,"all_gulf","all_gulf","_1","species","Area","Marlin-spike grenadier",0.591955174224937,0.574046082723832,0.0179090915011046
"PT","biomass",330,"all_gulf","all_gulf","_1","species","Area","Moustache sculpin",0.768970579690155,0.752136655326826,0.0168339243633289
"PT","biomass",330,"all_gulf","all_gulf","_1","species","Area","Northern sand lance",0.337305433278767,0.337305433278767,2.17881268582687e-17
"PT","biomass",330,"all_gulf","all_gulf","_1","species","Area","Rainbow smelt",0.683915302320489,0.670637622790291,0.0132776795301979
"PT","biomass",330,"all_gulf","all_gulf","_1","species","Area","Redfish unidentified",0.623345548490286,0.616428094803772,0.00691745368651384
"PT","biomass",330,"all_gulf","all_gulf","_1","species","Area","Sea raven",0.22941558814351,0.222247623557414,0.00716796458609599
"PT","biomass",330,"all_gulf","all_gulf","_1","species","Area","Shorthorn sculpin",0.32881898768888,0.322055346841927,0.00676364084695374
"PT","biomass",330,"all_gulf","all_gulf","_1","species","Area","Smooth skate",0.78116762801769,0.770049214790061,0.0111184132276289
"PT","biomass",330,"all_gulf","all_gulf","_1","species","Area","Snakeblenny",0.47601104460696,0.447081430211628,0.0289296143953316
"PT","biomass",330,"all_gulf","all_gulf","_1","species","Area","Spatulate sculpin",0.903729817479716,0.89780081944984,0.00592899802987645
"PT","biomass",330,"all_gulf","all_gulf","_1","species","Area","Stout eelblenny",0.665674412473534,0.648672900848273,0.0170015116252612
"PT","biomass",330,"all_gulf","all_gulf","_1","species","Area","Thorny skate",0.643630120708655,0.611247494553221,0.0323826261554334
"PT","biomass",330,"all_gulf","all_gulf","_1","species","Area","Three-spined stickleback",0.33031908900643,0.330304392241486,1.46967649438027e-05
"PT","biomass",330,"all_gulf","all_gulf","_1","species","Area","Vahl's eelpout",0.757734903026655,0.710071516121431,0.0476633869052236
"PT","biomass",330,"all_gulf","all_gulf","_1","species","Area","White hake",0.450086388433625,0.444174737614631,0.00591165081899404
"PT","biomass",330,"all_gulf","all_gulf","_1","species","Area","Windowpane flounder",0.55280417968465,0.552103792470839,0.000700387213810338
"PT","biomass",330,"all_gulf","all_gulf","_1","species","Area","Winter flounder",0.281758419605714,0.270179179758118,0.0115792398475965
"PT","biomass",330,"all_gulf","all_gulf","_1","species","Area","Witch flounder",0.378113713403574,0.332178968481219,0.0459347449223548
"PT","biomass",330,"all_gulf","all_gulf","_1","species","Area","Yellowtail flounder",0.584082668960851,0.535532430711325,0.048550238249526
"PT","biomass",350,"all_gulf","all_gulf","_1","species","Area","Alewife",0.732114968153794,0.731989737051068,0.0001252311027263
"PT","biomass",350,"all_gulf","all_gulf","_1","species","Area","Alligatorfish",0.847451245747869,0.800978678730629,0.0464725670172403
"PT","biomass",350,"all_gulf","all_gulf","_1","species","Area","American plaice",0.510388289348966,0.496717046347735,0.0136712430012311
"PT","biomass",350,"all_gulf","all_gulf","_1","species","Area","Arctic alligatorfish",0.911129951942471,0.883346604537938,0.027783347404533
"PT","biomass",350,"all_gulf","all_gulf","_1","species","Area","Arctic hookear sculpin",0.869779382976025,0.851007840099499,0.0187715428765259
"PT","biomass",350,"all_gulf","all_gulf","_1","species","Area","Arctic staghorn sculpin",0.670356610852202,0.641140962875077,0.0292156479771247
"PT","biomass",350,"all_gulf","all_gulf","_1","species","Area","Atlantic cod",0.446466164483493,0.438412749043511,0.00805341543998232
"PT","biomass",350,"all_gulf","all_gulf","_1","species","Area","Atlantic herring",0.50220308413349,0.495717721309182,0.00648536282430862
"PT","biomass",350,"all_gulf","all_gulf","_1","species","Area","Atlantic hookear sculpin",0.882430198129791,0.861421936954837,0.0210082611749533
"PT","biomass",350,"all_gulf","all_gulf","_1","species","Area","Atlantic mackerel",0.39692466684321,0.39681356488202,0.000111101961189519
"PT","biomass",350,"all_gulf","all_gulf","_1","species","Area","Atlantic poacher",0.827653894627177,0.798306948508033,0.0293469461191445
"PT","biomass",350,"all_gulf","all_gulf","_1","species","Area","Atlantic spiny lumpsucker",0.448509184083074,0.44017397040524,0.0083352136778334
"PT","biomass",350,"all_gulf","all_gulf","_1","species","Area","Capelin",0.32714629822389,0.324791409457472,0.0023548887664189
"PT","biomass",350,"all_gulf","all_gulf","_1","species","Area","Daubed shanny",0.658830651204576,0.622725655834293,0.0361049953702829
"PT","biomass",350,"all_gulf","all_gulf","_1","species","Area","Dusky snailfish",0.676790786396049,0.669476598480756,0.00731418791529331
"PT","biomass",350,"all_gulf","all_gulf","_1","species","Area","Fourbeard rockling",0.649511402861295,0.590979233839428,0.0585321690218675
"PT","biomass",350,"all_gulf","all_gulf","_1","species","Area","Fourline snakeblenny",0.525612952045847,0.500644406317178,0.0249685457286685
"PT","biomass",350,"all_gulf","all_gulf","_1","species","Area","Greenland cod",0.594272761986303,0.588440198027563,0.0058325639587402
"PT","biomass",350,"all_gulf","all_gulf","_1","species","Area","Greenland halibut",0.495518465493494,0.493845364828815,0.00167310066467936
"PT","biomass",350,"all_gulf","all_gulf","_1","species","Area","Laval's eelpout",0.828941313291675,0.782036311715781,0.0469050015758941
"PT","biomass",350,"all_gulf","all_gulf","_1","species","Area","Longhorn sculpin",0.464487370640632,0.455435514480477,0.00905185616015483
"PT","biomass",350,"all_gulf","all_gulf","_1","species","Area","Marlin-spike grenadier",0.590055107781991,0.57043486683386,0.0196202409481306
"PT","biomass",350,"all_gulf","all_gulf","_1","species","Area","Moustache sculpin",0.765925140919225,0.749241281785987,0.0166838591332384
"PT","biomass",350,"all_gulf","all_gulf","_1","species","Area","Northern sand lance",0.327750153075179,0.327750153075179,2.28289609438548e-17
"PT","biomass",350,"all_gulf","all_gulf","_1","species","Area","Rainbow smelt",0.661618578399997,0.646150375954481,0.0154682024455163
"PT","biomass",350,"all_gulf","all_gulf","_1","species","Area","Redfish unidentified",0.627664405051023,0.621152353555828,0.00651205149519468
"PT","biomass",350,"all_gulf","all_gulf","_1","species","Area","Sea raven",0.217770300632504,0.210579185695125,0.00719111493737932
"PT","biomass",350,"all_gulf","all_gulf","_1","species","Area","Shorthorn sculpin",0.323111669506198,0.316409675879327,0.00670199362687073
"PT","biomass",350,"all_gulf","all_gulf","_1","species","Area","Smooth skate",0.777008184174899,0.765659091356234,0.0113490928186655
"PT","biomass",350,"all_gulf","all_gulf","_1","species","Area","Snakeblenny",0.472960959070333,0.443369350839794,0.0295916082305384
"PT","biomass",350,"all_gulf","all_gulf","_1","species","Area","Spatulate sculpin",0.907344031120997,0.901932266036255,0.0054117650847419
"PT","biomass",350,"all_gulf","all_gulf","_1","species","Area","Stout eelblenny",0.667218103807326,0.650687179465785,0.0165309243415407
"PT","biomass",350,"all_gulf","all_gulf","_1","species","Area","Thorny skate",0.640675934459377,0.608602092874162,0.0320738415852143
"PT","biomass",350,"all_gulf","all_gulf","_1","species","Area","Three-spined stickleback",0.341238131330558,0.341226381207445,1.17501231124555e-05
"PT","biomass",350,"all_gulf","all_gulf","_1","species","Area","Vahl's eelpout",0.760007122491576,0.69369493212503,0.0663121903665468
"PT","biomass",350,"all_gulf","all_gulf","_1","species","Area","White hake",0.450341032356171,0.445192938900891,0.00514809345528058
"PT","biomass",350,"all_gulf","all_gulf","_1","species","Area","Windowpane flounder",0.577668195741591,0.576992059909932,0.000676135831658905
"PT","biomass",350,"all_gulf","all_gulf","_1","species","Area","Winter flounder",0.291049604675816,0.27686021194076,0.0141893927350557
"PT","biomass",350,"all_gulf","all_gulf","_1","species","Area","Witch flounder",0.387956991093,0.34291982657503,0.0450371645179697
"PT","biomass",350,"all_gulf","all_gulf","_1","species","Area","Yellowtail flounder",0.583393674799761,0.534387099926932,0.0490065748728293
"PT","biomass",370,"all_gulf","all_gulf","_1","species","Area","Alewife",0.732346346564771,0.732196261450712,0.00015008511405974
"PT","biomass",370,"all_gulf","all_gulf","_1","species","Area","Alligatorfish",0.84383735726261,0.797730773424574,0.0461065838380356
"PT","biomass",370,"all_gulf","all_gulf","_1","species","Area","American plaice",0.513090187014639,0.499011278901245,0.0140789081133937
"PT","biomass",370,"all_gulf","all_gulf","_1","species","Area","Arctic alligatorfish",0.908921035892829,0.880193532584329,0.0287275033084996
"PT","biomass",370,"all_gulf","all_gulf","_1","species","Area","Arctic hookear sculpin",0.867641186083104,0.846287813081923,0.0213533730011805
"PT","biomass",370,"all_gulf","all_gulf","_1","species","Area","Arctic staghorn sculpin",0.668127250361918,0.639338330219239,0.0287889201426792
"PT","biomass",370,"all_gulf","all_gulf","_1","species","Area","Atlantic cod",0.449413494307285,0.440866989810691,0.00854650449659483
"PT","biomass",370,"all_gulf","all_gulf","_1","species","Area","Atlantic herring",0.477057592540956,0.47096391806637,0.00609367447458604
"PT","biomass",370,"all_gulf","all_gulf","_1","species","Area","Atlantic hookear sculpin",0.877861148727048,0.853008369427888,0.0248527792991599
"PT","biomass",370,"all_gulf","all_gulf","_1","species","Area","Atlantic mackerel",0.395352330351845,0.395233370735795,0.000118959616049934
"PT","biomass",370,"all_gulf","all_gulf","_1","species","Area","Atlantic poacher",0.821849440844741,0.791554512445467,0.0302949283992747
"PT","biomass",370,"all_gulf","all_gulf","_1","species","Area","Atlantic spiny lumpsucker",0.449142576806451,0.440628923815564,0.00851365299088712
"PT","biomass",370,"all_gulf","all_gulf","_1","species","Area","Capelin",0.304131973183011,0.301966402466255,0.00216557071675637
"PT","biomass",370,"all_gulf","all_gulf","_1","species","Area","Daubed shanny",0.644583277974359,0.606376854433979,0.0382064235403797
"PT","biomass",370,"all_gulf","all_gulf","_1","species","Area","Dusky snailfish",0.681965546434817,0.674260141625839,0.00770540480897846
"PT","biomass",370,"all_gulf","all_gulf","_1","species","Area","Fourbeard rockling",0.643057794883873,0.582443995055256,0.0606137998286172
"PT","biomass",370,"all_gulf","all_gulf","_1","species","Area","Fourline snakeblenny",0.532022124191416,0.507676793922586,0.0243453302688293
"PT","biomass",370,"all_gulf","all_gulf","_1","species","Area","Greenland cod",0.590299885450172,0.58330246566191,0.00699741978826187
"PT","biomass",370,"all_gulf","all_gulf","_1","species","Area","Greenland halibut",0.501919336802259,0.499975692942235,0.0019436438600246
"PT","biomass",370,"all_gulf","all_gulf","_1","species","Area","Laval's eelpout",0.824120080582153,0.775150537339645,0.048969543242508
"PT","biomass",370,"all_gulf","all_gulf","_1","species","Area","Longhorn sculpin",0.463321311644746,0.453869137535407,0.00945217410933841
"PT","biomass",370,"all_gulf","all_gulf","_1","species","Area","Marlin-spike grenadier",0.570742333007562,0.548219922092553,0.0225224109150089
"PT","biomass",370,"all_gulf","all_gulf","_1","species","Area","Moustache sculpin",0.765410560085284,0.748190540608514,0.0172200194767699
"PT","biomass",370,"all_gulf","all_gulf","_1","species","Area","Northern sand lance",0.336013750387271,0.336013750387271,2.36269337428041e-17
"PT","biomass",370,"all_gulf","all_gulf","_1","species","Area","Rainbow smelt",0.661208545416425,0.646291159674194,0.0149173857422313
"PT","biomass",370,"all_gulf","all_gulf","_1","species","Area","Redfish unidentified",0.54730998274433,0.538821987802357,0.00848799494197315
"PT","biomass",370,"all_gulf","all_gulf","_1","species","Area","Sea raven",0.220853246509886,0.214969500084318,0.00588374642556814
"PT","biomass",370,"all_gulf","all_gulf","_1","species","Area","Shorthorn sculpin",0.324285911497099,0.318159482025844,0.00612642947125514
"PT","biomass",370,"all_gulf","all_gulf","_1","species","Area","Smooth skate",0.777423418250709,0.766333847760815,0.0110895704898942
"PT","biomass",370,"all_gulf","all_gulf","_1","species","Area","Snakeblenny",0.475315645887148,0.442201938266833,0.0331137076203151
"PT","biomass",370,"all_gulf","all_gulf","_1","species","Area","Spatulate sculpin",0.899755871178381,0.893158039084469,0.00659783209391261
"PT","biomass",370,"all_gulf","all_gulf","_1","species","Area","Stout eelblenny",0.670091399490373,0.653403077871903,0.0166883216184702
"PT","biomass",370,"all_gulf","all_gulf","_1","species","Area","Thorny skate",0.642619530624558,0.610497328134991,0.0321222024895663
"PT","biomass",370,"all_gulf","all_gulf","_1","species","Area","Three-spined stickleback",0.350091735901955,0.350082476206052,9.2596959026312e-06
"PT","biomass",370,"all_gulf","all_gulf","_1","species","Area","Vahl's eelpout",0.753425822351935,0.694896475724369,0.0585293466275655
"PT","biomass",370,"all_gulf","all_gulf","_1","species","Area","White hake",0.453569984372881,0.44743135458471,0.00613862978817034
"PT","biomass",370,"all_gulf","all_gulf","_1","species","Area","Windowpane flounder",0.586062162277217,0.585376098876468,0.000686063400749196
"PT","biomass",370,"all_gulf","all_gulf","_1","species","Area","Winter flounder",0.288815052129023,0.275996213868889,0.0128188382601344
"PT","biomass",370,"all_gulf","all_gulf","_1","species","Area","Witch flounder",0.375674736083996,0.330402802234598,0.0452719338493985
"PT","biomass",370,"all_gulf","all_gulf","_1","species","Area","Yellowtail flounder",0.57949208420752,0.530799815995108,0.048692268212412
"PT","biomass",390,"all_gulf","all_gulf","_1","species","Area","Alewife",0.729515957388012,0.729395189500327,0.000120767887685037
"PT","biomass",390,"all_gulf","all_gulf","_1","species","Area","Alligatorfish",0.843312011694972,0.801737588249887,0.041574423445085
"PT","biomass",390,"all_gulf","all_gulf","_1","species","Area","American plaice",0.503685430446263,0.490907490075176,0.0127779403710869
"PT","biomass",390,"all_gulf","all_gulf","_1","species","Area","Arctic alligatorfish",0.911564416100458,0.883181368260759,0.0283830478396983
"PT","biomass",390,"all_gulf","all_gulf","_1","species","Area","Arctic hookear sculpin",0.876314590225701,0.858215021107237,0.0180995691184639
"PT","biomass",390,"all_gulf","all_gulf","_1","species","Area","Arctic staghorn sculpin",0.674816381024826,0.650225083185558,0.0245912978392678
"PT","biomass",390,"all_gulf","all_gulf","_1","species","Area","Atlantic cod",0.44334610186877,0.435575287441759,0.00777081442701118
"PT","biomass",390,"all_gulf","all_gulf","_1","species","Area","Atlantic herring",0.475924825344983,0.470775580011005,0.00514924533397835
"PT","biomass",390,"all_gulf","all_gulf","_1","species","Area","Atlantic hookear sculpin",0.877393856653759,0.85310838713465,0.0242854695191088
"PT","biomass",390,"all_gulf","all_gulf","_1","species","Area","Atlantic mackerel",0.401551025729959,0.401446530220174,0.000104495509784682
"PT","biomass",390,"all_gulf","all_gulf","_1","species","Area","Atlantic poacher",0.826353903939137,0.799334466847961,0.0270194370911765
"PT","biomass",390,"all_gulf","all_gulf","_1","species","Area","Atlantic spiny lumpsucker",0.445720825200306,0.437746302588681,0.0079745226116243
"PT","biomass",390,"all_gulf","all_gulf","_1","species","Area","Capelin",0.296019501025578,0.294132881886319,0.00188661913925897
"PT","biomass",390,"all_gulf","all_gulf","_1","species","Area","Daubed shanny",0.651846938125153,0.617238132315627,0.0346088058095256
"PT","biomass",390,"all_gulf","all_gulf","_1","species","Area","Dusky snailfish",0.680771284947599,0.673662579532426,0.00710870541517241
"PT","biomass",390,"all_gulf","all_gulf","_1","species","Area","Fourbeard rockling",0.644000914102884,0.588601338545143,0.0553995755577407
"PT","biomass",390,"all_gulf","all_gulf","_1","species","Area","Fourline snakeblenny",0.521648476372567,0.49563093587237,0.0260175405001975
"PT","biomass",390,"all_gulf","all_gulf","_1","species","Area","Greenland cod",0.604408918849237,0.598412773979489,0.00599614486974845
"PT","biomass",390,"all_gulf","all_gulf","_1","species","Area","Greenland halibut",0.499079923319561,0.497429161033382,0.0016507622861791
"PT","biomass",390,"all_gulf","all_gulf","_1","species","Area","Laval's eelpout",0.822233231239749,0.770994026515756,0.0512392047239936
"PT","biomass",390,"all_gulf","all_gulf","_1","species","Area","Longhorn sculpin",0.464692754358686,0.455847539233412,0.00884521512527403
"PT","biomass",390,"all_gulf","all_gulf","_1","species","Area","Marlin-spike grenadier",0.5742293308237,0.555716424598958,0.0185129062247422
"PT","biomass",390,"all_gulf","all_gulf","_1","species","Area","Moustache sculpin",0.768384897195293,0.753226434444071,0.015158462751222
"PT","biomass",390,"all_gulf","all_gulf","_1","species","Area","Northern sand lance",0.321320664924749,0.321320664924749,2.56739074444567e-17
"PT","biomass",390,"all_gulf","all_gulf","_1","species","Area","Rainbow smelt",0.6598235971818,0.645351041970914,0.014472555210886
"PT","biomass",390,"all_gulf","all_gulf","_1","species","Area","Redfish unidentified",0.537416294690125,0.529602469238187,0.00781382545193859
"PT","biomass",390,"all_gulf","all_gulf","_1","species","Area","Sea raven",0.224431799483958,0.219145277486375,0.00528652199758212
"PT","biomass",390,"all_gulf","all_gulf","_1","species","Area","Shorthorn sculpin",0.327545940648231,0.322364943704988,0.00518099694324252
"PT","biomass",390,"all_gulf","all_gulf","_1","species","Area","Smooth skate",0.784146960704244,0.774427006883373,0.00971995382087166
"PT","biomass",390,"all_gulf","all_gulf","_1","species","Area","Snakeblenny",0.477867653720447,0.449563272063365,0.0283043816570819
"PT","biomass",390,"all_gulf","all_gulf","_1","species","Area","Spatulate sculpin",0.899092549807758,0.893147392093476,0.00594515771428214
"PT","biomass",390,"all_gulf","all_gulf","_1","species","Area","Stout eelblenny",0.669089117508781,0.653434526491016,0.0156545910177652
"PT","biomass",390,"all_gulf","all_gulf","_1","species","Area","Thorny skate",0.643704241881136,0.613790467471823,0.0299137744093136
"PT","biomass",390,"all_gulf","all_gulf","_1","species","Area","Three-spined stickleback",0.33785263739999,0.337839616565468,1.30208345220799e-05
"PT","biomass",390,"all_gulf","all_gulf","_1","species","Area","Vahl's eelpout",0.769511787433361,0.72747901419419,0.0420327732391704
"PT","biomass",390,"all_gulf","all_gulf","_1","species","Area","White hake",0.458882136183742,0.45400396132215,0.00487817486159207
"PT","biomass",390,"all_gulf","all_gulf","_1","species","Area","Windowpane flounder",0.579434349319321,0.578811514764539,0.00062283455478199
"PT","biomass",390,"all_gulf","all_gulf","_1","species","Area","Winter flounder",0.281604070454057,0.271114661000427,0.0104894094536296
"PT","biomass",390,"all_gulf","all_gulf","_1","species","Area","Witch flounder",0.382191572988934,0.341862833987341,0.0403287390015926
"PT","biomass",390,"all_gulf","all_gulf","_1","species","Area","Yellowtail flounder",0.579534073938309,0.535781880403369,0.0437521935349404
"PT","biomass",410,"all_gulf","all_gulf","_1","species","Area","Alewife",0.728207368681764,0.728070232057171,0.000137136624592808
"PT","biomass",410,"all_gulf","all_gulf","_1","species","Area","Alligatorfish",0.840600912428875,0.794571483536371,0.0460294288925044
"PT","biomass",410,"all_gulf","all_gulf","_1","species","Area","American plaice",0.505661527692523,0.491613442560198,0.0140480851323251
"PT","biomass",410,"all_gulf","all_gulf","_1","species","Area","Arctic alligatorfish",0.909900582791269,0.880794538032397,0.0291060447588717
"PT","biomass",410,"all_gulf","all_gulf","_1","species","Area","Arctic hookear sculpin",0.867187178068984,0.846950187191215,0.0202369908777687
"PT","biomass",410,"all_gulf","all_gulf","_1","species","Area","Arctic staghorn sculpin",0.678563923418973,0.652727494156738,0.0258364292622347
"PT","biomass",410,"all_gulf","all_gulf","_1","species","Area","Atlantic cod",0.431827271934869,0.423639969771841,0.00818730216302782
"PT","biomass",410,"all_gulf","all_gulf","_1","species","Area","Atlantic herring",0.478692803779893,0.472042321177835,0.00665048260205862
"PT","biomass",410,"all_gulf","all_gulf","_1","species","Area","Atlantic hookear sculpin",0.884986435536836,0.861524079624454,0.0234623559123824
"PT","biomass",410,"all_gulf","all_gulf","_1","species","Area","Atlantic mackerel",0.394651397946366,0.394524443536343,0.000126954410023603
"PT","biomass",410,"all_gulf","all_gulf","_1","species","Area","Atlantic poacher",0.821570960945002,0.790631355271199,0.0309396056738024
"PT","biomass",410,"all_gulf","all_gulf","_1","species","Area","Atlantic spiny lumpsucker",0.450113919120586,0.441524077205817,0.008589841914769
"PT","biomass",410,"all_gulf","all_gulf","_1","species","Area","Capelin",0.301143497699125,0.298712714439084,0.00243078326004108
"PT","biomass",410,"all_gulf","all_gulf","_1","species","Area","Daubed shanny",0.638280957591637,0.599078390405529,0.0392025671861077
"PT","biomass",410,"all_gulf","all_gulf","_1","species","Area","Dusky snailfish",0.674850381530531,0.667590521645842,0.00725985988468864
"PT","biomass",410,"all_gulf","all_gulf","_1","species","Area","Fourbeard rockling",0.658584245410343,0.602956959672054,0.0556272857382883
"PT","biomass",410,"all_gulf","all_gulf","_1","species","Area","Fourline snakeblenny",0.516939790250265,0.487452338313392,0.0294874519368729
"PT","biomass",410,"all_gulf","all_gulf","_1","species","Area","Greenland cod",0.602316027878443,0.596799278451278,0.00551674942716475
"PT","biomass",410,"all_gulf","all_gulf","_1","species","Area","Greenland halibut",0.497012034605248,0.495508611315492,0.0015034232897564
"PT","biomass",410,"all_gulf","all_gulf","_1","species","Area","Laval's eelpout",0.834795198254579,0.784665298395554,0.0501298998590255
"PT","biomass",410,"all_gulf","all_gulf","_1","species","Area","Longhorn sculpin",0.459154090471389,0.449746132470124,0.00940795800126455
"PT","biomass",410,"all_gulf","all_gulf","_1","species","Area","Marlin-spike grenadier",0.574354410207721,0.554623862429784,0.0197305477779374
"PT","biomass",410,"all_gulf","all_gulf","_1","species","Area","Moustache sculpin",0.766216821581853,0.750071209518186,0.016145612063667
"PT","biomass",410,"all_gulf","all_gulf","_1","species","Area","Northern sand lance",0.327557334240188,0.327557334240188,2.019218126037e-17
"PT","biomass",410,"all_gulf","all_gulf","_1","species","Area","Rainbow smelt",0.660875751270302,0.645544054270885,0.0153316969994174
"PT","biomass",410,"all_gulf","all_gulf","_1","species","Area","Redfish unidentified",0.548365075140566,0.540270006186182,0.00809506895438327
"PT","biomass",410,"all_gulf","all_gulf","_1","species","Area","Sea raven",0.224673479670548,0.217583304076658,0.00709017559389062
"PT","biomass",410,"all_gulf","all_gulf","_1","species","Area","Shorthorn sculpin",0.278087013589039,0.271771122983141,0.00631589060589734
"PT","biomass",410,"all_gulf","all_gulf","_1","species","Area","Smooth skate",0.778098157812193,0.767055727203355,0.0110424306088389
"PT","biomass",410,"all_gulf","all_gulf","_1","species","Area","Snakeblenny",0.475161549831335,0.444474956429749,0.0306865934015865
"PT","biomass",410,"all_gulf","all_gulf","_1","species","Area","Spatulate sculpin",0.903667493365894,0.897805623040638,0.00586187032525573
"PT","biomass",410,"all_gulf","all_gulf","_1","species","Area","Stout eelblenny",0.66949410254537,0.654138579122992,0.0153555234223776
"PT","biomass",410,"all_gulf","all_gulf","_1","species","Area","Thorny skate",0.639073087507672,0.607805981026637,0.031267106481035
"PT","biomass",410,"all_gulf","all_gulf","_1","species","Area","Three-spined stickleback",0.329606726305515,0.3295936618343,1.30644712147775e-05
"PT","biomass",410,"all_gulf","all_gulf","_1","species","Area","Vahl's eelpout",0.764502910806581,0.708198600325893,0.0563043104806877
"PT","biomass",410,"all_gulf","all_gulf","_1","species","Area","White hake",0.451252768312528,0.445335208778141,0.00591755953438669
"PT","biomass",410,"all_gulf","all_gulf","_1","species","Area","Windowpane flounder",0.566916868769502,0.566260938096905,0.00065593067259653
"PT","biomass",410,"all_gulf","all_gulf","_1","species","Area","Winter flounder",0.279583602181928,0.268671096321576,0.0109125058603523
"PT","biomass",410,"all_gulf","all_gulf","_1","species","Area","Witch flounder",0.375587070394888,0.331771409239604,0.0438156611552837
"PT","biomass",410,"all_gulf","all_gulf","_1","species","Area","Yellowtail flounder",0.576268305088728,0.528154473972951,0.0481138311157771
"PT","biomass",430,"all_gulf","all_gulf","_1","species","Area","Alewife",0.731933228116923,0.731827352214199,0.000105875902723574
"PT","biomass",430,"all_gulf","all_gulf","_1","species","Area","Alligatorfish",0.840938779892358,0.797565179476312,0.043373600416046
"PT","biomass",430,"all_gulf","all_gulf","_1","species","Area","American plaice",0.507077293036925,0.494219129039354,0.0128581639975708
"PT","biomass",430,"all_gulf","all_gulf","_1","species","Area","Arctic alligatorfish",0.912623129990876,0.88398996758719,0.0286331624036863
"PT","biomass",430,"all_gulf","all_gulf","_1","species","Area","Arctic hookear sculpin",0.873615864787412,0.85340826031173,0.0202076044756824
"PT","biomass",430,"all_gulf","all_gulf","_1","species","Area","Arctic staghorn sculpin",0.681688339996095,0.653967107298054,0.0277212326980408
"PT","biomass",430,"all_gulf","all_gulf","_1","species","Area","Atlantic cod",0.430521924564731,0.422470290565579,0.0080516339991521
"PT","biomass",430,"all_gulf","all_gulf","_1","species","Area","Atlantic herring",0.470459356179004,0.463443655154214,0.00701570102479082
"PT","biomass",430,"all_gulf","all_gulf","_1","species","Area","Atlantic hookear sculpin",0.882409388707856,0.862548476631801,0.0198609120760553
"PT","biomass",430,"all_gulf","all_gulf","_1","species","Area","Atlantic mackerel",0.39234030340196,0.392226930860993,0.000113372540967245
"PT","biomass",430,"all_gulf","all_gulf","_1","species","Area","Atlantic poacher",0.821888764414001,0.792500557722969,0.0293882066910325
"PT","biomass",430,"all_gulf","all_gulf","_1","species","Area","Atlantic spiny lumpsucker",0.450598545400095,0.442722647368606,0.00787589803148916
"PT","biomass",430,"all_gulf","all_gulf","_1","species","Area","Capelin",0.306073471230506,0.303957047052941,0.00211642417756477
"PT","biomass",430,"all_gulf","all_gulf","_1","species","Area","Daubed shanny",0.648072357920097,0.614781470251999,0.0332908876680974
"PT","biomass",430,"all_gulf","all_gulf","_1","species","Area","Dusky snailfish",0.677407731896926,0.670817500465706,0.00659023143121994
"PT","biomass",430,"all_gulf","all_gulf","_1","species","Area","Fourbeard rockling",0.642921782544966,0.587294775825238,0.0556270067197281
"PT","biomass",430,"all_gulf","all_gulf","_1","species","Area","Fourline snakeblenny",0.516025996363543,0.487346042496412,0.0286799538671305
"PT","biomass",430,"all_gulf","all_gulf","_1","species","Area","Greenland cod",0.592542773748997,0.587972840078256,0.00456993367074097
"PT","biomass",430,"all_gulf","all_gulf","_1","species","Area","Greenland halibut",0.498710623700766,0.49704835241677,0.00166227128399615
"PT","biomass",430,"all_gulf","all_gulf","_1","species","Area","Laval's eelpout",0.817814282126033,0.773670134627448,0.0441441474985845
"PT","biomass",430,"all_gulf","all_gulf","_1","species","Area","Longhorn sculpin",0.459102895696168,0.450142898011564,0.008959997684604
"PT","biomass",430,"all_gulf","all_gulf","_1","species","Area","Marlin-spike grenadier",0.580255181976145,0.558954164842724,0.0213010171334208
"PT","biomass",430,"all_gulf","all_gulf","_1","species","Area","Moustache sculpin",0.768383981524558,0.75333545424115,0.0150485272834076
"PT","biomass",430,"all_gulf","all_gulf","_1","species","Area","Northern sand lance",0.32977342445723,0.32977342445723,1.98799310346942e-17
"PT","biomass",430,"all_gulf","all_gulf","_1","species","Area","Rainbow smelt",0.677048120175328,0.663875933213774,0.0131721869615533
"PT","biomass",430,"all_gulf","all_gulf","_1","species","Area","Redfish unidentified",0.555784350887935,0.551227059210076,0.00455729167785876
"PT","biomass",430,"all_gulf","all_gulf","_1","species","Area","Sea raven",0.221539151538942,0.216487155364233,0.00505199617470959
"PT","biomass",430,"all_gulf","all_gulf","_1","species","Area","Shorthorn sculpin",0.28882225088297,0.283108191703449,0.00571405917952056
"PT","biomass",430,"all_gulf","all_gulf","_1","species","Area","Smooth skate",0.778691136929882,0.768241448922489,0.0104496880073929
"PT","biomass",430,"all_gulf","all_gulf","_1","species","Area","Snakeblenny",0.47355322864678,0.446544915649784,0.0270083129969963
"PT","biomass",430,"all_gulf","all_gulf","_1","species","Area","Spatulate sculpin",0.905725310686992,0.900443415652867,0.00528189503412499
"PT","biomass",430,"all_gulf","all_gulf","_1","species","Area","Stout eelblenny",0.661885734601887,0.646610288907464,0.0152754456944228
"PT","biomass",430,"all_gulf","all_gulf","_1","species","Area","Thorny skate",0.642300095071943,0.611247591464693,0.0310525036072495
"PT","biomass",430,"all_gulf","all_gulf","_1","species","Area","Three-spined stickleback",0.337801583228422,0.337787415980735,1.41672476874802e-05
"PT","biomass",430,"all_gulf","all_gulf","_1","species","Area","Vahl's eelpout",0.751985251982537,0.703168187211212,0.0488170647713253
"PT","biomass",430,"all_gulf","all_gulf","_1","species","Area","White hake",0.467643285240882,0.46282101693233,0.00482226830855242
"PT","biomass",430,"all_gulf","all_gulf","_1","species","Area","Windowpane flounder",0.58249361059886,0.58187887916673,0.000614731432129752
"PT","biomass",430,"all_gulf","all_gulf","_1","species","Area","Winter flounder",0.27785845388446,0.267420525802585,0.010437928081875
"PT","biomass",430,"all_gulf","all_gulf","_1","species","Area","Witch flounder",0.377889136069297,0.336069883041942,0.0418192530273547
"PT","biomass",430,"all_gulf","all_gulf","_1","species","Area","Yellowtail flounder",0.580394522885652,0.53469796621639,0.0456965566692621
"PT","biomass",450,"all_gulf","all_gulf","_1","species","Area","Alewife",0.730183057536982,0.730046392698143,0.00013666483883843
"PT","biomass",450,"all_gulf","all_gulf","_1","species","Area","Alligatorfish",0.838552569853074,0.792143742868332,0.0464088269847424
"PT","biomass",450,"all_gulf","all_gulf","_1","species","Area","American plaice",0.505060130940442,0.491099919138094,0.0139602118023481
"PT","biomass",450,"all_gulf","all_gulf","_1","species","Area","Arctic alligatorfish",0.913164040088655,0.882968674571653,0.0301953655170021
"PT","biomass",450,"all_gulf","all_gulf","_1","species","Area","Arctic hookear sculpin",0.852016991732482,0.829516805314783,0.0225001864176993
"PT","biomass",450,"all_gulf","all_gulf","_1","species","Area","Arctic staghorn sculpin",0.67753586076146,0.648341519160448,0.0291943416010125
"PT","biomass",450,"all_gulf","all_gulf","_1","species","Area","Atlantic cod",0.432260629108794,0.423687199554233,0.0085734295545614
"PT","biomass",450,"all_gulf","all_gulf","_1","species","Area","Atlantic herring",0.482900691296983,0.47893357054077,0.00396712075621237
"PT","biomass",450,"all_gulf","all_gulf","_1","species","Area","Atlantic hookear sculpin",0.875071096495899,0.850388831812196,0.0246822646837022
"PT","biomass",450,"all_gulf","all_gulf","_1","species","Area","Atlantic mackerel",0.401109852778188,0.400981614521298,0.000128238256889454
"PT","biomass",450,"all_gulf","all_gulf","_1","species","Area","Atlantic poacher",0.819495021243933,0.789006598435518,0.0304884228084146
"PT","biomass",450,"all_gulf","all_gulf","_1","species","Area","Atlantic spiny lumpsucker",0.449662586656422,0.442668216654545,0.00699437000187644
"PT","biomass",450,"all_gulf","all_gulf","_1","species","Area","Capelin",0.303164116703673,0.300989308967108,0.00217480773656514
"PT","biomass",450,"all_gulf","all_gulf","_1","species","Area","Daubed shanny",0.653252325040828,0.615003466839133,0.0382488582016946
"PT","biomass",450,"all_gulf","all_gulf","_1","species","Area","Dusky snailfish",0.681359330233708,0.673901199988893,0.00745813024481568
"PT","biomass",450,"all_gulf","all_gulf","_1","species","Area","Fourbeard rockling",0.649961889982598,0.591542393999518,0.0584194959830799
"PT","biomass",450,"all_gulf","all_gulf","_1","species","Area","Fourline snakeblenny",0.52541071294157,0.496575390565078,0.0288353223764922
"PT","biomass",450,"all_gulf","all_gulf","_1","species","Area","Greenland cod",0.586457908894116,0.579286534546032,0.00717137434808449
"PT","biomass",450,"all_gulf","all_gulf","_1","species","Area","Greenland halibut",0.494955273366629,0.492751820504894,0.00220345286173475
"PT","biomass",450,"all_gulf","all_gulf","_1","species","Area","Laval's eelpout",0.823519633063119,0.771543612745709,0.05197602031741
"PT","biomass",450,"all_gulf","all_gulf","_1","species","Area","Longhorn sculpin",0.460644897868524,0.451059336529243,0.0095855613392812
"PT","biomass",450,"all_gulf","all_gulf","_1","species","Area","Marlin-spike grenadier",0.570683765673612,0.549077907170092,0.0216058585035198
"PT","biomass",450,"all_gulf","all_gulf","_1","species","Area","Moustache sculpin",0.770381412986658,0.753454282714136,0.0169271302725226
"PT","biomass",450,"all_gulf","all_gulf","_1","species","Area","Northern sand lance",0.325852455822383,0.325852455822383,2.14411821630733e-17
"PT","biomass",450,"all_gulf","all_gulf","_1","species","Area","Rainbow smelt",0.666158075799319,0.650498407128216,0.0156596686711022
"PT","biomass",450,"all_gulf","all_gulf","_1","species","Area","Redfish unidentified",0.554208563387832,0.550705408258791,0.0035031551290409
"PT","biomass",450,"all_gulf","all_gulf","_1","species","Area","Sea raven",0.217731827571284,0.212704011215315,0.00502781635596925
"PT","biomass",450,"all_gulf","all_gulf","_1","species","Area","Shorthorn sculpin",0.285774993573321,0.278770154306459,0.00700483926686167
"PT","biomass",450,"all_gulf","all_gulf","_1","species","Area","Smooth skate",0.775389044921186,0.764183211333411,0.0112058335877756
"PT","biomass",450,"all_gulf","all_gulf","_1","species","Area","Snakeblenny",0.476256507480407,0.447390385256651,0.0288661222237559
"PT","biomass",450,"all_gulf","all_gulf","_1","species","Area","Spatulate sculpin",0.902615509936917,0.89707165940277,0.00554385053414766
"PT","biomass",450,"all_gulf","all_gulf","_1","species","Area","Stout eelblenny",0.667175861519369,0.650208427931796,0.0169674335875733
"PT","biomass",450,"all_gulf","all_gulf","_1","species","Area","Thorny skate",0.640128558907776,0.606790840122003,0.0333377187857722
"PT","biomass",450,"all_gulf","all_gulf","_1","species","Area","Three-spined stickleback",0.339701901987238,0.339694908616189,6.99337104872383e-06
"PT","biomass",450,"all_gulf","all_gulf","_1","species","Area","Vahl's eelpout",0.733067455836729,0.677918896279453,0.0551485595572764
"PT","biomass",450,"all_gulf","all_gulf","_1","species","Area","White hake",0.457331785878195,0.451316913425252,0.00601487245294297
"PT","biomass",450,"all_gulf","all_gulf","_1","species","Area","Windowpane flounder",0.564823507845614,0.564090291370804,0.000733216474809957
"PT","biomass",450,"all_gulf","all_gulf","_1","species","Area","Winter flounder",0.279908184764228,0.266743671362849,0.0131645134013789
"PT","biomass",450,"all_gulf","all_gulf","_1","species","Area","Witch flounder",0.373803536767354,0.331628000741054,0.0421755360262993
"PT","biomass",450,"all_gulf","all_gulf","_1","species","Area","Yellowtail flounder",0.576989779008073,0.528914381447001,0.0480753975610722
"PT","biomass",470,"all_gulf","all_gulf","_1","species","Area","Alewife",0.736279592000544,0.736166666602398,0.000112925398146693
"PT","biomass",470,"all_gulf","all_gulf","_1","species","Area","Alligatorfish",0.840477813988085,0.79594187064363,0.0445359433444548
"PT","biomass",470,"all_gulf","all_gulf","_1","species","Area","American plaice",0.502311613430736,0.488712645987912,0.0135989674428239
"PT","biomass",470,"all_gulf","all_gulf","_1","species","Area","Arctic alligatorfish",0.909461428836914,0.880125293599212,0.029336135237702
"PT","biomass",470,"all_gulf","all_gulf","_1","species","Area","Arctic hookear sculpin",0.864404149972593,0.845455776061422,0.0189483739111706
"PT","biomass",470,"all_gulf","all_gulf","_1","species","Area","Arctic staghorn sculpin",0.675723378025233,0.649596306307359,0.0261270717178738
"PT","biomass",470,"all_gulf","all_gulf","_1","species","Area","Atlantic cod",0.43752570943284,0.429460452331371,0.00806525710146884
"PT","biomass",470,"all_gulf","all_gulf","_1","species","Area","Atlantic herring",0.471185750561269,0.465153093631511,0.00603265692975821
"PT","biomass",470,"all_gulf","all_gulf","_1","species","Area","Atlantic hookear sculpin",0.887933648347498,0.866758660201058,0.0211749881464402
"PT","biomass",470,"all_gulf","all_gulf","_1","species","Area","Atlantic mackerel",0.404920417547808,0.40481636989311,0.000104047654698689
"PT","biomass",470,"all_gulf","all_gulf","_1","species","Area","Atlantic poacher",0.82228721600309,0.791054290514669,0.0312329254884217
"PT","biomass",470,"all_gulf","all_gulf","_1","species","Area","Atlantic spiny lumpsucker",0.446975033973734,0.438761968941018,0.0082130650327154
"PT","biomass",470,"all_gulf","all_gulf","_1","species","Area","Capelin",0.312387499982027,0.310166454106158,0.00222104587586959
"PT","biomass",470,"all_gulf","all_gulf","_1","species","Area","Daubed shanny",0.652780175674145,0.617776488068345,0.0350036876058005
"PT","biomass",470,"all_gulf","all_gulf","_1","species","Area","Dusky snailfish",0.676672883675148,0.669353859775401,0.0073190238997468
"PT","biomass",470,"all_gulf","all_gulf","_1","species","Area","Fourbeard rockling",0.646542709408096,0.589967673573696,0.0565750358343994
"PT","biomass",470,"all_gulf","all_gulf","_1","species","Area","Fourline snakeblenny",0.515819576498647,0.488544971455034,0.0272746050436134
"PT","biomass",470,"all_gulf","all_gulf","_1","species","Area","Greenland cod",0.60272857043523,0.59650873748033,0.00621983295490019
"PT","biomass",470,"all_gulf","all_gulf","_1","species","Area","Greenland halibut",0.497173912489569,0.495177719266935,0.00199619322263462
"PT","biomass",470,"all_gulf","all_gulf","_1","species","Area","Laval's eelpout",0.821121324018739,0.772628314181285,0.0484930098374539
"PT","biomass",470,"all_gulf","all_gulf","_1","species","Area","Longhorn sculpin",0.458152723248097,0.448790526194915,0.00936219705318228
"PT","biomass",470,"all_gulf","all_gulf","_1","species","Area","Marlin-spike grenadier",0.565734889610127,0.544970680418277,0.0207642091918501
"PT","biomass",470,"all_gulf","all_gulf","_1","species","Area","Moustache sculpin",0.772163320738724,0.75654294596953,0.0156203747691943
"PT","biomass",470,"all_gulf","all_gulf","_1","species","Area","Northern sand lance",0.334162974682663,0.334162974682663,2.39391839684799e-17
"PT","biomass",470,"all_gulf","all_gulf","_1","species","Area","Rainbow smelt",0.66540053725431,0.651262971526976,0.0141375657273347
"PT","biomass",470,"all_gulf","all_gulf","_1","species","Area","Redfish unidentified",0.551856594884599,0.548122030692581,0.00373456419201801
"PT","biomass",470,"all_gulf","all_gulf","_1","species","Area","Sea raven",0.221652687012258,0.215690932953498,0.0059617540587596
"PT","biomass",470,"all_gulf","all_gulf","_1","species","Area","Shorthorn sculpin",0.287883803891986,0.280948500347755,0.00693530354423064
"PT","biomass",470,"all_gulf","all_gulf","_1","species","Area","Smooth skate",0.775220495838752,0.764182782226603,0.011037713612149
"PT","biomass",470,"all_gulf","all_gulf","_1","species","Area","Snakeblenny",0.475228855662292,0.446283806395777,0.0289450492665149
"PT","biomass",470,"all_gulf","all_gulf","_1","species","Area","Spatulate sculpin",0.897423842759516,0.891914413388467,0.00550942937104841
"PT","biomass",470,"all_gulf","all_gulf","_1","species","Area","Stout eelblenny",0.671297024774675,0.655748051147483,0.0155489736271916
"PT","biomass",470,"all_gulf","all_gulf","_1","species","Area","Thorny skate",0.646381864852342,0.615450428913429,0.0309314359389132
"PT","biomass",470,"all_gulf","all_gulf","_1","species","Area","Three-spined stickleback",0.340910102168498,0.34089746992034,1.26322481580741e-05
"PT","biomass",470,"all_gulf","all_gulf","_1","species","Area","Vahl's eelpout",0.765498113543753,0.715411907118359,0.0500862064253942
"PT","biomass",470,"all_gulf","all_gulf","_1","species","Area","White hake",0.459106758890174,0.453888933068968,0.00521782582120647
"PT","biomass",470,"all_gulf","all_gulf","_1","species","Area","Windowpane flounder",0.578400491926376,0.577731955116245,0.000668536810130398
"PT","biomass",470,"all_gulf","all_gulf","_1","species","Area","Winter flounder",0.273240353361579,0.262299857932914,0.0109404954286655
"PT","biomass",470,"all_gulf","all_gulf","_1","species","Area","Witch flounder",0.376027640649717,0.332731053363193,0.0432965872865235
"PT","biomass",470,"all_gulf","all_gulf","_1","species","Area","Yellowtail flounder",0.578954659844603,0.531697099070016,0.0472575607745876
"PT","biomass",490,"all_gulf","all_gulf","_1","species","Area","Alewife",0.728798396129842,0.728674488372864,0.000123907756977475
"PT","biomass",490,"all_gulf","all_gulf","_1","species","Area","Alligatorfish",0.844017022431188,0.801026459032783,0.0429905633984045
"PT","biomass",490,"all_gulf","all_gulf","_1","species","Area","American plaice",0.504021887106227,0.491085850287966,0.0129360368182607
"PT","biomass",490,"all_gulf","all_gulf","_1","species","Area","Arctic alligatorfish",0.912069436721891,0.886346228756496,0.0257232079653951
"PT","biomass",490,"all_gulf","all_gulf","_1","species","Area","Arctic hookear sculpin",0.870473086717752,0.851446386450565,0.0190267002671862
"PT","biomass",490,"all_gulf","all_gulf","_1","species","Area","Arctic staghorn sculpin",0.672310548866888,0.643509525340764,0.0288010235261244
"PT","biomass",490,"all_gulf","all_gulf","_1","species","Area","Atlantic cod",0.429766815526845,0.422168792257861,0.00759802326898449
"PT","biomass",490,"all_gulf","all_gulf","_1","species","Area","Atlantic herring",0.472420339347439,0.46605710905663,0.00636323029080921
"PT","biomass",490,"all_gulf","all_gulf","_1","species","Area","Atlantic hookear sculpin",0.882327462952405,0.860935209954215,0.0213922529981908
"PT","biomass",490,"all_gulf","all_gulf","_1","species","Area","Atlantic mackerel",0.393749030775736,0.393653960218354,9.50705573817888e-05
"PT","biomass",490,"all_gulf","all_gulf","_1","species","Area","Atlantic poacher",0.821857402771751,0.792148644002415,0.0297087587693354
"PT","biomass",490,"all_gulf","all_gulf","_1","species","Area","Atlantic spiny lumpsucker",0.450126917590646,0.44285747837494,0.00726943921570544
"PT","biomass",490,"all_gulf","all_gulf","_1","species","Area","Capelin",0.294354004559215,0.292368605848245,0.00198539871097028
"PT","biomass",490,"all_gulf","all_gulf","_1","species","Area","Daubed shanny",0.646338359824091,0.609077735134585,0.0372606246895057
"PT","biomass",490,"all_gulf","all_gulf","_1","species","Area","Dusky snailfish",0.671226925278401,0.66405676273034,0.00717016254806132
"PT","biomass",490,"all_gulf","all_gulf","_1","species","Area","Fourbeard rockling",0.646112694791622,0.592338708744659,0.0537739860469636
"PT","biomass",490,"all_gulf","all_gulf","_1","species","Area","Fourline snakeblenny",0.52091485757905,0.497940457815771,0.0229743997632795
"PT","biomass",490,"all_gulf","all_gulf","_1","species","Area","Greenland cod",0.596233196562109,0.591174060616814,0.00505913594529477
"PT","biomass",490,"all_gulf","all_gulf","_1","species","Area","Greenland halibut",0.503389682929696,0.501745576561151,0.00164410636854519
"PT","biomass",490,"all_gulf","all_gulf","_1","species","Area","Laval's eelpout",0.827752880042655,0.781288859241379,0.0464640208012766
"PT","biomass",490,"all_gulf","all_gulf","_1","species","Area","Longhorn sculpin",0.459069925709669,0.450279051533788,0.00879087417588065
"PT","biomass",490,"all_gulf","all_gulf","_1","species","Area","Marlin-spike grenadier",0.578099973561395,0.559171134050185,0.0189288395112103
"PT","biomass",490,"all_gulf","all_gulf","_1","species","Area","Moustache sculpin",0.769628427850166,0.754786588657009,0.0148418391931569
"PT","biomass",490,"all_gulf","all_gulf","_1","species","Area","Northern sand lance",0.34698936011194,0.34698936011194,2.23432383705813e-17
"PT","biomass",490,"all_gulf","all_gulf","_1","species","Area","Rainbow smelt",0.665653595081233,0.651151929511409,0.0145016655698235
"PT","biomass",490,"all_gulf","all_gulf","_1","species","Area","Redfish unidentified",0.55675980918803,0.553447910331713,0.00331189885631672
"PT","biomass",490,"all_gulf","all_gulf","_1","species","Area","Sea raven",0.226917391073326,0.220802427552289,0.00611496352103667
"PT","biomass",490,"all_gulf","all_gulf","_1","species","Area","Shorthorn sculpin",0.286530146437637,0.279828288773951,0.00670185766368588
"PT","biomass",490,"all_gulf","all_gulf","_1","species","Area","Smooth skate",0.771386128609517,0.761125780488291,0.0102603481212256
"PT","biomass",490,"all_gulf","all_gulf","_1","species","Area","Snakeblenny",0.480779356667095,0.454977007272257,0.0258023493948377
"PT","biomass",490,"all_gulf","all_gulf","_1","species","Area","Spatulate sculpin",0.900682742298484,0.894908689486778,0.00577405281170586
"PT","biomass",490,"all_gulf","all_gulf","_1","species","Area","Stout eelblenny",0.674243992681461,0.658693811908042,0.0155501807734189
"PT","biomass",490,"all_gulf","all_gulf","_1","species","Area","Thorny skate",0.643928627715117,0.614633655008137,0.02929497270698
"PT","biomass",490,"all_gulf","all_gulf","_1","species","Area","Three-spined stickleback",0.353371499064728,0.353363302990521,8.19607420737108e-06
"PT","biomass",490,"all_gulf","all_gulf","_1","species","Area","Vahl's eelpout",0.758396464960884,0.71263426814964,0.0457621968112441
"PT","biomass",490,"all_gulf","all_gulf","_1","species","Area","White hake",0.456240422432512,0.450841137674383,0.00539928475812886
"PT","biomass",490,"all_gulf","all_gulf","_1","species","Area","Windowpane flounder",0.573348532037594,0.572705835158228,0.000642696879366609
"PT","biomass",490,"all_gulf","all_gulf","_1","species","Area","Winter flounder",0.273062763047423,0.262969246372961,0.0100935166744624
"PT","biomass",490,"all_gulf","all_gulf","_1","species","Area","Witch flounder",0.371853365593266,0.330361985014363,0.0414913805789029
"PT","biomass",490,"all_gulf","all_gulf","_1","species","Area","Yellowtail flounder",0.572818648510962,0.528840210022842,0.04397843848812
"PT","biomass",510,"all_gulf","all_gulf","_1","species","Area","Alewife",0.729420232012431,0.729268804003305,0.000151428009126884
"PT","biomass",510,"all_gulf","all_gulf","_1","species","Area","Alligatorfish",0.835300195881529,0.786678224124123,0.0486219717574058
"PT","biomass",510,"all_gulf","all_gulf","_1","species","Area","American plaice",0.500330003347313,0.485081054643129,0.0152489487041846
"PT","biomass",510,"all_gulf","all_gulf","_1","species","Area","Arctic alligatorfish",0.911964055743987,0.87952812857914,0.032435927164847
"PT","biomass",510,"all_gulf","all_gulf","_1","species","Area","Arctic hookear sculpin",0.860721531121447,0.835853774099635,0.0248677570218115
"PT","biomass",510,"all_gulf","all_gulf","_1","species","Area","Arctic staghorn sculpin",0.680973238079952,0.654127271850549,0.0268459662294025
"PT","biomass",510,"all_gulf","all_gulf","_1","species","Area","Atlantic cod",0.427991918893816,0.41874749081264,0.00924442808117647
"PT","biomass",510,"all_gulf","all_gulf","_1","species","Area","Atlantic herring",0.47572865724087,0.469041695050582,0.00668696219028743
"PT","biomass",510,"all_gulf","all_gulf","_1","species","Area","Atlantic hookear sculpin",0.886252523535558,0.861605253290555,0.0246472702450024
"PT","biomass",510,"all_gulf","all_gulf","_1","species","Area","Atlantic mackerel",0.397233353475078,0.397092979199244,0.000140374275834323
"PT","biomass",510,"all_gulf","all_gulf","_1","species","Area","Atlantic poacher",0.82065349307189,0.790146667795966,0.0305068252759247
"PT","biomass",510,"all_gulf","all_gulf","_1","species","Area","Atlantic spiny lumpsucker",0.449586177637051,0.441125160916588,0.00846101672046286
"PT","biomass",510,"all_gulf","all_gulf","_1","species","Area","Capelin",0.300843597196694,0.298813963540327,0.00202963365636724
"PT","biomass",510,"all_gulf","all_gulf","_1","species","Area","Daubed shanny",0.640649468383669,0.600766805770308,0.039882662613361
"PT","biomass",510,"all_gulf","all_gulf","_1","species","Area","Dusky snailfish",0.680088542723863,0.672074055290173,0.00801448743369073
"PT","biomass",510,"all_gulf","all_gulf","_1","species","Area","Fourbeard rockling",0.642987899716268,0.583003103515461,0.059984796200807
"PT","biomass",510,"all_gulf","all_gulf","_1","species","Area","Fourline snakeblenny",0.516465588676219,0.486040573771232,0.0304250149049868
"PT","biomass",510,"all_gulf","all_gulf","_1","species","Area","Greenland cod",0.601352932117253,0.594026346949814,0.00732658516743896
"PT","biomass",510,"all_gulf","all_gulf","_1","species","Area","Greenland halibut",0.499720563442489,0.497836531988277,0.00188403145421194
"PT","biomass",510,"all_gulf","all_gulf","_1","species","Area","Laval's eelpout",0.818150119263132,0.766483329948141,0.0516667893149916
"PT","biomass",510,"all_gulf","all_gulf","_1","species","Area","Longhorn sculpin",0.453768932863774,0.443937717501753,0.00983121536202016
"PT","biomass",510,"all_gulf","all_gulf","_1","species","Area","Marlin-spike grenadier",0.554475077555546,0.531428414634509,0.0230466629210377
"PT","biomass",510,"all_gulf","all_gulf","_1","species","Area","Moustache sculpin",0.769684075380003,0.752630797334424,0.0170532780455794
"PT","biomass",510,"all_gulf","all_gulf","_1","species","Area","Northern sand lance",0.329500730561554,0.329500730561554,2.60555466091716e-17
"PT","biomass",510,"all_gulf","all_gulf","_1","species","Area","Rainbow smelt",0.657315938040381,0.640821308985567,0.0164946290548141
"PT","biomass",510,"all_gulf","all_gulf","_1","species","Area","Redfish unidentified",0.555861467675064,0.550979624837837,0.00488184283722667
"PT","biomass",510,"all_gulf","all_gulf","_1","species","Area","Sea raven",0.225654624761526,0.218283491793885,0.00737113296764032
"PT","biomass",510,"all_gulf","all_gulf","_1","species","Area","Shorthorn sculpin",0.286133538965101,0.280141473028461,0.00599206593664036
"PT","biomass",510,"all_gulf","all_gulf","_1","species","Area","Smooth skate",0.776222156754398,0.764115935600018,0.01210622115438
"PT","biomass",510,"all_gulf","all_gulf","_1","species","Area","Snakeblenny",0.474521835694301,0.444180262491436,0.0303415732028656
"PT","biomass",510,"all_gulf","all_gulf","_1","species","Area","Spatulate sculpin",0.903534766029029,0.897778327797737,0.00575643823129175
"PT","biomass",510,"all_gulf","all_gulf","_1","species","Area","Stout eelblenny",0.664857032476455,0.647459335833914,0.0173976966425412
"PT","biomass",510,"all_gulf","all_gulf","_1","species","Area","Thorny skate",0.638015946715061,0.604504574205188,0.0335113725098732
"PT","biomass",510,"all_gulf","all_gulf","_1","species","Area","Three-spined stickleback",0.351038959018208,0.351029976085115,8.98293309317857e-06
"PT","biomass",510,"all_gulf","all_gulf","_1","species","Area","Vahl's eelpout",0.757648946399048,0.69030127127765,0.0673476751213975
"PT","biomass",510,"all_gulf","all_gulf","_1","species","Area","White hake",0.451515260079273,0.445914250730801,0.0056010093484715
"PT","biomass",510,"all_gulf","all_gulf","_1","species","Area","Windowpane flounder",0.596769264690128,0.596112904231926,0.000656360458201985
"PT","biomass",510,"all_gulf","all_gulf","_1","species","Area","Winter flounder",0.262828539971172,0.251055138173049,0.0117734017981233
"PT","biomass",510,"all_gulf","all_gulf","_1","species","Area","Witch flounder",0.36903955701923,0.321452729708897,0.0475868273103333
"PT","biomass",510,"all_gulf","all_gulf","_1","species","Area","Yellowtail flounder",0.569045536842475,0.518227206399998,0.0508183304424763
"PT","biomass",530,"all_gulf","all_gulf","_1","species","Area","Alewife",0.733161780788641,0.733023777535327,0.000138003253314183
"PT","biomass",530,"all_gulf","all_gulf","_1","species","Area","Alligatorfish",0.839303809673165,0.788995389209514,0.0503084204636506
"PT","biomass",530,"all_gulf","all_gulf","_1","species","Area","American plaice",0.492137080930356,0.476418491205009,0.0157185897253479
"PT","biomass",530,"all_gulf","all_gulf","_1","species","Area","Arctic alligatorfish",0.908461239038573,0.873338635918268,0.0351226031203049
"PT","biomass",530,"all_gulf","all_gulf","_1","species","Area","Arctic hookear sculpin",0.871410878895792,0.848167213390868,0.0232436655049236
"PT","biomass",530,"all_gulf","all_gulf","_1","species","Area","Arctic staghorn sculpin",0.671542894999608,0.640394420408077,0.031148474591531
"PT","biomass",530,"all_gulf","all_gulf","_1","species","Area","Atlantic cod",0.41158033792868,0.401818026911264,0.00976231101741666
"PT","biomass",530,"all_gulf","all_gulf","_1","species","Area","Atlantic herring",0.474027779486531,0.468003363522991,0.00602441596353954
"PT","biomass",530,"all_gulf","all_gulf","_1","species","Area","Atlantic hookear sculpin",0.885550726242055,0.862444895016376,0.023105831225679
"PT","biomass",530,"all_gulf","all_gulf","_1","species","Area","Atlantic mackerel",0.393463503411242,0.393339911855555,0.000123591555687706
"PT","biomass",530,"all_gulf","all_gulf","_1","species","Area","Atlantic poacher",0.818522256038773,0.784055624634368,0.034466631404405
"PT","biomass",530,"all_gulf","all_gulf","_1","species","Area","Atlantic spiny lumpsucker",0.447205872339603,0.438744057450292,0.00846181488931086
"PT","biomass",530,"all_gulf","all_gulf","_1","species","Area","Capelin",0.295630456083636,0.29342114481979,0.00220931126384587
"PT","biomass",530,"all_gulf","all_gulf","_1","species","Area","Daubed shanny",0.643401211693186,0.603841470595123,0.0395597410980634
"PT","biomass",530,"all_gulf","all_gulf","_1","species","Area","Dusky snailfish",0.66786815218702,0.659299817830592,0.00856833435642846
"PT","biomass",530,"all_gulf","all_gulf","_1","species","Area","Fourbeard rockling",0.640609631785216,0.574340095890022,0.0662695358951938
"PT","biomass",530,"all_gulf","all_gulf","_1","species","Area","Fourline snakeblenny",0.509715348255397,0.478466287982375,0.0312490602730218
"PT","biomass",530,"all_gulf","all_gulf","_1","species","Area","Greenland cod",0.600453274627003,0.594122608847942,0.00633066577906042
"PT","biomass",530,"all_gulf","all_gulf","_1","species","Area","Greenland halibut",0.496726140237211,0.494686088311956,0.00204005192525459
"PT","biomass",530,"all_gulf","all_gulf","_1","species","Area","Laval's eelpout",0.821574510044359,0.766428814793146,0.0551456952512133
"PT","biomass",530,"all_gulf","all_gulf","_1","species","Area","Longhorn sculpin",0.416778314934221,0.405309357861402,0.0114689570728195
"PT","biomass",530,"all_gulf","all_gulf","_1","species","Area","Marlin-spike grenadier",0.565720088619708,0.542086553800376,0.0236335348193327
"PT","biomass",530,"all_gulf","all_gulf","_1","species","Area","Moustache sculpin",0.759798360043891,0.74030182965542,0.0194965303884713
"PT","biomass",530,"all_gulf","all_gulf","_1","species","Area","Northern sand lance",0.332402351128764,0.332402351128764,2.35922392732846e-17
"PT","biomass",530,"all_gulf","all_gulf","_1","species","Area","Rainbow smelt",0.656708753162948,0.638538302003792,0.0181704511591557
"PT","biomass",530,"all_gulf","all_gulf","_1","species","Area","Redfish unidentified",0.528772179517461,0.52477229564682,0.00399988387064169
"PT","biomass",530,"all_gulf","all_gulf","_1","species","Area","Sea raven",0.211608806368327,0.204838367135415,0.00677043923291202
"PT","biomass",530,"all_gulf","all_gulf","_1","species","Area","Shorthorn sculpin",0.28520546260057,0.277737885742085,0.00746757685848527
"PT","biomass",530,"all_gulf","all_gulf","_1","species","Area","Smooth skate",0.779791397997137,0.766950841120866,0.0128405568762712
"PT","biomass",530,"all_gulf","all_gulf","_1","species","Area","Snakeblenny",0.473254906644182,0.440728880783957,0.0325260258602251
"PT","biomass",530,"all_gulf","all_gulf","_1","species","Area","Spatulate sculpin",0.893533714893339,0.886025933652361,0.00750778124097775
"PT","biomass",530,"all_gulf","all_gulf","_1","species","Area","Stout eelblenny",0.662961028177971,0.64323463833547,0.0197263898425007
"PT","biomass",530,"all_gulf","all_gulf","_1","species","Area","Thorny skate",0.63584301468379,0.600203600185717,0.0356394144980729
"PT","biomass",530,"all_gulf","all_gulf","_1","species","Area","Three-spined stickleback",0.341324887609465,0.341313273582852,1.16140266134635e-05
"PT","biomass",530,"all_gulf","all_gulf","_1","species","Area","Vahl's eelpout",0.743971828239913,0.683394955955902,0.0605768722840118
"PT","biomass",530,"all_gulf","all_gulf","_1","species","Area","White hake",0.447909893594571,0.44094049723434,0.00696939636023089
"PT","biomass",530,"all_gulf","all_gulf","_1","species","Area","Windowpane flounder",0.579554040924763,0.578858975700264,0.000695065224499122
"PT","biomass",530,"all_gulf","all_gulf","_1","species","Area","Winter flounder",0.263408282090779,0.250449540945106,0.0129587411456735
"PT","biomass",530,"all_gulf","all_gulf","_1","species","Area","Witch flounder",0.363195450497666,0.313109846285621,0.0500856042120448
"PT","biomass",530,"all_gulf","all_gulf","_1","species","Area","Yellowtail flounder",0.563114958034228,0.508137513838169,0.0549774441960587
"PT","biomass",550,"all_gulf","all_gulf","_1","species","Area","Alewife",0.728442843889093,0.728303190258195,0.000139653630897515
"PT","biomass",550,"all_gulf","all_gulf","_1","species","Area","Alligatorfish",0.84147366130877,0.795927038062869,0.045546623245901
"PT","biomass",550,"all_gulf","all_gulf","_1","species","Area","American plaice",0.491693471504697,0.477597391439241,0.014096080065456
"PT","biomass",550,"all_gulf","all_gulf","_1","species","Area","Arctic alligatorfish",0.890865987606288,0.849908080801101,0.0409579068051866
"PT","biomass",550,"all_gulf","all_gulf","_1","species","Area","Arctic hookear sculpin",0.868698581743466,0.847244353662928,0.0214542280805389
"PT","biomass",550,"all_gulf","all_gulf","_1","species","Area","Arctic staghorn sculpin",0.67529060298551,0.648051946541731,0.0272386564437795
"PT","biomass",550,"all_gulf","all_gulf","_1","species","Area","Atlantic cod",0.398147861692992,0.390026243488311,0.00812161820468077
"PT","biomass",550,"all_gulf","all_gulf","_1","species","Area","Atlantic herring",0.475041272651459,0.468605895303169,0.00643537734829
"PT","biomass",550,"all_gulf","all_gulf","_1","species","Area","Atlantic hookear sculpin",0.867654295457405,0.84134223111383,0.026312064343575
"PT","biomass",550,"all_gulf","all_gulf","_1","species","Area","Atlantic mackerel",0.393515818634574,0.393373818591977,0.000142000042596965
"PT","biomass",550,"all_gulf","all_gulf","_1","species","Area","Atlantic poacher",0.822339055013705,0.790992075579478,0.0313469794342265
"PT","biomass",550,"all_gulf","all_gulf","_1","species","Area","Atlantic spiny lumpsucker",0.447980928903148,0.439974345089249,0.00800658381389861
"PT","biomass",550,"all_gulf","all_gulf","_1","species","Area","Capelin",0.297949920554138,0.295856336780539,0.00209358377359894
"PT","biomass",550,"all_gulf","all_gulf","_1","species","Area","Daubed shanny",0.648104585203943,0.611367615934383,0.0367369692695597
"PT","biomass",550,"all_gulf","all_gulf","_1","species","Area","Dusky snailfish",0.665405694696708,0.65748384970147,0.00792184499523855
"PT","biomass",550,"all_gulf","all_gulf","_1","species","Area","Fourbeard rockling",0.65057968288041,0.591912231480738,0.0586674513996715
"PT","biomass",550,"all_gulf","all_gulf","_1","species","Area","Fourline snakeblenny",0.503624191271317,0.47419727799807,0.0294269132732473
"PT","biomass",550,"all_gulf","all_gulf","_1","species","Area","Greenland cod",0.600587199523082,0.594553018556982,0.00603418096609975
"PT","biomass",550,"all_gulf","all_gulf","_1","species","Area","Greenland halibut",0.488040156329006,0.486265850471859,0.00177430585714717
"PT","biomass",550,"all_gulf","all_gulf","_1","species","Area","Laval's eelpout",0.824830164704505,0.779990360897226,0.0448398038072794
"PT","biomass",550,"all_gulf","all_gulf","_1","species","Area","Longhorn sculpin",0.405315551864813,0.39486442897823,0.0104511228865835
"PT","biomass",550,"all_gulf","all_gulf","_1","species","Area","Marlin-spike grenadier",0.569203323177137,0.549276068381293,0.0199272547958438
"PT","biomass",550,"all_gulf","all_gulf","_1","species","Area","Moustache sculpin",0.761185608937823,0.744432576370806,0.0167530325670178
"PT","biomass",550,"all_gulf","all_gulf","_1","species","Area","Northern sand lance",0.333311094620201,0.333311094620201,1.88737914186277e-17
"PT","biomass",550,"all_gulf","all_gulf","_1","species","Area","Rainbow smelt",0.655788967278552,0.640552573677776,0.0152363936007767
"PT","biomass",550,"all_gulf","all_gulf","_1","species","Area","Redfish unidentified",0.534471238232802,0.530597502658578,0.00387373557422438
"PT","biomass",550,"all_gulf","all_gulf","_1","species","Area","Sea raven",0.224222082253878,0.217891488106691,0.00633059414718696
"PT","biomass",550,"all_gulf","all_gulf","_1","species","Area","Shorthorn sculpin",0.282536519717179,0.276067679149236,0.00646884056794322
"PT","biomass",550,"all_gulf","all_gulf","_1","species","Area","Smooth skate",0.776236404928847,0.764663997413632,0.0115724075152156
"PT","biomass",550,"all_gulf","all_gulf","_1","species","Area","Snakeblenny",0.475177639785821,0.445518749433604,0.0296588903522173
"PT","biomass",550,"all_gulf","all_gulf","_1","species","Area","Spatulate sculpin",0.891782212471929,0.885059850257185,0.00672236221474402
"PT","biomass",550,"all_gulf","all_gulf","_1","species","Area","Stout eelblenny",0.667836537009939,0.650391641373667,0.0174448956362722
"PT","biomass",550,"all_gulf","all_gulf","_1","species","Area","Thorny skate",0.643934032049041,0.611821935786391,0.03211209626265
"PT","biomass",550,"all_gulf","all_gulf","_1","species","Area","Three-spined stickleback",0.335131551757421,0.335119139116071,1.24126413503164e-05
"PT","biomass",550,"all_gulf","all_gulf","_1","species","Area","Vahl's eelpout",0.774869554585538,0.722863600326937,0.0520059542586005
"PT","biomass",550,"all_gulf","all_gulf","_1","species","Area","White hake",0.43431477305062,0.428690493471372,0.00562427957924796
"PT","biomass",550,"all_gulf","all_gulf","_1","species","Area","Windowpane flounder",0.493884708821127,0.493106082993834,0.000778625827292459
"PT","biomass",550,"all_gulf","all_gulf","_1","species","Area","Winter flounder",0.274432738328054,0.264389219406151,0.0100435189219026
"PT","biomass",550,"all_gulf","all_gulf","_1","species","Area","Witch flounder",0.374614718671188,0.331704855952895,0.0429098627182931
"PT","biomass",550,"all_gulf","all_gulf","_1","species","Area","Yellowtail flounder",0.569445324935806,0.522066308350378,0.0473790165854289
"PT","biomass",570,"all_gulf","all_gulf","_1","species","Area","Alewife",0.726595727991991,0.726475208358701,0.000120519633289886
"PT","biomass",570,"all_gulf","all_gulf","_1","species","Area","Alligatorfish",0.840532363514463,0.798268306523508,0.0422640569909551
"PT","biomass",570,"all_gulf","all_gulf","_1","species","Area","American plaice",0.489611899863196,0.476206574795004,0.0134053250681924
"PT","biomass",570,"all_gulf","all_gulf","_1","species","Area","Arctic alligatorfish",0.898604763377387,0.868080036317431,0.0305247270599555
"PT","biomass",570,"all_gulf","all_gulf","_1","species","Area","Arctic hookear sculpin",0.868673591920819,0.851020853202611,0.0176527387182074
"PT","biomass",570,"all_gulf","all_gulf","_1","species","Area","Arctic staghorn sculpin",0.665634395673978,0.638161700529497,0.0274726951444812
"PT","biomass",570,"all_gulf","all_gulf","_1","species","Area","Atlantic cod",0.398473659841088,0.389852465628149,0.00862119421293958
"PT","biomass",570,"all_gulf","all_gulf","_1","species","Area","Atlantic herring",0.470367139488029,0.463617943048628,0.00674919643940094
"PT","biomass",570,"all_gulf","all_gulf","_1","species","Area","Atlantic hookear sculpin",0.874005556090293,0.852035784231282,0.0219697718590113
"PT","biomass",570,"all_gulf","all_gulf","_1","species","Area","Atlantic mackerel",0.394310272644853,0.394194266274197,0.000116006370655723
"PT","biomass",570,"all_gulf","all_gulf","_1","species","Area","Atlantic poacher",0.821302834841256,0.793078628613244,0.0282242062280125
"PT","biomass",570,"all_gulf","all_gulf","_1","species","Area","Atlantic spiny lumpsucker",0.448758938515867,0.440850187970518,0.0079087505453489
"PT","biomass",570,"all_gulf","all_gulf","_1","species","Area","Capelin",0.297785784793205,0.295831365518412,0.00195441927479299
"PT","biomass",570,"all_gulf","all_gulf","_1","species","Area","Daubed shanny",0.65447921621825,0.619243170408337,0.0352360458099126
"PT","biomass",570,"all_gulf","all_gulf","_1","species","Area","Dusky snailfish",0.66968041263497,0.662735244428998,0.0069451682059719
"PT","biomass",570,"all_gulf","all_gulf","_1","species","Area","Fourbeard rockling",0.649837276254337,0.593113365952208,0.0567239103021285
"PT","biomass",570,"all_gulf","all_gulf","_1","species","Area","Fourline snakeblenny",0.508759297517998,0.48224431291137,0.0265149846066276
"PT","biomass",570,"all_gulf","all_gulf","_1","species","Area","Greenland cod",0.593065153791685,0.587053113695182,0.0060120400965026
"PT","biomass",570,"all_gulf","all_gulf","_1","species","Area","Greenland halibut",0.490058630990865,0.488255407483444,0.00180322350742147
"PT","biomass",570,"all_gulf","all_gulf","_1","species","Area","Laval's eelpout",0.818360337245395,0.772962880812002,0.045397456433393
"PT","biomass",570,"all_gulf","all_gulf","_1","species","Area","Longhorn sculpin",0.415210971807573,0.405518244402803,0.0096927274047701
"PT","biomass",570,"all_gulf","all_gulf","_1","species","Area","Marlin-spike grenadier",0.568958755546669,0.548096162994637,0.0208625925520315
"PT","biomass",570,"all_gulf","all_gulf","_1","species","Area","Moustache sculpin",0.758687583797376,0.743084777406775,0.0156028063906001
"PT","biomass",570,"all_gulf","all_gulf","_1","species","Area","Northern sand lance",0.322414906304257,0.322414906304257,2.34361141604467e-17
"PT","biomass",570,"all_gulf","all_gulf","_1","species","Area","Rainbow smelt",0.661197691954715,0.646621447601553,0.0145762443531612
"PT","biomass",570,"all_gulf","all_gulf","_1","species","Area","Redfish unidentified",0.537075821077349,0.533594633288776,0.0034811877885734
"PT","biomass",570,"all_gulf","all_gulf","_1","species","Area","Sea raven",0.216975806590443,0.210541190045829,0.00643461654461318
"PT","biomass",570,"all_gulf","all_gulf","_1","species","Area","Shorthorn sculpin",0.29036586432693,0.283961427371161,0.00640443695576932
"PT","biomass",570,"all_gulf","all_gulf","_1","species","Area","Smooth skate",0.781903405606175,0.770699800680436,0.0112036049257382
"PT","biomass",570,"all_gulf","all_gulf","_1","species","Area","Snakeblenny",0.478124898618328,0.449232133200771,0.0288927654175567
"PT","biomass",570,"all_gulf","all_gulf","_1","species","Area","Spatulate sculpin",0.894823634718131,0.889837817288241,0.00498581742988976
"PT","biomass",570,"all_gulf","all_gulf","_1","species","Area","Stout eelblenny",0.671122745094552,0.656447314108541,0.0146754309860109
"PT","biomass",570,"all_gulf","all_gulf","_1","species","Area","Thorny skate",0.638741594842167,0.607978650169559,0.0307629446726081
"PT","biomass",570,"all_gulf","all_gulf","_1","species","Area","Three-spined stickleback",0.346654798877726,0.346643160938467,1.16379392595048e-05
"PT","biomass",570,"all_gulf","all_gulf","_1","species","Area","Vahl's eelpout",0.763397428977667,0.71131104962834,0.0520863793493269
"PT","biomass",570,"all_gulf","all_gulf","_1","species","Area","White hake",0.441839858715004,0.436711443884165,0.00512841483083877
"PT","biomass",570,"all_gulf","all_gulf","_1","species","Area","Windowpane flounder",0.483912606034535,0.483184386983388,0.000728219051147017
"PT","biomass",570,"all_gulf","all_gulf","_1","species","Area","Winter flounder",0.271081991917955,0.259858469195896,0.0112235227220588
"PT","biomass",570,"all_gulf","all_gulf","_1","species","Area","Witch flounder",0.374808673743786,0.33364846392304,0.0411602098207464
"PT","biomass",570,"all_gulf","all_gulf","_1","species","Area","Yellowtail flounder",0.570855167430536,0.525808608662968,0.0450465587675687
"PT","biomass",590,"all_gulf","all_gulf","_1","species","Area","Alewife",0.725913134696466,0.725778625991699,0.000134508704766617
"PT","biomass",590,"all_gulf","all_gulf","_1","species","Area","Alligatorfish",0.838149701222034,0.789391287008988,0.0487584142130456
"PT","biomass",590,"all_gulf","all_gulf","_1","species","Area","American plaice",0.49610604020047,0.483379603048323,0.0127264371521463
"PT","biomass",590,"all_gulf","all_gulf","_1","species","Area","Arctic alligatorfish",0.891586280616709,0.85306388490786,0.0385223957088483
"PT","biomass",590,"all_gulf","all_gulf","_1","species","Area","Arctic hookear sculpin",0.867477535582258,0.846534130431823,0.0209434051504359
"PT","biomass",590,"all_gulf","all_gulf","_1","species","Area","Arctic staghorn sculpin",0.680524849576576,0.65147785851901,0.0290469910575663
"PT","biomass",590,"all_gulf","all_gulf","_1","species","Area","Atlantic cod",0.403371838341698,0.395502280628097,0.00786955771360112
"PT","biomass",590,"all_gulf","all_gulf","_1","species","Area","Atlantic herring",0.475627403520447,0.470322286970411,0.00530511655003589
"PT","biomass",590,"all_gulf","all_gulf","_1","species","Area","Atlantic hookear sculpin",0.86430117580441,0.834944142086481,0.0293570337179292
"PT","biomass",590,"all_gulf","all_gulf","_1","species","Area","Atlantic mackerel",0.389867865670497,0.389771261653475,9.66040170220835e-05
"PT","biomass",590,"all_gulf","all_gulf","_1","species","Area","Atlantic poacher",0.820364337498247,0.788181130307644,0.0321832071906029
"PT","biomass",590,"all_gulf","all_gulf","_1","species","Area","Atlantic spiny lumpsucker",0.449401060674563,0.442341913457771,0.00705914721679218
"PT","biomass",590,"all_gulf","all_gulf","_1","species","Area","Capelin",0.296552543958962,0.294691035965537,0.00186150799342545
"PT","biomass",590,"all_gulf","all_gulf","_1","species","Area","Daubed shanny",0.64998007267375,0.609021831728588,0.0409582409451628
"PT","biomass",590,"all_gulf","all_gulf","_1","species","Area","Dusky snailfish",0.66565877980581,0.659430579664159,0.00622820014165101
"PT","biomass",590,"all_gulf","all_gulf","_1","species","Area","Fourbeard rockling",0.650766857662239,0.58902679501483,0.0617400626474087
"PT","biomass",590,"all_gulf","all_gulf","_1","species","Area","Fourline snakeblenny",0.515785109098474,0.487046887115423,0.0287382219830501
"PT","biomass",590,"all_gulf","all_gulf","_1","species","Area","Greenland cod",0.59806648121942,0.592522893602154,0.00554358761726635
"PT","biomass",590,"all_gulf","all_gulf","_1","species","Area","Greenland halibut",0.493928191645277,0.492151856054142,0.00177633559113481
"PT","biomass",590,"all_gulf","all_gulf","_1","species","Area","Laval's eelpout",0.81276605297025,0.758163903987714,0.0546021489825359
"PT","biomass",590,"all_gulf","all_gulf","_1","species","Area","Longhorn sculpin",0.405321650215874,0.394702638971266,0.0106190112446086
"PT","biomass",590,"all_gulf","all_gulf","_1","species","Area","Marlin-spike grenadier",0.570552518908393,0.546982961083969,0.0235695578244245
"PT","biomass",590,"all_gulf","all_gulf","_1","species","Area","Moustache sculpin",0.759747121707322,0.74249746337371,0.0172496583336111
"PT","biomass",590,"all_gulf","all_gulf","_1","species","Area","Northern sand lance",0.317548981596028,0.317548981596028,2.14064876935538e-17
"PT","biomass",590,"all_gulf","all_gulf","_1","species","Area","Rainbow smelt",0.657176451402091,0.641966223303226,0.0152102280988651
"PT","biomass",590,"all_gulf","all_gulf","_1","species","Area","Redfish unidentified",0.536207719119987,0.532352804838725,0.00385491428126163
"PT","biomass",590,"all_gulf","all_gulf","_1","species","Area","Sea raven",0.220124800764481,0.212931541168648,0.00719325959583297
"PT","biomass",590,"all_gulf","all_gulf","_1","species","Area","Shorthorn sculpin",0.286328213367775,0.28011442136683,0.0062137920009442
"PT","biomass",590,"all_gulf","all_gulf","_1","species","Area","Smooth skate",0.775776116213084,0.765317758717033,0.0104583574960512
"PT","biomass",590,"all_gulf","all_gulf","_1","species","Area","Snakeblenny",0.475942896921227,0.446776052913588,0.0291668440076396
"PT","biomass",590,"all_gulf","all_gulf","_1","species","Area","Spatulate sculpin",0.897234029006721,0.891489988030269,0.00574404097645227
"PT","biomass",590,"all_gulf","all_gulf","_1","species","Area","Stout eelblenny",0.666821278710102,0.648526326239136,0.0182949524709664
"PT","biomass",590,"all_gulf","all_gulf","_1","species","Area","Thorny skate",0.637279562560469,0.60375330695177,0.0335262556086992
"PT","biomass",590,"all_gulf","all_gulf","_1","species","Area","Three-spined stickleback",0.345733539750323,0.345722270470528,1.12692797952749e-05
"PT","biomass",590,"all_gulf","all_gulf","_1","species","Area","Vahl's eelpout",0.774202649878714,0.713045738256217,0.061156911622497
"PT","biomass",590,"all_gulf","all_gulf","_1","species","Area","White hake",0.444970542072747,0.439447587160361,0.00552295491238606
"PT","biomass",590,"all_gulf","all_gulf","_1","species","Area","Windowpane flounder",0.494120498836549,0.493262461720651,0.000858037115897461
"PT","biomass",590,"all_gulf","all_gulf","_1","species","Area","Winter flounder",0.263755993599954,0.250815213441189,0.0129407801587655
"PT","biomass",590,"all_gulf","all_gulf","_1","species","Area","Witch flounder",0.367059153575756,0.319158456856821,0.0479006967189352
"PT","biomass",590,"all_gulf","all_gulf","_1","species","Area","Yellowtail flounder",0.568170079310239,0.516621976850663,0.051548102459576
"PT","biomass",610,"all_gulf","all_gulf","_1","species","Area","Alewife",0.732793866324808,0.73266252192061,0.000131344404197954
"PT","biomass",610,"all_gulf","all_gulf","_1","species","Area","Alligatorfish",0.837840955713982,0.783587778685114,0.0542531770288678
"PT","biomass",610,"all_gulf","all_gulf","_1","species","Area","American plaice",0.492011602546493,0.478439462114813,0.0135721404316804
"PT","biomass",610,"all_gulf","all_gulf","_1","species","Area","Arctic alligatorfish",0.892340514651925,0.853049577960848,0.0392909366910768
"PT","biomass",610,"all_gulf","all_gulf","_1","species","Area","Arctic hookear sculpin",0.870214138500903,0.846934343804963,0.0232797946959407
"PT","biomass",610,"all_gulf","all_gulf","_1","species","Area","Arctic staghorn sculpin",0.675568908539943,0.645710243581059,0.0298586649588837
"PT","biomass",610,"all_gulf","all_gulf","_1","species","Area","Atlantic cod",0.402195203871936,0.394186127524954,0.00800907634698186
"PT","biomass",610,"all_gulf","all_gulf","_1","species","Area","Atlantic herring",0.473503003910964,0.467224277846953,0.00627872606401088
"PT","biomass",610,"all_gulf","all_gulf","_1","species","Area","Atlantic hookear sculpin",0.870259168275111,0.841976517812811,0.0282826504622997
"PT","biomass",610,"all_gulf","all_gulf","_1","species","Area","Atlantic mackerel",0.396811936164512,0.396690974976029,0.000120961188482559
"PT","biomass",610,"all_gulf","all_gulf","_1","species","Area","Atlantic poacher",0.821749587081681,0.789240254609891,0.0325093324717901
"PT","biomass",610,"all_gulf","all_gulf","_1","species","Area","Atlantic spiny lumpsucker",0.44658699639744,0.438403162238181,0.00818383415925863
"PT","biomass",610,"all_gulf","all_gulf","_1","species","Area","Capelin",0.298914263109068,0.29668935926441,0.00222490384465814
"PT","biomass",610,"all_gulf","all_gulf","_1","species","Area","Daubed shanny",0.643798207607678,0.600614165658734,0.0431840419489441
"PT","biomass",610,"all_gulf","all_gulf","_1","species","Area","Dusky snailfish",0.665421884623254,0.658539582782236,0.00688230184101821
"PT","biomass",610,"all_gulf","all_gulf","_1","species","Area","Fourbeard rockling",0.648699776342033,0.586580249143028,0.0621195271990047
"PT","biomass",610,"all_gulf","all_gulf","_1","species","Area","Fourline snakeblenny",0.494616948071273,0.4650474061935,0.0295695418777729
"PT","biomass",610,"all_gulf","all_gulf","_1","species","Area","Greenland cod",0.600754844636467,0.594433572480399,0.00632127215606849
"PT","biomass",610,"all_gulf","all_gulf","_1","species","Area","Greenland halibut",0.494656389911066,0.492651218025263,0.00200517188580232
"PT","biomass",610,"all_gulf","all_gulf","_1","species","Area","Laval's eelpout",0.813482548978223,0.755235576965178,0.0582469720130457
"PT","biomass",610,"all_gulf","all_gulf","_1","species","Area","Longhorn sculpin",0.404287067680434,0.393043335827074,0.0112437318533598
"PT","biomass",610,"all_gulf","all_gulf","_1","species","Area","Marlin-spike grenadier",0.577567233548649,0.555599399409547,0.0219678341391025
"PT","biomass",610,"all_gulf","all_gulf","_1","species","Area","Moustache sculpin",0.758611875101085,0.739389656809711,0.0192222182913746
"PT","biomass",610,"all_gulf","all_gulf","_1","species","Area","Northern sand lance",0.326196559387153,0.326196559387153,1.83880688453542e-17
"PT","biomass",610,"all_gulf","all_gulf","_1","species","Area","Rainbow smelt",0.648501222851768,0.630226430118927,0.0182747927328417
"PT","biomass",610,"all_gulf","all_gulf","_1","species","Area","Redfish unidentified",0.519457326775575,0.514824143588694,0.0046331831868804
"PT","biomass",610,"all_gulf","all_gulf","_1","species","Area","Sea raven",0.218763059885727,0.212247861506938,0.0065151983787892
"PT","biomass",610,"all_gulf","all_gulf","_1","species","Area","Shorthorn sculpin",0.285880356240873,0.278549478536964,0.00733087770390915
"PT","biomass",610,"all_gulf","all_gulf","_1","species","Area","Smooth skate",0.776133376666976,0.763641843439973,0.012491533227003
"PT","biomass",610,"all_gulf","all_gulf","_1","species","Area","Snakeblenny",0.470863213772812,0.438735074945405,0.0321281388274068
"PT","biomass",610,"all_gulf","all_gulf","_1","species","Area","Spatulate sculpin",0.893407891465667,0.886715522169739,0.00669236929592808
"PT","biomass",610,"all_gulf","all_gulf","_1","species","Area","Stout eelblenny",0.66859551642711,0.651333442411956,0.0172620740151547
"PT","biomass",610,"all_gulf","all_gulf","_1","species","Area","Thorny skate",0.64262218514917,0.607832325473951,0.0347898596752192
"PT","biomass",610,"all_gulf","all_gulf","_1","species","Area","Three-spined stickleback",0.332652523227969,0.332637043543537,1.5479684431466e-05
"PT","biomass",610,"all_gulf","all_gulf","_1","species","Area","Vahl's eelpout",0.736192331169126,0.663758638042851,0.0724336931262756
"PT","biomass",610,"all_gulf","all_gulf","_1","species","Area","White hake",0.440425548766443,0.433738406527892,0.00668714223855033
"PT","biomass",610,"all_gulf","all_gulf","_1","species","Area","Windowpane flounder",0.474224729233862,0.473280452422362,0.000944276811499505
"PT","biomass",610,"all_gulf","all_gulf","_1","species","Area","Winter flounder",0.273523492917031,0.261458219404361,0.0120652735126695
"PT","biomass",610,"all_gulf","all_gulf","_1","species","Area","Witch flounder",0.365638927034251,0.317259565337489,0.0483793616967626
"PT","biomass",610,"all_gulf","all_gulf","_1","species","Area","Yellowtail flounder",0.561426393508739,0.506111788004508,0.0553146055042312
"PT","biomass",630,"all_gulf","all_gulf","_1","species","Area","Alewife",0.732400282755091,0.732264742288323,0.000135540466768168
"PT","biomass",630,"all_gulf","all_gulf","_1","species","Area","Alligatorfish",0.848272984255111,0.808634828810234,0.0396381554448767
"PT","biomass",630,"all_gulf","all_gulf","_1","species","Area","American plaice",0.489481935064664,0.477703327059203,0.0117786080054606
"PT","biomass",630,"all_gulf","all_gulf","_1","species","Area","Arctic alligatorfish",0.894326730512524,0.862453809135427,0.0318729213770967
"PT","biomass",630,"all_gulf","all_gulf","_1","species","Area","Arctic hookear sculpin",0.873722535752297,0.856128408507046,0.0175941272452511
"PT","biomass",630,"all_gulf","all_gulf","_1","species","Area","Arctic staghorn sculpin",0.671890146807423,0.643627240250933,0.0282629065564897
"PT","biomass",630,"all_gulf","all_gulf","_1","species","Area","Atlantic cod",0.395683088508595,0.388112354571718,0.00757073393687658
"PT","biomass",630,"all_gulf","all_gulf","_1","species","Area","Atlantic herring",0.475970878046304,0.469952226566091,0.0060186514802123
"PT","biomass",630,"all_gulf","all_gulf","_1","species","Area","Atlantic hookear sculpin",0.868003761422515,0.840498508229479,0.0275052531930368
"PT","biomass",630,"all_gulf","all_gulf","_1","species","Area","Atlantic mackerel",0.385657146757824,0.385507640998367,0.000149505759456626
"PT","biomass",630,"all_gulf","all_gulf","_1","species","Area","Atlantic poacher",0.823688826059862,0.794739675042229,0.0289491510176331
"PT","biomass",630,"all_gulf","all_gulf","_1","species","Area","Atlantic spiny lumpsucker",0.449155320429217,0.440337304413882,0.00881801601533492
"PT","biomass",630,"all_gulf","all_gulf","_1","species","Area","Capelin",0.301268670312215,0.299043991522582,0.00222467878963234
"PT","biomass",630,"all_gulf","all_gulf","_1","species","Area","Daubed shanny",0.653602752286069,0.616731681308829,0.0368710709772404
"PT","biomass",630,"all_gulf","all_gulf","_1","species","Area","Dusky snailfish",0.651178885435127,0.645306495104812,0.00587239033031543
"PT","biomass",630,"all_gulf","all_gulf","_1","species","Area","Fourbeard rockling",0.643399162965889,0.587427357623023,0.0559718053428657
"PT","biomass",630,"all_gulf","all_gulf","_1","species","Area","Fourline snakeblenny",0.502058045687627,0.476124001944,0.0259340437436269
"PT","biomass",630,"all_gulf","all_gulf","_1","species","Area","Greenland cod",0.595359294250899,0.590319501137731,0.00503979311316865
"PT","biomass",630,"all_gulf","all_gulf","_1","species","Area","Greenland halibut",0.486215128208599,0.484487608247481,0.00172751996111845
"PT","biomass",630,"all_gulf","all_gulf","_1","species","Area","Laval's eelpout",0.789070604473982,0.733601547208203,0.0554690572657791
"PT","biomass",630,"all_gulf","all_gulf","_1","species","Area","Longhorn sculpin",0.407955685875073,0.398642863282734,0.00931282259233939
"PT","biomass",630,"all_gulf","all_gulf","_1","species","Area","Marlin-spike grenadier",0.567293026765942,0.547715477767208,0.0195775489987342
"PT","biomass",630,"all_gulf","all_gulf","_1","species","Area","Moustache sculpin",0.759447962972035,0.743579030251383,0.0158689327206513
"PT","biomass",630,"all_gulf","all_gulf","_1","species","Area","Northern sand lance",0.331014203807818,0.331014203807818,2.13717932240343e-17
"PT","biomass",630,"all_gulf","all_gulf","_1","species","Area","Rainbow smelt",0.649719842741059,0.63452273344049,0.0151971093005694
"PT","biomass",630,"all_gulf","all_gulf","_1","species","Area","Redfish unidentified",0.533331447261435,0.529210331475771,0.00412111578566363
"PT","biomass",630,"all_gulf","all_gulf","_1","species","Area","Sea raven",0.177980636344385,0.171269412829149,0.00671122351523568
"PT","biomass",630,"all_gulf","all_gulf","_1","species","Area","Shorthorn sculpin",0.280978460819111,0.27449181085138,0.00648664996773158
"PT","biomass",630,"all_gulf","all_gulf","_1","species","Area","Smooth skate",0.771770289470614,0.760115150205107,0.0116551392655066
"PT","biomass",630,"all_gulf","all_gulf","_1","species","Area","Snakeblenny",0.477318034690436,0.450293733238943,0.0270243014514931
"PT","biomass",630,"all_gulf","all_gulf","_1","species","Area","Spatulate sculpin",0.887333908229284,0.882197980027382,0.00513592820190205
"PT","biomass",630,"all_gulf","all_gulf","_1","species","Area","Stout eelblenny",0.67106453975755,0.655757917338131,0.0153066224194191
"PT","biomass",630,"all_gulf","all_gulf","_1","species","Area","Thorny skate",0.644748115198953,0.614611322363682,0.0301367928352705
"PT","biomass",630,"all_gulf","all_gulf","_1","species","Area","Three-spined stickleback",0.333185228041014,0.333168105490913,1.71225501011487e-05
"PT","biomass",630,"all_gulf","all_gulf","_1","species","Area","Vahl's eelpout",0.762462587020295,0.713686953870853,0.0487756331494421
"PT","biomass",630,"all_gulf","all_gulf","_1","species","Area","White hake",0.430531248954377,0.425014272534612,0.00551697641976586
"PT","biomass",630,"all_gulf","all_gulf","_1","species","Area","Windowpane flounder",0.494815787885585,0.494013863495936,0.000801924389648512
"PT","biomass",630,"all_gulf","all_gulf","_1","species","Area","Winter flounder",0.276229296190498,0.265844370828073,0.0103849253624248
"PT","biomass",630,"all_gulf","all_gulf","_1","species","Area","Witch flounder",0.358868901944721,0.318057627972535,0.0408112739721862
"PT","biomass",630,"all_gulf","all_gulf","_1","species","Area","Yellowtail flounder",0.571031736566502,0.524331474487077,0.0467002620794247
"PT","biomass",650,"all_gulf","all_gulf","_1","species","Area","Alewife",0.727652058576235,0.727523486099403,0.000128572476832346
"PT","biomass",650,"all_gulf","all_gulf","_1","species","Area","Alligatorfish",0.841274056518025,0.792002396240746,0.0492716602772793
"PT","biomass",650,"all_gulf","all_gulf","_1","species","Area","American plaice",0.488568473853113,0.475407392933807,0.0131610809193061
"PT","biomass",650,"all_gulf","all_gulf","_1","species","Area","Arctic alligatorfish",0.892435130012271,0.8561347397194,0.0363003902928708
"PT","biomass",650,"all_gulf","all_gulf","_1","species","Area","Arctic hookear sculpin",0.875172435365119,0.852670478857473,0.0225019565076458
"PT","biomass",650,"all_gulf","all_gulf","_1","species","Area","Arctic staghorn sculpin",0.654560424628752,0.624395196968301,0.0301652276604511
"PT","biomass",650,"all_gulf","all_gulf","_1","species","Area","Atlantic cod",0.398886447037244,0.39093295747785,0.0079534895593945
"PT","biomass",650,"all_gulf","all_gulf","_1","species","Area","Atlantic herring",0.470317295220843,0.464455675833587,0.00586161938725567
"PT","biomass",650,"all_gulf","all_gulf","_1","species","Area","Atlantic hookear sculpin",0.872798383972387,0.846590387176492,0.0262079967958946
"PT","biomass",650,"all_gulf","all_gulf","_1","species","Area","Atlantic mackerel",0.390727019341619,0.390597193229617,0.000129826112002142
"PT","biomass",650,"all_gulf","all_gulf","_1","species","Area","Atlantic poacher",0.820783865859749,0.786625193753091,0.0341586721066581
"PT","biomass",650,"all_gulf","all_gulf","_1","species","Area","Atlantic spiny lumpsucker",0.449248699766405,0.441147365952089,0.0081013338143167
"PT","biomass",650,"all_gulf","all_gulf","_1","species","Area","Capelin",0.292699798380293,0.290735380200768,0.00196441817952496
"PT","biomass",650,"all_gulf","all_gulf","_1","species","Area","Daubed shanny",0.64384312453706,0.602556843242037,0.0412862812950234
"PT","biomass",650,"all_gulf","all_gulf","_1","species","Area","Dusky snailfish",0.647519021883454,0.641033885359252,0.00648513652420185
"PT","biomass",650,"all_gulf","all_gulf","_1","species","Area","Fourbeard rockling",0.644408662416359,0.587376802937361,0.0570318594789975
"PT","biomass",650,"all_gulf","all_gulf","_1","species","Area","Fourline snakeblenny",0.498946792077645,0.466540378925905,0.0324064131517395
"PT","biomass",650,"all_gulf","all_gulf","_1","species","Area","Greenland cod",0.58430479256641,0.578393708345583,0.00591108422082685
"PT","biomass",650,"all_gulf","all_gulf","_1","species","Area","Greenland halibut",0.486082446282124,0.484330810394229,0.00175163588789495
"PT","biomass",650,"all_gulf","all_gulf","_1","species","Area","Laval's eelpout",0.79031998041302,0.7309891949386,0.0593307854744203
"PT","biomass",650,"all_gulf","all_gulf","_1","species","Area","Longhorn sculpin",0.405123902927233,0.393883808684669,0.0112400942425633
"PT","biomass",650,"all_gulf","all_gulf","_1","species","Area","Marlin-spike grenadier",0.566423350629802,0.543826955243744,0.022596395386058
"PT","biomass",650,"all_gulf","all_gulf","_1","species","Area","Moustache sculpin",0.760105991433136,0.742432419481729,0.0176735719514074
"PT","biomass",650,"all_gulf","all_gulf","_1","species","Area","Northern sand lance",0.348028769396214,0.348028769396214,2.09901540593194e-17
"PT","biomass",650,"all_gulf","all_gulf","_1","species","Area","Rainbow smelt",0.655958564133871,0.639177937005571,0.0167806271283002
"PT","biomass",650,"all_gulf","all_gulf","_1","species","Area","Redfish unidentified",0.538818231516957,0.534883307782231,0.00393492373472551
"PT","biomass",650,"all_gulf","all_gulf","_1","species","Area","Sea raven",0.182827950972707,0.177462603532675,0.00536534744003171
"PT","biomass",650,"all_gulf","all_gulf","_1","species","Area","Shorthorn sculpin",0.278345072141052,0.271690472186919,0.00665459995413246
"PT","biomass",650,"all_gulf","all_gulf","_1","species","Area","Smooth skate",0.776899275704801,0.764270125120092,0.0126291505847093
"PT","biomass",650,"all_gulf","all_gulf","_1","species","Area","Snakeblenny",0.473036626643145,0.438514274136959,0.0345223525061858
"PT","biomass",650,"all_gulf","all_gulf","_1","species","Area","Spatulate sculpin",0.886166675189572,0.879835113034068,0.00633156215550387
"PT","biomass",650,"all_gulf","all_gulf","_1","species","Area","Stout eelblenny",0.671149846042611,0.653503592280869,0.0176462537617425
"PT","biomass",650,"all_gulf","all_gulf","_1","species","Area","Thorny skate",0.639694037384444,0.606559119534848,0.0331349178495957
"PT","biomass",650,"all_gulf","all_gulf","_1","species","Area","Three-spined stickleback",0.339935306298604,0.339924389996625,1.09163019790402e-05
"PT","biomass",650,"all_gulf","all_gulf","_1","species","Area","Vahl's eelpout",0.775792660322479,0.728794269279206,0.0469983910432736
"PT","biomass",650,"all_gulf","all_gulf","_1","species","Area","White hake",0.424077549717506,0.418686856265492,0.00539069345201385
"PT","biomass",650,"all_gulf","all_gulf","_1","species","Area","Windowpane flounder",0.482562794568021,0.481730810485514,0.000831984082506504
"PT","biomass",650,"all_gulf","all_gulf","_1","species","Area","Winter flounder",0.276435110781828,0.264154522152413,0.0122805886294153
"PT","biomass",650,"all_gulf","all_gulf","_1","species","Area","Witch flounder",0.362554224207473,0.313637719324923,0.04891650488255
"PT","biomass",650,"all_gulf","all_gulf","_1","species","Area","Yellowtail flounder",0.562374835495826,0.509684537566169,0.0526902979296572
"PT","biomass",670,"all_gulf","all_gulf","_1","species","Area","Alewife",0.734753448712394,0.734619107924802,0.000134340787592145
"PT","biomass",670,"all_gulf","all_gulf","_1","species","Area","Alligatorfish",0.840715947803224,0.79582085889716,0.0448950889060633
"PT","biomass",670,"all_gulf","all_gulf","_1","species","Area","American plaice",0.492340870500866,0.479631644005156,0.01270922649571
"PT","biomass",670,"all_gulf","all_gulf","_1","species","Area","Arctic alligatorfish",0.895912111197833,0.862226978215189,0.0336851329826439
"PT","biomass",670,"all_gulf","all_gulf","_1","species","Area","Arctic hookear sculpin",0.856450196618046,0.83528828710578,0.0211619095122668
"PT","biomass",670,"all_gulf","all_gulf","_1","species","Area","Arctic staghorn sculpin",0.657154636802682,0.625968268688859,0.0311863681138223
"PT","biomass",670,"all_gulf","all_gulf","_1","species","Area","Atlantic cod",0.392063569983747,0.384089323925369,0.00797424605837783
"PT","biomass",670,"all_gulf","all_gulf","_1","species","Area","Atlantic herring",0.466549746206243,0.459655582261748,0.00689416394449425
"PT","biomass",670,"all_gulf","all_gulf","_1","species","Area","Atlantic hookear sculpin",0.872154676320308,0.843041934743317,0.0291127415769908
"PT","biomass",670,"all_gulf","all_gulf","_1","species","Area","Atlantic mackerel",0.408168326652288,0.408026946204666,0.000141380447621475
"PT","biomass",670,"all_gulf","all_gulf","_1","species","Area","Atlantic poacher",0.81861647400561,0.787223663636324,0.031392810369286
"PT","biomass",670,"all_gulf","all_gulf","_1","species","Area","Atlantic spiny lumpsucker",0.451475998832412,0.442501059287406,0.00897493954500627
"PT","biomass",670,"all_gulf","all_gulf","_1","species","Area","Capelin",0.305070305344238,0.302734070453106,0.00233623489113145
"PT","biomass",670,"all_gulf","all_gulf","_1","species","Area","Daubed shanny",0.646191326883657,0.607219805929891,0.0389715209537659
"PT","biomass",670,"all_gulf","all_gulf","_1","species","Area","Dusky snailfish",0.651534680148288,0.645140845295641,0.00639383485264735
"PT","biomass",670,"all_gulf","all_gulf","_1","species","Area","Fourbeard rockling",0.647058270899629,0.590948936591187,0.0561093343084421
"PT","biomass",670,"all_gulf","all_gulf","_1","species","Area","Fourline snakeblenny",0.498185794587294,0.467945118817932,0.0302406757693626
"PT","biomass",670,"all_gulf","all_gulf","_1","species","Area","Greenland cod",0.587849784089472,0.581141288872295,0.00670849521717662
"PT","biomass",670,"all_gulf","all_gulf","_1","species","Area","Greenland halibut",0.49388780217596,0.492269698743308,0.00161810343265207
"PT","biomass",670,"all_gulf","all_gulf","_1","species","Area","Laval's eelpout",0.782185176178749,0.723791564847047,0.0583936113317029
"PT","biomass",670,"all_gulf","all_gulf","_1","species","Area","Longhorn sculpin",0.397075652498373,0.386360666896933,0.0107149856014403
"PT","biomass",670,"all_gulf","all_gulf","_1","species","Area","Marlin-spike grenadier",0.56728390458178,0.545210141711453,0.0220737628703267
"PT","biomass",670,"all_gulf","all_gulf","_1","species","Area","Moustache sculpin",0.761217297398837,0.744627331683264,0.0165899657155729
"PT","biomass",670,"all_gulf","all_gulf","_1","species","Area","Northern sand lance",0.333881321894324,0.333881321894324,2.65412691824451e-17
"PT","biomass",670,"all_gulf","all_gulf","_1","species","Area","Rainbow smelt",0.666316667199623,0.651155147086464,0.0151615201131586
"PT","biomass",670,"all_gulf","all_gulf","_1","species","Area","Redfish unidentified",0.530126049685055,0.525323181363211,0.00480286832184438
"PT","biomass",670,"all_gulf","all_gulf","_1","species","Area","Sea raven",0.179492456630607,0.172192642069872,0.00729981456073492
"PT","biomass",670,"all_gulf","all_gulf","_1","species","Area","Shorthorn sculpin",0.224395559997174,0.21716892413306,0.0072266358641137
"PT","biomass",670,"all_gulf","all_gulf","_1","species","Area","Smooth skate",0.773918072939675,0.762735855059959,0.0111822178797163
"PT","biomass",670,"all_gulf","all_gulf","_1","species","Area","Snakeblenny",0.479601583957126,0.45155796619709,0.0280436177600361
"PT","biomass",670,"all_gulf","all_gulf","_1","species","Area","Spatulate sculpin",0.892487293282232,0.886743009563297,0.00574428371893523
"PT","biomass",670,"all_gulf","all_gulf","_1","species","Area","Stout eelblenny",0.673308595668241,0.657698865600769,0.0156097300674714
"PT","biomass",670,"all_gulf","all_gulf","_1","species","Area","Thorny skate",0.637082644753641,0.605329284040548,0.0317533607130924
"PT","biomass",670,"all_gulf","all_gulf","_1","species","Area","Three-spined stickleback",0.352112491259926,0.352096880459368,1.56108005587723e-05
"PT","biomass",670,"all_gulf","all_gulf","_1","species","Area","Vahl's eelpout",0.764799738660404,0.711187731164155,0.0536120074962491
"PT","biomass",670,"all_gulf","all_gulf","_1","species","Area","White hake",0.42113548812109,0.415102689953906,0.00603279816718336
"PT","biomass",670,"all_gulf","all_gulf","_1","species","Area","Windowpane flounder",0.492681256025824,0.491861236044389,0.000820019981434569
"PT","biomass",670,"all_gulf","all_gulf","_1","species","Area","Winter flounder",0.2657298423836,0.253630607565253,0.0120992348183467
"PT","biomass",670,"all_gulf","all_gulf","_1","species","Area","Witch flounder",0.361705990214637,0.315616743474597,0.0460892467400402
"PT","biomass",670,"all_gulf","all_gulf","_1","species","Area","Yellowtail flounder",0.565407109705255,0.515844049079871,0.0495630606253845
"PT","biomass",690,"all_gulf","all_gulf","_1","species","Area","Alewife",0.723743718434295,0.723599847420662,0.000143871013632921
"PT","biomass",690,"all_gulf","all_gulf","_1","species","Area","Alligatorfish",0.847087850280847,0.801670343569139,0.045417506711708
"PT","biomass",690,"all_gulf","all_gulf","_1","species","Area","American plaice",0.493686214815384,0.48161797737362,0.0120682374417631
"PT","biomass",690,"all_gulf","all_gulf","_1","species","Area","Arctic alligatorfish",0.894960510883563,0.85883460525502,0.0361259056285435
"PT","biomass",690,"all_gulf","all_gulf","_1","species","Area","Arctic hookear sculpin",0.865000045745982,0.845815376151385,0.0191846695945967
"PT","biomass",690,"all_gulf","all_gulf","_1","species","Area","Arctic staghorn sculpin",0.663776445150158,0.633526388680986,0.030250056469172
"PT","biomass",690,"all_gulf","all_gulf","_1","species","Area","Atlantic cod",0.398335426551886,0.390743364174111,0.007592062377775
"PT","biomass",690,"all_gulf","all_gulf","_1","species","Area","Atlantic herring",0.471073102998487,0.465321503320759,0.00575159967772844
"PT","biomass",690,"all_gulf","all_gulf","_1","species","Area","Atlantic hookear sculpin",0.876024245642043,0.852481521390661,0.0235427242513814
"PT","biomass",690,"all_gulf","all_gulf","_1","species","Area","Atlantic mackerel",0.400040322438018,0.399933704882708,0.000106617555310643
"PT","biomass",690,"all_gulf","all_gulf","_1","species","Area","Atlantic poacher",0.822149471441569,0.791424561621112,0.0307249098204577
"PT","biomass",690,"all_gulf","all_gulf","_1","species","Area","Atlantic spiny lumpsucker",0.45023419068437,0.442502720572033,0.00773147011233754
"PT","biomass",690,"all_gulf","all_gulf","_1","species","Area","Capelin",0.299370686434688,0.297572820087644,0.00179786634704422
"PT","biomass",690,"all_gulf","all_gulf","_1","species","Area","Daubed shanny",0.651095271787601,0.615789041634636,0.035306230152965
"PT","biomass",690,"all_gulf","all_gulf","_1","species","Area","Dusky snailfish",0.65449734758514,0.647980457209386,0.00651689037575393
"PT","biomass",690,"all_gulf","all_gulf","_1","species","Area","Fourbeard rockling",0.646065348801812,0.58800604362872,0.0580593051730918
"PT","biomass",690,"all_gulf","all_gulf","_1","species","Area","Fourline snakeblenny",0.492140800859386,0.462782486459106,0.0293583144002802
"PT","biomass",690,"all_gulf","all_gulf","_1","species","Area","Greenland cod",0.597485150094581,0.59192928915042,0.00555586094416167
"PT","biomass",690,"all_gulf","all_gulf","_1","species","Area","Greenland halibut",0.491386008565272,0.489850702202944,0.00153530636232763
"PT","biomass",690,"all_gulf","all_gulf","_1","species","Area","Laval's eelpout",0.785668515189988,0.72079643034085,0.0648720848491383
"PT","biomass",690,"all_gulf","all_gulf","_1","species","Area","Longhorn sculpin",0.394937426959789,0.384784023015443,0.0101534039443454
"PT","biomass",690,"all_gulf","all_gulf","_1","species","Area","Marlin-spike grenadier",0.574042625731634,0.552762014802557,0.0212806109290774
"PT","biomass",690,"all_gulf","all_gulf","_1","species","Area","Moustache sculpin",0.75969390624178,0.74362156318555,0.0160723430562306
"PT","biomass",690,"all_gulf","all_gulf","_1","species","Area","Northern sand lance",0.336374960074094,0.336374960074094,1.8995222061946e-17
"PT","biomass",690,"all_gulf","all_gulf","_1","species","Area","Rainbow smelt",0.653996804161069,0.638600916918391,0.0153958872426782
"PT","biomass",690,"all_gulf","all_gulf","_1","species","Area","Redfish unidentified",0.528491192994238,0.525128427025653,0.00336276596858477
"PT","biomass",690,"all_gulf","all_gulf","_1","species","Area","Sea raven",0.178219393022092,0.171485024898434,0.00673436812365819
"PT","biomass",690,"all_gulf","all_gulf","_1","species","Area","Shorthorn sculpin",0.222748751739005,0.215993188699567,0.00675556303943795
"PT","biomass",690,"all_gulf","all_gulf","_1","species","Area","Smooth skate",0.770794869503602,0.75958916085619,0.0112057086474125
"PT","biomass",690,"all_gulf","all_gulf","_1","species","Area","Snakeblenny",0.476425822164962,0.446493089021753,0.0299327331432095
"PT","biomass",690,"all_gulf","all_gulf","_1","species","Area","Spatulate sculpin",0.892322612747795,0.88679026636599,0.00553234638180532
"PT","biomass",690,"all_gulf","all_gulf","_1","species","Area","Stout eelblenny",0.670374775892363,0.65299502256683,0.0173797533255331
"PT","biomass",690,"all_gulf","all_gulf","_1","species","Area","Thorny skate",0.638850931053186,0.60767321765464,0.0311777133985457
"PT","biomass",690,"all_gulf","all_gulf","_1","species","Area","Three-spined stickleback",0.333046079796525,0.333030958024338,1.51217721861652e-05
"PT","biomass",690,"all_gulf","all_gulf","_1","species","Area","Vahl's eelpout",0.756111787525895,0.700375006237732,0.0557367812881625
"PT","biomass",690,"all_gulf","all_gulf","_1","species","Area","White hake",0.425883246639862,0.41975341023524,0.00612983640462234
"PT","biomass",690,"all_gulf","all_gulf","_1","species","Area","Windowpane flounder",0.498771658746676,0.497972778489509,0.000798880257167404
"PT","biomass",690,"all_gulf","all_gulf","_1","species","Area","Winter flounder",0.271612259431477,0.25993294668666,0.0116793127448166
"PT","biomass",690,"all_gulf","all_gulf","_1","species","Area","Witch flounder",0.358368577810318,0.314929983145141,0.0434385946651777
"PT","biomass",690,"all_gulf","all_gulf","_1","species","Area","Yellowtail flounder",0.566214762895958,0.51723208011372,0.0489826827822382
"PT","biomass",710,"all_gulf","all_gulf","_1","species","Area","Alewife",0.719368870091661,0.719236991327846,0.000131878763815062
"PT","biomass",710,"all_gulf","all_gulf","_1","species","Area","Alligatorfish",0.849630132479401,0.803355188185113,0.0462749442942881
"PT","biomass",710,"all_gulf","all_gulf","_1","species","Area","American plaice",0.474703750716651,0.46198776744049,0.0127159832761612
"PT","biomass",710,"all_gulf","all_gulf","_1","species","Area","Arctic alligatorfish",0.891751003453426,0.856163875553383,0.0355871279000435
"PT","biomass",710,"all_gulf","all_gulf","_1","species","Area","Arctic hookear sculpin",0.851942667515077,0.828170626303633,0.0237720412114433
"PT","biomass",710,"all_gulf","all_gulf","_1","species","Area","Arctic staghorn sculpin",0.641383281997689,0.609065536233827,0.032317745763862
"PT","biomass",710,"all_gulf","all_gulf","_1","species","Area","Atlantic cod",0.395226946812022,0.38716046377943,0.00806648303259136
"PT","biomass",710,"all_gulf","all_gulf","_1","species","Area","Atlantic herring",0.471180368275328,0.465142863682677,0.00603750459265175
"PT","biomass",710,"all_gulf","all_gulf","_1","species","Area","Atlantic hookear sculpin",0.870924364679302,0.844197665921645,0.0267266987576567
"PT","biomass",710,"all_gulf","all_gulf","_1","species","Area","Atlantic mackerel",0.387798025383071,0.387702392633079,9.56327499915978e-05
"PT","biomass",710,"all_gulf","all_gulf","_1","species","Area","Atlantic poacher",0.818599627256776,0.78708871676706,0.0315109104897166
"PT","biomass",710,"all_gulf","all_gulf","_1","species","Area","Atlantic spiny lumpsucker",0.44664353118352,0.437774543507985,0.00886898767553434
"PT","biomass",710,"all_gulf","all_gulf","_1","species","Area","Capelin",0.297872553499186,0.296150323901883,0.00172222959730278
"PT","biomass",710,"all_gulf","all_gulf","_1","species","Area","Daubed shanny",0.653034717750015,0.613641011917653,0.0393937058323621
"PT","biomass",710,"all_gulf","all_gulf","_1","species","Area","Dusky snailfish",0.65429856648924,0.648006969515253,0.00629159697398776
"PT","biomass",710,"all_gulf","all_gulf","_1","species","Area","Fourbeard rockling",0.652944145248252,0.595346897514956,0.0575972477332962
"PT","biomass",710,"all_gulf","all_gulf","_1","species","Area","Fourline snakeblenny",0.499634621342021,0.470843231208304,0.028791390133717
"PT","biomass",710,"all_gulf","all_gulf","_1","species","Area","Greenland cod",0.573993461997275,0.568521967092133,0.00547149490514183
"PT","biomass",710,"all_gulf","all_gulf","_1","species","Area","Greenland halibut",0.486659001308712,0.484953246169809,0.00170575513890379
"PT","biomass",710,"all_gulf","all_gulf","_1","species","Area","Laval's eelpout",0.766191676405593,0.696964233945599,0.0692274424599941
"PT","biomass",710,"all_gulf","all_gulf","_1","species","Area","Longhorn sculpin",0.381886013636339,0.371067627730263,0.0108183859060762
"PT","biomass",710,"all_gulf","all_gulf","_1","species","Area","Marlin-spike grenadier",0.572050324957739,0.551213881937116,0.0208364430206234
"PT","biomass",710,"all_gulf","all_gulf","_1","species","Area","Moustache sculpin",0.761129646266796,0.743372121586156,0.0177575246806404
"PT","biomass",710,"all_gulf","all_gulf","_1","species","Area","Northern sand lance",0.329871627259259,0.329871627259259,2.14411821630733e-17
"PT","biomass",710,"all_gulf","all_gulf","_1","species","Area","Rainbow smelt",0.650473173796075,0.634095061471774,0.016378112324301
"PT","biomass",710,"all_gulf","all_gulf","_1","species","Area","Redfish unidentified",0.524935843822227,0.520796842606535,0.00413900121569159
"PT","biomass",710,"all_gulf","all_gulf","_1","species","Area","Sea raven",0.181075913633269,0.17273418172832,0.00834173190494864
"PT","biomass",710,"all_gulf","all_gulf","_1","species","Area","Shorthorn sculpin",0.209486046428877,0.201432907090856,0.0080531393380211
"PT","biomass",710,"all_gulf","all_gulf","_1","species","Area","Smooth skate",0.771861925988653,0.759832207538337,0.0120297184503156
"PT","biomass",710,"all_gulf","all_gulf","_1","species","Area","Snakeblenny",0.476112180169863,0.444233979544809,0.0318782006250537
"PT","biomass",710,"all_gulf","all_gulf","_1","species","Area","Spatulate sculpin",0.886655681739224,0.880331290281545,0.00632439145767915
"PT","biomass",710,"all_gulf","all_gulf","_1","species","Area","Stout eelblenny",0.67048238980648,0.653924806807327,0.0165575829991529
"PT","biomass",710,"all_gulf","all_gulf","_1","species","Area","Thorny skate",0.638132041020163,0.604524076731454,0.0336079642887083
"PT","biomass",710,"all_gulf","all_gulf","_1","species","Area","Three-spined stickleback",0.340711792581299,0.340698148111296,1.36444700027885e-05
"PT","biomass",710,"all_gulf","all_gulf","_1","species","Area","Vahl's eelpout",0.757337882464225,0.698259586663707,0.0590782958005179
"PT","biomass",710,"all_gulf","all_gulf","_1","species","Area","White hake",0.42342150082433,0.417317649692413,0.00610385113191764
"PT","biomass",710,"all_gulf","all_gulf","_1","species","Area","Windowpane flounder",0.496917108662069,0.496064164355134,0.000852944306934636
"PT","biomass",710,"all_gulf","all_gulf","_1","species","Area","Winter flounder",0.27126514553128,0.259814696155203,0.0114504493760772
"PT","biomass",710,"all_gulf","all_gulf","_1","species","Area","Witch flounder",0.365299184256645,0.318448612102818,0.0468505721538269
"PT","biomass",710,"all_gulf","all_gulf","_1","species","Area","Yellowtail flounder",0.564415344727978,0.513014997929593,0.0514003467983847
"PT","biomass",730,"all_gulf","all_gulf","_1","species","Area","Alewife",0.727536280044824,0.727418981610509,0.000117298434315186
"PT","biomass",730,"all_gulf","all_gulf","_1","species","Area","Alligatorfish",0.84324007312252,0.804541073996992,0.0386989991255276
"PT","biomass",730,"all_gulf","all_gulf","_1","species","Area","American plaice",0.478593085103817,0.468090450048893,0.0105026350549234
"PT","biomass",730,"all_gulf","all_gulf","_1","species","Area","Arctic alligatorfish",0.905139566180265,0.879011546967955,0.0261280192123106
"PT","biomass",730,"all_gulf","all_gulf","_1","species","Area","Arctic hookear sculpin",0.861184260276103,0.843602936768279,0.0175813235078236
"PT","biomass",730,"all_gulf","all_gulf","_1","species","Area","Arctic staghorn sculpin",0.658772681509204,0.632509579261714,0.0262631022474893
"PT","biomass",730,"all_gulf","all_gulf","_1","species","Area","Atlantic cod",0.395430764339363,0.388823837938364,0.00660692640099844
"PT","biomass",730,"all_gulf","all_gulf","_1","species","Area","Atlantic herring",0.469004368812325,0.461269034056426,0.00773533475589945
"PT","biomass",730,"all_gulf","all_gulf","_1","species","Area","Atlantic hookear sculpin",0.872689164690448,0.852166502533442,0.0205226621570054
"PT","biomass",730,"all_gulf","all_gulf","_1","species","Area","Atlantic mackerel",0.384658894992836,0.384543485042468,0.000115409950368464
"PT","biomass",730,"all_gulf","all_gulf","_1","species","Area","Atlantic poacher",0.824669245716513,0.798682250388406,0.0259869953281072
"PT","biomass",730,"all_gulf","all_gulf","_1","species","Area","Atlantic spiny lumpsucker",0.450559080938832,0.442016851652153,0.00854222928667927
"PT","biomass",730,"all_gulf","all_gulf","_1","species","Area","Capelin",0.312335815542397,0.31025602003899,0.00207979550340697
"PT","biomass",730,"all_gulf","all_gulf","_1","species","Area","Daubed shanny",0.647313187635698,0.614606668190078,0.0327065194456192
"PT","biomass",730,"all_gulf","all_gulf","_1","species","Area","Dusky snailfish",0.651794626660911,0.646455380684738,0.00533924597617294
"PT","biomass",730,"all_gulf","all_gulf","_1","species","Area","Fourbeard rockling",0.651616444277036,0.601025519812956,0.0505909244640803
"PT","biomass",730,"all_gulf","all_gulf","_1","species","Area","Fourline snakeblenny",0.50379198107076,0.481153607639423,0.0226383734313368
"PT","biomass",730,"all_gulf","all_gulf","_1","species","Area","Greenland cod",0.579733006965043,0.574766703339588,0.00496630362545436
"PT","biomass",730,"all_gulf","all_gulf","_1","species","Area","Greenland halibut",0.482533110472888,0.48112153125787,0.00141157921501818
"PT","biomass",730,"all_gulf","all_gulf","_1","species","Area","Laval's eelpout",0.777432867407477,0.723807893012498,0.053624974394979
"PT","biomass",730,"all_gulf","all_gulf","_1","species","Area","Longhorn sculpin",0.385493187458466,0.376745054335779,0.0087481331226874
"PT","biomass",730,"all_gulf","all_gulf","_1","species","Area","Marlin-spike grenadier",0.584595405487344,0.567771519090704,0.0168238863966402
"PT","biomass",730,"all_gulf","all_gulf","_1","species","Area","Moustache sculpin",0.766762219755653,0.75293422932058,0.0138279904350727
"PT","biomass",730,"all_gulf","all_gulf","_1","species","Area","Northern sand lance",0.325426474754251,0.325426474754251,2.15886336585314e-17
"PT","biomass",730,"all_gulf","all_gulf","_1","species","Area","Rainbow smelt",0.656049974292963,0.642552732086655,0.0134972422063088
"PT","biomass",730,"all_gulf","all_gulf","_1","species","Area","Redfish unidentified",0.542963516755243,0.538545438676621,0.00441807807862107
"PT","biomass",730,"all_gulf","all_gulf","_1","species","Area","Sea raven",0.182374085630978,0.176643072678345,0.00573101295263307
"PT","biomass",730,"all_gulf","all_gulf","_1","species","Area","Shorthorn sculpin",0.206337423202449,0.200153162708064,0.00618426049438512
"PT","biomass",730,"all_gulf","all_gulf","_1","species","Area","Smooth skate",0.777255274639475,0.76686479333104,0.0103904813084349
"PT","biomass",730,"all_gulf","all_gulf","_1","species","Area","Snakeblenny",0.481396202024335,0.457738678993234,0.0236575230311009
"PT","biomass",730,"all_gulf","all_gulf","_1","species","Area","Spatulate sculpin",0.888531092019059,0.883737655349556,0.00479343666950305
"PT","biomass",730,"all_gulf","all_gulf","_1","species","Area","Stout eelblenny",0.680081552821443,0.666977523648162,0.0131040291732814
"PT","biomass",730,"all_gulf","all_gulf","_1","species","Area","Thorny skate",0.641963078660717,0.614068661738308,0.0278944169224091
"PT","biomass",730,"all_gulf","all_gulf","_1","species","Area","Three-spined stickleback",0.339165963645926,0.33915424950109,1.17141448357277e-05
"PT","biomass",730,"all_gulf","all_gulf","_1","species","Area","Vahl's eelpout",0.770634669862669,0.722137238749699,0.0484974311129703
"PT","biomass",730,"all_gulf","all_gulf","_1","species","Area","White hake",0.425816632136095,0.420294975379562,0.00552165675653306
"PT","biomass",730,"all_gulf","all_gulf","_1","species","Area","Windowpane flounder",0.478951969752916,0.47827690762665,0.000675062126266129
"PT","biomass",730,"all_gulf","all_gulf","_1","species","Area","Winter flounder",0.271262765754458,0.26161942826947,0.00964333748498748
"PT","biomass",730,"all_gulf","all_gulf","_1","species","Area","Witch flounder",0.361422463731959,0.324532878498186,0.0368895852337738
"PT","biomass",730,"all_gulf","all_gulf","_1","species","Area","Yellowtail flounder",0.569962279966665,0.528384857849912,0.0415774221167525
"PT","biomass",750,"all_gulf","all_gulf","_1","species","Area","Alewife",0.729052842737489,0.72894159675025,0.000111245987238206
"PT","biomass",750,"all_gulf","all_gulf","_1","species","Area","Alligatorfish",0.843843202122579,0.805603013347158,0.0382401887754214
"PT","biomass",750,"all_gulf","all_gulf","_1","species","Area","American plaice",0.479403740529318,0.468157764704273,0.0112459758250449
"PT","biomass",750,"all_gulf","all_gulf","_1","species","Area","Arctic alligatorfish",0.893761408240983,0.86402775663685,0.0297336516041328
"PT","biomass",750,"all_gulf","all_gulf","_1","species","Area","Arctic hookear sculpin",0.868167091430751,0.851670467987566,0.0164966234431858
"PT","biomass",750,"all_gulf","all_gulf","_1","species","Area","Arctic staghorn sculpin",0.654776695222942,0.629852010419659,0.0249246848032829
"PT","biomass",750,"all_gulf","all_gulf","_1","species","Area","Atlantic cod",0.394011888651314,0.387534138213988,0.00647775043732565
"PT","biomass",750,"all_gulf","all_gulf","_1","species","Area","Atlantic herring",0.470115568470424,0.463560741719867,0.00655482675055649
"PT","biomass",750,"all_gulf","all_gulf","_1","species","Area","Atlantic hookear sculpin",0.86854785328854,0.847922595261599,0.0206252580269408
"PT","biomass",750,"all_gulf","all_gulf","_1","species","Area","Atlantic mackerel",0.388402131717619,0.388272706649971,0.000129425067647611
"PT","biomass",750,"all_gulf","all_gulf","_1","species","Area","Atlantic poacher",0.822955769917234,0.796041446745176,0.0269143231720583
"PT","biomass",750,"all_gulf","all_gulf","_1","species","Area","Atlantic spiny lumpsucker",0.446007609968752,0.437862912636422,0.00814469733233009
"PT","biomass",750,"all_gulf","all_gulf","_1","species","Area","Capelin",0.303085465505634,0.301158890659749,0.00192657484588558
"PT","biomass",750,"all_gulf","all_gulf","_1","species","Area","Daubed shanny",0.646005181730055,0.611170141513857,0.034835040216198
"PT","biomass",750,"all_gulf","all_gulf","_1","species","Area","Dusky snailfish",0.647793779957713,0.642379940339731,0.0054138396179818
"PT","biomass",750,"all_gulf","all_gulf","_1","species","Area","Fourbeard rockling",0.654053355971658,0.608750145476526,0.045303210495133
"PT","biomass",750,"all_gulf","all_gulf","_1","species","Area","Fourline snakeblenny",0.504638593231256,0.479741984349848,0.0248966088814084
"PT","biomass",750,"all_gulf","all_gulf","_1","species","Area","Greenland cod",0.574361171616904,0.569823256339255,0.0045379152776484
"PT","biomass",750,"all_gulf","all_gulf","_1","species","Area","Greenland halibut",0.489501544971189,0.48820309471121,0.00129845025997886
"PT","biomass",750,"all_gulf","all_gulf","_1","species","Area","Laval's eelpout",0.777404664719079,0.721352485653834,0.0560521790652443
"PT","biomass",750,"all_gulf","all_gulf","_1","species","Area","Longhorn sculpin",0.381492735141534,0.372668459464388,0.00882427567714603
"PT","biomass",750,"all_gulf","all_gulf","_1","species","Area","Marlin-spike grenadier",0.576137192699852,0.55806077321374,0.0180764194861116
"PT","biomass",750,"all_gulf","all_gulf","_1","species","Area","Moustache sculpin",0.761386502538791,0.747154831407972,0.0142316711308196
"PT","biomass",750,"all_gulf","all_gulf","_1","species","Area","Northern sand lance",0.331207936675296,0.331207936675296,1.94982918699793e-17
"PT","biomass",750,"all_gulf","all_gulf","_1","species","Area","Rainbow smelt",0.653741129193922,0.640374334851428,0.0133667943424939
"PT","biomass",750,"all_gulf","all_gulf","_1","species","Area","Redfish unidentified",0.527539845111777,0.522964457184227,0.00457538792754976
"PT","biomass",750,"all_gulf","all_gulf","_1","species","Area","Sea raven",0.175491374724788,0.170061402614225,0.00542997211056339
"PT","biomass",750,"all_gulf","all_gulf","_1","species","Area","Shorthorn sculpin",0.205169369557001,0.199711780464964,0.00545758909203641
"PT","biomass",750,"all_gulf","all_gulf","_1","species","Area","Smooth skate",0.777861834434438,0.768219493150295,0.00964234128414219
"PT","biomass",750,"all_gulf","all_gulf","_1","species","Area","Snakeblenny",0.479434916397449,0.453372517094095,0.0260623993033534
"PT","biomass",750,"all_gulf","all_gulf","_1","species","Area","Spatulate sculpin",0.894368802357703,0.889365112851094,0.00500368950660983
"PT","biomass",750,"all_gulf","all_gulf","_1","species","Area","Stout eelblenny",0.668029239123069,0.654924644779923,0.0131045943431459
"PT","biomass",750,"all_gulf","all_gulf","_1","species","Area","Thorny skate",0.641195894774345,0.613873683492139,0.0273222112822057
"PT","biomass",750,"all_gulf","all_gulf","_1","species","Area","Three-spined stickleback",0.345510621020848,0.345498861599923,1.1759420924833e-05
"PT","biomass",750,"all_gulf","all_gulf","_1","species","Area","Vahl's eelpout",0.759550430745803,0.718810230744725,0.0407402000010782
"PT","biomass",750,"all_gulf","all_gulf","_1","species","Area","White hake",0.428679029326898,0.423819686920913,0.00485934240598455
"PT","biomass",750,"all_gulf","all_gulf","_1","species","Area","Windowpane flounder",0.488531893148518,0.487833213581769,0.000698679566749428
"PT","biomass",750,"all_gulf","all_gulf","_1","species","Area","Winter flounder",0.270863298794813,0.261283849145665,0.00957944964914861
"PT","biomass",750,"all_gulf","all_gulf","_1","species","Area","Witch flounder",0.375868724125322,0.338314276904156,0.0375544472211665
"PT","biomass",750,"all_gulf","all_gulf","_1","species","Area","Yellowtail flounder",0.570224812709816,0.528654787906604,0.0415700248032119
"PT","biomass",770,"all_gulf","all_gulf","_1","species","Area","Alewife",0.726708464278581,0.726574427404833,0.000134036873748062
"PT","biomass",770,"all_gulf","all_gulf","_1","species","Area","Alligatorfish",0.840717177324562,0.793689549098838,0.0470276282257239
"PT","biomass",770,"all_gulf","all_gulf","_1","species","Area","American plaice",0.475401005696114,0.462180347437844,0.0132206582582701
"PT","biomass",770,"all_gulf","all_gulf","_1","species","Area","Arctic alligatorfish",0.887573184503122,0.848064052735796,0.039509131767326
"PT","biomass",770,"all_gulf","all_gulf","_1","species","Area","Arctic hookear sculpin",0.862458206725363,0.839303342667965,0.0231548640573982
"PT","biomass",770,"all_gulf","all_gulf","_1","species","Area","Arctic staghorn sculpin",0.648019206329943,0.615639738151643,0.0323794681783005
"PT","biomass",770,"all_gulf","all_gulf","_1","species","Area","Atlantic cod",0.390384441099988,0.382363085140402,0.00802135595958615
"PT","biomass",770,"all_gulf","all_gulf","_1","species","Area","Atlantic herring",0.471487124338736,0.465485230696844,0.00600189364189251
"PT","biomass",770,"all_gulf","all_gulf","_1","species","Area","Atlantic hookear sculpin",0.865585572965812,0.838714995922734,0.026870577043078
"PT","biomass",770,"all_gulf","all_gulf","_1","species","Area","Atlantic mackerel",0.383683105870645,0.383549521904423,0.000133583966221278
"PT","biomass",770,"all_gulf","all_gulf","_1","species","Area","Atlantic poacher",0.819795885286861,0.786712356636156,0.0330835286507044
"PT","biomass",770,"all_gulf","all_gulf","_1","species","Area","Atlantic spiny lumpsucker",0.447317606210436,0.43963674117855,0.00768086503188597
"PT","biomass",770,"all_gulf","all_gulf","_1","species","Area","Capelin",0.297117832354511,0.295237016402364,0.00188081595214689
"PT","biomass",770,"all_gulf","all_gulf","_1","species","Area","Daubed shanny",0.644252539149264,0.60321616106481,0.0410363780844538
"PT","biomass",770,"all_gulf","all_gulf","_1","species","Area","Dusky snailfish",0.649431766190923,0.642513424790843,0.00691834140007952
"PT","biomass",770,"all_gulf","all_gulf","_1","species","Area","Fourbeard rockling",0.65175709779766,0.587956272912276,0.0638008248853844
"PT","biomass",770,"all_gulf","all_gulf","_1","species","Area","Fourline snakeblenny",0.491720466649776,0.461450633718779,0.0302698329309975
"PT","biomass",770,"all_gulf","all_gulf","_1","species","Area","Greenland cod",0.591731197439817,0.584881477534127,0.00684971990569049
"PT","biomass",770,"all_gulf","all_gulf","_1","species","Area","Greenland halibut",0.4958717887752,0.494076197148964,0.001795591626236
"PT","biomass",770,"all_gulf","all_gulf","_1","species","Area","Laval's eelpout",0.765871177901298,0.692863746959888,0.0730074309414099
"PT","biomass",770,"all_gulf","all_gulf","_1","species","Area","Longhorn sculpin",0.379737011016206,0.368614916415347,0.0111220946008596
"PT","biomass",770,"all_gulf","all_gulf","_1","species","Area","Marlin-spike grenadier",0.580509007629307,0.558812607969005,0.0216963996603025
"PT","biomass",770,"all_gulf","all_gulf","_1","species","Area","Moustache sculpin",0.759930101903926,0.741980741411696,0.0179493604922305
"PT","biomass",770,"all_gulf","all_gulf","_1","species","Area","Northern sand lance",0.338524010637552,0.338524010637552,2.35922392732846e-17
"PT","biomass",770,"all_gulf","all_gulf","_1","species","Area","Rainbow smelt",0.655395242384774,0.6389119206795,0.016483321705274
"PT","biomass",770,"all_gulf","all_gulf","_1","species","Area","Redfish unidentified",0.5300148316081,0.526354431447744,0.00366040016035618
"PT","biomass",770,"all_gulf","all_gulf","_1","species","Area","Sea raven",0.1801541017684,0.174916991197156,0.00523711057124421
"PT","biomass",770,"all_gulf","all_gulf","_1","species","Area","Shorthorn sculpin",0.207897928155859,0.199590877990342,0.00830705016551644
"PT","biomass",770,"all_gulf","all_gulf","_1","species","Area","Smooth skate",0.774327158047402,0.762215973467361,0.0121111845800416
"PT","biomass",770,"all_gulf","all_gulf","_1","species","Area","Snakeblenny",0.475206966484328,0.444566346328592,0.0306406201557357
"PT","biomass",770,"all_gulf","all_gulf","_1","species","Area","Spatulate sculpin",0.891647607551014,0.885236496259002,0.00641111129201249
"PT","biomass",770,"all_gulf","all_gulf","_1","species","Area","Stout eelblenny",0.663968773204931,0.646403381909186,0.0175653912957451
"PT","biomass",770,"all_gulf","all_gulf","_1","species","Area","Thorny skate",0.63744741706806,0.603330241760025,0.0341171753080353
"PT","biomass",770,"all_gulf","all_gulf","_1","species","Area","Three-spined stickleback",0.341285620787025,0.341274928552234,1.0692234790565e-05
"PT","biomass",770,"all_gulf","all_gulf","_1","species","Area","Vahl's eelpout",0.763373281423397,0.706138862151396,0.0572344192720007
"PT","biomass",770,"all_gulf","all_gulf","_1","species","Area","White hake",0.432793489724692,0.427024376029182,0.00576911369550945
"PT","biomass",770,"all_gulf","all_gulf","_1","species","Area","Windowpane flounder",0.475966639720306,0.475018675924258,0.000947963796047478
"PT","biomass",770,"all_gulf","all_gulf","_1","species","Area","Winter flounder",0.273980975468564,0.262176930221966,0.0118040452465983
"PT","biomass",770,"all_gulf","all_gulf","_1","species","Area","Witch flounder",0.359611481312959,0.309816681865841,0.0497947994471179
"PT","biomass",770,"all_gulf","all_gulf","_1","species","Area","Yellowtail flounder",0.563402141118619,0.51058116326097,0.0528209778576492
"PT","biomass",790,"all_gulf","all_gulf","_1","species","Area","Alewife",0.729018533660007,0.728888634069089,0.000129899590918492
"PT","biomass",790,"all_gulf","all_gulf","_1","species","Area","Alligatorfish",0.843345290868043,0.799521055915536,0.043824234952507
"PT","biomass",790,"all_gulf","all_gulf","_1","species","Area","American plaice",0.474226305278046,0.46180581517655,0.0124204901014956
"PT","biomass",790,"all_gulf","all_gulf","_1","species","Area","Arctic alligatorfish",0.894562801937587,0.86069899554895,0.0338638063886368
"PT","biomass",790,"all_gulf","all_gulf","_1","species","Area","Arctic hookear sculpin",0.855667894607507,0.831905930666141,0.0237619639413656
"PT","biomass",790,"all_gulf","all_gulf","_1","species","Area","Arctic staghorn sculpin",0.646635359268878,0.617325319437246,0.0293100398316325
"PT","biomass",790,"all_gulf","all_gulf","_1","species","Area","Atlantic cod",0.390148740586098,0.382806972986398,0.0073417675996992
"PT","biomass",790,"all_gulf","all_gulf","_1","species","Area","Atlantic herring",0.47470336691564,0.468388773944604,0.00631459297103596
"PT","biomass",790,"all_gulf","all_gulf","_1","species","Area","Atlantic hookear sculpin",0.869839092237607,0.847987794173485,0.0218512980641222
"PT","biomass",790,"all_gulf","all_gulf","_1","species","Area","Atlantic mackerel",0.394068049983655,0.393938188911421,0.000129861072234103
"PT","biomass",790,"all_gulf","all_gulf","_1","species","Area","Atlantic poacher",0.825359957859797,0.795977603673007,0.0293823541867896
"PT","biomass",790,"all_gulf","all_gulf","_1","species","Area","Atlantic spiny lumpsucker",0.446775824879234,0.438997551230604,0.00777827364862926
"PT","biomass",790,"all_gulf","all_gulf","_1","species","Area","Capelin",0.303944406191729,0.301883439334767,0.00206096685696161
"PT","biomass",790,"all_gulf","all_gulf","_1","species","Area","Daubed shanny",0.645495756429848,0.609552115873375,0.0359436405564729
"PT","biomass",790,"all_gulf","all_gulf","_1","species","Area","Dusky snailfish",0.649695577364681,0.643538489710864,0.00615708765381714
"PT","biomass",790,"all_gulf","all_gulf","_1","species","Area","Fourbeard rockling",0.645863991631412,0.590558699648097,0.0553052919833153
"PT","biomass",790,"all_gulf","all_gulf","_1","species","Area","Fourline snakeblenny",0.493275048922591,0.465223683395131,0.0280513655274607
"PT","biomass",790,"all_gulf","all_gulf","_1","species","Area","Greenland cod",0.577948704900227,0.572256646477916,0.00569205842231133
"PT","biomass",790,"all_gulf","all_gulf","_1","species","Area","Greenland halibut",0.491368642475749,0.489609052762221,0.00175958971352803
"PT","biomass",790,"all_gulf","all_gulf","_1","species","Area","Laval's eelpout",0.768041162097494,0.702389100149175,0.0656520619483182
"PT","biomass",790,"all_gulf","all_gulf","_1","species","Area","Longhorn sculpin",0.387862010224935,0.378462316790102,0.00939969343483312
"PT","biomass",790,"all_gulf","all_gulf","_1","species","Area","Marlin-spike grenadier",0.571114094223798,0.550886609187687,0.0202274850361113
"PT","biomass",790,"all_gulf","all_gulf","_1","species","Area","Moustache sculpin",0.762090782261096,0.746389303028367,0.0157014792327287
"PT","biomass",790,"all_gulf","all_gulf","_1","species","Area","Northern sand lance",0.327450090255255,0.327450090255255,1.93595139919012e-17
"PT","biomass",790,"all_gulf","all_gulf","_1","species","Area","Rainbow smelt",0.646915141557213,0.631699372380012,0.0152157691772013
"PT","biomass",790,"all_gulf","all_gulf","_1","species","Area","Redfish unidentified",0.526952565555997,0.523186865753651,0.0037656998023466
"PT","biomass",790,"all_gulf","all_gulf","_1","species","Area","Sea raven",0.177332656084091,0.17132607744562,0.00600657863847141
"PT","biomass",790,"all_gulf","all_gulf","_1","species","Area","Shorthorn sculpin",0.207147018751399,0.200246939989156,0.00690007876224339
"PT","biomass",790,"all_gulf","all_gulf","_1","species","Area","Smooth skate",0.775668850354217,0.765615048474664,0.0100538018795525
"PT","biomass",790,"all_gulf","all_gulf","_1","species","Area","Snakeblenny",0.476021243455349,0.448495634846833,0.0275256086085164
"PT","biomass",790,"all_gulf","all_gulf","_1","species","Area","Spatulate sculpin",0.887921832980037,0.882557961238737,0.00536387174129962
"PT","biomass",790,"all_gulf","all_gulf","_1","species","Area","Stout eelblenny",0.664988520236502,0.64941325286208,0.0155752673744216
"PT","biomass",790,"all_gulf","all_gulf","_1","species","Area","Thorny skate",0.642073196115463,0.611791801065139,0.0302813950503245
"PT","biomass",790,"all_gulf","all_gulf","_1","species","Area","Three-spined stickleback",0.347338504332523,0.347324748370667,1.37559618556496e-05
"PT","biomass",790,"all_gulf","all_gulf","_1","species","Area","Vahl's eelpout",0.7636198970097,0.71034204476609,0.0532778522436107
"PT","biomass",790,"all_gulf","all_gulf","_1","species","Area","White hake",0.421383401529238,0.415176734001847,0.00620666752739162
"PT","biomass",790,"all_gulf","all_gulf","_1","species","Area","Windowpane flounder",0.490545332649554,0.489742903502457,0.000802429147097777
"PT","biomass",790,"all_gulf","all_gulf","_1","species","Area","Winter flounder",0.268243928813378,0.256880626740579,0.0113633020727988
"PT","biomass",790,"all_gulf","all_gulf","_1","species","Area","Witch flounder",0.361382477814545,0.316091488015515,0.04529098979903
"PT","biomass",790,"all_gulf","all_gulf","_1","species","Area","Yellowtail flounder",0.571086960042072,0.524117974409581,0.0469689856324915
"PT","biomass",810,"all_gulf","all_gulf","_1","species","Area","Alewife",0.724174293316941,0.724027451907869,0.000146841409072108
"PT","biomass",810,"all_gulf","all_gulf","_1","species","Area","Alligatorfish",0.846635819153865,0.798115435721757,0.0485203834321077
"PT","biomass",810,"all_gulf","all_gulf","_1","species","Area","American plaice",0.466114855898823,0.452723235211302,0.0133916206875209
"PT","biomass",810,"all_gulf","all_gulf","_1","species","Area","Arctic alligatorfish",0.892902918735735,0.854180408092966,0.0387225106427691
"PT","biomass",810,"all_gulf","all_gulf","_1","species","Area","Arctic hookear sculpin",0.869713443945657,0.847917919305966,0.0217955246396902
"PT","biomass",810,"all_gulf","all_gulf","_1","species","Area","Arctic staghorn sculpin",0.64740980011285,0.614741005387404,0.0326687947254458
"PT","biomass",810,"all_gulf","all_gulf","_1","species","Area","Atlantic cod",0.377275770762575,0.369130430651871,0.008145340110704
"PT","biomass",810,"all_gulf","all_gulf","_1","species","Area","Atlantic herring",0.472229264480144,0.466273543368334,0.00595572111181051
"PT","biomass",810,"all_gulf","all_gulf","_1","species","Area","Atlantic hookear sculpin",0.86660968445252,0.839473952981424,0.0271357314710957
"PT","biomass",810,"all_gulf","all_gulf","_1","species","Area","Atlantic mackerel",0.388300883302582,0.388180292195931,0.000120591106651172
"PT","biomass",810,"all_gulf","all_gulf","_1","species","Area","Atlantic poacher",0.816141957252278,0.782306891867939,0.0338350653843387
"PT","biomass",810,"all_gulf","all_gulf","_1","species","Area","Atlantic spiny lumpsucker",0.449554792766189,0.441470612121101,0.00808418064508752
"PT","biomass",810,"all_gulf","all_gulf","_1","species","Area","Capelin",0.293413591708454,0.291348145558539,0.00206544614991492
"PT","biomass",810,"all_gulf","all_gulf","_1","species","Area","Daubed shanny",0.64988984905185,0.61013321903763,0.0397566300142199
"PT","biomass",810,"all_gulf","all_gulf","_1","species","Area","Dusky snailfish",0.616174120754103,0.608711475836979,0.00746264491712421
"PT","biomass",810,"all_gulf","all_gulf","_1","species","Area","Fourbeard rockling",0.643692337115039,0.584328667069964,0.0593636700450744
"PT","biomass",810,"all_gulf","all_gulf","_1","species","Area","Fourline snakeblenny",0.487330420164425,0.459095247209878,0.0282351729545473
"PT","biomass",810,"all_gulf","all_gulf","_1","species","Area","Greenland cod",0.563400669983591,0.555823605305019,0.00757706467857202
"PT","biomass",810,"all_gulf","all_gulf","_1","species","Area","Greenland halibut",0.496877935214865,0.494756875091313,0.00212106012355143
"PT","biomass",810,"all_gulf","all_gulf","_1","species","Area","Laval's eelpout",0.753553281317859,0.679278586171092,0.0742746951467672
"PT","biomass",810,"all_gulf","all_gulf","_1","species","Area","Longhorn sculpin",0.377269152670064,0.366432589973927,0.0108365626961367
"PT","biomass",810,"all_gulf","all_gulf","_1","species","Area","Marlin-spike grenadier",0.572678104485294,0.550271822323602,0.0224062821616922
"PT","biomass",810,"all_gulf","all_gulf","_1","species","Area","Moustache sculpin",0.747820697239212,0.729506148718166,0.0183145485210461
"PT","biomass",810,"all_gulf","all_gulf","_1","species","Area","Northern sand lance",0.329652758297589,0.329652758297589,2.35545632477907e-17
"PT","biomass",810,"all_gulf","all_gulf","_1","species","Area","Rainbow smelt",0.646711798522939,0.629903771464022,0.0168080270589168
"PT","biomass",810,"all_gulf","all_gulf","_1","species","Area","Redfish unidentified",0.542293992763955,0.538313266535007,0.00398072622894792
"PT","biomass",810,"all_gulf","all_gulf","_1","species","Area","Sea raven",0.180134779416537,0.174298556396208,0.00583622302032901
"PT","biomass",810,"all_gulf","all_gulf","_1","species","Area","Shorthorn sculpin",0.208676467852053,0.201123895218372,0.0075525726336818
"PT","biomass",810,"all_gulf","all_gulf","_1","species","Area","Smooth skate",0.770878317936147,0.758572560880119,0.0123057570560282
"PT","biomass",810,"all_gulf","all_gulf","_1","species","Area","Snakeblenny",0.472285455487258,0.437103572253507,0.0351818832337516
"PT","biomass",810,"all_gulf","all_gulf","_1","species","Area","Spatulate sculpin",0.890331729853246,0.884197994975043,0.00613373487820295
"PT","biomass",810,"all_gulf","all_gulf","_1","species","Area","Stout eelblenny",0.668087724980883,0.650470389407648,0.0176173355732351
"PT","biomass",810,"all_gulf","all_gulf","_1","species","Area","Thorny skate",0.635142585856993,0.601687989954033,0.0334545959029603
"PT","biomass",810,"all_gulf","all_gulf","_1","species","Area","Three-spined stickleback",0.329498062474967,0.329481096492863,1.69659821045069e-05
"PT","biomass",810,"all_gulf","all_gulf","_1","species","Area","Vahl's eelpout",0.754025230901021,0.701066212093163,0.0529590188078581
"PT","biomass",810,"all_gulf","all_gulf","_1","species","Area","White hake",0.421921861482829,0.416060198307468,0.00586166317536057
"PT","biomass",810,"all_gulf","all_gulf","_1","species","Area","Windowpane flounder",0.485357216430941,0.484499520318617,0.000857696112324518
"PT","biomass",810,"all_gulf","all_gulf","_1","species","Area","Winter flounder",0.272942414880421,0.260348111020695,0.0125943038597262
"PT","biomass",810,"all_gulf","all_gulf","_1","species","Area","Witch flounder",0.367436760870871,0.319538846491955,0.0478979143789162
"PT","biomass",810,"all_gulf","all_gulf","_1","species","Area","Yellowtail flounder",0.566719788232587,0.514037721682592,0.0526820665499959
"PT","biomass",830,"all_gulf","all_gulf","_1","species","Area","Alewife",0.725809539196428,0.725680319421786,0.000129219774641824
"PT","biomass",830,"all_gulf","all_gulf","_1","species","Area","Alligatorfish",0.842404170944792,0.795850774808864,0.0465533961359279
"PT","biomass",830,"all_gulf","all_gulf","_1","species","Area","American plaice",0.465875159216697,0.452286930174707,0.0135882290419902
"PT","biomass",830,"all_gulf","all_gulf","_1","species","Area","Arctic alligatorfish",0.900517792238205,0.866911043188921,0.033606749049284
"PT","biomass",830,"all_gulf","all_gulf","_1","species","Area","Arctic hookear sculpin",0.875745542100465,0.856166088202489,0.0195794538979759
"PT","biomass",830,"all_gulf","all_gulf","_1","species","Area","Arctic staghorn sculpin",0.640606744435322,0.60938054310144,0.031226201333882
"PT","biomass",830,"all_gulf","all_gulf","_1","species","Area","Atlantic cod",0.381963836650682,0.373634952906532,0.00832888374415013
"PT","biomass",830,"all_gulf","all_gulf","_1","species","Area","Atlantic herring",0.470203053220979,0.464273638847741,0.00592941437323806
"PT","biomass",830,"all_gulf","all_gulf","_1","species","Area","Atlantic hookear sculpin",0.870599352935745,0.846631860162724,0.0239674927730217
"PT","biomass",830,"all_gulf","all_gulf","_1","species","Area","Atlantic mackerel",0.399398160827157,0.399283012724169,0.000115148102988162
"PT","biomass",830,"all_gulf","all_gulf","_1","species","Area","Atlantic poacher",0.814943556920846,0.782002333186166,0.0329412237346796
"PT","biomass",830,"all_gulf","all_gulf","_1","species","Area","Atlantic spiny lumpsucker",0.445425484901914,0.436936348757822,0.00848913614409165
"PT","biomass",830,"all_gulf","all_gulf","_1","species","Area","Capelin",0.305563705255996,0.30378208314591,0.0017816221100859
"PT","biomass",830,"all_gulf","all_gulf","_1","species","Area","Daubed shanny",0.647720975691583,0.607104401925721,0.0406165737658616
"PT","biomass",830,"all_gulf","all_gulf","_1","species","Area","Dusky snailfish",0.609403173547943,0.602121137554517,0.0072820359934269
"PT","biomass",830,"all_gulf","all_gulf","_1","species","Area","Fourbeard rockling",0.632503516052236,0.570038236464465,0.0624652795877707
"PT","biomass",830,"all_gulf","all_gulf","_1","species","Area","Fourline snakeblenny",0.486302156431146,0.456688426589573,0.0296137298415726
"PT","biomass",830,"all_gulf","all_gulf","_1","species","Area","Greenland cod",0.584833239776805,0.579705324946595,0.0051279148302103
"PT","biomass",830,"all_gulf","all_gulf","_1","species","Area","Greenland halibut",0.495883119484706,0.494218360365223,0.00166475911948357
"PT","biomass",830,"all_gulf","all_gulf","_1","species","Area","Laval's eelpout",0.7458638579529,0.670621234515003,0.0752426234378978
"PT","biomass",830,"all_gulf","all_gulf","_1","species","Area","Longhorn sculpin",0.375693636507131,0.365138887075355,0.0105547494317756
"PT","biomass",830,"all_gulf","all_gulf","_1","species","Area","Marlin-spike grenadier",0.579450569918243,0.557588453903114,0.0218621160151283
"PT","biomass",830,"all_gulf","all_gulf","_1","species","Area","Moustache sculpin",0.748397540076956,0.730376119890131,0.0180214201868256
"PT","biomass",830,"all_gulf","all_gulf","_1","species","Area","Northern sand lance",0.321096409082873,0.321096409082873,1.9671764217577e-17
"PT","biomass",830,"all_gulf","all_gulf","_1","species","Area","Rainbow smelt",0.65193038516459,0.636402848556036,0.0155275366085542
"PT","biomass",830,"all_gulf","all_gulf","_1","species","Area","Redfish unidentified",0.541518221998973,0.536969504505762,0.00454871749321058
"PT","biomass",830,"all_gulf","all_gulf","_1","species","Area","Sea raven",0.182118063727206,0.174303759680233,0.00781430404697363
"PT","biomass",830,"all_gulf","all_gulf","_1","species","Area","Shorthorn sculpin",0.199379151076265,0.191894452607623,0.00748469846864245
"PT","biomass",830,"all_gulf","all_gulf","_1","species","Area","Smooth skate",0.771675970534002,0.759730493447577,0.0119454770864248
"PT","biomass",830,"all_gulf","all_gulf","_1","species","Area","Snakeblenny",0.473084793096037,0.441705326657786,0.0313794664382509
"PT","biomass",830,"all_gulf","all_gulf","_1","species","Area","Spatulate sculpin",0.892620705339239,0.886579909201596,0.00604079613764276
"PT","biomass",830,"all_gulf","all_gulf","_1","species","Area","Stout eelblenny",0.667529231948173,0.650804093221265,0.0167251387269075
"PT","biomass",830,"all_gulf","all_gulf","_1","species","Area","Thorny skate",0.63853861325131,0.60614151173931,0.0323971015120002
"PT","biomass",830,"all_gulf","all_gulf","_1","species","Area","Three-spined stickleback",0.337738885806267,0.337729649972269,9.23583399811509e-06
"PT","biomass",830,"all_gulf","all_gulf","_1","species","Area","Vahl's eelpout",0.759679812260134,0.699970609139883,0.0597092031202513
"PT","biomass",830,"all_gulf","all_gulf","_1","species","Area","White hake",0.417341311106044,0.410790356576812,0.00655095452923251
"PT","biomass",830,"all_gulf","all_gulf","_1","species","Area","Windowpane flounder",0.497875536125025,0.497008294044462,0.00086724208056245
"PT","biomass",830,"all_gulf","all_gulf","_1","species","Area","Winter flounder",0.269217448794927,0.256649160656373,0.0125682881385539
"PT","biomass",830,"all_gulf","all_gulf","_1","species","Area","Witch flounder",0.365786533675445,0.322093101798627,0.0436934318768176
"PT","biomass",830,"all_gulf","all_gulf","_1","species","Area","Yellowtail flounder",0.561491059354136,0.511363379959334,0.050127679394803
"PT","biomass",850,"all_gulf","all_gulf","_1","species","Area","Alewife",0.726793756041915,0.726640172354472,0.000153583687443529
"PT","biomass",850,"all_gulf","all_gulf","_1","species","Area","Alligatorfish",0.839432102168065,0.787971082104864,0.0514610200632013
"PT","biomass",850,"all_gulf","all_gulf","_1","species","Area","American plaice",0.463344733693065,0.448922192208706,0.0144225414843594
"PT","biomass",850,"all_gulf","all_gulf","_1","species","Area","Arctic alligatorfish",0.890099759230397,0.854451197026627,0.0356485622037694
"PT","biomass",850,"all_gulf","all_gulf","_1","species","Area","Arctic hookear sculpin",0.86274428575314,0.840626007759446,0.022118277993694
"PT","biomass",850,"all_gulf","all_gulf","_1","species","Area","Arctic staghorn sculpin",0.647178268900408,0.616389214258547,0.0307890546418612
"PT","biomass",850,"all_gulf","all_gulf","_1","species","Area","Atlantic cod",0.381050890452973,0.373234188371929,0.00781670208104413
"PT","biomass",850,"all_gulf","all_gulf","_1","species","Area","Atlantic herring",0.469114778389276,0.462725519661218,0.00638925872805865
"PT","biomass",850,"all_gulf","all_gulf","_1","species","Area","Atlantic hookear sculpin",0.869927637241775,0.84456954631569,0.0253580909260853
"PT","biomass",850,"all_gulf","all_gulf","_1","species","Area","Atlantic mackerel",0.392154191617479,0.392013622367689,0.000140569249790316
"PT","biomass",850,"all_gulf","all_gulf","_1","species","Area","Atlantic poacher",0.817005658671338,0.784014980750696,0.0329906779206429
"PT","biomass",850,"all_gulf","all_gulf","_1","species","Area","Atlantic spiny lumpsucker",0.449125666368949,0.441438523743423,0.00768714262552554
"PT","biomass",850,"all_gulf","all_gulf","_1","species","Area","Capelin",0.30305648547895,0.30110071092782,0.00195577455112941
"PT","biomass",850,"all_gulf","all_gulf","_1","species","Area","Daubed shanny",0.647950447881328,0.606736079593209,0.0412143682881192
"PT","biomass",850,"all_gulf","all_gulf","_1","species","Area","Dusky snailfish",0.614187819389078,0.60686117378616,0.00732664560291794
"PT","biomass",850,"all_gulf","all_gulf","_1","species","Area","Fourbeard rockling",0.644955220330545,0.580223131141763,0.0647320891887814
"PT","biomass",850,"all_gulf","all_gulf","_1","species","Area","Fourline snakeblenny",0.490527285969946,0.459348167075988,0.0311791188939575
"PT","biomass",850,"all_gulf","all_gulf","_1","species","Area","Greenland cod",0.58279208032127,0.575762358997783,0.00702972132348638
"PT","biomass",850,"all_gulf","all_gulf","_1","species","Area","Greenland halibut",0.482631883797058,0.480771387089116,0.00186049670794224
"PT","biomass",850,"all_gulf","all_gulf","_1","species","Area","Laval's eelpout",0.760162682621939,0.689365096540232,0.0707975860817072
"PT","biomass",850,"all_gulf","all_gulf","_1","species","Area","Longhorn sculpin",0.381260725176549,0.370179129765591,0.011081595410958
"PT","biomass",850,"all_gulf","all_gulf","_1","species","Area","Marlin-spike grenadier",0.557423941508804,0.532408735018758,0.0250152064900462
"PT","biomass",850,"all_gulf","all_gulf","_1","species","Area","Moustache sculpin",0.750643557703813,0.732327759522566,0.0183157981812475
"PT","biomass",850,"all_gulf","all_gulf","_1","species","Area","Northern sand lance",0.340984499448983,0.340984499448983,2.12330153459561e-17
"PT","biomass",850,"all_gulf","all_gulf","_1","species","Area","Rainbow smelt",0.653170296512275,0.636513528606167,0.0166567679061083
"PT","biomass",850,"all_gulf","all_gulf","_1","species","Area","Redfish unidentified",0.534100786656873,0.530244447379703,0.00385633927716978
"PT","biomass",850,"all_gulf","all_gulf","_1","species","Area","Sea raven",0.182534467016149,0.174491448639733,0.00804301837641549
"PT","biomass",850,"all_gulf","all_gulf","_1","species","Area","Shorthorn sculpin",0.205768850833225,0.197575973325741,0.0081928775074843
"PT","biomass",850,"all_gulf","all_gulf","_1","species","Area","Smooth skate",0.766877425357268,0.755723662652487,0.0111537627047811
"PT","biomass",850,"all_gulf","all_gulf","_1","species","Area","Snakeblenny",0.477008855977403,0.446171787475486,0.0308370685019173
"PT","biomass",850,"all_gulf","all_gulf","_1","species","Area","Spatulate sculpin",0.890326432506838,0.883955969738667,0.00637046276817188
"PT","biomass",850,"all_gulf","all_gulf","_1","species","Area","Stout eelblenny",0.669915333953268,0.65321238876157,0.0167029451916985
"PT","biomass",850,"all_gulf","all_gulf","_1","species","Area","Thorny skate",0.637588711631487,0.605253252090157,0.0323354595413294
"PT","biomass",850,"all_gulf","all_gulf","_1","species","Area","Three-spined stickleback",0.355729992855123,0.355717486335254,1.25065198690301e-05
"PT","biomass",850,"all_gulf","all_gulf","_1","species","Area","Vahl's eelpout",0.744710788052896,0.686991881590046,0.0577189064628496
"PT","biomass",850,"all_gulf","all_gulf","_1","species","Area","White hake",0.418271502659348,0.411306780252465,0.00696472240688346
"PT","biomass",850,"all_gulf","all_gulf","_1","species","Area","Windowpane flounder",0.488078804838013,0.487228813549407,0.000849991288605796
"PT","biomass",850,"all_gulf","all_gulf","_1","species","Area","Winter flounder",0.273296331048839,0.261194254841202,0.0121020762076372
"PT","biomass",850,"all_gulf","all_gulf","_1","species","Area","Witch flounder",0.365999801350671,0.319339426217468,0.0466603751332021
"PT","biomass",850,"all_gulf","all_gulf","_1","species","Area","Yellowtail flounder",0.56426201842192,0.511572011893784,0.0526900065281355
"PT","biomass",870,"all_gulf","all_gulf","_1","species","Area","Alewife",0.724458333142987,0.724312934717934,0.000145398425053373
"PT","biomass",870,"all_gulf","all_gulf","_1","species","Area","Alligatorfish",0.841495560131822,0.791791179787774,0.0497043803440484
"PT","biomass",870,"all_gulf","all_gulf","_1","species","Area","American plaice",0.440363526823548,0.425868037239696,0.0144954895838513
"PT","biomass",870,"all_gulf","all_gulf","_1","species","Area","Arctic alligatorfish",0.893288223146559,0.856278228262068,0.0370099948844915
"PT","biomass",870,"all_gulf","all_gulf","_1","species","Area","Arctic hookear sculpin",0.87258821552029,0.851817022196162,0.0207711933241281
"PT","biomass",870,"all_gulf","all_gulf","_1","species","Area","Arctic staghorn sculpin",0.623633221765442,0.587661732989144,0.0359714887762976
"PT","biomass",870,"all_gulf","all_gulf","_1","species","Area","Atlantic cod",0.375093911258304,0.366844842640495,0.00824906861780924
"PT","biomass",870,"all_gulf","all_gulf","_1","species","Area","Atlantic herring",0.4517528652646,0.445488944040582,0.00626392122401797
"PT","biomass",870,"all_gulf","all_gulf","_1","species","Area","Atlantic hookear sculpin",0.869182879752897,0.842725866509523,0.026457013243374
"PT","biomass",870,"all_gulf","all_gulf","_1","species","Area","Atlantic mackerel",0.390138284007867,0.390007014760259,0.000131269247608089
"PT","biomass",870,"all_gulf","all_gulf","_1","species","Area","Atlantic poacher",0.818116001391734,0.786938162575839,0.0311778388158954
"PT","biomass",870,"all_gulf","all_gulf","_1","species","Area","Atlantic spiny lumpsucker",0.343113345166549,0.334059055611763,0.00905428955478553
"PT","biomass",870,"all_gulf","all_gulf","_1","species","Area","Capelin",0.284681281812993,0.282900773830503,0.00178050798249043
"PT","biomass",870,"all_gulf","all_gulf","_1","species","Area","Daubed shanny",0.614823864365377,0.571609765463564,0.0432140989018126
"PT","biomass",870,"all_gulf","all_gulf","_1","species","Area","Dusky snailfish",0.510398348569081,0.501267390402367,0.00913095816671394
"PT","biomass",870,"all_gulf","all_gulf","_1","species","Area","Fourbeard rockling",0.630163384303746,0.566912533019073,0.0632508512846729
"PT","biomass",870,"all_gulf","all_gulf","_1","species","Area","Fourline snakeblenny",0.485469185597849,0.4584762437885,0.0269929418093487
"PT","biomass",870,"all_gulf","all_gulf","_1","species","Area","Greenland cod",0.579253222476652,0.572913189428981,0.0063400330476705
"PT","biomass",870,"all_gulf","all_gulf","_1","species","Area","Greenland halibut",0.460288375232868,0.45813716116365,0.00215121406921839
"PT","biomass",870,"all_gulf","all_gulf","_1","species","Area","Laval's eelpout",0.752882565569262,0.678328593529262,0.07455397204
"PT","biomass",870,"all_gulf","all_gulf","_1","species","Area","Longhorn sculpin",0.364130566109348,0.353021725179906,0.0111088409294421
"PT","biomass",870,"all_gulf","all_gulf","_1","species","Area","Marlin-spike grenadier",0.533580119594252,0.51206351404279,0.0215166055514624
"PT","biomass",870,"all_gulf","all_gulf","_1","species","Area","Moustache sculpin",0.733845488074413,0.714894882826879,0.0189506052475333
"PT","biomass",870,"all_gulf","all_gulf","_1","species","Area","Northern sand lance",0.321168112092001,0.321168112092001,2.50494069931051e-17
"PT","biomass",870,"all_gulf","all_gulf","_1","species","Area","Rainbow smelt",0.65791967177443,0.641489962924626,0.0164297088498046
"PT","biomass",870,"all_gulf","all_gulf","_1","species","Area","Redfish unidentified",0.526276686927713,0.522057262046141,0.00421942488157201
"PT","biomass",870,"all_gulf","all_gulf","_1","species","Area","Sea raven",0.177532114378443,0.170840534260997,0.0066915801174462
"PT","biomass",870,"all_gulf","all_gulf","_1","species","Area","Shorthorn sculpin",0.189666516567357,0.182401428503476,0.00726508806388076
"PT","biomass",870,"all_gulf","all_gulf","_1","species","Area","Smooth skate",0.763871052779628,0.752104066207685,0.0117669865719429
"PT","biomass",870,"all_gulf","all_gulf","_1","species","Area","Snakeblenny",0.47602056621573,0.443726536012393,0.0322940302033373
"PT","biomass",870,"all_gulf","all_gulf","_1","species","Area","Spatulate sculpin",0.895549440300922,0.889219532986576,0.00632990731434616
"PT","biomass",870,"all_gulf","all_gulf","_1","species","Area","Stout eelblenny",0.660737323301002,0.64359247342896,0.0171448498720423
"PT","biomass",870,"all_gulf","all_gulf","_1","species","Area","Thorny skate",0.622298865740724,0.588361057191327,0.0339378085493974
"PT","biomass",870,"all_gulf","all_gulf","_1","species","Area","Three-spined stickleback",0.323706868243796,0.323691494088701,1.53741550946431e-05
"PT","biomass",870,"all_gulf","all_gulf","_1","species","Area","Vahl's eelpout",0.755272673128137,0.699189263371813,0.0560834097563241
"PT","biomass",870,"all_gulf","all_gulf","_1","species","Area","White hake",0.419985469231545,0.413036665979437,0.00694880325210782
"PT","biomass",870,"all_gulf","all_gulf","_1","species","Area","Windowpane flounder",0.474459149319668,0.473596490811817,0.000862658507851095
"PT","biomass",870,"all_gulf","all_gulf","_1","species","Area","Winter flounder",0.268186887629123,0.255338952673221,0.0128479349559016
"PT","biomass",870,"all_gulf","all_gulf","_1","species","Area","Witch flounder",0.356163329190657,0.307080918925296,0.0490824102653606
"PT","biomass",870,"all_gulf","all_gulf","_1","species","Area","Yellowtail flounder",0.563692114780475,0.511660783065239,0.0520313317152357
"PT","biomass",890,"all_gulf","all_gulf","_1","species","Area","Alewife",0.726096094351209,0.725946501195828,0.000149593155380913
"PT","biomass",890,"all_gulf","all_gulf","_1","species","Area","Alligatorfish",0.836826818133129,0.786534820346466,0.0502919977866629
"PT","biomass",890,"all_gulf","all_gulf","_1","species","Area","American plaice",0.445112869961714,0.430538843269631,0.0145740266920827
"PT","biomass",890,"all_gulf","all_gulf","_1","species","Area","Arctic alligatorfish",0.886482925430447,0.844691997194115,0.0417909282363325
"PT","biomass",890,"all_gulf","all_gulf","_1","species","Area","Arctic hookear sculpin",0.859205250730752,0.833944011716995,0.0252612390137573
"PT","biomass",890,"all_gulf","all_gulf","_1","species","Area","Arctic staghorn sculpin",0.60013692157978,0.56184167357673,0.03829524800305
"PT","biomass",890,"all_gulf","all_gulf","_1","species","Area","Atlantic cod",0.364483091196953,0.3561365866372,0.00834650455975285
"PT","biomass",890,"all_gulf","all_gulf","_1","species","Area","Atlantic herring",0.457277101988152,0.450081368815979,0.00719573317217249
"PT","biomass",890,"all_gulf","all_gulf","_1","species","Area","Atlantic hookear sculpin",0.868867466992183,0.839199503967902,0.0296679630242814
"PT","biomass",890,"all_gulf","all_gulf","_1","species","Area","Atlantic mackerel",0.396643505302952,0.396506843272281,0.000136662030670726
"PT","biomass",890,"all_gulf","all_gulf","_1","species","Area","Atlantic poacher",0.816605516753006,0.781516525144935,0.0350889916080708
"PT","biomass",890,"all_gulf","all_gulf","_1","species","Area","Atlantic spiny lumpsucker",0.342261407917674,0.330966350228321,0.0112950576893534
"PT","biomass",890,"all_gulf","all_gulf","_1","species","Area","Capelin",0.289591832736521,0.28748238300745,0.0021094497290706
"PT","biomass",890,"all_gulf","all_gulf","_1","species","Area","Daubed shanny",0.609581951104819,0.562819326038969,0.0467626250658503
"PT","biomass",890,"all_gulf","all_gulf","_1","species","Area","Dusky snailfish",0.515843205712515,0.506457192893316,0.00938601281919946
"PT","biomass",890,"all_gulf","all_gulf","_1","species","Area","Fourbeard rockling",0.633612578555492,0.56895090948811,0.0646616690673828
"PT","biomass",890,"all_gulf","all_gulf","_1","species","Area","Fourline snakeblenny",0.482467951965524,0.451268374300132,0.0311995776653915
"PT","biomass",890,"all_gulf","all_gulf","_1","species","Area","Greenland cod",0.560666297987196,0.553071747043583,0.00759455094361298
"PT","biomass",890,"all_gulf","all_gulf","_1","species","Area","Greenland halibut",0.469537420167037,0.467526652009276,0.0020107681577602
"PT","biomass",890,"all_gulf","all_gulf","_1","species","Area","Laval's eelpout",0.752228274718462,0.678145140285225,0.0740831344332368
"PT","biomass",890,"all_gulf","all_gulf","_1","species","Area","Longhorn sculpin",0.36089860672702,0.34892294738532,0.0119756593417003
"PT","biomass",890,"all_gulf","all_gulf","_1","species","Area","Marlin-spike grenadier",0.524021848651545,0.498656963077192,0.025364885574353
"PT","biomass",890,"all_gulf","all_gulf","_1","species","Area","Moustache sculpin",0.735747101325258,0.715929528241127,0.0198175730841303
"PT","biomass",890,"all_gulf","all_gulf","_1","species","Area","Northern sand lance",0.329811580975141,0.329811580975141,2.17881268582687e-17
"PT","biomass",890,"all_gulf","all_gulf","_1","species","Area","Rainbow smelt",0.657143912257617,0.63945113157321,0.0176927806844065
"PT","biomass",890,"all_gulf","all_gulf","_1","species","Area","Redfish unidentified",0.525670376343213,0.521276337135234,0.00439403920797926
"PT","biomass",890,"all_gulf","all_gulf","_1","species","Area","Sea raven",0.174203836144784,0.168197414168919,0.0060064219758653
"PT","biomass",890,"all_gulf","all_gulf","_1","species","Area","Shorthorn sculpin",0.183596785406099,0.175359888748291,0.00823689665780775
"PT","biomass",890,"all_gulf","all_gulf","_1","species","Area","Smooth skate",0.764937247522177,0.752312240735228,0.012625006786949
"PT","biomass",890,"all_gulf","all_gulf","_1","species","Area","Snakeblenny",0.476313808966281,0.445541028326614,0.0307727806396666
"PT","biomass",890,"all_gulf","all_gulf","_1","species","Area","Spatulate sculpin",0.889579672221848,0.883382507607155,0.00619716461469374
"PT","biomass",890,"all_gulf","all_gulf","_1","species","Area","Stout eelblenny",0.65317624177335,0.635408440900957,0.0177678008723921
"PT","biomass",890,"all_gulf","all_gulf","_1","species","Area","Thorny skate",0.625440061885153,0.58897642027695,0.0364636416082028
"PT","biomass",890,"all_gulf","all_gulf","_1","species","Area","Three-spined stickleback",0.333533314130668,0.333518256633067,1.50574976012213e-05
"PT","biomass",890,"all_gulf","all_gulf","_1","species","Area","Vahl's eelpout",0.746697732141532,0.682579486203571,0.0641182459379605
"PT","biomass",890,"all_gulf","all_gulf","_1","species","Area","White hake",0.423021405420101,0.417007431766568,0.00601397365353295
"PT","biomass",890,"all_gulf","all_gulf","_1","species","Area","Windowpane flounder",0.484226449810079,0.483335928107686,0.000890521702393132
"PT","biomass",890,"all_gulf","all_gulf","_1","species","Area","Winter flounder",0.265453785097667,0.252656704595018,0.0127970805026492
"PT","biomass",890,"all_gulf","all_gulf","_1","species","Area","Witch flounder",0.350938732111008,0.297862957133866,0.053075774977142
"PT","biomass",890,"all_gulf","all_gulf","_1","species","Area","Yellowtail flounder",0.559034524177511,0.505665757346596,0.053368766830915
"PT","biomass",910,"all_gulf","all_gulf","_1","species","Area","Alewife",0.712284104713396,0.712137625678608,0.000146479034788703
"PT","biomass",910,"all_gulf","all_gulf","_1","species","Area","Alligatorfish",0.84102496184067,0.7959063383398,0.0451186235008701
"PT","biomass",910,"all_gulf","all_gulf","_1","species","Area","American plaice",0.436604715093093,0.422636971184486,0.0139677439086067
"PT","biomass",910,"all_gulf","all_gulf","_1","species","Area","Arctic alligatorfish",0.891456454252444,0.85700852765353,0.034447926598914
"PT","biomass",910,"all_gulf","all_gulf","_1","species","Area","Arctic hookear sculpin",0.852600246741917,0.826033675407337,0.0265665713345807
"PT","biomass",910,"all_gulf","all_gulf","_1","species","Area","Arctic staghorn sculpin",0.611507381935362,0.578401925817064,0.0331054561182984
"PT","biomass",910,"all_gulf","all_gulf","_1","species","Area","Atlantic cod",0.369571592300179,0.360992078282637,0.00857951401754215
"PT","biomass",910,"all_gulf","all_gulf","_1","species","Area","Atlantic herring",0.452410472481532,0.445760271544884,0.00665020093664766
"PT","biomass",910,"all_gulf","all_gulf","_1","species","Area","Atlantic hookear sculpin",0.867052276958503,0.838109464631026,0.0289428123274768
"PT","biomass",910,"all_gulf","all_gulf","_1","species","Area","Atlantic mackerel",0.398371437099911,0.39822278741635,0.000148649683561076
"PT","biomass",910,"all_gulf","all_gulf","_1","species","Area","Atlantic poacher",0.816690319743039,0.785187644149794,0.0315026755932447
"PT","biomass",910,"all_gulf","all_gulf","_1","species","Area","Atlantic spiny lumpsucker",0.343326906556565,0.332237720194987,0.0110891863615774
"PT","biomass",910,"all_gulf","all_gulf","_1","species","Area","Capelin",0.279001335756249,0.27675854785911,0.00224278789713892
"PT","biomass",910,"all_gulf","all_gulf","_1","species","Area","Daubed shanny",0.615731283378129,0.572678207557722,0.0430530758204066
"PT","biomass",910,"all_gulf","all_gulf","_1","species","Area","Dusky snailfish",0.508008697352888,0.49948416482267,0.0085245325302174
"PT","biomass",910,"all_gulf","all_gulf","_1","species","Area","Fourbeard rockling",0.637730086466046,0.579654111081977,0.0580759753840687
"PT","biomass",910,"all_gulf","all_gulf","_1","species","Area","Fourline snakeblenny",0.488925911144628,0.456870572570302,0.0320553385743262
"PT","biomass",910,"all_gulf","all_gulf","_1","species","Area","Greenland cod",0.564754241088359,0.558887615169796,0.00586662591856312
"PT","biomass",910,"all_gulf","all_gulf","_1","species","Area","Greenland halibut",0.458880628689123,0.456806853762826,0.00207377492629672
"PT","biomass",910,"all_gulf","all_gulf","_1","species","Area","Laval's eelpout",0.746579324955007,0.674626204697476,0.0719531202575307
"PT","biomass",910,"all_gulf","all_gulf","_1","species","Area","Longhorn sculpin",0.373208444072843,0.362525018205002,0.0106834258678411
"PT","biomass",910,"all_gulf","all_gulf","_1","species","Area","Marlin-spike grenadier",0.530594333089473,0.506687170006573,0.0239071630828997
"PT","biomass",910,"all_gulf","all_gulf","_1","species","Area","Moustache sculpin",0.730691458375948,0.711475087003654,0.0192163713722945
"PT","biomass",910,"all_gulf","all_gulf","_1","species","Area","Northern sand lance",0.322968890843092,0.322968890843092,2.4008572907519e-17
"PT","biomass",910,"all_gulf","all_gulf","_1","species","Area","Rainbow smelt",0.648127039155406,0.630850043402889,0.0172769957525174
"PT","biomass",910,"all_gulf","all_gulf","_1","species","Area","Redfish unidentified",0.516646420100951,0.512301892746556,0.00434452735439416
"PT","biomass",910,"all_gulf","all_gulf","_1","species","Area","Sea raven",0.181893631092726,0.174920175417217,0.0069734556755089
"PT","biomass",910,"all_gulf","all_gulf","_1","species","Area","Shorthorn sculpin",0.185651530609089,0.178494695244133,0.00715683536495561
"PT","biomass",910,"all_gulf","all_gulf","_1","species","Area","Smooth skate",0.76438822848535,0.750469408389339,0.0139188200960104
"PT","biomass",910,"all_gulf","all_gulf","_1","species","Area","Snakeblenny",0.477231331156992,0.45041841896256,0.0268129121944318
"PT","biomass",910,"all_gulf","all_gulf","_1","species","Area","Spatulate sculpin",0.890679559496056,0.884521205276747,0.00615835421930818
"PT","biomass",910,"all_gulf","all_gulf","_1","species","Area","Stout eelblenny",0.653594494952462,0.63522805005579,0.0183664448966722
"PT","biomass",910,"all_gulf","all_gulf","_1","species","Area","Thorny skate",0.629323562070855,0.595778499471425,0.0335450625994298
"PT","biomass",910,"all_gulf","all_gulf","_1","species","Area","Three-spined stickleback",0.349600969288927,0.349585958001184,1.50112877432775e-05
"PT","biomass",910,"all_gulf","all_gulf","_1","species","Area","Vahl's eelpout",0.754631575365567,0.711743166854294,0.042888408511273
"PT","biomass",910,"all_gulf","all_gulf","_1","species","Area","White hake",0.410653145527701,0.405030370401377,0.00562277512632396
"PT","biomass",910,"all_gulf","all_gulf","_1","species","Area","Windowpane flounder",0.49523182209715,0.494441590182275,0.000790231914874949
"PT","biomass",910,"all_gulf","all_gulf","_1","species","Area","Winter flounder",0.269192914826223,0.257382742478784,0.011810172347439
"PT","biomass",910,"all_gulf","all_gulf","_1","species","Area","Witch flounder",0.344340178798329,0.294258585313827,0.0500815934845018
"PT","biomass",910,"all_gulf","all_gulf","_1","species","Area","Yellowtail flounder",0.563271593379105,0.51173066731849,0.051540926060615
"PT","biomass",930,"all_gulf","all_gulf","_1","species","Area","Alewife",0.717128793776652,0.716959590695488,0.000169203081164181
"PT","biomass",930,"all_gulf","all_gulf","_1","species","Area","Alligatorfish",0.831976412465094,0.779142292858633,0.0528341196064609
"PT","biomass",930,"all_gulf","all_gulf","_1","species","Area","American plaice",0.42847658273193,0.412932459700494,0.0155441230314353
"PT","biomass",930,"all_gulf","all_gulf","_1","species","Area","Arctic alligatorfish",0.885915377244528,0.843006979085456,0.0429083981590717
"PT","biomass",930,"all_gulf","all_gulf","_1","species","Area","Arctic hookear sculpin",0.856756841440848,0.83023839560464,0.0265184458362076
"PT","biomass",930,"all_gulf","all_gulf","_1","species","Area","Arctic staghorn sculpin",0.606394924819704,0.568961719904897,0.0374332049148074
"PT","biomass",930,"all_gulf","all_gulf","_1","species","Area","Atlantic cod",0.365954277077692,0.356781322418516,0.00917295465917535
"PT","biomass",930,"all_gulf","all_gulf","_1","species","Area","Atlantic herring",0.449662950438809,0.443772836809334,0.00589011362947508
"PT","biomass",930,"all_gulf","all_gulf","_1","species","Area","Atlantic hookear sculpin",0.869786083997517,0.840763309206099,0.029022774791418
"PT","biomass",930,"all_gulf","all_gulf","_1","species","Area","Atlantic mackerel",0.381537771517385,0.381423873711694,0.000113897805690635
"PT","biomass",930,"all_gulf","all_gulf","_1","species","Area","Atlantic poacher",0.82018382247798,0.787219309138891,0.0329645133390895
"PT","biomass",930,"all_gulf","all_gulf","_1","species","Area","Atlantic spiny lumpsucker",0.343661781888787,0.33438397442489,0.00927780746389753
"PT","biomass",930,"all_gulf","all_gulf","_1","species","Area","Capelin",0.289112027955537,0.286825548012847,0.00228647994268956
"PT","biomass",930,"all_gulf","all_gulf","_1","species","Area","Daubed shanny",0.61568344904336,0.571570409510167,0.0441130395331925
"PT","biomass",930,"all_gulf","all_gulf","_1","species","Area","Dusky snailfish",0.514778890786161,0.505137802105924,0.00964108868023702
"PT","biomass",930,"all_gulf","all_gulf","_1","species","Area","Fourbeard rockling",0.637683984119374,0.573353436706823,0.0643305474125502
"PT","biomass",930,"all_gulf","all_gulf","_1","species","Area","Fourline snakeblenny",0.488992152011528,0.457532991904185,0.0314591601073428
"PT","biomass",930,"all_gulf","all_gulf","_1","species","Area","Greenland cod",0.561763218440085,0.554358190525963,0.00740502791412166
"PT","biomass",930,"all_gulf","all_gulf","_1","species","Area","Greenland halibut",0.453240547536702,0.451186230723659,0.00205431681304289
"PT","biomass",930,"all_gulf","all_gulf","_1","species","Area","Laval's eelpout",0.748339714693293,0.674146566632462,0.0741931480608305
"PT","biomass",930,"all_gulf","all_gulf","_1","species","Area","Longhorn sculpin",0.36002455035616,0.348615170741735,0.0114093796144255
"PT","biomass",930,"all_gulf","all_gulf","_1","species","Area","Marlin-spike grenadier",0.519882381580652,0.493439354713742,0.0264430268669098
"PT","biomass",930,"all_gulf","all_gulf","_1","species","Area","Moustache sculpin",0.728948710992412,0.709037047496378,0.0199116634960336
"PT","biomass",930,"all_gulf","all_gulf","_1","species","Area","Northern sand lance",0.31950014231608,0.31950014231608,1.57165946923499e-17
"PT","biomass",930,"all_gulf","all_gulf","_1","species","Area","Rainbow smelt",0.650166862482148,0.633118796817741,0.0170480656644065
"PT","biomass",930,"all_gulf","all_gulf","_1","species","Area","Redfish unidentified",0.519969615662547,0.516195291163502,0.00377432449904502
"PT","biomass",930,"all_gulf","all_gulf","_1","species","Area","Sea raven",0.174382586106957,0.167190585482674,0.00719200062428272
"PT","biomass",930,"all_gulf","all_gulf","_1","species","Area","Shorthorn sculpin",0.181975786916697,0.174154126662822,0.00782166025387551
"PT","biomass",930,"all_gulf","all_gulf","_1","species","Area","Smooth skate",0.762174213388536,0.747875523726881,0.0142986896616545
"PT","biomass",930,"all_gulf","all_gulf","_1","species","Area","Snakeblenny",0.470700249178332,0.43927913390403,0.0314211152743022
"PT","biomass",930,"all_gulf","all_gulf","_1","species","Area","Spatulate sculpin",0.893449371888013,0.88719962854105,0.00624974334696287
"PT","biomass",930,"all_gulf","all_gulf","_1","species","Area","Stout eelblenny",0.631303917014302,0.611595361942714,0.0197085550715876
"PT","biomass",930,"all_gulf","all_gulf","_1","species","Area","Thorny skate",0.623287844914047,0.586275595975963,0.0370122489380835
"PT","biomass",930,"all_gulf","all_gulf","_1","species","Area","Three-spined stickleback",0.351504529363933,0.35149258125791,1.19481060232597e-05
"PT","biomass",930,"all_gulf","all_gulf","_1","species","Area","Vahl's eelpout",0.740098272920605,0.682650136810648,0.0574481361099565
"PT","biomass",930,"all_gulf","all_gulf","_1","species","Area","White hake",0.411611635212819,0.40536314242976,0.00624849278305885
"PT","biomass",930,"all_gulf","all_gulf","_1","species","Area","Windowpane flounder",0.491673608991361,0.490721385068465,0.000952223922895125
"PT","biomass",930,"all_gulf","all_gulf","_1","species","Area","Winter flounder",0.26359849363765,0.249662517547174,0.0139359760904767
"PT","biomass",930,"all_gulf","all_gulf","_1","species","Area","Witch flounder",0.342782254432706,0.293336163197654,0.0494460912350518
"PT","biomass",930,"all_gulf","all_gulf","_1","species","Area","Yellowtail flounder",0.560566312027648,0.506751314129484,0.0538149978981634
"PT","biomass",950,"all_gulf","all_gulf","_1","species","Area","Alewife",0.720345346735984,0.720204932394845,0.000140414341139453
"PT","biomass",950,"all_gulf","all_gulf","_1","species","Area","Alligatorfish",0.841216612055432,0.797719213499315,0.0434973985561166
"PT","biomass",950,"all_gulf","all_gulf","_1","species","Area","American plaice",0.431029385910661,0.417906000863211,0.01312338504745
"PT","biomass",950,"all_gulf","all_gulf","_1","species","Area","Arctic alligatorfish",0.894126286935767,0.861316079406039,0.0328102075297278
"PT","biomass",950,"all_gulf","all_gulf","_1","species","Area","Arctic hookear sculpin",0.865866496616326,0.84381837245029,0.0220481241660359
"PT","biomass",950,"all_gulf","all_gulf","_1","species","Area","Arctic staghorn sculpin",0.60836243092679,0.575513333451924,0.032849097474865
"PT","biomass",950,"all_gulf","all_gulf","_1","species","Area","Atlantic cod",0.368845829809218,0.360879383067194,0.0079664467420238
"PT","biomass",950,"all_gulf","all_gulf","_1","species","Area","Atlantic herring",0.448830803703806,0.442246466432672,0.00658433727113363
"PT","biomass",950,"all_gulf","all_gulf","_1","species","Area","Atlantic hookear sculpin",0.857366869845219,0.832362830833689,0.0250040390115297
"PT","biomass",950,"all_gulf","all_gulf","_1","species","Area","Atlantic mackerel",0.387818012221151,0.387691197780772,0.000126814440378905
"PT","biomass",950,"all_gulf","all_gulf","_1","species","Area","Atlantic poacher",0.823297389865676,0.793639063360955,0.029658326504721
"PT","biomass",950,"all_gulf","all_gulf","_1","species","Area","Atlantic spiny lumpsucker",0.346015004449014,0.336481273613436,0.00953373083557848
"PT","biomass",950,"all_gulf","all_gulf","_1","species","Area","Capelin",0.290228445006694,0.288089855724673,0.00213858928202129
"PT","biomass",950,"all_gulf","all_gulf","_1","species","Area","Daubed shanny",0.599352017584645,0.556411897431359,0.042940120153286
"PT","biomass",950,"all_gulf","all_gulf","_1","species","Area","Dusky snailfish",0.509263018600282,0.500445336374283,0.00881768222599936
"PT","biomass",950,"all_gulf","all_gulf","_1","species","Area","Fourbeard rockling",0.63154460325969,0.569867834199499,0.0616767690601911
"PT","biomass",950,"all_gulf","all_gulf","_1","species","Area","Fourline snakeblenny",0.491509033862671,0.4623573212025,0.0291517126601715
"PT","biomass",950,"all_gulf","all_gulf","_1","species","Area","Greenland cod",0.563631309592775,0.557829876322448,0.00580143327032693
"PT","biomass",950,"all_gulf","all_gulf","_1","species","Area","Greenland halibut",0.453726778592156,0.452229640038442,0.0014971385537137
"PT","biomass",950,"all_gulf","all_gulf","_1","species","Area","Laval's eelpout",0.745737656921744,0.673135009704673,0.0726026472170712
"PT","biomass",950,"all_gulf","all_gulf","_1","species","Area","Longhorn sculpin",0.367379932024607,0.357327674147082,0.010052257877525
"PT","biomass",950,"all_gulf","all_gulf","_1","species","Area","Marlin-spike grenadier",0.531172707676486,0.510488943666984,0.0206837640095016
"PT","biomass",950,"all_gulf","all_gulf","_1","species","Area","Moustache sculpin",0.731483054121641,0.713604818946442,0.0178782351751999
"PT","biomass",950,"all_gulf","all_gulf","_1","species","Area","Northern sand lance",0.337720762210577,0.337720762210577,2.03309591384482e-17
"PT","biomass",950,"all_gulf","all_gulf","_1","species","Area","Rainbow smelt",0.646642579103791,0.631682462552563,0.0149601165512283
"PT","biomass",950,"all_gulf","all_gulf","_1","species","Area","Redfish unidentified",0.516766752689922,0.512865375537318,0.00390137715260352
"PT","biomass",950,"all_gulf","all_gulf","_1","species","Area","Sea raven",0.170060420889929,0.1653678074872,0.00469261340272847
"PT","biomass",950,"all_gulf","all_gulf","_1","species","Area","Shorthorn sculpin",0.179300931336919,0.172186147621079,0.00711478371584049
"PT","biomass",950,"all_gulf","all_gulf","_1","species","Area","Smooth skate",0.758189150210918,0.74592806837374,0.0122610818371775
"PT","biomass",950,"all_gulf","all_gulf","_1","species","Area","Snakeblenny",0.432157585200514,0.40111092809044,0.031046657110074
"PT","biomass",950,"all_gulf","all_gulf","_1","species","Area","Spatulate sculpin",0.885597299288658,0.879261294214989,0.006336005073669
"PT","biomass",950,"all_gulf","all_gulf","_1","species","Area","Stout eelblenny",0.625186185364597,0.606912335154593,0.0182738502100037
"PT","biomass",950,"all_gulf","all_gulf","_1","species","Area","Thorny skate",0.618712826227498,0.585397359568557,0.0333154666589409
"PT","biomass",950,"all_gulf","all_gulf","_1","species","Area","Three-spined stickleback",0.349739789634274,0.349726977920348,1.28117139260062e-05
"PT","biomass",950,"all_gulf","all_gulf","_1","species","Area","Vahl's eelpout",0.720401611939464,0.650096441662518,0.0703051702769456
"PT","biomass",950,"all_gulf","all_gulf","_1","species","Area","White hake",0.403739036658605,0.397981311178905,0.00575772547970025
"PT","biomass",950,"all_gulf","all_gulf","_1","species","Area","Windowpane flounder",0.483256703954324,0.482398243598678,0.000858460355646613
"PT","biomass",950,"all_gulf","all_gulf","_1","species","Area","Winter flounder",0.261823600849164,0.250719069634464,0.0111045312147008
"PT","biomass",950,"all_gulf","all_gulf","_1","species","Area","Witch flounder",0.344776631881968,0.299643816180843,0.0451328157011245
"PT","biomass",950,"all_gulf","all_gulf","_1","species","Area","Yellowtail flounder",0.558444018576491,0.509938966449936,0.0485050521265548
"PT","biomass",970,"all_gulf","all_gulf","_1","species","Area","Alewife",0.714220083787731,0.714078832307276,0.000141251480455813
"PT","biomass",970,"all_gulf","all_gulf","_1","species","Area","Alligatorfish",0.839911283032271,0.797184004688406,0.0427272783438651
"PT","biomass",970,"all_gulf","all_gulf","_1","species","Area","American plaice",0.428496285031635,0.415087476481808,0.0134088085498269
"PT","biomass",970,"all_gulf","all_gulf","_1","species","Area","Arctic alligatorfish",0.885583192573368,0.845506414629387,0.0400767779439806
"PT","biomass",970,"all_gulf","all_gulf","_1","species","Area","Arctic hookear sculpin",0.866746998025179,0.844353742677706,0.0223932553474724
"PT","biomass",970,"all_gulf","all_gulf","_1","species","Area","Arctic staghorn sculpin",0.600406070626115,0.566794144071549,0.0336119265545659
"PT","biomass",970,"all_gulf","all_gulf","_1","species","Area","Atlantic cod",0.363318365310495,0.355613963163666,0.00770440214682881
"PT","biomass",970,"all_gulf","all_gulf","_1","species","Area","Atlantic herring",0.457087733072929,0.451139459922759,0.00594827315017026
"PT","biomass",970,"all_gulf","all_gulf","_1","species","Area","Atlantic hookear sculpin",0.858837535012537,0.832318224413203,0.0265193105993345
"PT","biomass",970,"all_gulf","all_gulf","_1","species","Area","Atlantic mackerel",0.40327545629045,0.4031397483606,0.000135707929849648
"PT","biomass",970,"all_gulf","all_gulf","_1","species","Area","Atlantic poacher",0.820875920049765,0.789035122193267,0.0318407978564974
"PT","biomass",970,"all_gulf","all_gulf","_1","species","Area","Atlantic spiny lumpsucker",0.346924598700915,0.337349468525337,0.00957513017557802
"PT","biomass",970,"all_gulf","all_gulf","_1","species","Area","Capelin",0.287676771610501,0.28587931269622,0.00179745891428045
"PT","biomass",970,"all_gulf","all_gulf","_1","species","Area","Daubed shanny",0.588423473826157,0.544391788822423,0.0440316850037347
"PT","biomass",970,"all_gulf","all_gulf","_1","species","Area","Dusky snailfish",0.509455738903,0.500383661422522,0.00907207748047845
"PT","biomass",970,"all_gulf","all_gulf","_1","species","Area","Fourbeard rockling",0.63190678746518,0.57121330452569,0.0606934829394904
"PT","biomass",970,"all_gulf","all_gulf","_1","species","Area","Fourline snakeblenny",0.479726674976517,0.448441467624123,0.0312852073523937
"PT","biomass",970,"all_gulf","all_gulf","_1","species","Area","Greenland cod",0.562676900220894,0.555511321361887,0.00716557885900681
"PT","biomass",970,"all_gulf","all_gulf","_1","species","Area","Greenland halibut",0.468844174081459,0.467183889718448,0.00166028436301078
"PT","biomass",970,"all_gulf","all_gulf","_1","species","Area","Laval's eelpout",0.748306734048802,0.675705274812231,0.0726014592365709
"PT","biomass",970,"all_gulf","all_gulf","_1","species","Area","Longhorn sculpin",0.364071859582691,0.353455268451925,0.0106165911307658
"PT","biomass",970,"all_gulf","all_gulf","_1","species","Area","Marlin-spike grenadier",0.534396766234698,0.511764280621545,0.0226324856131531
"PT","biomass",970,"all_gulf","all_gulf","_1","species","Area","Moustache sculpin",0.72808876270279,0.709252458703275,0.0188363039995151
"PT","biomass",970,"all_gulf","all_gulf","_1","species","Area","Northern sand lance",0.317799672479948,0.317799672479948,2.49626708193063e-17
"PT","biomass",970,"all_gulf","all_gulf","_1","species","Area","Rainbow smelt",0.640651249880134,0.624194414121865,0.0164568357582687
"PT","biomass",970,"all_gulf","all_gulf","_1","species","Area","Redfish unidentified",0.522778167841533,0.518866377206109,0.00391179063542369
"PT","biomass",970,"all_gulf","all_gulf","_1","species","Area","Sea raven",0.175304778920174,0.168834238679879,0.00647054024029435
"PT","biomass",970,"all_gulf","all_gulf","_1","species","Area","Shorthorn sculpin",0.18733575853225,0.179700947227085,0.00763481130516547
"PT","biomass",970,"all_gulf","all_gulf","_1","species","Area","Smooth skate",0.764648732584832,0.752926134546921,0.011722598037911
"PT","biomass",970,"all_gulf","all_gulf","_1","species","Area","Snakeblenny",0.431759931546639,0.400764245467911,0.030995686078728
"PT","biomass",970,"all_gulf","all_gulf","_1","species","Area","Spatulate sculpin",0.886775110498639,0.880971062031919,0.00580404846671962
"PT","biomass",970,"all_gulf","all_gulf","_1","species","Area","Stout eelblenny",0.620538754177028,0.602926091694703,0.0176126624823245
"PT","biomass",970,"all_gulf","all_gulf","_1","species","Area","Thorny skate",0.622505182414666,0.589857440624127,0.032647741790539
"PT","biomass",970,"all_gulf","all_gulf","_1","species","Area","Three-spined stickleback",0.35143915279375,0.351428697411604,1.0455382145629e-05
"PT","biomass",970,"all_gulf","all_gulf","_1","species","Area","Vahl's eelpout",0.722853524303797,0.65529068419996,0.0675628401038366
"PT","biomass",970,"all_gulf","all_gulf","_1","species","Area","White hake",0.406479826307877,0.400205177651886,0.00627464865599046
"PT","biomass",970,"all_gulf","all_gulf","_1","species","Area","Windowpane flounder",0.48557963573006,0.484738967592515,0.000840668137544938
"PT","biomass",970,"all_gulf","all_gulf","_1","species","Area","Winter flounder",0.258183369892805,0.246460445023952,0.0117229248688527
"PT","biomass",970,"all_gulf","all_gulf","_1","species","Area","Witch flounder",0.345758378334565,0.301335968263021,0.0444224100715442
"PT","biomass",970,"all_gulf","all_gulf","_1","species","Area","Yellowtail flounder",0.557580422558255,0.505571692482359,0.0520087300758954
"PT","biomass",990,"all_gulf","all_gulf","_1","species","Area","Alewife",0.718549967759411,0.718409679320137,0.000140288439273477
"PT","biomass",990,"all_gulf","all_gulf","_1","species","Area","Alligatorfish",0.830206382989818,0.774428419118233,0.0557779638715853
"PT","biomass",990,"all_gulf","all_gulf","_1","species","Area","American plaice",0.428705915984562,0.412235262786149,0.0164706531984129
"PT","biomass",990,"all_gulf","all_gulf","_1","species","Area","Arctic alligatorfish",0.883945677295292,0.837388597280411,0.0465570800148817
"PT","biomass",990,"all_gulf","all_gulf","_1","species","Area","Arctic hookear sculpin",0.843650805843443,0.814389557990497,0.0292612478529458
"PT","biomass",990,"all_gulf","all_gulf","_1","species","Area","Arctic staghorn sculpin",0.601813661122014,0.56180881721628,0.0400048439057344
"PT","biomass",990,"all_gulf","all_gulf","_1","species","Area","Atlantic cod",0.36030700001548,0.350687258613294,0.00961974140218609
"PT","biomass",990,"all_gulf","all_gulf","_1","species","Area","Atlantic herring",0.451475572814759,0.445892528315873,0.00558304449888604
"PT","biomass",990,"all_gulf","all_gulf","_1","species","Area","Atlantic hookear sculpin",0.85525047389763,0.823108531331655,0.0321419425659742
"PT","biomass",990,"all_gulf","all_gulf","_1","species","Area","Atlantic mackerel",0.403496357823616,0.403373509083901,0.00012284873971492
"PT","biomass",990,"all_gulf","all_gulf","_1","species","Area","Atlantic poacher",0.814693204302687,0.778414693136395,0.0362785111662924
"PT","biomass",990,"all_gulf","all_gulf","_1","species","Area","Atlantic spiny lumpsucker",0.344419602556451,0.335042460061242,0.00937714249520887
"PT","biomass",990,"all_gulf","all_gulf","_1","species","Area","Capelin",0.287296256058039,0.285360539340355,0.00193571671768348
"PT","biomass",990,"all_gulf","all_gulf","_1","species","Area","Daubed shanny",0.58213266612282,0.52934278737712,0.0527898787456998
"PT","biomass",990,"all_gulf","all_gulf","_1","species","Area","Dusky snailfish",0.506752619350642,0.496309955631837,0.0104426637188049
"PT","biomass",990,"all_gulf","all_gulf","_1","species","Area","Fourbeard rockling",0.617575654810182,0.543766179078402,0.0738094757317804
"PT","biomass",990,"all_gulf","all_gulf","_1","species","Area","Fourline snakeblenny",0.487764995937638,0.453092493804849,0.0346725021327894
"PT","biomass",990,"all_gulf","all_gulf","_1","species","Area","Greenland cod",0.568485140914711,0.560294443109713,0.00819069780499827
"PT","biomass",990,"all_gulf","all_gulf","_1","species","Area","Greenland halibut",0.457187041563859,0.455080789788022,0.00210625177583672
"PT","biomass",990,"all_gulf","all_gulf","_1","species","Area","Laval's eelpout",0.741636244422001,0.661317917428828,0.080318326993173
"PT","biomass",990,"all_gulf","all_gulf","_1","species","Area","Longhorn sculpin",0.360436517178731,0.347591495757564,0.0128450214211671
"PT","biomass",990,"all_gulf","all_gulf","_1","species","Area","Marlin-spike grenadier",0.539683570710598,0.511639757671784,0.0280438130388144
"PT","biomass",990,"all_gulf","all_gulf","_1","species","Area","Moustache sculpin",0.72670582009027,0.704424662049958,0.0222811580403117
"PT","biomass",990,"all_gulf","all_gulf","_1","species","Area","Northern sand lance",0.325749319133038,0.325749319133038,2.14758766325929e-17
"PT","biomass",990,"all_gulf","all_gulf","_1","species","Area","Rainbow smelt",0.640708827190979,0.619699044991697,0.0210097821992818
"PT","biomass",990,"all_gulf","all_gulf","_1","species","Area","Redfish unidentified",0.520803559573721,0.516607533836611,0.00419602573710968
"PT","biomass",990,"all_gulf","all_gulf","_1","species","Area","Sea raven",0.178451777933525,0.171238394269455,0.00721338366406969
"PT","biomass",990,"all_gulf","all_gulf","_1","species","Area","Shorthorn sculpin",0.185655466043024,0.176684092684136,0.00897137335888827
"PT","biomass",990,"all_gulf","all_gulf","_1","species","Area","Smooth skate",0.76089259239247,0.746981390181335,0.0139112022111351
"PT","biomass",990,"all_gulf","all_gulf","_1","species","Area","Snakeblenny",0.424608017155442,0.387223401337244,0.0373846158181984
"PT","biomass",990,"all_gulf","all_gulf","_1","species","Area","Spatulate sculpin",0.885754259063857,0.878402260967729,0.0073519980961271
"PT","biomass",990,"all_gulf","all_gulf","_1","species","Area","Stout eelblenny",0.622271400589597,0.600242376981123,0.0220290236084738
"PT","biomass",990,"all_gulf","all_gulf","_1","species","Area","Thorny skate",0.621856031766261,0.583262301785389,0.0385937299808722
"PT","biomass",990,"all_gulf","all_gulf","_1","species","Area","Three-spined stickleback",0.353875994870254,0.353865157226529,1.08376437249109e-05
"PT","biomass",990,"all_gulf","all_gulf","_1","species","Area","Vahl's eelpout",0.729922168398962,0.653500176067916,0.0764219923310462
"PT","biomass",990,"all_gulf","all_gulf","_1","species","Area","White hake",0.40350633554761,0.396702830163121,0.00680350538448934
"PT","biomass",990,"all_gulf","all_gulf","_1","species","Area","Windowpane flounder",0.481547065865012,0.480621599424369,0.000925466440643189
"PT","biomass",990,"all_gulf","all_gulf","_1","species","Area","Winter flounder",0.255403435040946,0.241087150336563,0.0143162847043822
"PT","biomass",990,"all_gulf","all_gulf","_1","species","Area","Witch flounder",0.332477206051059,0.275477012575436,0.0570001934756222
"PT","biomass",990,"all_gulf","all_gulf","_1","species","Area","Yellowtail flounder",0.553245697700777,0.493429175206031,0.0598165224947466
"PT","occurrence",10,"all_gulf","all_gulf","_1","species","Area","Alewife",0.709645474173022,0.673264318159556,0.0363811560134655
"PT","occurrence",10,"all_gulf","all_gulf","_1","species","Area","Alligatorfish",0.827153527703404,0.786341416320555,0.0408121113828492
"PT","occurrence",10,"all_gulf","all_gulf","_1","species","Area","American plaice",0.616186986186245,0.594261639538992,0.0219253466472538
"PT","occurrence",10,"all_gulf","all_gulf","_1","species","Area","Arctic alligatorfish",0.911843574720692,0.883209275385598,0.0286342993350941
"PT","occurrence",10,"all_gulf","all_gulf","_1","species","Area","Arctic hookear sculpin",0.873487535698509,0.86007372456464,0.0134138111338696
"PT","occurrence",10,"all_gulf","all_gulf","_1","species","Area","Arctic staghorn sculpin",0.702641049408979,0.670791661911098,0.031849387497881
"PT","occurrence",10,"all_gulf","all_gulf","_1","species","Area","Atlantic cod",0.577386378027307,0.560777502966758,0.0166088750605498
"PT","occurrence",10,"all_gulf","all_gulf","_1","species","Area","Atlantic herring",0.578231676677741,0.53687573641117,0.0413559402665713
"PT","occurrence",10,"all_gulf","all_gulf","_1","species","Area","Atlantic hookear sculpin",0.846655343323194,0.818085804712467,0.0285695386107267
"PT","occurrence",10,"all_gulf","all_gulf","_1","species","Area","Atlantic mackerel",0.451705389563972,0.431503234887817,0.0202021546761546
"PT","occurrence",10,"all_gulf","all_gulf","_1","species","Area","Atlantic poacher",0.736008601133797,0.701658002638327,0.0343505984954699
"PT","occurrence",10,"all_gulf","all_gulf","_1","species","Area","Atlantic spiny lumpsucker",0.422052355590454,0.408038869838449,0.0140134857520057
"PT","occurrence",10,"all_gulf","all_gulf","_1","species","Area","Capelin",0.518630453541004,0.444424094868293,0.0742063586727119
"PT","occurrence",10,"all_gulf","all_gulf","_1","species","Area","Daubed shanny",0.73035308894632,0.705014139909119,0.0253389490372008
"PT","occurrence",10,"all_gulf","all_gulf","_1","species","Area","Dusky snailfish",0.698228121250034,0.675424846103817,0.0228032751462172
"PT","occurrence",10,"all_gulf","all_gulf","_1","species","Area","Fourbeard rockling",0.647654280116631,0.599848964353965,0.047805315762666
"PT","occurrence",10,"all_gulf","all_gulf","_1","species","Area","Fourline snakeblenny",0.514948626780377,0.477333471013099,0.0376151557672782
"PT","occurrence",10,"all_gulf","all_gulf","_1","species","Area","Greenland cod",0.69878778549302,0.685467361864845,0.0133204236281755
"PT","occurrence",10,"all_gulf","all_gulf","_1","species","Area","Greenland halibut",0.663190770956686,0.645587367252298,0.0176034037043888
"PT","occurrence",10,"all_gulf","all_gulf","_1","species","Area","Laval's eelpout",0.77882991392552,0.740947943203694,0.0378819707218257
"PT","occurrence",10,"all_gulf","all_gulf","_1","species","Area","Longhorn sculpin",0.651563459711868,0.634593391224705,0.0169700684871637
"PT","occurrence",10,"all_gulf","all_gulf","_1","species","Area","Marlin-spike grenadier",0.627713904616683,0.607378368543444,0.0203355360732393
"PT","occurrence",10,"all_gulf","all_gulf","_1","species","Area","Moustache sculpin",0.791228229140173,0.775422837458299,0.0158053916818745
"PT","occurrence",10,"all_gulf","all_gulf","_1","species","Area","Northern sand lance",0.406369403297473,0.380931535803533,0.02543786749394
"PT","occurrence",10,"all_gulf","all_gulf","_1","species","Area","Rainbow smelt",0.728710059947913,0.708841306294948,0.0198687536529648
"PT","occurrence",10,"all_gulf","all_gulf","_1","species","Area","Redfish unidentified",0.592147947639908,0.571635143784867,0.0205128038550414
"PT","occurrence",10,"all_gulf","all_gulf","_1","species","Area","Sea raven",0.640142101043768,0.627024500640647,0.0131176004031209
"PT","occurrence",10,"all_gulf","all_gulf","_1","species","Area","Shorthorn sculpin",0.505847411841912,0.492562141108653,0.0132852707332582
"PT","occurrence",10,"all_gulf","all_gulf","_1","species","Area","Smooth skate",0.702039554302405,0.684519926018147,0.0175196282842577
"PT","occurrence",10,"all_gulf","all_gulf","_1","species","Area","Snakeblenny",0.557132229377553,0.529135997806059,0.0279962315714942
"PT","occurrence",10,"all_gulf","all_gulf","_1","species","Area","Spatulate sculpin",0.879314768862417,0.865195231675498,0.0141195371869192
"PT","occurrence",10,"all_gulf","all_gulf","_1","species","Area","Stout eelblenny",0.644602482507601,0.625502654622496,0.0190998278851055
"PT","occurrence",10,"all_gulf","all_gulf","_1","species","Area","Thorny skate",0.620205290105809,0.59448253127201,0.025722758833799
"PT","occurrence",10,"all_gulf","all_gulf","_1","species","Area","Three-spined stickleback",0.369477099690215,0.329815419622154,0.0396616800680619
"PT","occurrence",10,"all_gulf","all_gulf","_1","species","Area","Vahl's eelpout",0.729702175864943,0.63705957073907,0.0926426051258736
"PT","occurrence",10,"all_gulf","all_gulf","_1","species","Area","White hake",0.472766822663807,0.453148677495608,0.0196181451681987
"PT","occurrence",10,"all_gulf","all_gulf","_1","species","Area","Windowpane flounder",0.63538193174494,0.583922009472624,0.0514599222723162
"PT","occurrence",10,"all_gulf","all_gulf","_1","species","Area","Winter flounder",0.457514911391021,0.428309469880127,0.0292054415108943
"PT","occurrence",10,"all_gulf","all_gulf","_1","species","Area","Witch flounder",0.512211741999969,0.467292021700475,0.0449197202994938
"PT","occurrence",10,"all_gulf","all_gulf","_1","species","Area","Yellowtail flounder",0.607771725102434,0.572372454577886,0.0353992705245487
"PT","occurrence",30,"all_gulf","all_gulf","_1","species","Area","Alewife",0.705079425954413,0.668512065944858,0.0365673600095554
"PT","occurrence",30,"all_gulf","all_gulf","_1","species","Area","Alligatorfish",0.824393804662306,0.784399008364459,0.0399947962978471
"PT","occurrence",30,"all_gulf","all_gulf","_1","species","Area","American plaice",0.610977841169085,0.589822913462186,0.0211549277068994
"PT","occurrence",30,"all_gulf","all_gulf","_1","species","Area","Arctic alligatorfish",0.911551617486645,0.882058311746083,0.0294933057405626
"PT","occurrence",30,"all_gulf","all_gulf","_1","species","Area","Arctic hookear sculpin",0.878036002655581,0.86396418484594,0.0140718178096413
"PT","occurrence",30,"all_gulf","all_gulf","_1","species","Area","Arctic staghorn sculpin",0.7004476202619,0.669905394329695,0.0305422259322055
"PT","occurrence",30,"all_gulf","all_gulf","_1","species","Area","Atlantic cod",0.570536208761843,0.553289996118504,0.0172462126433389
"PT","occurrence",30,"all_gulf","all_gulf","_1","species","Area","Atlantic herring",0.580539966761725,0.549714133740272,0.0308258330214522
"PT","occurrence",30,"all_gulf","all_gulf","_1","species","Area","Atlantic hookear sculpin",0.851243943315001,0.82392114406678,0.0273227992482204
"PT","occurrence",30,"all_gulf","all_gulf","_1","species","Area","Atlantic mackerel",0.459727676753332,0.438448209883205,0.021279466870127
"PT","occurrence",30,"all_gulf","all_gulf","_1","species","Area","Atlantic poacher",0.737843516846589,0.70262733971998,0.0352161771266082
"PT","occurrence",30,"all_gulf","all_gulf","_1","species","Area","Atlantic spiny lumpsucker",0.428999229348866,0.417032602083535,0.0119666272653318
"PT","occurrence",30,"all_gulf","all_gulf","_1","species","Area","Capelin",0.52809772901099,0.454252655838474,0.0738450731725157
"PT","occurrence",30,"all_gulf","all_gulf","_1","species","Area","Daubed shanny",0.728761797551568,0.70343636193686,0.0253254356147077
"PT","occurrence",30,"all_gulf","all_gulf","_1","species","Area","Dusky snailfish",0.702838907275368,0.68107179874989,0.0217671085254785
"PT","occurrence",30,"all_gulf","all_gulf","_1","species","Area","Fourbeard rockling",0.646384133015839,0.599371745508081,0.0470123875077581
"PT","occurrence",30,"all_gulf","all_gulf","_1","species","Area","Fourline snakeblenny",0.527412398891676,0.490415532752042,0.0369968661396339
"PT","occurrence",30,"all_gulf","all_gulf","_1","species","Area","Greenland cod",0.68857940881125,0.674983936884574,0.0135954719266761
"PT","occurrence",30,"all_gulf","all_gulf","_1","species","Area","Greenland halibut",0.648269581058311,0.628942222503613,0.0193273585546986
"PT","occurrence",30,"all_gulf","all_gulf","_1","species","Area","Laval's eelpout",0.774806642262761,0.741037042683794,0.0337695995789664
"PT","occurrence",30,"all_gulf","all_gulf","_1","species","Area","Longhorn sculpin",0.654204443897563,0.637471792497295,0.0167326514002677
"PT","occurrence",30,"all_gulf","all_gulf","_1","species","Area","Marlin-spike grenadier",0.628801239954998,0.607108241293866,0.0216929986611318
"PT","occurrence",30,"all_gulf","all_gulf","_1","species","Area","Moustache sculpin",0.796863681010329,0.781502337925883,0.0153613430844462
"PT","occurrence",30,"all_gulf","all_gulf","_1","species","Area","Northern sand lance",0.414960181606496,0.404502864763974,0.0104573168425218
"PT","occurrence",30,"all_gulf","all_gulf","_1","species","Area","Rainbow smelt",0.728706770732863,0.707765815935618,0.0209409547972455
"PT","occurrence",30,"all_gulf","all_gulf","_1","species","Area","Redfish unidentified",0.591086141862692,0.570326922057198,0.0207592198054935
"PT","occurrence",30,"all_gulf","all_gulf","_1","species","Area","Sea raven",0.617071543936485,0.605803634710341,0.011267909226144
"PT","occurrence",30,"all_gulf","all_gulf","_1","species","Area","Shorthorn sculpin",0.509606164597389,0.496209711530184,0.0133964530672048
"PT","occurrence",30,"all_gulf","all_gulf","_1","species","Area","Smooth skate",0.704903002372711,0.687044767602844,0.0178582347698671
"PT","occurrence",30,"all_gulf","all_gulf","_1","species","Area","Snakeblenny",0.555622960499403,0.530422459284588,0.0252005012148158
"PT","occurrence",30,"all_gulf","all_gulf","_1","species","Area","Spatulate sculpin",0.86893491447147,0.855420084552876,0.013514829918594
"PT","occurrence",30,"all_gulf","all_gulf","_1","species","Area","Stout eelblenny",0.648632742065192,0.632606490286464,0.0160262517787282
"PT","occurrence",30,"all_gulf","all_gulf","_1","species","Area","Thorny skate",0.617724673608385,0.592193289909566,0.0255313836988191
"PT","occurrence",30,"all_gulf","all_gulf","_1","species","Area","Three-spined stickleback",0.381027386816212,0.343937629928851,0.0370897568873612
"PT","occurrence",30,"all_gulf","all_gulf","_1","species","Area","Vahl's eelpout",0.731165043286001,0.656782127098891,0.0743829161871094
"PT","occurrence",30,"all_gulf","all_gulf","_1","species","Area","White hake",0.480743754462129,0.463075191415356,0.0176685630467723
"PT","occurrence",30,"all_gulf","all_gulf","_1","species","Area","Windowpane flounder",0.6109753610193,0.554005093224905,0.0569702677943948
"PT","occurrence",30,"all_gulf","all_gulf","_1","species","Area","Winter flounder",0.443963234140248,0.419157302142259,0.0248059319979887
"PT","occurrence",30,"all_gulf","all_gulf","_1","species","Area","Witch flounder",0.503159076532419,0.456363737429238,0.046795339103181
"PT","occurrence",30,"all_gulf","all_gulf","_1","species","Area","Yellowtail flounder",0.602806125811468,0.567934681852863,0.0348714439586046
"PT","occurrence",50,"all_gulf","all_gulf","_1","species","Area","Alewife",0.719777984539483,0.711969541350293,0.00780844318918978
"PT","occurrence",50,"all_gulf","all_gulf","_1","species","Area","Alligatorfish",0.829381246453409,0.783128758403835,0.0462524880495738
"PT","occurrence",50,"all_gulf","all_gulf","_1","species","Area","American plaice",0.608035048115881,0.588495816564971,0.0195392315509105
"PT","occurrence",50,"all_gulf","all_gulf","_1","species","Area","Arctic alligatorfish",0.909572477287067,0.875984277552218,0.0335881997348485
"PT","occurrence",50,"all_gulf","all_gulf","_1","species","Area","Arctic hookear sculpin",0.868056584531271,0.854301806545049,0.0137547779862224
"PT","occurrence",50,"all_gulf","all_gulf","_1","species","Area","Arctic staghorn sculpin",0.702156307280928,0.671798648236611,0.0303576590443171
"PT","occurrence",50,"all_gulf","all_gulf","_1","species","Area","Atlantic cod",0.580592933331398,0.56547540264239,0.015117530689008
"PT","occurrence",50,"all_gulf","all_gulf","_1","species","Area","Atlantic herring",0.589271340540642,0.567730773467858,0.021540567072783
"PT","occurrence",50,"all_gulf","all_gulf","_1","species","Area","Atlantic hookear sculpin",0.852216004709332,0.827003015868961,0.025212988840371
"PT","occurrence",50,"all_gulf","all_gulf","_1","species","Area","Atlantic mackerel",0.44049704257725,0.432332297014919,0.00816474556233185
"PT","occurrence",50,"all_gulf","all_gulf","_1","species","Area","Atlantic poacher",0.740103323837203,0.713564375381576,0.0265389484556274
"PT","occurrence",50,"all_gulf","all_gulf","_1","species","Area","Atlantic spiny lumpsucker",0.43173160513405,0.420204377354543,0.0115272277795067
"PT","occurrence",50,"all_gulf","all_gulf","_1","species","Area","Capelin",0.534953418502661,0.471230283082982,0.0637231354196786
"PT","occurrence",50,"all_gulf","all_gulf","_1","species","Area","Daubed shanny",0.731547843262485,0.704990217219289,0.0265576260431963
"PT","occurrence",50,"all_gulf","all_gulf","_1","species","Area","Dusky snailfish",0.701193036579186,0.68417150274993,0.0170215338292558
"PT","occurrence",50,"all_gulf","all_gulf","_1","species","Area","Fourbeard rockling",0.645472623186937,0.598484290851844,0.0469883323350927
"PT","occurrence",50,"all_gulf","all_gulf","_1","species","Area","Fourline snakeblenny",0.522490002344506,0.486041258446238,0.0364487438982679
"PT","occurrence",50,"all_gulf","all_gulf","_1","species","Area","Greenland cod",0.69606850393594,0.683609795917066,0.012458708018874
"PT","occurrence",50,"all_gulf","all_gulf","_1","species","Area","Greenland halibut",0.651286677616605,0.635284694430154,0.0160019831864511
"PT","occurrence",50,"all_gulf","all_gulf","_1","species","Area","Laval's eelpout",0.767586569918768,0.730137090889174,0.0374494790295932
"PT","occurrence",50,"all_gulf","all_gulf","_1","species","Area","Longhorn sculpin",0.664538036941438,0.646990830557234,0.0175472063842039
"PT","occurrence",50,"all_gulf","all_gulf","_1","species","Area","Marlin-spike grenadier",0.641594777445874,0.619765952875345,0.0218288245705299
"PT","occurrence",50,"all_gulf","all_gulf","_1","species","Area","Moustache sculpin",0.800057484416984,0.78591629459512,0.0141411898218643
"PT","occurrence",50,"all_gulf","all_gulf","_1","species","Area","Northern sand lance",0.408035091348656,0.398712218493139,0.00932287285551755
"PT","occurrence",50,"all_gulf","all_gulf","_1","species","Area","Rainbow smelt",0.72641901889296,0.708455736534658,0.0179632823583019
"PT","occurrence",50,"all_gulf","all_gulf","_1","species","Area","Redfish unidentified",0.614874808441193,0.601158112033921,0.0137166964072726
"PT","occurrence",50,"all_gulf","all_gulf","_1","species","Area","Sea raven",0.580886507085555,0.565242303586884,0.015644203498671
"PT","occurrence",50,"all_gulf","all_gulf","_1","species","Area","Shorthorn sculpin",0.508431987032436,0.496200380452355,0.0122316065800806
"PT","occurrence",50,"all_gulf","all_gulf","_1","species","Area","Smooth skate",0.713362877509102,0.700105414428899,0.013257463080203
"PT","occurrence",50,"all_gulf","all_gulf","_1","species","Area","Snakeblenny",0.554261830394097,0.525200041481072,0.0290617889130248
"PT","occurrence",50,"all_gulf","all_gulf","_1","species","Area","Spatulate sculpin",0.878177423617617,0.865728545098048,0.0124488785195687
"PT","occurrence",50,"all_gulf","all_gulf","_1","species","Area","Stout eelblenny",0.648395452533986,0.630866723284868,0.0175287292491181
"PT","occurrence",50,"all_gulf","all_gulf","_1","species","Area","Thorny skate",0.621841752387941,0.597110248915715,0.0247315034722265
"PT","occurrence",50,"all_gulf","all_gulf","_1","species","Area","Three-spined stickleback",0.42086469848069,0.410319683315098,0.0105450151655928
"PT","occurrence",50,"all_gulf","all_gulf","_1","species","Area","Vahl's eelpout",0.737316065004379,0.661324028453761,0.0759920365506181
"PT","occurrence",50,"all_gulf","all_gulf","_1","species","Area","White hake",0.465871710331422,0.450576748295239,0.0152949620361829
"PT","occurrence",50,"all_gulf","all_gulf","_1","species","Area","Windowpane flounder",0.648729813228635,0.63919232223915,0.00953749098948444
"PT","occurrence",50,"all_gulf","all_gulf","_1","species","Area","Winter flounder",0.453912770638232,0.428154736712732,0.0257580339255004
"PT","occurrence",50,"all_gulf","all_gulf","_1","species","Area","Witch flounder",0.501078592957903,0.450980136254624,0.0500984567032792
"PT","occurrence",50,"all_gulf","all_gulf","_1","species","Area","Yellowtail flounder",0.59913565661355,0.564373524158311,0.0347621324552395
"PT","occurrence",70,"all_gulf","all_gulf","_1","species","Area","Alewife",0.720841586126531,0.713094530415554,0.00774705571097701
"PT","occurrence",70,"all_gulf","all_gulf","_1","species","Area","Alligatorfish",0.83022506058302,0.78726288354473,0.0429621770382899
"PT","occurrence",70,"all_gulf","all_gulf","_1","species","Area","American plaice",0.600980092364658,0.58090361860995,0.0200764737547077
"PT","occurrence",70,"all_gulf","all_gulf","_1","species","Area","Arctic alligatorfish",0.906736316591543,0.868678251315709,0.0380580652758339
"PT","occurrence",70,"all_gulf","all_gulf","_1","species","Area","Arctic hookear sculpin",0.872405448968144,0.859771840852351,0.0126336081157929
"PT","occurrence",70,"all_gulf","all_gulf","_1","species","Area","Arctic staghorn sculpin",0.686942246345759,0.652197274434492,0.0347449719112671
"PT","occurrence",70,"all_gulf","all_gulf","_1","species","Area","Atlantic cod",0.567254383622944,0.551445282970237,0.0158091006527074
"PT","occurrence",70,"all_gulf","all_gulf","_1","species","Area","Atlantic herring",0.594345563704503,0.569012540571497,0.0253330231330067
"PT","occurrence",70,"all_gulf","all_gulf","_1","species","Area","Atlantic hookear sculpin",0.85980726432344,0.833492876304948,0.026314388018493
"PT","occurrence",70,"all_gulf","all_gulf","_1","species","Area","Atlantic mackerel",0.434922974511636,0.425957709651509,0.00896526486012714
"PT","occurrence",70,"all_gulf","all_gulf","_1","species","Area","Atlantic poacher",0.741206126581751,0.714589781863936,0.0266163447178151
"PT","occurrence",70,"all_gulf","all_gulf","_1","species","Area","Atlantic spiny lumpsucker",0.430224945935671,0.418977392183925,0.0112475537517463
"PT","occurrence",70,"all_gulf","all_gulf","_1","species","Area","Capelin",0.533266749411012,0.472802736630022,0.0604640127809896
"PT","occurrence",70,"all_gulf","all_gulf","_1","species","Area","Daubed shanny",0.684230681452261,0.652972330346308,0.031258351105953
"PT","occurrence",70,"all_gulf","all_gulf","_1","species","Area","Dusky snailfish",0.698262386628155,0.679967283646655,0.0182951029815002
"PT","occurrence",70,"all_gulf","all_gulf","_1","species","Area","Fourbeard rockling",0.634509752413741,0.582803713800193,0.0517060386135479
"PT","occurrence",70,"all_gulf","all_gulf","_1","species","Area","Fourline snakeblenny",0.523456377596727,0.483033590574439,0.0404227870222888
"PT","occurrence",70,"all_gulf","all_gulf","_1","species","Area","Greenland cod",0.685828148662039,0.671106065414235,0.0147220832478047
"PT","occurrence",70,"all_gulf","all_gulf","_1","species","Area","Greenland halibut",0.62688947926488,0.60941325169739,0.0174762275674899
"PT","occurrence",70,"all_gulf","all_gulf","_1","species","Area","Laval's eelpout",0.763326081412568,0.725570434808964,0.0377556466036047
"PT","occurrence",70,"all_gulf","all_gulf","_1","species","Area","Longhorn sculpin",0.651397891792522,0.632984909624596,0.0184129821679261
"PT","occurrence",70,"all_gulf","all_gulf","_1","species","Area","Marlin-spike grenadier",0.628539404898687,0.603806355909233,0.0247330489894539
"PT","occurrence",70,"all_gulf","all_gulf","_1","species","Area","Moustache sculpin",0.798223801025744,0.784187728627281,0.0140360723984629
"PT","occurrence",70,"all_gulf","all_gulf","_1","species","Area","Northern sand lance",0.407065220860914,0.397041154092348,0.0100240667685661
"PT","occurrence",70,"all_gulf","all_gulf","_1","species","Area","Rainbow smelt",0.721589469983016,0.701829713561266,0.01975975642175
"PT","occurrence",70,"all_gulf","all_gulf","_1","species","Area","Redfish unidentified",0.607100083906457,0.591513393531622,0.0155866903748349
"PT","occurrence",70,"all_gulf","all_gulf","_1","species","Area","Sea raven",0.58878690012322,0.574587120501045,0.0141997796221751
"PT","occurrence",70,"all_gulf","all_gulf","_1","species","Area","Shorthorn sculpin",0.498384706057243,0.485194601177619,0.0131901048796242
"PT","occurrence",70,"all_gulf","all_gulf","_1","species","Area","Smooth skate",0.706361075853894,0.693423467245227,0.0129376086086671
"PT","occurrence",70,"all_gulf","all_gulf","_1","species","Area","Snakeblenny",0.52958690927658,0.500502833106846,0.0290840761697345
"PT","occurrence",70,"all_gulf","all_gulf","_1","species","Area","Spatulate sculpin",0.875277486863095,0.863380482077669,0.0118970047854263
"PT","occurrence",70,"all_gulf","all_gulf","_1","species","Area","Stout eelblenny",0.62264422286389,0.602732837768581,0.0199113850953091
"PT","occurrence",70,"all_gulf","all_gulf","_1","species","Area","Thorny skate",0.612969873552479,0.587535085099996,0.025434788452483
"PT","occurrence",70,"all_gulf","all_gulf","_1","species","Area","Three-spined stickleback",0.435419618504536,0.425610137053846,0.00980948145068951
"PT","occurrence",70,"all_gulf","all_gulf","_1","species","Area","Vahl's eelpout",0.722059507478013,0.643818753041195,0.0782407544368183
"PT","occurrence",70,"all_gulf","all_gulf","_1","species","Area","White hake",0.461165049447926,0.446805880266535,0.0143591691813918
"PT","occurrence",70,"all_gulf","all_gulf","_1","species","Area","Windowpane flounder",0.644322693121235,0.634953430909037,0.00936926221219816
"PT","occurrence",70,"all_gulf","all_gulf","_1","species","Area","Winter flounder",0.428790666694875,0.404117938503041,0.0246727281918335
"PT","occurrence",70,"all_gulf","all_gulf","_1","species","Area","Witch flounder",0.492467820298108,0.442527551182846,0.0499402691152618
"PT","occurrence",70,"all_gulf","all_gulf","_1","species","Area","Yellowtail flounder",0.586206944768583,0.550874534524137,0.0353324102444458
"PT","occurrence",90,"all_gulf","all_gulf","_1","species","Area","Alewife",0.68483445969344,0.67020953663288,0.0146249230605603
"PT","occurrence",90,"all_gulf","all_gulf","_1","species","Area","Alligatorfish",0.831028809702658,0.791958213252621,0.0390705964500371
"PT","occurrence",90,"all_gulf","all_gulf","_1","species","Area","American plaice",0.596848316482665,0.576606684573811,0.0202416319088546
"PT","occurrence",90,"all_gulf","all_gulf","_1","species","Area","Arctic alligatorfish",0.912599353238537,0.88491248278472,0.0276868704538174
"PT","occurrence",90,"all_gulf","all_gulf","_1","species","Area","Arctic hookear sculpin",0.875777519670095,0.862514370683779,0.0132631489863157
"PT","occurrence",90,"all_gulf","all_gulf","_1","species","Area","Arctic staghorn sculpin",0.692174660821192,0.662153126116981,0.0300215347042105
"PT","occurrence",90,"all_gulf","all_gulf","_1","species","Area","Atlantic cod",0.567804183700691,0.55223118895063,0.0155729947500609
"PT","occurrence",90,"all_gulf","all_gulf","_1","species","Area","Atlantic herring",0.569033588420898,0.539121968431768,0.0299116199891297
"PT","occurrence",90,"all_gulf","all_gulf","_1","species","Area","Atlantic hookear sculpin",0.856191195624188,0.831729444151737,0.0244617514724514
"PT","occurrence",90,"all_gulf","all_gulf","_1","species","Area","Atlantic mackerel",0.424244248454083,0.415349569982252,0.00889467847183124
"PT","occurrence",90,"all_gulf","all_gulf","_1","species","Area","Atlantic poacher",0.741901030388753,0.713351875528087,0.0285491548606659
"PT","occurrence",90,"all_gulf","all_gulf","_1","species","Area","Atlantic spiny lumpsucker",0.424095179380926,0.41240704011647,0.0116881392644555
"PT","occurrence",90,"all_gulf","all_gulf","_1","species","Area","Capelin",0.53075508769074,0.46658284273117,0.0641722449595698
"PT","occurrence",90,"all_gulf","all_gulf","_1","species","Area","Daubed shanny",0.68824960942326,0.659136571396587,0.029113038026673
"PT","occurrence",90,"all_gulf","all_gulf","_1","species","Area","Dusky snailfish",0.700430996331207,0.681954898606868,0.0184760977243392
"PT","occurrence",90,"all_gulf","all_gulf","_1","species","Area","Fourbeard rockling",0.649025274092986,0.603931891925976,0.0450933821670099
"PT","occurrence",90,"all_gulf","all_gulf","_1","species","Area","Fourline snakeblenny",0.525973819845705,0.488162254136872,0.0378115657088324
"PT","occurrence",90,"all_gulf","all_gulf","_1","species","Area","Greenland cod",0.685497545496181,0.673006711683418,0.0124908338127627
"PT","occurrence",90,"all_gulf","all_gulf","_1","species","Area","Greenland halibut",0.632064416391918,0.612397020728061,0.0196673956638571
"PT","occurrence",90,"all_gulf","all_gulf","_1","species","Area","Laval's eelpout",0.772184922562038,0.734805959365942,0.037378963196096
"PT","occurrence",90,"all_gulf","all_gulf","_1","species","Area","Longhorn sculpin",0.652251146058574,0.636403911192946,0.0158472348656282
"PT","occurrence",90,"all_gulf","all_gulf","_1","species","Area","Marlin-spike grenadier",0.633344846938372,0.612005645867922,0.0213392010704498
"PT","occurrence",90,"all_gulf","all_gulf","_1","species","Area","Moustache sculpin",0.800000620044725,0.785478179766879,0.014522440277846
"PT","occurrence",90,"all_gulf","all_gulf","_1","species","Area","Northern sand lance",0.41187829967129,0.402902961093819,0.00897533857747108
"PT","occurrence",90,"all_gulf","all_gulf","_1","species","Area","Rainbow smelt",0.693854094572877,0.667338967754379,0.0265151268184975
"PT","occurrence",90,"all_gulf","all_gulf","_1","species","Area","Redfish unidentified",0.602264256755421,0.586873628242898,0.0153906285125224
"PT","occurrence",90,"all_gulf","all_gulf","_1","species","Area","Sea raven",0.575289815754429,0.561594892221985,0.0136949235324433
"PT","occurrence",90,"all_gulf","all_gulf","_1","species","Area","Shorthorn sculpin",0.505732119693447,0.492879200959322,0.0128529187341256
"PT","occurrence",90,"all_gulf","all_gulf","_1","species","Area","Smooth skate",0.705957291491472,0.692723961471313,0.0132333300201584
"PT","occurrence",90,"all_gulf","all_gulf","_1","species","Area","Snakeblenny",0.528801236106719,0.5031634731048,0.0256377630019182
"PT","occurrence",90,"all_gulf","all_gulf","_1","species","Area","Spatulate sculpin",0.880800608194546,0.868228965537666,0.0125716426568802
"PT","occurrence",90,"all_gulf","all_gulf","_1","species","Area","Stout eelblenny",0.624047419347242,0.606749742875237,0.0172976764720055
"PT","occurrence",90,"all_gulf","all_gulf","_1","species","Area","Thorny skate",0.613930395793242,0.589108385743997,0.024822010049245
"PT","occurrence",90,"all_gulf","all_gulf","_1","species","Area","Three-spined stickleback",0.435273939117963,0.424868808184197,0.010405130933766
"PT","occurrence",90,"all_gulf","all_gulf","_1","species","Area","Vahl's eelpout",0.696220949734832,0.614164399863318,0.0820565498715134
"PT","occurrence",90,"all_gulf","all_gulf","_1","species","Area","White hake",0.464279340901568,0.450032947366606,0.0142463935349621
"PT","occurrence",90,"all_gulf","all_gulf","_1","species","Area","Windowpane flounder",0.6582779478649,0.648842235642776,0.00943571222212347
"PT","occurrence",90,"all_gulf","all_gulf","_1","species","Area","Winter flounder",0.416191479164037,0.391542703104876,0.0246487760591613
"PT","occurrence",90,"all_gulf","all_gulf","_1","species","Area","Witch flounder",0.497850497194892,0.452233169111331,0.0456173280835612
"PT","occurrence",90,"all_gulf","all_gulf","_1","species","Area","Yellowtail flounder",0.591643987786967,0.557519669215774,0.0341243185711932
"PT","occurrence",110,"all_gulf","all_gulf","_1","species","Area","Alewife",0.68119160607291,0.666192857281345,0.0149987487915657
"PT","occurrence",110,"all_gulf","all_gulf","_1","species","Area","Alligatorfish",0.836412346310676,0.797165600221593,0.0392467460890828
"PT","occurrence",110,"all_gulf","all_gulf","_1","species","Area","American plaice",0.592283130670784,0.571950781859279,0.0203323488115056
"PT","occurrence",110,"all_gulf","all_gulf","_1","species","Area","Arctic alligatorfish",0.911683487752122,0.88201090448843,0.0296725832636921
"PT","occurrence",110,"all_gulf","all_gulf","_1","species","Area","Arctic hookear sculpin",0.879845382686697,0.86678133957694,0.0130640431097569
"PT","occurrence",110,"all_gulf","all_gulf","_1","species","Area","Arctic staghorn sculpin",0.685490544277037,0.651825139478951,0.0336654047980858
"PT","occurrence",110,"all_gulf","all_gulf","_1","species","Area","Atlantic cod",0.565653086865633,0.550140471563106,0.0155126153025264
"PT","occurrence",110,"all_gulf","all_gulf","_1","species","Area","Atlantic herring",0.569657628434172,0.535228068223313,0.0344295602108591
"PT","occurrence",110,"all_gulf","all_gulf","_1","species","Area","Atlantic hookear sculpin",0.8537941153312,0.829538589210288,0.0242555261209113
"PT","occurrence",110,"all_gulf","all_gulf","_1","species","Area","Atlantic mackerel",0.424878476814691,0.41506782443706,0.00981065237763076
"PT","occurrence",110,"all_gulf","all_gulf","_1","species","Area","Atlantic poacher",0.740845120955925,0.714150060330185,0.0266950606257405
"PT","occurrence",110,"all_gulf","all_gulf","_1","species","Area","Atlantic spiny lumpsucker",0.431054970923044,0.419382741447611,0.0116722294754331
"PT","occurrence",110,"all_gulf","all_gulf","_1","species","Area","Capelin",0.526608296548555,0.454522376523237,0.0720859200253181
"PT","occurrence",110,"all_gulf","all_gulf","_1","species","Area","Daubed shanny",0.684155508021672,0.652152680946475,0.0320028270751976
"PT","occurrence",110,"all_gulf","all_gulf","_1","species","Area","Dusky snailfish",0.693900328771533,0.675963930482079,0.0179363982894537
"PT","occurrence",110,"all_gulf","all_gulf","_1","species","Area","Fourbeard rockling",0.647973921402469,0.599938862211812,0.0480350591906576
"PT","occurrence",110,"all_gulf","all_gulf","_1","species","Area","Fourline snakeblenny",0.533653266124309,0.497218054499682,0.0364352116246275
"PT","occurrence",110,"all_gulf","all_gulf","_1","species","Area","Greenland cod",0.684906145418711,0.670990285150038,0.0139158602686733
"PT","occurrence",110,"all_gulf","all_gulf","_1","species","Area","Greenland halibut",0.627844661566575,0.607561205588081,0.0202834559784935
"PT","occurrence",110,"all_gulf","all_gulf","_1","species","Area","Laval's eelpout",0.774081207908567,0.736846122331946,0.0372350855766214
"PT","occurrence",110,"all_gulf","all_gulf","_1","species","Area","Longhorn sculpin",0.62558604779566,0.608075184703334,0.0175108630923262
"PT","occurrence",110,"all_gulf","all_gulf","_1","species","Area","Marlin-spike grenadier",0.626714598447871,0.602525122267476,0.0241894761803955
"PT","occurrence",110,"all_gulf","all_gulf","_1","species","Area","Moustache sculpin",0.800028520820152,0.786149156272315,0.0138793645478372
"PT","occurrence",110,"all_gulf","all_gulf","_1","species","Area","Northern sand lance",0.398276945115289,0.388299641170444,0.0099773039448448
"PT","occurrence",110,"all_gulf","all_gulf","_1","species","Area","Rainbow smelt",0.691217926633454,0.665234707557164,0.0259832190762907
"PT","occurrence",110,"all_gulf","all_gulf","_1","species","Area","Redfish unidentified",0.602519916239269,0.586661940785791,0.0158579754534785
"PT","occurrence",110,"all_gulf","all_gulf","_1","species","Area","Sea raven",0.585845706285299,0.575052068036816,0.0107936382484828
"PT","occurrence",110,"all_gulf","all_gulf","_1","species","Area","Shorthorn sculpin",0.462627919285655,0.449702011067718,0.0129259082179371
"PT","occurrence",110,"all_gulf","all_gulf","_1","species","Area","Smooth skate",0.710267162737241,0.697276007063995,0.0129911556732456
"PT","occurrence",110,"all_gulf","all_gulf","_1","species","Area","Snakeblenny",0.535398744503358,0.502931258341866,0.032467486161492
"PT","occurrence",110,"all_gulf","all_gulf","_1","species","Area","Spatulate sculpin",0.881125225486491,0.869120173219791,0.0120050522667008
"PT","occurrence",110,"all_gulf","all_gulf","_1","species","Area","Stout eelblenny",0.63027074979873,0.612967018332014,0.0173037314667165
"PT","occurrence",110,"all_gulf","all_gulf","_1","species","Area","Thorny skate",0.609669235272846,0.584453774929723,0.0252154603431232
"PT","occurrence",110,"all_gulf","all_gulf","_1","species","Area","Three-spined stickleback",0.435054347407557,0.423012704573433,0.0120416428341247
"PT","occurrence",110,"all_gulf","all_gulf","_1","species","Area","Vahl's eelpout",0.735798040037297,0.664357804610083,0.0714402354272143
"PT","occurrence",110,"all_gulf","all_gulf","_1","species","Area","White hake",0.454100160812159,0.438875661017582,0.0152244997945771
"PT","occurrence",110,"all_gulf","all_gulf","_1","species","Area","Windowpane flounder",0.631075151708459,0.620905592097993,0.0101695596104653
"PT","occurrence",110,"all_gulf","all_gulf","_1","species","Area","Winter flounder",0.415103722360372,0.391066726570005,0.0240369957903666
"PT","occurrence",110,"all_gulf","all_gulf","_1","species","Area","Witch flounder",0.492739276408672,0.444534259761658,0.0482050166470135
"PT","occurrence",110,"all_gulf","all_gulf","_1","species","Area","Yellowtail flounder",0.583098436677825,0.548454669027942,0.034643767649883
"PT","occurrence",130,"all_gulf","all_gulf","_1","species","Area","Alewife",0.680706708536587,0.666001110169569,0.0147055983670184
"PT","occurrence",130,"all_gulf","all_gulf","_1","species","Area","Alligatorfish",0.83089643572123,0.787589542817849,0.0433068929033804
"PT","occurrence",130,"all_gulf","all_gulf","_1","species","Area","American plaice",0.592256952879044,0.572581428540594,0.01967552433845
"PT","occurrence",130,"all_gulf","all_gulf","_1","species","Area","Arctic alligatorfish",0.916891456974535,0.890850335546387,0.0260411214281482
"PT","occurrence",130,"all_gulf","all_gulf","_1","species","Area","Arctic hookear sculpin",0.878878240055186,0.86600750199768,0.0128707380575062
"PT","occurrence",130,"all_gulf","all_gulf","_1","species","Area","Arctic staghorn sculpin",0.690841916372505,0.65980175083157,0.0310401655409353
"PT","occurrence",130,"all_gulf","all_gulf","_1","species","Area","Atlantic cod",0.551998603969971,0.536441740681535,0.0155568632884354
"PT","occurrence",130,"all_gulf","all_gulf","_1","species","Area","Atlantic herring",0.562970992021555,0.532877521884118,0.0300934701374366
"PT","occurrence",130,"all_gulf","all_gulf","_1","species","Area","Atlantic hookear sculpin",0.851638613987347,0.826909172938784,0.0247294410485629
"PT","occurrence",130,"all_gulf","all_gulf","_1","species","Area","Atlantic mackerel",0.434228493246541,0.426605195531063,0.00762329771547839
"PT","occurrence",130,"all_gulf","all_gulf","_1","species","Area","Atlantic poacher",0.741758900354463,0.714964102781034,0.0267947975734291
"PT","occurrence",130,"all_gulf","all_gulf","_1","species","Area","Atlantic spiny lumpsucker",0.439045358781094,0.428566584592422,0.0104787741886712
"PT","occurrence",130,"all_gulf","all_gulf","_1","species","Area","Capelin",0.53619148671284,0.473028888083919,0.0631625986289214
"PT","occurrence",130,"all_gulf","all_gulf","_1","species","Area","Daubed shanny",0.687508657343454,0.65760205714216,0.0299066002012942
"PT","occurrence",130,"all_gulf","all_gulf","_1","species","Area","Dusky snailfish",0.694418415460246,0.676821674724608,0.0175967407356378
"PT","occurrence",130,"all_gulf","all_gulf","_1","species","Area","Fourbeard rockling",0.645865261831487,0.597358226142393,0.0485070356890938
"PT","occurrence",130,"all_gulf","all_gulf","_1","species","Area","Fourline snakeblenny",0.530393896025625,0.496717956180283,0.0336759398453423
"PT","occurrence",130,"all_gulf","all_gulf","_1","species","Area","Greenland cod",0.682671341450081,0.669165752947062,0.0135055885030188
"PT","occurrence",130,"all_gulf","all_gulf","_1","species","Area","Greenland halibut",0.624249214940048,0.606737505340361,0.0175117095996868
"PT","occurrence",130,"all_gulf","all_gulf","_1","species","Area","Laval's eelpout",0.774138918690995,0.737813443853118,0.0363254748378764
"PT","occurrence",130,"all_gulf","all_gulf","_1","species","Area","Longhorn sculpin",0.610861628700396,0.592414671920714,0.018446956779682
"PT","occurrence",130,"all_gulf","all_gulf","_1","species","Area","Marlin-spike grenadier",0.630457347142346,0.607513343615602,0.0229440035267438
"PT","occurrence",130,"all_gulf","all_gulf","_1","species","Area","Moustache sculpin",0.795934963819618,0.7817481784434,0.0141867853762174
"PT","occurrence",130,"all_gulf","all_gulf","_1","species","Area","Northern sand lance",0.417484328546986,0.409923223801234,0.00756110474575162
"PT","occurrence",130,"all_gulf","all_gulf","_1","species","Area","Rainbow smelt",0.690635004349481,0.664832899993497,0.0258021043559847
"PT","occurrence",130,"all_gulf","all_gulf","_1","species","Area","Redfish unidentified",0.603286953817116,0.588823155531632,0.0144637982854839
"PT","occurrence",130,"all_gulf","all_gulf","_1","species","Area","Sea raven",0.594071520208009,0.583824119093775,0.0102474011142343
"PT","occurrence",130,"all_gulf","all_gulf","_1","species","Area","Shorthorn sculpin",0.462481215800343,0.451599142800604,0.0108820729997394
"PT","occurrence",130,"all_gulf","all_gulf","_1","species","Area","Smooth skate",0.711826502599866,0.698790537426768,0.0130359651730974
"PT","occurrence",130,"all_gulf","all_gulf","_1","species","Area","Snakeblenny",0.539087101660425,0.5084430287606,0.0306440728998249
"PT","occurrence",130,"all_gulf","all_gulf","_1","species","Area","Spatulate sculpin",0.879363407133461,0.867336881977485,0.0120265251559751
"PT","occurrence",130,"all_gulf","all_gulf","_1","species","Area","Stout eelblenny",0.626721582740973,0.609829068866809,0.0168925138741637
"PT","occurrence",130,"all_gulf","all_gulf","_1","species","Area","Thorny skate",0.609842105099056,0.585257958014735,0.0245841470843214
"PT","occurrence",130,"all_gulf","all_gulf","_1","species","Area","Three-spined stickleback",0.428147041062176,0.4209001085123,0.00724693254987578
"PT","occurrence",130,"all_gulf","all_gulf","_1","species","Area","Vahl's eelpout",0.714444144315845,0.630450402885628,0.0839937414302166
"PT","occurrence",130,"all_gulf","all_gulf","_1","species","Area","White hake",0.434920261726894,0.418499568161992,0.0164206935649018
"PT","occurrence",130,"all_gulf","all_gulf","_1","species","Area","Windowpane flounder",0.646804279186433,0.638028504092656,0.00877577509377668
"PT","occurrence",130,"all_gulf","all_gulf","_1","species","Area","Winter flounder",0.394022510248113,0.369459207032073,0.0245633032160399
"PT","occurrence",130,"all_gulf","all_gulf","_1","species","Area","Witch flounder",0.493635961176541,0.445483205342989,0.0481527558335527
"PT","occurrence",130,"all_gulf","all_gulf","_1","species","Area","Yellowtail flounder",0.577406801556641,0.542386639819164,0.0350201617374776
"PT","occurrence",150,"all_gulf","all_gulf","_1","species","Area","Alewife",0.685286432958969,0.671501450109932,0.013784982849037
"PT","occurrence",150,"all_gulf","all_gulf","_1","species","Area","Alligatorfish",0.835189676604508,0.793057661827989,0.0421320147765195
"PT","occurrence",150,"all_gulf","all_gulf","_1","species","Area","American plaice",0.592647388362368,0.572487336683653,0.0201600516787147
"PT","occurrence",150,"all_gulf","all_gulf","_1","species","Area","Arctic alligatorfish",0.914323104306596,0.885226548518224,0.0290965557883727
"PT","occurrence",150,"all_gulf","all_gulf","_1","species","Area","Arctic hookear sculpin",0.8800548286862,0.866860240833371,0.013194587852829
"PT","occurrence",150,"all_gulf","all_gulf","_1","species","Area","Arctic staghorn sculpin",0.687333896410332,0.657553842191609,0.0297800542187226
"PT","occurrence",150,"all_gulf","all_gulf","_1","species","Area","Atlantic cod",0.552581014904699,0.53647519043717,0.0161058244675296
"PT","occurrence",150,"all_gulf","all_gulf","_1","species","Area","Atlantic herring",0.565908707853271,0.533857191813859,0.0320515160394118
"PT","occurrence",150,"all_gulf","all_gulf","_1","species","Area","Atlantic hookear sculpin",0.84986108297796,0.821515737485169,0.0283453454927912
"PT","occurrence",150,"all_gulf","all_gulf","_1","species","Area","Atlantic mackerel",0.423926318222434,0.414523154443723,0.00940316377871079
"PT","occurrence",150,"all_gulf","all_gulf","_1","species","Area","Atlantic poacher",0.741517760307246,0.713077777255442,0.0284399830518033
"PT","occurrence",150,"all_gulf","all_gulf","_1","species","Area","Atlantic spiny lumpsucker",0.433648492766167,0.422439453711511,0.0112090390546561
"PT","occurrence",150,"all_gulf","all_gulf","_1","species","Area","Capelin",0.524961211965112,0.458075561410529,0.0668856505545835
"PT","occurrence",150,"all_gulf","all_gulf","_1","species","Area","Daubed shanny",0.688747350529395,0.659573796483991,0.0291735540454041
"PT","occurrence",150,"all_gulf","all_gulf","_1","species","Area","Dusky snailfish",0.700280749759484,0.683545840803764,0.0167349089557207
"PT","occurrence",150,"all_gulf","all_gulf","_1","species","Area","Fourbeard rockling",0.637783135019634,0.589344853249219,0.0484382817704143
"PT","occurrence",150,"all_gulf","all_gulf","_1","species","Area","Fourline snakeblenny",0.526336128790557,0.487647198728887,0.0386889300616701
"PT","occurrence",150,"all_gulf","all_gulf","_1","species","Area","Greenland cod",0.68906815959452,0.673361416138967,0.0157067434555535
"PT","occurrence",150,"all_gulf","all_gulf","_1","species","Area","Greenland halibut",0.626977783966107,0.606032587574129,0.0209451963919781
"PT","occurrence",150,"all_gulf","all_gulf","_1","species","Area","Laval's eelpout",0.7712660815887,0.733823633197391,0.0374424483913085
"PT","occurrence",150,"all_gulf","all_gulf","_1","species","Area","Longhorn sculpin",0.611422129246322,0.593377991256946,0.0180441379893761
"PT","occurrence",150,"all_gulf","all_gulf","_1","species","Area","Marlin-spike grenadier",0.63649795124267,0.613403710458511,0.0230942407841586
"PT","occurrence",150,"all_gulf","all_gulf","_1","species","Area","Moustache sculpin",0.795755978245506,0.781491406566737,0.0142645716787694
"PT","occurrence",150,"all_gulf","all_gulf","_1","species","Area","Northern sand lance",0.409977490263951,0.400185564446109,0.00979192581784271
"PT","occurrence",150,"all_gulf","all_gulf","_1","species","Area","Rainbow smelt",0.694104467868213,0.668592698740367,0.0255117691278459
"PT","occurrence",150,"all_gulf","all_gulf","_1","species","Area","Redfish unidentified",0.613643244303718,0.597782539554051,0.0158607047496672
"PT","occurrence",150,"all_gulf","all_gulf","_1","species","Area","Sea raven",0.594328458390241,0.583537635721229,0.010790822669012
"PT","occurrence",150,"all_gulf","all_gulf","_1","species","Area","Shorthorn sculpin",0.466733141278295,0.456088463684211,0.0106446775940841
"PT","occurrence",150,"all_gulf","all_gulf","_1","species","Area","Smooth skate",0.707982332520815,0.695185229278306,0.0127971032425098
"PT","occurrence",150,"all_gulf","all_gulf","_1","species","Area","Snakeblenny",0.536249707270837,0.507379610995762,0.028870096275075
"PT","occurrence",150,"all_gulf","all_gulf","_1","species","Area","Spatulate sculpin",0.882901352791829,0.870819858360311,0.0120814944315178
"PT","occurrence",150,"all_gulf","all_gulf","_1","species","Area","Stout eelblenny",0.629586274481205,0.612198951132835,0.0173873233483703
"PT","occurrence",150,"all_gulf","all_gulf","_1","species","Area","Thorny skate",0.613363731322365,0.588271131919833,0.0250925994025318
"PT","occurrence",150,"all_gulf","all_gulf","_1","species","Area","Three-spined stickleback",0.438153912503474,0.427571066272325,0.0105828462311493
"PT","occurrence",150,"all_gulf","all_gulf","_1","species","Area","Vahl's eelpout",0.715322753404038,0.616311759627598,0.0990109937764396
"PT","occurrence",150,"all_gulf","all_gulf","_1","species","Area","White hake",0.436437677454006,0.419641900757511,0.0167957766964944
"PT","occurrence",150,"all_gulf","all_gulf","_1","species","Area","Windowpane flounder",0.648440225024357,0.638992385095146,0.00944783992921121
"PT","occurrence",150,"all_gulf","all_gulf","_1","species","Area","Winter flounder",0.394015423154502,0.370366568904015,0.0236488542504874
"PT","occurrence",150,"all_gulf","all_gulf","_1","species","Area","Witch flounder",0.487984393568643,0.440292449849207,0.0476919437194367
"PT","occurrence",150,"all_gulf","all_gulf","_1","species","Area","Yellowtail flounder",0.578271710774173,0.542883662649708,0.0353880481244658
"PT","occurrence",170,"all_gulf","all_gulf","_1","species","Area","Alewife",0.684612643285243,0.671171195185181,0.0134414481000622
"PT","occurrence",170,"all_gulf","all_gulf","_1","species","Area","Alligatorfish",0.834041742002439,0.78980931793086,0.0442324240715787
"PT","occurrence",170,"all_gulf","all_gulf","_1","species","Area","American plaice",0.58068841559889,0.560048858289397,0.0206395573094931
"PT","occurrence",170,"all_gulf","all_gulf","_1","species","Area","Arctic alligatorfish",0.908222616545989,0.877484919669705,0.0307376968762844
"PT","occurrence",170,"all_gulf","all_gulf","_1","species","Area","Arctic hookear sculpin",0.871262926320474,0.857821124602499,0.0134418017179749
"PT","occurrence",170,"all_gulf","all_gulf","_1","species","Area","Arctic staghorn sculpin",0.673629513795746,0.6432854432775,0.030344070518246
"PT","occurrence",170,"all_gulf","all_gulf","_1","species","Area","Atlantic cod",0.540161532296504,0.524244472721141,0.0159170595753632
"PT","occurrence",170,"all_gulf","all_gulf","_1","species","Area","Atlantic herring",0.570060983573563,0.542188972476994,0.0278720110965682
"PT","occurrence",170,"all_gulf","all_gulf","_1","species","Area","Atlantic hookear sculpin",0.85088677240272,0.826913554147349,0.0239732182553702
"PT","occurrence",170,"all_gulf","all_gulf","_1","species","Area","Atlantic mackerel",0.427336539981484,0.418142940757025,0.00919359922445865
"PT","occurrence",170,"all_gulf","all_gulf","_1","species","Area","Atlantic poacher",0.743693014170898,0.716967765168688,0.02672524900221
"PT","occurrence",170,"all_gulf","all_gulf","_1","species","Area","Atlantic spiny lumpsucker",0.430810445462717,0.420381072337979,0.0104293731247386
"PT","occurrence",170,"all_gulf","all_gulf","_1","species","Area","Capelin",0.539079795824024,0.476451638956383,0.0626281568676409
"PT","occurrence",170,"all_gulf","all_gulf","_1","species","Area","Daubed shanny",0.681794579759067,0.652357403840423,0.0294371759186444
"PT","occurrence",170,"all_gulf","all_gulf","_1","species","Area","Dusky snailfish",0.698256471270804,0.681847253193527,0.0164092180772772
"PT","occurrence",170,"all_gulf","all_gulf","_1","species","Area","Fourbeard rockling",0.644486120466054,0.594613410693799,0.049872709772255
"PT","occurrence",170,"all_gulf","all_gulf","_1","species","Area","Fourline snakeblenny",0.523903394494171,0.485762310912786,0.0381410835813855
"PT","occurrence",170,"all_gulf","all_gulf","_1","species","Area","Greenland cod",0.673183160850055,0.656504698200803,0.016678462649252
"PT","occurrence",170,"all_gulf","all_gulf","_1","species","Area","Greenland halibut",0.630781711337787,0.615178723851509,0.0156029874862777
"PT","occurrence",170,"all_gulf","all_gulf","_1","species","Area","Laval's eelpout",0.762107998687831,0.723443259243763,0.0386647394440682
"PT","occurrence",170,"all_gulf","all_gulf","_1","species","Area","Longhorn sculpin",0.54846175195084,0.527081581258837,0.0213801706920022
"PT","occurrence",170,"all_gulf","all_gulf","_1","species","Area","Marlin-spike grenadier",0.627607293530152,0.604725218746057,0.0228820747840948
"PT","occurrence",170,"all_gulf","all_gulf","_1","species","Area","Moustache sculpin",0.796243058136554,0.782211507629809,0.0140315505067451
"PT","occurrence",170,"all_gulf","all_gulf","_1","species","Area","Northern sand lance",0.401351499912957,0.390202687480801,0.011148812432156
"PT","occurrence",170,"all_gulf","all_gulf","_1","species","Area","Rainbow smelt",0.690047768019731,0.664880447952165,0.0251673200675657
"PT","occurrence",170,"all_gulf","all_gulf","_1","species","Area","Redfish unidentified",0.609682614362857,0.593968311195389,0.0157143031674673
"PT","occurrence",170,"all_gulf","all_gulf","_1","species","Area","Sea raven",0.337619463320516,0.320179616159658,0.0174398471608583
"PT","occurrence",170,"all_gulf","all_gulf","_1","species","Area","Shorthorn sculpin",0.412545682834278,0.400697746034952,0.0118479367993261
"PT","occurrence",170,"all_gulf","all_gulf","_1","species","Area","Smooth skate",0.697258503938862,0.683984588620427,0.0132739153184349
"PT","occurrence",170,"all_gulf","all_gulf","_1","species","Area","Snakeblenny",0.536480724243365,0.506142918260127,0.030337805983238
"PT","occurrence",170,"all_gulf","all_gulf","_1","species","Area","Spatulate sculpin",0.876601483299916,0.86568210671266,0.0109193765872559
"PT","occurrence",170,"all_gulf","all_gulf","_1","species","Area","Stout eelblenny",0.628254707490731,0.61163487156737,0.0166198359233616
"PT","occurrence",170,"all_gulf","all_gulf","_1","species","Area","Thorny skate",0.596920973690456,0.570521111155784,0.0263998625346722
"PT","occurrence",170,"all_gulf","all_gulf","_1","species","Area","Three-spined stickleback",0.425977909628822,0.416649594392083,0.00932831523673877
"PT","occurrence",170,"all_gulf","all_gulf","_1","species","Area","Vahl's eelpout",0.717735848982524,0.642383029945651,0.0753528190368733
"PT","occurrence",170,"all_gulf","all_gulf","_1","species","Area","White hake",0.433013533756831,0.415536887096334,0.0174766466604965
"PT","occurrence",170,"all_gulf","all_gulf","_1","species","Area","Windowpane flounder",0.63902583167454,0.62931526834693,0.00971056332760999
"PT","occurrence",170,"all_gulf","all_gulf","_1","species","Area","Winter flounder",0.390674783583867,0.365417368965271,0.0252574146185956
"PT","occurrence",170,"all_gulf","all_gulf","_1","species","Area","Witch flounder",0.489188856789438,0.439183778722967,0.0500050780664711
"PT","occurrence",170,"all_gulf","all_gulf","_1","species","Area","Yellowtail flounder",0.558992906823725,0.519072962754177,0.0399199440695484
"PT","occurrence",190,"all_gulf","all_gulf","_1","species","Area","Alewife",0.683484439651099,0.669474968347489,0.01400947130361
"PT","occurrence",190,"all_gulf","all_gulf","_1","species","Area","Alligatorfish",0.834381342149315,0.792197995198454,0.0421833469508604
"PT","occurrence",190,"all_gulf","all_gulf","_1","species","Area","American plaice",0.57991325926515,0.559310984316131,0.0206022749490189
"PT","occurrence",190,"all_gulf","all_gulf","_1","species","Area","Arctic alligatorfish",0.912438221802046,0.883957116125942,0.0284811056761039
"PT","occurrence",190,"all_gulf","all_gulf","_1","species","Area","Arctic hookear sculpin",0.872656815510906,0.859610220287896,0.0130465952230093
"PT","occurrence",190,"all_gulf","all_gulf","_1","species","Area","Arctic staghorn sculpin",0.686380453586604,0.655157734931712,0.0312227186548924
"PT","occurrence",190,"all_gulf","all_gulf","_1","species","Area","Atlantic cod",0.522801827813195,0.505296350301495,0.0175054775117001
"PT","occurrence",190,"all_gulf","all_gulf","_1","species","Area","Atlantic herring",0.566030601531276,0.538485208440712,0.027545393090564
"PT","occurrence",190,"all_gulf","all_gulf","_1","species","Area","Atlantic hookear sculpin",0.849286999391216,0.824767089648434,0.0245199097427819
"PT","occurrence",190,"all_gulf","all_gulf","_1","species","Area","Atlantic mackerel",0.425947600483161,0.417127114016615,0.00882048646654618
"PT","occurrence",190,"all_gulf","all_gulf","_1","species","Area","Atlantic poacher",0.739957035662318,0.713570758314733,0.0263862773475846
"PT","occurrence",190,"all_gulf","all_gulf","_1","species","Area","Atlantic spiny lumpsucker",0.43565209305652,0.423609118692727,0.0120429743637933
"PT","occurrence",190,"all_gulf","all_gulf","_1","species","Area","Capelin",0.53297677677155,0.470464063376934,0.0625127133946162
"PT","occurrence",190,"all_gulf","all_gulf","_1","species","Area","Daubed shanny",0.685942691625756,0.65687814052491,0.0290645511008457
"PT","occurrence",190,"all_gulf","all_gulf","_1","species","Area","Dusky snailfish",0.685569879192788,0.668131557350053,0.0174383218427355
"PT","occurrence",190,"all_gulf","all_gulf","_1","species","Area","Fourbeard rockling",0.643260287400665,0.594483856907849,0.0487764304928161
"PT","occurrence",190,"all_gulf","all_gulf","_1","species","Area","Fourline snakeblenny",0.529273997380524,0.495210354759159,0.0340636426213656
"PT","occurrence",190,"all_gulf","all_gulf","_1","species","Area","Greenland cod",0.683481000754471,0.67221168458219,0.0112693161722815
"PT","occurrence",190,"all_gulf","all_gulf","_1","species","Area","Greenland halibut",0.631871438118836,0.615093856309683,0.0167775818091536
"PT","occurrence",190,"all_gulf","all_gulf","_1","species","Area","Laval's eelpout",0.753491696276567,0.715017727441075,0.0384739688354923
"PT","occurrence",190,"all_gulf","all_gulf","_1","species","Area","Longhorn sculpin",0.524495781123939,0.502641168770361,0.0218546123535783
"PT","occurrence",190,"all_gulf","all_gulf","_1","species","Area","Marlin-spike grenadier",0.636531069606409,0.616183058475922,0.0203480111304867
"PT","occurrence",190,"all_gulf","all_gulf","_1","species","Area","Moustache sculpin",0.790896937467781,0.775954870417643,0.0149420670501386
"PT","occurrence",190,"all_gulf","all_gulf","_1","species","Area","Northern sand lance",0.410445390007513,0.400313722169711,0.0101316678378024
"PT","occurrence",190,"all_gulf","all_gulf","_1","species","Area","Rainbow smelt",0.684093327968192,0.65913201539826,0.0249613125699318
"PT","occurrence",190,"all_gulf","all_gulf","_1","species","Area","Redfish unidentified",0.6098877324179,0.595567259015959,0.0143204734019416
"PT","occurrence",190,"all_gulf","all_gulf","_1","species","Area","Sea raven",0.284951688299267,0.266586817276744,0.0183648710225225
"PT","occurrence",190,"all_gulf","all_gulf","_1","species","Area","Shorthorn sculpin",0.408527702790646,0.396609447709215,0.011918255081431
"PT","occurrence",190,"all_gulf","all_gulf","_1","species","Area","Smooth skate",0.696528110817567,0.683074404405441,0.0134537064121267
"PT","occurrence",190,"all_gulf","all_gulf","_1","species","Area","Snakeblenny",0.535547970251932,0.506269978733136,0.0292779915187965
"PT","occurrence",190,"all_gulf","all_gulf","_1","species","Area","Spatulate sculpin",0.875269754165471,0.862959864817393,0.0123098893480781
"PT","occurrence",190,"all_gulf","all_gulf","_1","species","Area","Stout eelblenny",0.62725991777631,0.610616499306839,0.0166434184694717
"PT","occurrence",190,"all_gulf","all_gulf","_1","species","Area","Thorny skate",0.592305136401095,0.565932771934332,0.0263723644667624
"PT","occurrence",190,"all_gulf","all_gulf","_1","species","Area","Three-spined stickleback",0.431314003652509,0.422074097883227,0.00923990576928142
"PT","occurrence",190,"all_gulf","all_gulf","_1","species","Area","Vahl's eelpout",0.731909810289369,0.653507186955828,0.0784026233335411
"PT","occurrence",190,"all_gulf","all_gulf","_1","species","Area","White hake",0.430870449422642,0.414172842937495,0.0166976064851469
"PT","occurrence",190,"all_gulf","all_gulf","_1","species","Area","Windowpane flounder",0.639250456376904,0.629212547770895,0.010037908606009
"PT","occurrence",190,"all_gulf","all_gulf","_1","species","Area","Winter flounder",0.373750477377497,0.349877369463881,0.0238731079136155
"PT","occurrence",190,"all_gulf","all_gulf","_1","species","Area","Witch flounder",0.489467776414743,0.44057625775201,0.0488915186627325
"PT","occurrence",190,"all_gulf","all_gulf","_1","species","Area","Yellowtail flounder",0.564870864727531,0.526618881964237,0.0382519827632945
"PT","occurrence",210,"all_gulf","all_gulf","_1","species","Area","Alewife",0.680940113717598,0.666351430180188,0.0145886835374102
"PT","occurrence",210,"all_gulf","all_gulf","_1","species","Area","Alligatorfish",0.830187159924955,0.787982852862172,0.0422043070627826
"PT","occurrence",210,"all_gulf","all_gulf","_1","species","Area","American plaice",0.574086032398432,0.553387485455265,0.0206985469431671
"PT","occurrence",210,"all_gulf","all_gulf","_1","species","Area","Arctic alligatorfish",0.912842451891025,0.882448823812099,0.0303936280789255
"PT","occurrence",210,"all_gulf","all_gulf","_1","species","Area","Arctic hookear sculpin",0.869224389236228,0.856680233243376,0.0125441559928518
"PT","occurrence",210,"all_gulf","all_gulf","_1","species","Area","Arctic staghorn sculpin",0.684350252609347,0.653515329229073,0.0308349233802734
"PT","occurrence",210,"all_gulf","all_gulf","_1","species","Area","Atlantic cod",0.524347766995558,0.507840128600907,0.0165076383946505
"PT","occurrence",210,"all_gulf","all_gulf","_1","species","Area","Atlantic herring",0.565516816256078,0.536327914314876,0.0291889019412024
"PT","occurrence",210,"all_gulf","all_gulf","_1","species","Area","Atlantic hookear sculpin",0.848331318994534,0.822624735529427,0.0257065834651066
"PT","occurrence",210,"all_gulf","all_gulf","_1","species","Area","Atlantic mackerel",0.432437210818859,0.423980993318566,0.00845621750029321
"PT","occurrence",210,"all_gulf","all_gulf","_1","species","Area","Atlantic poacher",0.738213513432622,0.711411218727462,0.0268022947051603
"PT","occurrence",210,"all_gulf","all_gulf","_1","species","Area","Atlantic spiny lumpsucker",0.433737662161198,0.422161636213753,0.0115760259474456
"PT","occurrence",210,"all_gulf","all_gulf","_1","species","Area","Capelin",0.531133991284077,0.467161593468036,0.0639723978160409
"PT","occurrence",210,"all_gulf","all_gulf","_1","species","Area","Daubed shanny",0.680224332276334,0.651627555672894,0.0285967766034398
"PT","occurrence",210,"all_gulf","all_gulf","_1","species","Area","Dusky snailfish",0.686504469325191,0.669765429971276,0.0167390393539151
"PT","occurrence",210,"all_gulf","all_gulf","_1","species","Area","Fourbeard rockling",0.6528497780091,0.604951015388664,0.0478987626204362
"PT","occurrence",210,"all_gulf","all_gulf","_1","species","Area","Fourline snakeblenny",0.517709141951576,0.483734001541016,0.0339751404105605
"PT","occurrence",210,"all_gulf","all_gulf","_1","species","Area","Greenland cod",0.695066293544994,0.683983298380478,0.0110829951645157
"PT","occurrence",210,"all_gulf","all_gulf","_1","species","Area","Greenland halibut",0.632361489765215,0.614948711743111,0.0174127780221037
"PT","occurrence",210,"all_gulf","all_gulf","_1","species","Area","Laval's eelpout",0.740891500048254,0.69956235352922,0.041329146519034
"PT","occurrence",210,"all_gulf","all_gulf","_1","species","Area","Longhorn sculpin",0.529078966807795,0.507007524503259,0.0220714423045361
"PT","occurrence",210,"all_gulf","all_gulf","_1","species","Area","Marlin-spike grenadier",0.618660960220959,0.597178343214687,0.0214826170062724
"PT","occurrence",210,"all_gulf","all_gulf","_1","species","Area","Moustache sculpin",0.788892476402109,0.774113236495221,0.0147792399068877
"PT","occurrence",210,"all_gulf","all_gulf","_1","species","Area","Northern sand lance",0.419768411685629,0.410607718549922,0.00916069313570744
"PT","occurrence",210,"all_gulf","all_gulf","_1","species","Area","Rainbow smelt",0.690264593548369,0.663750645090542,0.0265139484578271
"PT","occurrence",210,"all_gulf","all_gulf","_1","species","Area","Redfish unidentified",0.602754599900964,0.588298874554699,0.0144557253462652
"PT","occurrence",210,"all_gulf","all_gulf","_1","species","Area","Sea raven",0.272140214482881,0.253425241137444,0.0187149733454367
"PT","occurrence",210,"all_gulf","all_gulf","_1","species","Area","Shorthorn sculpin",0.406020188272295,0.394332291702791,0.011687896569504
"PT","occurrence",210,"all_gulf","all_gulf","_1","species","Area","Smooth skate",0.694295660145253,0.681035376030418,0.0132602841148351
"PT","occurrence",210,"all_gulf","all_gulf","_1","species","Area","Snakeblenny",0.489670943205398,0.455932033443194,0.0337389097622036
"PT","occurrence",210,"all_gulf","all_gulf","_1","species","Area","Spatulate sculpin",0.873419943823722,0.86069706489071,0.0127228789330115
"PT","occurrence",210,"all_gulf","all_gulf","_1","species","Area","Stout eelblenny",0.613717623775482,0.595849886553929,0.0178677372215532
"PT","occurrence",210,"all_gulf","all_gulf","_1","species","Area","Thorny skate",0.592610140233808,0.565875796478807,0.026734343755001
"PT","occurrence",210,"all_gulf","all_gulf","_1","species","Area","Three-spined stickleback",0.418250354412773,0.409567670338279,0.00868268407449384
"PT","occurrence",210,"all_gulf","all_gulf","_1","species","Area","Vahl's eelpout",0.690775045865904,0.596111277300888,0.0946637685650159
"PT","occurrence",210,"all_gulf","all_gulf","_1","species","Area","White hake",0.425453761795969,0.410100850729785,0.0153529110661834
"PT","occurrence",210,"all_gulf","all_gulf","_1","species","Area","Windowpane flounder",0.649934845127637,0.640602130103089,0.00933271502454832
"PT","occurrence",210,"all_gulf","all_gulf","_1","species","Area","Winter flounder",0.3230251372246,0.295541617659544,0.0274835195650562
"PT","occurrence",210,"all_gulf","all_gulf","_1","species","Area","Witch flounder",0.481436182561265,0.432716033124687,0.0487201494365783
"PT","occurrence",210,"all_gulf","all_gulf","_1","species","Area","Yellowtail flounder",0.552734191936698,0.511976304014161,0.040757887922537
"PT","occurrence",230,"all_gulf","all_gulf","_1","species","Area","Alewife",0.660160955639724,0.648708558496664,0.0114523971430597
"PT","occurrence",230,"all_gulf","all_gulf","_1","species","Area","Alligatorfish",0.802284804266894,0.749226240953386,0.0530585633135078
"PT","occurrence",230,"all_gulf","all_gulf","_1","species","Area","American plaice",0.55594404443849,0.533578991509446,0.0223650529290434
"PT","occurrence",230,"all_gulf","all_gulf","_1","species","Area","Arctic alligatorfish",0.897541174240065,0.860099311522649,0.0374418627174161
"PT","occurrence",230,"all_gulf","all_gulf","_1","species","Area","Arctic hookear sculpin",0.843756158519729,0.825998598134779,0.0177575603849497
"PT","occurrence",230,"all_gulf","all_gulf","_1","species","Area","Arctic staghorn sculpin",0.675992623064344,0.643860074218893,0.0321325488454509
"PT","occurrence",230,"all_gulf","all_gulf","_1","species","Area","Atlantic cod",0.491395036823639,0.473309776154995,0.018085260668644
"PT","occurrence",230,"all_gulf","all_gulf","_1","species","Area","Atlantic herring",0.527390993897118,0.515073321144661,0.0123176727524564
"PT","occurrence",230,"all_gulf","all_gulf","_1","species","Area","Atlantic hookear sculpin",0.843716853842882,0.814337361467952,0.0293794923749304
"PT","occurrence",230,"all_gulf","all_gulf","_1","species","Area","Atlantic mackerel",0.422058878405123,0.419171878672987,0.00288699973213539
"PT","occurrence",230,"all_gulf","all_gulf","_1","species","Area","Atlantic poacher",0.704609566720521,0.678025298862668,0.0265842678578528
"PT","occurrence",230,"all_gulf","all_gulf","_1","species","Area","Atlantic spiny lumpsucker",0.426745208649477,0.415846571361027,0.0108986372884506
"PT","occurrence",230,"all_gulf","all_gulf","_1","species","Area","Capelin",0.441393768465047,0.392872577790824,0.0485211906742229
"PT","occurrence",230,"all_gulf","all_gulf","_1","species","Area","Daubed shanny",0.660229971206412,0.62502274103192,0.0352072301744913
"PT","occurrence",230,"all_gulf","all_gulf","_1","species","Area","Dusky snailfish",0.648563574685325,0.629531333343025,0.0190322413422998
"PT","occurrence",230,"all_gulf","all_gulf","_1","species","Area","Fourbeard rockling",0.624637637880529,0.568638419748971,0.0559992181315577
"PT","occurrence",230,"all_gulf","all_gulf","_1","species","Area","Fourline snakeblenny",0.516922348141767,0.480175698845897,0.0367466492958697
"PT","occurrence",230,"all_gulf","all_gulf","_1","species","Area","Greenland cod",0.692797783341285,0.682433214953256,0.0103645683880292
"PT","occurrence",230,"all_gulf","all_gulf","_1","species","Area","Greenland halibut",0.588077009998078,0.573300115141434,0.0147768948566438
"PT","occurrence",230,"all_gulf","all_gulf","_1","species","Area","Laval's eelpout",0.75060042699745,0.70984215395908,0.0407582730383699
"PT","occurrence",230,"all_gulf","all_gulf","_1","species","Area","Longhorn sculpin",0.520728434088699,0.497338010025513,0.0233904240631864
"PT","occurrence",230,"all_gulf","all_gulf","_1","species","Area","Marlin-spike grenadier",0.599737663807092,0.573788320585109,0.0259493432219833
"PT","occurrence",230,"all_gulf","all_gulf","_1","species","Area","Moustache sculpin",0.776667262924975,0.761384539781372,0.015282723143603
"PT","occurrence",230,"all_gulf","all_gulf","_1","species","Area","Northern sand lance",0.409634276106405,0.4012249088368,0.0084093672696057
"PT","occurrence",230,"all_gulf","all_gulf","_1","species","Area","Rainbow smelt",0.633048573850531,0.612713635516506,0.0203349383340256
"PT","occurrence",230,"all_gulf","all_gulf","_1","species","Area","Redfish unidentified",0.589749548267637,0.575879305237785,0.0138702430298523
"PT","occurrence",230,"all_gulf","all_gulf","_1","species","Area","Sea raven",0.273901512480173,0.257072852695295,0.0168286597848782
"PT","occurrence",230,"all_gulf","all_gulf","_1","species","Area","Shorthorn sculpin",0.378556206807771,0.367286938995819,0.0112692678119513
"PT","occurrence",230,"all_gulf","all_gulf","_1","species","Area","Smooth skate",0.677283246136579,0.662986023404464,0.0142972227321151
"PT","occurrence",230,"all_gulf","all_gulf","_1","species","Area","Snakeblenny",0.484307161354452,0.449827493302072,0.0344796680523802
"PT","occurrence",230,"all_gulf","all_gulf","_1","species","Area","Spatulate sculpin",0.866059651769169,0.853808523021281,0.0122511287478884
"PT","occurrence",230,"all_gulf","all_gulf","_1","species","Area","Stout eelblenny",0.597971323643081,0.578454331756707,0.0195169918863737
"PT","occurrence",230,"all_gulf","all_gulf","_1","species","Area","Thorny skate",0.558278596580285,0.529380914330909,0.0288976822493761
"PT","occurrence",230,"all_gulf","all_gulf","_1","species","Area","Three-spined stickleback",0.416734388315905,0.406179119131739,0.0105552691841664
"PT","occurrence",230,"all_gulf","all_gulf","_1","species","Area","Vahl's eelpout",0.666205508501504,0.573030918375693,0.0931745901258107
"PT","occurrence",230,"all_gulf","all_gulf","_1","species","Area","White hake",0.404116039433009,0.390207993847512,0.0139080455854972
"PT","occurrence",230,"all_gulf","all_gulf","_1","species","Area","Windowpane flounder",0.598675974116123,0.591700382241431,0.00697559187469229
"PT","occurrence",230,"all_gulf","all_gulf","_1","species","Area","Winter flounder",0.312580671175546,0.284578685780933,0.0280019853946126
"PT","occurrence",230,"all_gulf","all_gulf","_1","species","Area","Witch flounder",0.473212131733532,0.419030076351803,0.0541820553817289
"PT","occurrence",230,"all_gulf","all_gulf","_1","species","Area","Yellowtail flounder",0.546652326236006,0.502873108137631,0.0437792180983745
"PT","occurrence",250,"all_gulf","all_gulf","_1","species","Area","Alewife",0.661569807537143,0.65051813272733,0.0110516748098137
"PT","occurrence",250,"all_gulf","all_gulf","_1","species","Area","Alligatorfish",0.809668813773101,0.75911075369078,0.0505580600823211
"PT","occurrence",250,"all_gulf","all_gulf","_1","species","Area","American plaice",0.566593569816357,0.545328192956438,0.0212653768599191
"PT","occurrence",250,"all_gulf","all_gulf","_1","species","Area","Arctic alligatorfish",0.901778501283271,0.869796049232013,0.0319824520512578
"PT","occurrence",250,"all_gulf","all_gulf","_1","species","Area","Arctic hookear sculpin",0.84874458448683,0.83179126384942,0.0169533206374098
"PT","occurrence",250,"all_gulf","all_gulf","_1","species","Area","Arctic staghorn sculpin",0.680792734637648,0.647641794464773,0.0331509401728752
"PT","occurrence",250,"all_gulf","all_gulf","_1","species","Area","Atlantic cod",0.498617262122212,0.480265309935088,0.0183519521871241
"PT","occurrence",250,"all_gulf","all_gulf","_1","species","Area","Atlantic herring",0.527455040963654,0.51540887073626,0.0120461702273937
"PT","occurrence",250,"all_gulf","all_gulf","_1","species","Area","Atlantic hookear sculpin",0.84955177719856,0.822869681167914,0.0266820960306459
"PT","occurrence",250,"all_gulf","all_gulf","_1","species","Area","Atlantic mackerel",0.429389257734574,0.426574438668362,0.00281481906621269
"PT","occurrence",250,"all_gulf","all_gulf","_1","species","Area","Atlantic poacher",0.715252120676005,0.686036126710462,0.029215993965543
"PT","occurrence",250,"all_gulf","all_gulf","_1","species","Area","Atlantic spiny lumpsucker",0.436253816232491,0.425183143664527,0.0110706725679639
"PT","occurrence",250,"all_gulf","all_gulf","_1","species","Area","Capelin",0.447268175094953,0.402744889939842,0.0445232851551114
"PT","occurrence",250,"all_gulf","all_gulf","_1","species","Area","Daubed shanny",0.664647726288127,0.631463636591891,0.0331840896962357
"PT","occurrence",250,"all_gulf","all_gulf","_1","species","Area","Dusky snailfish",0.65614952967845,0.637294569259686,0.0188549604187634
"PT","occurrence",250,"all_gulf","all_gulf","_1","species","Area","Fourbeard rockling",0.62749995986155,0.578916085804654,0.048583874056896
"PT","occurrence",250,"all_gulf","all_gulf","_1","species","Area","Fourline snakeblenny",0.534667795509066,0.502678371932903,0.0319894235761633
"PT","occurrence",250,"all_gulf","all_gulf","_1","species","Area","Greenland cod",0.698099289960523,0.68771796058972,0.0103813293708031
"PT","occurrence",250,"all_gulf","all_gulf","_1","species","Area","Greenland halibut",0.595255543826202,0.581381995523957,0.0138735483022448
"PT","occurrence",250,"all_gulf","all_gulf","_1","species","Area","Laval's eelpout",0.756514262330663,0.71623559180438,0.0402786705262826
"PT","occurrence",250,"all_gulf","all_gulf","_1","species","Area","Longhorn sculpin",0.52358694404424,0.50136752394606,0.0222194200981804
"PT","occurrence",250,"all_gulf","all_gulf","_1","species","Area","Marlin-spike grenadier",0.597220307002346,0.573485382251234,0.0237349247511121
"PT","occurrence",250,"all_gulf","all_gulf","_1","species","Area","Moustache sculpin",0.775867633359593,0.759979657257641,0.0158879761019518
"PT","occurrence",250,"all_gulf","all_gulf","_1","species","Area","Northern sand lance",0.430153319351235,0.423109732238255,0.00704358711298004
"PT","occurrence",250,"all_gulf","all_gulf","_1","species","Area","Rainbow smelt",0.633055858135215,0.611860563545046,0.0211952945901694
"PT","occurrence",250,"all_gulf","all_gulf","_1","species","Area","Redfish unidentified",0.589393843241255,0.576719905964149,0.0126739372771061
"PT","occurrence",250,"all_gulf","all_gulf","_1","species","Area","Sea raven",0.293182763931032,0.280463900585654,0.0127188633453784
"PT","occurrence",250,"all_gulf","all_gulf","_1","species","Area","Shorthorn sculpin",0.382941259665054,0.371738005744976,0.0112032539200785
"PT","occurrence",250,"all_gulf","all_gulf","_1","species","Area","Smooth skate",0.677304171093466,0.663514046332212,0.0137901247612539
"PT","occurrence",250,"all_gulf","all_gulf","_1","species","Area","Snakeblenny",0.495812632609442,0.463349512081716,0.0324631205277262
"PT","occurrence",250,"all_gulf","all_gulf","_1","species","Area","Spatulate sculpin",0.869867960694475,0.860370931452474,0.00949702924200054
"PT","occurrence",250,"all_gulf","all_gulf","_1","species","Area","Stout eelblenny",0.598153557029096,0.580770782050237,0.0173827749788586
"PT","occurrence",250,"all_gulf","all_gulf","_1","species","Area","Thorny skate",0.569263650787652,0.541493926931844,0.0277697238558082
"PT","occurrence",250,"all_gulf","all_gulf","_1","species","Area","Three-spined stickleback",0.429499241291974,0.41925062230263,0.0102486189893443
"PT","occurrence",250,"all_gulf","all_gulf","_1","species","Area","Vahl's eelpout",0.748403344875672,0.708037767965918,0.0403655769097544
"PT","occurrence",250,"all_gulf","all_gulf","_1","species","Area","White hake",0.413676085257834,0.401493238631246,0.0121828466265884
"PT","occurrence",250,"all_gulf","all_gulf","_1","species","Area","Windowpane flounder",0.593369593141815,0.586151559167332,0.00721803397448254
"PT","occurrence",250,"all_gulf","all_gulf","_1","species","Area","Winter flounder",0.326558642611965,0.299005374804553,0.0275532678074122
"PT","occurrence",250,"all_gulf","all_gulf","_1","species","Area","Witch flounder",0.479458350303996,0.430517853282744,0.0489404970212516
"PT","occurrence",250,"all_gulf","all_gulf","_1","species","Area","Yellowtail flounder",0.556529029390411,0.516652952781941,0.0398760766084697
"PT","occurrence",270,"all_gulf","all_gulf","_1","species","Area","Alewife",0.653133949127655,0.641966775959389,0.0111671731682656
"PT","occurrence",270,"all_gulf","all_gulf","_1","species","Area","Alligatorfish",0.807125962126542,0.753936491748752,0.0531894703777899
"PT","occurrence",270,"all_gulf","all_gulf","_1","species","Area","American plaice",0.557764056419889,0.535416863191403,0.0223471932284865
"PT","occurrence",270,"all_gulf","all_gulf","_1","species","Area","Arctic alligatorfish",0.90068777275723,0.872861054205165,0.0278267185520647
"PT","occurrence",270,"all_gulf","all_gulf","_1","species","Area","Arctic hookear sculpin",0.855168331605993,0.838825050362745,0.0163432812432477
"PT","occurrence",270,"all_gulf","all_gulf","_1","species","Area","Arctic staghorn sculpin",0.677153360421983,0.642602695687593,0.0345506647343899
"PT","occurrence",270,"all_gulf","all_gulf","_1","species","Area","Atlantic cod",0.478058395531325,0.460291632155315,0.0177667633760097
"PT","occurrence",270,"all_gulf","all_gulf","_1","species","Area","Atlantic herring",0.518922943087118,0.508116415049884,0.0108065280372337
"PT","occurrence",270,"all_gulf","all_gulf","_1","species","Area","Atlantic hookear sculpin",0.852423291232427,0.8290353164569,0.0233879747755278
"PT","occurrence",270,"all_gulf","all_gulf","_1","species","Area","Atlantic mackerel",0.421385605838413,0.418521057707213,0.00286454813120007
"PT","occurrence",270,"all_gulf","all_gulf","_1","species","Area","Atlantic poacher",0.713634188934154,0.688196031307887,0.0254381576262668
"PT","occurrence",270,"all_gulf","all_gulf","_1","species","Area","Atlantic spiny lumpsucker",0.437652861628553,0.425140742998901,0.0125121186296516
"PT","occurrence",270,"all_gulf","all_gulf","_1","species","Area","Capelin",0.43826206453393,0.392870789514186,0.0453912750197442
"PT","occurrence",270,"all_gulf","all_gulf","_1","species","Area","Daubed shanny",0.666977628950968,0.635321515180578,0.0316561137703893
"PT","occurrence",270,"all_gulf","all_gulf","_1","species","Area","Dusky snailfish",0.655694541169878,0.637736512157861,0.0179580290120174
"PT","occurrence",270,"all_gulf","all_gulf","_1","species","Area","Fourbeard rockling",0.629965909629555,0.580396485672128,0.049569423957427
"PT","occurrence",270,"all_gulf","all_gulf","_1","species","Area","Fourline snakeblenny",0.533189682076296,0.497855340296594,0.0353343417797024
"PT","occurrence",270,"all_gulf","all_gulf","_1","species","Area","Greenland cod",0.688037971847173,0.678266398167903,0.00977157367926972
"PT","occurrence",270,"all_gulf","all_gulf","_1","species","Area","Greenland halibut",0.589878900794539,0.575737783781595,0.014141117012944
"PT","occurrence",270,"all_gulf","all_gulf","_1","species","Area","Laval's eelpout",0.748830015815149,0.702902639229726,0.0459273765854225
"PT","occurrence",270,"all_gulf","all_gulf","_1","species","Area","Longhorn sculpin",0.525708692753481,0.502464355611034,0.0232443371424463
"PT","occurrence",270,"all_gulf","all_gulf","_1","species","Area","Marlin-spike grenadier",0.60104515413009,0.576243851940573,0.0248013021895165
"PT","occurrence",270,"all_gulf","all_gulf","_1","species","Area","Moustache sculpin",0.772244344340106,0.756382549197405,0.0158617951427014
"PT","occurrence",270,"all_gulf","all_gulf","_1","species","Area","Northern sand lance",0.414512175539436,0.405329783544919,0.00918239199451746
"PT","occurrence",270,"all_gulf","all_gulf","_1","species","Area","Rainbow smelt",0.628865175777339,0.608450405329824,0.0204147704475148
"PT","occurrence",270,"all_gulf","all_gulf","_1","species","Area","Redfish unidentified",0.584754474346937,0.57185796901698,0.0128965053299568
"PT","occurrence",270,"all_gulf","all_gulf","_1","species","Area","Sea raven",0.273928036485055,0.260989395167602,0.0129386413174529
"PT","occurrence",270,"all_gulf","all_gulf","_1","species","Area","Shorthorn sculpin",0.381887965279638,0.371053925314754,0.0108340399648844
"PT","occurrence",270,"all_gulf","all_gulf","_1","species","Area","Smooth skate",0.675596452447521,0.661120970648739,0.014475481798782
"PT","occurrence",270,"all_gulf","all_gulf","_1","species","Area","Snakeblenny",0.507088882360443,0.476341611553703,0.0307472708067398
"PT","occurrence",270,"all_gulf","all_gulf","_1","species","Area","Spatulate sculpin",0.872753732069125,0.863787910004104,0.00896582206502094
"PT","occurrence",270,"all_gulf","all_gulf","_1","species","Area","Stout eelblenny",0.588536920473471,0.569646195929508,0.0188907245439636
"PT","occurrence",270,"all_gulf","all_gulf","_1","species","Area","Thorny skate",0.566653463598666,0.537941406033644,0.0287120575650216
"PT","occurrence",270,"all_gulf","all_gulf","_1","species","Area","Three-spined stickleback",0.431936134115482,0.424073188595916,0.00786294551956609
"PT","occurrence",270,"all_gulf","all_gulf","_1","species","Area","Vahl's eelpout",0.740765445323299,0.698726268231519,0.0420391770917804
"PT","occurrence",270,"all_gulf","all_gulf","_1","species","Area","White hake",0.397572258055209,0.384844507164207,0.0127277508910018
"PT","occurrence",270,"all_gulf","all_gulf","_1","species","Area","Windowpane flounder",0.593634568462507,0.587048318792734,0.00658624966977279
"PT","occurrence",270,"all_gulf","all_gulf","_1","species","Area","Winter flounder",0.329008686135111,0.300758985987051,0.0282497001480593
"PT","occurrence",270,"all_gulf","all_gulf","_1","species","Area","Witch flounder",0.478559242506684,0.427260123116659,0.0512991193900251
"PT","occurrence",270,"all_gulf","all_gulf","_1","species","Area","Yellowtail flounder",0.54780739354533,0.507103188638716,0.0407042049066141
"PT","occurrence",290,"all_gulf","all_gulf","_1","species","Area","Alewife",0.663252717819677,0.652468694444165,0.0107840233755122
"PT","occurrence",290,"all_gulf","all_gulf","_1","species","Area","Alligatorfish",0.810813466271521,0.761950486272156,0.0488629799993647
"PT","occurrence",290,"all_gulf","all_gulf","_1","species","Area","American plaice",0.555549906384231,0.533188124033372,0.0223617823508592
"PT","occurrence",290,"all_gulf","all_gulf","_1","species","Area","Arctic alligatorfish",0.899930807861431,0.870824139634648,0.0291066682267824
"PT","occurrence",290,"all_gulf","all_gulf","_1","species","Area","Arctic hookear sculpin",0.857112098113637,0.842068479597509,0.0150436185161279
"PT","occurrence",290,"all_gulf","all_gulf","_1","species","Area","Arctic staghorn sculpin",0.68287554870782,0.649712413194769,0.0331631355130514
"PT","occurrence",290,"all_gulf","all_gulf","_1","species","Area","Atlantic cod",0.47614238541715,0.457301963952994,0.0188404214641561
"PT","occurrence",290,"all_gulf","all_gulf","_1","species","Area","Atlantic herring",0.518042719636705,0.506275633990757,0.0117670856459482
"PT","occurrence",290,"all_gulf","all_gulf","_1","species","Area","Atlantic hookear sculpin",0.854977635314966,0.832657578339111,0.0223200569758553
"PT","occurrence",290,"all_gulf","all_gulf","_1","species","Area","Atlantic mackerel",0.414884981640118,0.411740812261944,0.00314416937817356
"PT","occurrence",290,"all_gulf","all_gulf","_1","species","Area","Atlantic poacher",0.712698195114893,0.685361954647769,0.0273362404671245
"PT","occurrence",290,"all_gulf","all_gulf","_1","species","Area","Atlantic spiny lumpsucker",0.444178305968099,0.431486833097274,0.0126914728708242
"PT","occurrence",290,"all_gulf","all_gulf","_1","species","Area","Capelin",0.44429400502511,0.397880278045883,0.0464137269792264
"PT","occurrence",290,"all_gulf","all_gulf","_1","species","Area","Daubed shanny",0.663382242929425,0.629993533914976,0.0333887090144487
"PT","occurrence",290,"all_gulf","all_gulf","_1","species","Area","Dusky snailfish",0.659505049654505,0.640471187753786,0.0190338619007192
"PT","occurrence",290,"all_gulf","all_gulf","_1","species","Area","Fourbeard rockling",0.639616831654875,0.592528829537246,0.0470880021176298
"PT","occurrence",290,"all_gulf","all_gulf","_1","species","Area","Fourline snakeblenny",0.532994912511513,0.499183761538024,0.0338111509734894
"PT","occurrence",290,"all_gulf","all_gulf","_1","species","Area","Greenland cod",0.691051740549759,0.681092784040191,0.00995895650956814
"PT","occurrence",290,"all_gulf","all_gulf","_1","species","Area","Greenland halibut",0.582765852143756,0.566978887273345,0.0157869648704115
"PT","occurrence",290,"all_gulf","all_gulf","_1","species","Area","Laval's eelpout",0.751060933329814,0.707164845149001,0.043896088180813
"PT","occurrence",290,"all_gulf","all_gulf","_1","species","Area","Longhorn sculpin",0.528219055340114,0.505674761501477,0.0225442938386366
"PT","occurrence",290,"all_gulf","all_gulf","_1","species","Area","Marlin-spike grenadier",0.597190167464843,0.573405844695872,0.0237843227689716
"PT","occurrence",290,"all_gulf","all_gulf","_1","species","Area","Moustache sculpin",0.774827969658638,0.759197116865459,0.0156308527931796
"PT","occurrence",290,"all_gulf","all_gulf","_1","species","Area","Northern sand lance",0.414814729398309,0.406535126328658,0.00827960306965119
"PT","occurrence",290,"all_gulf","all_gulf","_1","species","Area","Rainbow smelt",0.628006650929348,0.60687708489794,0.0211295660314079
"PT","occurrence",290,"all_gulf","all_gulf","_1","species","Area","Redfish unidentified",0.584177668262122,0.570090200247289,0.0140874680148334
"PT","occurrence",290,"all_gulf","all_gulf","_1","species","Area","Sea raven",0.282302983371159,0.269039858663127,0.0132631247080326
"PT","occurrence",290,"all_gulf","all_gulf","_1","species","Area","Shorthorn sculpin",0.379375368094164,0.368278498220617,0.0110968698735471
"PT","occurrence",290,"all_gulf","all_gulf","_1","species","Area","Smooth skate",0.674257758731493,0.659247994288959,0.0150097644425347
"PT","occurrence",290,"all_gulf","all_gulf","_1","species","Area","Snakeblenny",0.501000739209695,0.471785174405723,0.0292155648039717
"PT","occurrence",290,"all_gulf","all_gulf","_1","species","Area","Spatulate sculpin",0.871899635072215,0.86286536789058,0.00903426718163488
"PT","occurrence",290,"all_gulf","all_gulf","_1","species","Area","Stout eelblenny",0.591689571486407,0.574226636037486,0.0174629354489211
"PT","occurrence",290,"all_gulf","all_gulf","_1","species","Area","Thorny skate",0.570250067469608,0.542102245801575,0.028147821668033
"PT","occurrence",290,"all_gulf","all_gulf","_1","species","Area","Three-spined stickleback",0.441085334452182,0.429806099414054,0.0112792350381283
"PT","occurrence",290,"all_gulf","all_gulf","_1","species","Area","Vahl's eelpout",0.73627592316639,0.700286550522817,0.0359893726435733
"PT","occurrence",290,"all_gulf","all_gulf","_1","species","Area","White hake",0.398103164108599,0.385225153577499,0.0128780105310998
"PT","occurrence",290,"all_gulf","all_gulf","_1","species","Area","Windowpane flounder",0.586226476022078,0.579018098069389,0.00720837795268933
"PT","occurrence",290,"all_gulf","all_gulf","_1","species","Area","Winter flounder",0.324450314405148,0.296341639753568,0.0281086746515799
"PT","occurrence",290,"all_gulf","all_gulf","_1","species","Area","Witch flounder",0.480150703779514,0.430881743698594,0.0492689600809208
"PT","occurrence",290,"all_gulf","all_gulf","_1","species","Area","Yellowtail flounder",0.551115943891333,0.511795448618373,0.03932049527296
"PT","occurrence",310,"all_gulf","all_gulf","_1","species","Area","Alewife",0.668823436193013,0.663840578290885,0.00498285790212774
"PT","occurrence",310,"all_gulf","all_gulf","_1","species","Area","Alligatorfish",0.802919803111805,0.753030010801176,0.0498897923106292
"PT","occurrence",310,"all_gulf","all_gulf","_1","species","Area","American plaice",0.555591546214115,0.532594585016837,0.0229969611972782
"PT","occurrence",310,"all_gulf","all_gulf","_1","species","Area","Arctic alligatorfish",0.888049950611164,0.857668300232368,0.0303816503787962
"PT","occurrence",310,"all_gulf","all_gulf","_1","species","Area","Arctic hookear sculpin",0.846509645460522,0.830074418079214,0.0164352273813083
"PT","occurrence",310,"all_gulf","all_gulf","_1","species","Area","Arctic staghorn sculpin",0.687676810169047,0.654269576078652,0.0334072340903955
"PT","occurrence",310,"all_gulf","all_gulf","_1","species","Area","Atlantic cod",0.48513815787312,0.466527811589184,0.0186103462839358
"PT","occurrence",310,"all_gulf","all_gulf","_1","species","Area","Atlantic herring",0.535501841885731,0.53031370370036,0.00518813818537143
"PT","occurrence",310,"all_gulf","all_gulf","_1","species","Area","Atlantic hookear sculpin",0.830387277564612,0.802185035720941,0.0282022418436708
"PT","occurrence",310,"all_gulf","all_gulf","_1","species","Area","Atlantic mackerel",0.418094392572918,0.416826136884648,0.00126825568826919
"PT","occurrence",310,"all_gulf","all_gulf","_1","species","Area","Atlantic poacher",0.728738675355624,0.699944527312908,0.0287941480427156
"PT","occurrence",310,"all_gulf","all_gulf","_1","species","Area","Atlantic spiny lumpsucker",0.432015574606875,0.42085598613968,0.0111595884671946
"PT","occurrence",310,"all_gulf","all_gulf","_1","species","Area","Capelin",0.447438400985521,0.403218219542964,0.0442201814425567
"PT","occurrence",310,"all_gulf","all_gulf","_1","species","Area","Daubed shanny",0.667836644255339,0.635346777372414,0.0324898668829256
"PT","occurrence",310,"all_gulf","all_gulf","_1","species","Area","Dusky snailfish",0.660205010438075,0.640993656244933,0.0192113541931417
"PT","occurrence",310,"all_gulf","all_gulf","_1","species","Area","Fourbeard rockling",0.65159588555377,0.605625723535518,0.045970162018252
"PT","occurrence",310,"all_gulf","all_gulf","_1","species","Area","Fourline snakeblenny",0.54945092690759,0.514196298406804,0.0352546285007859
"PT","occurrence",310,"all_gulf","all_gulf","_1","species","Area","Greenland cod",0.678488735630093,0.667375843234891,0.0111128923952021
"PT","occurrence",310,"all_gulf","all_gulf","_1","species","Area","Greenland halibut",0.586264134911823,0.570178489819782,0.016085645092041
"PT","occurrence",310,"all_gulf","all_gulf","_1","species","Area","Laval's eelpout",0.756906713156696,0.713187300007225,0.0437194131494711
"PT","occurrence",310,"all_gulf","all_gulf","_1","species","Area","Longhorn sculpin",0.525255044313825,0.503553808911016,0.0217012354028092
"PT","occurrence",310,"all_gulf","all_gulf","_1","species","Area","Marlin-spike grenadier",0.597193283806419,0.572952438169224,0.0242408456371951
"PT","occurrence",310,"all_gulf","all_gulf","_1","species","Area","Moustache sculpin",0.762161112239026,0.744480402346689,0.017680709892337
"PT","occurrence",310,"all_gulf","all_gulf","_1","species","Area","Northern sand lance",0.415673400475049,0.413110440629533,0.00256295984551622
"PT","occurrence",310,"all_gulf","all_gulf","_1","species","Area","Rainbow smelt",0.643113633750524,0.630245901134869,0.0128677326156548
"PT","occurrence",310,"all_gulf","all_gulf","_1","species","Area","Redfish unidentified",0.586149286314613,0.572979260792471,0.0131700255221423
"PT","occurrence",310,"all_gulf","all_gulf","_1","species","Area","Sea raven",0.288973215671044,0.282462470987884,0.0065107446831603
"PT","occurrence",310,"all_gulf","all_gulf","_1","species","Area","Shorthorn sculpin",0.381756133627741,0.370361793888198,0.0113943397395435
"PT","occurrence",310,"all_gulf","all_gulf","_1","species","Area","Smooth skate",0.676811198014874,0.662218544903528,0.0145926531113462
"PT","occurrence",310,"all_gulf","all_gulf","_1","species","Area","Snakeblenny",0.516256940338134,0.49082020657461,0.0254367337635241
"PT","occurrence",310,"all_gulf","all_gulf","_1","species","Area","Spatulate sculpin",0.881551342765493,0.873601450276152,0.00794989248934123
"PT","occurrence",310,"all_gulf","all_gulf","_1","species","Area","Stout eelblenny",0.598231732332561,0.580838846371307,0.0173928859612547
"PT","occurrence",310,"all_gulf","all_gulf","_1","species","Area","Thorny skate",0.575137699297398,0.54728520259678,0.0278524967006176
"PT","occurrence",310,"all_gulf","all_gulf","_1","species","Area","Three-spined stickleback",0.430575846456281,0.420869443351262,0.00970640310501972
"PT","occurrence",310,"all_gulf","all_gulf","_1","species","Area","Vahl's eelpout",0.773362737057511,0.727037024764473,0.0463257122930379
"PT","occurrence",310,"all_gulf","all_gulf","_1","species","Area","White hake",0.405608759312419,0.393167890278692,0.0124408690337267
"PT","occurrence",310,"all_gulf","all_gulf","_1","species","Area","Windowpane flounder",0.600176094798737,0.593892514540156,0.00628358025858096
"PT","occurrence",310,"all_gulf","all_gulf","_1","species","Area","Winter flounder",0.319843522369781,0.291602382799233,0.0282411395705477
"PT","occurrence",310,"all_gulf","all_gulf","_1","species","Area","Witch flounder",0.477632171013814,0.427565608198721,0.0500665628150925
"PT","occurrence",310,"all_gulf","all_gulf","_1","species","Area","Yellowtail flounder",0.553059973208115,0.513897184095482,0.0391627891126334
"PT","occurrence",330,"all_gulf","all_gulf","_1","species","Area","Alewife",0.66722293249707,0.664361921132503,0.00286101136456708
"PT","occurrence",330,"all_gulf","all_gulf","_1","species","Area","Alligatorfish",0.79010035821228,0.723487306144507,0.0666130520677725
"PT","occurrence",330,"all_gulf","all_gulf","_1","species","Area","American plaice",0.541610126423833,0.513744626534426,0.0278654998894071
"PT","occurrence",330,"all_gulf","all_gulf","_1","species","Area","Arctic alligatorfish",0.887654212201289,0.851862307434796,0.0357919047664936
"PT","occurrence",330,"all_gulf","all_gulf","_1","species","Area","Arctic hookear sculpin",0.847969053934707,0.82938071093531,0.018588342999397
"PT","occurrence",330,"all_gulf","all_gulf","_1","species","Area","Arctic staghorn sculpin",0.654345967184895,0.612355794033536,0.0419901731513591
"PT","occurrence",330,"all_gulf","all_gulf","_1","species","Area","Atlantic cod",0.47569164095908,0.452834456997962,0.0228571839611174
"PT","occurrence",330,"all_gulf","all_gulf","_1","species","Area","Atlantic herring",0.516117628350294,0.512379911119555,0.00373771723073953
"PT","occurrence",330,"all_gulf","all_gulf","_1","species","Area","Atlantic hookear sculpin",0.834205790131398,0.800986609735563,0.0332191803958349
"PT","occurrence",330,"all_gulf","all_gulf","_1","species","Area","Atlantic mackerel",0.416564917064201,0.415283769149359,0.0012811479148423
"PT","occurrence",330,"all_gulf","all_gulf","_1","species","Area","Atlantic poacher",0.725125618461735,0.690286302272412,0.0348393161893231
"PT","occurrence",330,"all_gulf","all_gulf","_1","species","Area","Atlantic spiny lumpsucker",0.427906445078591,0.4194949500709,0.00841149500769158
"PT","occurrence",330,"all_gulf","all_gulf","_1","species","Area","Capelin",0.356960307292636,0.353498963122733,0.00346134416990344
"PT","occurrence",330,"all_gulf","all_gulf","_1","species","Area","Daubed shanny",0.652682164197324,0.612780453113706,0.0399017110836181
"PT","occurrence",330,"all_gulf","all_gulf","_1","species","Area","Dusky snailfish",0.634786530280755,0.609831036912841,0.0249554933679141
"PT","occurrence",330,"all_gulf","all_gulf","_1","species","Area","Fourbeard rockling",0.632829169506983,0.57639328535901,0.0564358841479734
"PT","occurrence",330,"all_gulf","all_gulf","_1","species","Area","Fourline snakeblenny",0.54210331026959,0.50125096799711,0.0408523422724801
"PT","occurrence",330,"all_gulf","all_gulf","_1","species","Area","Greenland cod",0.671470669372862,0.657497729603084,0.0139729397697784
"PT","occurrence",330,"all_gulf","all_gulf","_1","species","Area","Greenland halibut",0.505072992005963,0.501330569658276,0.00374242234768739
"PT","occurrence",330,"all_gulf","all_gulf","_1","species","Area","Laval's eelpout",0.754226770173433,0.698194180020857,0.0560325901525763
"PT","occurrence",330,"all_gulf","all_gulf","_1","species","Area","Longhorn sculpin",0.51417735368785,0.487314939115005,0.0268624145728451
"PT","occurrence",330,"all_gulf","all_gulf","_1","species","Area","Marlin-spike grenadier",0.590634284628567,0.563938727610472,0.026695557018095
"PT","occurrence",330,"all_gulf","all_gulf","_1","species","Area","Moustache sculpin",0.748574226124349,0.726899758021089,0.0216744681032608
"PT","occurrence",330,"all_gulf","all_gulf","_1","species","Area","Northern sand lance",0.411906525573192,0.411906525573192,1.84574577843932e-17
"PT","occurrence",330,"all_gulf","all_gulf","_1","species","Area","Rainbow smelt",0.603715810752401,0.586833234912773,0.0168825758396278
"PT","occurrence",330,"all_gulf","all_gulf","_1","species","Area","Redfish unidentified",0.582479925479721,0.575486402528991,0.00699352295073043
"PT","occurrence",330,"all_gulf","all_gulf","_1","species","Area","Sea raven",0.293912252564999,0.286180888088361,0.00773136447663828
"PT","occurrence",330,"all_gulf","all_gulf","_1","species","Area","Shorthorn sculpin",0.383381073703668,0.371267573094558,0.0121135006091103
"PT","occurrence",330,"all_gulf","all_gulf","_1","species","Area","Smooth skate",0.65993795967591,0.641253934376723,0.0186840252991874
"PT","occurrence",330,"all_gulf","all_gulf","_1","species","Area","Snakeblenny",0.509478912655661,0.47643963165298,0.0330392810026805
"PT","occurrence",330,"all_gulf","all_gulf","_1","species","Area","Spatulate sculpin",0.88384851057729,0.875008768948512,0.00883974162877751
"PT","occurrence",330,"all_gulf","all_gulf","_1","species","Area","Stout eelblenny",0.585963482964827,0.564511147232274,0.021452335732553
"PT","occurrence",330,"all_gulf","all_gulf","_1","species","Area","Thorny skate",0.555861795065039,0.52030675216004,0.0355550429049987
"PT","occurrence",330,"all_gulf","all_gulf","_1","species","Area","Three-spined stickleback",0.444585930474517,0.442049933862434,0.00253599661208359
"PT","occurrence",330,"all_gulf","all_gulf","_1","species","Area","Vahl's eelpout",0.762936685593381,0.723124943162943,0.0398117424304382
"PT","occurrence",330,"all_gulf","all_gulf","_1","species","Area","White hake",0.394401567106688,0.381152427689179,0.0132491394175083
"PT","occurrence",330,"all_gulf","all_gulf","_1","species","Area","Windowpane flounder",0.614655431850427,0.609932143102884,0.00472328874754284
"PT","occurrence",330,"all_gulf","all_gulf","_1","species","Area","Winter flounder",0.317778799214893,0.283423113633725,0.0343556855811682
"PT","occurrence",330,"all_gulf","all_gulf","_1","species","Area","Witch flounder",0.471476262787372,0.411585175768795,0.0598910870185776
"PT","occurrence",330,"all_gulf","all_gulf","_1","species","Area","Yellowtail flounder",0.544982398710288,0.497503616288912,0.0474787824213754
"PT","occurrence",350,"all_gulf","all_gulf","_1","species","Area","Alewife",0.670802894800872,0.668043990749948,0.00275890405092315
"PT","occurrence",350,"all_gulf","all_gulf","_1","species","Area","Alligatorfish",0.792557027577411,0.730008229635289,0.0625487979421221
"PT","occurrence",350,"all_gulf","all_gulf","_1","species","Area","American plaice",0.540449760325235,0.512200280591757,0.0282494797334782
"PT","occurrence",350,"all_gulf","all_gulf","_1","species","Area","Arctic alligatorfish",0.886148641109262,0.851374590574852,0.0347740505344101
"PT","occurrence",350,"all_gulf","all_gulf","_1","species","Area","Arctic hookear sculpin",0.846191787007263,0.827782030731348,0.0184097562759152
"PT","occurrence",350,"all_gulf","all_gulf","_1","species","Area","Arctic staghorn sculpin",0.659349781216188,0.616231003066101,0.0431187781500872
"PT","occurrence",350,"all_gulf","all_gulf","_1","species","Area","Atlantic cod",0.474141417686732,0.452360047389416,0.0217813702973161
"PT","occurrence",350,"all_gulf","all_gulf","_1","species","Area","Atlantic herring",0.523982306331142,0.51938048046561,0.00460182586553284
"PT","occurrence",350,"all_gulf","all_gulf","_1","species","Area","Atlantic hookear sculpin",0.831760564998263,0.795074778189691,0.036685786808572
"PT","occurrence",350,"all_gulf","all_gulf","_1","species","Area","Atlantic mackerel",0.40984448826064,0.408706329792156,0.00113815846848442
"PT","occurrence",350,"all_gulf","all_gulf","_1","species","Area","Atlantic poacher",0.725298220017045,0.689723625929322,0.035574594087723
"PT","occurrence",350,"all_gulf","all_gulf","_1","species","Area","Atlantic spiny lumpsucker",0.435886503159996,0.42741349402999,0.00847300913000684
"PT","occurrence",350,"all_gulf","all_gulf","_1","species","Area","Capelin",0.360048555327062,0.356634469512796,0.00341408581426594
"PT","occurrence",350,"all_gulf","all_gulf","_1","species","Area","Daubed shanny",0.6582076817355,0.619468064507323,0.038739617228177
"PT","occurrence",350,"all_gulf","all_gulf","_1","species","Area","Dusky snailfish",0.630433490016246,0.605765791964111,0.0246676980521358
"PT","occurrence",350,"all_gulf","all_gulf","_1","species","Area","Fourbeard rockling",0.636913657987227,0.578446816804059,0.0584668411831683
"PT","occurrence",350,"all_gulf","all_gulf","_1","species","Area","Fourline snakeblenny",0.533918427705576,0.487922334111384,0.0459960935941917
"PT","occurrence",350,"all_gulf","all_gulf","_1","species","Area","Greenland cod",0.680202549292572,0.66692067791388,0.0132818713786924
"PT","occurrence",350,"all_gulf","all_gulf","_1","species","Area","Greenland halibut",0.503632261976344,0.500018824815788,0.00361343716055618
"PT","occurrence",350,"all_gulf","all_gulf","_1","species","Area","Laval's eelpout",0.754221577688805,0.701475331417208,0.0527462462715967
"PT","occurrence",350,"all_gulf","all_gulf","_1","species","Area","Longhorn sculpin",0.521740372477058,0.495155167551067,0.0265852049259908
"PT","occurrence",350,"all_gulf","all_gulf","_1","species","Area","Marlin-spike grenadier",0.594525728374139,0.567279717527845,0.0272460108462943
"PT","occurrence",350,"all_gulf","all_gulf","_1","species","Area","Moustache sculpin",0.754149921849614,0.733019572826212,0.0211303490234024
"PT","occurrence",350,"all_gulf","all_gulf","_1","species","Area","Northern sand lance",0.41994708994709,0.41994708994709,2.09554595897998e-17
"PT","occurrence",350,"all_gulf","all_gulf","_1","species","Area","Rainbow smelt",0.613198830885624,0.596511432321343,0.0166873985642807
"PT","occurrence",350,"all_gulf","all_gulf","_1","species","Area","Redfish unidentified",0.593125119482212,0.586554524505902,0.00657059497631069
"PT","occurrence",350,"all_gulf","all_gulf","_1","species","Area","Sea raven",0.289605409838461,0.282337583352304,0.00726782648615671
"PT","occurrence",350,"all_gulf","all_gulf","_1","species","Area","Shorthorn sculpin",0.383162640477825,0.370776848959553,0.0123857915182723
"PT","occurrence",350,"all_gulf","all_gulf","_1","species","Area","Smooth skate",0.660410025329283,0.643130599214874,0.0172794261144088
"PT","occurrence",350,"all_gulf","all_gulf","_1","species","Area","Snakeblenny",0.50819487688803,0.474541101716842,0.0336537751711879
"PT","occurrence",350,"all_gulf","all_gulf","_1","species","Area","Spatulate sculpin",0.886621212719456,0.876777804414135,0.00984340830532075
"PT","occurrence",350,"all_gulf","all_gulf","_1","species","Area","Stout eelblenny",0.587779703385033,0.567321756820647,0.0204579465643858
"PT","occurrence",350,"all_gulf","all_gulf","_1","species","Area","Thorny skate",0.551991484614996,0.516544123172761,0.0354473614422347
"PT","occurrence",350,"all_gulf","all_gulf","_1","species","Area","Three-spined stickleback",0.443579937574503,0.439764971139971,0.00381496643453167
"PT","occurrence",350,"all_gulf","all_gulf","_1","species","Area","Vahl's eelpout",0.750359939686488,0.710921367619204,0.0394385720672841
"PT","occurrence",350,"all_gulf","all_gulf","_1","species","Area","White hake",0.393935536775815,0.379763202021172,0.0141723347546435
"PT","occurrence",350,"all_gulf","all_gulf","_1","species","Area","Windowpane flounder",0.5914483527567,0.585569688375881,0.00587866438081838
"PT","occurrence",350,"all_gulf","all_gulf","_1","species","Area","Winter flounder",0.316425552893874,0.280878337713761,0.0355472151801132
"PT","occurrence",350,"all_gulf","all_gulf","_1","species","Area","Witch flounder",0.468747939408154,0.408191605473379,0.0605563339347751
"PT","occurrence",350,"all_gulf","all_gulf","_1","species","Area","Yellowtail flounder",0.546191088723669,0.498153499024835,0.0480375896988337
"PT","occurrence",370,"all_gulf","all_gulf","_1","species","Area","Alewife",0.670999660642583,0.668650282234171,0.0023493784084124
"PT","occurrence",370,"all_gulf","all_gulf","_1","species","Area","Alligatorfish",0.800087441610887,0.744108591921153,0.0559788496897338
"PT","occurrence",370,"all_gulf","all_gulf","_1","species","Area","American plaice",0.543043416680241,0.518554757288247,0.0244886593919936
"PT","occurrence",370,"all_gulf","all_gulf","_1","species","Area","Arctic alligatorfish",0.890637558420806,0.862014821766394,0.0286227366544125
"PT","occurrence",370,"all_gulf","all_gulf","_1","species","Area","Arctic hookear sculpin",0.852045375618671,0.836150419161119,0.0158949564575518
"PT","occurrence",370,"all_gulf","all_gulf","_1","species","Area","Arctic staghorn sculpin",0.665940130063919,0.63160609743078,0.0343340326331386
"PT","occurrence",370,"all_gulf","all_gulf","_1","species","Area","Atlantic cod",0.478981151851814,0.459160963972556,0.0198201878792583
"PT","occurrence",370,"all_gulf","all_gulf","_1","species","Area","Atlantic herring",0.494840397911941,0.489564546366012,0.00527585154592901
"PT","occurrence",370,"all_gulf","all_gulf","_1","species","Area","Atlantic hookear sculpin",0.828406880873459,0.797628639067429,0.0307782418060295
"PT","occurrence",370,"all_gulf","all_gulf","_1","species","Area","Atlantic mackerel",0.419500587904059,0.418275752113727,0.0012248357903313
"PT","occurrence",370,"all_gulf","all_gulf","_1","species","Area","Atlantic poacher",0.726849591335828,0.695678485038725,0.0311711062971028
"PT","occurrence",370,"all_gulf","all_gulf","_1","species","Area","Atlantic spiny lumpsucker",0.433166188197922,0.424643752531663,0.00852243566625942
"PT","occurrence",370,"all_gulf","all_gulf","_1","species","Area","Capelin",0.341031211015379,0.33754094344518,0.00349026757019907
"PT","occurrence",370,"all_gulf","all_gulf","_1","species","Area","Daubed shanny",0.650822123359166,0.614483690397229,0.0363384329619371
"PT","occurrence",370,"all_gulf","all_gulf","_1","species","Area","Dusky snailfish",0.632608796785818,0.609760537555497,0.0228482592303213
"PT","occurrence",370,"all_gulf","all_gulf","_1","species","Area","Fourbeard rockling",0.635848587429387,0.582755487967483,0.0530930994619034
"PT","occurrence",370,"all_gulf","all_gulf","_1","species","Area","Fourline snakeblenny",0.53865848937869,0.500060754564409,0.038597734814281
"PT","occurrence",370,"all_gulf","all_gulf","_1","species","Area","Greenland cod",0.681547332997251,0.668719547758805,0.0128277852384458
"PT","occurrence",370,"all_gulf","all_gulf","_1","species","Area","Greenland halibut",0.502923109853587,0.499706526336456,0.00321658351713169
"PT","occurrence",370,"all_gulf","all_gulf","_1","species","Area","Laval's eelpout",0.754009072138863,0.707703960026474,0.0463051121123891
"PT","occurrence",370,"all_gulf","all_gulf","_1","species","Area","Longhorn sculpin",0.523859890674356,0.500964664845991,0.0228952258283646
"PT","occurrence",370,"all_gulf","all_gulf","_1","species","Area","Marlin-spike grenadier",0.572883146171857,0.547058232045005,0.0258249141268518
"PT","occurrence",370,"all_gulf","all_gulf","_1","species","Area","Moustache sculpin",0.75763592839143,0.738844325374312,0.0187916030171185
"PT","occurrence",370,"all_gulf","all_gulf","_1","species","Area","Northern sand lance",0.412507054673721,0.412507054673721,2.08860706507608e-17
"PT","occurrence",370,"all_gulf","all_gulf","_1","species","Area","Rainbow smelt",0.600283089062353,0.58461289146459,0.0156701975977637
"PT","occurrence",370,"all_gulf","all_gulf","_1","species","Area","Redfish unidentified",0.496566922787499,0.488451093417489,0.0081158293700098
"PT","occurrence",370,"all_gulf","all_gulf","_1","species","Area","Sea raven",0.292367049320205,0.285898741773114,0.00646830754709118
"PT","occurrence",370,"all_gulf","all_gulf","_1","species","Area","Shorthorn sculpin",0.380264003595105,0.369365570905794,0.0108984326893106
"PT","occurrence",370,"all_gulf","all_gulf","_1","species","Area","Smooth skate",0.661051588412455,0.645379864384868,0.0156717240275874
"PT","occurrence",370,"all_gulf","all_gulf","_1","species","Area","Snakeblenny",0.513366000240448,0.484594122538271,0.0287718777021777
"PT","occurrence",370,"all_gulf","all_gulf","_1","species","Area","Spatulate sculpin",0.880963591905549,0.872364132680976,0.00859945922457331
"PT","occurrence",370,"all_gulf","all_gulf","_1","species","Area","Stout eelblenny",0.587091844127425,0.568676563645134,0.0184152804822905
"PT","occurrence",370,"all_gulf","all_gulf","_1","species","Area","Thorny skate",0.557159349399218,0.525766722246191,0.0313926271530268
"PT","occurrence",370,"all_gulf","all_gulf","_1","species","Area","Three-spined stickleback",0.429710220737395,0.425732219379947,0.00397800135744802
"PT","occurrence",370,"all_gulf","all_gulf","_1","species","Area","Vahl's eelpout",0.758470328158935,0.717178135557349,0.0412921926015859
"PT","occurrence",370,"all_gulf","all_gulf","_1","species","Area","White hake",0.393115483905898,0.380878292854075,0.012237191051823
"PT","occurrence",370,"all_gulf","all_gulf","_1","species","Area","Windowpane flounder",0.586421003741955,0.581398076306584,0.00502292743537134
"PT","occurrence",370,"all_gulf","all_gulf","_1","species","Area","Winter flounder",0.319873847906902,0.28949972426702,0.0303741236398818
"PT","occurrence",370,"all_gulf","all_gulf","_1","species","Area","Witch flounder",0.475177584903395,0.422821098871746,0.0523564860316483
"PT","occurrence",370,"all_gulf","all_gulf","_1","species","Area","Yellowtail flounder",0.550426468388953,0.508921512986626,0.0415049554023272
"PT","occurrence",390,"all_gulf","all_gulf","_1","species","Area","Alewife",0.670298921700558,0.667732368423579,0.00256655327697912
"PT","occurrence",390,"all_gulf","all_gulf","_1","species","Area","Alligatorfish",0.798340563856026,0.743486012673301,0.0548545511827251
"PT","occurrence",390,"all_gulf","all_gulf","_1","species","Area","American plaice",0.542728618565641,0.516521273701845,0.0262073448637962
"PT","occurrence",390,"all_gulf","all_gulf","_1","species","Area","Arctic alligatorfish",0.891114074004292,0.858288348848456,0.0328257251558363
"PT","occurrence",390,"all_gulf","all_gulf","_1","species","Area","Arctic hookear sculpin",0.847423668337338,0.830434699751771,0.0169889685855668
"PT","occurrence",390,"all_gulf","all_gulf","_1","species","Area","Arctic staghorn sculpin",0.657992560472573,0.617897216024092,0.0400953444484808
"PT","occurrence",390,"all_gulf","all_gulf","_1","species","Area","Atlantic cod",0.475109274258258,0.453618095779711,0.021491178478547
"PT","occurrence",390,"all_gulf","all_gulf","_1","species","Area","Atlantic herring",0.486801511788916,0.482230288056416,0.00457122373249978
"PT","occurrence",390,"all_gulf","all_gulf","_1","species","Area","Atlantic hookear sculpin",0.828567792945319,0.794319081498671,0.0342487114466483
"PT","occurrence",390,"all_gulf","all_gulf","_1","species","Area","Atlantic mackerel",0.417024674088689,0.415892885624761,0.00113178846392872
"PT","occurrence",390,"all_gulf","all_gulf","_1","species","Area","Atlantic poacher",0.727235097503577,0.694427079860347,0.0328080176432295
"PT","occurrence",390,"all_gulf","all_gulf","_1","species","Area","Atlantic spiny lumpsucker",0.434145644978769,0.426736857082049,0.00740878789671997
"PT","occurrence",390,"all_gulf","all_gulf","_1","species","Area","Capelin",0.337675916344992,0.334838152063467,0.00283776428152511
"PT","occurrence",390,"all_gulf","all_gulf","_1","species","Area","Daubed shanny",0.654567618325634,0.617848971918066,0.0367186464075681
"PT","occurrence",390,"all_gulf","all_gulf","_1","species","Area","Dusky snailfish",0.629299435790749,0.604814472547204,0.0244849632435452
"PT","occurrence",390,"all_gulf","all_gulf","_1","species","Area","Fourbeard rockling",0.628789281750662,0.568411586755128,0.0603776949955342
"PT","occurrence",390,"all_gulf","all_gulf","_1","species","Area","Fourline snakeblenny",0.540248712495252,0.5041095677082,0.036139144787052
"PT","occurrence",390,"all_gulf","all_gulf","_1","species","Area","Greenland cod",0.683826659137022,0.671503353167931,0.0123233059690916
"PT","occurrence",390,"all_gulf","all_gulf","_1","species","Area","Greenland halibut",0.508209536498299,0.504722836852018,0.00348669964628131
"PT","occurrence",390,"all_gulf","all_gulf","_1","species","Area","Laval's eelpout",0.751393773049084,0.70060323463233,0.050790538416754
"PT","occurrence",390,"all_gulf","all_gulf","_1","species","Area","Longhorn sculpin",0.519272680757763,0.495281126901758,0.0239915538560052
"PT","occurrence",390,"all_gulf","all_gulf","_1","species","Area","Marlin-spike grenadier",0.567037084217702,0.538624580805179,0.0284125034125235
"PT","occurrence",390,"all_gulf","all_gulf","_1","species","Area","Moustache sculpin",0.757477698826882,0.738314586920799,0.0191631119060828
"PT","occurrence",390,"all_gulf","all_gulf","_1","species","Area","Northern sand lance",0.427907407407407,0.427907407407407,2.19269047363468e-17
"PT","occurrence",390,"all_gulf","all_gulf","_1","species","Area","Rainbow smelt",0.599841400651054,0.584340816344625,0.0155005843064289
"PT","occurrence",390,"all_gulf","all_gulf","_1","species","Area","Redfish unidentified",0.507119686230465,0.499356110761437,0.00776357546902755
"PT","occurrence",390,"all_gulf","all_gulf","_1","species","Area","Sea raven",0.296716441300651,0.290409889810641,0.00630655149001033
"PT","occurrence",390,"all_gulf","all_gulf","_1","species","Area","Shorthorn sculpin",0.380149164090972,0.369290092620962,0.0108590714700097
"PT","occurrence",390,"all_gulf","all_gulf","_1","species","Area","Smooth skate",0.657461695302768,0.641320123849137,0.0161415714536313
"PT","occurrence",390,"all_gulf","all_gulf","_1","species","Area","Snakeblenny",0.511594255452484,0.482196491746913,0.0293977637055709
"PT","occurrence",390,"all_gulf","all_gulf","_1","species","Area","Spatulate sculpin",0.88175053355664,0.872821527601472,0.00892900595516813
"PT","occurrence",390,"all_gulf","all_gulf","_1","species","Area","Stout eelblenny",0.58855213091901,0.570635119405562,0.0179170115134481
"PT","occurrence",390,"all_gulf","all_gulf","_1","species","Area","Thorny skate",0.554388988042778,0.521508662849673,0.0328803251931049
"PT","occurrence",390,"all_gulf","all_gulf","_1","species","Area","Three-spined stickleback",0.432694873162264,0.430472101972102,0.00222277119016251
"PT","occurrence",390,"all_gulf","all_gulf","_1","species","Area","Vahl's eelpout",0.761176935994609,0.721460137662626,0.0397167983319824
"PT","occurrence",390,"all_gulf","all_gulf","_1","species","Area","White hake",0.396113953646405,0.382806143514639,0.013307810131766
"PT","occurrence",390,"all_gulf","all_gulf","_1","species","Area","Windowpane flounder",0.60022441918105,0.59524815142074,0.00497626776031041
"PT","occurrence",390,"all_gulf","all_gulf","_1","species","Area","Winter flounder",0.314784425464455,0.284554955467304,0.0302294699971512
"PT","occurrence",390,"all_gulf","all_gulf","_1","species","Area","Witch flounder",0.47089046654124,0.415102292826897,0.0557881737143431
"PT","occurrence",390,"all_gulf","all_gulf","_1","species","Area","Yellowtail flounder",0.543398260123628,0.499861896367235,0.043536363756392
"PT","occurrence",410,"all_gulf","all_gulf","_1","species","Area","Alewife",0.668516056996586,0.666369521428553,0.00214653556803303
"PT","occurrence",410,"all_gulf","all_gulf","_1","species","Area","Alligatorfish",0.802065989269374,0.753882389463213,0.048183599806161
"PT","occurrence",410,"all_gulf","all_gulf","_1","species","Area","American plaice",0.544974526581534,0.5227759493783,0.0221985772032337
"PT","occurrence",410,"all_gulf","all_gulf","_1","species","Area","Arctic alligatorfish",0.888148694627908,0.859566098720828,0.0285825959070798
"PT","occurrence",410,"all_gulf","all_gulf","_1","species","Area","Arctic hookear sculpin",0.846700321919647,0.832568110520281,0.0141322113993652
"PT","occurrence",410,"all_gulf","all_gulf","_1","species","Area","Arctic staghorn sculpin",0.665728351157468,0.634397016466825,0.0313313346906421
"PT","occurrence",410,"all_gulf","all_gulf","_1","species","Area","Atlantic cod",0.47759836181019,0.459588302374661,0.0180100594355285
"PT","occurrence",410,"all_gulf","all_gulf","_1","species","Area","Atlantic herring",0.493064887073014,0.48837163711406,0.0046932499589541
"PT","occurrence",410,"all_gulf","all_gulf","_1","species","Area","Atlantic hookear sculpin",0.83040945383718,0.803099733043259,0.0273097207939209
"PT","occurrence",410,"all_gulf","all_gulf","_1","species","Area","Atlantic mackerel",0.414107383750862,0.412919180150479,0.00118820360038307
"PT","occurrence",410,"all_gulf","all_gulf","_1","species","Area","Atlantic poacher",0.730384805333596,0.702906626516489,0.0274781788171068
"PT","occurrence",410,"all_gulf","all_gulf","_1","species","Area","Atlantic spiny lumpsucker",0.433101863063214,0.425379063957101,0.00772279910611303
"PT","occurrence",410,"all_gulf","all_gulf","_1","species","Area","Capelin",0.336930874741285,0.333798294561275,0.00313258018001019
"PT","occurrence",410,"all_gulf","all_gulf","_1","species","Area","Daubed shanny",0.657624463231742,0.625122986848885,0.0325014763828569
"PT","occurrence",410,"all_gulf","all_gulf","_1","species","Area","Dusky snailfish",0.629740227299509,0.609183864623562,0.0205563626759469
"PT","occurrence",410,"all_gulf","all_gulf","_1","species","Area","Fourbeard rockling",0.63923014016497,0.591893527334553,0.0473366128304175
"PT","occurrence",410,"all_gulf","all_gulf","_1","species","Area","Fourline snakeblenny",0.539956338857096,0.506563474426549,0.0333928644305469
"PT","occurrence",410,"all_gulf","all_gulf","_1","species","Area","Greenland cod",0.683720188762078,0.673441914421881,0.0102782743401964
"PT","occurrence",410,"all_gulf","all_gulf","_1","species","Area","Greenland halibut",0.509348065552509,0.506341955426924,0.00300611012558543
"PT","occurrence",410,"all_gulf","all_gulf","_1","species","Area","Laval's eelpout",0.758126994854082,0.717401409030995,0.0407255858230871
"PT","occurrence",410,"all_gulf","all_gulf","_1","species","Area","Longhorn sculpin",0.519212380050324,0.498618893345565,0.020593486704759
"PT","occurrence",410,"all_gulf","all_gulf","_1","species","Area","Marlin-spike grenadier",0.581354654827219,0.558502045480868,0.0228526093463513
"PT","occurrence",410,"all_gulf","all_gulf","_1","species","Area","Moustache sculpin",0.75599062012494,0.739276251369211,0.0167143687557287
"PT","occurrence",410,"all_gulf","all_gulf","_1","species","Area","Northern sand lance",0.430429453262787,0.430429453262787,2.09554595897998e-17
"PT","occurrence",410,"all_gulf","all_gulf","_1","species","Area","Rainbow smelt",0.60037138792379,0.587977072021695,0.0123943159020942
"PT","occurrence",410,"all_gulf","all_gulf","_1","species","Area","Redfish unidentified",0.504644711608573,0.496684141168567,0.00796057044000615
"PT","occurrence",410,"all_gulf","all_gulf","_1","species","Area","Sea raven",0.293573046118098,0.287090107731487,0.00648293838661068
"PT","occurrence",410,"all_gulf","all_gulf","_1","species","Area","Shorthorn sculpin",0.386169018177671,0.376226187312787,0.00994283086488346
"PT","occurrence",410,"all_gulf","all_gulf","_1","species","Area","Smooth skate",0.663439221437293,0.649376953182172,0.0140622682551211
"PT","occurrence",410,"all_gulf","all_gulf","_1","species","Area","Snakeblenny",0.516653686939984,0.49172006982214,0.0249336171178443
"PT","occurrence",410,"all_gulf","all_gulf","_1","species","Area","Spatulate sculpin",0.884694083874231,0.877292324715064,0.00740175915916708
"PT","occurrence",410,"all_gulf","all_gulf","_1","species","Area","Stout eelblenny",0.588709213354325,0.572610199397328,0.0160990139569971
"PT","occurrence",410,"all_gulf","all_gulf","_1","species","Area","Thorny skate",0.555163192329373,0.52708785083024,0.0280753414991336
"PT","occurrence",410,"all_gulf","all_gulf","_1","species","Area","Three-spined stickleback",0.42764592482799,0.424248215378897,0.00339770944909287
"PT","occurrence",410,"all_gulf","all_gulf","_1","species","Area","Vahl's eelpout",0.768743147426588,0.73222400484954,0.0365191425770477
"PT","occurrence",410,"all_gulf","all_gulf","_1","species","Area","White hake",0.398353184999465,0.387152674915444,0.0112005100840213
"PT","occurrence",410,"all_gulf","all_gulf","_1","species","Area","Windowpane flounder",0.597894893920212,0.593708476453402,0.00418641746680997
"PT","occurrence",410,"all_gulf","all_gulf","_1","species","Area","Winter flounder",0.314547111970484,0.288387361080058,0.0261597508904262
"PT","occurrence",410,"all_gulf","all_gulf","_1","species","Area","Witch flounder",0.476980206487541,0.430098116221667,0.0468820902658747
"PT","occurrence",410,"all_gulf","all_gulf","_1","species","Area","Yellowtail flounder",0.546300166178543,0.509512622300789,0.0367875438777533
"PT","occurrence",430,"all_gulf","all_gulf","_1","species","Area","Alewife",0.669453960414481,0.666977130789822,0.00247682962465966
"PT","occurrence",430,"all_gulf","all_gulf","_1","species","Area","Alligatorfish",0.798280376541712,0.741454084218298,0.0568262923234145
"PT","occurrence",430,"all_gulf","all_gulf","_1","species","Area","American plaice",0.53920593254847,0.512534954262564,0.0266709782859066
"PT","occurrence",430,"all_gulf","all_gulf","_1","species","Area","Arctic alligatorfish",0.889926580705938,0.855931262049671,0.0339953186562666
"PT","occurrence",430,"all_gulf","all_gulf","_1","species","Area","Arctic hookear sculpin",0.843821997737038,0.825900106914335,0.0179218908227028
"PT","occurrence",430,"all_gulf","all_gulf","_1","species","Area","Arctic staghorn sculpin",0.655908879210258,0.618199625122488,0.0377092540877703
"PT","occurrence",430,"all_gulf","all_gulf","_1","species","Area","Atlantic cod",0.47468243368339,0.453491100881211,0.0211913328021789
"PT","occurrence",430,"all_gulf","all_gulf","_1","species","Area","Atlantic herring",0.484288469620852,0.47945269600301,0.0048357736178427
"PT","occurrence",430,"all_gulf","all_gulf","_1","species","Area","Atlantic hookear sculpin",0.831205417205125,0.797309698576376,0.0338957186287494
"PT","occurrence",430,"all_gulf","all_gulf","_1","species","Area","Atlantic mackerel",0.411324740180621,0.410041737972461,0.00128300220816057
"PT","occurrence",430,"all_gulf","all_gulf","_1","species","Area","Atlantic poacher",0.727134214170483,0.694760728309325,0.0323734858611575
"PT","occurrence",430,"all_gulf","all_gulf","_1","species","Area","Atlantic spiny lumpsucker",0.431105871994443,0.422750438896756,0.00835543309768695
"PT","occurrence",430,"all_gulf","all_gulf","_1","species","Area","Capelin",0.3403813034872,0.337345317014417,0.00303598647278232
"PT","occurrence",430,"all_gulf","all_gulf","_1","species","Area","Daubed shanny",0.654040836871373,0.618366205923468,0.0356746309479052
"PT","occurrence",430,"all_gulf","all_gulf","_1","species","Area","Dusky snailfish",0.631791268558862,0.608045504352598,0.023745764206264
"PT","occurrence",430,"all_gulf","all_gulf","_1","species","Area","Fourbeard rockling",0.625276466169235,0.569150407731061,0.056126058438174
"PT","occurrence",430,"all_gulf","all_gulf","_1","species","Area","Fourline snakeblenny",0.531936155869823,0.492532197330272,0.0394039585395518
"PT","occurrence",430,"all_gulf","all_gulf","_1","species","Area","Greenland cod",0.679128446472425,0.667562732269964,0.011565714202461
"PT","occurrence",430,"all_gulf","all_gulf","_1","species","Area","Greenland halibut",0.507818323863865,0.504443478119986,0.00337484574387839
"PT","occurrence",430,"all_gulf","all_gulf","_1","species","Area","Laval's eelpout",0.755837984187969,0.706117570316659,0.04972041387131
"PT","occurrence",430,"all_gulf","all_gulf","_1","species","Area","Longhorn sculpin",0.514905563208163,0.490489778814857,0.0244157843933061
"PT","occurrence",430,"all_gulf","all_gulf","_1","species","Area","Marlin-spike grenadier",0.579913433465986,0.55326314948268,0.0266502839833052
"PT","occurrence",430,"all_gulf","all_gulf","_1","species","Area","Moustache sculpin",0.751558257589174,0.731960919287756,0.0195973383014183
"PT","occurrence",430,"all_gulf","all_gulf","_1","species","Area","Northern sand lance",0.432461199294533,0.432461199294533,2.06085148946045e-17
"PT","occurrence",430,"all_gulf","all_gulf","_1","species","Area","Rainbow smelt",0.594467852651863,0.578362814040579,0.016105038611284
"PT","occurrence",430,"all_gulf","all_gulf","_1","species","Area","Redfish unidentified",0.511581886853006,0.506381824100689,0.00520006275231602
"PT","occurrence",430,"all_gulf","all_gulf","_1","species","Area","Sea raven",0.291348208832122,0.284558705700565,0.00678950313155656
"PT","occurrence",430,"all_gulf","all_gulf","_1","species","Area","Shorthorn sculpin",0.390045036745749,0.378749396718955,0.0112956400267941
"PT","occurrence",430,"all_gulf","all_gulf","_1","species","Area","Smooth skate",0.654330725562456,0.637502097124328,0.0168286284381274
"PT","occurrence",430,"all_gulf","all_gulf","_1","species","Area","Snakeblenny",0.509380177957787,0.479929544555457,0.0294506334023304
"PT","occurrence",430,"all_gulf","all_gulf","_1","species","Area","Spatulate sculpin",0.88425787997921,0.874849967137994,0.00940791284121553
"PT","occurrence",430,"all_gulf","all_gulf","_1","species","Area","Stout eelblenny",0.585040626913084,0.565928183024663,0.0191124438884207
"PT","occurrence",430,"all_gulf","all_gulf","_1","species","Area","Thorny skate",0.55010839855109,0.516815429938158,0.0332929686129317
"PT","occurrence",430,"all_gulf","all_gulf","_1","species","Area","Three-spined stickleback",0.43721249764728,0.433603010625738,0.00360948702154238
"PT","occurrence",430,"all_gulf","all_gulf","_1","species","Area","Vahl's eelpout",0.754999687709795,0.713185943116601,0.0418137445931945
"PT","occurrence",430,"all_gulf","all_gulf","_1","species","Area","White hake",0.395708713999277,0.383189560749617,0.0125191532496595
"PT","occurrence",430,"all_gulf","all_gulf","_1","species","Area","Windowpane flounder",0.594662376858893,0.589721295134757,0.00494108172413566
"PT","occurrence",430,"all_gulf","all_gulf","_1","species","Area","Winter flounder",0.311442350756548,0.280722375330394,0.0307199754261539
"PT","occurrence",430,"all_gulf","all_gulf","_1","species","Area","Witch flounder",0.473777142529495,0.417248679011922,0.0565284635175728
"PT","occurrence",430,"all_gulf","all_gulf","_1","species","Area","Yellowtail flounder",0.541359431238323,0.49829197746969,0.0430674537686324
"PT","occurrence",450,"all_gulf","all_gulf","_1","species","Area","Alewife",0.671268871221607,0.668897457637537,0.0023714135840698
"PT","occurrence",450,"all_gulf","all_gulf","_1","species","Area","Alligatorfish",0.797087680145879,0.743665381445657,0.0534222987002225
"PT","occurrence",450,"all_gulf","all_gulf","_1","species","Area","American plaice",0.540862511784224,0.515511408698824,0.0253511030853991
"PT","occurrence",450,"all_gulf","all_gulf","_1","species","Area","Arctic alligatorfish",0.883238758923975,0.847917507729328,0.0353212511946466
"PT","occurrence",450,"all_gulf","all_gulf","_1","species","Area","Arctic hookear sculpin",0.840832224573787,0.822679336226503,0.0181528883472834
"PT","occurrence",450,"all_gulf","all_gulf","_1","species","Area","Arctic staghorn sculpin",0.658214949017513,0.620979491776891,0.0372354572406214
"PT","occurrence",450,"all_gulf","all_gulf","_1","species","Area","Atlantic cod",0.477187176461331,0.457203936645403,0.0199832398159275
"PT","occurrence",450,"all_gulf","all_gulf","_1","species","Area","Atlantic herring",0.501830328846809,0.497712119790828,0.00411820905598141
"PT","occurrence",450,"all_gulf","all_gulf","_1","species","Area","Atlantic hookear sculpin",0.825950847901522,0.792193107038055,0.0337577408634661
"PT","occurrence",450,"all_gulf","all_gulf","_1","species","Area","Atlantic mackerel",0.414692067086429,0.413502791169787,0.00118927591664113
"PT","occurrence",450,"all_gulf","all_gulf","_1","species","Area","Atlantic poacher",0.727203113750575,0.695491672019652,0.0317114417309229
"PT","occurrence",450,"all_gulf","all_gulf","_1","species","Area","Atlantic spiny lumpsucker",0.431002565891053,0.423017112880854,0.00798545301019859
"PT","occurrence",450,"all_gulf","all_gulf","_1","species","Area","Capelin",0.346350880848505,0.343572454761136,0.00277842608736922
"PT","occurrence",450,"all_gulf","all_gulf","_1","species","Area","Daubed shanny",0.655296355264938,0.617661463624669,0.037634891640269
"PT","occurrence",450,"all_gulf","all_gulf","_1","species","Area","Dusky snailfish",0.633009321844664,0.610592435458714,0.0224168863859506
"PT","occurrence",450,"all_gulf","all_gulf","_1","species","Area","Fourbeard rockling",0.639535789400579,0.588663090514064,0.0508726988865153
"PT","occurrence",450,"all_gulf","all_gulf","_1","species","Area","Fourline snakeblenny",0.538224971462333,0.498118944215805,0.040106027246528
"PT","occurrence",450,"all_gulf","all_gulf","_1","species","Area","Greenland cod",0.685388424880201,0.674133593509,0.0112548313712004
"PT","occurrence",450,"all_gulf","all_gulf","_1","species","Area","Greenland halibut",0.510837772161171,0.507640836721928,0.00319693543924299
"PT","occurrence",450,"all_gulf","all_gulf","_1","species","Area","Laval's eelpout",0.749400114159447,0.70040775094075,0.0489923632186972
"PT","occurrence",450,"all_gulf","all_gulf","_1","species","Area","Longhorn sculpin",0.515148132507739,0.491729114900473,0.0234190176072655
"PT","occurrence",450,"all_gulf","all_gulf","_1","species","Area","Marlin-spike grenadier",0.567563552040584,0.54316398531561,0.0243995667249738
"PT","occurrence",450,"all_gulf","all_gulf","_1","species","Area","Moustache sculpin",0.75371947919306,0.735030125938871,0.0186893532541889
"PT","occurrence",450,"all_gulf","all_gulf","_1","species","Area","Northern sand lance",0.422167548500882,0.422167548500882,2.04003480774873e-17
"PT","occurrence",450,"all_gulf","all_gulf","_1","species","Area","Rainbow smelt",0.603283791084768,0.588765240256845,0.0145185508279234
"PT","occurrence",450,"all_gulf","all_gulf","_1","species","Area","Redfish unidentified",0.510357886666714,0.505659275807014,0.00469861085970027
"PT","occurrence",450,"all_gulf","all_gulf","_1","species","Area","Sea raven",0.292193700265831,0.284968722945124,0.00722497732070696
"PT","occurrence",450,"all_gulf","all_gulf","_1","species","Area","Shorthorn sculpin",0.383423704879633,0.372793591041823,0.0106301138378101
"PT","occurrence",450,"all_gulf","all_gulf","_1","species","Area","Smooth skate",0.663127681868153,0.647186649950224,0.0159410319179289
"PT","occurrence",450,"all_gulf","all_gulf","_1","species","Area","Snakeblenny",0.511256538678595,0.481698325630156,0.0295582130484396
"PT","occurrence",450,"all_gulf","all_gulf","_1","species","Area","Spatulate sculpin",0.87898625710937,0.869215922259907,0.00977033484946226
"PT","occurrence",450,"all_gulf","all_gulf","_1","species","Area","Stout eelblenny",0.588054378178423,0.569513205360901,0.0185411728175214
"PT","occurrence",450,"all_gulf","all_gulf","_1","species","Area","Thorny skate",0.554211540415374,0.522694867467859,0.0315166729475152
"PT","occurrence",450,"all_gulf","all_gulf","_1","species","Area","Three-spined stickleback",0.436452905086057,0.434302552035507,0.0021503530505507
"PT","occurrence",450,"all_gulf","all_gulf","_1","species","Area","Vahl's eelpout",0.766092241703242,0.723985646565149,0.042106595138093
"PT","occurrence",450,"all_gulf","all_gulf","_1","species","Area","White hake",0.396560385772988,0.38408787202111,0.012472513751878
"PT","occurrence",450,"all_gulf","all_gulf","_1","species","Area","Windowpane flounder",0.603060714562573,0.598344035380133,0.00471667918244085
"PT","occurrence",450,"all_gulf","all_gulf","_1","species","Area","Winter flounder",0.307728239746344,0.277978921607316,0.0297493181390278
"PT","occurrence",450,"all_gulf","all_gulf","_1","species","Area","Witch flounder",0.471128310064744,0.416199282663065,0.0549290274016792
"PT","occurrence",450,"all_gulf","all_gulf","_1","species","Area","Yellowtail flounder",0.541847616818435,0.499450827664953,0.0423967891534826
"PT","occurrence",470,"all_gulf","all_gulf","_1","species","Area","Alewife",0.666116996145339,0.663650722767154,0.00246627337818452
"PT","occurrence",470,"all_gulf","all_gulf","_1","species","Area","Alligatorfish",0.797467953871732,0.741975632538522,0.0554923213332095
"PT","occurrence",470,"all_gulf","all_gulf","_1","species","Area","American plaice",0.536718146679249,0.510208600018851,0.0265095466603974
"PT","occurrence",470,"all_gulf","all_gulf","_1","species","Area","Arctic alligatorfish",0.882576815644979,0.848133022668141,0.0344437929768377
"PT","occurrence",470,"all_gulf","all_gulf","_1","species","Area","Arctic hookear sculpin",0.847339265604461,0.830613142057057,0.0167261235474036
"PT","occurrence",470,"all_gulf","all_gulf","_1","species","Area","Arctic staghorn sculpin",0.653528253850096,0.61472412777648,0.0388041260736161
"PT","occurrence",470,"all_gulf","all_gulf","_1","species","Area","Atlantic cod",0.475305203428194,0.454273093624632,0.021032109803561
"PT","occurrence",470,"all_gulf","all_gulf","_1","species","Area","Atlantic herring",0.490277891222969,0.485216454401859,0.00506143682111063
"PT","occurrence",470,"all_gulf","all_gulf","_1","species","Area","Atlantic hookear sculpin",0.815481961592653,0.780616127803601,0.0348658337890523
"PT","occurrence",470,"all_gulf","all_gulf","_1","species","Area","Atlantic mackerel",0.411463597432444,0.410337693060655,0.00112590437178915
"PT","occurrence",470,"all_gulf","all_gulf","_1","species","Area","Atlantic poacher",0.726550636450366,0.694434114636015,0.0321165218143512
"PT","occurrence",470,"all_gulf","all_gulf","_1","species","Area","Atlantic spiny lumpsucker",0.430564590799977,0.422131813762983,0.008432777036994
"PT","occurrence",470,"all_gulf","all_gulf","_1","species","Area","Capelin",0.330079440305939,0.327136036048573,0.00294340425736629
"PT","occurrence",470,"all_gulf","all_gulf","_1","species","Area","Daubed shanny",0.654899785977171,0.618183430718286,0.036716355258886
"PT","occurrence",470,"all_gulf","all_gulf","_1","species","Area","Dusky snailfish",0.627587226557039,0.602761379169234,0.024825847387805
"PT","occurrence",470,"all_gulf","all_gulf","_1","species","Area","Fourbeard rockling",0.631524943158726,0.578196807663936,0.0533281354947902
"PT","occurrence",470,"all_gulf","all_gulf","_1","species","Area","Fourline snakeblenny",0.544208744585167,0.501505121118452,0.0427036234667148
"PT","occurrence",470,"all_gulf","all_gulf","_1","species","Area","Greenland cod",0.680194780327965,0.668613399917864,0.0115813804101007
"PT","occurrence",470,"all_gulf","all_gulf","_1","species","Area","Greenland halibut",0.500996950037659,0.497508176404626,0.00348877363303289
"PT","occurrence",470,"all_gulf","all_gulf","_1","species","Area","Laval's eelpout",0.7542544363789,0.702274871929896,0.0519795644490041
"PT","occurrence",470,"all_gulf","all_gulf","_1","species","Area","Longhorn sculpin",0.51242632919177,0.487308524511437,0.025117804680333
"PT","occurrence",470,"all_gulf","all_gulf","_1","species","Area","Marlin-spike grenadier",0.576388612969387,0.55073915288968,0.0256494600797067
"PT","occurrence",470,"all_gulf","all_gulf","_1","species","Area","Moustache sculpin",0.755792455483869,0.736981588308042,0.0188108671758266
"PT","occurrence",470,"all_gulf","all_gulf","_1","species","Area","Northern sand lance",0.431213403880071,0.431213403880071,2.65065747129256e-17
"PT","occurrence",470,"all_gulf","all_gulf","_1","species","Area","Rainbow smelt",0.601977580294299,0.586029829437997,0.0159477508563025
"PT","occurrence",470,"all_gulf","all_gulf","_1","species","Area","Redfish unidentified",0.499298446032988,0.494772282244953,0.00452616378803467
"PT","occurrence",470,"all_gulf","all_gulf","_1","species","Area","Sea raven",0.300220609867307,0.293562021027087,0.00665858884022003
"PT","occurrence",470,"all_gulf","all_gulf","_1","species","Area","Shorthorn sculpin",0.388894650182204,0.377415555476293,0.0114790947059108
"PT","occurrence",470,"all_gulf","all_gulf","_1","species","Area","Smooth skate",0.657599759322988,0.641006845492064,0.016592913830924
"PT","occurrence",470,"all_gulf","all_gulf","_1","species","Area","Snakeblenny",0.512954035429793,0.481861155577735,0.031092879852058
"PT","occurrence",470,"all_gulf","all_gulf","_1","species","Area","Spatulate sculpin",0.880456600500791,0.871110374466319,0.00934622603447286
"PT","occurrence",470,"all_gulf","all_gulf","_1","species","Area","Stout eelblenny",0.588815838598222,0.568803991297919,0.0200118473003033
"PT","occurrence",470,"all_gulf","all_gulf","_1","species","Area","Thorny skate",0.552519589364383,0.519572813861438,0.0329467755029443
"PT","occurrence",470,"all_gulf","all_gulf","_1","species","Area","Three-spined stickleback",0.424382183637618,0.4215734454939,0.0028087381437184
"PT","occurrence",470,"all_gulf","all_gulf","_1","species","Area","Vahl's eelpout",0.772963636521864,0.738640149949431,0.0343234865724335
"PT","occurrence",470,"all_gulf","all_gulf","_1","species","Area","White hake",0.394608130512169,0.382433683135539,0.0121744473766299
"PT","occurrence",470,"all_gulf","all_gulf","_1","species","Area","Windowpane flounder",0.600854707744549,0.595943198354558,0.00491150938999138
"PT","occurrence",470,"all_gulf","all_gulf","_1","species","Area","Winter flounder",0.312380746362739,0.282776748944642,0.0296039974180971
"PT","occurrence",470,"all_gulf","all_gulf","_1","species","Area","Witch flounder",0.475531235087186,0.420899216403345,0.0546320186838406
"PT","occurrence",470,"all_gulf","all_gulf","_1","species","Area","Yellowtail flounder",0.541751936912544,0.497926821434921,0.0438251154776223
"PT","occurrence",490,"all_gulf","all_gulf","_1","species","Area","Alewife",0.674347959178911,0.672146813895412,0.00220114528349935
"PT","occurrence",490,"all_gulf","all_gulf","_1","species","Area","Alligatorfish",0.795609344876028,0.737528313225871,0.0580810316501578
"PT","occurrence",490,"all_gulf","all_gulf","_1","species","Area","American plaice",0.53819274361267,0.511746931330605,0.0264458122820648
"PT","occurrence",490,"all_gulf","all_gulf","_1","species","Area","Arctic alligatorfish",0.885169199003255,0.84863167863692,0.0365375203663348
"PT","occurrence",490,"all_gulf","all_gulf","_1","species","Area","Arctic hookear sculpin",0.854514884642248,0.836331108713905,0.0181837759283432
"PT","occurrence",490,"all_gulf","all_gulf","_1","species","Area","Arctic staghorn sculpin",0.65281465187356,0.613105513420019,0.0397091384535409
"PT","occurrence",490,"all_gulf","all_gulf","_1","species","Area","Atlantic cod",0.47656767556016,0.455236206519987,0.0213314690401735
"PT","occurrence",490,"all_gulf","all_gulf","_1","species","Area","Atlantic herring",0.496813232703705,0.492190636450235,0.00462259625347054
"PT","occurrence",490,"all_gulf","all_gulf","_1","species","Area","Atlantic hookear sculpin",0.82171307081924,0.788867804927028,0.0328452658922123
"PT","occurrence",490,"all_gulf","all_gulf","_1","species","Area","Atlantic mackerel",0.40618828445882,0.405215650105988,0.000972634352832127
"PT","occurrence",490,"all_gulf","all_gulf","_1","species","Area","Atlantic poacher",0.725499314537005,0.69365641007992,0.0318429044570853
"PT","occurrence",490,"all_gulf","all_gulf","_1","species","Area","Atlantic spiny lumpsucker",0.423601606060908,0.41530465571643,0.00829695034447789
"PT","occurrence",490,"all_gulf","all_gulf","_1","species","Area","Capelin",0.346480883268988,0.343556362388254,0.00292452088073364
"PT","occurrence",490,"all_gulf","all_gulf","_1","species","Area","Daubed shanny",0.65644388313779,0.622289695121163,0.0341541880166272
"PT","occurrence",490,"all_gulf","all_gulf","_1","species","Area","Dusky snailfish",0.630428488295444,0.606928595499806,0.0234998927956376
"PT","occurrence",490,"all_gulf","all_gulf","_1","species","Area","Fourbeard rockling",0.631393427147408,0.575727287218516,0.0556661399288919
"PT","occurrence",490,"all_gulf","all_gulf","_1","species","Area","Fourline snakeblenny",0.537548956242393,0.499485047588827,0.0380639086535668
"PT","occurrence",490,"all_gulf","all_gulf","_1","species","Area","Greenland cod",0.682669529639721,0.670675982652948,0.0119935469867736
"PT","occurrence",490,"all_gulf","all_gulf","_1","species","Area","Greenland halibut",0.50367391359122,0.500373532141605,0.00330038144961505
"PT","occurrence",490,"all_gulf","all_gulf","_1","species","Area","Laval's eelpout",0.749476637559552,0.700639150580661,0.0488374869788913
"PT","occurrence",490,"all_gulf","all_gulf","_1","species","Area","Longhorn sculpin",0.51329530633316,0.488630652322001,0.0246646540111591
"PT","occurrence",490,"all_gulf","all_gulf","_1","species","Area","Marlin-spike grenadier",0.571367800240191,0.544207307457823,0.0271604927823681
"PT","occurrence",490,"all_gulf","all_gulf","_1","species","Area","Moustache sculpin",0.753640638314997,0.734461878878173,0.0191787594368237
"PT","occurrence",490,"all_gulf","all_gulf","_1","species","Area","Northern sand lance",0.410030864197531,0.410030864197531,2.35922392732846e-17
"PT","occurrence",490,"all_gulf","all_gulf","_1","species","Area","Rainbow smelt",0.596489670539698,0.580014398235235,0.0164752723044633
"PT","occurrence",490,"all_gulf","all_gulf","_1","species","Area","Redfish unidentified",0.507585785957953,0.502741256072078,0.00484452988587577
"PT","occurrence",490,"all_gulf","all_gulf","_1","species","Area","Sea raven",0.292003546660622,0.28462490319616,0.00737864346446171
"PT","occurrence",490,"all_gulf","all_gulf","_1","species","Area","Shorthorn sculpin",0.385862969846036,0.374479323443101,0.0113836464029349
"PT","occurrence",490,"all_gulf","all_gulf","_1","species","Area","Smooth skate",0.662939267725915,0.646505567051151,0.016433700674764
"PT","occurrence",490,"all_gulf","all_gulf","_1","species","Area","Snakeblenny",0.5114427673439,0.483212320847521,0.0282304464963787
"PT","occurrence",490,"all_gulf","all_gulf","_1","species","Area","Spatulate sculpin",0.88624311214772,0.877019344686112,0.00922376746160832
"PT","occurrence",490,"all_gulf","all_gulf","_1","species","Area","Stout eelblenny",0.588686752596697,0.570872703112061,0.0178140494846368
"PT","occurrence",490,"all_gulf","all_gulf","_1","species","Area","Thorny skate",0.553634314925714,0.520981680215183,0.0326526347105312
"PT","occurrence",490,"all_gulf","all_gulf","_1","species","Area","Three-spined stickleback",0.440927955800238,0.437757206808343,0.00317074899189526
"PT","occurrence",490,"all_gulf","all_gulf","_1","species","Area","Vahl's eelpout",0.766746383740186,0.725629085757022,0.0411172979831636
"PT","occurrence",490,"all_gulf","all_gulf","_1","species","Area","White hake",0.395618981899565,0.382680974581484,0.0129380073180813
"PT","occurrence",490,"all_gulf","all_gulf","_1","species","Area","Windowpane flounder",0.599849524793205,0.595141068772141,0.00470845602106392
"PT","occurrence",490,"all_gulf","all_gulf","_1","species","Area","Winter flounder",0.302853263659608,0.271344528462819,0.0315087351967884
"PT","occurrence",490,"all_gulf","all_gulf","_1","species","Area","Witch flounder",0.470093770010558,0.414792521086889,0.0553012489236688
"PT","occurrence",490,"all_gulf","all_gulf","_1","species","Area","Yellowtail flounder",0.532568793316481,0.488347729206398,0.0442210641100825
"PT","occurrence",510,"all_gulf","all_gulf","_1","species","Area","Alewife",0.670932849746724,0.668847810605652,0.00208503914107154
"PT","occurrence",510,"all_gulf","all_gulf","_1","species","Area","Alligatorfish",0.799623421272481,0.753113274104638,0.0465101471678432
"PT","occurrence",510,"all_gulf","all_gulf","_1","species","Area","American plaice",0.543549080710996,0.520970569950957,0.0225785107600395
"PT","occurrence",510,"all_gulf","all_gulf","_1","species","Area","Arctic alligatorfish",0.887621038511193,0.856085381216414,0.0315356572947785
"PT","occurrence",510,"all_gulf","all_gulf","_1","species","Area","Arctic hookear sculpin",0.849109240186893,0.835244359350502,0.0138648808363905
"PT","occurrence",510,"all_gulf","all_gulf","_1","species","Area","Arctic staghorn sculpin",0.660473873147232,0.627755312061292,0.0327185610859402
"PT","occurrence",510,"all_gulf","all_gulf","_1","species","Area","Atlantic cod",0.474839514375059,0.456372298230016,0.0184672161450435
"PT","occurrence",510,"all_gulf","all_gulf","_1","species","Area","Atlantic herring",0.493267585071936,0.48844007449354,0.00482751057839606
"PT","occurrence",510,"all_gulf","all_gulf","_1","species","Area","Atlantic hookear sculpin",0.833208070834093,0.80351091421588,0.0296971566182126
"PT","occurrence",510,"all_gulf","all_gulf","_1","species","Area","Atlantic mackerel",0.414422142825687,0.413104724785421,0.00131741804026563
"PT","occurrence",510,"all_gulf","all_gulf","_1","species","Area","Atlantic poacher",0.730121386318894,0.703169799062175,0.0269515872567193
"PT","occurrence",510,"all_gulf","all_gulf","_1","species","Area","Atlantic spiny lumpsucker",0.4276195619285,0.419792907422462,0.00782665450603833
"PT","occurrence",510,"all_gulf","all_gulf","_1","species","Area","Capelin",0.33097968070221,0.327974618019071,0.00300506268313942
"PT","occurrence",510,"all_gulf","all_gulf","_1","species","Area","Daubed shanny",0.658868234126946,0.627751344885162,0.0311168892417844
"PT","occurrence",510,"all_gulf","all_gulf","_1","species","Area","Dusky snailfish",0.635482684371376,0.615317999123462,0.0201646852479141
"PT","occurrence",510,"all_gulf","all_gulf","_1","species","Area","Fourbeard rockling",0.638474571255617,0.592436143783588,0.046038427472029
"PT","occurrence",510,"all_gulf","all_gulf","_1","species","Area","Fourline snakeblenny",0.5441908705411,0.511026286878397,0.0331645836627033
"PT","occurrence",510,"all_gulf","all_gulf","_1","species","Area","Greenland cod",0.682724187617806,0.672057827165385,0.0106663604524213
"PT","occurrence",510,"all_gulf","all_gulf","_1","species","Area","Greenland halibut",0.500680531505485,0.497727504416945,0.00295302708853931
"PT","occurrence",510,"all_gulf","all_gulf","_1","species","Area","Laval's eelpout",0.75894686291277,0.716806157125542,0.0421407057872288
"PT","occurrence",510,"all_gulf","all_gulf","_1","species","Area","Longhorn sculpin",0.517864773848967,0.496782615678851,0.0210821581701157
"PT","occurrence",510,"all_gulf","all_gulf","_1","species","Area","Marlin-spike grenadier",0.573254195121388,0.55037018735788,0.0228840077635079
"PT","occurrence",510,"all_gulf","all_gulf","_1","species","Area","Moustache sculpin",0.759282289711791,0.743745627081444,0.0155366626303476
"PT","occurrence",510,"all_gulf","all_gulf","_1","species","Area","Northern sand lance",0.423069664902998,0.423069664902998,2.28983498828939e-17
"PT","occurrence",510,"all_gulf","all_gulf","_1","species","Area","Rainbow smelt",0.598978127761832,0.585025796309287,0.0139523314525451
"PT","occurrence",510,"all_gulf","all_gulf","_1","species","Area","Redfish unidentified",0.505009464942241,0.501010980540562,0.00399848440167897
"PT","occurrence",510,"all_gulf","all_gulf","_1","species","Area","Sea raven",0.294946486677899,0.288860090437824,0.00608639624007484
"PT","occurrence",510,"all_gulf","all_gulf","_1","species","Area","Shorthorn sculpin",0.388589985091363,0.378328132640276,0.0102618524510874
"PT","occurrence",510,"all_gulf","all_gulf","_1","species","Area","Smooth skate",0.661619912767566,0.647792103673276,0.0138278090942891
"PT","occurrence",510,"all_gulf","all_gulf","_1","species","Area","Snakeblenny",0.520047629410658,0.494258000388845,0.025789629021813
"PT","occurrence",510,"all_gulf","all_gulf","_1","species","Area","Spatulate sculpin",0.878813981880729,0.87078848356815,0.00802549831257817
"PT","occurrence",510,"all_gulf","all_gulf","_1","species","Area","Stout eelblenny",0.587324661262289,0.57006518139658,0.0172594798657092
"PT","occurrence",510,"all_gulf","all_gulf","_1","species","Area","Thorny skate",0.557132889163322,0.529260974574567,0.0278719145887553
"PT","occurrence",510,"all_gulf","all_gulf","_1","species","Area","Three-spined stickleback",0.447031948627057,0.444024397109624,0.00300755151743296
"PT","occurrence",510,"all_gulf","all_gulf","_1","species","Area","Vahl's eelpout",0.767880342936792,0.732167996395552,0.0357123465412402
"PT","occurrence",510,"all_gulf","all_gulf","_1","species","Area","White hake",0.394159159809221,0.38285211870739,0.0113070411018307
"PT","occurrence",510,"all_gulf","all_gulf","_1","species","Area","Windowpane flounder",0.593746774095958,0.589382771932708,0.00436400216325039
"PT","occurrence",510,"all_gulf","all_gulf","_1","species","Area","Winter flounder",0.304903738551588,0.278373887439965,0.0265298511116231
"PT","occurrence",510,"all_gulf","all_gulf","_1","species","Area","Witch flounder",0.474615794993033,0.42861349512331,0.0460022998697225
"PT","occurrence",510,"all_gulf","all_gulf","_1","species","Area","Yellowtail flounder",0.535292551312224,0.497728827890467,0.0375637234217568
"PT","occurrence",530,"all_gulf","all_gulf","_1","species","Area","Alewife",0.672247372882952,0.669843480338208,0.00240389254474451
"PT","occurrence",530,"all_gulf","all_gulf","_1","species","Area","Alligatorfish",0.796965685212029,0.742526363684346,0.0544393215276839
"PT","occurrence",530,"all_gulf","all_gulf","_1","species","Area","American plaice",0.535091325277609,0.510492593438423,0.0245987318391866
"PT","occurrence",530,"all_gulf","all_gulf","_1","species","Area","Arctic alligatorfish",0.889729745191508,0.857407250748695,0.0323224944428128
"PT","occurrence",530,"all_gulf","all_gulf","_1","species","Area","Arctic hookear sculpin",0.853470939799474,0.838628189786064,0.0148427500134106
"PT","occurrence",530,"all_gulf","all_gulf","_1","species","Area","Arctic staghorn sculpin",0.6601546063298,0.62418154453671,0.0359730617930903
"PT","occurrence",530,"all_gulf","all_gulf","_1","species","Area","Atlantic cod",0.471969759501723,0.452849625508361,0.0191201339933614
"PT","occurrence",530,"all_gulf","all_gulf","_1","species","Area","Atlantic herring",0.486692595910758,0.482054193328251,0.00463840258250733
"PT","occurrence",530,"all_gulf","all_gulf","_1","species","Area","Atlantic hookear sculpin",0.832384834011003,0.80255669183078,0.0298281421802237
"PT","occurrence",530,"all_gulf","all_gulf","_1","species","Area","Atlantic mackerel",0.425420340404597,0.424408997304651,0.00101134309994576
"PT","occurrence",530,"all_gulf","all_gulf","_1","species","Area","Atlantic poacher",0.726789275847078,0.696039645889824,0.0307496299572541
"PT","occurrence",530,"all_gulf","all_gulf","_1","species","Area","Atlantic spiny lumpsucker",0.419738997930234,0.41194510008113,0.00779389784910382
"PT","occurrence",530,"all_gulf","all_gulf","_1","species","Area","Capelin",0.341665927544025,0.338620603940298,0.00304532360372702
"PT","occurrence",530,"all_gulf","all_gulf","_1","species","Area","Daubed shanny",0.655506095666628,0.620171362310689,0.0353347333559384
"PT","occurrence",530,"all_gulf","all_gulf","_1","species","Area","Dusky snailfish",0.624972598704595,0.602786573538259,0.022186025166336
"PT","occurrence",530,"all_gulf","all_gulf","_1","species","Area","Fourbeard rockling",0.637906679999364,0.588615102889621,0.0492915771097425
"PT","occurrence",530,"all_gulf","all_gulf","_1","species","Area","Fourline snakeblenny",0.535711934712798,0.498338354709154,0.0373735800036433
"PT","occurrence",530,"all_gulf","all_gulf","_1","species","Area","Greenland cod",0.665507476365216,0.65459653877516,0.0109109375900562
"PT","occurrence",530,"all_gulf","all_gulf","_1","species","Area","Greenland halibut",0.499202832881468,0.49600933556554,0.0031934973159281
"PT","occurrence",530,"all_gulf","all_gulf","_1","species","Area","Laval's eelpout",0.746858570917421,0.695880458498678,0.0509781124187433
"PT","occurrence",530,"all_gulf","all_gulf","_1","species","Area","Longhorn sculpin",0.482162147910774,0.457956826828819,0.0242053210819549
"PT","occurrence",530,"all_gulf","all_gulf","_1","species","Area","Marlin-spike grenadier",0.571817712862714,0.548870001277684,0.0229477115850299
"PT","occurrence",530,"all_gulf","all_gulf","_1","species","Area","Moustache sculpin",0.755809148211102,0.737743144135902,0.0180660040752001
"PT","occurrence",530,"all_gulf","all_gulf","_1","species","Area","Northern sand lance",0.40668253968254,0.40668253968254,2.17881268582687e-17
"PT","occurrence",530,"all_gulf","all_gulf","_1","species","Area","Rainbow smelt",0.589448496044569,0.574232336344095,0.0152161597004738
"PT","occurrence",530,"all_gulf","all_gulf","_1","species","Area","Redfish unidentified",0.501515909105293,0.497415873101965,0.0041000360033271
"PT","occurrence",530,"all_gulf","all_gulf","_1","species","Area","Sea raven",0.301762983050291,0.295037308191092,0.006725674859199
"PT","occurrence",530,"all_gulf","all_gulf","_1","species","Area","Shorthorn sculpin",0.382779004959723,0.372550911468327,0.0102280934913958
"PT","occurrence",530,"all_gulf","all_gulf","_1","species","Area","Smooth skate",0.653104351705903,0.638009077382429,0.0150952743234739
"PT","occurrence",530,"all_gulf","all_gulf","_1","species","Area","Snakeblenny",0.51507239390613,0.486379387859025,0.0286930060471046
"PT","occurrence",530,"all_gulf","all_gulf","_1","species","Area","Spatulate sculpin",0.871525412471254,0.86246174783172,0.00906366463953401
"PT","occurrence",530,"all_gulf","all_gulf","_1","species","Area","Stout eelblenny",0.587817462145246,0.568882299096224,0.0189351630490214
"PT","occurrence",530,"all_gulf","all_gulf","_1","species","Area","Thorny skate",0.553634574972893,0.522572637887828,0.0310619370850653
"PT","occurrence",530,"all_gulf","all_gulf","_1","species","Area","Three-spined stickleback",0.43588381877784,0.433240743473698,0.00264307530414252
"PT","occurrence",530,"all_gulf","all_gulf","_1","species","Area","Vahl's eelpout",0.765717745296326,0.732454427132924,0.033263318163402
"PT","occurrence",530,"all_gulf","all_gulf","_1","species","Area","White hake",0.385395517952158,0.372899517915108,0.0124960000370506
"PT","occurrence",530,"all_gulf","all_gulf","_1","species","Area","Windowpane flounder",0.596368339693499,0.591941556667502,0.00442678302599748
"PT","occurrence",530,"all_gulf","all_gulf","_1","species","Area","Winter flounder",0.304529462225708,0.275218712021409,0.0293107502042984
"PT","occurrence",530,"all_gulf","all_gulf","_1","species","Area","Witch flounder",0.474127421080403,0.421927016201941,0.0522004048784621
"PT","occurrence",530,"all_gulf","all_gulf","_1","species","Area","Yellowtail flounder",0.531979624435986,0.489967389802003,0.0420122346339828
"PT","occurrence",550,"all_gulf","all_gulf","_1","species","Area","Alewife",0.661478146429325,0.658891883934526,0.00258626249479889
"PT","occurrence",550,"all_gulf","all_gulf","_1","species","Area","Alligatorfish",0.80313510383726,0.752244677783903,0.0508904260533573
"PT","occurrence",550,"all_gulf","all_gulf","_1","species","Area","American plaice",0.532087374130137,0.506674431394975,0.025412942735162
"PT","occurrence",550,"all_gulf","all_gulf","_1","species","Area","Arctic alligatorfish",0.877603655682162,0.846163350433313,0.031440305248849
"PT","occurrence",550,"all_gulf","all_gulf","_1","species","Area","Arctic hookear sculpin",0.846554163324762,0.83049762193779,0.0160565413869724
"PT","occurrence",550,"all_gulf","all_gulf","_1","species","Area","Arctic staghorn sculpin",0.649799103715482,0.613694323328014,0.0361047803874683
"PT","occurrence",550,"all_gulf","all_gulf","_1","species","Area","Atlantic cod",0.458446444571193,0.439041455247053,0.0194049893241404
"PT","occurrence",550,"all_gulf","all_gulf","_1","species","Area","Atlantic herring",0.49258844904633,0.487569725405936,0.00501872364039381
"PT","occurrence",550,"all_gulf","all_gulf","_1","species","Area","Atlantic hookear sculpin",0.827764789012538,0.797770854568043,0.0299939344444951
"PT","occurrence",550,"all_gulf","all_gulf","_1","species","Area","Atlantic mackerel",0.415292492984741,0.414166305486035,0.0011261874987064
"PT","occurrence",550,"all_gulf","all_gulf","_1","species","Area","Atlantic poacher",0.714322512853697,0.68272048452051,0.0316020283331868
"PT","occurrence",550,"all_gulf","all_gulf","_1","species","Area","Atlantic spiny lumpsucker",0.423181548208834,0.415636346832504,0.00754520137633028
"PT","occurrence",550,"all_gulf","all_gulf","_1","species","Area","Capelin",0.342984009663501,0.340246753964788,0.00273725569871372
"PT","occurrence",550,"all_gulf","all_gulf","_1","species","Area","Daubed shanny",0.653470848884318,0.619511203136695,0.0339596457476233
"PT","occurrence",550,"all_gulf","all_gulf","_1","species","Area","Dusky snailfish",0.621646417150626,0.598109516506741,0.0235369006438846
"PT","occurrence",550,"all_gulf","all_gulf","_1","species","Area","Fourbeard rockling",0.640097419359093,0.590666229498376,0.0494311898607173
"PT","occurrence",550,"all_gulf","all_gulf","_1","species","Area","Fourline snakeblenny",0.531589732689214,0.492854849225331,0.0387348834638826
"PT","occurrence",550,"all_gulf","all_gulf","_1","species","Area","Greenland cod",0.676254975080543,0.664324357395165,0.0119306176853775
"PT","occurrence",550,"all_gulf","all_gulf","_1","species","Area","Greenland halibut",0.504905595439341,0.50193538732409,0.00297020811525152
"PT","occurrence",550,"all_gulf","all_gulf","_1","species","Area","Laval's eelpout",0.749336717318673,0.70401711751858,0.0453195998000927
"PT","occurrence",550,"all_gulf","all_gulf","_1","species","Area","Longhorn sculpin",0.472840803852051,0.448767964331808,0.0240728395202428
"PT","occurrence",550,"all_gulf","all_gulf","_1","species","Area","Marlin-spike grenadier",0.575095220342501,0.550224411021713,0.0248708093207881
"PT","occurrence",550,"all_gulf","all_gulf","_1","species","Area","Moustache sculpin",0.747720378400947,0.729358592384657,0.0183617860162901
"PT","occurrence",550,"all_gulf","all_gulf","_1","species","Area","Northern sand lance",0.41484479717813,0.41484479717813,1.91513471747839e-17
"PT","occurrence",550,"all_gulf","all_gulf","_1","species","Area","Rainbow smelt",0.584294551510272,0.569691798086989,0.0146027534232827
"PT","occurrence",550,"all_gulf","all_gulf","_1","species","Area","Redfish unidentified",0.501964029363746,0.497520595233333,0.00444343413041328
"PT","occurrence",550,"all_gulf","all_gulf","_1","species","Area","Sea raven",0.299406235473796,0.292905317429146,0.00650091804464996
"PT","occurrence",550,"all_gulf","all_gulf","_1","species","Area","Shorthorn sculpin",0.387625368591113,0.377577693625333,0.0100476749657792
"PT","occurrence",550,"all_gulf","all_gulf","_1","species","Area","Smooth skate",0.651140344252014,0.636228041030397,0.0149123032216165
"PT","occurrence",550,"all_gulf","all_gulf","_1","species","Area","Snakeblenny",0.511655580959943,0.483899943244843,0.0277556377151004
"PT","occurrence",550,"all_gulf","all_gulf","_1","species","Area","Spatulate sculpin",0.875827829054205,0.867655981039274,0.00817184801493072
"PT","occurrence",550,"all_gulf","all_gulf","_1","species","Area","Stout eelblenny",0.585373396960409,0.567848987467784,0.0175244094926244
"PT","occurrence",550,"all_gulf","all_gulf","_1","species","Area","Thorny skate",0.552858791887784,0.522486207724739,0.0303725841630455
"PT","occurrence",550,"all_gulf","all_gulf","_1","species","Area","Three-spined stickleback",0.440951566649936,0.438002888735843,0.00294867791409296
"PT","occurrence",550,"all_gulf","all_gulf","_1","species","Area","Vahl's eelpout",0.763791995556286,0.730247007925066,0.0335449876312203
"PT","occurrence",550,"all_gulf","all_gulf","_1","species","Area","White hake",0.378532234613479,0.365826922409928,0.012705312203551
"PT","occurrence",550,"all_gulf","all_gulf","_1","species","Area","Windowpane flounder",0.555347892325744,0.550454753351693,0.0048931389740508
"PT","occurrence",550,"all_gulf","all_gulf","_1","species","Area","Winter flounder",0.306708770872556,0.27737194048903,0.0293368303835259
"PT","occurrence",550,"all_gulf","all_gulf","_1","species","Area","Witch flounder",0.469281452560816,0.417850187514471,0.0514312650463451
"PT","occurrence",550,"all_gulf","all_gulf","_1","species","Area","Yellowtail flounder",0.524505886394011,0.481967875982352,0.0425380104116582
"PT","occurrence",570,"all_gulf","all_gulf","_1","species","Area","Alewife",0.668157883895767,0.665496934013142,0.00266094988262548
"PT","occurrence",570,"all_gulf","all_gulf","_1","species","Area","Alligatorfish",0.791292056782235,0.729301877944345,0.0619901788378898
"PT","occurrence",570,"all_gulf","all_gulf","_1","species","Area","American plaice",0.525221989823372,0.496742899742971,0.0284790900804013
"PT","occurrence",570,"all_gulf","all_gulf","_1","species","Area","Arctic alligatorfish",0.872563687208487,0.834830860013345,0.037732827195142
"PT","occurrence",570,"all_gulf","all_gulf","_1","species","Area","Arctic hookear sculpin",0.845796919294384,0.828260195901213,0.0175367233931712
"PT","occurrence",570,"all_gulf","all_gulf","_1","species","Area","Arctic staghorn sculpin",0.652126732689384,0.610607262785622,0.0415194699037616
"PT","occurrence",570,"all_gulf","all_gulf","_1","species","Area","Atlantic cod",0.457964042296205,0.435573319200329,0.0223907230958762
"PT","occurrence",570,"all_gulf","all_gulf","_1","species","Area","Atlantic herring",0.488810703026339,0.484692389122035,0.00411831390430463
"PT","occurrence",570,"all_gulf","all_gulf","_1","species","Area","Atlantic hookear sculpin",0.830998364763322,0.794479848041451,0.0365185167218709
"PT","occurrence",570,"all_gulf","all_gulf","_1","species","Area","Atlantic mackerel",0.407931042647443,0.406586205036299,0.00134483761114376
"PT","occurrence",570,"all_gulf","all_gulf","_1","species","Area","Atlantic poacher",0.713298322822696,0.678155303861905,0.0351430189607913
"PT","occurrence",570,"all_gulf","all_gulf","_1","species","Area","Atlantic spiny lumpsucker",0.422013339872114,0.415090552398434,0.00692278747367968
"PT","occurrence",570,"all_gulf","all_gulf","_1","species","Area","Capelin",0.342271509456147,0.339487863128337,0.00278364632780969
"PT","occurrence",570,"all_gulf","all_gulf","_1","species","Area","Daubed shanny",0.647191307029959,0.607687298244591,0.0395040087853684
"PT","occurrence",570,"all_gulf","all_gulf","_1","species","Area","Dusky snailfish",0.618284188761058,0.592780721497303,0.0255034672637552
"PT","occurrence",570,"all_gulf","all_gulf","_1","species","Area","Fourbeard rockling",0.619350873754297,0.562210033745593,0.0571408400087038
"PT","occurrence",570,"all_gulf","all_gulf","_1","species","Area","Fourline snakeblenny",0.529475180187448,0.48779633986483,0.0416788403226183
"PT","occurrence",570,"all_gulf","all_gulf","_1","species","Area","Greenland cod",0.674581434017302,0.661241113420149,0.0133403205971521
"PT","occurrence",570,"all_gulf","all_gulf","_1","species","Area","Greenland halibut",0.506937247348445,0.503735014976837,0.00320223237160764
"PT","occurrence",570,"all_gulf","all_gulf","_1","species","Area","Laval's eelpout",0.744478050094353,0.69025967626701,0.0542183738273432
"PT","occurrence",570,"all_gulf","all_gulf","_1","species","Area","Longhorn sculpin",0.470551908031934,0.44254723074916,0.0280046772827737
"PT","occurrence",570,"all_gulf","all_gulf","_1","species","Area","Marlin-spike grenadier",0.571531219990343,0.544536163402189,0.0269950565881541
"PT","occurrence",570,"all_gulf","all_gulf","_1","species","Area","Moustache sculpin",0.749021295193215,0.729195024784975,0.0198262704082397
"PT","occurrence",570,"all_gulf","all_gulf","_1","species","Area","Northern sand lance",0.413014991181658,0.413014991181658,2.02615701994091e-17
"PT","occurrence",570,"all_gulf","all_gulf","_1","species","Area","Rainbow smelt",0.592605247377837,0.575597332909868,0.0170079144679687
"PT","occurrence",570,"all_gulf","all_gulf","_1","species","Area","Redfish unidentified",0.512801180678293,0.508019244515345,0.00478193616294778
"PT","occurrence",570,"all_gulf","all_gulf","_1","species","Area","Sea raven",0.303955550130941,0.298078805430097,0.00587674470084407
"PT","occurrence",570,"all_gulf","all_gulf","_1","species","Area","Shorthorn sculpin",0.381686502937545,0.369073836922774,0.0126126660147712
"PT","occurrence",570,"all_gulf","all_gulf","_1","species","Area","Smooth skate",0.6510387690911,0.633709170523072,0.0173295985680281
"PT","occurrence",570,"all_gulf","all_gulf","_1","species","Area","Snakeblenny",0.502425724003384,0.469861749517727,0.0325639744856579
"PT","occurrence",570,"all_gulf","all_gulf","_1","species","Area","Spatulate sculpin",0.87275965477728,0.862706449733461,0.0100532050438191
"PT","occurrence",570,"all_gulf","all_gulf","_1","species","Area","Stout eelblenny",0.581762470235725,0.561320579771189,0.0204418904645362
"PT","occurrence",570,"all_gulf","all_gulf","_1","species","Area","Thorny skate",0.545730577783428,0.510162068362318,0.0355685094211109
"PT","occurrence",570,"all_gulf","all_gulf","_1","species","Area","Three-spined stickleback",0.437735524238242,0.43489538512834,0.00284013910990198
"PT","occurrence",570,"all_gulf","all_gulf","_1","species","Area","Vahl's eelpout",0.759788563760069,0.722249307724467,0.0375392560356017
"PT","occurrence",570,"all_gulf","all_gulf","_1","species","Area","White hake",0.379883783573852,0.36617043346197,0.0137133501118822
"PT","occurrence",570,"all_gulf","all_gulf","_1","species","Area","Windowpane flounder",0.555110116017488,0.549616841204598,0.00549327481289006
"PT","occurrence",570,"all_gulf","all_gulf","_1","species","Area","Winter flounder",0.30674225858941,0.273347849420383,0.033394409169027
"PT","occurrence",570,"all_gulf","all_gulf","_1","species","Area","Witch flounder",0.463381150787216,0.402950457862642,0.0604306929245737
"PT","occurrence",570,"all_gulf","all_gulf","_1","species","Area","Yellowtail flounder",0.520916483215139,0.472684268539312,0.0482322146758269
"PT","occurrence",590,"all_gulf","all_gulf","_1","species","Area","Alewife",0.663379343949941,0.660876797294698,0.00250254665524279
"PT","occurrence",590,"all_gulf","all_gulf","_1","species","Area","Alligatorfish",0.795958159235794,0.740246928862822,0.0557112303729727
"PT","occurrence",590,"all_gulf","all_gulf","_1","species","Area","American plaice",0.528771034728081,0.503085558473389,0.0256854762546923
"PT","occurrence",590,"all_gulf","all_gulf","_1","species","Area","Arctic alligatorfish",0.878198720131234,0.843384511611836,0.0348142085193987
"PT","occurrence",590,"all_gulf","all_gulf","_1","species","Area","Arctic hookear sculpin",0.842473415745084,0.82603960684117,0.0164338089039142
"PT","occurrence",590,"all_gulf","all_gulf","_1","species","Area","Arctic staghorn sculpin",0.656379442087546,0.618220491630021,0.0381589504575253
"PT","occurrence",590,"all_gulf","all_gulf","_1","species","Area","Atlantic cod",0.463847839552399,0.443944773298526,0.0199030662538732
"PT","occurrence",590,"all_gulf","all_gulf","_1","species","Area","Atlantic herring",0.489907304431307,0.485635445053923,0.00427185937738402
"PT","occurrence",590,"all_gulf","all_gulf","_1","species","Area","Atlantic hookear sculpin",0.829101141990767,0.796411405881709,0.0326897361090582
"PT","occurrence",590,"all_gulf","all_gulf","_1","species","Area","Atlantic mackerel",0.405508608230815,0.404296548725664,0.00121205950515076
"PT","occurrence",590,"all_gulf","all_gulf","_1","species","Area","Atlantic poacher",0.713447900379902,0.680069626956439,0.033378273423463
"PT","occurrence",590,"all_gulf","all_gulf","_1","species","Area","Atlantic spiny lumpsucker",0.428602681209939,0.420881882615533,0.00772079859440517
"PT","occurrence",590,"all_gulf","all_gulf","_1","species","Area","Capelin",0.344648521486025,0.34186953325078,0.00277898823524484
"PT","occurrence",590,"all_gulf","all_gulf","_1","species","Area","Daubed shanny",0.648508507722479,0.610822545099494,0.0376859626229845
"PT","occurrence",590,"all_gulf","all_gulf","_1","species","Area","Dusky snailfish",0.622569467981229,0.600316091600002,0.0222533763812269
"PT","occurrence",590,"all_gulf","all_gulf","_1","species","Area","Fourbeard rockling",0.625737991778245,0.570155507763764,0.0555824840144817
"PT","occurrence",590,"all_gulf","all_gulf","_1","species","Area","Fourline snakeblenny",0.533938739755466,0.495432648839837,0.0385060909156291
"PT","occurrence",590,"all_gulf","all_gulf","_1","species","Area","Greenland cod",0.66971080686347,0.658133504681462,0.0115773021820076
"PT","occurrence",590,"all_gulf","all_gulf","_1","species","Area","Greenland halibut",0.500717194628683,0.497493488056631,0.0032237065720524
"PT","occurrence",590,"all_gulf","all_gulf","_1","species","Area","Laval's eelpout",0.737367003111265,0.686620497085075,0.0507465060261901
"PT","occurrence",590,"all_gulf","all_gulf","_1","species","Area","Longhorn sculpin",0.467791179787869,0.441198096862582,0.0265930829252872
"PT","occurrence",590,"all_gulf","all_gulf","_1","species","Area","Marlin-spike grenadier",0.569117661520593,0.542751438496863,0.0263662230237298
"PT","occurrence",590,"all_gulf","all_gulf","_1","species","Area","Moustache sculpin",0.747761724510769,0.727854672531505,0.0199070519792643
"PT","occurrence",590,"all_gulf","all_gulf","_1","species","Area","Northern sand lance",0.416018518518519,0.416018518518519,2.65065747129256e-17
"PT","occurrence",590,"all_gulf","all_gulf","_1","species","Area","Rainbow smelt",0.589397587467869,0.574181217500073,0.0152163699677955
"PT","occurrence",590,"all_gulf","all_gulf","_1","species","Area","Redfish unidentified",0.498080743180025,0.493706671105087,0.00437407207493807
"PT","occurrence",590,"all_gulf","all_gulf","_1","species","Area","Sea raven",0.295529657976394,0.28921984793105,0.00630981004534446
"PT","occurrence",590,"all_gulf","all_gulf","_1","species","Area","Shorthorn sculpin",0.387359447873814,0.375690316951285,0.0116691309225287
"PT","occurrence",590,"all_gulf","all_gulf","_1","species","Area","Smooth skate",0.652142996172002,0.635367963885392,0.0167750322866102
"PT","occurrence",590,"all_gulf","all_gulf","_1","species","Area","Snakeblenny",0.505978296701094,0.474981059132483,0.0309972375686114
"PT","occurrence",590,"all_gulf","all_gulf","_1","species","Area","Spatulate sculpin",0.872288052640217,0.862717109362296,0.00957094327792105
"PT","occurrence",590,"all_gulf","all_gulf","_1","species","Area","Stout eelblenny",0.583283460596067,0.565188451725229,0.018095008870838
"PT","occurrence",590,"all_gulf","all_gulf","_1","species","Area","Thorny skate",0.550979699951092,0.51729963342435,0.0336800665267427
"PT","occurrence",590,"all_gulf","all_gulf","_1","species","Area","Three-spined stickleback",0.452069599985361,0.449985255695483,0.00208434428987791
"PT","occurrence",590,"all_gulf","all_gulf","_1","species","Area","Vahl's eelpout",0.751227780427359,0.705063332066753,0.046164448360606
"PT","occurrence",590,"all_gulf","all_gulf","_1","species","Area","White hake",0.378609126081297,0.366085520223048,0.0125236058582488
"PT","occurrence",590,"all_gulf","all_gulf","_1","species","Area","Windowpane flounder",0.548442810970399,0.542667186341644,0.00577562462875501
"PT","occurrence",590,"all_gulf","all_gulf","_1","species","Area","Winter flounder",0.301019263206691,0.268456401318971,0.0325628618877206
"PT","occurrence",590,"all_gulf","all_gulf","_1","species","Area","Witch flounder",0.469223053631941,0.413736931057133,0.0554861225748075
"PT","occurrence",590,"all_gulf","all_gulf","_1","species","Area","Yellowtail flounder",0.522665789904846,0.477179223269738,0.0454865666351078
"PT","occurrence",610,"all_gulf","all_gulf","_1","species","Area","Alewife",0.66507453967741,0.662582738755677,0.00249180092173249
"PT","occurrence",610,"all_gulf","all_gulf","_1","species","Area","Alligatorfish",0.796415071634289,0.741146097633446,0.0552689740008431
"PT","occurrence",610,"all_gulf","all_gulf","_1","species","Area","American plaice",0.533283636636571,0.508837506457456,0.0244461301791153
"PT","occurrence",610,"all_gulf","all_gulf","_1","species","Area","Arctic alligatorfish",0.869835538472169,0.835991722439205,0.0338438160329642
"PT","occurrence",610,"all_gulf","all_gulf","_1","species","Area","Arctic hookear sculpin",0.845283825805894,0.830150746025121,0.0151330797807727
"PT","occurrence",610,"all_gulf","all_gulf","_1","species","Area","Arctic staghorn sculpin",0.656014484269145,0.620431026594922,0.035583457674223
"PT","occurrence",610,"all_gulf","all_gulf","_1","species","Area","Atlantic cod",0.460392825523935,0.441974913592513,0.0184179119314218
"PT","occurrence",610,"all_gulf","all_gulf","_1","species","Area","Atlantic herring",0.491294385448952,0.486737136015001,0.00455724943395124
"PT","occurrence",610,"all_gulf","all_gulf","_1","species","Area","Atlantic hookear sculpin",0.832084302303202,0.805234993311129,0.0268493089920731
"PT","occurrence",610,"all_gulf","all_gulf","_1","species","Area","Atlantic mackerel",0.413934314973617,0.412856365666233,0.00107794930738359
"PT","occurrence",610,"all_gulf","all_gulf","_1","species","Area","Atlantic poacher",0.711645255144544,0.679971908233377,0.0316733469111676
"PT","occurrence",610,"all_gulf","all_gulf","_1","species","Area","Atlantic spiny lumpsucker",0.426461626188495,0.419101441502745,0.00736018468574986
"PT","occurrence",610,"all_gulf","all_gulf","_1","species","Area","Capelin",0.335623860247951,0.333055175100518,0.00256868514743298
"PT","occurrence",610,"all_gulf","all_gulf","_1","species","Area","Daubed shanny",0.644891420105284,0.61212364197587,0.0327677781294141
"PT","occurrence",610,"all_gulf","all_gulf","_1","species","Area","Dusky snailfish",0.623482330006953,0.602834711446552,0.0206476185604011
"PT","occurrence",610,"all_gulf","all_gulf","_1","species","Area","Fourbeard rockling",0.636619557520425,0.587837430446986,0.0487821270734382
"PT","occurrence",610,"all_gulf","all_gulf","_1","species","Area","Fourline snakeblenny",0.536094648527863,0.501671180586142,0.0344234679417213
"PT","occurrence",610,"all_gulf","all_gulf","_1","species","Area","Greenland cod",0.663919257373018,0.651345488930292,0.012573768442726
"PT","occurrence",610,"all_gulf","all_gulf","_1","species","Area","Greenland halibut",0.493501197070779,0.490533352444417,0.00296784462636179
"PT","occurrence",610,"all_gulf","all_gulf","_1","species","Area","Laval's eelpout",0.747109544608895,0.700351770376271,0.0467577742326234
"PT","occurrence",610,"all_gulf","all_gulf","_1","species","Area","Longhorn sculpin",0.472210423869156,0.447398692952065,0.0248117309170911
"PT","occurrence",610,"all_gulf","all_gulf","_1","species","Area","Marlin-spike grenadier",0.566858535202409,0.541961978870595,0.0248965563318139
"PT","occurrence",610,"all_gulf","all_gulf","_1","species","Area","Moustache sculpin",0.752319678520124,0.734450678944213,0.0178689995759108
"PT","occurrence",610,"all_gulf","all_gulf","_1","species","Area","Northern sand lance",0.432364197530864,0.432364197530864,2.78943534937071e-17
"PT","occurrence",610,"all_gulf","all_gulf","_1","species","Area","Rainbow smelt",0.587571592019527,0.572515805590395,0.0150557864291316
"PT","occurrence",610,"all_gulf","all_gulf","_1","species","Area","Redfish unidentified",0.496391634217468,0.491638822445478,0.00475281177199015
"PT","occurrence",610,"all_gulf","all_gulf","_1","species","Area","Sea raven",0.29173500810466,0.285924057062923,0.00581095104173754
"PT","occurrence",610,"all_gulf","all_gulf","_1","species","Area","Shorthorn sculpin",0.383023134621909,0.372113420001705,0.0109097146202038
"PT","occurrence",610,"all_gulf","all_gulf","_1","species","Area","Smooth skate",0.651971335650088,0.636817889178942,0.0151534464711456
"PT","occurrence",610,"all_gulf","all_gulf","_1","species","Area","Snakeblenny",0.507868499257751,0.478501829748767,0.0293666695089836
"PT","occurrence",610,"all_gulf","all_gulf","_1","species","Area","Spatulate sculpin",0.877585646935306,0.869427527011452,0.00815811992385457
"PT","occurrence",610,"all_gulf","all_gulf","_1","species","Area","Stout eelblenny",0.582932644219425,0.566166687180251,0.0167659570391736
"PT","occurrence",610,"all_gulf","all_gulf","_1","species","Area","Thorny skate",0.551442836215807,0.520601757018331,0.0308410791974763
"PT","occurrence",610,"all_gulf","all_gulf","_1","species","Area","Three-spined stickleback",0.445950259583412,0.442748188049324,0.00320207153408737
"PT","occurrence",610,"all_gulf","all_gulf","_1","species","Area","Vahl's eelpout",0.769444541380973,0.731991997684035,0.0374525436969381
"PT","occurrence",610,"all_gulf","all_gulf","_1","species","Area","White hake",0.377831258209842,0.365932387931586,0.0118988702782565
"PT","occurrence",610,"all_gulf","all_gulf","_1","species","Area","Windowpane flounder",0.56355864068792,0.558700607321232,0.004858033366688
"PT","occurrence",610,"all_gulf","all_gulf","_1","species","Area","Winter flounder",0.302386956922024,0.273201307041639,0.0291856498803854
"PT","occurrence",610,"all_gulf","all_gulf","_1","species","Area","Witch flounder",0.468897063659003,0.416203457703489,0.052693605955514
"PT","occurrence",610,"all_gulf","all_gulf","_1","species","Area","Yellowtail flounder",0.52475447220513,0.482569808471911,0.042184663733219
"PT","occurrence",630,"all_gulf","all_gulf","_1","species","Area","Alewife",0.662810492482098,0.660244532586354,0.00256595989574403
"PT","occurrence",630,"all_gulf","all_gulf","_1","species","Area","Alligatorfish",0.79389367316306,0.7393849659495,0.05450870721356
"PT","occurrence",630,"all_gulf","all_gulf","_1","species","Area","American plaice",0.53145252078016,0.507508626386642,0.0239438943935176
"PT","occurrence",630,"all_gulf","all_gulf","_1","species","Area","Arctic alligatorfish",0.875525274399406,0.840333209846465,0.0351920645529408
"PT","occurrence",630,"all_gulf","all_gulf","_1","species","Area","Arctic hookear sculpin",0.844990958139245,0.828468626499783,0.0165223316394619
"PT","occurrence",630,"all_gulf","all_gulf","_1","species","Area","Arctic staghorn sculpin",0.648029719101725,0.611352389681664,0.0366773294200604
"PT","occurrence",630,"all_gulf","all_gulf","_1","species","Area","Atlantic cod",0.465493938660701,0.446691034571117,0.0188029040895831
"PT","occurrence",630,"all_gulf","all_gulf","_1","species","Area","Atlantic herring",0.493141411274608,0.488740683190146,0.00440072808446144
"PT","occurrence",630,"all_gulf","all_gulf","_1","species","Area","Atlantic hookear sculpin",0.827541321941991,0.797170220375661,0.0303711015663305
"PT","occurrence",630,"all_gulf","all_gulf","_1","species","Area","Atlantic mackerel",0.411097306656562,0.409711730553578,0.00138557610298475
"PT","occurrence",630,"all_gulf","all_gulf","_1","species","Area","Atlantic poacher",0.715303630406053,0.683114914276816,0.032188716129237
"PT","occurrence",630,"all_gulf","all_gulf","_1","species","Area","Atlantic spiny lumpsucker",0.431035846323106,0.423142859481877,0.00789298684122879
"PT","occurrence",630,"all_gulf","all_gulf","_1","species","Area","Capelin",0.342848811009563,0.340043469314127,0.00280534169543653
"PT","occurrence",630,"all_gulf","all_gulf","_1","species","Area","Daubed shanny",0.64209128592248,0.607378061725954,0.034713224196526
"PT","occurrence",630,"all_gulf","all_gulf","_1","species","Area","Dusky snailfish",0.613072939524631,0.591658212886699,0.0214147266379316
"PT","occurrence",630,"all_gulf","all_gulf","_1","species","Area","Fourbeard rockling",0.629685075179624,0.57813296846237,0.051552106717254
"PT","occurrence",630,"all_gulf","all_gulf","_1","species","Area","Fourline snakeblenny",0.54408638092525,0.509199269598917,0.0348871113263334
"PT","occurrence",630,"all_gulf","all_gulf","_1","species","Area","Greenland cod",0.672483014945888,0.660592316205745,0.0118906987401425
"PT","occurrence",630,"all_gulf","all_gulf","_1","species","Area","Greenland halibut",0.506926946022733,0.504011574640428,0.0029153713823053
"PT","occurrence",630,"all_gulf","all_gulf","_1","species","Area","Laval's eelpout",0.725695035442784,0.675441314692545,0.0502537207502386
"PT","occurrence",630,"all_gulf","all_gulf","_1","species","Area","Longhorn sculpin",0.470504929662717,0.445338934980638,0.0251659946820787
"PT","occurrence",630,"all_gulf","all_gulf","_1","species","Area","Marlin-spike grenadier",0.576939747638569,0.551106188469368,0.0258335591692014
"PT","occurrence",630,"all_gulf","all_gulf","_1","species","Area","Moustache sculpin",0.74710549553326,0.727740432967989,0.0193650625652713
"PT","occurrence",630,"all_gulf","all_gulf","_1","species","Area","Northern sand lance",0.426625220458554,0.426625220458554,1.88737914186277e-17
"PT","occurrence",630,"all_gulf","all_gulf","_1","species","Area","Rainbow smelt",0.587850215849057,0.572945280714735,0.0149049351343215
"PT","occurrence",630,"all_gulf","all_gulf","_1","species","Area","Redfish unidentified",0.50566328490878,0.501657984837963,0.00400530007081661
"PT","occurrence",630,"all_gulf","all_gulf","_1","species","Area","Sea raven",0.264234339072807,0.255610947604659,0.00862339146814795
"PT","occurrence",630,"all_gulf","all_gulf","_1","species","Area","Shorthorn sculpin",0.371121495840836,0.360279699797121,0.0108417960437141
"PT","occurrence",630,"all_gulf","all_gulf","_1","species","Area","Smooth skate",0.651345966606344,0.634754324781794,0.0165916418245495
"PT","occurrence",630,"all_gulf","all_gulf","_1","species","Area","Snakeblenny",0.504178573972833,0.476522574943573,0.0276559990292596
"PT","occurrence",630,"all_gulf","all_gulf","_1","species","Area","Spatulate sculpin",0.882931816266092,0.87400511540491,0.00892670086118171
"PT","occurrence",630,"all_gulf","all_gulf","_1","species","Area","Stout eelblenny",0.583926753624349,0.566584066819038,0.0173426868053116
"PT","occurrence",630,"all_gulf","all_gulf","_1","species","Area","Thorny skate",0.550850813333281,0.519981255197784,0.0308695581354968
"PT","occurrence",630,"all_gulf","all_gulf","_1","species","Area","Three-spined stickleback",0.42140340516971,0.418724796667978,0.00267860850173105
"PT","occurrence",630,"all_gulf","all_gulf","_1","species","Area","Vahl's eelpout",0.763820227318667,0.724298738220015,0.0395214890986526
"PT","occurrence",630,"all_gulf","all_gulf","_1","species","Area","White hake",0.375577464688301,0.362639099732893,0.0129383649554076
"PT","occurrence",630,"all_gulf","all_gulf","_1","species","Area","Windowpane flounder",0.555808117559681,0.550654236248292,0.00515388131138915
"PT","occurrence",630,"all_gulf","all_gulf","_1","species","Area","Winter flounder",0.299611156634897,0.269681031968269,0.0299301246666281
"PT","occurrence",630,"all_gulf","all_gulf","_1","species","Area","Witch flounder",0.463050297885284,0.412171738337548,0.0508785595477363
"PT","occurrence",630,"all_gulf","all_gulf","_1","species","Area","Yellowtail flounder",0.525341764141812,0.483411579214357,0.0419301849274549
"PT","occurrence",650,"all_gulf","all_gulf","_1","species","Area","Alewife",0.665276847783396,0.663222247647408,0.00205460013598819
"PT","occurrence",650,"all_gulf","all_gulf","_1","species","Area","Alligatorfish",0.790553583609406,0.739964820641992,0.050588762967414
"PT","occurrence",650,"all_gulf","all_gulf","_1","species","Area","American plaice",0.531663302325279,0.508806128750917,0.0228571735743627
"PT","occurrence",650,"all_gulf","all_gulf","_1","species","Area","Arctic alligatorfish",0.878834662372232,0.849839120892778,0.0289955414794542
"PT","occurrence",650,"all_gulf","all_gulf","_1","species","Area","Arctic hookear sculpin",0.840160698303312,0.82493446669609,0.0152262316072216
"PT","occurrence",650,"all_gulf","all_gulf","_1","species","Area","Arctic staghorn sculpin",0.648617284651341,0.614117364688251,0.0344999199630909
"PT","occurrence",650,"all_gulf","all_gulf","_1","species","Area","Atlantic cod",0.463619122232268,0.445764787264289,0.0178543349679792
"PT","occurrence",650,"all_gulf","all_gulf","_1","species","Area","Atlantic herring",0.489794075898627,0.4854150202527,0.00437905564592697
"PT","occurrence",650,"all_gulf","all_gulf","_1","species","Area","Atlantic hookear sculpin",0.819631539030998,0.787883383723997,0.0317481553070009
"PT","occurrence",650,"all_gulf","all_gulf","_1","species","Area","Atlantic mackerel",0.414598704855675,0.413495125887193,0.00110357896848215
"PT","occurrence",650,"all_gulf","all_gulf","_1","species","Area","Atlantic poacher",0.716547962163509,0.687530428882526,0.0290175332809829
"PT","occurrence",650,"all_gulf","all_gulf","_1","species","Area","Atlantic spiny lumpsucker",0.424048437438669,0.416625617294867,0.00742282014380173
"PT","occurrence",650,"all_gulf","all_gulf","_1","species","Area","Capelin",0.333283367125735,0.330734264330143,0.00254910279559197
"PT","occurrence",650,"all_gulf","all_gulf","_1","species","Area","Daubed shanny",0.648202415390766,0.614483598751171,0.0337188166395947
"PT","occurrence",650,"all_gulf","all_gulf","_1","species","Area","Dusky snailfish",0.613607262551841,0.593760083276316,0.0198471792755247
"PT","occurrence",650,"all_gulf","all_gulf","_1","species","Area","Fourbeard rockling",0.636145707009886,0.587248238371555,0.0488974686383309
"PT","occurrence",650,"all_gulf","all_gulf","_1","species","Area","Fourline snakeblenny",0.528971600960482,0.495024683007489,0.0339469179529933
"PT","occurrence",650,"all_gulf","all_gulf","_1","species","Area","Greenland cod",0.673790587716081,0.662966914592015,0.0108236731240652
"PT","occurrence",650,"all_gulf","all_gulf","_1","species","Area","Greenland halibut",0.505728829397358,0.502921546496066,0.00280728290129214
"PT","occurrence",650,"all_gulf","all_gulf","_1","species","Area","Laval's eelpout",0.727659736423506,0.675795707738443,0.0518640286850629
"PT","occurrence",650,"all_gulf","all_gulf","_1","species","Area","Longhorn sculpin",0.471805113965371,0.447926320322982,0.0238787936423892
"PT","occurrence",650,"all_gulf","all_gulf","_1","species","Area","Marlin-spike grenadier",0.581823449246811,0.55836838763526,0.0234550616115513
"PT","occurrence",650,"all_gulf","all_gulf","_1","species","Area","Moustache sculpin",0.750715007098046,0.732991948247946,0.0177230588501
"PT","occurrence",650,"all_gulf","all_gulf","_1","species","Area","Northern sand lance",0.414008818342152,0.414008818342152,1.76247905159244e-17
"PT","occurrence",650,"all_gulf","all_gulf","_1","species","Area","Rainbow smelt",0.587975496323208,0.574179702081537,0.0137957942416719
"PT","occurrence",650,"all_gulf","all_gulf","_1","species","Area","Redfish unidentified",0.501564694023013,0.49752065292732,0.00404404109569301
"PT","occurrence",650,"all_gulf","all_gulf","_1","species","Area","Sea raven",0.253670751698363,0.246567447427463,0.00710330427089955
"PT","occurrence",650,"all_gulf","all_gulf","_1","species","Area","Shorthorn sculpin",0.372687594506565,0.36198410446983,0.0107034900367345
"PT","occurrence",650,"all_gulf","all_gulf","_1","species","Area","Smooth skate",0.655436797156556,0.640217222137565,0.0152195750189902
"PT","occurrence",650,"all_gulf","all_gulf","_1","species","Area","Snakeblenny",0.509492614223038,0.48426763297101,0.0252249812520276
"PT","occurrence",650,"all_gulf","all_gulf","_1","species","Area","Spatulate sculpin",0.872000502462837,0.86381164990571,0.00818885255712634
"PT","occurrence",650,"all_gulf","all_gulf","_1","species","Area","Stout eelblenny",0.588066991185927,0.572502234050362,0.0155647571355642
"PT","occurrence",650,"all_gulf","all_gulf","_1","species","Area","Thorny skate",0.554748675514826,0.525872167892591,0.0288765076222354
"PT","occurrence",650,"all_gulf","all_gulf","_1","species","Area","Three-spined stickleback",0.445182527918941,0.441464228322183,0.00371829959675812
"PT","occurrence",650,"all_gulf","all_gulf","_1","species","Area","Vahl's eelpout",0.757169022756525,0.717534848458739,0.0396341742977853
"PT","occurrence",650,"all_gulf","all_gulf","_1","species","Area","White hake",0.380313544814009,0.368264985145072,0.0120485596689371
"PT","occurrence",650,"all_gulf","all_gulf","_1","species","Area","Windowpane flounder",0.536995846726403,0.532049885031975,0.00494596169442767
"PT","occurrence",650,"all_gulf","all_gulf","_1","species","Area","Winter flounder",0.302377781631677,0.274765326915992,0.0276124547156854
"PT","occurrence",650,"all_gulf","all_gulf","_1","species","Area","Witch flounder",0.467370300501447,0.418271265591738,0.0490990349097096
"PT","occurrence",650,"all_gulf","all_gulf","_1","species","Area","Yellowtail flounder",0.525853659030974,0.485396226985431,0.0404574320455424
"PT","occurrence",670,"all_gulf","all_gulf","_1","species","Area","Alewife",0.661117065180023,0.65848064466109,0.00263642051893356
"PT","occurrence",670,"all_gulf","all_gulf","_1","species","Area","Alligatorfish",0.795913703108176,0.738435702648687,0.0574780004594886
"PT","occurrence",670,"all_gulf","all_gulf","_1","species","Area","American plaice",0.526426163611957,0.499639500953397,0.0267866626585598
"PT","occurrence",670,"all_gulf","all_gulf","_1","species","Area","Arctic alligatorfish",0.873848781385062,0.837562758764899,0.0362860226201634
"PT","occurrence",670,"all_gulf","all_gulf","_1","species","Area","Arctic hookear sculpin",0.847909440551309,0.830988067067742,0.0169213734835668
"PT","occurrence",670,"all_gulf","all_gulf","_1","species","Area","Arctic staghorn sculpin",0.649120862788442,0.607094924627825,0.0420259381606171
"PT","occurrence",670,"all_gulf","all_gulf","_1","species","Area","Atlantic cod",0.463848730795107,0.443123019709912,0.0207257110851953
"PT","occurrence",670,"all_gulf","all_gulf","_1","species","Area","Atlantic herring",0.488495536907839,0.484394811668832,0.00410072523900705
"PT","occurrence",670,"all_gulf","all_gulf","_1","species","Area","Atlantic hookear sculpin",0.822812179033947,0.788992136199403,0.033820042834543
"PT","occurrence",670,"all_gulf","all_gulf","_1","species","Area","Atlantic mackerel",0.413751176087337,0.412633734424687,0.0011174416626493
"PT","occurrence",670,"all_gulf","all_gulf","_1","species","Area","Atlantic poacher",0.714597736736776,0.680066850607913,0.034530886128863
"PT","occurrence",670,"all_gulf","all_gulf","_1","species","Area","Atlantic spiny lumpsucker",0.420424838616443,0.411753882297315,0.00867095631912808
"PT","occurrence",670,"all_gulf","all_gulf","_1","species","Area","Capelin",0.341416938813619,0.33871528080293,0.00270165801068836
"PT","occurrence",670,"all_gulf","all_gulf","_1","species","Area","Daubed shanny",0.648417183109799,0.609965704657587,0.0384514784522125
"PT","occurrence",670,"all_gulf","all_gulf","_1","species","Area","Dusky snailfish",0.612580083432049,0.589276753407234,0.0233033300248155
"PT","occurrence",670,"all_gulf","all_gulf","_1","species","Area","Fourbeard rockling",0.625958038050137,0.566398150498351,0.059559887551786
"PT","occurrence",670,"all_gulf","all_gulf","_1","species","Area","Fourline snakeblenny",0.538746712475093,0.496892140477849,0.0418545719972437
"PT","occurrence",670,"all_gulf","all_gulf","_1","species","Area","Greenland cod",0.656413231535822,0.644624631149168,0.0117886003866541
"PT","occurrence",670,"all_gulf","all_gulf","_1","species","Area","Greenland halibut",0.505073740387954,0.50148708640903,0.0035866539789238
"PT","occurrence",670,"all_gulf","all_gulf","_1","species","Area","Laval's eelpout",0.720980874803661,0.666043001337338,0.0549378734663233
"PT","occurrence",670,"all_gulf","all_gulf","_1","species","Area","Longhorn sculpin",0.455499523379524,0.42707926378448,0.028420259595044
"PT","occurrence",670,"all_gulf","all_gulf","_1","species","Area","Marlin-spike grenadier",0.574425671355755,0.545533823452868,0.0288918479028863
"PT","occurrence",670,"all_gulf","all_gulf","_1","species","Area","Moustache sculpin",0.751090691074905,0.730219958787118,0.020870732287787
"PT","occurrence",670,"all_gulf","all_gulf","_1","species","Area","Northern sand lance",0.429960317460317,0.429960317460317,1.79023462720806e-17
"PT","occurrence",670,"all_gulf","all_gulf","_1","species","Area","Rainbow smelt",0.58307202228,0.566799011306016,0.0162730109739833
"PT","occurrence",670,"all_gulf","all_gulf","_1","species","Area","Redfish unidentified",0.503898590196796,0.498790729431613,0.00510786076518317
"PT","occurrence",670,"all_gulf","all_gulf","_1","species","Area","Sea raven",0.252901428501021,0.243884284894922,0.00901714360609908
"PT","occurrence",670,"all_gulf","all_gulf","_1","species","Area","Shorthorn sculpin",0.35873232783565,0.34664073266206,0.01209159517359
"PT","occurrence",670,"all_gulf","all_gulf","_1","species","Area","Smooth skate",0.650429680239998,0.633799882439087,0.0166297978009118
"PT","occurrence",670,"all_gulf","all_gulf","_1","species","Area","Snakeblenny",0.505736428190812,0.475246093072976,0.0304903351178356
"PT","occurrence",670,"all_gulf","all_gulf","_1","species","Area","Spatulate sculpin",0.86982015900189,0.859847940665053,0.00997221833683721
"PT","occurrence",670,"all_gulf","all_gulf","_1","species","Area","Stout eelblenny",0.58430337896674,0.563620260641231,0.0206831183255099
"PT","occurrence",670,"all_gulf","all_gulf","_1","species","Area","Thorny skate",0.548683909049024,0.514198079480207,0.0344858295688173
"PT","occurrence",670,"all_gulf","all_gulf","_1","species","Area","Three-spined stickleback",0.444543339711818,0.442225441645896,0.0023178980659218
"PT","occurrence",670,"all_gulf","all_gulf","_1","species","Area","Vahl's eelpout",0.777747380629378,0.742659978891379,0.0350874017379983
"PT","occurrence",670,"all_gulf","all_gulf","_1","species","Area","White hake",0.375265220877399,0.361930253231709,0.0133349676456897
"PT","occurrence",670,"all_gulf","all_gulf","_1","species","Area","Windowpane flounder",0.555485050785161,0.54989395902001,0.00559109176515136
"PT","occurrence",670,"all_gulf","all_gulf","_1","species","Area","Winter flounder",0.29822939637146,0.265403983101959,0.0328254132695018
"PT","occurrence",670,"all_gulf","all_gulf","_1","species","Area","Witch flounder",0.462939331580215,0.40561244088297,0.0573268906972455
"PT","occurrence",670,"all_gulf","all_gulf","_1","species","Area","Yellowtail flounder",0.521190827237962,0.474994080396818,0.0461967468411446
"PT","occurrence",690,"all_gulf","all_gulf","_1","species","Area","Alewife",0.662655353626653,0.65993102624925,0.00272432737740298
"PT","occurrence",690,"all_gulf","all_gulf","_1","species","Area","Alligatorfish",0.799415930225394,0.740797001271605,0.0586189289537893
"PT","occurrence",690,"all_gulf","all_gulf","_1","species","Area","American plaice",0.524126371726706,0.496353386228566,0.0277729854981406
"PT","occurrence",690,"all_gulf","all_gulf","_1","species","Area","Arctic alligatorfish",0.871913077964095,0.828600567900503,0.0433125100635923
"PT","occurrence",690,"all_gulf","all_gulf","_1","species","Area","Arctic hookear sculpin",0.841714178572821,0.822901606002198,0.0188125725706232
"PT","occurrence",690,"all_gulf","all_gulf","_1","species","Area","Arctic staghorn sculpin",0.645184139230762,0.60407127926077,0.041112859969992
"PT","occurrence",690,"all_gulf","all_gulf","_1","species","Area","Atlantic cod",0.462512501222838,0.441386089088331,0.0211264121345077
"PT","occurrence",690,"all_gulf","all_gulf","_1","species","Area","Atlantic herring",0.483444808513293,0.479010312479299,0.00443449603399357
"PT","occurrence",690,"all_gulf","all_gulf","_1","species","Area","Atlantic hookear sculpin",0.824409802216228,0.789858647539207,0.0345511546770217
"PT","occurrence",690,"all_gulf","all_gulf","_1","species","Area","Atlantic mackerel",0.416032431597575,0.41481663740604,0.00121579419153555
"PT","occurrence",690,"all_gulf","all_gulf","_1","species","Area","Atlantic poacher",0.712874153598791,0.677356803673148,0.0355173499256437
"PT","occurrence",690,"all_gulf","all_gulf","_1","species","Area","Atlantic spiny lumpsucker",0.421719692034357,0.413042702855689,0.00867698917866808
"PT","occurrence",690,"all_gulf","all_gulf","_1","species","Area","Capelin",0.336410285236362,0.333619084897531,0.0027912003388313
"PT","occurrence",690,"all_gulf","all_gulf","_1","species","Area","Daubed shanny",0.652541679937606,0.615047430654281,0.0374942492833242
"PT","occurrence",690,"all_gulf","all_gulf","_1","species","Area","Dusky snailfish",0.607264811279584,0.583430787348272,0.0238340239313121
"PT","occurrence",690,"all_gulf","all_gulf","_1","species","Area","Fourbeard rockling",0.627570551183987,0.573628565041499,0.0539419861424881
"PT","occurrence",690,"all_gulf","all_gulf","_1","species","Area","Fourline snakeblenny",0.523916886055373,0.481820582110614,0.0420963039447593
"PT","occurrence",690,"all_gulf","all_gulf","_1","species","Area","Greenland cod",0.65690724649227,0.643487539667924,0.0134197068243457
"PT","occurrence",690,"all_gulf","all_gulf","_1","species","Area","Greenland halibut",0.508300645137645,0.50509827027263,0.00320237486501438
"PT","occurrence",690,"all_gulf","all_gulf","_1","species","Area","Laval's eelpout",0.718140264566381,0.658649410449275,0.0594908541171058
"PT","occurrence",690,"all_gulf","all_gulf","_1","species","Area","Longhorn sculpin",0.456230566362041,0.427363441003298,0.028867125358743
"PT","occurrence",690,"all_gulf","all_gulf","_1","species","Area","Marlin-spike grenadier",0.569690486375932,0.54003964255568,0.0296508438202522
"PT","occurrence",690,"all_gulf","all_gulf","_1","species","Area","Moustache sculpin",0.747748637445447,0.726755286536908,0.0209933509085389
"PT","occurrence",690,"all_gulf","all_gulf","_1","species","Area","Northern sand lance",0.41418430335097,0.41418430335097,1.97064586870965e-17
"PT","occurrence",690,"all_gulf","all_gulf","_1","species","Area","Rainbow smelt",0.584786810447819,0.566799708112793,0.017987102335026
"PT","occurrence",690,"all_gulf","all_gulf","_1","species","Area","Redfish unidentified",0.496245110012192,0.491552636163226,0.0046924738489663
"PT","occurrence",690,"all_gulf","all_gulf","_1","species","Area","Sea raven",0.264023413069585,0.255907419109438,0.00811599396014738
"PT","occurrence",690,"all_gulf","all_gulf","_1","species","Area","Shorthorn sculpin",0.359684822837083,0.345792835991982,0.0138919868451012
"PT","occurrence",690,"all_gulf","all_gulf","_1","species","Area","Smooth skate",0.652924368489076,0.635540865490669,0.0173835029984076
"PT","occurrence",690,"all_gulf","all_gulf","_1","species","Area","Snakeblenny",0.505768088651049,0.476058534927336,0.0297095537237132
"PT","occurrence",690,"all_gulf","all_gulf","_1","species","Area","Spatulate sculpin",0.88004093807697,0.871016307417777,0.00902463065919279
"PT","occurrence",690,"all_gulf","all_gulf","_1","species","Area","Stout eelblenny",0.582990067588252,0.565549878381568,0.0174401892066842
"PT","occurrence",690,"all_gulf","all_gulf","_1","species","Area","Thorny skate",0.548356239463423,0.513727374990308,0.0346288644731154
"PT","occurrence",690,"all_gulf","all_gulf","_1","species","Area","Three-spined stickleback",0.438513946399816,0.435875677773405,0.00263826862641094
"PT","occurrence",690,"all_gulf","all_gulf","_1","species","Area","Vahl's eelpout",0.741519370046899,0.70174111109435,0.0397782589525481
"PT","occurrence",690,"all_gulf","all_gulf","_1","species","Area","White hake",0.378867020571712,0.365147017379564,0.0137200031921484
"PT","occurrence",690,"all_gulf","all_gulf","_1","species","Area","Windowpane flounder",0.539991970903614,0.533970222542386,0.00602174836122764
"PT","occurrence",690,"all_gulf","all_gulf","_1","species","Area","Winter flounder",0.30197426034928,0.26936000893201,0.0326142514172696
"PT","occurrence",690,"all_gulf","all_gulf","_1","species","Area","Witch flounder",0.46014191361684,0.402055071839249,0.0580868417775906
"PT","occurrence",690,"all_gulf","all_gulf","_1","species","Area","Yellowtail flounder",0.521380183814022,0.47348757099519,0.0478926128188313
"PT","occurrence",710,"all_gulf","all_gulf","_1","species","Area","Alewife",0.661013789784258,0.658576756552316,0.00243703323194235
"PT","occurrence",710,"all_gulf","all_gulf","_1","species","Area","Alligatorfish",0.796224845336675,0.736506073113091,0.0597187722235841
"PT","occurrence",710,"all_gulf","all_gulf","_1","species","Area","American plaice",0.514751130947405,0.488433111442943,0.0263180195044623
"PT","occurrence",710,"all_gulf","all_gulf","_1","species","Area","Arctic alligatorfish",0.870925127552551,0.836135786050783,0.0347893415017681
"PT","occurrence",710,"all_gulf","all_gulf","_1","species","Area","Arctic hookear sculpin",0.841581115520655,0.823202986340154,0.0183781291805013
"PT","occurrence",710,"all_gulf","all_gulf","_1","species","Area","Arctic staghorn sculpin",0.63065608011938,0.588988035973718,0.0416680441456622
"PT","occurrence",710,"all_gulf","all_gulf","_1","species","Area","Atlantic cod",0.464676798722518,0.444533228133607,0.0201435705889103
"PT","occurrence",710,"all_gulf","all_gulf","_1","species","Area","Atlantic herring",0.488501435312474,0.483992984920167,0.00450845039230696
"PT","occurrence",710,"all_gulf","all_gulf","_1","species","Area","Atlantic hookear sculpin",0.825842383317858,0.795023940197878,0.0308184431199796
"PT","occurrence",710,"all_gulf","all_gulf","_1","species","Area","Atlantic mackerel",0.41286364618066,0.411626637973228,0.0012370082074323
"PT","occurrence",710,"all_gulf","all_gulf","_1","species","Area","Atlantic poacher",0.710310109307948,0.676524582825394,0.0337855264825539
"PT","occurrence",710,"all_gulf","all_gulf","_1","species","Area","Atlantic spiny lumpsucker",0.419703831987042,0.411208961014377,0.00849487097266442
"PT","occurrence",710,"all_gulf","all_gulf","_1","species","Area","Capelin",0.335907654189084,0.33273480236822,0.00317285182086441
"PT","occurrence",710,"all_gulf","all_gulf","_1","species","Area","Daubed shanny",0.656720404115566,0.620295140648183,0.0364252634673828
"PT","occurrence",710,"all_gulf","all_gulf","_1","species","Area","Dusky snailfish",0.617300691875161,0.595104561398411,0.0221961304767502
"PT","occurrence",710,"all_gulf","all_gulf","_1","species","Area","Fourbeard rockling",0.62636655422669,0.568495470326532,0.057871083900158
"PT","occurrence",710,"all_gulf","all_gulf","_1","species","Area","Fourline snakeblenny",0.528056778845953,0.489851696507224,0.0382050823387292
"PT","occurrence",710,"all_gulf","all_gulf","_1","species","Area","Greenland cod",0.648701397605431,0.636039115859326,0.0126622817461045
"PT","occurrence",710,"all_gulf","all_gulf","_1","species","Area","Greenland halibut",0.500859358226822,0.49742749189339,0.00343186633343184
"PT","occurrence",710,"all_gulf","all_gulf","_1","species","Area","Laval's eelpout",0.716004679344639,0.657770089427714,0.0582345899169244
"PT","occurrence",710,"all_gulf","all_gulf","_1","species","Area","Longhorn sculpin",0.451452067323422,0.424312966425639,0.0271391008977834
"PT","occurrence",710,"all_gulf","all_gulf","_1","species","Area","Marlin-spike grenadier",0.573367864881515,0.546998144712179,0.0263697201693364
"PT","occurrence",710,"all_gulf","all_gulf","_1","species","Area","Moustache sculpin",0.748665097023352,0.728544428370062,0.0201206686532901
"PT","occurrence",710,"all_gulf","all_gulf","_1","species","Area","Northern sand lance",0.420349206349206,0.420349206349206,2.019218126037e-17
"PT","occurrence",710,"all_gulf","all_gulf","_1","species","Area","Rainbow smelt",0.590175661325119,0.574147257491731,0.0160284038333881
"PT","occurrence",710,"all_gulf","all_gulf","_1","species","Area","Redfish unidentified",0.502791471097976,0.498246342547836,0.00454512855013984
"PT","occurrence",710,"all_gulf","all_gulf","_1","species","Area","Sea raven",0.246150407554958,0.238712585866701,0.00743782168825724
"PT","occurrence",710,"all_gulf","all_gulf","_1","species","Area","Shorthorn sculpin",0.343151463919153,0.330850352824949,0.0123011110942033
"PT","occurrence",710,"all_gulf","all_gulf","_1","species","Area","Smooth skate",0.648029482634661,0.63088172738633,0.0171477552483307
"PT","occurrence",710,"all_gulf","all_gulf","_1","species","Area","Snakeblenny",0.504918457793001,0.473254486995843,0.0316639707971578
"PT","occurrence",710,"all_gulf","all_gulf","_1","species","Area","Spatulate sculpin",0.870846870382201,0.860591866576442,0.0102550038057593
"PT","occurrence",710,"all_gulf","all_gulf","_1","species","Area","Stout eelblenny",0.585338322623122,0.566366220430703,0.0189721021924196
"PT","occurrence",710,"all_gulf","all_gulf","_1","species","Area","Thorny skate",0.545838945647558,0.51168871788496,0.0341502277625973
"PT","occurrence",710,"all_gulf","all_gulf","_1","species","Area","Three-spined stickleback",0.428588582512496,0.426197286720014,0.00239129579248159
"PT","occurrence",710,"all_gulf","all_gulf","_1","species","Area","Vahl's eelpout",0.76063778209586,0.720886458710672,0.0397513233851885
"PT","occurrence",710,"all_gulf","all_gulf","_1","species","Area","White hake",0.371311888593951,0.358343011475848,0.0129688771181035
"PT","occurrence",710,"all_gulf","all_gulf","_1","species","Area","Windowpane flounder",0.544396038712689,0.538772884899476,0.00562315381321372
"PT","occurrence",710,"all_gulf","all_gulf","_1","species","Area","Winter flounder",0.30061987208327,0.2693127757358,0.0313070963474703
"PT","occurrence",710,"all_gulf","all_gulf","_1","species","Area","Witch flounder",0.46149855952643,0.404700511121738,0.0567980484046918
"PT","occurrence",710,"all_gulf","all_gulf","_1","species","Area","Yellowtail flounder",0.522872187611535,0.477580083582141,0.045292104029394
"PT","occurrence",730,"all_gulf","all_gulf","_1","species","Area","Alewife",0.659117175762087,0.656705433946979,0.00241174181510809
"PT","occurrence",730,"all_gulf","all_gulf","_1","species","Area","Alligatorfish",0.796171293950714,0.741808583104163,0.0543627108465513
"PT","occurrence",730,"all_gulf","all_gulf","_1","species","Area","American plaice",0.517333148790104,0.492064291594231,0.0252688571958723
"PT","occurrence",730,"all_gulf","all_gulf","_1","species","Area","Arctic alligatorfish",0.871900903521024,0.836622681725485,0.0352782217955386
"PT","occurrence",730,"all_gulf","all_gulf","_1","species","Area","Arctic hookear sculpin",0.839913247329702,0.821681546394936,0.0182317009347662
"PT","occurrence",730,"all_gulf","all_gulf","_1","species","Area","Arctic staghorn sculpin",0.637469132368037,0.59914817082857,0.0383209615394669
"PT","occurrence",730,"all_gulf","all_gulf","_1","species","Area","Atlantic cod",0.462502187016544,0.443648693083922,0.0188534939326213
"PT","occurrence",730,"all_gulf","all_gulf","_1","species","Area","Atlantic herring",0.488028335820015,0.483721388492484,0.00430694732753091
"PT","occurrence",730,"all_gulf","all_gulf","_1","species","Area","Atlantic hookear sculpin",0.821688200359031,0.790898057455911,0.0307901429031199
"PT","occurrence",730,"all_gulf","all_gulf","_1","species","Area","Atlantic mackerel",0.41810394084841,0.416788829804374,0.0013151110440359
"PT","occurrence",730,"all_gulf","all_gulf","_1","species","Area","Atlantic poacher",0.713445654276522,0.682001853158055,0.031443801118467
"PT","occurrence",730,"all_gulf","all_gulf","_1","species","Area","Atlantic spiny lumpsucker",0.418354650693258,0.409889587283323,0.00846506340993456
"PT","occurrence",730,"all_gulf","all_gulf","_1","species","Area","Capelin",0.337854755507217,0.335090939516491,0.00276381599072523
"PT","occurrence",730,"all_gulf","all_gulf","_1","species","Area","Daubed shanny",0.646059749238295,0.610051727386994,0.0360080218513011
"PT","occurrence",730,"all_gulf","all_gulf","_1","species","Area","Dusky snailfish",0.607640609174186,0.586413655823295,0.021226953350892
"PT","occurrence",730,"all_gulf","all_gulf","_1","species","Area","Fourbeard rockling",0.638627661351254,0.586154845374445,0.0524728159768094
"PT","occurrence",730,"all_gulf","all_gulf","_1","species","Area","Fourline snakeblenny",0.53852195522365,0.499273350351377,0.0392486048722721
"PT","occurrence",730,"all_gulf","all_gulf","_1","species","Area","Greenland cod",0.651489228819105,0.639328705181767,0.0121605236373377
"PT","occurrence",730,"all_gulf","all_gulf","_1","species","Area","Greenland halibut",0.512394739289135,0.509441374027195,0.00295336526194071
"PT","occurrence",730,"all_gulf","all_gulf","_1","species","Area","Laval's eelpout",0.72142093639436,0.670270385428754,0.0511505509656056
"PT","occurrence",730,"all_gulf","all_gulf","_1","species","Area","Longhorn sculpin",0.455130420111382,0.428427125992289,0.0267032941190926
"PT","occurrence",730,"all_gulf","all_gulf","_1","species","Area","Marlin-spike grenadier",0.565292433642746,0.537192075547769,0.0281003580949777
"PT","occurrence",730,"all_gulf","all_gulf","_1","species","Area","Moustache sculpin",0.74740702534965,0.727962258809605,0.0194447665400447
"PT","occurrence",730,"all_gulf","all_gulf","_1","species","Area","Northern sand lance",0.414968253968254,0.414968253968254,1.88737914186277e-17
"PT","occurrence",730,"all_gulf","all_gulf","_1","species","Area","Rainbow smelt",0.585307795999026,0.569042867362248,0.0162649286367783
"PT","occurrence",730,"all_gulf","all_gulf","_1","species","Area","Redfish unidentified",0.504727428514823,0.500620107987217,0.00410732052760605
"PT","occurrence",730,"all_gulf","all_gulf","_1","species","Area","Sea raven",0.253676777326555,0.247046722243539,0.00663005508301557
"PT","occurrence",730,"all_gulf","all_gulf","_1","species","Area","Shorthorn sculpin",0.34446348132024,0.332649827961784,0.0118136533584562
"PT","occurrence",730,"all_gulf","all_gulf","_1","species","Area","Smooth skate",0.644794970907033,0.629388321222388,0.0154066496846447
"PT","occurrence",730,"all_gulf","all_gulf","_1","species","Area","Snakeblenny",0.510294648396104,0.484020621452441,0.0262740269436638
"PT","occurrence",730,"all_gulf","all_gulf","_1","species","Area","Spatulate sculpin",0.87263627698567,0.863633693252749,0.00900258373292124
"PT","occurrence",730,"all_gulf","all_gulf","_1","species","Area","Stout eelblenny",0.581976645503932,0.563974870763384,0.018001774740548
"PT","occurrence",730,"all_gulf","all_gulf","_1","species","Area","Thorny skate",0.545675936125803,0.513547282093254,0.0321286540325494
"PT","occurrence",730,"all_gulf","all_gulf","_1","species","Area","Three-spined stickleback",0.430280079521927,0.426847164830119,0.003432914691808
"PT","occurrence",730,"all_gulf","all_gulf","_1","species","Area","Vahl's eelpout",0.742726503582998,0.697499568466792,0.0452269351162064
"PT","occurrence",730,"all_gulf","all_gulf","_1","species","Area","White hake",0.37156394829765,0.35873148856413,0.0128324597335198
"PT","occurrence",730,"all_gulf","all_gulf","_1","species","Area","Windowpane flounder",0.54944206833606,0.544323778933006,0.0051182894030539
"PT","occurrence",730,"all_gulf","all_gulf","_1","species","Area","Winter flounder",0.3040385526341,0.273314614943165,0.0307239376909351
"PT","occurrence",730,"all_gulf","all_gulf","_1","species","Area","Witch flounder",0.46632082315669,0.412335210778042,0.0539856123786479
"PT","occurrence",730,"all_gulf","all_gulf","_1","species","Area","Yellowtail flounder",0.525222343322566,0.481428428148239,0.0437939151743268
"PT","occurrence",750,"all_gulf","all_gulf","_1","species","Area","Alewife",0.657291970361594,0.654620625119002,0.00267134524259182
"PT","occurrence",750,"all_gulf","all_gulf","_1","species","Area","Alligatorfish",0.797355185443149,0.738584886827054,0.058770298616095
"PT","occurrence",750,"all_gulf","all_gulf","_1","species","Area","American plaice",0.514951472243896,0.487989011137855,0.0269624611060407
"PT","occurrence",750,"all_gulf","all_gulf","_1","species","Area","Arctic alligatorfish",0.875698769603035,0.837479623681082,0.0382191459219531
"PT","occurrence",750,"all_gulf","all_gulf","_1","species","Area","Arctic hookear sculpin",0.836006005092504,0.817555146255242,0.0184508588372622
"PT","occurrence",750,"all_gulf","all_gulf","_1","species","Area","Arctic staghorn sculpin",0.626193191860996,0.582125237989787,0.0440679538712098
"PT","occurrence",750,"all_gulf","all_gulf","_1","species","Area","Atlantic cod",0.455134224650447,0.434660598638261,0.020473626012186
"PT","occurrence",750,"all_gulf","all_gulf","_1","species","Area","Atlantic herring",0.48738853409288,0.48237298540831,0.00501554868457056
"PT","occurrence",750,"all_gulf","all_gulf","_1","species","Area","Atlantic hookear sculpin",0.822751313311358,0.790315775854974,0.0324355374563839
"PT","occurrence",750,"all_gulf","all_gulf","_1","species","Area","Atlantic mackerel",0.412624090441353,0.411369901956119,0.00125418848523447
"PT","occurrence",750,"all_gulf","all_gulf","_1","species","Area","Atlantic poacher",0.714589182795359,0.680235452950528,0.0343537298448311
"PT","occurrence",750,"all_gulf","all_gulf","_1","species","Area","Atlantic spiny lumpsucker",0.423153016724527,0.414786833745242,0.00836618297928547
"PT","occurrence",750,"all_gulf","all_gulf","_1","species","Area","Capelin",0.338360313932533,0.335024926958795,0.00333538697373786
"PT","occurrence",750,"all_gulf","all_gulf","_1","species","Area","Daubed shanny",0.650773292773489,0.612953957173803,0.0378193355996866
"PT","occurrence",750,"all_gulf","all_gulf","_1","species","Area","Dusky snailfish",0.607289115112363,0.584418328317283,0.0228707867950806
"PT","occurrence",750,"all_gulf","all_gulf","_1","species","Area","Fourbeard rockling",0.628701530556054,0.573767803871633,0.0549337266844213
"PT","occurrence",750,"all_gulf","all_gulf","_1","species","Area","Fourline snakeblenny",0.533920972767756,0.494123655103522,0.0397973176642339
"PT","occurrence",750,"all_gulf","all_gulf","_1","species","Area","Greenland cod",0.651659222120306,0.638440950620398,0.0132182714999088
"PT","occurrence",750,"all_gulf","all_gulf","_1","species","Area","Greenland halibut",0.506247046917205,0.502830874723145,0.00341617219405938
"PT","occurrence",750,"all_gulf","all_gulf","_1","species","Area","Laval's eelpout",0.719002708120231,0.661130151433751,0.0578725566864796
"PT","occurrence",750,"all_gulf","all_gulf","_1","species","Area","Longhorn sculpin",0.447371120061507,0.418887124350628,0.0284839957108794
"PT","occurrence",750,"all_gulf","all_gulf","_1","species","Area","Marlin-spike grenadier",0.578342471211115,0.551504623375523,0.0268378478355922
"PT","occurrence",750,"all_gulf","all_gulf","_1","species","Area","Moustache sculpin",0.747711810167684,0.727508613114637,0.0202031970530468
"PT","occurrence",750,"all_gulf","all_gulf","_1","species","Area","Northern sand lance",0.41955114638448,0.41955114638448,2.1094237467878e-17
"PT","occurrence",750,"all_gulf","all_gulf","_1","species","Area","Rainbow smelt",0.588765293768806,0.571825524447198,0.0169397693216074
"PT","occurrence",750,"all_gulf","all_gulf","_1","species","Area","Redfish unidentified",0.493180568894943,0.487962683282952,0.00521788561199144
"PT","occurrence",750,"all_gulf","all_gulf","_1","species","Area","Sea raven",0.251311128211828,0.244739417045706,0.0065717111661217
"PT","occurrence",750,"all_gulf","all_gulf","_1","species","Area","Shorthorn sculpin",0.347525188000932,0.334490627291825,0.0130345607091069
"PT","occurrence",750,"all_gulf","all_gulf","_1","species","Area","Smooth skate",0.646579754613053,0.630597850518293,0.0159819040947604
"PT","occurrence",750,"all_gulf","all_gulf","_1","species","Area","Snakeblenny",0.504287141214389,0.474095374757482,0.0301917664569071
"PT","occurrence",750,"all_gulf","all_gulf","_1","species","Area","Spatulate sculpin",0.876465576199119,0.866918954645925,0.00954662155319366
"PT","occurrence",750,"all_gulf","all_gulf","_1","species","Area","Stout eelblenny",0.580677964579206,0.562349694084436,0.0183282704947704
"PT","occurrence",750,"all_gulf","all_gulf","_1","species","Area","Thorny skate",0.5459512455567,0.512070003498762,0.0338812420579382
"PT","occurrence",750,"all_gulf","all_gulf","_1","species","Area","Three-spined stickleback",0.43703977011314,0.4336186732039,0.00342109690923923
"PT","occurrence",750,"all_gulf","all_gulf","_1","species","Area","Vahl's eelpout",0.762691240493678,0.722021225439205,0.0406700150544737
"PT","occurrence",750,"all_gulf","all_gulf","_1","species","Area","White hake",0.376316018468323,0.362965312267192,0.0133507062011309
"PT","occurrence",750,"all_gulf","all_gulf","_1","species","Area","Windowpane flounder",0.55592528788614,0.550503912627675,0.00542137525846598
"PT","occurrence",750,"all_gulf","all_gulf","_1","species","Area","Winter flounder",0.301796989404137,0.270680952788066,0.0311160366160709
"PT","occurrence",750,"all_gulf","all_gulf","_1","species","Area","Witch flounder",0.467778825481003,0.411688164134357,0.0560906613466461
"PT","occurrence",750,"all_gulf","all_gulf","_1","species","Area","Yellowtail flounder",0.520620017813608,0.475055019575871,0.0455649982377366
"PT","occurrence",770,"all_gulf","all_gulf","_1","species","Area","Alewife",0.658892046447191,0.656247211741428,0.002644834705763
"PT","occurrence",770,"all_gulf","all_gulf","_1","species","Area","Alligatorfish",0.796991231830976,0.738996462680228,0.0579947691507477
"PT","occurrence",770,"all_gulf","all_gulf","_1","species","Area","American plaice",0.51165679989162,0.484682431611996,0.0269743682796244
"PT","occurrence",770,"all_gulf","all_gulf","_1","species","Area","Arctic alligatorfish",0.870895926926418,0.833496781276083,0.0373991456503348
"PT","occurrence",770,"all_gulf","all_gulf","_1","species","Area","Arctic hookear sculpin",0.836437534756637,0.816653696664998,0.0197838380916392
"PT","occurrence",770,"all_gulf","all_gulf","_1","species","Area","Arctic staghorn sculpin",0.627175340536528,0.585057454290892,0.0421178862456359
"PT","occurrence",770,"all_gulf","all_gulf","_1","species","Area","Atlantic cod",0.462995793764853,0.44247871553511,0.0205170782297429
"PT","occurrence",770,"all_gulf","all_gulf","_1","species","Area","Atlantic herring",0.496034516957383,0.491798403854252,0.00423611310313114
"PT","occurrence",770,"all_gulf","all_gulf","_1","species","Area","Atlantic hookear sculpin",0.831270904653062,0.798961044789103,0.0323098598639589
"PT","occurrence",770,"all_gulf","all_gulf","_1","species","Area","Atlantic mackerel",0.412226419197781,0.410909214928209,0.00131720426957129
"PT","occurrence",770,"all_gulf","all_gulf","_1","species","Area","Atlantic poacher",0.711678018420908,0.677734015294597,0.0339440031263111
"PT","occurrence",770,"all_gulf","all_gulf","_1","species","Area","Atlantic spiny lumpsucker",0.424017992492859,0.416108588676904,0.00790940381595475
"PT","occurrence",770,"all_gulf","all_gulf","_1","species","Area","Capelin",0.341041117796497,0.337974322551483,0.00306679524501343
"PT","occurrence",770,"all_gulf","all_gulf","_1","species","Area","Daubed shanny",0.649469840859866,0.611185024222905,0.0382848166369613
"PT","occurrence",770,"all_gulf","all_gulf","_1","species","Area","Dusky snailfish",0.610220386715905,0.58744501756016,0.0227753691557447
"PT","occurrence",770,"all_gulf","all_gulf","_1","species","Area","Fourbeard rockling",0.63174190200293,0.578275231882619,0.0534666701203109
"PT","occurrence",770,"all_gulf","all_gulf","_1","species","Area","Fourline snakeblenny",0.532158352781846,0.491880749077225,0.0402776037046205
"PT","occurrence",770,"all_gulf","all_gulf","_1","species","Area","Greenland cod",0.650726425478687,0.637952257205971,0.012774168272716
"PT","occurrence",770,"all_gulf","all_gulf","_1","species","Area","Greenland halibut",0.504871913380138,0.501637996174689,0.00323391720544912
"PT","occurrence",770,"all_gulf","all_gulf","_1","species","Area","Laval's eelpout",0.714621786868894,0.656657453079294,0.0579643337895997
"PT","occurrence",770,"all_gulf","all_gulf","_1","species","Area","Longhorn sculpin",0.450459892996271,0.422437267290006,0.0280226257062651
"PT","occurrence",770,"all_gulf","all_gulf","_1","species","Area","Marlin-spike grenadier",0.569815782102192,0.541394114264046,0.028421667838146
"PT","occurrence",770,"all_gulf","all_gulf","_1","species","Area","Moustache sculpin",0.741798545519963,0.72032812475126,0.0214704207687035
"PT","occurrence",770,"all_gulf","all_gulf","_1","species","Area","Northern sand lance",0.411843915343915,0.411843915343915,1.88737914186277e-17
"PT","occurrence",770,"all_gulf","all_gulf","_1","species","Area","Rainbow smelt",0.590302654566912,0.573212120674427,0.0170905338924852
"PT","occurrence",770,"all_gulf","all_gulf","_1","species","Area","Redfish unidentified",0.504326124241678,0.499404863867057,0.00492126037462098
"PT","occurrence",770,"all_gulf","all_gulf","_1","species","Area","Sea raven",0.257252197478415,0.250414698227509,0.00683749925090659
"PT","occurrence",770,"all_gulf","all_gulf","_1","species","Area","Shorthorn sculpin",0.342427187863798,0.329155305416183,0.0132718824476155
"PT","occurrence",770,"all_gulf","all_gulf","_1","species","Area","Smooth skate",0.648319791319977,0.631163075467827,0.0171567158521495
"PT","occurrence",770,"all_gulf","all_gulf","_1","species","Area","Snakeblenny",0.504568334126197,0.473948841834634,0.0306194922915634
"PT","occurrence",770,"all_gulf","all_gulf","_1","species","Area","Spatulate sculpin",0.876877648462789,0.867728944147033,0.00914870431575633
"PT","occurrence",770,"all_gulf","all_gulf","_1","species","Area","Stout eelblenny",0.584493197772621,0.565305355629576,0.0191878421430452
"PT","occurrence",770,"all_gulf","all_gulf","_1","species","Area","Thorny skate",0.544657981656868,0.510472942486359,0.0341850391705095
"PT","occurrence",770,"all_gulf","all_gulf","_1","species","Area","Three-spined stickleback",0.439867250402577,0.437713971424199,0.00215327897837782
"PT","occurrence",770,"all_gulf","all_gulf","_1","species","Area","Vahl's eelpout",0.746040692405369,0.704327530204575,0.041713162200794
"PT","occurrence",770,"all_gulf","all_gulf","_1","species","Area","White hake",0.376465473204047,0.362624016309155,0.013841456894892
"PT","occurrence",770,"all_gulf","all_gulf","_1","species","Area","Windowpane flounder",0.549352943475768,0.54389903399732,0.00545390947844796
"PT","occurrence",770,"all_gulf","all_gulf","_1","species","Area","Winter flounder",0.304890614433006,0.27313508109316,0.0317555333398461
"PT","occurrence",770,"all_gulf","all_gulf","_1","species","Area","Witch flounder",0.461872568535027,0.405371260726857,0.05650130780817
"PT","occurrence",770,"all_gulf","all_gulf","_1","species","Area","Yellowtail flounder",0.51983959252535,0.473569539526709,0.046270052998641
"PT","occurrence",790,"all_gulf","all_gulf","_1","species","Area","Alewife",0.661346349224531,0.658849281863293,0.00249706736123781
"PT","occurrence",790,"all_gulf","all_gulf","_1","species","Area","Alligatorfish",0.798219026661327,0.744367797481195,0.0538512291801324
"PT","occurrence",790,"all_gulf","all_gulf","_1","species","Area","American plaice",0.514232847368204,0.489401826644339,0.0248310207238649
"PT","occurrence",790,"all_gulf","all_gulf","_1","species","Area","Arctic alligatorfish",0.877188164318985,0.842026725187904,0.0351614391310805
"PT","occurrence",790,"all_gulf","all_gulf","_1","species","Area","Arctic hookear sculpin",0.834196999218716,0.817528716396429,0.0166682828222874
"PT","occurrence",790,"all_gulf","all_gulf","_1","species","Area","Arctic staghorn sculpin",0.640410503469481,0.601875820359918,0.0385346831095636
"PT","occurrence",790,"all_gulf","all_gulf","_1","species","Area","Atlantic cod",0.461017411344734,0.442175356635192,0.0188420547095415
"PT","occurrence",790,"all_gulf","all_gulf","_1","species","Area","Atlantic herring",0.490468818186606,0.486138653414566,0.00433016477204049
"PT","occurrence",790,"all_gulf","all_gulf","_1","species","Area","Atlantic hookear sculpin",0.823848914586817,0.791020191143004,0.0328287234438122
"PT","occurrence",790,"all_gulf","all_gulf","_1","species","Area","Atlantic mackerel",0.404695582017827,0.403627180527578,0.0010684014902487
"PT","occurrence",790,"all_gulf","all_gulf","_1","species","Area","Atlantic poacher",0.716354524325971,0.68480624247918,0.0315482818467911
"PT","occurrence",790,"all_gulf","all_gulf","_1","species","Area","Atlantic spiny lumpsucker",0.42640819509349,0.418570006940862,0.00783818815262827
"PT","occurrence",790,"all_gulf","all_gulf","_1","species","Area","Capelin",0.33658194327359,0.334202302698361,0.00237964057522892
"PT","occurrence",790,"all_gulf","all_gulf","_1","species","Area","Daubed shanny",0.652302540376738,0.619084581156409,0.0332179592203283
"PT","occurrence",790,"all_gulf","all_gulf","_1","species","Area","Dusky snailfish",0.611468445438914,0.59069382656725,0.0207746188716642
"PT","occurrence",790,"all_gulf","all_gulf","_1","species","Area","Fourbeard rockling",0.635586002958111,0.588119685356792,0.0474663176013194
"PT","occurrence",790,"all_gulf","all_gulf","_1","species","Area","Fourline snakeblenny",0.529254671198001,0.492052702447754,0.0372019687502473
"PT","occurrence",790,"all_gulf","all_gulf","_1","species","Area","Greenland cod",0.650434690904112,0.637068899071759,0.013365791832353
"PT","occurrence",790,"all_gulf","all_gulf","_1","species","Area","Greenland halibut",0.49753372697248,0.494596157450653,0.00293756952182765
"PT","occurrence",790,"all_gulf","all_gulf","_1","species","Area","Laval's eelpout",0.721950449843035,0.670091950810306,0.0518584990327295
"PT","occurrence",790,"all_gulf","all_gulf","_1","species","Area","Longhorn sculpin",0.450204370895945,0.424536220608866,0.0256681502870789
"PT","occurrence",790,"all_gulf","all_gulf","_1","species","Area","Marlin-spike grenadier",0.580772492818308,0.555634300118613,0.0251381926996951
"PT","occurrence",790,"all_gulf","all_gulf","_1","species","Area","Moustache sculpin",0.754277001623887,0.736603682780704,0.0176733188431828
"PT","occurrence",790,"all_gulf","all_gulf","_1","species","Area","Northern sand lance",0.420724867724868,0.420724867724868,2.13717932240343e-17
"PT","occurrence",790,"all_gulf","all_gulf","_1","species","Area","Rainbow smelt",0.581150813724495,0.564672624682986,0.0164781890415093
"PT","occurrence",790,"all_gulf","all_gulf","_1","species","Area","Redfish unidentified",0.500867756992047,0.496049984949617,0.00481777204242973
"PT","occurrence",790,"all_gulf","all_gulf","_1","species","Area","Sea raven",0.253202534904747,0.246000942035647,0.00720159286910021
"PT","occurrence",790,"all_gulf","all_gulf","_1","species","Area","Shorthorn sculpin",0.34541366388303,0.334223526130285,0.0111901377527445
"PT","occurrence",790,"all_gulf","all_gulf","_1","species","Area","Smooth skate",0.646585310710456,0.6309403053453,0.0156450053651553
"PT","occurrence",790,"all_gulf","all_gulf","_1","species","Area","Snakeblenny",0.50694971613499,0.478846245426546,0.028103470708444
"PT","occurrence",790,"all_gulf","all_gulf","_1","species","Area","Spatulate sculpin",0.873199694948444,0.864723921044853,0.00847577390359091
"PT","occurrence",790,"all_gulf","all_gulf","_1","species","Area","Stout eelblenny",0.58483479168609,0.567950514416398,0.0168842772696922
"PT","occurrence",790,"all_gulf","all_gulf","_1","species","Area","Thorny skate",0.546222302108054,0.514662669854676,0.031559632253378
"PT","occurrence",790,"all_gulf","all_gulf","_1","species","Area","Three-spined stickleback",0.424919658541941,0.423001172438672,0.00191848610326873
"PT","occurrence",790,"all_gulf","all_gulf","_1","species","Area","Vahl's eelpout",0.757433550501577,0.719999331294752,0.0374342192068256
"PT","occurrence",790,"all_gulf","all_gulf","_1","species","Area","White hake",0.375801345489546,0.36295355372941,0.0128477917601361
"PT","occurrence",790,"all_gulf","all_gulf","_1","species","Area","Windowpane flounder",0.551324151592209,0.54590903246824,0.00541511912396911
"PT","occurrence",790,"all_gulf","all_gulf","_1","species","Area","Winter flounder",0.296057600655456,0.266264779758483,0.0297928208969735
"PT","occurrence",790,"all_gulf","all_gulf","_1","species","Area","Witch flounder",0.469036635629327,0.416556733236878,0.0524799023924493
"PT","occurrence",790,"all_gulf","all_gulf","_1","species","Area","Yellowtail flounder",0.525993585400718,0.483567669239045,0.0424259161616731
"PT","occurrence",810,"all_gulf","all_gulf","_1","species","Area","Alewife",0.655946330898785,0.653449661157096,0.00249666974168957
"PT","occurrence",810,"all_gulf","all_gulf","_1","species","Area","Alligatorfish",0.792201230090793,0.73465277816321,0.0575484519275837
"PT","occurrence",810,"all_gulf","all_gulf","_1","species","Area","American plaice",0.509567948099298,0.482169091476479,0.0273988566228189
"PT","occurrence",810,"all_gulf","all_gulf","_1","species","Area","Arctic alligatorfish",0.877481331392292,0.844635788119282,0.0328455432730094
"PT","occurrence",810,"all_gulf","all_gulf","_1","species","Area","Arctic hookear sculpin",0.835528525889421,0.819569642077565,0.0159588838118567
"PT","occurrence",810,"all_gulf","all_gulf","_1","species","Area","Arctic staghorn sculpin",0.630902667374401,0.588815737767582,0.0420869296068192
"PT","occurrence",810,"all_gulf","all_gulf","_1","species","Area","Atlantic cod",0.45569977217324,0.435111764062215,0.0205880081110245
"PT","occurrence",810,"all_gulf","all_gulf","_1","species","Area","Atlantic herring",0.48110775695265,0.476716534854321,0.00439122209832975
"PT","occurrence",810,"all_gulf","all_gulf","_1","species","Area","Atlantic hookear sculpin",0.821784848047614,0.789990884626053,0.0317939634215608
"PT","occurrence",810,"all_gulf","all_gulf","_1","species","Area","Atlantic mackerel",0.416362568574078,0.415054436125434,0.00130813244864392
"PT","occurrence",810,"all_gulf","all_gulf","_1","species","Area","Atlantic poacher",0.715081164614939,0.681910586258241,0.0331705783566979
"PT","occurrence",810,"all_gulf","all_gulf","_1","species","Area","Atlantic spiny lumpsucker",0.426745978340035,0.418813118269043,0.0079328600709917
"PT","occurrence",810,"all_gulf","all_gulf","_1","species","Area","Capelin",0.338862045747343,0.336128553220095,0.00273349252724745
"PT","occurrence",810,"all_gulf","all_gulf","_1","species","Area","Daubed shanny",0.654015321583681,0.617811786273435,0.0362035353102463
"PT","occurrence",810,"all_gulf","all_gulf","_1","species","Area","Dusky snailfish",0.588507456539754,0.564777514030937,0.0237299425088173
"PT","occurrence",810,"all_gulf","all_gulf","_1","species","Area","Fourbeard rockling",0.626573148936202,0.571710314007051,0.0548628349291513
"PT","occurrence",810,"all_gulf","all_gulf","_1","species","Area","Fourline snakeblenny",0.527326317515278,0.487928975928682,0.0393973415865958
"PT","occurrence",810,"all_gulf","all_gulf","_1","species","Area","Greenland cod",0.645451306949564,0.632352400207448,0.013098906742116
"PT","occurrence",810,"all_gulf","all_gulf","_1","species","Area","Greenland halibut",0.509425246550518,0.50655976399009,0.00286548256042848
"PT","occurrence",810,"all_gulf","all_gulf","_1","species","Area","Laval's eelpout",0.711718035475358,0.656144763556777,0.0555732719185805
"PT","occurrence",810,"all_gulf","all_gulf","_1","species","Area","Longhorn sculpin",0.451525123616095,0.424506623586075,0.0270185000300197
"PT","occurrence",810,"all_gulf","all_gulf","_1","species","Area","Marlin-spike grenadier",0.567429390761881,0.539653848375744,0.0277755423861368
"PT","occurrence",810,"all_gulf","all_gulf","_1","species","Area","Moustache sculpin",0.742694760650078,0.722301382729137,0.0203933779209417
"PT","occurrence",810,"all_gulf","all_gulf","_1","species","Area","Northern sand lance",0.433526455026455,0.433526455026455,2.35922392732846e-17
"PT","occurrence",810,"all_gulf","all_gulf","_1","species","Area","Rainbow smelt",0.589913718407981,0.574181583902804,0.0157321345051767
"PT","occurrence",810,"all_gulf","all_gulf","_1","species","Area","Redfish unidentified",0.504256362115906,0.499482160076433,0.00477420203947268
"PT","occurrence",810,"all_gulf","all_gulf","_1","species","Area","Sea raven",0.25501566952921,0.247895976955216,0.00711969257399343
"PT","occurrence",810,"all_gulf","all_gulf","_1","species","Area","Shorthorn sculpin",0.339688904748339,0.327432952288458,0.0122559524598811
"PT","occurrence",810,"all_gulf","all_gulf","_1","species","Area","Smooth skate",0.632043451447059,0.614872981348532,0.0171704700985269
"PT","occurrence",810,"all_gulf","all_gulf","_1","species","Area","Snakeblenny",0.505840862521473,0.47508103809733,0.0307598244241432
"PT","occurrence",810,"all_gulf","all_gulf","_1","species","Area","Spatulate sculpin",0.8753964771674,0.866072556074141,0.00932392109325879
"PT","occurrence",810,"all_gulf","all_gulf","_1","species","Area","Stout eelblenny",0.583324405984335,0.564095532202835,0.0192288737815003
"PT","occurrence",810,"all_gulf","all_gulf","_1","species","Area","Thorny skate",0.542984473191658,0.50903734996582,0.0339471232258381
"PT","occurrence",810,"all_gulf","all_gulf","_1","species","Area","Three-spined stickleback",0.435078877543551,0.432766624579125,0.00231225296442691
"PT","occurrence",810,"all_gulf","all_gulf","_1","species","Area","Vahl's eelpout",0.765669009604502,0.728688410291019,0.0369805993134831
"PT","occurrence",810,"all_gulf","all_gulf","_1","species","Area","White hake",0.362290016867941,0.348739168823583,0.0135508480443581
"PT","occurrence",810,"all_gulf","all_gulf","_1","species","Area","Windowpane flounder",0.544032102867515,0.538312327053843,0.00571977581367261
"PT","occurrence",810,"all_gulf","all_gulf","_1","species","Area","Winter flounder",0.297496821009056,0.266254689845348,0.0312421311637088
"PT","occurrence",810,"all_gulf","all_gulf","_1","species","Area","Witch flounder",0.463209671699838,0.407121816096768,0.0560878556030701
"PT","occurrence",810,"all_gulf","all_gulf","_1","species","Area","Yellowtail flounder",0.523034988292359,0.477419365882823,0.0456156224095359
"PT","occurrence",830,"all_gulf","all_gulf","_1","species","Area","Alewife",0.661230950638254,0.658339976974712,0.00289097366354191
"PT","occurrence",830,"all_gulf","all_gulf","_1","species","Area","Alligatorfish",0.790700307356884,0.730643729805277,0.0600565775516076
"PT","occurrence",830,"all_gulf","all_gulf","_1","species","Area","American plaice",0.506893651536697,0.479565869363209,0.0273277821734882
"PT","occurrence",830,"all_gulf","all_gulf","_1","species","Area","Arctic alligatorfish",0.877335575466934,0.841787792992364,0.0355477824745696
"PT","occurrence",830,"all_gulf","all_gulf","_1","species","Area","Arctic hookear sculpin",0.840255044145083,0.822018797888301,0.0182362462567821
"PT","occurrence",830,"all_gulf","all_gulf","_1","species","Area","Arctic staghorn sculpin",0.628909533657623,0.586343025908164,0.0425665077494593
"PT","occurrence",830,"all_gulf","all_gulf","_1","species","Area","Atlantic cod",0.456303654394074,0.434732549829747,0.0215711045643277
"PT","occurrence",830,"all_gulf","all_gulf","_1","species","Area","Atlantic herring",0.487426319026633,0.482780035993573,0.00464628303306026
"PT","occurrence",830,"all_gulf","all_gulf","_1","species","Area","Atlantic hookear sculpin",0.827278147544141,0.795132012286153,0.0321461352579884
"PT","occurrence",830,"all_gulf","all_gulf","_1","species","Area","Atlantic mackerel",0.410078469536627,0.408741777310399,0.0013366922262281
"PT","occurrence",830,"all_gulf","all_gulf","_1","species","Area","Atlantic poacher",0.711050517432756,0.675742830476714,0.035307686956042
"PT","occurrence",830,"all_gulf","all_gulf","_1","species","Area","Atlantic spiny lumpsucker",0.424959787543788,0.41626644764872,0.00869333989506815
"PT","occurrence",830,"all_gulf","all_gulf","_1","species","Area","Capelin",0.332728987285635,0.329677502985419,0.00305148430021585
"PT","occurrence",830,"all_gulf","all_gulf","_1","species","Area","Daubed shanny",0.646380071514751,0.609899206927453,0.0364808645872978
"PT","occurrence",830,"all_gulf","all_gulf","_1","species","Area","Dusky snailfish",0.591019398308757,0.566508027523711,0.0245113707850456
"PT","occurrence",830,"all_gulf","all_gulf","_1","species","Area","Fourbeard rockling",0.628548793416356,0.57236469664526,0.0561840967710962
"PT","occurrence",830,"all_gulf","all_gulf","_1","species","Area","Fourline snakeblenny",0.522798765480079,0.481933765699376,0.0408649997807033
"PT","occurrence",830,"all_gulf","all_gulf","_1","species","Area","Greenland cod",0.636195990138792,0.622431622592783,0.0137643675460093
"PT","occurrence",830,"all_gulf","all_gulf","_1","species","Area","Greenland halibut",0.497387949749613,0.494332212690673,0.00305573705893975
"PT","occurrence",830,"all_gulf","all_gulf","_1","species","Area","Laval's eelpout",0.696369489120125,0.631878447281745,0.0644910418383802
"PT","occurrence",830,"all_gulf","all_gulf","_1","species","Area","Longhorn sculpin",0.447838488156306,0.418697698838059,0.029140789318247
"PT","occurrence",830,"all_gulf","all_gulf","_1","species","Area","Marlin-spike grenadier",0.570825326585232,0.544201098919444,0.0266242276657876
"PT","occurrence",830,"all_gulf","all_gulf","_1","species","Area","Moustache sculpin",0.744744219628781,0.724596827759917,0.0201473918688641
"PT","occurrence",830,"all_gulf","all_gulf","_1","species","Area","Northern sand lance",0.428403880070547,0.428403880070547,2.08166817117217e-17
"PT","occurrence",830,"all_gulf","all_gulf","_1","species","Area","Rainbow smelt",0.586869745499429,0.569427292283552,0.0174424532158766
"PT","occurrence",830,"all_gulf","all_gulf","_1","species","Area","Redfish unidentified",0.503762174548217,0.498430329292681,0.00533184525553628
"PT","occurrence",830,"all_gulf","all_gulf","_1","species","Area","Sea raven",0.248775144592699,0.242567897611454,0.00620724698124562
"PT","occurrence",830,"all_gulf","all_gulf","_1","species","Area","Shorthorn sculpin",0.338886699770416,0.325893539466547,0.0129931603038684
"PT","occurrence",830,"all_gulf","all_gulf","_1","species","Area","Smooth skate",0.63152171155873,0.614672952451986,0.0168487591067443
"PT","occurrence",830,"all_gulf","all_gulf","_1","species","Area","Snakeblenny",0.505164317489987,0.475103970106629,0.0300603473833578
"PT","occurrence",830,"all_gulf","all_gulf","_1","species","Area","Spatulate sculpin",0.866102455069557,0.85529291904624,0.0108095360233162
"PT","occurrence",830,"all_gulf","all_gulf","_1","species","Area","Stout eelblenny",0.584239371700482,0.565463861519555,0.0187755101809271
"PT","occurrence",830,"all_gulf","all_gulf","_1","species","Area","Thorny skate",0.543647823959617,0.50916251900552,0.0344853049540967
"PT","occurrence",830,"all_gulf","all_gulf","_1","species","Area","Three-spined stickleback",0.433722870527218,0.43108632865451,0.0026365418727079
"PT","occurrence",830,"all_gulf","all_gulf","_1","species","Area","Vahl's eelpout",0.744126053994555,0.697670250887042,0.0464558031075137
"PT","occurrence",830,"all_gulf","all_gulf","_1","species","Area","White hake",0.365978088467831,0.35223451382637,0.013743574641461
"PT","occurrence",830,"all_gulf","all_gulf","_1","species","Area","Windowpane flounder",0.542521419231464,0.536812091683167,0.00570932754829655
"PT","occurrence",830,"all_gulf","all_gulf","_1","species","Area","Winter flounder",0.302016732195968,0.270020439355004,0.0319962928409646
"PT","occurrence",830,"all_gulf","all_gulf","_1","species","Area","Witch flounder",0.458445585114043,0.399025603997786,0.059419981116257
"PT","occurrence",830,"all_gulf","all_gulf","_1","species","Area","Yellowtail flounder",0.520965696181768,0.47344410816961,0.0475215880121585
"PT","occurrence",850,"all_gulf","all_gulf","_1","species","Area","Alewife",0.653899951610402,0.65139983423229,0.00250011737811194
"PT","occurrence",850,"all_gulf","all_gulf","_1","species","Area","Alligatorfish",0.798561892421448,0.743688258011121,0.0548736344103275
"PT","occurrence",850,"all_gulf","all_gulf","_1","species","Area","American plaice",0.510555386616941,0.485716705353894,0.0248386812630467
"PT","occurrence",850,"all_gulf","all_gulf","_1","species","Area","Arctic alligatorfish",0.871607742844681,0.836102529907338,0.0355052129373436
"PT","occurrence",850,"all_gulf","all_gulf","_1","species","Area","Arctic hookear sculpin",0.829261415255494,0.810867605687543,0.0183938095679502
"PT","occurrence",850,"all_gulf","all_gulf","_1","species","Area","Arctic staghorn sculpin",0.631726192151542,0.593136787727229,0.0385894044243133
"PT","occurrence",850,"all_gulf","all_gulf","_1","species","Area","Atlantic cod",0.456125615599716,0.43671551057691,0.0194101050228059
"PT","occurrence",850,"all_gulf","all_gulf","_1","species","Area","Atlantic herring",0.488079843517132,0.483737121623412,0.00434272189372005
"PT","occurrence",850,"all_gulf","all_gulf","_1","species","Area","Atlantic hookear sculpin",0.829587761616318,0.800463239101814,0.0291245225145039
"PT","occurrence",850,"all_gulf","all_gulf","_1","species","Area","Atlantic mackerel",0.406135998483757,0.40511533948266,0.00102065900109738
"PT","occurrence",850,"all_gulf","all_gulf","_1","species","Area","Atlantic poacher",0.713539053904533,0.682727293813925,0.0308117600906082
"PT","occurrence",850,"all_gulf","all_gulf","_1","species","Area","Atlantic spiny lumpsucker",0.421476000820461,0.41300747631871,0.00846852450175139
"PT","occurrence",850,"all_gulf","all_gulf","_1","species","Area","Capelin",0.336568706995117,0.333609537091289,0.00295916990382727
"PT","occurrence",850,"all_gulf","all_gulf","_1","species","Area","Daubed shanny",0.649775601597788,0.614034491653313,0.0357411099444746
"PT","occurrence",850,"all_gulf","all_gulf","_1","species","Area","Dusky snailfish",0.592822190174374,0.570480067932509,0.0223421222418647
"PT","occurrence",850,"all_gulf","all_gulf","_1","species","Area","Fourbeard rockling",0.632741640040038,0.582138350770225,0.0506032892698122
"PT","occurrence",850,"all_gulf","all_gulf","_1","species","Area","Fourline snakeblenny",0.525518807824738,0.486426336280713,0.039092471544025
"PT","occurrence",850,"all_gulf","all_gulf","_1","species","Area","Greenland cod",0.64395163638547,0.633430526388325,0.0105211099971451
"PT","occurrence",850,"all_gulf","all_gulf","_1","species","Area","Greenland halibut",0.493616030137409,0.490703852697705,0.00291217743970428
"PT","occurrence",850,"all_gulf","all_gulf","_1","species","Area","Laval's eelpout",0.710354944116294,0.654207940806785,0.0561470033095092
"PT","occurrence",850,"all_gulf","all_gulf","_1","species","Area","Longhorn sculpin",0.445960068062077,0.420024128285395,0.0259359397766825
"PT","occurrence",850,"all_gulf","all_gulf","_1","species","Area","Marlin-spike grenadier",0.579073123032149,0.555484957138224,0.0235881658939246
"PT","occurrence",850,"all_gulf","all_gulf","_1","species","Area","Moustache sculpin",0.742536027086328,0.723142702081887,0.0193933250044411
"PT","occurrence",850,"all_gulf","all_gulf","_1","species","Area","Northern sand lance",0.424134038800705,0.424134038800705,2.34534613952064e-17
"PT","occurrence",850,"all_gulf","all_gulf","_1","species","Area","Rainbow smelt",0.58501650635479,0.569184649324154,0.0158318570306359
"PT","occurrence",850,"all_gulf","all_gulf","_1","species","Area","Redfish unidentified",0.496328160963094,0.491623870248022,0.00470429071507174
"PT","occurrence",850,"all_gulf","all_gulf","_1","species","Area","Sea raven",0.258224614654162,0.251486304094689,0.00673831055947304
"PT","occurrence",850,"all_gulf","all_gulf","_1","species","Area","Shorthorn sculpin",0.342655081900023,0.331328971105125,0.0113261107948984
"PT","occurrence",850,"all_gulf","all_gulf","_1","species","Area","Smooth skate",0.634674535865905,0.618101697506181,0.0165728383597241
"PT","occurrence",850,"all_gulf","all_gulf","_1","species","Area","Snakeblenny",0.504339207972125,0.475876734500324,0.0284624734718011
"PT","occurrence",850,"all_gulf","all_gulf","_1","species","Area","Spatulate sculpin",0.880329313345839,0.871865397632269,0.00846391571356987
"PT","occurrence",850,"all_gulf","all_gulf","_1","species","Area","Stout eelblenny",0.585342852164796,0.566417459187988,0.0189253929768083
"PT","occurrence",850,"all_gulf","all_gulf","_1","species","Area","Thorny skate",0.544363419960095,0.513047192329276,0.031316227630819
"PT","occurrence",850,"all_gulf","all_gulf","_1","species","Area","Three-spined stickleback",0.442789655091286,0.439722164830119,0.00306749026116618
"PT","occurrence",850,"all_gulf","all_gulf","_1","species","Area","Vahl's eelpout",0.746309668814513,0.705108650736055,0.0412010180784585
"PT","occurrence",850,"all_gulf","all_gulf","_1","species","Area","White hake",0.370924067119535,0.358231681003963,0.0126923861155713
"PT","occurrence",850,"all_gulf","all_gulf","_1","species","Area","Windowpane flounder",0.540162888282156,0.534896101168829,0.00526678711332697
"PT","occurrence",850,"all_gulf","all_gulf","_1","species","Area","Winter flounder",0.305924509657539,0.276921309134619,0.0290032005229204
"PT","occurrence",850,"all_gulf","all_gulf","_1","species","Area","Witch flounder",0.460088966420701,0.409013691941692,0.0510752744790094
"PT","occurrence",850,"all_gulf","all_gulf","_1","species","Area","Yellowtail flounder",0.523217661178516,0.480635572350064,0.0425820888284527
"PT","occurrence",870,"all_gulf","all_gulf","_1","species","Area","Alewife",0.664094095321586,0.661277279835691,0.00281681548589501
"PT","occurrence",870,"all_gulf","all_gulf","_1","species","Area","Alligatorfish",0.790845122985796,0.726918685107069,0.0639264378787268
"PT","occurrence",870,"all_gulf","all_gulf","_1","species","Area","American plaice",0.489476232778286,0.458748653620349,0.0307275791579373
"PT","occurrence",870,"all_gulf","all_gulf","_1","species","Area","Arctic alligatorfish",0.867327057157318,0.823713144332847,0.0436139128244703
"PT","occurrence",870,"all_gulf","all_gulf","_1","species","Area","Arctic hookear sculpin",0.842550102255232,0.822770245604494,0.0197798566507375
"PT","occurrence",870,"all_gulf","all_gulf","_1","species","Area","Arctic staghorn sculpin",0.61045308837849,0.563693461469833,0.046759626908657
"PT","occurrence",870,"all_gulf","all_gulf","_1","species","Area","Atlantic cod",0.454713431311086,0.431777880002699,0.0229355513083876
"PT","occurrence",870,"all_gulf","all_gulf","_1","species","Area","Atlantic herring",0.471231244269122,0.466419872157886,0.00481137211123667
"PT","occurrence",870,"all_gulf","all_gulf","_1","species","Area","Atlantic hookear sculpin",0.822667787711309,0.783754968165246,0.0389128195460632
"PT","occurrence",870,"all_gulf","all_gulf","_1","species","Area","Atlantic mackerel",0.407263000534193,0.405757227828701,0.00150577270549223
"PT","occurrence",870,"all_gulf","all_gulf","_1","species","Area","Atlantic poacher",0.708972728252139,0.67077811731355,0.0381946109385895
"PT","occurrence",870,"all_gulf","all_gulf","_1","species","Area","Atlantic spiny lumpsucker",0.409438896412752,0.401470067090884,0.00796882932186877
"PT","occurrence",870,"all_gulf","all_gulf","_1","species","Area","Capelin",0.321921183465945,0.319307599291957,0.00261358417398796
"PT","occurrence",870,"all_gulf","all_gulf","_1","species","Area","Daubed shanny",0.625659082183179,0.582002709840942,0.0436563723422378
"PT","occurrence",870,"all_gulf","all_gulf","_1","species","Area","Dusky snailfish",0.516219941920773,0.484731329305304,0.0314886126154683
"PT","occurrence",870,"all_gulf","all_gulf","_1","species","Area","Fourbeard rockling",0.620855011168735,0.558232288573647,0.0626227225950875
"PT","occurrence",870,"all_gulf","all_gulf","_1","species","Area","Fourline snakeblenny",0.519209487217074,0.47424700813271,0.044962479084365
"PT","occurrence",870,"all_gulf","all_gulf","_1","species","Area","Greenland cod",0.641973119796618,0.627032171735518,0.0149409480611009
"PT","occurrence",870,"all_gulf","all_gulf","_1","species","Area","Greenland halibut",0.455188535848627,0.451403069045815,0.003785466802812
"PT","occurrence",870,"all_gulf","all_gulf","_1","species","Area","Laval's eelpout",0.700495913503537,0.633597622799548,0.0668982907039889
"PT","occurrence",870,"all_gulf","all_gulf","_1","species","Area","Longhorn sculpin",0.433734767138883,0.401370539457614,0.032364227681269
"PT","occurrence",870,"all_gulf","all_gulf","_1","species","Area","Marlin-spike grenadier",0.555524787192875,0.524818075021436,0.0307067121714393
"PT","occurrence",870,"all_gulf","all_gulf","_1","species","Area","Moustache sculpin",0.73803757780542,0.716035851663719,0.0220017261417009
"PT","occurrence",870,"all_gulf","all_gulf","_1","species","Area","Northern sand lance",0.418294091710758,0.418294091710758,2.24126273096203e-17
"PT","occurrence",870,"all_gulf","all_gulf","_1","species","Area","Rainbow smelt",0.585079554183807,0.567026603934316,0.0180529502494906
"PT","occurrence",870,"all_gulf","all_gulf","_1","species","Area","Redfish unidentified",0.499115299854263,0.494340524256992,0.00477477559727043
"PT","occurrence",870,"all_gulf","all_gulf","_1","species","Area","Sea raven",0.24792312180256,0.238771443759643,0.00915167804291765
"PT","occurrence",870,"all_gulf","all_gulf","_1","species","Area","Shorthorn sculpin",0.334935180599729,0.320964180583893,0.0139710000158353
"PT","occurrence",870,"all_gulf","all_gulf","_1","species","Area","Smooth skate",0.62263098438861,0.603640264278707,0.0189907201099026
"PT","occurrence",870,"all_gulf","all_gulf","_1","species","Area","Snakeblenny",0.503301318005809,0.469902069018367,0.0333992489874424
"PT","occurrence",870,"all_gulf","all_gulf","_1","species","Area","Spatulate sculpin",0.864196112116449,0.851905621376568,0.0122904907398807
"PT","occurrence",870,"all_gulf","all_gulf","_1","species","Area","Stout eelblenny",0.571728474120609,0.549880839338074,0.0218476347825347
"PT","occurrence",870,"all_gulf","all_gulf","_1","species","Area","Thorny skate",0.531380049175411,0.493149477780799,0.0382305713946124
"PT","occurrence",870,"all_gulf","all_gulf","_1","species","Area","Three-spined stickleback",0.443137736056214,0.439564426734881,0.00357330932133306
"PT","occurrence",870,"all_gulf","all_gulf","_1","species","Area","Vahl's eelpout",0.759751112300308,0.716251119533236,0.0434999927670718
"PT","occurrence",870,"all_gulf","all_gulf","_1","species","Area","White hake",0.348427477437466,0.33419544949887,0.014232027938596
"PT","occurrence",870,"all_gulf","all_gulf","_1","species","Area","Windowpane flounder",0.542460079080311,0.536763258415017,0.00569682066529376
"PT","occurrence",870,"all_gulf","all_gulf","_1","species","Area","Winter flounder",0.304999795022923,0.269137614750562,0.0358621802723611
"PT","occurrence",870,"all_gulf","all_gulf","_1","species","Area","Witch flounder",0.457229824076719,0.393062364089724,0.0641674599869952
"PT","occurrence",870,"all_gulf","all_gulf","_1","species","Area","Yellowtail flounder",0.519343289024957,0.469458436733845,0.0498848522911119
"PT","occurrence",890,"all_gulf","all_gulf","_1","species","Area","Alewife",0.652659750182441,0.650015139179137,0.00264461100330464
"PT","occurrence",890,"all_gulf","all_gulf","_1","species","Area","Alligatorfish",0.794112717620266,0.737774120232531,0.0563385973877351
"PT","occurrence",890,"all_gulf","all_gulf","_1","species","Area","American plaice",0.495673421406266,0.46867051989339,0.0270029015128765
"PT","occurrence",890,"all_gulf","all_gulf","_1","species","Area","Arctic alligatorfish",0.866183923291666,0.827268494817841,0.0389154284738256
"PT","occurrence",890,"all_gulf","all_gulf","_1","species","Area","Arctic hookear sculpin",0.83816791039211,0.82086435366289,0.0173035567292202
"PT","occurrence",890,"all_gulf","all_gulf","_1","species","Area","Arctic staghorn sculpin",0.587076576354708,0.541667320985577,0.0454092553691306
"PT","occurrence",890,"all_gulf","all_gulf","_1","species","Area","Atlantic cod",0.458829064987977,0.437879313702013,0.0209497512859641
"PT","occurrence",890,"all_gulf","all_gulf","_1","species","Area","Atlantic herring",0.472116513425843,0.467247570625348,0.00486894280049544
"PT","occurrence",890,"all_gulf","all_gulf","_1","species","Area","Atlantic hookear sculpin",0.823498092450643,0.790391133536776,0.0331069589138668
"PT","occurrence",890,"all_gulf","all_gulf","_1","species","Area","Atlantic mackerel",0.403683246009886,0.402493149551145,0.00119009645874031
"PT","occurrence",890,"all_gulf","all_gulf","_1","species","Area","Atlantic poacher",0.71036981448211,0.675979078328698,0.0343907361534116
"PT","occurrence",890,"all_gulf","all_gulf","_1","species","Area","Atlantic spiny lumpsucker",0.409783696796162,0.400915490452033,0.00886820634412826
"PT","occurrence",890,"all_gulf","all_gulf","_1","species","Area","Capelin",0.325538575029195,0.32223387590359,0.00330469912560495
"PT","occurrence",890,"all_gulf","all_gulf","_1","species","Area","Daubed shanny",0.627534072551198,0.589474393581035,0.0380596789701632
"PT","occurrence",890,"all_gulf","all_gulf","_1","species","Area","Dusky snailfish",0.521968952997893,0.494585953389922,0.0273829996079713
"PT","occurrence",890,"all_gulf","all_gulf","_1","species","Area","Fourbeard rockling",0.626902720461719,0.572737053132946,0.0541656673287727
"PT","occurrence",890,"all_gulf","all_gulf","_1","species","Area","Fourline snakeblenny",0.515809712832701,0.478507812352396,0.0373019004803043
"PT","occurrence",890,"all_gulf","all_gulf","_1","species","Area","Greenland cod",0.626201799604968,0.612580781775406,0.0136210178295618
"PT","occurrence",890,"all_gulf","all_gulf","_1","species","Area","Greenland halibut",0.457661374581556,0.45427304687544,0.00338832770611602
"PT","occurrence",890,"all_gulf","all_gulf","_1","species","Area","Laval's eelpout",0.699731920642174,0.639806247856714,0.05992567278546
"PT","occurrence",890,"all_gulf","all_gulf","_1","species","Area","Longhorn sculpin",0.438212917511622,0.409820030388374,0.0283928871232485
"PT","occurrence",890,"all_gulf","all_gulf","_1","species","Area","Marlin-spike grenadier",0.543988289158017,0.513759809299974,0.0302284798580426
"PT","occurrence",890,"all_gulf","all_gulf","_1","species","Area","Moustache sculpin",0.7424838473043,0.722050486696061,0.020433360608239
"PT","occurrence",890,"all_gulf","all_gulf","_1","species","Area","Northern sand lance",0.41467151675485,0.41467151675485,2.19269047363468e-17
"PT","occurrence",890,"all_gulf","all_gulf","_1","species","Area","Rainbow smelt",0.571474610662443,0.555339854026811,0.0161347566356322
"PT","occurrence",890,"all_gulf","all_gulf","_1","species","Area","Redfish unidentified",0.493155330944729,0.488451273831327,0.00470405711340265
"PT","occurrence",890,"all_gulf","all_gulf","_1","species","Area","Sea raven",0.242486275988191,0.235743717641777,0.00674255834641441
"PT","occurrence",890,"all_gulf","all_gulf","_1","species","Area","Shorthorn sculpin",0.322652388110831,0.309281290604316,0.0133710975065151
"PT","occurrence",890,"all_gulf","all_gulf","_1","species","Area","Smooth skate",0.62145611366667,0.60314768624655,0.0183084274201191
"PT","occurrence",890,"all_gulf","all_gulf","_1","species","Area","Snakeblenny",0.501221796899073,0.470356252529652,0.0308655443694214
"PT","occurrence",890,"all_gulf","all_gulf","_1","species","Area","Spatulate sculpin",0.867230895530369,0.857356025736048,0.00987486979432156
"PT","occurrence",890,"all_gulf","all_gulf","_1","species","Area","Stout eelblenny",0.573716376998892,0.555019368588789,0.0186970084101027
"PT","occurrence",890,"all_gulf","all_gulf","_1","species","Area","Thorny skate",0.537009637751327,0.502417485449719,0.0345921523016087
"PT","occurrence",890,"all_gulf","all_gulf","_1","species","Area","Three-spined stickleback",0.462764016981408,0.459253006253006,0.00351101072840205
"PT","occurrence",890,"all_gulf","all_gulf","_1","species","Area","Vahl's eelpout",0.771777116160991,0.732991003716855,0.0387861124441358
"PT","occurrence",890,"all_gulf","all_gulf","_1","species","Area","White hake",0.357864502040632,0.343529865911798,0.0143346361288338
"PT","occurrence",890,"all_gulf","all_gulf","_1","species","Area","Windowpane flounder",0.558531099880366,0.553009193297544,0.00552190658282184
"PT","occurrence",890,"all_gulf","all_gulf","_1","species","Area","Winter flounder",0.301447285307132,0.269083547385724,0.0323637379214085
"PT","occurrence",890,"all_gulf","all_gulf","_1","species","Area","Witch flounder",0.458540759584507,0.401861006591734,0.0566797529927728
"PT","occurrence",890,"all_gulf","all_gulf","_1","species","Area","Yellowtail flounder",0.521800178197049,0.476623900719304,0.0451762774777459
"PT","occurrence",910,"all_gulf","all_gulf","_1","species","Area","Alewife",0.654630057285415,0.652019734269672,0.00261032301574294
"PT","occurrence",910,"all_gulf","all_gulf","_1","species","Area","Alligatorfish",0.789976325507014,0.732338856472796,0.0576374690342178
"PT","occurrence",910,"all_gulf","all_gulf","_1","species","Area","American plaice",0.489353595660344,0.461946590288649,0.0274070053716946
"PT","occurrence",910,"all_gulf","all_gulf","_1","species","Area","Arctic alligatorfish",0.86283973916455,0.827375037520871,0.0354647016436794
"PT","occurrence",910,"all_gulf","all_gulf","_1","species","Area","Arctic hookear sculpin",0.833200174543661,0.815868441595486,0.0173317329481743
"PT","occurrence",910,"all_gulf","all_gulf","_1","species","Area","Arctic staghorn sculpin",0.600173875227278,0.555662794472571,0.0445110807547068
"PT","occurrence",910,"all_gulf","all_gulf","_1","species","Area","Atlantic cod",0.456287730768569,0.435621083827146,0.0206666469414226
"PT","occurrence",910,"all_gulf","all_gulf","_1","species","Area","Atlantic herring",0.471517064877403,0.466722617531476,0.00479444734592673
"PT","occurrence",910,"all_gulf","all_gulf","_1","species","Area","Atlantic hookear sculpin",0.814419234053181,0.781529584985114,0.0328896490680674
"PT","occurrence",910,"all_gulf","all_gulf","_1","species","Area","Atlantic mackerel",0.409693989565304,0.408661784827133,0.00103220473817098
"PT","occurrence",910,"all_gulf","all_gulf","_1","species","Area","Atlantic poacher",0.714454078174711,0.681261427445668,0.0331926507290427
"PT","occurrence",910,"all_gulf","all_gulf","_1","species","Area","Atlantic spiny lumpsucker",0.408042881120606,0.398925322277237,0.00911755884336933
"PT","occurrence",910,"all_gulf","all_gulf","_1","species","Area","Capelin",0.314937413346672,0.311551391674462,0.00338602167220986
"PT","occurrence",910,"all_gulf","all_gulf","_1","species","Area","Daubed shanny",0.640974448259096,0.604166112636716,0.0368083356223805
"PT","occurrence",910,"all_gulf","all_gulf","_1","species","Area","Dusky snailfish",0.520039944830829,0.493284905525576,0.0267550393052535
"PT","occurrence",910,"all_gulf","all_gulf","_1","species","Area","Fourbeard rockling",0.624635454917703,0.568991854384935,0.055643600532768
"PT","occurrence",910,"all_gulf","all_gulf","_1","species","Area","Fourline snakeblenny",0.519678845134627,0.477595410743844,0.0420834343907827
"PT","occurrence",910,"all_gulf","all_gulf","_1","species","Area","Greenland cod",0.625923265750494,0.613743213042942,0.0121800527075518
"PT","occurrence",910,"all_gulf","all_gulf","_1","species","Area","Greenland halibut",0.462082655518695,0.458480282541478,0.0036023729772161
"PT","occurrence",910,"all_gulf","all_gulf","_1","species","Area","Laval's eelpout",0.698466721240349,0.635779565450188,0.0626871557901613
"PT","occurrence",910,"all_gulf","all_gulf","_1","species","Area","Longhorn sculpin",0.431697443847054,0.403340035169065,0.028357408677989
"PT","occurrence",910,"all_gulf","all_gulf","_1","species","Area","Marlin-spike grenadier",0.540105440156876,0.512569297601007,0.0275361425558694
"PT","occurrence",910,"all_gulf","all_gulf","_1","species","Area","Moustache sculpin",0.737391804846336,0.717001125433755,0.020390679412581
"PT","occurrence",910,"all_gulf","all_gulf","_1","species","Area","Northern sand lance",0.418630511463845,0.418630511463845,1.83880688453542e-17
"PT","occurrence",910,"all_gulf","all_gulf","_1","species","Area","Rainbow smelt",0.574629106788874,0.559601389311905,0.0150277174769693
"PT","occurrence",910,"all_gulf","all_gulf","_1","species","Area","Redfish unidentified",0.494215940036571,0.489455794686265,0.00476014535030688
"PT","occurrence",910,"all_gulf","all_gulf","_1","species","Area","Sea raven",0.246080096101511,0.238259933158536,0.00782016294297551
"PT","occurrence",910,"all_gulf","all_gulf","_1","species","Area","Shorthorn sculpin",0.319146578151316,0.306104928312704,0.0130416498386124
"PT","occurrence",910,"all_gulf","all_gulf","_1","species","Area","Smooth skate",0.608940697774179,0.590230510467867,0.0187101873063125
"PT","occurrence",910,"all_gulf","all_gulf","_1","species","Area","Snakeblenny",0.502815095442214,0.472302634026598,0.0305124614156159
"PT","occurrence",910,"all_gulf","all_gulf","_1","species","Area","Spatulate sculpin",0.868173674405203,0.858500833177243,0.00967284122796058
"PT","occurrence",910,"all_gulf","all_gulf","_1","species","Area","Stout eelblenny",0.574048654790116,0.555772770334162,0.0182758844559546
"PT","occurrence",910,"all_gulf","all_gulf","_1","species","Area","Thorny skate",0.536413100257433,0.502465286170549,0.0339478140868849
"PT","occurrence",910,"all_gulf","all_gulf","_1","species","Area","Three-spined stickleback",0.446257102599494,0.442757996632997,0.00349910596649729
"PT","occurrence",910,"all_gulf","all_gulf","_1","species","Area","Vahl's eelpout",0.760200577579862,0.7238544665298,0.0363461110500614
"PT","occurrence",910,"all_gulf","all_gulf","_1","species","Area","White hake",0.349970893771175,0.335751231155159,0.0142196626160156
"PT","occurrence",910,"all_gulf","all_gulf","_1","species","Area","Windowpane flounder",0.544256359055291,0.538988539625231,0.00526781943005976
"PT","occurrence",910,"all_gulf","all_gulf","_1","species","Area","Winter flounder",0.30531339321957,0.27427786552049,0.0310355276990794
"PT","occurrence",910,"all_gulf","all_gulf","_1","species","Area","Witch flounder",0.460615364980433,0.406557333747435,0.0540580312329983
"PT","occurrence",910,"all_gulf","all_gulf","_1","species","Area","Yellowtail flounder",0.523755283790678,0.479566848556415,0.0441884352342627
"PT","occurrence",930,"all_gulf","all_gulf","_1","species","Area","Alewife",0.65202643614474,0.649281794229959,0.00274464191478092
"PT","occurrence",930,"all_gulf","all_gulf","_1","species","Area","Alligatorfish",0.798715066866759,0.74048443161737,0.0582306352493898
"PT","occurrence",930,"all_gulf","all_gulf","_1","species","Area","American plaice",0.489572793865454,0.461163528524137,0.0284092653413166
"PT","occurrence",930,"all_gulf","all_gulf","_1","species","Area","Arctic alligatorfish",0.870409652761356,0.833319586827993,0.0370900659333627
"PT","occurrence",930,"all_gulf","all_gulf","_1","species","Area","Arctic hookear sculpin",0.831203455499822,0.811617643392761,0.0195858121070608
"PT","occurrence",930,"all_gulf","all_gulf","_1","species","Area","Arctic staghorn sculpin",0.597173691269416,0.550150945195753,0.0470227460736636
"PT","occurrence",930,"all_gulf","all_gulf","_1","species","Area","Atlantic cod",0.454537110628637,0.43251491017716,0.0220222004514766
"PT","occurrence",930,"all_gulf","all_gulf","_1","species","Area","Atlantic herring",0.45597845421085,0.45184904257966,0.00412941163119017
"PT","occurrence",930,"all_gulf","all_gulf","_1","species","Area","Atlantic hookear sculpin",0.812210034421136,0.77364374016686,0.0385662942542768
"PT","occurrence",930,"all_gulf","all_gulf","_1","species","Area","Atlantic mackerel",0.412405193710738,0.411101941474521,0.00130325223621675
"PT","occurrence",930,"all_gulf","all_gulf","_1","species","Area","Atlantic poacher",0.713710958015555,0.67907575331505,0.0346352047005055
"PT","occurrence",930,"all_gulf","all_gulf","_1","species","Area","Atlantic spiny lumpsucker",0.41401052614164,0.405940393938036,0.00807013220360442
"PT","occurrence",930,"all_gulf","all_gulf","_1","species","Area","Capelin",0.318660610121791,0.315438193508508,0.00322241661328288
"PT","occurrence",930,"all_gulf","all_gulf","_1","species","Area","Daubed shanny",0.626340586298564,0.587040239513855,0.0393003467847095
"PT","occurrence",930,"all_gulf","all_gulf","_1","species","Area","Dusky snailfish",0.522324570523981,0.494211139642033,0.0281134308819484
"PT","occurrence",930,"all_gulf","all_gulf","_1","species","Area","Fourbeard rockling",0.620217773879697,0.562161460704355,0.0580563131753419
"PT","occurrence",930,"all_gulf","all_gulf","_1","species","Area","Fourline snakeblenny",0.517842527589473,0.478436371124615,0.0394061564648583
"PT","occurrence",930,"all_gulf","all_gulf","_1","species","Area","Greenland cod",0.636647813685101,0.623126242953316,0.0135215707317843
"PT","occurrence",930,"all_gulf","all_gulf","_1","species","Area","Greenland halibut",0.459684871774206,0.456396155454536,0.00328871631966941
"PT","occurrence",930,"all_gulf","all_gulf","_1","species","Area","Laval's eelpout",0.696735995264292,0.63383525459307,0.0629007406712224
"PT","occurrence",930,"all_gulf","all_gulf","_1","species","Area","Longhorn sculpin",0.433373506972521,0.404156264310012,0.029217242662509
"PT","occurrence",930,"all_gulf","all_gulf","_1","species","Area","Marlin-spike grenadier",0.54681531505903,0.518115306899277,0.0287000081597522
"PT","occurrence",930,"all_gulf","all_gulf","_1","species","Area","Moustache sculpin",0.737612254017222,0.716380495694672,0.0212317583225499
"PT","occurrence",930,"all_gulf","all_gulf","_1","species","Area","Northern sand lance",0.406793650793651,0.406793650793651,1.92901250528621e-17
"PT","occurrence",930,"all_gulf","all_gulf","_1","species","Area","Rainbow smelt",0.57729516371101,0.560952022661235,0.0163431410497744
"PT","occurrence",930,"all_gulf","all_gulf","_1","species","Area","Redfish unidentified",0.487917610156061,0.483262696567624,0.00465491358843666
"PT","occurrence",930,"all_gulf","all_gulf","_1","species","Area","Sea raven",0.221408237042792,0.213436062515488,0.00797217452730415
"PT","occurrence",930,"all_gulf","all_gulf","_1","species","Area","Shorthorn sculpin",0.318983577355634,0.305952797273219,0.0130307800824158
"PT","occurrence",930,"all_gulf","all_gulf","_1","species","Area","Smooth skate",0.612265025852366,0.593636300001151,0.0186287258512148
"PT","occurrence",930,"all_gulf","all_gulf","_1","species","Area","Snakeblenny",0.501600567059905,0.471867396071403,0.0297331709885022
"PT","occurrence",930,"all_gulf","all_gulf","_1","species","Area","Spatulate sculpin",0.873038895006411,0.863692884530308,0.00934601047610275
"PT","occurrence",930,"all_gulf","all_gulf","_1","species","Area","Stout eelblenny",0.549869859651791,0.529648820776224,0.0202210388755674
"PT","occurrence",930,"all_gulf","all_gulf","_1","species","Area","Thorny skate",0.537066618597031,0.502420565994192,0.0346460526028392
"PT","occurrence",930,"all_gulf","all_gulf","_1","species","Area","Three-spined stickleback",0.439133939027961,0.43631731000481,0.00281662902315078
"PT","occurrence",930,"all_gulf","all_gulf","_1","species","Area","Vahl's eelpout",0.730566291047879,0.688036402190728,0.0425298888571512
"PT","occurrence",930,"all_gulf","all_gulf","_1","species","Area","White hake",0.350773129419133,0.336444308235447,0.0143288211836856
"PT","occurrence",930,"all_gulf","all_gulf","_1","species","Area","Windowpane flounder",0.54452508689629,0.538485813195849,0.00603927370044066
"PT","occurrence",930,"all_gulf","all_gulf","_1","species","Area","Winter flounder",0.299211470110839,0.266696324811763,0.032515145299076
"PT","occurrence",930,"all_gulf","all_gulf","_1","species","Area","Witch flounder",0.455246047595023,0.397205253681054,0.0580407939139683
"PT","occurrence",930,"all_gulf","all_gulf","_1","species","Area","Yellowtail flounder",0.524853423416159,0.47848742895253,0.0463659944636283
"PT","occurrence",950,"all_gulf","all_gulf","_1","species","Area","Alewife",0.650638562011168,0.64780127366738,0.00283728834378788
"PT","occurrence",950,"all_gulf","all_gulf","_1","species","Area","Alligatorfish",0.793715182421177,0.737911104606079,0.0558040778150983
"PT","occurrence",950,"all_gulf","all_gulf","_1","species","Area","American plaice",0.470982848800226,0.442665688599917,0.0283171602003087
"PT","occurrence",950,"all_gulf","all_gulf","_1","species","Area","Arctic alligatorfish",0.864050403787642,0.82614326197147,0.0379071418161722
"PT","occurrence",950,"all_gulf","all_gulf","_1","species","Area","Arctic hookear sculpin",0.836870192671518,0.819957032799521,0.0169131598719972
"PT","occurrence",950,"all_gulf","all_gulf","_1","species","Area","Arctic staghorn sculpin",0.594197188644016,0.547247042448572,0.0469501461954436
"PT","occurrence",950,"all_gulf","all_gulf","_1","species","Area","Atlantic cod",0.441210188462309,0.41953511053124,0.0216750779310683
"PT","occurrence",950,"all_gulf","all_gulf","_1","species","Area","Atlantic herring",0.458923540596812,0.454355073224952,0.00456846737185987
"PT","occurrence",950,"all_gulf","all_gulf","_1","species","Area","Atlantic hookear sculpin",0.797591890830041,0.759991830147632,0.0376000606824095
"PT","occurrence",950,"all_gulf","all_gulf","_1","species","Area","Atlantic mackerel",0.404339908220001,0.403184092343564,0.0011558158764366
"PT","occurrence",950,"all_gulf","all_gulf","_1","species","Area","Atlantic poacher",0.706444918725242,0.67320975364821,0.033235165077032
"PT","occurrence",950,"all_gulf","all_gulf","_1","species","Area","Atlantic spiny lumpsucker",0.407436507146191,0.399552851614665,0.00788365553152605
"PT","occurrence",950,"all_gulf","all_gulf","_1","species","Area","Capelin",0.319143475602462,0.316517655976762,0.00262581962570004
"PT","occurrence",950,"all_gulf","all_gulf","_1","species","Area","Daubed shanny",0.579057036026134,0.536303825939029,0.0427532100871051
"PT","occurrence",950,"all_gulf","all_gulf","_1","species","Area","Dusky snailfish",0.515472995910413,0.487501160992257,0.027971834918156
"PT","occurrence",950,"all_gulf","all_gulf","_1","species","Area","Fourbeard rockling",0.586233312485413,0.525995296055817,0.0602380164295958
"PT","occurrence",950,"all_gulf","all_gulf","_1","species","Area","Fourline snakeblenny",0.523401512337636,0.485305779114842,0.0380957332227935
"PT","occurrence",950,"all_gulf","all_gulf","_1","species","Area","Greenland cod",0.636906457863538,0.62436974281144,0.0125367150520979
"PT","occurrence",950,"all_gulf","all_gulf","_1","species","Area","Greenland halibut",0.450984564896245,0.44734143081259,0.00364313408365491
"PT","occurrence",950,"all_gulf","all_gulf","_1","species","Area","Laval's eelpout",0.694770391979331,0.63092794123874,0.0638424507405916
"PT","occurrence",950,"all_gulf","all_gulf","_1","species","Area","Longhorn sculpin",0.433083042555254,0.405908740924349,0.0271743016309048
"PT","occurrence",950,"all_gulf","all_gulf","_1","species","Area","Marlin-spike grenadier",0.541701922881351,0.515604983619026,0.0260969392623249
"PT","occurrence",950,"all_gulf","all_gulf","_1","species","Area","Moustache sculpin",0.729936294478565,0.7079917076828,0.0219445867957648
"PT","occurrence",950,"all_gulf","all_gulf","_1","species","Area","Northern sand lance",0.394760582010582,0.394760582010582,1.69309011255336e-17
"PT","occurrence",950,"all_gulf","all_gulf","_1","species","Area","Rainbow smelt",0.548757200421077,0.531098824412586,0.0176583760084909
"PT","occurrence",950,"all_gulf","all_gulf","_1","species","Area","Redfish unidentified",0.488756769855718,0.484574247068562,0.00418252278715593
"PT","occurrence",950,"all_gulf","all_gulf","_1","species","Area","Sea raven",0.228608123119648,0.222086136191649,0.00652198692799963
"PT","occurrence",950,"all_gulf","all_gulf","_1","species","Area","Shorthorn sculpin",0.321401960394319,0.308567283484651,0.0128346769096685
"PT","occurrence",950,"all_gulf","all_gulf","_1","species","Area","Smooth skate",0.614815317774273,0.595980583415687,0.0188347343585862
"PT","occurrence",950,"all_gulf","all_gulf","_1","species","Area","Snakeblenny",0.409673132543665,0.372665730050606,0.0370074024930596
"PT","occurrence",950,"all_gulf","all_gulf","_1","species","Area","Spatulate sculpin",0.870563950923094,0.861662881109155,0.0089010698139388
"PT","occurrence",950,"all_gulf","all_gulf","_1","species","Area","Stout eelblenny",0.523662719990123,0.502469802442886,0.0211929175472369
"PT","occurrence",950,"all_gulf","all_gulf","_1","species","Area","Thorny skate",0.510109890654667,0.473959195666531,0.036150694988136
"PT","occurrence",950,"all_gulf","all_gulf","_1","species","Area","Three-spined stickleback",0.437543318798754,0.435198833573834,0.00234448522492003
"PT","occurrence",950,"all_gulf","all_gulf","_1","species","Area","Vahl's eelpout",0.678263198520602,0.620001796958296,0.0582614015623065
"PT","occurrence",950,"all_gulf","all_gulf","_1","species","Area","White hake",0.348776959011622,0.33482132050628,0.0139556385053417
"PT","occurrence",950,"all_gulf","all_gulf","_1","species","Area","Windowpane flounder",0.538247589612017,0.532658565939718,0.00558902367229881
"PT","occurrence",950,"all_gulf","all_gulf","_1","species","Area","Winter flounder",0.293702326255138,0.261261382256006,0.0324409439991315
"PT","occurrence",950,"all_gulf","all_gulf","_1","species","Area","Witch flounder",0.393515175728532,0.329500685908933,0.0640144898195985
"PT","occurrence",950,"all_gulf","all_gulf","_1","species","Area","Yellowtail flounder",0.463879754757874,0.41306561754654,0.0508141372113339
"PT","occurrence",970,"all_gulf","all_gulf","_1","species","Area","Alewife",0.649194100209833,0.646623697205501,0.00257040300433196
"PT","occurrence",970,"all_gulf","all_gulf","_1","species","Area","Alligatorfish",0.798346779948369,0.746104659460195,0.0522421204881745
"PT","occurrence",970,"all_gulf","all_gulf","_1","species","Area","American plaice",0.469714440509038,0.442018932525701,0.027695507983337
"PT","occurrence",970,"all_gulf","all_gulf","_1","species","Area","Arctic alligatorfish",0.860180699680296,0.820796988895218,0.0393837107850778
"PT","occurrence",970,"all_gulf","all_gulf","_1","species","Area","Arctic hookear sculpin",0.830240772215138,0.812155052635464,0.018085719579674
"PT","occurrence",970,"all_gulf","all_gulf","_1","species","Area","Arctic staghorn sculpin",0.586297226271853,0.541454724250326,0.0448425020215265
"PT","occurrence",970,"all_gulf","all_gulf","_1","species","Area","Atlantic cod",0.443932637500329,0.423248703021058,0.0206839344792706
"PT","occurrence",970,"all_gulf","all_gulf","_1","species","Area","Atlantic herring",0.46955666605931,0.465761238160831,0.00379542789847865
"PT","occurrence",970,"all_gulf","all_gulf","_1","species","Area","Atlantic hookear sculpin",0.805983623884531,0.767371154978969,0.0386124689055624
"PT","occurrence",970,"all_gulf","all_gulf","_1","species","Area","Atlantic mackerel",0.402479732791656,0.401428800966995,0.00105093182466086
"PT","occurrence",970,"all_gulf","all_gulf","_1","species","Area","Atlantic poacher",0.70775602651972,0.67439501188283,0.0333610146368901
"PT","occurrence",970,"all_gulf","all_gulf","_1","species","Area","Atlantic spiny lumpsucker",0.413925916191557,0.407191008324652,0.00673490786690474
"PT","occurrence",970,"all_gulf","all_gulf","_1","species","Area","Capelin",0.324233467486055,0.322291610421058,0.00194185706499656
"PT","occurrence",970,"all_gulf","all_gulf","_1","species","Area","Daubed shanny",0.583517045589525,0.5399973060969,0.0435197394926252
"PT","occurrence",970,"all_gulf","all_gulf","_1","species","Area","Dusky snailfish",0.516201532764836,0.48852436904248,0.0276771637223555
"PT","occurrence",970,"all_gulf","all_gulf","_1","species","Area","Fourbeard rockling",0.595799376475877,0.538053621016674,0.0577457554592024
"PT","occurrence",970,"all_gulf","all_gulf","_1","species","Area","Fourline snakeblenny",0.516028935874079,0.477292005456673,0.0387369304174063
"PT","occurrence",970,"all_gulf","all_gulf","_1","species","Area","Greenland cod",0.636207337298738,0.624789280045812,0.0114180572529261
"PT","occurrence",970,"all_gulf","all_gulf","_1","species","Area","Greenland halibut",0.46107482983995,0.457933222655897,0.00314160718405269
"PT","occurrence",970,"all_gulf","all_gulf","_1","species","Area","Laval's eelpout",0.70310962266609,0.643005657725102,0.0601039649409882
"PT","occurrence",970,"all_gulf","all_gulf","_1","species","Area","Longhorn sculpin",0.436196672027848,0.408719259467911,0.0274774125599372
"PT","occurrence",970,"all_gulf","all_gulf","_1","species","Area","Marlin-spike grenadier",0.54275607809403,0.513983255408493,0.0287728226855367
"PT","occurrence",970,"all_gulf","all_gulf","_1","species","Area","Moustache sculpin",0.731075946603988,0.71020180567322,0.0208741409307685
"PT","occurrence",970,"all_gulf","all_gulf","_1","species","Area","Northern sand lance",0.409365520282187,0.409365520282187,2.31759056390501e-17
"PT","occurrence",970,"all_gulf","all_gulf","_1","species","Area","Rainbow smelt",0.544714040942813,0.5285755513681,0.016138489574713
"PT","occurrence",970,"all_gulf","all_gulf","_1","species","Area","Redfish unidentified",0.48858490362007,0.484053863011667,0.00453104060840299
"PT","occurrence",970,"all_gulf","all_gulf","_1","species","Area","Sea raven",0.221834457886243,0.214179592935882,0.00765486495036103
"PT","occurrence",970,"all_gulf","all_gulf","_1","species","Area","Shorthorn sculpin",0.322407023601979,0.309994809705065,0.0124122138969137
"PT","occurrence",970,"all_gulf","all_gulf","_1","species","Area","Smooth skate",0.612360519769559,0.59518604993992,0.0171744698296391
"PT","occurrence",970,"all_gulf","all_gulf","_1","species","Area","Snakeblenny",0.410387555827557,0.376156705968614,0.0342308498589432
"PT","occurrence",970,"all_gulf","all_gulf","_1","species","Area","Spatulate sculpin",0.872005136410978,0.862299418925513,0.00970571748546433
"PT","occurrence",970,"all_gulf","all_gulf","_1","species","Area","Stout eelblenny",0.522691356146708,0.500611017838034,0.0220803383086745
"PT","occurrence",970,"all_gulf","all_gulf","_1","species","Area","Thorny skate",0.511415704660869,0.476741631510472,0.0346740731503962
"PT","occurrence",970,"all_gulf","all_gulf","_1","species","Area","Three-spined stickleback",0.426386191103582,0.424246950019677,0.00213924108390514
"PT","occurrence",970,"all_gulf","all_gulf","_1","species","Area","Vahl's eelpout",0.693946461664783,0.646286825434364,0.0476596362304193
"PT","occurrence",970,"all_gulf","all_gulf","_1","species","Area","White hake",0.348133281126433,0.334483603203843,0.01364967792259
"PT","occurrence",970,"all_gulf","all_gulf","_1","species","Area","Windowpane flounder",0.548103948158727,0.542684794645552,0.00541915351317525
"PT","occurrence",970,"all_gulf","all_gulf","_1","species","Area","Winter flounder",0.291213127631899,0.259468720046628,0.0317444075852713
"PT","occurrence",970,"all_gulf","all_gulf","_1","species","Area","Witch flounder",0.39299926495796,0.331521867110586,0.0614773978473735
"PT","occurrence",970,"all_gulf","all_gulf","_1","species","Area","Yellowtail flounder",0.464623571425346,0.414718128925176,0.0499054425001705
"PT","occurrence",990,"all_gulf","all_gulf","_1","species","Area","Alewife",0.655113720704,0.652924248812878,0.00218947189112201
"PT","occurrence",990,"all_gulf","all_gulf","_1","species","Area","Alligatorfish",0.799841339267622,0.750957940111269,0.0488833991563531
"PT","occurrence",990,"all_gulf","all_gulf","_1","species","Area","American plaice",0.471188250640675,0.446613046707271,0.0245752039334033
"PT","occurrence",990,"all_gulf","all_gulf","_1","species","Area","Arctic alligatorfish",0.865605460975546,0.83205084523449,0.0335546157410557
"PT","occurrence",990,"all_gulf","all_gulf","_1","species","Area","Arctic hookear sculpin",0.840114842747997,0.824790645666097,0.0153241970819
"PT","occurrence",990,"all_gulf","all_gulf","_1","species","Area","Arctic staghorn sculpin",0.600975634600177,0.563337286827448,0.0376383477727282
"PT","occurrence",990,"all_gulf","all_gulf","_1","species","Area","Atlantic cod",0.443956442928706,0.425321855752464,0.0186345871762416
"PT","occurrence",990,"all_gulf","all_gulf","_1","species","Area","Atlantic herring",0.463049255559227,0.459279047482407,0.00377020807681923
"PT","occurrence",990,"all_gulf","all_gulf","_1","species","Area","Atlantic hookear sculpin",0.801983142685788,0.769888225850675,0.0320949168351136
"PT","occurrence",990,"all_gulf","all_gulf","_1","species","Area","Atlantic mackerel",0.407549467567807,0.406615644473376,0.000933823094430194
"PT","occurrence",990,"all_gulf","all_gulf","_1","species","Area","Atlantic poacher",0.711127510982641,0.682337778563881,0.0287897324187595
"PT","occurrence",990,"all_gulf","all_gulf","_1","species","Area","Atlantic spiny lumpsucker",0.40862253175607,0.401260516848803,0.0073620149072672
"PT","occurrence",990,"all_gulf","all_gulf","_1","species","Area","Capelin",0.317427070262709,0.314638305879917,0.0027887643827916
"PT","occurrence",990,"all_gulf","all_gulf","_1","species","Area","Daubed shanny",0.581154582773119,0.542916396794047,0.0382381859790728
"PT","occurrence",990,"all_gulf","all_gulf","_1","species","Area","Dusky snailfish",0.519288017631185,0.495868248312032,0.0234197693191536
"PT","occurrence",990,"all_gulf","all_gulf","_1","species","Area","Fourbeard rockling",0.599443639817476,0.548475806802993,0.0509678330144828
"PT","occurrence",990,"all_gulf","all_gulf","_1","species","Area","Fourline snakeblenny",0.521246539512663,0.487210496496206,0.0340360430164573
"PT","occurrence",990,"all_gulf","all_gulf","_1","species","Area","Greenland cod",0.638565428234172,0.627866906715339,0.0106985215188331
"PT","occurrence",990,"all_gulf","all_gulf","_1","species","Area","Greenland halibut",0.457386983072317,0.454552077940085,0.00283490513223209
"PT","occurrence",990,"all_gulf","all_gulf","_1","species","Area","Laval's eelpout",0.700596259752422,0.646470269994112,0.0541259897583099
"PT","occurrence",990,"all_gulf","all_gulf","_1","species","Area","Longhorn sculpin",0.436601307397355,0.412254233046284,0.0243470743510713
"PT","occurrence",990,"all_gulf","all_gulf","_1","species","Area","Marlin-spike grenadier",0.542406310073678,0.518213222780058,0.0241930872936201
"PT","occurrence",990,"all_gulf","all_gulf","_1","species","Area","Moustache sculpin",0.735761393990909,0.717766484802462,0.0179949091884472
"PT","occurrence",990,"all_gulf","all_gulf","_1","species","Area","Northern sand lance",0.426514991181658,0.426514991181658,2.2065682614425e-17
"PT","occurrence",990,"all_gulf","all_gulf","_1","species","Area","Rainbow smelt",0.548094527150607,0.533504861122521,0.0145896660280863
"PT","occurrence",990,"all_gulf","all_gulf","_1","species","Area","Redfish unidentified",0.488019860841768,0.483454457871445,0.00456540297032291
"PT","occurrence",990,"all_gulf","all_gulf","_1","species","Area","Sea raven",0.224147844314833,0.217268430131551,0.00687941418328133
"PT","occurrence",990,"all_gulf","all_gulf","_1","species","Area","Shorthorn sculpin",0.319969403038921,0.308288472316923,0.011680930721998
"PT","occurrence",990,"all_gulf","all_gulf","_1","species","Area","Smooth skate",0.62068740106131,0.60565794629987,0.0150294547614396
"PT","occurrence",990,"all_gulf","all_gulf","_1","species","Area","Snakeblenny",0.416120510553557,0.384087754170305,0.0320327563832512
"PT","occurrence",990,"all_gulf","all_gulf","_1","species","Area","Spatulate sculpin",0.870019742497739,0.861364858537497,0.00865488396024144
"PT","occurrence",990,"all_gulf","all_gulf","_1","species","Area","Stout eelblenny",0.522929181195126,0.505173465190248,0.0177557160048774
"PT","occurrence",990,"all_gulf","all_gulf","_1","species","Area","Thorny skate",0.514826011532943,0.483515924069447,0.0313100874634961
"PT","occurrence",990,"all_gulf","all_gulf","_1","species","Area","Three-spined stickleback",0.46016507073844,0.457922184507412,0.00224288623102855
"PT","occurrence",990,"all_gulf","all_gulf","_1","species","Area","Vahl's eelpout",0.688509170789431,0.64526137549465,0.0432477952947807
"PT","occurrence",990,"all_gulf","all_gulf","_1","species","Area","White hake",0.355381051289082,0.342448034407508,0.0129330168815746
"PT","occurrence",990,"all_gulf","all_gulf","_1","species","Area","Windowpane flounder",0.552963839594943,0.548281101203128,0.00468273839181479
"PT","occurrence",990,"all_gulf","all_gulf","_1","species","Area","Winter flounder",0.295505148288654,0.267836568618069,0.0276685796705845
"PT","occurrence",990,"all_gulf","all_gulf","_1","species","Area","Witch flounder",0.404139867632524,0.349027887508233,0.0551119801242918
"PT","occurrence",990,"all_gulf","all_gulf","_1","species","Area","Yellowtail flounder",0.468975375901448,0.424747889637651,0.0442274862637977
