approach,scenario,mode,test,x_threshold,pct_sig,n_cells
pooled_2,P1,biomass,p_comp,10,12.0805369127517,149
pooled_2,P1,biomass,p_comp,20,11.4093959731544,149
pooled_2,P1,biomass,p_comp,30,10.0671140939597,149
pooled_2,P1,biomass,p_comp,40,12.0805369127517,149
pooled_2,P1,biomass,p_comp,50,12.0805369127517,149
pooled_2,P1,biomass,p_comp,60,11.4093959731544,149
pooled_2,P1,biomass,p_comp,70,10.738255033557,149
pooled_2,P1,biomass,p_comp,80,10.738255033557,149
pooled_2,P1,biomass,p_comp,90,10.738255033557,149
pooled_2,P1,biomass,p_comp,100,12.751677852349,149
pooled_2,P1,biomass,p_comp,110,11.4093959731544,149
pooled_2,P1,biomass,p_comp,120,12.0805369127517,149
pooled_2,P1,biomass,p_comp,130,12.751677852349,149
pooled_2,P1,biomass,p_comp,140,14.0939597315436,149
pooled_2,P1,biomass,p_comp,150,13.4228187919463,149
pooled_2,P1,biomass,p_comp,160,12.0805369127517,149
pooled_2,P1,biomass,p_comp,170,10.738255033557,149
pooled_2,P1,biomass,p_comp,180,11.4093959731544,149
pooled_2,P1,biomass,p_comp,190,12.751677852349,149
pooled_2,P1,biomass,p_comp,200,12.751677852349,149
pooled_2,P1,biomass,p_comp,210,10.738255033557,149
pooled_2,P1,biomass,p_comp,220,12.0805369127517,149
pooled_2,P1,biomass,p_comp,230,10.0671140939597,149
pooled_2,P1,biomass,p_comp,240,12.751677852349,149
pooled_2,P1,biomass,p_comp,250,10.0671140939597,149
pooled_2,P1,occurrence,p_comp,10,20.1342281879195,149
pooled_2,P1,occurrence,p_comp,20,18.7919463087248,149
pooled_2,P1,occurrence,p_comp,30,18.1208053691275,149
pooled_2,P1,occurrence,p_comp,40,18.7919463087248,149
pooled_2,P1,occurrence,p_comp,50,17.4496644295302,149
pooled_2,P1,occurrence,p_comp,60,17.4496644295302,149
pooled_2,P1,occurrence,p_comp,70,17.4496644295302,149
pooled_2,P1,occurrence,p_comp,80,18.1208053691275,149
pooled_2,P1,occurrence,p_comp,90,18.1208053691275,149
pooled_2,P1,occurrence,p_comp,100,20.8053691275168,149
pooled_2,P1,occurrence,p_comp,110,18.7919463087248,149
pooled_2,P1,occurrence,p_comp,120,18.7919463087248,149
pooled_2,P1,occurrence,p_comp,130,18.1208053691275,149
pooled_2,P1,occurrence,p_comp,140,19.4630872483221,149
pooled_2,P1,occurrence,p_comp,150,19.4630872483221,149
pooled_2,P1,occurrence,p_comp,160,19.4630872483221,149
pooled_2,P1,occurrence,p_comp,170,18.7919463087248,149
pooled_2,P1,occurrence,p_comp,180,18.1208053691275,149
pooled_2,P1,occurrence,p_comp,190,18.1208053691275,149
pooled_2,P1,occurrence,p_comp,200,18.1208053691275,149
pooled_2,P1,occurrence,p_comp,210,18.7919463087248,149
pooled_2,P1,occurrence,p_comp,220,18.7919463087248,149
pooled_2,P1,occurrence,p_comp,230,18.7919463087248,149
pooled_2,P1,occurrence,p_comp,240,18.1208053691275,149
pooled_2,P1,occurrence,p_comp,250,18.7919463087248,149
pooled_2,P3,biomass,p_comp,10,12.5,168
pooled_2,P3,biomass,p_comp,20,13.6904761904762,168
pooled_2,P3,biomass,p_comp,30,13.6904761904762,168
pooled_2,P3,biomass,p_comp,40,13.6904761904762,168
pooled_2,P3,biomass,p_comp,50,11.9047619047619,168
pooled_2,P3,biomass,p_comp,60,13.0952380952381,168
pooled_2,P3,biomass,p_comp,70,12.5,168
pooled_2,P3,biomass,p_comp,80,14.8809523809524,168
pooled_2,P3,biomass,p_comp,90,13.6904761904762,168
pooled_2,P3,biomass,p_comp,100,13.0952380952381,168
pooled_2,P3,biomass,p_comp,110,13.6904761904762,168
pooled_2,P3,biomass,p_comp,120,14.8809523809524,168
pooled_2,P3,biomass,p_comp,130,14.8809523809524,168
pooled_2,P3,biomass,p_comp,140,16.0714285714286,168
pooled_2,P3,biomass,p_comp,150,14.2857142857143,168
pooled_2,P3,biomass,p_comp,160,12.5,168
pooled_2,P3,biomass,p_comp,170,13.0952380952381,168
pooled_2,P3,biomass,p_comp,180,11.9047619047619,168
pooled_2,P3,biomass,p_comp,190,14.2857142857143,168
pooled_2,P3,biomass,p_comp,200,12.5,168
pooled_2,P3,biomass,p_comp,210,13.0952380952381,168
pooled_2,P3,biomass,p_comp,220,13.6904761904762,168
pooled_2,P3,biomass,p_comp,230,12.5,168
pooled_2,P3,biomass,p_comp,240,13.6904761904762,168
pooled_2,P3,biomass,p_comp,250,13.0952380952381,168
pooled_2,P3,occurrence,p_comp,10,19.0476190476191,168
pooled_2,P3,occurrence,p_comp,20,17.2619047619048,168
pooled_2,P3,occurrence,p_comp,30,18.452380952381,168
pooled_2,P3,occurrence,p_comp,40,17.2619047619048,168
pooled_2,P3,occurrence,p_comp,50,17.8571428571429,168
pooled_2,P3,occurrence,p_comp,60,16.6666666666667,168
pooled_2,P3,occurrence,p_comp,70,16.6666666666667,168
pooled_2,P3,occurrence,p_comp,80,16.6666666666667,168
pooled_2,P3,occurrence,p_comp,90,16.6666666666667,168
pooled_2,P3,occurrence,p_comp,100,17.8571428571429,168
pooled_2,P3,occurrence,p_comp,110,17.8571428571429,168
pooled_2,P3,occurrence,p_comp,120,17.8571428571429,168
pooled_2,P3,occurrence,p_comp,130,17.8571428571429,168
pooled_2,P3,occurrence,p_comp,140,17.8571428571429,168
pooled_2,P3,occurrence,p_comp,150,18.452380952381,168
pooled_2,P3,occurrence,p_comp,160,17.8571428571429,168
pooled_2,P3,occurrence,p_comp,170,18.452380952381,168
pooled_2,P3,occurrence,p_comp,180,17.2619047619048,168
pooled_2,P3,occurrence,p_comp,190,18.452380952381,168
pooled_2,P3,occurrence,p_comp,200,17.2619047619048,168
pooled_2,P3,occurrence,p_comp,210,17.2619047619048,168
pooled_2,P3,occurrence,p_comp,220,18.452380952381,168
pooled_2,P3,occurrence,p_comp,230,17.8571428571429,168
pooled_2,P3,occurrence,p_comp,240,17.2619047619048,168
pooled_2,P3,occurrence,p_comp,250,19.0476190476191,168
pooled_2,PT,biomass,p_comp,10,62.3115577889447,199
pooled_2,PT,biomass,p_comp,20,61.8090452261307,199
pooled_2,PT,biomass,p_comp,30,62.3115577889447,199
pooled_2,PT,biomass,p_comp,40,62.3115577889447,199
pooled_2,PT,biomass,p_comp,50,62.8140703517588,199
pooled_2,PT,biomass,p_comp,60,59.2964824120603,199
pooled_2,PT,biomass,p_comp,70,59.7989949748744,199
pooled_2,PT,biomass,p_comp,80,60.3015075376884,199
pooled_2,PT,biomass,p_comp,90,60.3015075376884,199
pooled_2,PT,biomass,p_comp,100,60.8040201005025,199
pooled_2,PT,biomass,p_comp,110,59.7989949748744,199
pooled_2,PT,biomass,p_comp,120,59.7989949748744,199
pooled_2,PT,biomass,p_comp,130,58.7939698492462,199
pooled_2,PT,biomass,p_comp,140,60.3015075376884,199
pooled_2,PT,biomass,p_comp,150,60.3015075376884,199
pooled_2,PT,biomass,p_comp,160,60.3015075376884,199
pooled_2,PT,biomass,p_comp,170,60.8040201005025,199
pooled_2,PT,biomass,p_comp,180,59.2964824120603,199
pooled_2,PT,biomass,p_comp,190,61.3065326633166,199
pooled_2,PT,biomass,p_comp,200,58.7939698492462,199
pooled_2,PT,biomass,p_comp,210,57.286432160804,199
pooled_2,PT,biomass,p_comp,220,58.7939698492462,199
pooled_2,PT,biomass,p_comp,230,57.286432160804,199
pooled_2,PT,biomass,p_comp,240,57.7889447236181,199
pooled_2,PT,biomass,p_comp,250,57.286432160804,199
pooled_2,PT,occurrence,p_comp,10,77.8894472361809,199
pooled_2,PT,occurrence,p_comp,20,77.3869346733669,199
pooled_2,PT,occurrence,p_comp,30,78.391959798995,199
pooled_2,PT,occurrence,p_comp,40,78.391959798995,199
pooled_2,PT,occurrence,p_comp,50,77.3869346733669,199
pooled_2,PT,occurrence,p_comp,60,79.3969849246231,199
pooled_2,PT,occurrence,p_comp,70,77.8894472361809,199
pooled_2,PT,occurrence,p_comp,80,76.8844221105528,199
pooled_2,PT,occurrence,p_comp,90,77.3869346733669,199
pooled_2,PT,occurrence,p_comp,100,76.8844221105528,199
pooled_2,PT,occurrence,p_comp,110,74.8743718592965,199
pooled_2,PT,occurrence,p_comp,120,75.3768844221106,199
pooled_2,PT,occurrence,p_comp,130,77.8894472361809,199
pooled_2,PT,occurrence,p_comp,140,76.8844221105528,199
pooled_2,PT,occurrence,p_comp,150,77.8894472361809,199
pooled_2,PT,occurrence,p_comp,160,75.8793969849246,199
pooled_2,PT,occurrence,p_comp,170,74.8743718592965,199
pooled_2,PT,occurrence,p_comp,180,75.3768844221106,199
pooled_2,PT,occurrence,p_comp,190,76.3819095477387,199
pooled_2,PT,occurrence,p_comp,200,75.3768844221106,199
pooled_2,PT,occurrence,p_comp,210,75.8793969849246,199
pooled_2,PT,occurrence,p_comp,220,75.8793969849246,199
pooled_2,PT,occurrence,p_comp,230,73.8693467336683,199
pooled_2,PT,occurrence,p_comp,240,74.8743718592965,199
pooled_2,PT,occurrence,p_comp,250,73.8693467336683,199
pooled_2,P4,biomass,p_comp,10,43.5897435897436,78
pooled_2,P4,biomass,p_comp,20,42.3076923076923,78
pooled_2,P4,biomass,p_comp,30,42.3076923076923,78
pooled_2,P4,biomass,p_comp,40,42.3076923076923,78
pooled_2,P4,biomass,p_comp,50,43.5897435897436,78
pooled_2,P4,biomass,p_comp,60,42.3076923076923,78
pooled_2,P4,biomass,p_comp,70,43.5897435897436,78
pooled_2,P4,biomass,p_comp,80,43.5897435897436,78
pooled_2,P4,biomass,p_comp,90,43.5897435897436,78
pooled_2,P4,biomass,p_comp,100,44.8717948717949,78
pooled_2,P4,biomass,p_comp,110,46.1538461538462,78
pooled_2,P4,biomass,p_comp,120,43.5897435897436,78
pooled_2,P4,biomass,p_comp,130,43.5897435897436,78
pooled_2,P4,biomass,p_comp,140,44.8717948717949,78
pooled_2,P4,biomass,p_comp,150,43.5897435897436,78
pooled_2,P4,biomass,p_comp,160,43.5897435897436,78
pooled_2,P4,biomass,p_comp,170,44.8717948717949,78
pooled_2,P4,biomass,p_comp,180,43.5897435897436,78
pooled_2,P4,biomass,p_comp,190,43.5897435897436,78
pooled_2,P4,biomass,p_comp,200,43.5897435897436,78
pooled_2,P4,biomass,p_comp,210,43.5897435897436,78
pooled_2,P4,biomass,p_comp,220,42.3076923076923,78
pooled_2,P4,biomass,p_comp,230,41.025641025641,78
pooled_2,P4,biomass,p_comp,240,43.5897435897436,78
pooled_2,P4,biomass,p_comp,250,42.3076923076923,78
pooled_2,P4,occurrence,p_comp,10,64.1025641025641,78
pooled_2,P4,occurrence,p_comp,20,64.1025641025641,78
pooled_2,P4,occurrence,p_comp,30,64.1025641025641,78
pooled_2,P4,occurrence,p_comp,40,64.1025641025641,78
pooled_2,P4,occurrence,p_comp,50,64.1025641025641,78
pooled_2,P4,occurrence,p_comp,60,64.1025641025641,78
pooled_2,P4,occurrence,p_comp,70,65.3846153846154,78
pooled_2,P4,occurrence,p_comp,80,64.1025641025641,78
pooled_2,P4,occurrence,p_comp,90,64.1025641025641,78
pooled_2,P4,occurrence,p_comp,100,65.3846153846154,78
pooled_2,P4,occurrence,p_comp,110,64.1025641025641,78
pooled_2,P4,occurrence,p_comp,120,64.1025641025641,78
pooled_2,P4,occurrence,p_comp,130,65.3846153846154,78
pooled_2,P4,occurrence,p_comp,140,65.3846153846154,78
pooled_2,P4,occurrence,p_comp,150,65.3846153846154,78
pooled_2,P4,occurrence,p_comp,160,65.3846153846154,78
pooled_2,P4,occurrence,p_comp,170,64.1025641025641,78
pooled_2,P4,occurrence,p_comp,180,65.3846153846154,78
pooled_2,P4,occurrence,p_comp,190,62.8205128205128,78
pooled_2,P4,occurrence,p_comp,200,64.1025641025641,78
pooled_2,P4,occurrence,p_comp,210,62.8205128205128,78
pooled_2,P4,occurrence,p_comp,220,64.1025641025641,78
pooled_2,P4,occurrence,p_comp,230,60.2564102564103,78
pooled_2,P4,occurrence,p_comp,240,60.2564102564103,78
pooled_2,P4,occurrence,p_comp,250,60.2564102564103,78
pooled_2,P2,biomass,p_comp,10,8.51063829787234,47
pooled_2,P2,biomass,p_comp,20,8.51063829787234,47
pooled_2,P2,biomass,p_comp,30,10.6382978723404,47
pooled_2,P2,biomass,p_comp,40,8.51063829787234,47
pooled_2,P2,biomass,p_comp,50,8.51063829787234,47
pooled_2,P2,biomass,p_comp,60,6.38297872340426,47
pooled_2,P2,biomass,p_comp,70,6.38297872340426,47
pooled_2,P2,biomass,p_comp,80,6.38297872340426,47
pooled_2,P2,biomass,p_comp,90,6.38297872340426,47
pooled_2,P2,biomass,p_comp,100,6.38297872340426,47
pooled_2,P2,biomass,p_comp,110,6.38297872340426,47
pooled_2,P2,biomass,p_comp,120,8.51063829787234,47
pooled_2,P2,biomass,p_comp,130,6.38297872340426,47
pooled_2,P2,biomass,p_comp,140,6.38297872340426,47
pooled_2,P2,biomass,p_comp,150,6.38297872340426,47
pooled_2,P2,biomass,p_comp,160,8.51063829787234,47
pooled_2,P2,biomass,p_comp,170,4.25531914893617,47
pooled_2,P2,biomass,p_comp,180,4.25531914893617,47
pooled_2,P2,biomass,p_comp,190,4.25531914893617,47
pooled_2,P2,biomass,p_comp,200,4.25531914893617,47
pooled_2,P2,biomass,p_comp,210,6.38297872340426,47
pooled_2,P2,biomass,p_comp,220,4.25531914893617,47
pooled_2,P2,biomass,p_comp,230,4.25531914893617,47
pooled_2,P2,biomass,p_comp,240,4.25531914893617,47
pooled_2,P2,biomass,p_comp,250,8.51063829787234,47
pooled_2,P2,occurrence,p_comp,10,12.7659574468085,47
pooled_2,P2,occurrence,p_comp,20,12.7659574468085,47
pooled_2,P2,occurrence,p_comp,30,10.6382978723404,47
pooled_2,P2,occurrence,p_comp,40,10.6382978723404,47
pooled_2,P2,occurrence,p_comp,50,10.6382978723404,47
pooled_2,P2,occurrence,p_comp,60,12.7659574468085,47
pooled_2,P2,occurrence,p_comp,70,10.6382978723404,47
pooled_2,P2,occurrence,p_comp,80,10.6382978723404,47
pooled_2,P2,occurrence,p_comp,90,10.6382978723404,47
pooled_2,P2,occurrence,p_comp,100,14.8936170212766,47
pooled_2,P2,occurrence,p_comp,110,10.6382978723404,47
pooled_2,P2,occurrence,p_comp,120,10.6382978723404,47
pooled_2,P2,occurrence,p_comp,130,12.7659574468085,47
pooled_2,P2,occurrence,p_comp,140,14.8936170212766,47
pooled_2,P2,occurrence,p_comp,150,12.7659574468085,47
pooled_2,P2,occurrence,p_comp,160,12.7659574468085,47
pooled_2,P2,occurrence,p_comp,170,14.8936170212766,47
pooled_2,P2,occurrence,p_comp,180,14.8936170212766,47
pooled_2,P2,occurrence,p_comp,190,14.8936170212766,47
pooled_2,P2,occurrence,p_comp,200,12.7659574468085,47
pooled_2,P2,occurrence,p_comp,210,12.7659574468085,47
pooled_2,P2,occurrence,p_comp,220,12.7659574468085,47
pooled_2,P2,occurrence,p_comp,230,14.8936170212766,47
pooled_2,P2,occurrence,p_comp,240,14.8936170212766,47
pooled_2,P2,occurrence,p_comp,250,14.8936170212766,47
pooled_1,P1,biomass,p_comp,10,12.0805369127517,149
pooled_1,P1,biomass,p_comp,20,11.4093959731544,149
pooled_1,P1,biomass,p_comp,30,10.0671140939597,149
pooled_1,P1,biomass,p_comp,40,12.0805369127517,149
pooled_1,P1,biomass,p_comp,50,12.751677852349,149
pooled_1,P1,biomass,p_comp,60,11.4093959731544,149
pooled_1,P1,biomass,p_comp,70,10.738255033557,149
pooled_1,P1,biomass,p_comp,80,10.738255033557,149
pooled_1,P1,biomass,p_comp,90,10.738255033557,149
pooled_1,P1,biomass,p_comp,100,12.751677852349,149
pooled_1,P1,biomass,p_comp,110,11.4093959731544,149
pooled_1,P1,biomass,p_comp,120,12.0805369127517,149
pooled_1,P1,biomass,p_comp,130,12.751677852349,149
pooled_1,P1,biomass,p_comp,140,14.0939597315436,149
pooled_1,P1,biomass,p_comp,150,13.4228187919463,149
pooled_1,P1,biomass,p_comp,160,12.0805369127517,149
pooled_1,P1,biomass,p_comp,170,10.738255033557,149
pooled_1,P1,biomass,p_comp,180,11.4093959731544,149
pooled_1,P1,biomass,p_comp,190,12.751677852349,149
pooled_1,P1,biomass,p_comp,200,12.751677852349,149
pooled_1,P1,biomass,p_comp,210,10.738255033557,149
pooled_1,P1,biomass,p_comp,220,12.0805369127517,149
pooled_1,P1,biomass,p_comp,230,10.0671140939597,149
pooled_1,P1,biomass,p_comp,240,12.751677852349,149
pooled_1,P1,biomass,p_comp,250,10.0671140939597,149
pooled_1,P1,occurrence,p_comp,10,19.4630872483221,149
pooled_1,P1,occurrence,p_comp,20,18.1208053691275,149
pooled_1,P1,occurrence,p_comp,30,18.1208053691275,149
pooled_1,P1,occurrence,p_comp,40,18.7919463087248,149
pooled_1,P1,occurrence,p_comp,50,17.4496644295302,149
pooled_1,P1,occurrence,p_comp,60,17.4496644295302,149
pooled_1,P1,occurrence,p_comp,70,17.4496644295302,149
pooled_1,P1,occurrence,p_comp,80,18.1208053691275,149
pooled_1,P1,occurrence,p_comp,90,18.1208053691275,149
pooled_1,P1,occurrence,p_comp,100,18.7919463087248,149
pooled_1,P1,occurrence,p_comp,110,18.1208053691275,149
pooled_1,P1,occurrence,p_comp,120,18.7919463087248,149
pooled_1,P1,occurrence,p_comp,130,17.4496644295302,149
pooled_1,P1,occurrence,p_comp,140,19.4630872483221,149
pooled_1,P1,occurrence,p_comp,150,19.4630872483221,149
pooled_1,P1,occurrence,p_comp,160,20.1342281879195,149
pooled_1,P1,occurrence,p_comp,170,18.7919463087248,149
pooled_1,P1,occurrence,p_comp,180,18.1208053691275,149
pooled_1,P1,occurrence,p_comp,190,18.1208053691275,149
pooled_1,P1,occurrence,p_comp,200,18.1208053691275,149
pooled_1,P1,occurrence,p_comp,210,18.7919463087248,149
pooled_1,P1,occurrence,p_comp,220,18.7919463087248,149
pooled_1,P1,occurrence,p_comp,230,18.7919463087248,149
pooled_1,P1,occurrence,p_comp,240,18.1208053691275,149
pooled_1,P1,occurrence,p_comp,250,18.7919463087248,149
pooled_1,P3,biomass,p_comp,10,11.9047619047619,168
pooled_1,P3,biomass,p_comp,20,13.6904761904762,168
pooled_1,P3,biomass,p_comp,30,13.6904761904762,168
pooled_1,P3,biomass,p_comp,40,13.6904761904762,168
pooled_1,P3,biomass,p_comp,50,12.5,168
pooled_1,P3,biomass,p_comp,60,13.0952380952381,168
pooled_1,P3,biomass,p_comp,70,12.5,168
pooled_1,P3,biomass,p_comp,80,14.8809523809524,168
pooled_1,P3,biomass,p_comp,90,13.6904761904762,168
pooled_1,P3,biomass,p_comp,100,13.0952380952381,168
pooled_1,P3,biomass,p_comp,110,13.6904761904762,168
pooled_1,P3,biomass,p_comp,120,14.8809523809524,168
pooled_1,P3,biomass,p_comp,130,14.8809523809524,168
pooled_1,P3,biomass,p_comp,140,16.0714285714286,168
pooled_1,P3,biomass,p_comp,150,14.2857142857143,168
pooled_1,P3,biomass,p_comp,160,12.5,168
pooled_1,P3,biomass,p_comp,170,13.0952380952381,168
pooled_1,P3,biomass,p_comp,180,11.9047619047619,168
pooled_1,P3,biomass,p_comp,190,14.2857142857143,168
pooled_1,P3,biomass,p_comp,200,12.5,168
pooled_1,P3,biomass,p_comp,210,13.0952380952381,168
pooled_1,P3,biomass,p_comp,220,13.6904761904762,168
pooled_1,P3,biomass,p_comp,230,12.5,168
pooled_1,P3,biomass,p_comp,240,13.6904761904762,168
pooled_1,P3,biomass,p_comp,250,13.0952380952381,168
pooled_1,P3,occurrence,p_comp,10,18.452380952381,168
pooled_1,P3,occurrence,p_comp,20,17.2619047619048,168
pooled_1,P3,occurrence,p_comp,30,18.452380952381,168
pooled_1,P3,occurrence,p_comp,40,17.2619047619048,168
pooled_1,P3,occurrence,p_comp,50,17.8571428571429,168
pooled_1,P3,occurrence,p_comp,60,16.6666666666667,168
pooled_1,P3,occurrence,p_comp,70,16.6666666666667,168
pooled_1,P3,occurrence,p_comp,80,17.2619047619048,168
pooled_1,P3,occurrence,p_comp,90,16.6666666666667,168
pooled_1,P3,occurrence,p_comp,100,17.8571428571429,168
pooled_1,P3,occurrence,p_comp,110,17.8571428571429,168
pooled_1,P3,occurrence,p_comp,120,17.8571428571429,168
pooled_1,P3,occurrence,p_comp,130,18.452380952381,168
pooled_1,P3,occurrence,p_comp,140,17.8571428571429,168
pooled_1,P3,occurrence,p_comp,150,17.8571428571429,168
pooled_1,P3,occurrence,p_comp,160,19.0476190476191,168
pooled_1,P3,occurrence,p_comp,170,19.0476190476191,168
pooled_1,P3,occurrence,p_comp,180,17.2619047619048,168
pooled_1,P3,occurrence,p_comp,190,18.452380952381,168
pooled_1,P3,occurrence,p_comp,200,17.2619047619048,168
pooled_1,P3,occurrence,p_comp,210,17.2619047619048,168
pooled_1,P3,occurrence,p_comp,220,18.452380952381,168
pooled_1,P3,occurrence,p_comp,230,17.8571428571429,168
pooled_1,P3,occurrence,p_comp,240,17.2619047619048,168
pooled_1,P3,occurrence,p_comp,250,19.0476190476191,168
pooled_1,PT,biomass,p_comp,10,64.321608040201,199
pooled_1,PT,biomass,p_comp,20,62.3115577889447,199
pooled_1,PT,biomass,p_comp,30,62.3115577889447,199
pooled_1,PT,biomass,p_comp,40,61.3065326633166,199
pooled_1,PT,biomass,p_comp,50,62.8140703517588,199
pooled_1,PT,biomass,p_comp,60,59.7989949748744,199
pooled_1,PT,biomass,p_comp,70,59.7989949748744,199
pooled_1,PT,biomass,p_comp,80,60.3015075376884,199
pooled_1,PT,biomass,p_comp,90,60.8040201005025,199
pooled_1,PT,biomass,p_comp,100,60.3015075376884,199
pooled_1,PT,biomass,p_comp,110,60.3015075376884,199
pooled_1,PT,biomass,p_comp,120,59.7989949748744,199
pooled_1,PT,biomass,p_comp,130,58.7939698492462,199
pooled_1,PT,biomass,p_comp,140,60.8040201005025,199
pooled_1,PT,biomass,p_comp,150,60.3015075376884,199
pooled_1,PT,biomass,p_comp,160,60.3015075376884,199
pooled_1,PT,biomass,p_comp,170,60.8040201005025,199
pooled_1,PT,biomass,p_comp,180,59.2964824120603,199
pooled_1,PT,biomass,p_comp,190,61.8090452261307,199
pooled_1,PT,biomass,p_comp,200,59.2964824120603,199
pooled_1,PT,biomass,p_comp,210,57.7889447236181,199
pooled_1,PT,biomass,p_comp,220,58.2914572864322,199
pooled_1,PT,biomass,p_comp,230,58.2914572864322,199
pooled_1,PT,biomass,p_comp,240,58.7939698492462,199
pooled_1,PT,biomass,p_comp,250,57.7889447236181,199
pooled_1,PT,occurrence,p_comp,10,78.894472361809,199
pooled_1,PT,occurrence,p_comp,20,78.391959798995,199
pooled_1,PT,occurrence,p_comp,30,78.391959798995,199
pooled_1,PT,occurrence,p_comp,40,77.8894472361809,199
pooled_1,PT,occurrence,p_comp,50,77.8894472361809,199
pooled_1,PT,occurrence,p_comp,60,79.8994974874372,199
pooled_1,PT,occurrence,p_comp,70,78.391959798995,199
pooled_1,PT,occurrence,p_comp,80,77.3869346733669,199
pooled_1,PT,occurrence,p_comp,90,77.8894472361809,199
pooled_1,PT,occurrence,p_comp,100,77.3869346733669,199
pooled_1,PT,occurrence,p_comp,110,75.3768844221106,199
pooled_1,PT,occurrence,p_comp,120,75.8793969849246,199
pooled_1,PT,occurrence,p_comp,130,77.8894472361809,199
pooled_1,PT,occurrence,p_comp,140,77.3869346733669,199
pooled_1,PT,occurrence,p_comp,150,77.8894472361809,199
pooled_1,PT,occurrence,p_comp,160,76.3819095477387,199
pooled_1,PT,occurrence,p_comp,170,74.8743718592965,199
pooled_1,PT,occurrence,p_comp,180,75.3768844221106,199
pooled_1,PT,occurrence,p_comp,190,75.8793969849246,199
pooled_1,PT,occurrence,p_comp,200,74.8743718592965,199
pooled_1,PT,occurrence,p_comp,210,75.3768844221106,199
pooled_1,PT,occurrence,p_comp,220,75.8793969849246,199
pooled_1,PT,occurrence,p_comp,230,73.8693467336683,199
pooled_1,PT,occurrence,p_comp,240,75.3768844221106,199
pooled_1,PT,occurrence,p_comp,250,73.8693467336683,199
pooled_1,P4,biomass,p_comp,10,42.3076923076923,78
pooled_1,P4,biomass,p_comp,20,42.3076923076923,78
pooled_1,P4,biomass,p_comp,30,42.3076923076923,78
pooled_1,P4,biomass,p_comp,40,42.3076923076923,78
pooled_1,P4,biomass,p_comp,50,43.5897435897436,78
pooled_1,P4,biomass,p_comp,60,42.3076923076923,78
pooled_1,P4,biomass,p_comp,70,43.5897435897436,78
pooled_1,P4,biomass,p_comp,80,43.5897435897436,78
pooled_1,P4,biomass,p_comp,90,43.5897435897436,78
pooled_1,P4,biomass,p_comp,100,42.3076923076923,78
pooled_1,P4,biomass,p_comp,110,46.1538461538462,78
pooled_1,P4,biomass,p_comp,120,43.5897435897436,78
pooled_1,P4,biomass,p_comp,130,42.3076923076923,78
pooled_1,P4,biomass,p_comp,140,43.5897435897436,78
pooled_1,P4,biomass,p_comp,150,43.5897435897436,78
pooled_1,P4,biomass,p_comp,160,43.5897435897436,78
pooled_1,P4,biomass,p_comp,170,42.3076923076923,78
pooled_1,P4,biomass,p_comp,180,42.3076923076923,78
pooled_1,P4,biomass,p_comp,190,43.5897435897436,78
pooled_1,P4,biomass,p_comp,200,43.5897435897436,78
pooled_1,P4,biomass,p_comp,210,43.5897435897436,78
pooled_1,P4,biomass,p_comp,220,42.3076923076923,78
pooled_1,P4,biomass,p_comp,230,41.025641025641,78
pooled_1,P4,biomass,p_comp,240,43.5897435897436,78
pooled_1,P4,biomass,p_comp,250,42.3076923076923,78
pooled_1,P4,occurrence,p_comp,10,66.6666666666667,78
pooled_1,P4,occurrence,p_comp,20,65.3846153846154,78
pooled_1,P4,occurrence,p_comp,30,65.3846153846154,78
pooled_1,P4,occurrence,p_comp,40,65.3846153846154,78
pooled_1,P4,occurrence,p_comp,50,65.3846153846154,78
pooled_1,P4,occurrence,p_comp,60,65.3846153846154,78
pooled_1,P4,occurrence,p_comp,70,66.6666666666667,78
pooled_1,P4,occurrence,p_comp,80,65.3846153846154,78
pooled_1,P4,occurrence,p_comp,90,65.3846153846154,78
pooled_1,P4,occurrence,p_comp,100,66.6666666666667,78
pooled_1,P4,occurrence,p_comp,110,65.3846153846154,78
pooled_1,P4,occurrence,p_comp,120,65.3846153846154,78
pooled_1,P4,occurrence,p_comp,130,65.3846153846154,78
pooled_1,P4,occurrence,p_comp,140,66.6666666666667,78
pooled_1,P4,occurrence,p_comp,150,65.3846153846154,78
pooled_1,P4,occurrence,p_comp,160,66.6666666666667,78
pooled_1,P4,occurrence,p_comp,170,65.3846153846154,78
pooled_1,P4,occurrence,p_comp,180,66.6666666666667,78
pooled_1,P4,occurrence,p_comp,190,65.3846153846154,78
pooled_1,P4,occurrence,p_comp,200,65.3846153846154,78
pooled_1,P4,occurrence,p_comp,210,65.3846153846154,78
pooled_1,P4,occurrence,p_comp,220,65.3846153846154,78
pooled_1,P4,occurrence,p_comp,230,62.8205128205128,78
pooled_1,P4,occurrence,p_comp,240,62.8205128205128,78
pooled_1,P4,occurrence,p_comp,250,62.8205128205128,78
pooled_1,P2,biomass,p_comp,10,6.38297872340426,47
pooled_1,P2,biomass,p_comp,20,6.38297872340426,47
pooled_1,P2,biomass,p_comp,30,8.51063829787234,47
pooled_1,P2,biomass,p_comp,40,6.38297872340426,47
pooled_1,P2,biomass,p_comp,50,6.38297872340426,47
pooled_1,P2,biomass,p_comp,60,4.25531914893617,47
pooled_1,P2,biomass,p_comp,70,4.25531914893617,47
pooled_1,P2,biomass,p_comp,80,4.25531914893617,47
pooled_1,P2,biomass,p_comp,90,4.25531914893617,47
pooled_1,P2,biomass,p_comp,100,4.25531914893617,47
pooled_1,P2,biomass,p_comp,110,4.25531914893617,47
pooled_1,P2,biomass,p_comp,120,6.38297872340426,47
pooled_1,P2,biomass,p_comp,130,4.25531914893617,47
pooled_1,P2,biomass,p_comp,140,4.25531914893617,47
pooled_1,P2,biomass,p_comp,150,4.25531914893617,47
pooled_1,P2,biomass,p_comp,160,6.38297872340426,47
pooled_1,P2,biomass,p_comp,170,2.12765957446809,47
pooled_1,P2,biomass,p_comp,180,2.12765957446809,47
pooled_1,P2,biomass,p_comp,190,2.12765957446809,47
pooled_1,P2,biomass,p_comp,200,2.12765957446809,47
pooled_1,P2,biomass,p_comp,210,4.25531914893617,47
pooled_1,P2,biomass,p_comp,220,2.12765957446809,47
pooled_1,P2,biomass,p_comp,230,2.12765957446809,47
pooled_1,P2,biomass,p_comp,240,2.12765957446809,47
pooled_1,P2,biomass,p_comp,250,8.51063829787234,47
pooled_1,P2,occurrence,p_comp,10,12.7659574468085,47
pooled_1,P2,occurrence,p_comp,20,12.7659574468085,47
pooled_1,P2,occurrence,p_comp,30,10.6382978723404,47
pooled_1,P2,occurrence,p_comp,40,10.6382978723404,47
pooled_1,P2,occurrence,p_comp,50,10.6382978723404,47
pooled_1,P2,occurrence,p_comp,60,12.7659574468085,47
pooled_1,P2,occurrence,p_comp,70,10.6382978723404,47
pooled_1,P2,occurrence,p_comp,80,10.6382978723404,47
pooled_1,P2,occurrence,p_comp,90,10.6382978723404,47
pooled_1,P2,occurrence,p_comp,100,14.8936170212766,47
pooled_1,P2,occurrence,p_comp,110,10.6382978723404,47
pooled_1,P2,occurrence,p_comp,120,10.6382978723404,47
pooled_1,P2,occurrence,p_comp,130,12.7659574468085,47
pooled_1,P2,occurrence,p_comp,140,14.8936170212766,47
pooled_1,P2,occurrence,p_comp,150,12.7659574468085,47
pooled_1,P2,occurrence,p_comp,160,12.7659574468085,47
pooled_1,P2,occurrence,p_comp,170,14.8936170212766,47
pooled_1,P2,occurrence,p_comp,180,14.8936170212766,47
pooled_1,P2,occurrence,p_comp,190,14.8936170212766,47
pooled_1,P2,occurrence,p_comp,200,12.7659574468085,47
pooled_1,P2,occurrence,p_comp,210,12.7659574468085,47
pooled_1,P2,occurrence,p_comp,220,12.7659574468085,47
pooled_1,P2,occurrence,p_comp,230,14.8936170212766,47
pooled_1,P2,occurrence,p_comp,240,14.8936170212766,47
pooled_1,P2,occurrence,p_comp,250,14.8936170212766,47
per_predator,P1,biomass,p_comp,10,10.0671140939597,149
per_predator,P1,biomass,p_comp,20,10.738255033557,149
per_predator,P1,biomass,p_comp,30,8.7248322147651,149
per_predator,P1,biomass,p_comp,40,10.738255033557,149
per_predator,P1,biomass,p_comp,50,12.751677852349,149
per_predator,P1,biomass,p_comp,60,12.0805369127517,149
per_predator,P1,biomass,p_comp,70,13.4228187919463,149
per_predator,P1,biomass,p_comp,80,14.0939597315436,149
per_predator,P1,biomass,p_comp,90,12.751677852349,149
per_predator,P1,biomass,p_comp,100,11.4093959731544,149
per_predator,P1,biomass,p_comp,110,13.4228187919463,149
per_predator,P1,biomass,p_comp,120,12.751677852349,149
per_predator,P1,biomass,p_comp,130,11.4093959731544,149
per_predator,P1,biomass,p_comp,140,15.5405405405405,148
per_predator,P1,biomass,p_comp,150,12.3287671232877,146
per_predator,P1,biomass,p_comp,160,12.3287671232877,146
per_predator,P1,biomass,p_comp,170,13.013698630137,146
per_predator,P1,biomass,p_comp,180,14.3835616438356,146
per_predator,P1,biomass,p_comp,190,13.013698630137,146
per_predator,P1,biomass,p_comp,200,13.1944444444444,144
per_predator,P1,biomass,p_comp,210,12.5874125874126,143
per_predator,P1,biomass,p_comp,220,12.8571428571429,140
per_predator,P1,biomass,p_comp,230,11.4285714285714,140
per_predator,P1,biomass,p_comp,240,12.8571428571429,140
per_predator,P1,biomass,p_comp,250,10.7142857142857,140
per_predator,P1,occurrence,p_comp,10,19.4630872483221,149
per_predator,P1,occurrence,p_comp,20,18.7919463087248,149
per_predator,P1,occurrence,p_comp,30,18.7919463087248,149
per_predator,P1,occurrence,p_comp,40,18.1208053691275,149
per_predator,P1,occurrence,p_comp,50,19.4630872483221,149
per_predator,P1,occurrence,p_comp,60,19.4630872483221,149
per_predator,P1,occurrence,p_comp,70,20.8053691275168,149
per_predator,P1,occurrence,p_comp,80,20.1342281879195,149
per_predator,P1,occurrence,p_comp,90,20.1342281879195,149
per_predator,P1,occurrence,p_comp,100,20.1342281879195,149
per_predator,P1,occurrence,p_comp,110,18.1208053691275,149
per_predator,P1,occurrence,p_comp,120,14.7651006711409,149
per_predator,P1,occurrence,p_comp,130,16.1073825503356,149
per_predator,P1,occurrence,p_comp,140,16.8918918918919,148
per_predator,P1,occurrence,p_comp,150,13.6986301369863,146
per_predator,P1,occurrence,p_comp,160,15.7534246575342,146
per_predator,P1,occurrence,p_comp,170,14.3835616438356,146
per_predator,P1,occurrence,p_comp,180,15.0684931506849,146
per_predator,P1,occurrence,p_comp,190,14.3835616438356,146
per_predator,P1,occurrence,p_comp,200,14.5833333333333,144
per_predator,P1,occurrence,p_comp,210,13.986013986014,143
per_predator,P1,occurrence,p_comp,220,13.5714285714286,140
per_predator,P1,occurrence,p_comp,230,12.8571428571429,140
per_predator,P1,occurrence,p_comp,240,13.5714285714286,140
per_predator,P1,occurrence,p_comp,250,12.1428571428571,140
per_predator,P3,biomass,p_comp,10,11.9047619047619,168
per_predator,P3,biomass,p_comp,20,13.0952380952381,168
per_predator,P3,biomass,p_comp,30,11.9047619047619,168
per_predator,P3,biomass,p_comp,40,11.3095238095238,168
per_predator,P3,biomass,p_comp,50,11.9047619047619,168
per_predator,P3,biomass,p_comp,60,13.6904761904762,168
per_predator,P3,biomass,p_comp,70,12.5,168
per_predator,P3,biomass,p_comp,80,14.2857142857143,168
per_predator,P3,biomass,p_comp,90,14.8809523809524,168
per_predator,P3,biomass,p_comp,100,13.6904761904762,168
per_predator,P3,biomass,p_comp,110,13.6904761904762,168
per_predator,P3,biomass,p_comp,120,13.0952380952381,168
per_predator,P3,biomass,p_comp,130,13.0952380952381,168
per_predator,P3,biomass,p_comp,140,13.0952380952381,168
per_predator,P3,biomass,p_comp,150,11.4457831325301,166
per_predator,P3,biomass,p_comp,160,10.8433734939759,166
per_predator,P3,biomass,p_comp,170,10.2409638554217,166
per_predator,P3,biomass,p_comp,180,12.6506024096386,166
per_predator,P3,biomass,p_comp,190,11.4457831325301,166
per_predator,P3,biomass,p_comp,200,12.1951219512195,164
per_predator,P3,biomass,p_comp,210,10.9756097560976,164
per_predator,P3,biomass,p_comp,220,10.5590062111801,161
per_predator,P3,biomass,p_comp,230,11.1801242236025,161
per_predator,P3,biomass,p_comp,240,11.1801242236025,161
per_predator,P3,biomass,p_comp,250,10.5590062111801,161
per_predator,P3,occurrence,p_comp,10,17.8571428571429,168
per_predator,P3,occurrence,p_comp,20,17.8571428571429,168
per_predator,P3,occurrence,p_comp,30,17.8571428571429,168
per_predator,P3,occurrence,p_comp,40,16.6666666666667,168
per_predator,P3,occurrence,p_comp,50,17.2619047619048,168
per_predator,P3,occurrence,p_comp,60,17.8571428571429,168
per_predator,P3,occurrence,p_comp,70,17.2619047619048,168
per_predator,P3,occurrence,p_comp,80,19.6428571428571,168
per_predator,P3,occurrence,p_comp,90,17.2619047619048,168
per_predator,P3,occurrence,p_comp,100,16.0714285714286,168
per_predator,P3,occurrence,p_comp,110,13.6904761904762,168
per_predator,P3,occurrence,p_comp,120,13.0952380952381,168
per_predator,P3,occurrence,p_comp,130,13.0952380952381,168
per_predator,P3,occurrence,p_comp,140,14.2857142857143,168
per_predator,P3,occurrence,p_comp,150,13.2530120481928,166
per_predator,P3,occurrence,p_comp,160,13.855421686747,166
per_predator,P3,occurrence,p_comp,170,12.0481927710843,166
per_predator,P3,occurrence,p_comp,180,12.0481927710843,166
per_predator,P3,occurrence,p_comp,190,12.0481927710843,166
per_predator,P3,occurrence,p_comp,200,12.8048780487805,164
per_predator,P3,occurrence,p_comp,210,11.5853658536585,164
per_predator,P3,occurrence,p_comp,220,10.5590062111801,161
per_predator,P3,occurrence,p_comp,230,11.1801242236025,161
per_predator,P3,occurrence,p_comp,240,11.1801242236025,161
per_predator,P3,occurrence,p_comp,250,12.4223602484472,161
per_predator,PT,biomass,p_comp,10,60.9137055837564,197
per_predator,PT,biomass,p_comp,20,60.4060913705584,197
per_predator,PT,biomass,p_comp,30,59.8984771573604,197
per_predator,PT,biomass,p_comp,40,59.3908629441624,197
per_predator,PT,biomass,p_comp,50,56.8527918781726,197
per_predator,PT,biomass,p_comp,60,54.3147208121827,197
per_predator,PT,biomass,p_comp,70,53.2994923857868,197
per_predator,PT,biomass,p_comp,80,51.2690355329949,197
per_predator,PT,biomass,p_comp,90,51.0204081632653,196
per_predator,PT,biomass,p_comp,100,51.0204081632653,196
per_predator,PT,biomass,p_comp,110,49.7435897435897,195
per_predator,PT,biomass,p_comp,120,48.7179487179487,195
per_predator,PT,biomass,p_comp,130,50.2564102564103,195
per_predator,PT,biomass,p_comp,140,49.4845360824742,194
per_predator,PT,biomass,p_comp,150,48.6910994764398,191
per_predator,PT,biomass,p_comp,160,47.6439790575916,191
per_predator,PT,biomass,p_comp,170,45.0261780104712,191
per_predator,PT,biomass,p_comp,180,41.8848167539267,191
per_predator,PT,biomass,p_comp,190,41.3612565445026,191
per_predator,PT,biomass,p_comp,200,37.8947368421053,190
per_predator,PT,biomass,p_comp,210,37.037037037037,189
per_predator,PT,biomass,p_comp,220,37.8378378378378,185
per_predator,PT,biomass,p_comp,230,34.0540540540541,185
per_predator,PT,biomass,p_comp,240,34.0540540540541,185
per_predator,PT,biomass,p_comp,250,32.2404371584699,183
per_predator,PT,occurrence,p_comp,10,78.1725888324873,197
per_predator,PT,occurrence,p_comp,20,74.6192893401015,197
per_predator,PT,occurrence,p_comp,30,73.0964467005076,197
per_predator,PT,occurrence,p_comp,40,71.5736040609137,197
per_predator,PT,occurrence,p_comp,50,69.5431472081218,197
per_predator,PT,occurrence,p_comp,60,65.4822335025381,197
per_predator,PT,occurrence,p_comp,70,64.4670050761421,197
per_predator,PT,occurrence,p_comp,80,62.4365482233503,197
per_predator,PT,occurrence,p_comp,90,59.1836734693878,196
per_predator,PT,occurrence,p_comp,100,58.6734693877551,196
per_predator,PT,occurrence,p_comp,110,58.974358974359,195
per_predator,PT,occurrence,p_comp,120,57.948717948718,195
per_predator,PT,occurrence,p_comp,130,55.3846153846154,195
per_predator,PT,occurrence,p_comp,140,55.6701030927835,194
per_predator,PT,occurrence,p_comp,150,56.020942408377,191
per_predator,PT,occurrence,p_comp,160,52.3560209424084,191
per_predator,PT,occurrence,p_comp,170,50.261780104712,191
per_predator,PT,occurrence,p_comp,180,48.1675392670157,191
per_predator,PT,occurrence,p_comp,190,47.6439790575916,191
per_predator,PT,occurrence,p_comp,200,46.8421052631579,190
per_predator,PT,occurrence,p_comp,210,46.5608465608466,189
per_predator,PT,occurrence,p_comp,220,44.8648648648649,185
per_predator,PT,occurrence,p_comp,230,41.6216216216216,185
per_predator,PT,occurrence,p_comp,240,41.6216216216216,185
per_predator,PT,occurrence,p_comp,250,39.8907103825137,183
per_predator,P4,biomass,p_comp,10,41.025641025641,78
per_predator,P4,biomass,p_comp,20,39.7435897435897,78
per_predator,P4,biomass,p_comp,30,39.7435897435897,78
per_predator,P4,biomass,p_comp,40,39.7435897435897,78
per_predator,P4,biomass,p_comp,50,38.4615384615385,78
per_predator,P4,biomass,p_comp,60,39.7435897435897,78
per_predator,P4,biomass,p_comp,70,38.4615384615385,78
per_predator,P4,biomass,p_comp,80,37.1794871794872,78
per_predator,P4,biomass,p_comp,90,38.4615384615385,78
per_predator,P4,biomass,p_comp,100,39.7435897435897,78
per_predator,P4,biomass,p_comp,110,37.1794871794872,78
per_predator,P4,biomass,p_comp,120,37.1794871794872,78
per_predator,P4,biomass,p_comp,130,35.8974358974359,78
per_predator,P4,biomass,p_comp,140,37.1794871794872,78
per_predator,P4,biomass,p_comp,150,35.5263157894737,76
per_predator,P4,biomass,p_comp,160,31.5789473684211,76
per_predator,P4,biomass,p_comp,170,28.9473684210526,76
per_predator,P4,biomass,p_comp,180,29.3333333333333,75
per_predator,P4,biomass,p_comp,190,29.3333333333333,75
per_predator,P4,biomass,p_comp,200,29.3333333333333,75
per_predator,P4,biomass,p_comp,210,30.6666666666667,75
per_predator,P4,biomass,p_comp,220,30.1369863013699,73
per_predator,P4,biomass,p_comp,230,28.7671232876712,73
per_predator,P4,biomass,p_comp,240,28.7671232876712,73
per_predator,P4,biomass,p_comp,250,29.1666666666667,72
per_predator,P4,occurrence,p_comp,10,65.3846153846154,78
per_predator,P4,occurrence,p_comp,20,64.1025641025641,78
per_predator,P4,occurrence,p_comp,30,57.6923076923077,78
per_predator,P4,occurrence,p_comp,40,57.6923076923077,78
per_predator,P4,occurrence,p_comp,50,52.5641025641026,78
per_predator,P4,occurrence,p_comp,60,53.8461538461539,78
per_predator,P4,occurrence,p_comp,70,52.5641025641026,78
per_predator,P4,occurrence,p_comp,80,55.1282051282051,78
per_predator,P4,occurrence,p_comp,90,50,78
per_predator,P4,occurrence,p_comp,100,50,78
per_predator,P4,occurrence,p_comp,110,47.4358974358974,78
per_predator,P4,occurrence,p_comp,120,47.4358974358974,78
per_predator,P4,occurrence,p_comp,130,48.7179487179487,78
per_predator,P4,occurrence,p_comp,140,47.4358974358974,78
per_predator,P4,occurrence,p_comp,150,46.0526315789474,76
per_predator,P4,occurrence,p_comp,160,46.0526315789474,76
per_predator,P4,occurrence,p_comp,170,40.7894736842105,76
per_predator,P4,occurrence,p_comp,180,42.6666666666667,75
per_predator,P4,occurrence,p_comp,190,41.3333333333333,75
per_predator,P4,occurrence,p_comp,200,42.6666666666667,75
per_predator,P4,occurrence,p_comp,210,40,75
per_predator,P4,occurrence,p_comp,220,39.7260273972603,73
per_predator,P4,occurrence,p_comp,230,38.3561643835616,73
per_predator,P4,occurrence,p_comp,240,38.3561643835616,73
per_predator,P4,occurrence,p_comp,250,37.5,72
per_predator,P2,biomass,p_comp,10,8.51063829787234,47
per_predator,P2,biomass,p_comp,20,6.38297872340426,47
per_predator,P2,biomass,p_comp,30,6.38297872340426,47
per_predator,P2,biomass,p_comp,40,4.25531914893617,47
per_predator,P2,biomass,p_comp,50,4.25531914893617,47
per_predator,P2,biomass,p_comp,60,8.51063829787234,47
per_predator,P2,biomass,p_comp,70,10.6382978723404,47
per_predator,P2,biomass,p_comp,80,10.6382978723404,47
per_predator,P2,biomass,p_comp,90,12.7659574468085,47
per_predator,P2,biomass,p_comp,100,10.8695652173913,46
per_predator,P2,biomass,p_comp,110,8.69565217391304,46
per_predator,P2,biomass,p_comp,120,8.69565217391304,46
per_predator,P2,biomass,p_comp,130,8.69565217391304,46
per_predator,P2,biomass,p_comp,140,8.69565217391304,46
per_predator,P2,biomass,p_comp,150,6.52173913043478,46
per_predator,P2,biomass,p_comp,160,6.52173913043478,46
per_predator,P2,biomass,p_comp,170,6.52173913043478,46
per_predator,P2,biomass,p_comp,180,4.34782608695652,46
per_predator,P2,biomass,p_comp,190,8.69565217391304,46
per_predator,P2,biomass,p_comp,200,8.69565217391304,46
per_predator,P2,biomass,p_comp,210,8.69565217391304,46
per_predator,P2,biomass,p_comp,220,8.88888888888889,45
per_predator,P2,biomass,p_comp,230,8.88888888888889,45
per_predator,P2,biomass,p_comp,240,8.88888888888889,45
per_predator,P2,biomass,p_comp,250,9.09090909090909,44
per_predator,P2,occurrence,p_comp,10,14.8936170212766,47
per_predator,P2,occurrence,p_comp,20,12.7659574468085,47
per_predator,P2,occurrence,p_comp,30,10.6382978723404,47
per_predator,P2,occurrence,p_comp,40,6.38297872340426,47
per_predator,P2,occurrence,p_comp,50,8.51063829787234,47
per_predator,P2,occurrence,p_comp,60,6.38297872340426,47
per_predator,P2,occurrence,p_comp,70,8.51063829787234,47
per_predator,P2,occurrence,p_comp,80,8.51063829787234,47
per_predator,P2,occurrence,p_comp,90,12.7659574468085,47
per_predator,P2,occurrence,p_comp,100,17.3913043478261,46
per_predator,P2,occurrence,p_comp,110,13.0434782608696,46
per_predator,P2,occurrence,p_comp,120,17.3913043478261,46
per_predator,P2,occurrence,p_comp,130,15.2173913043478,46
per_predator,P2,occurrence,p_comp,140,15.2173913043478,46
per_predator,P2,occurrence,p_comp,150,10.8695652173913,46
per_predator,P2,occurrence,p_comp,160,8.69565217391304,46
per_predator,P2,occurrence,p_comp,170,8.69565217391304,46
per_predator,P2,occurrence,p_comp,180,8.69565217391304,46
per_predator,P2,occurrence,p_comp,190,13.0434782608696,46
per_predator,P2,occurrence,p_comp,200,13.0434782608696,46
per_predator,P2,occurrence,p_comp,210,15.2173913043478,46
per_predator,P2,occurrence,p_comp,220,11.1111111111111,45
per_predator,P2,occurrence,p_comp,230,11.1111111111111,45
per_predator,P2,occurrence,p_comp,240,13.3333333333333,45
per_predator,P2,occurrence,p_comp,250,13.6363636363636,44
pooled_2,P1,biomass,p_H,10,17.4496644295302,149
pooled_2,P1,biomass,p_H,20,17.4496644295302,149
pooled_2,P1,biomass,p_H,30,17.4496644295302,149
pooled_2,P1,biomass,p_H,40,17.4496644295302,149
pooled_2,P1,biomass,p_H,50,18.1208053691275,149
pooled_2,P1,biomass,p_H,60,17.4496644295302,149
pooled_2,P1,biomass,p_H,70,17.4496644295302,149
pooled_2,P1,biomass,p_H,80,16.7785234899329,149
pooled_2,P1,biomass,p_H,90,17.4496644295302,149
pooled_2,P1,biomass,p_H,100,17.4496644295302,149
pooled_2,P1,biomass,p_H,110,17.4496644295302,149
pooled_2,P1,biomass,p_H,120,17.4496644295302,149
pooled_2,P1,biomass,p_H,130,17.4496644295302,149
pooled_2,P1,biomass,p_H,140,17.4496644295302,149
pooled_2,P1,biomass,p_H,150,17.4496644295302,149
pooled_2,P1,biomass,p_H,160,18.1208053691275,149
pooled_2,P1,biomass,p_H,170,18.1208053691275,149
pooled_2,P1,biomass,p_H,180,18.1208053691275,149
pooled_2,P1,biomass,p_H,190,18.1208053691275,149
pooled_2,P1,biomass,p_H,200,18.1208053691275,149
pooled_2,P1,biomass,p_H,210,18.1208053691275,149
pooled_2,P1,biomass,p_H,220,18.1208053691275,149
pooled_2,P1,biomass,p_H,230,18.1208053691275,149
pooled_2,P1,biomass,p_H,240,18.1208053691275,149
pooled_2,P1,biomass,p_H,250,18.1208053691275,149
pooled_2,P1,occurrence,p_H,10,11.4093959731544,149
pooled_2,P1,occurrence,p_H,20,11.4093959731544,149
pooled_2,P1,occurrence,p_H,30,11.4093959731544,149
pooled_2,P1,occurrence,p_H,40,11.4093959731544,149
pooled_2,P1,occurrence,p_H,50,11.4093959731544,149
pooled_2,P1,occurrence,p_H,60,12.0805369127517,149
pooled_2,P1,occurrence,p_H,70,12.0805369127517,149
pooled_2,P1,occurrence,p_H,80,12.0805369127517,149
pooled_2,P1,occurrence,p_H,90,12.751677852349,149
pooled_2,P1,occurrence,p_H,100,12.751677852349,149
pooled_2,P1,occurrence,p_H,110,12.751677852349,149
pooled_2,P1,occurrence,p_H,120,12.751677852349,149
pooled_2,P1,occurrence,p_H,130,12.751677852349,149
pooled_2,P1,occurrence,p_H,140,12.751677852349,149
pooled_2,P1,occurrence,p_H,150,12.751677852349,149
pooled_2,P1,occurrence,p_H,160,14.0939597315436,149
pooled_2,P1,occurrence,p_H,170,14.0939597315436,149
pooled_2,P1,occurrence,p_H,180,14.7651006711409,149
pooled_2,P1,occurrence,p_H,190,14.0939597315436,149
pooled_2,P1,occurrence,p_H,200,13.4228187919463,149
pooled_2,P1,occurrence,p_H,210,13.4228187919463,149
pooled_2,P1,occurrence,p_H,220,13.4228187919463,149
pooled_2,P1,occurrence,p_H,230,13.4228187919463,149
pooled_2,P1,occurrence,p_H,240,13.4228187919463,149
pooled_2,P1,occurrence,p_H,250,13.4228187919463,149
pooled_2,P3,biomass,p_H,10,14.8809523809524,168
pooled_2,P3,biomass,p_H,20,15.4761904761905,168
pooled_2,P3,biomass,p_H,30,15.4761904761905,168
pooled_2,P3,biomass,p_H,40,15.4761904761905,168
pooled_2,P3,biomass,p_H,50,15.4761904761905,168
pooled_2,P3,biomass,p_H,60,14.8809523809524,168
pooled_2,P3,biomass,p_H,70,14.8809523809524,168
pooled_2,P3,biomass,p_H,80,14.8809523809524,168
pooled_2,P3,biomass,p_H,90,15.4761904761905,168
pooled_2,P3,biomass,p_H,100,15.4761904761905,168
pooled_2,P3,biomass,p_H,110,15.4761904761905,168
pooled_2,P3,biomass,p_H,120,16.0714285714286,168
pooled_2,P3,biomass,p_H,130,16.0714285714286,168
pooled_2,P3,biomass,p_H,140,16.0714285714286,168
pooled_2,P3,biomass,p_H,150,16.0714285714286,168
pooled_2,P3,biomass,p_H,160,16.0714285714286,168
pooled_2,P3,biomass,p_H,170,16.0714285714286,168
pooled_2,P3,biomass,p_H,180,16.6666666666667,168
pooled_2,P3,biomass,p_H,190,16.6666666666667,168
pooled_2,P3,biomass,p_H,200,16.6666666666667,168
pooled_2,P3,biomass,p_H,210,16.6666666666667,168
pooled_2,P3,biomass,p_H,220,16.6666666666667,168
pooled_2,P3,biomass,p_H,230,16.6666666666667,168
pooled_2,P3,biomass,p_H,240,16.6666666666667,168
pooled_2,P3,biomass,p_H,250,16.6666666666667,168
pooled_2,P3,occurrence,p_H,10,9.52380952380952,168
pooled_2,P3,occurrence,p_H,20,9.52380952380952,168
pooled_2,P3,occurrence,p_H,30,9.52380952380952,168
pooled_2,P3,occurrence,p_H,40,9.52380952380952,168
pooled_2,P3,occurrence,p_H,50,9.52380952380952,168
pooled_2,P3,occurrence,p_H,60,9.52380952380952,168
pooled_2,P3,occurrence,p_H,70,9.52380952380952,168
pooled_2,P3,occurrence,p_H,80,9.52380952380952,168
pooled_2,P3,occurrence,p_H,90,10.1190476190476,168
pooled_2,P3,occurrence,p_H,100,10.1190476190476,168
pooled_2,P3,occurrence,p_H,110,10.1190476190476,168
pooled_2,P3,occurrence,p_H,120,10.7142857142857,168
pooled_2,P3,occurrence,p_H,130,10.7142857142857,168
pooled_2,P3,occurrence,p_H,140,10.7142857142857,168
pooled_2,P3,occurrence,p_H,150,11.3095238095238,168
pooled_2,P3,occurrence,p_H,160,12.5,168
pooled_2,P3,occurrence,p_H,170,12.5,168
pooled_2,P3,occurrence,p_H,180,12.5,168
pooled_2,P3,occurrence,p_H,190,12.5,168
pooled_2,P3,occurrence,p_H,200,10.7142857142857,168
pooled_2,P3,occurrence,p_H,210,10.7142857142857,168
pooled_2,P3,occurrence,p_H,220,10.7142857142857,168
pooled_2,P3,occurrence,p_H,230,10.7142857142857,168
pooled_2,P3,occurrence,p_H,240,10.7142857142857,168
pooled_2,P3,occurrence,p_H,250,10.7142857142857,168
pooled_2,PT,biomass,p_H,10,15.5778894472362,199
pooled_2,PT,biomass,p_H,20,15.5778894472362,199
pooled_2,PT,biomass,p_H,30,15.0753768844221,199
pooled_2,PT,biomass,p_H,40,15.0753768844221,199
pooled_2,PT,biomass,p_H,50,14.572864321608,199
pooled_2,PT,biomass,p_H,60,14.572864321608,199
pooled_2,PT,biomass,p_H,70,14.572864321608,199
pooled_2,PT,biomass,p_H,80,14.572864321608,199
pooled_2,PT,biomass,p_H,90,14.572864321608,199
pooled_2,PT,biomass,p_H,100,14.572864321608,199
pooled_2,PT,biomass,p_H,110,15.0753768844221,199
pooled_2,PT,biomass,p_H,120,15.0753768844221,199
pooled_2,PT,biomass,p_H,130,15.0753768844221,199
pooled_2,PT,biomass,p_H,140,14.572864321608,199
pooled_2,PT,biomass,p_H,150,14.572864321608,199
pooled_2,PT,biomass,p_H,160,14.572864321608,199
pooled_2,PT,biomass,p_H,170,14.572864321608,199
pooled_2,PT,biomass,p_H,180,14.572864321608,199
pooled_2,PT,biomass,p_H,190,14.572864321608,199
pooled_2,PT,biomass,p_H,200,15.0753768844221,199
pooled_2,PT,biomass,p_H,210,15.0753768844221,199
pooled_2,PT,biomass,p_H,220,15.0753768844221,199
pooled_2,PT,biomass,p_H,230,15.0753768844221,199
pooled_2,PT,biomass,p_H,240,15.0753768844221,199
pooled_2,PT,biomass,p_H,250,12.5628140703518,199
pooled_2,PT,occurrence,p_H,10,17.0854271356784,199
pooled_2,PT,occurrence,p_H,20,17.0854271356784,199
pooled_2,PT,occurrence,p_H,30,17.0854271356784,199
pooled_2,PT,occurrence,p_H,40,17.0854271356784,199
pooled_2,PT,occurrence,p_H,50,16.0804020100503,199
pooled_2,PT,occurrence,p_H,60,15.0753768844221,199
pooled_2,PT,occurrence,p_H,70,15.0753768844221,199
pooled_2,PT,occurrence,p_H,80,15.5778894472362,199
pooled_2,PT,occurrence,p_H,90,15.5778894472362,199
pooled_2,PT,occurrence,p_H,100,15.5778894472362,199
pooled_2,PT,occurrence,p_H,110,15.5778894472362,199
pooled_2,PT,occurrence,p_H,120,15.0753768844221,199
pooled_2,PT,occurrence,p_H,130,15.0753768844221,199
pooled_2,PT,occurrence,p_H,140,14.070351758794,199
pooled_2,PT,occurrence,p_H,150,14.070351758794,199
pooled_2,PT,occurrence,p_H,160,14.572864321608,199
pooled_2,PT,occurrence,p_H,170,14.572864321608,199
pooled_2,PT,occurrence,p_H,180,15.0753768844221,199
pooled_2,PT,occurrence,p_H,190,14.572864321608,199
pooled_2,PT,occurrence,p_H,200,14.070351758794,199
pooled_2,PT,occurrence,p_H,210,14.070351758794,199
pooled_2,PT,occurrence,p_H,220,13.5678391959799,199
pooled_2,PT,occurrence,p_H,230,13.0653266331658,199
pooled_2,PT,occurrence,p_H,240,13.0653266331658,199
pooled_2,PT,occurrence,p_H,250,11.0552763819095,199
pooled_2,P4,biomass,p_H,10,23.0769230769231,78
pooled_2,P4,biomass,p_H,20,23.0769230769231,78
pooled_2,P4,biomass,p_H,30,23.0769230769231,78
pooled_2,P4,biomass,p_H,40,23.0769230769231,78
pooled_2,P4,biomass,p_H,50,23.0769230769231,78
pooled_2,P4,biomass,p_H,60,24.3589743589744,78
pooled_2,P4,biomass,p_H,70,24.3589743589744,78
pooled_2,P4,biomass,p_H,80,24.3589743589744,78
pooled_2,P4,biomass,p_H,90,24.3589743589744,78
pooled_2,P4,biomass,p_H,100,24.3589743589744,78
pooled_2,P4,biomass,p_H,110,24.3589743589744,78
pooled_2,P4,biomass,p_H,120,24.3589743589744,78
pooled_2,P4,biomass,p_H,130,24.3589743589744,78
pooled_2,P4,biomass,p_H,140,24.3589743589744,78
pooled_2,P4,biomass,p_H,150,24.3589743589744,78
pooled_2,P4,biomass,p_H,160,23.0769230769231,78
pooled_2,P4,biomass,p_H,170,23.0769230769231,78
pooled_2,P4,biomass,p_H,180,21.7948717948718,78
pooled_2,P4,biomass,p_H,190,21.7948717948718,78
pooled_2,P4,biomass,p_H,200,21.7948717948718,78
pooled_2,P4,biomass,p_H,210,21.7948717948718,78
pooled_2,P4,biomass,p_H,220,21.7948717948718,78
pooled_2,P4,biomass,p_H,230,21.7948717948718,78
pooled_2,P4,biomass,p_H,240,21.7948717948718,78
pooled_2,P4,biomass,p_H,250,20.5128205128205,78
pooled_2,P4,occurrence,p_H,10,8.97435897435897,78
pooled_2,P4,occurrence,p_H,20,8.97435897435897,78
pooled_2,P4,occurrence,p_H,30,8.97435897435897,78
pooled_2,P4,occurrence,p_H,40,8.97435897435897,78
pooled_2,P4,occurrence,p_H,50,10.2564102564103,78
pooled_2,P4,occurrence,p_H,60,10.2564102564103,78
pooled_2,P4,occurrence,p_H,70,10.2564102564103,78
pooled_2,P4,occurrence,p_H,80,10.2564102564103,78
pooled_2,P4,occurrence,p_H,90,10.2564102564103,78
pooled_2,P4,occurrence,p_H,100,10.2564102564103,78
pooled_2,P4,occurrence,p_H,110,10.2564102564103,78
pooled_2,P4,occurrence,p_H,120,11.5384615384615,78
pooled_2,P4,occurrence,p_H,130,11.5384615384615,78
pooled_2,P4,occurrence,p_H,140,11.5384615384615,78
pooled_2,P4,occurrence,p_H,150,11.5384615384615,78
pooled_2,P4,occurrence,p_H,160,11.5384615384615,78
pooled_2,P4,occurrence,p_H,170,11.5384615384615,78
pooled_2,P4,occurrence,p_H,180,11.5384615384615,78
pooled_2,P4,occurrence,p_H,190,11.5384615384615,78
pooled_2,P4,occurrence,p_H,200,11.5384615384615,78
pooled_2,P4,occurrence,p_H,210,11.5384615384615,78
pooled_2,P4,occurrence,p_H,220,12.8205128205128,78
pooled_2,P4,occurrence,p_H,230,12.8205128205128,78
pooled_2,P4,occurrence,p_H,240,12.8205128205128,78
pooled_2,P4,occurrence,p_H,250,14.1025641025641,78
pooled_2,P2,biomass,p_H,10,21.2765957446809,47
pooled_2,P2,biomass,p_H,20,19.1489361702128,47
pooled_2,P2,biomass,p_H,30,19.1489361702128,47
pooled_2,P2,biomass,p_H,40,19.1489361702128,47
pooled_2,P2,biomass,p_H,50,21.2765957446809,47
pooled_2,P2,biomass,p_H,60,23.4042553191489,47
pooled_2,P2,biomass,p_H,70,23.4042553191489,47
pooled_2,P2,biomass,p_H,80,23.4042553191489,47
pooled_2,P2,biomass,p_H,90,23.4042553191489,47
pooled_2,P2,biomass,p_H,100,23.4042553191489,47
pooled_2,P2,biomass,p_H,110,23.4042553191489,47
pooled_2,P2,biomass,p_H,120,23.4042553191489,47
pooled_2,P2,biomass,p_H,130,23.4042553191489,47
pooled_2,P2,biomass,p_H,140,21.2765957446809,47
pooled_2,P2,biomass,p_H,150,21.2765957446809,47
pooled_2,P2,biomass,p_H,160,21.2765957446809,47
pooled_2,P2,biomass,p_H,170,21.2765957446809,47
pooled_2,P2,biomass,p_H,180,21.2765957446809,47
pooled_2,P2,biomass,p_H,190,21.2765957446809,47
pooled_2,P2,biomass,p_H,200,25.531914893617,47
pooled_2,P2,biomass,p_H,210,25.531914893617,47
pooled_2,P2,biomass,p_H,220,25.531914893617,47
pooled_2,P2,biomass,p_H,230,25.531914893617,47
pooled_2,P2,biomass,p_H,240,25.531914893617,47
pooled_2,P2,biomass,p_H,250,27.6595744680851,47
pooled_2,P2,occurrence,p_H,10,17.0212765957447,47
pooled_2,P2,occurrence,p_H,20,17.0212765957447,47
pooled_2,P2,occurrence,p_H,30,17.0212765957447,47
pooled_2,P2,occurrence,p_H,40,17.0212765957447,47
pooled_2,P2,occurrence,p_H,50,17.0212765957447,47
pooled_2,P2,occurrence,p_H,60,14.8936170212766,47
pooled_2,P2,occurrence,p_H,70,14.8936170212766,47
pooled_2,P2,occurrence,p_H,80,14.8936170212766,47
pooled_2,P2,occurrence,p_H,90,14.8936170212766,47
pooled_2,P2,occurrence,p_H,100,14.8936170212766,47
pooled_2,P2,occurrence,p_H,110,14.8936170212766,47
pooled_2,P2,occurrence,p_H,120,14.8936170212766,47
pooled_2,P2,occurrence,p_H,130,14.8936170212766,47
pooled_2,P2,occurrence,p_H,140,14.8936170212766,47
pooled_2,P2,occurrence,p_H,150,14.8936170212766,47
pooled_2,P2,occurrence,p_H,160,14.8936170212766,47
pooled_2,P2,occurrence,p_H,170,14.8936170212766,47
pooled_2,P2,occurrence,p_H,180,14.8936170212766,47
pooled_2,P2,occurrence,p_H,190,14.8936170212766,47
pooled_2,P2,occurrence,p_H,200,12.7659574468085,47
pooled_2,P2,occurrence,p_H,210,12.7659574468085,47
pooled_2,P2,occurrence,p_H,220,12.7659574468085,47
pooled_2,P2,occurrence,p_H,230,12.7659574468085,47
pooled_2,P2,occurrence,p_H,240,12.7659574468085,47
pooled_2,P2,occurrence,p_H,250,10.6382978723404,47
pooled_1,P1,biomass,p_H,10,16.7785234899329,149
pooled_1,P1,biomass,p_H,20,16.7785234899329,149
pooled_1,P1,biomass,p_H,30,16.7785234899329,149
pooled_1,P1,biomass,p_H,40,16.7785234899329,149
pooled_1,P1,biomass,p_H,50,17.4496644295302,149
pooled_1,P1,biomass,p_H,60,16.7785234899329,149
pooled_1,P1,biomass,p_H,70,16.7785234899329,149
pooled_1,P1,biomass,p_H,80,16.1073825503356,149
pooled_1,P1,biomass,p_H,90,16.7785234899329,149
pooled_1,P1,biomass,p_H,100,16.7785234899329,149
pooled_1,P1,biomass,p_H,110,16.7785234899329,149
pooled_1,P1,biomass,p_H,120,16.7785234899329,149
pooled_1,P1,biomass,p_H,130,16.7785234899329,149
pooled_1,P1,biomass,p_H,140,16.7785234899329,149
pooled_1,P1,biomass,p_H,150,16.7785234899329,149
pooled_1,P1,biomass,p_H,160,17.4496644295302,149
pooled_1,P1,biomass,p_H,170,17.4496644295302,149
pooled_1,P1,biomass,p_H,180,17.4496644295302,149
pooled_1,P1,biomass,p_H,190,17.4496644295302,149
pooled_1,P1,biomass,p_H,200,17.4496644295302,149
pooled_1,P1,biomass,p_H,210,17.4496644295302,149
pooled_1,P1,biomass,p_H,220,17.4496644295302,149
pooled_1,P1,biomass,p_H,230,17.4496644295302,149
pooled_1,P1,biomass,p_H,240,17.4496644295302,149
pooled_1,P1,biomass,p_H,250,17.4496644295302,149
pooled_1,P1,occurrence,p_H,10,12.751677852349,149
pooled_1,P1,occurrence,p_H,20,12.751677852349,149
pooled_1,P1,occurrence,p_H,30,12.751677852349,149
pooled_1,P1,occurrence,p_H,40,12.751677852349,149
pooled_1,P1,occurrence,p_H,50,12.751677852349,149
pooled_1,P1,occurrence,p_H,60,13.4228187919463,149
pooled_1,P1,occurrence,p_H,70,13.4228187919463,149
pooled_1,P1,occurrence,p_H,80,13.4228187919463,149
pooled_1,P1,occurrence,p_H,90,13.4228187919463,149
pooled_1,P1,occurrence,p_H,100,13.4228187919463,149
pooled_1,P1,occurrence,p_H,110,12.751677852349,149
pooled_1,P1,occurrence,p_H,120,12.751677852349,149
pooled_1,P1,occurrence,p_H,130,12.751677852349,149
pooled_1,P1,occurrence,p_H,140,12.751677852349,149
pooled_1,P1,occurrence,p_H,150,12.751677852349,149
pooled_1,P1,occurrence,p_H,160,14.7651006711409,149
pooled_1,P1,occurrence,p_H,170,14.7651006711409,149
pooled_1,P1,occurrence,p_H,180,15.4362416107383,149
pooled_1,P1,occurrence,p_H,190,14.7651006711409,149
pooled_1,P1,occurrence,p_H,200,14.0939597315436,149
pooled_1,P1,occurrence,p_H,210,14.0939597315436,149
pooled_1,P1,occurrence,p_H,220,14.0939597315436,149
pooled_1,P1,occurrence,p_H,230,14.0939597315436,149
pooled_1,P1,occurrence,p_H,240,14.0939597315436,149
pooled_1,P1,occurrence,p_H,250,14.0939597315436,149
pooled_1,P3,biomass,p_H,10,14.2857142857143,168
pooled_1,P3,biomass,p_H,20,14.8809523809524,168
pooled_1,P3,biomass,p_H,30,14.8809523809524,168
pooled_1,P3,biomass,p_H,40,14.8809523809524,168
pooled_1,P3,biomass,p_H,50,14.8809523809524,168
pooled_1,P3,biomass,p_H,60,14.2857142857143,168
pooled_1,P3,biomass,p_H,70,14.2857142857143,168
pooled_1,P3,biomass,p_H,80,14.2857142857143,168
pooled_1,P3,biomass,p_H,90,14.8809523809524,168
pooled_1,P3,biomass,p_H,100,14.8809523809524,168
pooled_1,P3,biomass,p_H,110,14.8809523809524,168
pooled_1,P3,biomass,p_H,120,15.4761904761905,168
pooled_1,P3,biomass,p_H,130,15.4761904761905,168
pooled_1,P3,biomass,p_H,140,15.4761904761905,168
pooled_1,P3,biomass,p_H,150,15.4761904761905,168
pooled_1,P3,biomass,p_H,160,16.0714285714286,168
pooled_1,P3,biomass,p_H,170,16.0714285714286,168
pooled_1,P3,biomass,p_H,180,16.6666666666667,168
pooled_1,P3,biomass,p_H,190,16.6666666666667,168
pooled_1,P3,biomass,p_H,200,16.6666666666667,168
pooled_1,P3,biomass,p_H,210,16.6666666666667,168
pooled_1,P3,biomass,p_H,220,16.6666666666667,168
pooled_1,P3,biomass,p_H,230,16.6666666666667,168
pooled_1,P3,biomass,p_H,240,16.6666666666667,168
pooled_1,P3,biomass,p_H,250,16.6666666666667,168
pooled_1,P3,occurrence,p_H,10,10.7142857142857,168
pooled_1,P3,occurrence,p_H,20,10.7142857142857,168
pooled_1,P3,occurrence,p_H,30,10.7142857142857,168
pooled_1,P3,occurrence,p_H,40,10.7142857142857,168
pooled_1,P3,occurrence,p_H,50,10.7142857142857,168
pooled_1,P3,occurrence,p_H,60,10.7142857142857,168
pooled_1,P3,occurrence,p_H,70,11.3095238095238,168
pooled_1,P3,occurrence,p_H,80,11.3095238095238,168
pooled_1,P3,occurrence,p_H,90,11.3095238095238,168
pooled_1,P3,occurrence,p_H,100,11.3095238095238,168
pooled_1,P3,occurrence,p_H,110,10.7142857142857,168
pooled_1,P3,occurrence,p_H,120,11.3095238095238,168
pooled_1,P3,occurrence,p_H,130,11.3095238095238,168
pooled_1,P3,occurrence,p_H,140,11.3095238095238,168
pooled_1,P3,occurrence,p_H,150,11.9047619047619,168
pooled_1,P3,occurrence,p_H,160,12.5,168
pooled_1,P3,occurrence,p_H,170,12.5,168
pooled_1,P3,occurrence,p_H,180,12.5,168
pooled_1,P3,occurrence,p_H,190,12.5,168
pooled_1,P3,occurrence,p_H,200,11.9047619047619,168
pooled_1,P3,occurrence,p_H,210,11.9047619047619,168
pooled_1,P3,occurrence,p_H,220,11.9047619047619,168
pooled_1,P3,occurrence,p_H,230,11.9047619047619,168
pooled_1,P3,occurrence,p_H,240,11.9047619047619,168
pooled_1,P3,occurrence,p_H,250,11.9047619047619,168
pooled_1,PT,biomass,p_H,10,15.5778894472362,199
pooled_1,PT,biomass,p_H,20,15.5778894472362,199
pooled_1,PT,biomass,p_H,30,15.0753768844221,199
pooled_1,PT,biomass,p_H,40,15.0753768844221,199
pooled_1,PT,biomass,p_H,50,14.572864321608,199
pooled_1,PT,biomass,p_H,60,14.572864321608,199
pooled_1,PT,biomass,p_H,70,14.572864321608,199
pooled_1,PT,biomass,p_H,80,14.572864321608,199
pooled_1,PT,biomass,p_H,90,14.572864321608,199
pooled_1,PT,biomass,p_H,100,14.572864321608,199
pooled_1,PT,biomass,p_H,110,15.0753768844221,199
pooled_1,PT,biomass,p_H,120,15.0753768844221,199
pooled_1,PT,biomass,p_H,130,15.0753768844221,199
pooled_1,PT,biomass,p_H,140,14.572864321608,199
pooled_1,PT,biomass,p_H,150,14.572864321608,199
pooled_1,PT,biomass,p_H,160,14.572864321608,199
pooled_1,PT,biomass,p_H,170,14.572864321608,199
pooled_1,PT,biomass,p_H,180,14.572864321608,199
pooled_1,PT,biomass,p_H,190,14.572864321608,199
pooled_1,PT,biomass,p_H,200,15.0753768844221,199
pooled_1,PT,biomass,p_H,210,15.0753768844221,199
pooled_1,PT,biomass,p_H,220,15.0753768844221,199
pooled_1,PT,biomass,p_H,230,15.0753768844221,199
pooled_1,PT,biomass,p_H,240,15.0753768844221,199
pooled_1,PT,biomass,p_H,250,12.5628140703518,199
pooled_1,PT,occurrence,p_H,10,17.5879396984925,199
pooled_1,PT,occurrence,p_H,20,17.5879396984925,199
pooled_1,PT,occurrence,p_H,30,17.5879396984925,199
pooled_1,PT,occurrence,p_H,40,17.5879396984925,199
pooled_1,PT,occurrence,p_H,50,17.0854271356784,199
pooled_1,PT,occurrence,p_H,60,16.5829145728643,199
pooled_1,PT,occurrence,p_H,70,16.5829145728643,199
pooled_1,PT,occurrence,p_H,80,17.0854271356784,199
pooled_1,PT,occurrence,p_H,90,17.0854271356784,199
pooled_1,PT,occurrence,p_H,100,17.0854271356784,199
pooled_1,PT,occurrence,p_H,110,17.0854271356784,199
pooled_1,PT,occurrence,p_H,120,17.0854271356784,199
pooled_1,PT,occurrence,p_H,130,17.0854271356784,199
pooled_1,PT,occurrence,p_H,140,16.5829145728643,199
pooled_1,PT,occurrence,p_H,150,16.5829145728643,199
pooled_1,PT,occurrence,p_H,160,16.5829145728643,199
pooled_1,PT,occurrence,p_H,170,16.5829145728643,199
pooled_1,PT,occurrence,p_H,180,17.0854271356784,199
pooled_1,PT,occurrence,p_H,190,16.5829145728643,199
pooled_1,PT,occurrence,p_H,200,16.0804020100503,199
pooled_1,PT,occurrence,p_H,210,16.0804020100503,199
pooled_1,PT,occurrence,p_H,220,15.5778894472362,199
pooled_1,PT,occurrence,p_H,230,15.0753768844221,199
pooled_1,PT,occurrence,p_H,240,15.0753768844221,199
pooled_1,PT,occurrence,p_H,250,12.0603015075377,199
pooled_1,P4,biomass,p_H,10,23.0769230769231,78
pooled_1,P4,biomass,p_H,20,23.0769230769231,78
pooled_1,P4,biomass,p_H,30,23.0769230769231,78
pooled_1,P4,biomass,p_H,40,23.0769230769231,78
pooled_1,P4,biomass,p_H,50,23.0769230769231,78
pooled_1,P4,biomass,p_H,60,24.3589743589744,78
pooled_1,P4,biomass,p_H,70,24.3589743589744,78
pooled_1,P4,biomass,p_H,80,24.3589743589744,78
pooled_1,P4,biomass,p_H,90,24.3589743589744,78
pooled_1,P4,biomass,p_H,100,24.3589743589744,78
pooled_1,P4,biomass,p_H,110,24.3589743589744,78
pooled_1,P4,biomass,p_H,120,24.3589743589744,78
pooled_1,P4,biomass,p_H,130,24.3589743589744,78
pooled_1,P4,biomass,p_H,140,24.3589743589744,78
pooled_1,P4,biomass,p_H,150,24.3589743589744,78
pooled_1,P4,biomass,p_H,160,23.0769230769231,78
pooled_1,P4,biomass,p_H,170,23.0769230769231,78
pooled_1,P4,biomass,p_H,180,21.7948717948718,78
pooled_1,P4,biomass,p_H,190,21.7948717948718,78
pooled_1,P4,biomass,p_H,200,23.0769230769231,78
pooled_1,P4,biomass,p_H,210,23.0769230769231,78
pooled_1,P4,biomass,p_H,220,23.0769230769231,78
pooled_1,P4,biomass,p_H,230,23.0769230769231,78
pooled_1,P4,biomass,p_H,240,23.0769230769231,78
pooled_1,P4,biomass,p_H,250,21.7948717948718,78
pooled_1,P4,occurrence,p_H,10,8.97435897435897,78
pooled_1,P4,occurrence,p_H,20,8.97435897435897,78
pooled_1,P4,occurrence,p_H,30,8.97435897435897,78
pooled_1,P4,occurrence,p_H,40,8.97435897435897,78
pooled_1,P4,occurrence,p_H,50,8.97435897435897,78
pooled_1,P4,occurrence,p_H,60,8.97435897435897,78
pooled_1,P4,occurrence,p_H,70,8.97435897435897,78
pooled_1,P4,occurrence,p_H,80,8.97435897435897,78
pooled_1,P4,occurrence,p_H,90,8.97435897435897,78
pooled_1,P4,occurrence,p_H,100,8.97435897435897,78
pooled_1,P4,occurrence,p_H,110,8.97435897435897,78
pooled_1,P4,occurrence,p_H,120,8.97435897435897,78
pooled_1,P4,occurrence,p_H,130,8.97435897435897,78
pooled_1,P4,occurrence,p_H,140,8.97435897435897,78
pooled_1,P4,occurrence,p_H,150,10.2564102564103,78
pooled_1,P4,occurrence,p_H,160,10.2564102564103,78
pooled_1,P4,occurrence,p_H,170,10.2564102564103,78
pooled_1,P4,occurrence,p_H,180,10.2564102564103,78
pooled_1,P4,occurrence,p_H,190,10.2564102564103,78
pooled_1,P4,occurrence,p_H,200,10.2564102564103,78
pooled_1,P4,occurrence,p_H,210,10.2564102564103,78
pooled_1,P4,occurrence,p_H,220,11.5384615384615,78
pooled_1,P4,occurrence,p_H,230,11.5384615384615,78
pooled_1,P4,occurrence,p_H,240,11.5384615384615,78
pooled_1,P4,occurrence,p_H,250,12.8205128205128,78
pooled_1,P2,biomass,p_H,10,19.1489361702128,47
pooled_1,P2,biomass,p_H,20,19.1489361702128,47
pooled_1,P2,biomass,p_H,30,19.1489361702128,47
pooled_1,P2,biomass,p_H,40,19.1489361702128,47
pooled_1,P2,biomass,p_H,50,21.2765957446809,47
pooled_1,P2,biomass,p_H,60,23.4042553191489,47
pooled_1,P2,biomass,p_H,70,23.4042553191489,47
pooled_1,P2,biomass,p_H,80,23.4042553191489,47
pooled_1,P2,biomass,p_H,90,23.4042553191489,47
pooled_1,P2,biomass,p_H,100,23.4042553191489,47
pooled_1,P2,biomass,p_H,110,23.4042553191489,47
pooled_1,P2,biomass,p_H,120,23.4042553191489,47
pooled_1,P2,biomass,p_H,130,23.4042553191489,47
pooled_1,P2,biomass,p_H,140,21.2765957446809,47
pooled_1,P2,biomass,p_H,150,21.2765957446809,47
pooled_1,P2,biomass,p_H,160,21.2765957446809,47
pooled_1,P2,biomass,p_H,170,21.2765957446809,47
pooled_1,P2,biomass,p_H,180,21.2765957446809,47
pooled_1,P2,biomass,p_H,190,21.2765957446809,47
pooled_1,P2,biomass,p_H,200,25.531914893617,47
pooled_1,P2,biomass,p_H,210,25.531914893617,47
pooled_1,P2,biomass,p_H,220,25.531914893617,47
pooled_1,P2,biomass,p_H,230,25.531914893617,47
pooled_1,P2,biomass,p_H,240,25.531914893617,47
pooled_1,P2,biomass,p_H,250,27.6595744680851,47
pooled_1,P2,occurrence,p_H,10,14.8936170212766,47
pooled_1,P2,occurrence,p_H,20,14.8936170212766,47
pooled_1,P2,occurrence,p_H,30,14.8936170212766,47
pooled_1,P2,occurrence,p_H,40,14.8936170212766,47
pooled_1,P2,occurrence,p_H,50,14.8936170212766,47
pooled_1,P2,occurrence,p_H,60,14.8936170212766,47
pooled_1,P2,occurrence,p_H,70,14.8936170212766,47
pooled_1,P2,occurrence,p_H,80,14.8936170212766,47
pooled_1,P2,occurrence,p_H,90,14.8936170212766,47
pooled_1,P2,occurrence,p_H,100,14.8936170212766,47
pooled_1,P2,occurrence,p_H,110,14.8936170212766,47
pooled_1,P2,occurrence,p_H,120,14.8936170212766,47
pooled_1,P2,occurrence,p_H,130,14.8936170212766,47
pooled_1,P2,occurrence,p_H,140,14.8936170212766,47
pooled_1,P2,occurrence,p_H,150,14.8936170212766,47
pooled_1,P2,occurrence,p_H,160,14.8936170212766,47
pooled_1,P2,occurrence,p_H,170,14.8936170212766,47
pooled_1,P2,occurrence,p_H,180,14.8936170212766,47
pooled_1,P2,occurrence,p_H,190,14.8936170212766,47
pooled_1,P2,occurrence,p_H,200,12.7659574468085,47
pooled_1,P2,occurrence,p_H,210,12.7659574468085,47
pooled_1,P2,occurrence,p_H,220,12.7659574468085,47
pooled_1,P2,occurrence,p_H,230,12.7659574468085,47
pooled_1,P2,occurrence,p_H,240,12.7659574468085,47
pooled_1,P2,occurrence,p_H,250,10.6382978723404,47
per_predator,P1,biomass,p_H,10,15.4362416107383,149
per_predator,P1,biomass,p_H,20,17.4496644295302,149
per_predator,P1,biomass,p_H,30,16.7785234899329,149
per_predator,P1,biomass,p_H,40,17.4496644295302,149
per_predator,P1,biomass,p_H,50,15.4362416107383,149
per_predator,P1,biomass,p_H,60,14.7651006711409,149
per_predator,P1,biomass,p_H,70,12.751677852349,149
per_predator,P1,biomass,p_H,80,13.4228187919463,149
per_predator,P1,biomass,p_H,90,14.7651006711409,149
per_predator,P1,biomass,p_H,100,14.7651006711409,149
per_predator,P1,biomass,p_H,110,12.751677852349,149
per_predator,P1,biomass,p_H,120,13.4228187919463,149
per_predator,P1,biomass,p_H,130,13.4228187919463,149
per_predator,P1,biomass,p_H,140,13.5135135135135,148
per_predator,P1,biomass,p_H,150,13.013698630137,146
per_predator,P1,biomass,p_H,160,13.013698630137,146
per_predator,P1,biomass,p_H,170,13.013698630137,146
per_predator,P1,biomass,p_H,180,13.013698630137,146
per_predator,P1,biomass,p_H,190,13.6986301369863,146
per_predator,P1,biomass,p_H,200,11.8055555555556,144
per_predator,P1,biomass,p_H,210,11.1888111888112,143
per_predator,P1,biomass,p_H,220,11.4285714285714,140
per_predator,P1,biomass,p_H,230,11.4285714285714,140
per_predator,P1,biomass,p_H,240,12.1428571428571,140
per_predator,P1,biomass,p_H,250,10.7142857142857,140
per_predator,P1,occurrence,p_H,10,14.7651006711409,149
per_predator,P1,occurrence,p_H,20,11.4093959731544,149
per_predator,P1,occurrence,p_H,30,13.4228187919463,149
per_predator,P1,occurrence,p_H,40,14.0939597315436,149
per_predator,P1,occurrence,p_H,50,10.738255033557,149
per_predator,P1,occurrence,p_H,60,11.4093959731544,149
per_predator,P1,occurrence,p_H,70,11.4093959731544,149
per_predator,P1,occurrence,p_H,80,12.751677852349,149
per_predator,P1,occurrence,p_H,90,12.0805369127517,149
per_predator,P1,occurrence,p_H,100,12.0805369127517,149
per_predator,P1,occurrence,p_H,110,12.0805369127517,149
per_predator,P1,occurrence,p_H,120,11.4093959731544,149
per_predator,P1,occurrence,p_H,130,12.0805369127517,149
per_predator,P1,occurrence,p_H,140,12.1621621621622,148
per_predator,P1,occurrence,p_H,150,10.2739726027397,146
per_predator,P1,occurrence,p_H,160,10.958904109589,146
per_predator,P1,occurrence,p_H,170,11.6438356164384,146
per_predator,P1,occurrence,p_H,180,10.958904109589,146
per_predator,P1,occurrence,p_H,190,13.013698630137,146
per_predator,P1,occurrence,p_H,200,13.1944444444444,144
per_predator,P1,occurrence,p_H,210,14.6853146853147,143
per_predator,P1,occurrence,p_H,220,13.5714285714286,140
per_predator,P1,occurrence,p_H,230,12.8571428571429,140
per_predator,P1,occurrence,p_H,240,12.8571428571429,140
per_predator,P1,occurrence,p_H,250,12.8571428571429,140
per_predator,P3,biomass,p_H,10,14.8809523809524,168
per_predator,P3,biomass,p_H,20,16.0714285714286,168
per_predator,P3,biomass,p_H,30,14.2857142857143,168
per_predator,P3,biomass,p_H,40,14.8809523809524,168
per_predator,P3,biomass,p_H,50,13.0952380952381,168
per_predator,P3,biomass,p_H,60,12.5,168
per_predator,P3,biomass,p_H,70,11.3095238095238,168
per_predator,P3,biomass,p_H,80,11.9047619047619,168
per_predator,P3,biomass,p_H,90,12.5,168
per_predator,P3,biomass,p_H,100,13.0952380952381,168
per_predator,P3,biomass,p_H,110,11.9047619047619,168
per_predator,P3,biomass,p_H,120,11.9047619047619,168
per_predator,P3,biomass,p_H,130,11.9047619047619,168
per_predator,P3,biomass,p_H,140,11.9047619047619,168
per_predator,P3,biomass,p_H,150,12.6506024096386,166
per_predator,P3,biomass,p_H,160,12.6506024096386,166
per_predator,P3,biomass,p_H,170,11.4457831325301,166
per_predator,P3,biomass,p_H,180,12.0481927710843,166
per_predator,P3,biomass,p_H,190,12.6506024096386,166
per_predator,P3,biomass,p_H,200,12.1951219512195,164
per_predator,P3,biomass,p_H,210,12.1951219512195,164
per_predator,P3,biomass,p_H,220,13.6645962732919,161
per_predator,P3,biomass,p_H,230,13.6645962732919,161
per_predator,P3,biomass,p_H,240,13.6645962732919,161
per_predator,P3,biomass,p_H,250,11.8012422360248,161
per_predator,P3,occurrence,p_H,10,12.5,168
per_predator,P3,occurrence,p_H,20,10.1190476190476,168
per_predator,P3,occurrence,p_H,30,9.52380952380952,168
per_predator,P3,occurrence,p_H,40,11.3095238095238,168
per_predator,P3,occurrence,p_H,50,10.7142857142857,168
per_predator,P3,occurrence,p_H,60,11.3095238095238,168
per_predator,P3,occurrence,p_H,70,10.7142857142857,168
per_predator,P3,occurrence,p_H,80,11.9047619047619,168
per_predator,P3,occurrence,p_H,90,10.7142857142857,168
per_predator,P3,occurrence,p_H,100,10.7142857142857,168
per_predator,P3,occurrence,p_H,110,10.1190476190476,168
per_predator,P3,occurrence,p_H,120,9.52380952380952,168
per_predator,P3,occurrence,p_H,130,9.52380952380952,168
per_predator,P3,occurrence,p_H,140,10.1190476190476,168
per_predator,P3,occurrence,p_H,150,8.43373493975904,166
per_predator,P3,occurrence,p_H,160,9.03614457831325,166
per_predator,P3,occurrence,p_H,170,9.63855421686747,166
per_predator,P3,occurrence,p_H,180,8.43373493975904,166
per_predator,P3,occurrence,p_H,190,9.63855421686747,166
per_predator,P3,occurrence,p_H,200,9.75609756097561,164
per_predator,P3,occurrence,p_H,210,11.5853658536585,164
per_predator,P3,occurrence,p_H,220,11.1801242236025,161
per_predator,P3,occurrence,p_H,230,10.5590062111801,161
per_predator,P3,occurrence,p_H,240,10.5590062111801,161
per_predator,P3,occurrence,p_H,250,9.93788819875776,161
per_predator,PT,biomass,p_H,10,13.7055837563452,197
per_predator,PT,biomass,p_H,20,12.1827411167513,197
per_predator,PT,biomass,p_H,30,11.6751269035533,197
per_predator,PT,biomass,p_H,40,13.7055837563452,197
per_predator,PT,biomass,p_H,50,13.7055837563452,197
per_predator,PT,biomass,p_H,60,15.7360406091371,197
per_predator,PT,biomass,p_H,70,14.2131979695432,197
per_predator,PT,biomass,p_H,80,12.1827411167513,197
per_predator,PT,biomass,p_H,90,11.2244897959184,196
per_predator,PT,biomass,p_H,100,13.265306122449,196
per_predator,PT,biomass,p_H,110,12.3076923076923,195
per_predator,PT,biomass,p_H,120,12.3076923076923,195
per_predator,PT,biomass,p_H,130,11.2820512820513,195
per_predator,PT,biomass,p_H,140,11.8556701030928,194
per_predator,PT,biomass,p_H,150,12.565445026178,191
per_predator,PT,biomass,p_H,160,13.6125654450262,191
per_predator,PT,biomass,p_H,170,14.6596858638743,191
per_predator,PT,biomass,p_H,180,15.1832460732984,191
per_predator,PT,biomass,p_H,190,14.1361256544503,191
per_predator,PT,biomass,p_H,200,14.7368421052632,190
per_predator,PT,biomass,p_H,210,15.8730158730159,189
per_predator,PT,biomass,p_H,220,14.5945945945946,185
per_predator,PT,biomass,p_H,230,14.5945945945946,185
per_predator,PT,biomass,p_H,240,14.0540540540541,185
per_predator,PT,biomass,p_H,250,12.568306010929,183
per_predator,PT,occurrence,p_H,10,12.1827411167513,197
per_predator,PT,occurrence,p_H,20,10.1522842639594,197
per_predator,PT,occurrence,p_H,30,8.12182741116751,197
per_predator,PT,occurrence,p_H,40,6.09137055837564,197
per_predator,PT,occurrence,p_H,50,6.59898477157361,197
per_predator,PT,occurrence,p_H,60,7.61421319796954,197
per_predator,PT,occurrence,p_H,70,6.59898477157361,197
per_predator,PT,occurrence,p_H,80,5.0761421319797,197
per_predator,PT,occurrence,p_H,90,5.10204081632653,196
per_predator,PT,occurrence,p_H,100,5.61224489795918,196
per_predator,PT,occurrence,p_H,110,8.71794871794872,195
per_predator,PT,occurrence,p_H,120,9.23076923076923,195
per_predator,PT,occurrence,p_H,130,8.71794871794872,195
per_predator,PT,occurrence,p_H,140,9.27835051546392,194
per_predator,PT,occurrence,p_H,150,7.85340314136126,191
per_predator,PT,occurrence,p_H,160,7.32984293193717,191
per_predator,PT,occurrence,p_H,170,7.85340314136126,191
per_predator,PT,occurrence,p_H,180,7.85340314136126,191
per_predator,PT,occurrence,p_H,190,7.85340314136126,191
per_predator,PT,occurrence,p_H,200,6.8421052631579,190
per_predator,PT,occurrence,p_H,210,6.87830687830688,189
per_predator,PT,occurrence,p_H,220,7.02702702702703,185
per_predator,PT,occurrence,p_H,230,6.48648648648649,185
per_predator,PT,occurrence,p_H,240,6.48648648648649,185
per_predator,PT,occurrence,p_H,250,6.55737704918033,183
per_predator,P4,biomass,p_H,10,23.0769230769231,78
per_predator,P4,biomass,p_H,20,16.6666666666667,78
per_predator,P4,biomass,p_H,30,19.2307692307692,78
per_predator,P4,biomass,p_H,40,17.948717948718,78
per_predator,P4,biomass,p_H,50,21.7948717948718,78
per_predator,P4,biomass,p_H,60,21.7948717948718,78
per_predator,P4,biomass,p_H,70,21.7948717948718,78
per_predator,P4,biomass,p_H,80,17.948717948718,78
per_predator,P4,biomass,p_H,90,17.948717948718,78
per_predator,P4,biomass,p_H,100,17.948717948718,78
per_predator,P4,biomass,p_H,110,16.6666666666667,78
per_predator,P4,biomass,p_H,120,15.3846153846154,78
per_predator,P4,biomass,p_H,130,15.3846153846154,78
per_predator,P4,biomass,p_H,140,16.6666666666667,78
per_predator,P4,biomass,p_H,150,15.7894736842105,76
per_predator,P4,biomass,p_H,160,15.7894736842105,76
per_predator,P4,biomass,p_H,170,15.7894736842105,76
per_predator,P4,biomass,p_H,180,20,75
per_predator,P4,biomass,p_H,190,18.6666666666667,75
per_predator,P4,biomass,p_H,200,17.3333333333333,75
per_predator,P4,biomass,p_H,210,17.3333333333333,75
per_predator,P4,biomass,p_H,220,17.8082191780822,73
per_predator,P4,biomass,p_H,230,17.8082191780822,73
per_predator,P4,biomass,p_H,240,16.4383561643836,73
per_predator,P4,biomass,p_H,250,16.6666666666667,72
per_predator,P4,occurrence,p_H,10,8.97435897435897,78
per_predator,P4,occurrence,p_H,20,6.41025641025641,78
per_predator,P4,occurrence,p_H,30,6.41025641025641,78
per_predator,P4,occurrence,p_H,40,6.41025641025641,78
per_predator,P4,occurrence,p_H,50,7.69230769230769,78
per_predator,P4,occurrence,p_H,60,8.97435897435897,78
per_predator,P4,occurrence,p_H,70,7.69230769230769,78
per_predator,P4,occurrence,p_H,80,8.97435897435897,78
per_predator,P4,occurrence,p_H,90,7.69230769230769,78
per_predator,P4,occurrence,p_H,100,8.97435897435897,78
per_predator,P4,occurrence,p_H,110,12.8205128205128,78
per_predator,P4,occurrence,p_H,120,12.8205128205128,78
per_predator,P4,occurrence,p_H,130,14.1025641025641,78
per_predator,P4,occurrence,p_H,140,15.3846153846154,78
per_predator,P4,occurrence,p_H,150,13.1578947368421,76
per_predator,P4,occurrence,p_H,160,13.1578947368421,76
per_predator,P4,occurrence,p_H,170,14.4736842105263,76
per_predator,P4,occurrence,p_H,180,17.3333333333333,75
per_predator,P4,occurrence,p_H,190,17.3333333333333,75
per_predator,P4,occurrence,p_H,200,14.6666666666667,75
per_predator,P4,occurrence,p_H,210,14.6666666666667,75
per_predator,P4,occurrence,p_H,220,15.0684931506849,73
per_predator,P4,occurrence,p_H,230,15.0684931506849,73
per_predator,P4,occurrence,p_H,240,15.0684931506849,73
per_predator,P4,occurrence,p_H,250,15.2777777777778,72
per_predator,P2,biomass,p_H,10,23.4042553191489,47
per_predator,P2,biomass,p_H,20,19.1489361702128,47
per_predator,P2,biomass,p_H,30,17.0212765957447,47
per_predator,P2,biomass,p_H,40,17.0212765957447,47
per_predator,P2,biomass,p_H,50,19.1489361702128,47
per_predator,P2,biomass,p_H,60,23.4042553191489,47
per_predator,P2,biomass,p_H,70,23.4042553191489,47
per_predator,P2,biomass,p_H,80,25.531914893617,47
per_predator,P2,biomass,p_H,90,25.531914893617,47
per_predator,P2,biomass,p_H,100,28.2608695652174,46
per_predator,P2,biomass,p_H,110,28.2608695652174,46
per_predator,P2,biomass,p_H,120,28.2608695652174,46
per_predator,P2,biomass,p_H,130,28.2608695652174,46
per_predator,P2,biomass,p_H,140,28.2608695652174,46
per_predator,P2,biomass,p_H,150,30.4347826086957,46
per_predator,P2,biomass,p_H,160,28.2608695652174,46
per_predator,P2,biomass,p_H,170,30.4347826086957,46
per_predator,P2,biomass,p_H,180,26.0869565217391,46
per_predator,P2,biomass,p_H,190,21.7391304347826,46
per_predator,P2,biomass,p_H,200,19.5652173913043,46
per_predator,P2,biomass,p_H,210,19.5652173913043,46
per_predator,P2,biomass,p_H,220,22.2222222222222,45
per_predator,P2,biomass,p_H,230,22.2222222222222,45
per_predator,P2,biomass,p_H,240,22.2222222222222,45
per_predator,P2,biomass,p_H,250,20.4545454545455,44
per_predator,P2,occurrence,p_H,10,6.38297872340426,47
per_predator,P2,occurrence,p_H,20,6.38297872340426,47
per_predator,P2,occurrence,p_H,30,6.38297872340426,47
per_predator,P2,occurrence,p_H,40,6.38297872340426,47
per_predator,P2,occurrence,p_H,50,4.25531914893617,47
per_predator,P2,occurrence,p_H,60,4.25531914893617,47
per_predator,P2,occurrence,p_H,70,6.38297872340426,47
per_predator,P2,occurrence,p_H,80,6.38297872340426,47
per_predator,P2,occurrence,p_H,90,6.38297872340426,47
per_predator,P2,occurrence,p_H,100,8.69565217391304,46
per_predator,P2,occurrence,p_H,110,8.69565217391304,46
per_predator,P2,occurrence,p_H,120,8.69565217391304,46
per_predator,P2,occurrence,p_H,130,8.69565217391304,46
per_predator,P2,occurrence,p_H,140,8.69565217391304,46
per_predator,P2,occurrence,p_H,150,8.69565217391304,46
per_predator,P2,occurrence,p_H,160,8.69565217391304,46
per_predator,P2,occurrence,p_H,170,8.69565217391304,46
per_predator,P2,occurrence,p_H,180,6.52173913043478,46
per_predator,P2,occurrence,p_H,190,6.52173913043478,46
per_predator,P2,occurrence,p_H,200,6.52173913043478,46
per_predator,P2,occurrence,p_H,210,6.52173913043478,46
per_predator,P2,occurrence,p_H,220,8.88888888888889,45
per_predator,P2,occurrence,p_H,230,8.88888888888889,45
per_predator,P2,occurrence,p_H,240,8.88888888888889,45
per_predator,P2,occurrence,p_H,250,9.09090909090909,44
pooled_2,P1,biomass,p_Bs,10,4.69798657718121,149
pooled_2,P1,biomass,p_Bs,20,4.69798657718121,149
pooled_2,P1,biomass,p_Bs,30,4.69798657718121,149
pooled_2,P1,biomass,p_Bs,40,4.69798657718121,149
pooled_2,P1,biomass,p_Bs,50,4.69798657718121,149
pooled_2,P1,biomass,p_Bs,60,4.69798657718121,149
pooled_2,P1,biomass,p_Bs,70,4.69798657718121,149
pooled_2,P1,biomass,p_Bs,80,5.36912751677852,149
pooled_2,P1,biomass,p_Bs,90,5.36912751677852,149
pooled_2,P1,biomass,p_Bs,100,5.36912751677852,149
pooled_2,P1,biomass,p_Bs,110,5.36912751677852,149
pooled_2,P1,biomass,p_Bs,120,5.36912751677852,149
pooled_2,P1,biomass,p_Bs,130,5.36912751677852,149
pooled_2,P1,biomass,p_Bs,140,5.36912751677852,149
pooled_2,P1,biomass,p_Bs,150,5.36912751677852,149
pooled_2,P1,biomass,p_Bs,160,5.36912751677852,149
pooled_2,P1,biomass,p_Bs,170,5.36912751677852,149
pooled_2,P1,biomass,p_Bs,180,5.36912751677852,149
pooled_2,P1,biomass,p_Bs,190,5.36912751677852,149
pooled_2,P1,biomass,p_Bs,200,5.36912751677852,149
pooled_2,P1,biomass,p_Bs,210,5.36912751677852,149
pooled_2,P1,biomass,p_Bs,220,5.36912751677852,149
pooled_2,P1,biomass,p_Bs,230,5.36912751677852,149
pooled_2,P1,biomass,p_Bs,240,5.36912751677852,149
pooled_2,P1,biomass,p_Bs,250,5.36912751677852,149
pooled_2,P1,occurrence,p_Bs,10,10.0671140939597,149
pooled_2,P1,occurrence,p_Bs,20,10.0671140939597,149
pooled_2,P1,occurrence,p_Bs,30,10.0671140939597,149
pooled_2,P1,occurrence,p_Bs,40,10.0671140939597,149
pooled_2,P1,occurrence,p_Bs,50,10.0671140939597,149
pooled_2,P1,occurrence,p_Bs,60,10.0671140939597,149
pooled_2,P1,occurrence,p_Bs,70,10.0671140939597,149
pooled_2,P1,occurrence,p_Bs,80,10.0671140939597,149
pooled_2,P1,occurrence,p_Bs,90,10.0671140939597,149
pooled_2,P1,occurrence,p_Bs,100,10.0671140939597,149
pooled_2,P1,occurrence,p_Bs,110,10.0671140939597,149
pooled_2,P1,occurrence,p_Bs,120,10.0671140939597,149
pooled_2,P1,occurrence,p_Bs,130,10.0671140939597,149
pooled_2,P1,occurrence,p_Bs,140,10.0671140939597,149
pooled_2,P1,occurrence,p_Bs,150,10.0671140939597,149
pooled_2,P1,occurrence,p_Bs,160,9.39597315436242,149
pooled_2,P1,occurrence,p_Bs,170,9.39597315436242,149
pooled_2,P1,occurrence,p_Bs,180,8.7248322147651,149
pooled_2,P1,occurrence,p_Bs,190,8.7248322147651,149
pooled_2,P1,occurrence,p_Bs,200,8.05369127516778,149
pooled_2,P1,occurrence,p_Bs,210,8.05369127516778,149
pooled_2,P1,occurrence,p_Bs,220,8.05369127516778,149
pooled_2,P1,occurrence,p_Bs,230,8.05369127516778,149
pooled_2,P1,occurrence,p_Bs,240,8.05369127516778,149
pooled_2,P1,occurrence,p_Bs,250,8.05369127516778,149
pooled_2,P3,biomass,p_Bs,10,3.57142857142857,168
pooled_2,P3,biomass,p_Bs,20,3.57142857142857,168
pooled_2,P3,biomass,p_Bs,30,3.57142857142857,168
pooled_2,P3,biomass,p_Bs,40,3.57142857142857,168
pooled_2,P3,biomass,p_Bs,50,3.57142857142857,168
pooled_2,P3,biomass,p_Bs,60,3.57142857142857,168
pooled_2,P3,biomass,p_Bs,70,3.57142857142857,168
pooled_2,P3,biomass,p_Bs,80,3.57142857142857,168
pooled_2,P3,biomass,p_Bs,90,3.57142857142857,168
pooled_2,P3,biomass,p_Bs,100,3.57142857142857,168
pooled_2,P3,biomass,p_Bs,110,3.57142857142857,168
pooled_2,P3,biomass,p_Bs,120,3.57142857142857,168
pooled_2,P3,biomass,p_Bs,130,3.57142857142857,168
pooled_2,P3,biomass,p_Bs,140,3.57142857142857,168
pooled_2,P3,biomass,p_Bs,150,3.57142857142857,168
pooled_2,P3,biomass,p_Bs,160,3.57142857142857,168
pooled_2,P3,biomass,p_Bs,170,3.57142857142857,168
pooled_2,P3,biomass,p_Bs,180,3.57142857142857,168
pooled_2,P3,biomass,p_Bs,190,3.57142857142857,168
pooled_2,P3,biomass,p_Bs,200,3.57142857142857,168
pooled_2,P3,biomass,p_Bs,210,3.57142857142857,168
pooled_2,P3,biomass,p_Bs,220,3.57142857142857,168
pooled_2,P3,biomass,p_Bs,230,3.57142857142857,168
pooled_2,P3,biomass,p_Bs,240,3.57142857142857,168
pooled_2,P3,biomass,p_Bs,250,3.57142857142857,168
pooled_2,P3,occurrence,p_Bs,10,8.92857142857143,168
pooled_2,P3,occurrence,p_Bs,20,8.92857142857143,168
pooled_2,P3,occurrence,p_Bs,30,8.92857142857143,168
pooled_2,P3,occurrence,p_Bs,40,8.92857142857143,168
pooled_2,P3,occurrence,p_Bs,50,8.92857142857143,168
pooled_2,P3,occurrence,p_Bs,60,8.33333333333333,168
pooled_2,P3,occurrence,p_Bs,70,8.33333333333333,168
pooled_2,P3,occurrence,p_Bs,80,8.33333333333333,168
pooled_2,P3,occurrence,p_Bs,90,8.33333333333333,168
pooled_2,P3,occurrence,p_Bs,100,8.33333333333333,168
pooled_2,P3,occurrence,p_Bs,110,8.33333333333333,168
pooled_2,P3,occurrence,p_Bs,120,7.73809523809524,168
pooled_2,P3,occurrence,p_Bs,130,7.73809523809524,168
pooled_2,P3,occurrence,p_Bs,140,7.73809523809524,168
pooled_2,P3,occurrence,p_Bs,150,7.73809523809524,168
pooled_2,P3,occurrence,p_Bs,160,8.92857142857143,168
pooled_2,P3,occurrence,p_Bs,170,8.92857142857143,168
pooled_2,P3,occurrence,p_Bs,180,8.33333333333333,168
pooled_2,P3,occurrence,p_Bs,190,8.33333333333333,168
pooled_2,P3,occurrence,p_Bs,200,8.33333333333333,168
pooled_2,P3,occurrence,p_Bs,210,8.33333333333333,168
pooled_2,P3,occurrence,p_Bs,220,8.33333333333333,168
pooled_2,P3,occurrence,p_Bs,230,8.33333333333333,168
pooled_2,P3,occurrence,p_Bs,240,8.33333333333333,168
pooled_2,P3,occurrence,p_Bs,250,8.33333333333333,168
pooled_2,PT,biomass,p_Bs,10,8.04020100502513,199
pooled_2,PT,biomass,p_Bs,20,8.04020100502513,199
pooled_2,PT,biomass,p_Bs,30,8.04020100502513,199
pooled_2,PT,biomass,p_Bs,40,8.04020100502513,199
pooled_2,PT,biomass,p_Bs,50,8.04020100502513,199
pooled_2,PT,biomass,p_Bs,60,8.04020100502513,199
pooled_2,PT,biomass,p_Bs,70,8.04020100502513,199
pooled_2,PT,biomass,p_Bs,80,8.04020100502513,199
pooled_2,PT,biomass,p_Bs,90,8.04020100502513,199
pooled_2,PT,biomass,p_Bs,100,8.04020100502513,199
pooled_2,PT,biomass,p_Bs,110,8.04020100502513,199
pooled_2,PT,biomass,p_Bs,120,7.53768844221106,199
pooled_2,PT,biomass,p_Bs,130,7.53768844221106,199
pooled_2,PT,biomass,p_Bs,140,8.04020100502513,199
pooled_2,PT,biomass,p_Bs,150,8.04020100502513,199
pooled_2,PT,biomass,p_Bs,160,8.04020100502513,199
pooled_2,PT,biomass,p_Bs,170,8.04020100502513,199
pooled_2,PT,biomass,p_Bs,180,7.53768844221106,199
pooled_2,PT,biomass,p_Bs,190,7.53768844221106,199
pooled_2,PT,biomass,p_Bs,200,6.53266331658292,199
pooled_2,PT,biomass,p_Bs,210,6.53266331658292,199
pooled_2,PT,biomass,p_Bs,220,6.53266331658292,199
pooled_2,PT,biomass,p_Bs,230,6.53266331658292,199
pooled_2,PT,biomass,p_Bs,240,6.53266331658292,199
pooled_2,PT,biomass,p_Bs,250,6.53266331658292,199
pooled_2,PT,occurrence,p_Bs,10,11.0552763819095,199
pooled_2,PT,occurrence,p_Bs,20,11.0552763819095,199
pooled_2,PT,occurrence,p_Bs,30,11.0552763819095,199
pooled_2,PT,occurrence,p_Bs,40,11.0552763819095,199
pooled_2,PT,occurrence,p_Bs,50,11.0552763819095,199
pooled_2,PT,occurrence,p_Bs,60,11.0552763819095,199
pooled_2,PT,occurrence,p_Bs,70,11.0552763819095,199
pooled_2,PT,occurrence,p_Bs,80,11.0552763819095,199
pooled_2,PT,occurrence,p_Bs,90,11.0552763819095,199
pooled_2,PT,occurrence,p_Bs,100,11.0552763819095,199
pooled_2,PT,occurrence,p_Bs,110,11.0552763819095,199
pooled_2,PT,occurrence,p_Bs,120,11.0552763819095,199
pooled_2,PT,occurrence,p_Bs,130,10.5527638190955,199
pooled_2,PT,occurrence,p_Bs,140,10.5527638190955,199
pooled_2,PT,occurrence,p_Bs,150,10.5527638190955,199
pooled_2,PT,occurrence,p_Bs,160,11.0552763819095,199
pooled_2,PT,occurrence,p_Bs,170,10.5527638190955,199
pooled_2,PT,occurrence,p_Bs,180,10.5527638190955,199
pooled_2,PT,occurrence,p_Bs,190,10.5527638190955,199
pooled_2,PT,occurrence,p_Bs,200,10.5527638190955,199
pooled_2,PT,occurrence,p_Bs,210,10.5527638190955,199
pooled_2,PT,occurrence,p_Bs,220,10.0502512562814,199
pooled_2,PT,occurrence,p_Bs,230,10.0502512562814,199
pooled_2,PT,occurrence,p_Bs,240,10.0502512562814,199
pooled_2,PT,occurrence,p_Bs,250,9.54773869346734,199
pooled_2,P4,biomass,p_Bs,10,10.2564102564103,78
pooled_2,P4,biomass,p_Bs,20,10.2564102564103,78
pooled_2,P4,biomass,p_Bs,30,10.2564102564103,78
pooled_2,P4,biomass,p_Bs,40,10.2564102564103,78
pooled_2,P4,biomass,p_Bs,50,10.2564102564103,78
pooled_2,P4,biomass,p_Bs,60,10.2564102564103,78
pooled_2,P4,biomass,p_Bs,70,10.2564102564103,78
pooled_2,P4,biomass,p_Bs,80,10.2564102564103,78
pooled_2,P4,biomass,p_Bs,90,10.2564102564103,78
pooled_2,P4,biomass,p_Bs,100,10.2564102564103,78
pooled_2,P4,biomass,p_Bs,110,10.2564102564103,78
pooled_2,P4,biomass,p_Bs,120,10.2564102564103,78
pooled_2,P4,biomass,p_Bs,130,10.2564102564103,78
pooled_2,P4,biomass,p_Bs,140,10.2564102564103,78
pooled_2,P4,biomass,p_Bs,150,10.2564102564103,78
pooled_2,P4,biomass,p_Bs,160,10.2564102564103,78
pooled_2,P4,biomass,p_Bs,170,10.2564102564103,78
pooled_2,P4,biomass,p_Bs,180,10.2564102564103,78
pooled_2,P4,biomass,p_Bs,190,10.2564102564103,78
pooled_2,P4,biomass,p_Bs,200,10.2564102564103,78
pooled_2,P4,biomass,p_Bs,210,10.2564102564103,78
pooled_2,P4,biomass,p_Bs,220,10.2564102564103,78
pooled_2,P4,biomass,p_Bs,230,10.2564102564103,78
pooled_2,P4,biomass,p_Bs,240,10.2564102564103,78
pooled_2,P4,biomass,p_Bs,250,10.2564102564103,78
pooled_2,P4,occurrence,p_Bs,10,11.5384615384615,78
pooled_2,P4,occurrence,p_Bs,20,11.5384615384615,78
pooled_2,P4,occurrence,p_Bs,30,11.5384615384615,78
pooled_2,P4,occurrence,p_Bs,40,11.5384615384615,78
pooled_2,P4,occurrence,p_Bs,50,11.5384615384615,78
pooled_2,P4,occurrence,p_Bs,60,10.2564102564103,78
pooled_2,P4,occurrence,p_Bs,70,10.2564102564103,78
pooled_2,P4,occurrence,p_Bs,80,10.2564102564103,78
pooled_2,P4,occurrence,p_Bs,90,10.2564102564103,78
pooled_2,P4,occurrence,p_Bs,100,10.2564102564103,78
pooled_2,P4,occurrence,p_Bs,110,10.2564102564103,78
pooled_2,P4,occurrence,p_Bs,120,10.2564102564103,78
pooled_2,P4,occurrence,p_Bs,130,10.2564102564103,78
pooled_2,P4,occurrence,p_Bs,140,10.2564102564103,78
pooled_2,P4,occurrence,p_Bs,150,10.2564102564103,78
pooled_2,P4,occurrence,p_Bs,160,10.2564102564103,78
pooled_2,P4,occurrence,p_Bs,170,10.2564102564103,78
pooled_2,P4,occurrence,p_Bs,180,10.2564102564103,78
pooled_2,P4,occurrence,p_Bs,190,10.2564102564103,78
pooled_2,P4,occurrence,p_Bs,200,10.2564102564103,78
pooled_2,P4,occurrence,p_Bs,210,10.2564102564103,78
pooled_2,P4,occurrence,p_Bs,220,10.2564102564103,78
pooled_2,P4,occurrence,p_Bs,230,10.2564102564103,78
pooled_2,P4,occurrence,p_Bs,240,10.2564102564103,78
pooled_2,P4,occurrence,p_Bs,250,10.2564102564103,78
pooled_2,P2,biomass,p_Bs,10,6.38297872340426,47
pooled_2,P2,biomass,p_Bs,20,6.38297872340426,47
pooled_2,P2,biomass,p_Bs,30,6.38297872340426,47
pooled_2,P2,biomass,p_Bs,40,6.38297872340426,47
pooled_2,P2,biomass,p_Bs,50,6.38297872340426,47
pooled_2,P2,biomass,p_Bs,60,6.38297872340426,47
pooled_2,P2,biomass,p_Bs,70,6.38297872340426,47
pooled_2,P2,biomass,p_Bs,80,6.38297872340426,47
pooled_2,P2,biomass,p_Bs,90,6.38297872340426,47
pooled_2,P2,biomass,p_Bs,100,6.38297872340426,47
pooled_2,P2,biomass,p_Bs,110,6.38297872340426,47
pooled_2,P2,biomass,p_Bs,120,6.38297872340426,47
pooled_2,P2,biomass,p_Bs,130,6.38297872340426,47
pooled_2,P2,biomass,p_Bs,140,6.38297872340426,47
pooled_2,P2,biomass,p_Bs,150,6.38297872340426,47
pooled_2,P2,biomass,p_Bs,160,6.38297872340426,47
pooled_2,P2,biomass,p_Bs,170,6.38297872340426,47
pooled_2,P2,biomass,p_Bs,180,6.38297872340426,47
pooled_2,P2,biomass,p_Bs,190,6.38297872340426,47
pooled_2,P2,biomass,p_Bs,200,6.38297872340426,47
pooled_2,P2,biomass,p_Bs,210,6.38297872340426,47
pooled_2,P2,biomass,p_Bs,220,6.38297872340426,47
pooled_2,P2,biomass,p_Bs,230,6.38297872340426,47
pooled_2,P2,biomass,p_Bs,240,6.38297872340426,47
pooled_2,P2,biomass,p_Bs,250,6.38297872340426,47
pooled_2,P2,occurrence,p_Bs,10,8.51063829787234,47
pooled_2,P2,occurrence,p_Bs,20,8.51063829787234,47
pooled_2,P2,occurrence,p_Bs,30,8.51063829787234,47
pooled_2,P2,occurrence,p_Bs,40,8.51063829787234,47
pooled_2,P2,occurrence,p_Bs,50,8.51063829787234,47
pooled_2,P2,occurrence,p_Bs,60,8.51063829787234,47
pooled_2,P2,occurrence,p_Bs,70,8.51063829787234,47
pooled_2,P2,occurrence,p_Bs,80,8.51063829787234,47
pooled_2,P2,occurrence,p_Bs,90,8.51063829787234,47
pooled_2,P2,occurrence,p_Bs,100,8.51063829787234,47
pooled_2,P2,occurrence,p_Bs,110,8.51063829787234,47
pooled_2,P2,occurrence,p_Bs,120,8.51063829787234,47
pooled_2,P2,occurrence,p_Bs,130,8.51063829787234,47
pooled_2,P2,occurrence,p_Bs,140,8.51063829787234,47
pooled_2,P2,occurrence,p_Bs,150,8.51063829787234,47
pooled_2,P2,occurrence,p_Bs,160,8.51063829787234,47
pooled_2,P2,occurrence,p_Bs,170,8.51063829787234,47
pooled_2,P2,occurrence,p_Bs,180,8.51063829787234,47
pooled_2,P2,occurrence,p_Bs,190,8.51063829787234,47
pooled_2,P2,occurrence,p_Bs,200,8.51063829787234,47
pooled_2,P2,occurrence,p_Bs,210,8.51063829787234,47
pooled_2,P2,occurrence,p_Bs,220,8.51063829787234,47
pooled_2,P2,occurrence,p_Bs,230,8.51063829787234,47
pooled_2,P2,occurrence,p_Bs,240,8.51063829787234,47
pooled_2,P2,occurrence,p_Bs,250,6.38297872340426,47
pooled_1,P1,biomass,p_Bs,10,5.36912751677852,149
pooled_1,P1,biomass,p_Bs,20,5.36912751677852,149
pooled_1,P1,biomass,p_Bs,30,5.36912751677852,149
pooled_1,P1,biomass,p_Bs,40,5.36912751677852,149
pooled_1,P1,biomass,p_Bs,50,5.36912751677852,149
pooled_1,P1,biomass,p_Bs,60,5.36912751677852,149
pooled_1,P1,biomass,p_Bs,70,5.36912751677852,149
pooled_1,P1,biomass,p_Bs,80,6.04026845637584,149
pooled_1,P1,biomass,p_Bs,90,6.04026845637584,149
pooled_1,P1,biomass,p_Bs,100,6.04026845637584,149
pooled_1,P1,biomass,p_Bs,110,6.04026845637584,149
pooled_1,P1,biomass,p_Bs,120,6.04026845637584,149
pooled_1,P1,biomass,p_Bs,130,6.04026845637584,149
pooled_1,P1,biomass,p_Bs,140,6.04026845637584,149
pooled_1,P1,biomass,p_Bs,150,6.04026845637584,149
pooled_1,P1,biomass,p_Bs,160,6.04026845637584,149
pooled_1,P1,biomass,p_Bs,170,6.04026845637584,149
pooled_1,P1,biomass,p_Bs,180,6.04026845637584,149
pooled_1,P1,biomass,p_Bs,190,6.04026845637584,149
pooled_1,P1,biomass,p_Bs,200,6.04026845637584,149
pooled_1,P1,biomass,p_Bs,210,6.04026845637584,149
pooled_1,P1,biomass,p_Bs,220,6.04026845637584,149
pooled_1,P1,biomass,p_Bs,230,6.04026845637584,149
pooled_1,P1,biomass,p_Bs,240,6.04026845637584,149
pooled_1,P1,biomass,p_Bs,250,6.04026845637584,149
pooled_1,P1,occurrence,p_Bs,10,9.39597315436242,149
pooled_1,P1,occurrence,p_Bs,20,9.39597315436242,149
pooled_1,P1,occurrence,p_Bs,30,9.39597315436242,149
pooled_1,P1,occurrence,p_Bs,40,9.39597315436242,149
pooled_1,P1,occurrence,p_Bs,50,9.39597315436242,149
pooled_1,P1,occurrence,p_Bs,60,9.39597315436242,149
pooled_1,P1,occurrence,p_Bs,70,9.39597315436242,149
pooled_1,P1,occurrence,p_Bs,80,9.39597315436242,149
pooled_1,P1,occurrence,p_Bs,90,10.0671140939597,149
pooled_1,P1,occurrence,p_Bs,100,10.0671140939597,149
pooled_1,P1,occurrence,p_Bs,110,10.0671140939597,149
pooled_1,P1,occurrence,p_Bs,120,10.0671140939597,149
pooled_1,P1,occurrence,p_Bs,130,10.0671140939597,149
pooled_1,P1,occurrence,p_Bs,140,10.0671140939597,149
pooled_1,P1,occurrence,p_Bs,150,10.0671140939597,149
pooled_1,P1,occurrence,p_Bs,160,9.39597315436242,149
pooled_1,P1,occurrence,p_Bs,170,9.39597315436242,149
pooled_1,P1,occurrence,p_Bs,180,8.7248322147651,149
pooled_1,P1,occurrence,p_Bs,190,8.7248322147651,149
pooled_1,P1,occurrence,p_Bs,200,8.05369127516778,149
pooled_1,P1,occurrence,p_Bs,210,8.05369127516778,149
pooled_1,P1,occurrence,p_Bs,220,8.05369127516778,149
pooled_1,P1,occurrence,p_Bs,230,8.05369127516778,149
pooled_1,P1,occurrence,p_Bs,240,8.05369127516778,149
pooled_1,P1,occurrence,p_Bs,250,8.05369127516778,149
pooled_1,P3,biomass,p_Bs,10,4.16666666666667,168
pooled_1,P3,biomass,p_Bs,20,4.16666666666667,168
pooled_1,P3,biomass,p_Bs,30,4.16666666666667,168
pooled_1,P3,biomass,p_Bs,40,4.16666666666667,168
pooled_1,P3,biomass,p_Bs,50,4.16666666666667,168
pooled_1,P3,biomass,p_Bs,60,4.16666666666667,168
pooled_1,P3,biomass,p_Bs,70,4.16666666666667,168
pooled_1,P3,biomass,p_Bs,80,4.16666666666667,168
pooled_1,P3,biomass,p_Bs,90,4.16666666666667,168
pooled_1,P3,biomass,p_Bs,100,4.16666666666667,168
pooled_1,P3,biomass,p_Bs,110,4.16666666666667,168
pooled_1,P3,biomass,p_Bs,120,4.16666666666667,168
pooled_1,P3,biomass,p_Bs,130,4.16666666666667,168
pooled_1,P3,biomass,p_Bs,140,4.16666666666667,168
pooled_1,P3,biomass,p_Bs,150,4.16666666666667,168
pooled_1,P3,biomass,p_Bs,160,4.16666666666667,168
pooled_1,P3,biomass,p_Bs,170,4.16666666666667,168
pooled_1,P3,biomass,p_Bs,180,4.16666666666667,168
pooled_1,P3,biomass,p_Bs,190,4.16666666666667,168
pooled_1,P3,biomass,p_Bs,200,4.16666666666667,168
pooled_1,P3,biomass,p_Bs,210,4.16666666666667,168
pooled_1,P3,biomass,p_Bs,220,4.16666666666667,168
pooled_1,P3,biomass,p_Bs,230,4.16666666666667,168
pooled_1,P3,biomass,p_Bs,240,4.16666666666667,168
pooled_1,P3,biomass,p_Bs,250,4.16666666666667,168
pooled_1,P3,occurrence,p_Bs,10,8.92857142857143,168
pooled_1,P3,occurrence,p_Bs,20,8.92857142857143,168
pooled_1,P3,occurrence,p_Bs,30,8.92857142857143,168
pooled_1,P3,occurrence,p_Bs,40,8.92857142857143,168
pooled_1,P3,occurrence,p_Bs,50,8.92857142857143,168
pooled_1,P3,occurrence,p_Bs,60,8.92857142857143,168
pooled_1,P3,occurrence,p_Bs,70,8.92857142857143,168
pooled_1,P3,occurrence,p_Bs,80,8.92857142857143,168
pooled_1,P3,occurrence,p_Bs,90,8.92857142857143,168
pooled_1,P3,occurrence,p_Bs,100,8.92857142857143,168
pooled_1,P3,occurrence,p_Bs,110,8.92857142857143,168
pooled_1,P3,occurrence,p_Bs,120,8.92857142857143,168
pooled_1,P3,occurrence,p_Bs,130,8.92857142857143,168
pooled_1,P3,occurrence,p_Bs,140,8.92857142857143,168
pooled_1,P3,occurrence,p_Bs,150,8.92857142857143,168
pooled_1,P3,occurrence,p_Bs,160,9.52380952380952,168
pooled_1,P3,occurrence,p_Bs,170,9.52380952380952,168
pooled_1,P3,occurrence,p_Bs,180,8.92857142857143,168
pooled_1,P3,occurrence,p_Bs,190,8.92857142857143,168
pooled_1,P3,occurrence,p_Bs,200,8.33333333333333,168
pooled_1,P3,occurrence,p_Bs,210,8.33333333333333,168
pooled_1,P3,occurrence,p_Bs,220,8.33333333333333,168
pooled_1,P3,occurrence,p_Bs,230,8.33333333333333,168
pooled_1,P3,occurrence,p_Bs,240,8.33333333333333,168
pooled_1,P3,occurrence,p_Bs,250,8.33333333333333,168
pooled_1,PT,biomass,p_Bs,10,8.04020100502513,199
pooled_1,PT,biomass,p_Bs,20,8.04020100502513,199
pooled_1,PT,biomass,p_Bs,30,8.04020100502513,199
pooled_1,PT,biomass,p_Bs,40,8.04020100502513,199
pooled_1,PT,biomass,p_Bs,50,8.04020100502513,199
pooled_1,PT,biomass,p_Bs,60,8.04020100502513,199
pooled_1,PT,biomass,p_Bs,70,8.04020100502513,199
pooled_1,PT,biomass,p_Bs,80,8.04020100502513,199
pooled_1,PT,biomass,p_Bs,90,8.04020100502513,199
pooled_1,PT,biomass,p_Bs,100,8.04020100502513,199
pooled_1,PT,biomass,p_Bs,110,8.04020100502513,199
pooled_1,PT,biomass,p_Bs,120,7.53768844221106,199
pooled_1,PT,biomass,p_Bs,130,7.53768844221106,199
pooled_1,PT,biomass,p_Bs,140,8.04020100502513,199
pooled_1,PT,biomass,p_Bs,150,8.04020100502513,199
pooled_1,PT,biomass,p_Bs,160,8.04020100502513,199
pooled_1,PT,biomass,p_Bs,170,8.04020100502513,199
pooled_1,PT,biomass,p_Bs,180,7.53768844221106,199
pooled_1,PT,biomass,p_Bs,190,7.53768844221106,199
pooled_1,PT,biomass,p_Bs,200,6.53266331658292,199
pooled_1,PT,biomass,p_Bs,210,6.53266331658292,199
pooled_1,PT,biomass,p_Bs,220,6.53266331658292,199
pooled_1,PT,biomass,p_Bs,230,6.53266331658292,199
pooled_1,PT,biomass,p_Bs,240,6.53266331658292,199
pooled_1,PT,biomass,p_Bs,250,6.53266331658292,199
pooled_1,PT,occurrence,p_Bs,10,11.0552763819095,199
pooled_1,PT,occurrence,p_Bs,20,11.0552763819095,199
pooled_1,PT,occurrence,p_Bs,30,11.0552763819095,199
pooled_1,PT,occurrence,p_Bs,40,11.0552763819095,199
pooled_1,PT,occurrence,p_Bs,50,11.0552763819095,199
pooled_1,PT,occurrence,p_Bs,60,11.0552763819095,199
pooled_1,PT,occurrence,p_Bs,70,11.0552763819095,199
pooled_1,PT,occurrence,p_Bs,80,11.0552763819095,199
pooled_1,PT,occurrence,p_Bs,90,11.0552763819095,199
pooled_1,PT,occurrence,p_Bs,100,11.0552763819095,199
pooled_1,PT,occurrence,p_Bs,110,11.0552763819095,199
pooled_1,PT,occurrence,p_Bs,120,11.0552763819095,199
pooled_1,PT,occurrence,p_Bs,130,10.5527638190955,199
pooled_1,PT,occurrence,p_Bs,140,10.5527638190955,199
pooled_1,PT,occurrence,p_Bs,150,10.5527638190955,199
pooled_1,PT,occurrence,p_Bs,160,11.0552763819095,199
pooled_1,PT,occurrence,p_Bs,170,10.5527638190955,199
pooled_1,PT,occurrence,p_Bs,180,10.5527638190955,199
pooled_1,PT,occurrence,p_Bs,190,10.5527638190955,199
pooled_1,PT,occurrence,p_Bs,200,10.5527638190955,199
pooled_1,PT,occurrence,p_Bs,210,10.5527638190955,199
pooled_1,PT,occurrence,p_Bs,220,10.0502512562814,199
pooled_1,PT,occurrence,p_Bs,230,10.0502512562814,199
pooled_1,PT,occurrence,p_Bs,240,10.0502512562814,199
pooled_1,PT,occurrence,p_Bs,250,9.54773869346734,199
pooled_1,P4,biomass,p_Bs,10,10.2564102564103,78
pooled_1,P4,biomass,p_Bs,20,10.2564102564103,78
pooled_1,P4,biomass,p_Bs,30,10.2564102564103,78
pooled_1,P4,biomass,p_Bs,40,10.2564102564103,78
pooled_1,P4,biomass,p_Bs,50,10.2564102564103,78
pooled_1,P4,biomass,p_Bs,60,10.2564102564103,78
pooled_1,P4,biomass,p_Bs,70,10.2564102564103,78
pooled_1,P4,biomass,p_Bs,80,10.2564102564103,78
pooled_1,P4,biomass,p_Bs,90,10.2564102564103,78
pooled_1,P4,biomass,p_Bs,100,10.2564102564103,78
pooled_1,P4,biomass,p_Bs,110,10.2564102564103,78
pooled_1,P4,biomass,p_Bs,120,10.2564102564103,78
pooled_1,P4,biomass,p_Bs,130,10.2564102564103,78
pooled_1,P4,biomass,p_Bs,140,10.2564102564103,78
pooled_1,P4,biomass,p_Bs,150,10.2564102564103,78
pooled_1,P4,biomass,p_Bs,160,10.2564102564103,78
pooled_1,P4,biomass,p_Bs,170,10.2564102564103,78
pooled_1,P4,biomass,p_Bs,180,10.2564102564103,78
pooled_1,P4,biomass,p_Bs,190,10.2564102564103,78
pooled_1,P4,biomass,p_Bs,200,10.2564102564103,78
pooled_1,P4,biomass,p_Bs,210,10.2564102564103,78
pooled_1,P4,biomass,p_Bs,220,10.2564102564103,78
pooled_1,P4,biomass,p_Bs,230,10.2564102564103,78
pooled_1,P4,biomass,p_Bs,240,10.2564102564103,78
pooled_1,P4,biomass,p_Bs,250,10.2564102564103,78
pooled_1,P4,occurrence,p_Bs,10,11.5384615384615,78
pooled_1,P4,occurrence,p_Bs,20,11.5384615384615,78
pooled_1,P4,occurrence,p_Bs,30,11.5384615384615,78
pooled_1,P4,occurrence,p_Bs,40,11.5384615384615,78
pooled_1,P4,occurrence,p_Bs,50,11.5384615384615,78
pooled_1,P4,occurrence,p_Bs,60,10.2564102564103,78
pooled_1,P4,occurrence,p_Bs,70,10.2564102564103,78
pooled_1,P4,occurrence,p_Bs,80,10.2564102564103,78
pooled_1,P4,occurrence,p_Bs,90,10.2564102564103,78
pooled_1,P4,occurrence,p_Bs,100,10.2564102564103,78
pooled_1,P4,occurrence,p_Bs,110,10.2564102564103,78
pooled_1,P4,occurrence,p_Bs,120,10.2564102564103,78
pooled_1,P4,occurrence,p_Bs,130,10.2564102564103,78
pooled_1,P4,occurrence,p_Bs,140,10.2564102564103,78
pooled_1,P4,occurrence,p_Bs,150,10.2564102564103,78
pooled_1,P4,occurrence,p_Bs,160,10.2564102564103,78
pooled_1,P4,occurrence,p_Bs,170,10.2564102564103,78
pooled_1,P4,occurrence,p_Bs,180,10.2564102564103,78
pooled_1,P4,occurrence,p_Bs,190,10.2564102564103,78
pooled_1,P4,occurrence,p_Bs,200,10.2564102564103,78
pooled_1,P4,occurrence,p_Bs,210,10.2564102564103,78
pooled_1,P4,occurrence,p_Bs,220,10.2564102564103,78
pooled_1,P4,occurrence,p_Bs,230,10.2564102564103,78
pooled_1,P4,occurrence,p_Bs,240,10.2564102564103,78
pooled_1,P4,occurrence,p_Bs,250,10.2564102564103,78
pooled_1,P2,biomass,p_Bs,10,6.38297872340426,47
pooled_1,P2,biomass,p_Bs,20,6.38297872340426,47
pooled_1,P2,biomass,p_Bs,30,6.38297872340426,47
pooled_1,P2,biomass,p_Bs,40,6.38297872340426,47
pooled_1,P2,biomass,p_Bs,50,6.38297872340426,47
pooled_1,P2,biomass,p_Bs,60,6.38297872340426,47
pooled_1,P2,biomass,p_Bs,70,6.38297872340426,47
pooled_1,P2,biomass,p_Bs,80,6.38297872340426,47
pooled_1,P2,biomass,p_Bs,90,6.38297872340426,47
pooled_1,P2,biomass,p_Bs,100,6.38297872340426,47
pooled_1,P2,biomass,p_Bs,110,6.38297872340426,47
pooled_1,P2,biomass,p_Bs,120,6.38297872340426,47
pooled_1,P2,biomass,p_Bs,130,6.38297872340426,47
pooled_1,P2,biomass,p_Bs,140,6.38297872340426,47
pooled_1,P2,biomass,p_Bs,150,6.38297872340426,47
pooled_1,P2,biomass,p_Bs,160,6.38297872340426,47
pooled_1,P2,biomass,p_Bs,170,6.38297872340426,47
pooled_1,P2,biomass,p_Bs,180,6.38297872340426,47
pooled_1,P2,biomass,p_Bs,190,6.38297872340426,47
pooled_1,P2,biomass,p_Bs,200,6.38297872340426,47
pooled_1,P2,biomass,p_Bs,210,6.38297872340426,47
pooled_1,P2,biomass,p_Bs,220,6.38297872340426,47
pooled_1,P2,biomass,p_Bs,230,6.38297872340426,47
pooled_1,P2,biomass,p_Bs,240,6.38297872340426,47
pooled_1,P2,biomass,p_Bs,250,6.38297872340426,47
pooled_1,P2,occurrence,p_Bs,10,8.51063829787234,47
pooled_1,P2,occurrence,p_Bs,20,8.51063829787234,47
pooled_1,P2,occurrence,p_Bs,30,8.51063829787234,47
pooled_1,P2,occurrence,p_Bs,40,8.51063829787234,47
pooled_1,P2,occurrence,p_Bs,50,8.51063829787234,47
pooled_1,P2,occurrence,p_Bs,60,8.51063829787234,47
pooled_1,P2,occurrence,p_Bs,70,8.51063829787234,47
pooled_1,P2,occurrence,p_Bs,80,8.51063829787234,47
pooled_1,P2,occurrence,p_Bs,90,8.51063829787234,47
pooled_1,P2,occurrence,p_Bs,100,8.51063829787234,47
pooled_1,P2,occurrence,p_Bs,110,8.51063829787234,47
pooled_1,P2,occurrence,p_Bs,120,8.51063829787234,47
pooled_1,P2,occurrence,p_Bs,130,8.51063829787234,47
pooled_1,P2,occurrence,p_Bs,140,8.51063829787234,47
pooled_1,P2,occurrence,p_Bs,150,8.51063829787234,47
pooled_1,P2,occurrence,p_Bs,160,8.51063829787234,47
pooled_1,P2,occurrence,p_Bs,170,8.51063829787234,47
pooled_1,P2,occurrence,p_Bs,180,8.51063829787234,47
pooled_1,P2,occurrence,p_Bs,190,8.51063829787234,47
pooled_1,P2,occurrence,p_Bs,200,8.51063829787234,47
pooled_1,P2,occurrence,p_Bs,210,8.51063829787234,47
pooled_1,P2,occurrence,p_Bs,220,8.51063829787234,47
pooled_1,P2,occurrence,p_Bs,230,8.51063829787234,47
pooled_1,P2,occurrence,p_Bs,240,8.51063829787234,47
pooled_1,P2,occurrence,p_Bs,250,6.38297872340426,47
per_predator,P1,biomass,p_Bs,10,5.36912751677852,149
per_predator,P1,biomass,p_Bs,20,6.04026845637584,149
per_predator,P1,biomass,p_Bs,30,6.71140939597315,149
per_predator,P1,biomass,p_Bs,40,6.71140939597315,149
per_predator,P1,biomass,p_Bs,50,6.04026845637584,149
per_predator,P1,biomass,p_Bs,60,6.71140939597315,149
per_predator,P1,biomass,p_Bs,70,6.04026845637584,149
per_predator,P1,biomass,p_Bs,80,6.04026845637584,149
per_predator,P1,biomass,p_Bs,90,6.04026845637584,149
per_predator,P1,biomass,p_Bs,100,6.04026845637584,149
per_predator,P1,biomass,p_Bs,110,5.36912751677852,149
per_predator,P1,biomass,p_Bs,120,5.36912751677852,149
per_predator,P1,biomass,p_Bs,130,5.36912751677852,149
per_predator,P1,biomass,p_Bs,140,5.40540540540541,148
per_predator,P1,biomass,p_Bs,150,4.79452054794521,146
per_predator,P1,biomass,p_Bs,160,4.79452054794521,146
per_predator,P1,biomass,p_Bs,170,4.10958904109589,146
per_predator,P1,biomass,p_Bs,180,4.10958904109589,146
per_predator,P1,biomass,p_Bs,190,3.42465753424658,146
per_predator,P1,biomass,p_Bs,200,4.16666666666667,144
per_predator,P1,biomass,p_Bs,210,3.4965034965035,143
per_predator,P1,biomass,p_Bs,220,3.57142857142857,140
per_predator,P1,biomass,p_Bs,230,3.57142857142857,140
per_predator,P1,biomass,p_Bs,240,3.57142857142857,140
per_predator,P1,biomass,p_Bs,250,3.57142857142857,140
per_predator,P1,occurrence,p_Bs,10,9.39597315436242,149
per_predator,P1,occurrence,p_Bs,20,9.39597315436242,149
per_predator,P1,occurrence,p_Bs,30,9.39597315436242,149
per_predator,P1,occurrence,p_Bs,40,9.39597315436242,149
per_predator,P1,occurrence,p_Bs,50,8.05369127516778,149
per_predator,P1,occurrence,p_Bs,60,8.05369127516778,149
per_predator,P1,occurrence,p_Bs,70,8.7248322147651,149
per_predator,P1,occurrence,p_Bs,80,9.39597315436242,149
per_predator,P1,occurrence,p_Bs,90,10.738255033557,149
per_predator,P1,occurrence,p_Bs,100,10.0671140939597,149
per_predator,P1,occurrence,p_Bs,110,9.39597315436242,149
per_predator,P1,occurrence,p_Bs,120,8.7248322147651,149
per_predator,P1,occurrence,p_Bs,130,8.7248322147651,149
per_predator,P1,occurrence,p_Bs,140,9.45945945945946,148
per_predator,P1,occurrence,p_Bs,150,8.9041095890411,146
per_predator,P1,occurrence,p_Bs,160,9.58904109589041,146
per_predator,P1,occurrence,p_Bs,170,9.58904109589041,146
per_predator,P1,occurrence,p_Bs,180,10.958904109589,146
per_predator,P1,occurrence,p_Bs,190,8.9041095890411,146
per_predator,P1,occurrence,p_Bs,200,9.72222222222222,144
per_predator,P1,occurrence,p_Bs,210,8.39160839160839,143
per_predator,P1,occurrence,p_Bs,220,7.14285714285714,140
per_predator,P1,occurrence,p_Bs,230,7.14285714285714,140
per_predator,P1,occurrence,p_Bs,240,7.14285714285714,140
per_predator,P1,occurrence,p_Bs,250,7.85714285714286,140
per_predator,P3,biomass,p_Bs,10,3.57142857142857,168
per_predator,P3,biomass,p_Bs,20,3.57142857142857,168
per_predator,P3,biomass,p_Bs,30,3.57142857142857,168
per_predator,P3,biomass,p_Bs,40,2.97619047619048,168
per_predator,P3,biomass,p_Bs,50,2.97619047619048,168
per_predator,P3,biomass,p_Bs,60,3.57142857142857,168
per_predator,P3,biomass,p_Bs,70,2.97619047619048,168
per_predator,P3,biomass,p_Bs,80,3.57142857142857,168
per_predator,P3,biomass,p_Bs,90,4.16666666666667,168
per_predator,P3,biomass,p_Bs,100,3.57142857142857,168
per_predator,P3,biomass,p_Bs,110,3.57142857142857,168
per_predator,P3,biomass,p_Bs,120,3.57142857142857,168
per_predator,P3,biomass,p_Bs,130,3.57142857142857,168
per_predator,P3,biomass,p_Bs,140,2.97619047619048,168
per_predator,P3,biomass,p_Bs,150,2.40963855421687,166
per_predator,P3,biomass,p_Bs,160,2.40963855421687,166
per_predator,P3,biomass,p_Bs,170,2.40963855421687,166
per_predator,P3,biomass,p_Bs,180,2.40963855421687,166
per_predator,P3,biomass,p_Bs,190,1.80722891566265,166
per_predator,P3,biomass,p_Bs,200,2.4390243902439,164
per_predator,P3,biomass,p_Bs,210,1.82926829268293,164
per_predator,P3,biomass,p_Bs,220,1.86335403726708,161
per_predator,P3,biomass,p_Bs,230,1.86335403726708,161
per_predator,P3,biomass,p_Bs,240,1.86335403726708,161
per_predator,P3,biomass,p_Bs,250,2.48447204968944,161
per_predator,P3,occurrence,p_Bs,10,8.92857142857143,168
per_predator,P3,occurrence,p_Bs,20,8.92857142857143,168
per_predator,P3,occurrence,p_Bs,30,8.33333333333333,168
per_predator,P3,occurrence,p_Bs,40,8.33333333333333,168
per_predator,P3,occurrence,p_Bs,50,8.33333333333333,168
per_predator,P3,occurrence,p_Bs,60,8.33333333333333,168
per_predator,P3,occurrence,p_Bs,70,8.92857142857143,168
per_predator,P3,occurrence,p_Bs,80,8.33333333333333,168
per_predator,P3,occurrence,p_Bs,90,9.52380952380952,168
per_predator,P3,occurrence,p_Bs,100,9.52380952380952,168
per_predator,P3,occurrence,p_Bs,110,8.33333333333333,168
per_predator,P3,occurrence,p_Bs,120,7.73809523809524,168
per_predator,P3,occurrence,p_Bs,130,7.73809523809524,168
per_predator,P3,occurrence,p_Bs,140,7.73809523809524,168
per_predator,P3,occurrence,p_Bs,150,7.2289156626506,166
per_predator,P3,occurrence,p_Bs,160,7.2289156626506,166
per_predator,P3,occurrence,p_Bs,170,6.62650602409639,166
per_predator,P3,occurrence,p_Bs,180,8.43373493975904,166
per_predator,P3,occurrence,p_Bs,190,7.2289156626506,166
per_predator,P3,occurrence,p_Bs,200,8.53658536585366,164
per_predator,P3,occurrence,p_Bs,210,7.31707317073171,164
per_predator,P3,occurrence,p_Bs,220,6.83229813664596,161
per_predator,P3,occurrence,p_Bs,230,6.83229813664596,161
per_predator,P3,occurrence,p_Bs,240,6.2111801242236,161
per_predator,P3,occurrence,p_Bs,250,6.2111801242236,161
per_predator,PT,biomass,p_Bs,10,7.10659898477157,197
per_predator,PT,biomass,p_Bs,20,9.64467005076142,197
per_predator,PT,biomass,p_Bs,30,9.64467005076142,197
per_predator,PT,biomass,p_Bs,40,10.6598984771574,197
per_predator,PT,biomass,p_Bs,50,11.1675126903553,197
per_predator,PT,biomass,p_Bs,60,11.6751269035533,197
per_predator,PT,biomass,p_Bs,70,12.6903553299492,197
per_predator,PT,biomass,p_Bs,80,12.6903553299492,197
per_predator,PT,biomass,p_Bs,90,12.7551020408163,196
per_predator,PT,biomass,p_Bs,100,12.7551020408163,196
per_predator,PT,biomass,p_Bs,110,12.3076923076923,195
per_predator,PT,biomass,p_Bs,120,11.7948717948718,195
per_predator,PT,biomass,p_Bs,130,11.2820512820513,195
per_predator,PT,biomass,p_Bs,140,11.340206185567,194
per_predator,PT,biomass,p_Bs,150,10.9947643979058,191
per_predator,PT,biomass,p_Bs,160,10.9947643979058,191
per_predator,PT,biomass,p_Bs,170,10.4712041884817,191
per_predator,PT,biomass,p_Bs,180,9.94764397905759,191
per_predator,PT,biomass,p_Bs,190,10.4712041884817,191
per_predator,PT,biomass,p_Bs,200,10.5263157894737,190
per_predator,PT,biomass,p_Bs,210,11.1111111111111,189
per_predator,PT,biomass,p_Bs,220,10.2702702702703,185
per_predator,PT,biomass,p_Bs,230,10.2702702702703,185
per_predator,PT,biomass,p_Bs,240,9.72972972972973,185
per_predator,PT,biomass,p_Bs,250,9.2896174863388,183
per_predator,PT,occurrence,p_Bs,10,10.6598984771574,197
per_predator,PT,occurrence,p_Bs,20,9.64467005076142,197
per_predator,PT,occurrence,p_Bs,30,10.1522842639594,197
per_predator,PT,occurrence,p_Bs,40,11.1675126903553,197
per_predator,PT,occurrence,p_Bs,50,10.6598984771574,197
per_predator,PT,occurrence,p_Bs,60,11.1675126903553,197
per_predator,PT,occurrence,p_Bs,70,11.1675126903553,197
per_predator,PT,occurrence,p_Bs,80,10.6598984771574,197
per_predator,PT,occurrence,p_Bs,90,10.7142857142857,196
per_predator,PT,occurrence,p_Bs,100,12.7551020408163,196
per_predator,PT,occurrence,p_Bs,110,13.3333333333333,195
per_predator,PT,occurrence,p_Bs,120,13.8461538461538,195
per_predator,PT,occurrence,p_Bs,130,13.3333333333333,195
per_predator,PT,occurrence,p_Bs,140,13.9175257731959,194
per_predator,PT,occurrence,p_Bs,150,14.1361256544503,191
per_predator,PT,occurrence,p_Bs,160,13.6125654450262,191
per_predator,PT,occurrence,p_Bs,170,13.0890052356021,191
per_predator,PT,occurrence,p_Bs,180,13.6125654450262,191
per_predator,PT,occurrence,p_Bs,190,13.6125654450262,191
per_predator,PT,occurrence,p_Bs,200,13.6842105263158,190
per_predator,PT,occurrence,p_Bs,210,13.7566137566138,189
per_predator,PT,occurrence,p_Bs,220,12.4324324324324,185
per_predator,PT,occurrence,p_Bs,230,12.4324324324324,185
per_predator,PT,occurrence,p_Bs,240,11.8918918918919,185
per_predator,PT,occurrence,p_Bs,250,12.0218579234973,183
per_predator,P4,biomass,p_Bs,10,12.8205128205128,78
per_predator,P4,biomass,p_Bs,20,12.8205128205128,78
per_predator,P4,biomass,p_Bs,30,12.8205128205128,78
per_predator,P4,biomass,p_Bs,40,12.8205128205128,78
per_predator,P4,biomass,p_Bs,50,12.8205128205128,78
per_predator,P4,biomass,p_Bs,60,12.8205128205128,78
per_predator,P4,biomass,p_Bs,70,12.8205128205128,78
per_predator,P4,biomass,p_Bs,80,12.8205128205128,78
per_predator,P4,biomass,p_Bs,90,12.8205128205128,78
per_predator,P4,biomass,p_Bs,100,14.1025641025641,78
per_predator,P4,biomass,p_Bs,110,12.8205128205128,78
per_predator,P4,biomass,p_Bs,120,11.5384615384615,78
per_predator,P4,biomass,p_Bs,130,10.2564102564103,78
per_predator,P4,biomass,p_Bs,140,10.2564102564103,78
per_predator,P4,biomass,p_Bs,150,9.21052631578947,76
per_predator,P4,biomass,p_Bs,160,9.21052631578947,76
per_predator,P4,biomass,p_Bs,170,9.21052631578947,76
per_predator,P4,biomass,p_Bs,180,8,75
per_predator,P4,biomass,p_Bs,190,8,75
per_predator,P4,biomass,p_Bs,200,8,75
per_predator,P4,biomass,p_Bs,210,8,75
per_predator,P4,biomass,p_Bs,220,8.21917808219178,73
per_predator,P4,biomass,p_Bs,230,8.21917808219178,73
per_predator,P4,biomass,p_Bs,240,8.21917808219178,73
per_predator,P4,biomass,p_Bs,250,8.33333333333333,72
per_predator,P4,occurrence,p_Bs,10,11.5384615384615,78
per_predator,P4,occurrence,p_Bs,20,11.5384615384615,78
per_predator,P4,occurrence,p_Bs,30,11.5384615384615,78
per_predator,P4,occurrence,p_Bs,40,11.5384615384615,78
per_predator,P4,occurrence,p_Bs,50,11.5384615384615,78
per_predator,P4,occurrence,p_Bs,60,10.2564102564103,78
per_predator,P4,occurrence,p_Bs,70,10.2564102564103,78
per_predator,P4,occurrence,p_Bs,80,10.2564102564103,78
per_predator,P4,occurrence,p_Bs,90,10.2564102564103,78
per_predator,P4,occurrence,p_Bs,100,10.2564102564103,78
per_predator,P4,occurrence,p_Bs,110,10.2564102564103,78
per_predator,P4,occurrence,p_Bs,120,8.97435897435897,78
per_predator,P4,occurrence,p_Bs,130,8.97435897435897,78
per_predator,P4,occurrence,p_Bs,140,8.97435897435897,78
per_predator,P4,occurrence,p_Bs,150,9.21052631578947,76
per_predator,P4,occurrence,p_Bs,160,9.21052631578947,76
per_predator,P4,occurrence,p_Bs,170,9.21052631578947,76
per_predator,P4,occurrence,p_Bs,180,10.6666666666667,75
per_predator,P4,occurrence,p_Bs,190,10.6666666666667,75
per_predator,P4,occurrence,p_Bs,200,9.33333333333333,75
per_predator,P4,occurrence,p_Bs,210,9.33333333333333,75
per_predator,P4,occurrence,p_Bs,220,10.958904109589,73
per_predator,P4,occurrence,p_Bs,230,10.958904109589,73
per_predator,P4,occurrence,p_Bs,240,12.3287671232877,73
per_predator,P4,occurrence,p_Bs,250,11.1111111111111,72
per_predator,P2,biomass,p_Bs,10,6.38297872340426,47
per_predator,P2,biomass,p_Bs,20,6.38297872340426,47
per_predator,P2,biomass,p_Bs,30,4.25531914893617,47
per_predator,P2,biomass,p_Bs,40,4.25531914893617,47
per_predator,P2,biomass,p_Bs,50,4.25531914893617,47
per_predator,P2,biomass,p_Bs,60,4.25531914893617,47
per_predator,P2,biomass,p_Bs,70,6.38297872340426,47
per_predator,P2,biomass,p_Bs,80,6.38297872340426,47
per_predator,P2,biomass,p_Bs,90,6.38297872340426,47
per_predator,P2,biomass,p_Bs,100,6.52173913043478,46
per_predator,P2,biomass,p_Bs,110,6.52173913043478,46
per_predator,P2,biomass,p_Bs,120,6.52173913043478,46
per_predator,P2,biomass,p_Bs,130,6.52173913043478,46
per_predator,P2,biomass,p_Bs,140,6.52173913043478,46
per_predator,P2,biomass,p_Bs,150,6.52173913043478,46
per_predator,P2,biomass,p_Bs,160,6.52173913043478,46
per_predator,P2,biomass,p_Bs,170,6.52173913043478,46
per_predator,P2,biomass,p_Bs,180,4.34782608695652,46
per_predator,P2,biomass,p_Bs,190,4.34782608695652,46
per_predator,P2,biomass,p_Bs,200,4.34782608695652,46
per_predator,P2,biomass,p_Bs,210,4.34782608695652,46
per_predator,P2,biomass,p_Bs,220,4.44444444444444,45
per_predator,P2,biomass,p_Bs,230,4.44444444444444,45
per_predator,P2,biomass,p_Bs,240,4.44444444444444,45
per_predator,P2,biomass,p_Bs,250,4.54545454545455,44
per_predator,P2,occurrence,p_Bs,10,4.25531914893617,47
per_predator,P2,occurrence,p_Bs,20,4.25531914893617,47
per_predator,P2,occurrence,p_Bs,30,6.38297872340426,47
per_predator,P2,occurrence,p_Bs,40,6.38297872340426,47
per_predator,P2,occurrence,p_Bs,50,6.38297872340426,47
per_predator,P2,occurrence,p_Bs,60,8.51063829787234,47
per_predator,P2,occurrence,p_Bs,70,8.51063829787234,47
per_predator,P2,occurrence,p_Bs,80,8.51063829787234,47
per_predator,P2,occurrence,p_Bs,90,8.51063829787234,47
per_predator,P2,occurrence,p_Bs,100,8.69565217391304,46
per_predator,P2,occurrence,p_Bs,110,8.69565217391304,46
per_predator,P2,occurrence,p_Bs,120,8.69565217391304,46
per_predator,P2,occurrence,p_Bs,130,8.69565217391304,46
per_predator,P2,occurrence,p_Bs,140,8.69565217391304,46
per_predator,P2,occurrence,p_Bs,150,8.69565217391304,46
per_predator,P2,occurrence,p_Bs,160,8.69565217391304,46
per_predator,P2,occurrence,p_Bs,170,6.52173913043478,46
per_predator,P2,occurrence,p_Bs,180,6.52173913043478,46
per_predator,P2,occurrence,p_Bs,190,6.52173913043478,46
per_predator,P2,occurrence,p_Bs,200,6.52173913043478,46
per_predator,P2,occurrence,p_Bs,210,6.52173913043478,46
per_predator,P2,occurrence,p_Bs,220,4.44444444444444,45
per_predator,P2,occurrence,p_Bs,230,4.44444444444444,45
per_predator,P2,occurrence,p_Bs,240,4.44444444444444,45
per_predator,P2,occurrence,p_Bs,250,4.54545454545455,44
pooled_2,P1,biomass,p_disp,10,6.71140939597315,149
pooled_2,P1,biomass,p_disp,20,6.71140939597315,149
pooled_2,P1,biomass,p_disp,30,6.71140939597315,149
pooled_2,P1,biomass,p_disp,40,8.05369127516778,149
pooled_2,P1,biomass,p_disp,50,6.71140939597315,149
pooled_2,P1,biomass,p_disp,60,6.71140939597315,149
pooled_2,P1,biomass,p_disp,70,6.71140939597315,149
pooled_2,P1,biomass,p_disp,80,6.71140939597315,149
pooled_2,P1,biomass,p_disp,90,8.05369127516778,149
pooled_2,P1,biomass,p_disp,100,6.04026845637584,149
pooled_2,P1,biomass,p_disp,110,6.71140939597315,149
pooled_2,P1,biomass,p_disp,120,6.04026845637584,149
pooled_2,P1,biomass,p_disp,130,7.38255033557047,149
pooled_2,P1,biomass,p_disp,140,6.04026845637584,149
pooled_2,P1,biomass,p_disp,150,6.71140939597315,149
pooled_2,P1,biomass,p_disp,160,7.38255033557047,149
pooled_2,P1,biomass,p_disp,170,6.71140939597315,149
pooled_2,P1,biomass,p_disp,180,7.38255033557047,149
pooled_2,P1,biomass,p_disp,190,6.04026845637584,149
pooled_2,P1,biomass,p_disp,200,6.71140939597315,149
pooled_2,P1,biomass,p_disp,210,6.71140939597315,149
pooled_2,P1,biomass,p_disp,220,6.71140939597315,149
pooled_2,P1,biomass,p_disp,230,6.71140939597315,149
pooled_2,P1,biomass,p_disp,240,7.38255033557047,149
pooled_2,P1,biomass,p_disp,250,6.71140939597315,149
pooled_2,P1,occurrence,p_disp,10,4.69798657718121,149
pooled_2,P1,occurrence,p_disp,20,4.69798657718121,149
pooled_2,P1,occurrence,p_disp,30,4.69798657718121,149
pooled_2,P1,occurrence,p_disp,40,4.69798657718121,149
pooled_2,P1,occurrence,p_disp,50,4.69798657718121,149
pooled_2,P1,occurrence,p_disp,60,4.69798657718121,149
pooled_2,P1,occurrence,p_disp,70,4.69798657718121,149
pooled_2,P1,occurrence,p_disp,80,4.69798657718121,149
pooled_2,P1,occurrence,p_disp,90,4.69798657718121,149
pooled_2,P1,occurrence,p_disp,100,4.69798657718121,149
pooled_2,P1,occurrence,p_disp,110,4.69798657718121,149
pooled_2,P1,occurrence,p_disp,120,4.02684563758389,149
pooled_2,P1,occurrence,p_disp,130,4.02684563758389,149
pooled_2,P1,occurrence,p_disp,140,4.02684563758389,149
pooled_2,P1,occurrence,p_disp,150,4.69798657718121,149
pooled_2,P1,occurrence,p_disp,160,4.02684563758389,149
pooled_2,P1,occurrence,p_disp,170,3.35570469798658,149
pooled_2,P1,occurrence,p_disp,180,4.69798657718121,149
pooled_2,P1,occurrence,p_disp,190,4.69798657718121,149
pooled_2,P1,occurrence,p_disp,200,5.36912751677852,149
pooled_2,P1,occurrence,p_disp,210,5.36912751677852,149
pooled_2,P1,occurrence,p_disp,220,4.69798657718121,149
pooled_2,P1,occurrence,p_disp,230,4.69798657718121,149
pooled_2,P1,occurrence,p_disp,240,4.69798657718121,149
pooled_2,P1,occurrence,p_disp,250,4.69798657718121,149
pooled_2,P3,biomass,p_disp,10,8.33333333333333,168
pooled_2,P3,biomass,p_disp,20,7.73809523809524,168
pooled_2,P3,biomass,p_disp,30,7.14285714285714,168
pooled_2,P3,biomass,p_disp,40,7.14285714285714,168
pooled_2,P3,biomass,p_disp,50,7.73809523809524,168
pooled_2,P3,biomass,p_disp,60,7.14285714285714,168
pooled_2,P3,biomass,p_disp,70,7.14285714285714,168
pooled_2,P3,biomass,p_disp,80,6.54761904761905,168
pooled_2,P3,biomass,p_disp,90,7.14285714285714,168
pooled_2,P3,biomass,p_disp,100,7.14285714285714,168
pooled_2,P3,biomass,p_disp,110,7.14285714285714,168
pooled_2,P3,biomass,p_disp,120,7.14285714285714,168
pooled_2,P3,biomass,p_disp,130,8.33333333333333,168
pooled_2,P3,biomass,p_disp,140,8.92857142857143,168
pooled_2,P3,biomass,p_disp,150,8.33333333333333,168
pooled_2,P3,biomass,p_disp,160,8.92857142857143,168
pooled_2,P3,biomass,p_disp,170,8.33333333333333,168
pooled_2,P3,biomass,p_disp,180,9.52380952380952,168
pooled_2,P3,biomass,p_disp,190,7.73809523809524,168
pooled_2,P3,biomass,p_disp,200,8.33333333333333,168
pooled_2,P3,biomass,p_disp,210,8.92857142857143,168
pooled_2,P3,biomass,p_disp,220,7.73809523809524,168
pooled_2,P3,biomass,p_disp,230,8.33333333333333,168
pooled_2,P3,biomass,p_disp,240,8.92857142857143,168
pooled_2,P3,biomass,p_disp,250,8.92857142857143,168
pooled_2,P3,occurrence,p_disp,10,5.95238095238095,168
pooled_2,P3,occurrence,p_disp,20,5.35714285714286,168
pooled_2,P3,occurrence,p_disp,30,5.35714285714286,168
pooled_2,P3,occurrence,p_disp,40,5.35714285714286,168
pooled_2,P3,occurrence,p_disp,50,5.95238095238095,168
pooled_2,P3,occurrence,p_disp,60,5.35714285714286,168
pooled_2,P3,occurrence,p_disp,70,5.35714285714286,168
pooled_2,P3,occurrence,p_disp,80,5.95238095238095,168
pooled_2,P3,occurrence,p_disp,90,5.35714285714286,168
pooled_2,P3,occurrence,p_disp,100,5.35714285714286,168
pooled_2,P3,occurrence,p_disp,110,5.95238095238095,168
pooled_2,P3,occurrence,p_disp,120,5.35714285714286,168
pooled_2,P3,occurrence,p_disp,130,5.95238095238095,168
pooled_2,P3,occurrence,p_disp,140,5.95238095238095,168
pooled_2,P3,occurrence,p_disp,150,5.95238095238095,168
pooled_2,P3,occurrence,p_disp,160,5.95238095238095,168
pooled_2,P3,occurrence,p_disp,170,5.95238095238095,168
pooled_2,P3,occurrence,p_disp,180,5.95238095238095,168
pooled_2,P3,occurrence,p_disp,190,5.95238095238095,168
pooled_2,P3,occurrence,p_disp,200,5.95238095238095,168
pooled_2,P3,occurrence,p_disp,210,5.95238095238095,168
pooled_2,P3,occurrence,p_disp,220,5.95238095238095,168
pooled_2,P3,occurrence,p_disp,230,5.95238095238095,168
pooled_2,P3,occurrence,p_disp,240,5.95238095238095,168
pooled_2,P3,occurrence,p_disp,250,5.95238095238095,168
pooled_2,PT,biomass,p_disp,10,7.53768844221106,199
pooled_2,PT,biomass,p_disp,20,7.03517587939699,199
pooled_2,PT,biomass,p_disp,30,7.03517587939699,199
pooled_2,PT,biomass,p_disp,40,8.04020100502513,199
pooled_2,PT,biomass,p_disp,50,7.03517587939699,199
pooled_2,PT,biomass,p_disp,60,6.03015075376884,199
pooled_2,PT,biomass,p_disp,70,6.03015075376884,199
pooled_2,PT,biomass,p_disp,80,6.03015075376884,199
pooled_2,PT,biomass,p_disp,90,6.53266331658292,199
pooled_2,PT,biomass,p_disp,100,6.53266331658292,199
pooled_2,PT,biomass,p_disp,110,6.03015075376884,199
pooled_2,PT,biomass,p_disp,120,6.53266331658292,199
pooled_2,PT,biomass,p_disp,130,6.03015075376884,199
pooled_2,PT,biomass,p_disp,140,6.03015075376884,199
pooled_2,PT,biomass,p_disp,150,6.03015075376884,199
pooled_2,PT,biomass,p_disp,160,7.03517587939699,199
pooled_2,PT,biomass,p_disp,170,6.53266331658292,199
pooled_2,PT,biomass,p_disp,180,6.03015075376884,199
pooled_2,PT,biomass,p_disp,190,7.53768844221106,199
pooled_2,PT,biomass,p_disp,200,5.52763819095477,199
pooled_2,PT,biomass,p_disp,210,6.03015075376884,199
pooled_2,PT,biomass,p_disp,220,6.03015075376884,199
pooled_2,PT,biomass,p_disp,230,5.52763819095477,199
pooled_2,PT,biomass,p_disp,240,6.53266331658292,199
pooled_2,PT,biomass,p_disp,250,5.52763819095477,199
pooled_2,PT,occurrence,p_disp,10,13.0653266331658,199
pooled_2,PT,occurrence,p_disp,20,12.0603015075377,199
pooled_2,PT,occurrence,p_disp,30,12.5628140703518,199
pooled_2,PT,occurrence,p_disp,40,13.5678391959799,199
pooled_2,PT,occurrence,p_disp,50,11.5577889447236,199
pooled_2,PT,occurrence,p_disp,60,12.0603015075377,199
pooled_2,PT,occurrence,p_disp,70,11.5577889447236,199
pooled_2,PT,occurrence,p_disp,80,12.0603015075377,199
pooled_2,PT,occurrence,p_disp,90,12.0603015075377,199
pooled_2,PT,occurrence,p_disp,100,12.0603015075377,199
pooled_2,PT,occurrence,p_disp,110,12.0603015075377,199
pooled_2,PT,occurrence,p_disp,120,11.5577889447236,199
pooled_2,PT,occurrence,p_disp,130,11.5577889447236,199
pooled_2,PT,occurrence,p_disp,140,12.0603015075377,199
pooled_2,PT,occurrence,p_disp,150,11.5577889447236,199
pooled_2,PT,occurrence,p_disp,160,11.5577889447236,199
pooled_2,PT,occurrence,p_disp,170,12.0603015075377,199
pooled_2,PT,occurrence,p_disp,180,11.0552763819095,199
pooled_2,PT,occurrence,p_disp,190,10.5527638190955,199
pooled_2,PT,occurrence,p_disp,200,11.5577889447236,199
pooled_2,PT,occurrence,p_disp,210,11.5577889447236,199
pooled_2,PT,occurrence,p_disp,220,11.0552763819095,199
pooled_2,PT,occurrence,p_disp,230,11.5577889447236,199
pooled_2,PT,occurrence,p_disp,240,11.0552763819095,199
pooled_2,PT,occurrence,p_disp,250,11.5577889447236,199
pooled_2,P4,biomass,p_disp,10,2.56410256410256,78
pooled_2,P4,biomass,p_disp,20,2.56410256410256,78
pooled_2,P4,biomass,p_disp,30,2.56410256410256,78
pooled_2,P4,biomass,p_disp,40,2.56410256410256,78
pooled_2,P4,biomass,p_disp,50,2.56410256410256,78
pooled_2,P4,biomass,p_disp,60,1.28205128205128,78
pooled_2,P4,biomass,p_disp,70,2.56410256410256,78
pooled_2,P4,biomass,p_disp,80,2.56410256410256,78
pooled_2,P4,biomass,p_disp,90,2.56410256410256,78
pooled_2,P4,biomass,p_disp,100,1.28205128205128,78
pooled_2,P4,biomass,p_disp,110,1.28205128205128,78
pooled_2,P4,biomass,p_disp,120,1.28205128205128,78
pooled_2,P4,biomass,p_disp,130,5.12820512820513,78
pooled_2,P4,biomass,p_disp,140,3.84615384615385,78
pooled_2,P4,biomass,p_disp,150,2.56410256410256,78
pooled_2,P4,biomass,p_disp,160,2.56410256410256,78
pooled_2,P4,biomass,p_disp,170,3.84615384615385,78
pooled_2,P4,biomass,p_disp,180,2.56410256410256,78
pooled_2,P4,biomass,p_disp,190,2.56410256410256,78
pooled_2,P4,biomass,p_disp,200,3.84615384615385,78
pooled_2,P4,biomass,p_disp,210,3.84615384615385,78
pooled_2,P4,biomass,p_disp,220,3.84615384615385,78
pooled_2,P4,biomass,p_disp,230,5.12820512820513,78
pooled_2,P4,biomass,p_disp,240,3.84615384615385,78
pooled_2,P4,biomass,p_disp,250,5.12820512820513,78
pooled_2,P4,occurrence,p_disp,10,2.56410256410256,78
pooled_2,P4,occurrence,p_disp,20,2.56410256410256,78
pooled_2,P4,occurrence,p_disp,30,3.84615384615385,78
pooled_2,P4,occurrence,p_disp,40,3.84615384615385,78
pooled_2,P4,occurrence,p_disp,50,3.84615384615385,78
pooled_2,P4,occurrence,p_disp,60,3.84615384615385,78
pooled_2,P4,occurrence,p_disp,70,5.12820512820513,78
pooled_2,P4,occurrence,p_disp,80,5.12820512820513,78
pooled_2,P4,occurrence,p_disp,90,5.12820512820513,78
pooled_2,P4,occurrence,p_disp,100,2.56410256410256,78
pooled_2,P4,occurrence,p_disp,110,2.56410256410256,78
pooled_2,P4,occurrence,p_disp,120,2.56410256410256,78
pooled_2,P4,occurrence,p_disp,130,2.56410256410256,78
pooled_2,P4,occurrence,p_disp,140,3.84615384615385,78
pooled_2,P4,occurrence,p_disp,150,2.56410256410256,78
pooled_2,P4,occurrence,p_disp,160,2.56410256410256,78
pooled_2,P4,occurrence,p_disp,170,3.84615384615385,78
pooled_2,P4,occurrence,p_disp,180,3.84615384615385,78
pooled_2,P4,occurrence,p_disp,190,3.84615384615385,78
pooled_2,P4,occurrence,p_disp,200,3.84615384615385,78
pooled_2,P4,occurrence,p_disp,210,3.84615384615385,78
pooled_2,P4,occurrence,p_disp,220,3.84615384615385,78
pooled_2,P4,occurrence,p_disp,230,3.84615384615385,78
pooled_2,P4,occurrence,p_disp,240,3.84615384615385,78
pooled_2,P4,occurrence,p_disp,250,3.84615384615385,78
pooled_2,P2,biomass,p_disp,10,6.38297872340426,47
pooled_2,P2,biomass,p_disp,20,8.51063829787234,47
pooled_2,P2,biomass,p_disp,30,8.51063829787234,47
pooled_2,P2,biomass,p_disp,40,8.51063829787234,47
pooled_2,P2,biomass,p_disp,50,8.51063829787234,47
pooled_2,P2,biomass,p_disp,60,10.6382978723404,47
pooled_2,P2,biomass,p_disp,70,10.6382978723404,47
pooled_2,P2,biomass,p_disp,80,10.6382978723404,47
pooled_2,P2,biomass,p_disp,90,10.6382978723404,47
pooled_2,P2,biomass,p_disp,100,8.51063829787234,47
pooled_2,P2,biomass,p_disp,110,8.51063829787234,47
pooled_2,P2,biomass,p_disp,120,8.51063829787234,47
pooled_2,P2,biomass,p_disp,130,8.51063829787234,47
pooled_2,P2,biomass,p_disp,140,8.51063829787234,47
pooled_2,P2,biomass,p_disp,150,10.6382978723404,47
pooled_2,P2,biomass,p_disp,160,8.51063829787234,47
pooled_2,P2,biomass,p_disp,170,6.38297872340426,47
pooled_2,P2,biomass,p_disp,180,6.38297872340426,47
pooled_2,P2,biomass,p_disp,190,6.38297872340426,47
pooled_2,P2,biomass,p_disp,200,6.38297872340426,47
pooled_2,P2,biomass,p_disp,210,6.38297872340426,47
pooled_2,P2,biomass,p_disp,220,6.38297872340426,47
pooled_2,P2,biomass,p_disp,230,6.38297872340426,47
pooled_2,P2,biomass,p_disp,240,6.38297872340426,47
pooled_2,P2,biomass,p_disp,250,6.38297872340426,47
pooled_2,P2,occurrence,p_disp,10,6.38297872340426,47
pooled_2,P2,occurrence,p_disp,20,8.51063829787234,47
pooled_2,P2,occurrence,p_disp,30,6.38297872340426,47
pooled_2,P2,occurrence,p_disp,40,6.38297872340426,47
pooled_2,P2,occurrence,p_disp,50,8.51063829787234,47
pooled_2,P2,occurrence,p_disp,60,6.38297872340426,47
pooled_2,P2,occurrence,p_disp,70,8.51063829787234,47
pooled_2,P2,occurrence,p_disp,80,8.51063829787234,47
pooled_2,P2,occurrence,p_disp,90,8.51063829787234,47
pooled_2,P2,occurrence,p_disp,100,6.38297872340426,47
pooled_2,P2,occurrence,p_disp,110,6.38297872340426,47
pooled_2,P2,occurrence,p_disp,120,6.38297872340426,47
pooled_2,P2,occurrence,p_disp,130,6.38297872340426,47
pooled_2,P2,occurrence,p_disp,140,6.38297872340426,47
pooled_2,P2,occurrence,p_disp,150,6.38297872340426,47
pooled_2,P2,occurrence,p_disp,160,8.51063829787234,47
pooled_2,P2,occurrence,p_disp,170,6.38297872340426,47
pooled_2,P2,occurrence,p_disp,180,6.38297872340426,47
pooled_2,P2,occurrence,p_disp,190,8.51063829787234,47
pooled_2,P2,occurrence,p_disp,200,8.51063829787234,47
pooled_2,P2,occurrence,p_disp,210,6.38297872340426,47
pooled_2,P2,occurrence,p_disp,220,8.51063829787234,47
pooled_2,P2,occurrence,p_disp,230,8.51063829787234,47
pooled_2,P2,occurrence,p_disp,240,6.38297872340426,47
pooled_2,P2,occurrence,p_disp,250,10.6382978723404,47
pooled_1,P1,biomass,p_disp,10,6.04026845637584,149
pooled_1,P1,biomass,p_disp,20,6.04026845637584,149
pooled_1,P1,biomass,p_disp,30,6.04026845637584,149
pooled_1,P1,biomass,p_disp,40,7.38255033557047,149
pooled_1,P1,biomass,p_disp,50,6.04026845637584,149
pooled_1,P1,biomass,p_disp,60,6.04026845637584,149
pooled_1,P1,biomass,p_disp,70,6.04026845637584,149
pooled_1,P1,biomass,p_disp,80,6.04026845637584,149
pooled_1,P1,biomass,p_disp,90,7.38255033557047,149
pooled_1,P1,biomass,p_disp,100,5.36912751677852,149
pooled_1,P1,biomass,p_disp,110,6.04026845637584,149
pooled_1,P1,biomass,p_disp,120,5.36912751677852,149
pooled_1,P1,biomass,p_disp,130,6.71140939597315,149
pooled_1,P1,biomass,p_disp,140,5.36912751677852,149
pooled_1,P1,biomass,p_disp,150,6.04026845637584,149
pooled_1,P1,biomass,p_disp,160,7.38255033557047,149
pooled_1,P1,biomass,p_disp,170,6.71140939597315,149
pooled_1,P1,biomass,p_disp,180,7.38255033557047,149
pooled_1,P1,biomass,p_disp,190,6.04026845637584,149
pooled_1,P1,biomass,p_disp,200,7.38255033557047,149
pooled_1,P1,biomass,p_disp,210,6.71140939597315,149
pooled_1,P1,biomass,p_disp,220,6.71140939597315,149
pooled_1,P1,biomass,p_disp,230,6.71140939597315,149
pooled_1,P1,biomass,p_disp,240,7.38255033557047,149
pooled_1,P1,biomass,p_disp,250,6.71140939597315,149
pooled_1,P1,occurrence,p_disp,10,5.36912751677852,149
pooled_1,P1,occurrence,p_disp,20,4.69798657718121,149
pooled_1,P1,occurrence,p_disp,30,4.69798657718121,149
pooled_1,P1,occurrence,p_disp,40,4.69798657718121,149
pooled_1,P1,occurrence,p_disp,50,4.69798657718121,149
pooled_1,P1,occurrence,p_disp,60,4.69798657718121,149
pooled_1,P1,occurrence,p_disp,70,4.69798657718121,149
pooled_1,P1,occurrence,p_disp,80,4.69798657718121,149
pooled_1,P1,occurrence,p_disp,90,4.69798657718121,149
pooled_1,P1,occurrence,p_disp,100,4.69798657718121,149
pooled_1,P1,occurrence,p_disp,110,4.69798657718121,149
pooled_1,P1,occurrence,p_disp,120,4.02684563758389,149
pooled_1,P1,occurrence,p_disp,130,4.02684563758389,149
pooled_1,P1,occurrence,p_disp,140,4.02684563758389,149
pooled_1,P1,occurrence,p_disp,150,4.02684563758389,149
pooled_1,P1,occurrence,p_disp,160,4.02684563758389,149
pooled_1,P1,occurrence,p_disp,170,3.35570469798658,149
pooled_1,P1,occurrence,p_disp,180,4.69798657718121,149
pooled_1,P1,occurrence,p_disp,190,4.69798657718121,149
pooled_1,P1,occurrence,p_disp,200,5.36912751677852,149
pooled_1,P1,occurrence,p_disp,210,5.36912751677852,149
pooled_1,P1,occurrence,p_disp,220,4.69798657718121,149
pooled_1,P1,occurrence,p_disp,230,4.69798657718121,149
pooled_1,P1,occurrence,p_disp,240,4.69798657718121,149
pooled_1,P1,occurrence,p_disp,250,4.69798657718121,149
pooled_1,P3,biomass,p_disp,10,8.33333333333333,168
pooled_1,P3,biomass,p_disp,20,7.73809523809524,168
pooled_1,P3,biomass,p_disp,30,7.14285714285714,168
pooled_1,P3,biomass,p_disp,40,7.73809523809524,168
pooled_1,P3,biomass,p_disp,50,7.73809523809524,168
pooled_1,P3,biomass,p_disp,60,7.14285714285714,168
pooled_1,P3,biomass,p_disp,70,7.14285714285714,168
pooled_1,P3,biomass,p_disp,80,6.54761904761905,168
pooled_1,P3,biomass,p_disp,90,7.14285714285714,168
pooled_1,P3,biomass,p_disp,100,7.14285714285714,168
pooled_1,P3,biomass,p_disp,110,7.14285714285714,168
pooled_1,P3,biomass,p_disp,120,7.14285714285714,168
pooled_1,P3,biomass,p_disp,130,7.73809523809524,168
pooled_1,P3,biomass,p_disp,140,8.33333333333333,168
pooled_1,P3,biomass,p_disp,150,7.73809523809524,168
pooled_1,P3,biomass,p_disp,160,8.92857142857143,168
pooled_1,P3,biomass,p_disp,170,8.92857142857143,168
pooled_1,P3,biomass,p_disp,180,9.52380952380952,168
pooled_1,P3,biomass,p_disp,190,7.73809523809524,168
pooled_1,P3,biomass,p_disp,200,8.33333333333333,168
pooled_1,P3,biomass,p_disp,210,8.92857142857143,168
pooled_1,P3,biomass,p_disp,220,7.73809523809524,168
pooled_1,P3,biomass,p_disp,230,8.33333333333333,168
pooled_1,P3,biomass,p_disp,240,8.92857142857143,168
pooled_1,P3,biomass,p_disp,250,8.92857142857143,168
pooled_1,P3,occurrence,p_disp,10,5.35714285714286,168
pooled_1,P3,occurrence,p_disp,20,5.35714285714286,168
pooled_1,P3,occurrence,p_disp,30,5.35714285714286,168
pooled_1,P3,occurrence,p_disp,40,5.35714285714286,168
pooled_1,P3,occurrence,p_disp,50,5.35714285714286,168
pooled_1,P3,occurrence,p_disp,60,5.35714285714286,168
pooled_1,P3,occurrence,p_disp,70,5.35714285714286,168
pooled_1,P3,occurrence,p_disp,80,5.35714285714286,168
pooled_1,P3,occurrence,p_disp,90,5.35714285714286,168
pooled_1,P3,occurrence,p_disp,100,5.35714285714286,168
pooled_1,P3,occurrence,p_disp,110,5.35714285714286,168
pooled_1,P3,occurrence,p_disp,120,5.35714285714286,168
pooled_1,P3,occurrence,p_disp,130,5.35714285714286,168
pooled_1,P3,occurrence,p_disp,140,5.35714285714286,168
pooled_1,P3,occurrence,p_disp,150,5.35714285714286,168
pooled_1,P3,occurrence,p_disp,160,5.95238095238095,168
pooled_1,P3,occurrence,p_disp,170,5.35714285714286,168
pooled_1,P3,occurrence,p_disp,180,5.35714285714286,168
pooled_1,P3,occurrence,p_disp,190,5.95238095238095,168
pooled_1,P3,occurrence,p_disp,200,5.95238095238095,168
pooled_1,P3,occurrence,p_disp,210,5.95238095238095,168
pooled_1,P3,occurrence,p_disp,220,5.95238095238095,168
pooled_1,P3,occurrence,p_disp,230,5.95238095238095,168
pooled_1,P3,occurrence,p_disp,240,5.95238095238095,168
pooled_1,P3,occurrence,p_disp,250,5.95238095238095,168
pooled_1,PT,biomass,p_disp,10,8.04020100502513,199
pooled_1,PT,biomass,p_disp,20,7.53768844221106,199
pooled_1,PT,biomass,p_disp,30,7.53768844221106,199
pooled_1,PT,biomass,p_disp,40,8.5427135678392,199
pooled_1,PT,biomass,p_disp,50,7.03517587939699,199
pooled_1,PT,biomass,p_disp,60,6.53266331658292,199
pooled_1,PT,biomass,p_disp,70,6.03015075376884,199
pooled_1,PT,biomass,p_disp,80,6.03015075376884,199
pooled_1,PT,biomass,p_disp,90,7.03517587939699,199
pooled_1,PT,biomass,p_disp,100,6.53266331658292,199
pooled_1,PT,biomass,p_disp,110,6.03015075376884,199
pooled_1,PT,biomass,p_disp,120,6.53266331658292,199
pooled_1,PT,biomass,p_disp,130,6.53266331658292,199
pooled_1,PT,biomass,p_disp,140,6.03015075376884,199
pooled_1,PT,biomass,p_disp,150,6.03015075376884,199
pooled_1,PT,biomass,p_disp,160,6.53266331658292,199
pooled_1,PT,biomass,p_disp,170,6.53266331658292,199
pooled_1,PT,biomass,p_disp,180,6.03015075376884,199
pooled_1,PT,biomass,p_disp,190,7.53768844221106,199
pooled_1,PT,biomass,p_disp,200,6.03015075376884,199
pooled_1,PT,biomass,p_disp,210,6.03015075376884,199
pooled_1,PT,biomass,p_disp,220,6.53266331658292,199
pooled_1,PT,biomass,p_disp,230,5.52763819095477,199
pooled_1,PT,biomass,p_disp,240,6.03015075376884,199
pooled_1,PT,biomass,p_disp,250,5.52763819095477,199
pooled_1,PT,occurrence,p_disp,10,13.0653266331658,199
pooled_1,PT,occurrence,p_disp,20,12.5628140703518,199
pooled_1,PT,occurrence,p_disp,30,12.5628140703518,199
pooled_1,PT,occurrence,p_disp,40,13.0653266331658,199
pooled_1,PT,occurrence,p_disp,50,12.0603015075377,199
pooled_1,PT,occurrence,p_disp,60,12.0603015075377,199
pooled_1,PT,occurrence,p_disp,70,11.0552763819095,199
pooled_1,PT,occurrence,p_disp,80,11.0552763819095,199
pooled_1,PT,occurrence,p_disp,90,11.5577889447236,199
pooled_1,PT,occurrence,p_disp,100,11.5577889447236,199
pooled_1,PT,occurrence,p_disp,110,11.5577889447236,199
pooled_1,PT,occurrence,p_disp,120,11.5577889447236,199
pooled_1,PT,occurrence,p_disp,130,11.5577889447236,199
pooled_1,PT,occurrence,p_disp,140,12.0603015075377,199
pooled_1,PT,occurrence,p_disp,150,11.0552763819095,199
pooled_1,PT,occurrence,p_disp,160,11.5577889447236,199
pooled_1,PT,occurrence,p_disp,170,12.0603015075377,199
pooled_1,PT,occurrence,p_disp,180,11.0552763819095,199
pooled_1,PT,occurrence,p_disp,190,10.5527638190955,199
pooled_1,PT,occurrence,p_disp,200,11.0552763819095,199
pooled_1,PT,occurrence,p_disp,210,11.0552763819095,199
pooled_1,PT,occurrence,p_disp,220,10.5527638190955,199
pooled_1,PT,occurrence,p_disp,230,11.0552763819095,199
pooled_1,PT,occurrence,p_disp,240,11.0552763819095,199
pooled_1,PT,occurrence,p_disp,250,11.0552763819095,199
pooled_1,P4,biomass,p_disp,10,2.56410256410256,78
pooled_1,P4,biomass,p_disp,20,2.56410256410256,78
pooled_1,P4,biomass,p_disp,30,2.56410256410256,78
pooled_1,P4,biomass,p_disp,40,2.56410256410256,78
pooled_1,P4,biomass,p_disp,50,2.56410256410256,78
pooled_1,P4,biomass,p_disp,60,1.28205128205128,78
pooled_1,P4,biomass,p_disp,70,2.56410256410256,78
pooled_1,P4,biomass,p_disp,80,2.56410256410256,78
pooled_1,P4,biomass,p_disp,90,2.56410256410256,78
pooled_1,P4,biomass,p_disp,100,1.28205128205128,78
pooled_1,P4,biomass,p_disp,110,1.28205128205128,78
pooled_1,P4,biomass,p_disp,120,1.28205128205128,78
pooled_1,P4,biomass,p_disp,130,5.12820512820513,78
pooled_1,P4,biomass,p_disp,140,3.84615384615385,78
pooled_1,P4,biomass,p_disp,150,2.56410256410256,78
pooled_1,P4,biomass,p_disp,160,2.56410256410256,78
pooled_1,P4,biomass,p_disp,170,3.84615384615385,78
pooled_1,P4,biomass,p_disp,180,2.56410256410256,78
pooled_1,P4,biomass,p_disp,190,2.56410256410256,78
pooled_1,P4,biomass,p_disp,200,3.84615384615385,78
pooled_1,P4,biomass,p_disp,210,3.84615384615385,78
pooled_1,P4,biomass,p_disp,220,3.84615384615385,78
pooled_1,P4,biomass,p_disp,230,5.12820512820513,78
pooled_1,P4,biomass,p_disp,240,3.84615384615385,78
pooled_1,P4,biomass,p_disp,250,5.12820512820513,78
pooled_1,P4,occurrence,p_disp,10,2.56410256410256,78
pooled_1,P4,occurrence,p_disp,20,2.56410256410256,78
pooled_1,P4,occurrence,p_disp,30,3.84615384615385,78
pooled_1,P4,occurrence,p_disp,40,3.84615384615385,78
pooled_1,P4,occurrence,p_disp,50,3.84615384615385,78
pooled_1,P4,occurrence,p_disp,60,3.84615384615385,78
pooled_1,P4,occurrence,p_disp,70,5.12820512820513,78
pooled_1,P4,occurrence,p_disp,80,3.84615384615385,78
pooled_1,P4,occurrence,p_disp,90,5.12820512820513,78
pooled_1,P4,occurrence,p_disp,100,2.56410256410256,78
pooled_1,P4,occurrence,p_disp,110,2.56410256410256,78
pooled_1,P4,occurrence,p_disp,120,2.56410256410256,78
pooled_1,P4,occurrence,p_disp,130,2.56410256410256,78
pooled_1,P4,occurrence,p_disp,140,3.84615384615385,78
pooled_1,P4,occurrence,p_disp,150,2.56410256410256,78
pooled_1,P4,occurrence,p_disp,160,2.56410256410256,78
pooled_1,P4,occurrence,p_disp,170,3.84615384615385,78
pooled_1,P4,occurrence,p_disp,180,3.84615384615385,78
pooled_1,P4,occurrence,p_disp,190,3.84615384615385,78
pooled_1,P4,occurrence,p_disp,200,3.84615384615385,78
pooled_1,P4,occurrence,p_disp,210,3.84615384615385,78
pooled_1,P4,occurrence,p_disp,220,3.84615384615385,78
pooled_1,P4,occurrence,p_disp,230,3.84615384615385,78
pooled_1,P4,occurrence,p_disp,240,3.84615384615385,78
pooled_1,P4,occurrence,p_disp,250,3.84615384615385,78
pooled_1,P2,biomass,p_disp,10,6.38297872340426,47
pooled_1,P2,biomass,p_disp,20,8.51063829787234,47
pooled_1,P2,biomass,p_disp,30,8.51063829787234,47
pooled_1,P2,biomass,p_disp,40,8.51063829787234,47
pooled_1,P2,biomass,p_disp,50,8.51063829787234,47
pooled_1,P2,biomass,p_disp,60,10.6382978723404,47
pooled_1,P2,biomass,p_disp,70,10.6382978723404,47
pooled_1,P2,biomass,p_disp,80,10.6382978723404,47
pooled_1,P2,biomass,p_disp,90,10.6382978723404,47
pooled_1,P2,biomass,p_disp,100,8.51063829787234,47
pooled_1,P2,biomass,p_disp,110,8.51063829787234,47
pooled_1,P2,biomass,p_disp,120,8.51063829787234,47
pooled_1,P2,biomass,p_disp,130,8.51063829787234,47
pooled_1,P2,biomass,p_disp,140,8.51063829787234,47
pooled_1,P2,biomass,p_disp,150,10.6382978723404,47
pooled_1,P2,biomass,p_disp,160,8.51063829787234,47
pooled_1,P2,biomass,p_disp,170,6.38297872340426,47
pooled_1,P2,biomass,p_disp,180,6.38297872340426,47
pooled_1,P2,biomass,p_disp,190,6.38297872340426,47
pooled_1,P2,biomass,p_disp,200,6.38297872340426,47
pooled_1,P2,biomass,p_disp,210,6.38297872340426,47
pooled_1,P2,biomass,p_disp,220,6.38297872340426,47
pooled_1,P2,biomass,p_disp,230,6.38297872340426,47
pooled_1,P2,biomass,p_disp,240,6.38297872340426,47
pooled_1,P2,biomass,p_disp,250,6.38297872340426,47
pooled_1,P2,occurrence,p_disp,10,6.38297872340426,47
pooled_1,P2,occurrence,p_disp,20,8.51063829787234,47
pooled_1,P2,occurrence,p_disp,30,6.38297872340426,47
pooled_1,P2,occurrence,p_disp,40,6.38297872340426,47
pooled_1,P2,occurrence,p_disp,50,8.51063829787234,47
pooled_1,P2,occurrence,p_disp,60,6.38297872340426,47
pooled_1,P2,occurrence,p_disp,70,8.51063829787234,47
pooled_1,P2,occurrence,p_disp,80,8.51063829787234,47
pooled_1,P2,occurrence,p_disp,90,8.51063829787234,47
pooled_1,P2,occurrence,p_disp,100,6.38297872340426,47
pooled_1,P2,occurrence,p_disp,110,6.38297872340426,47
pooled_1,P2,occurrence,p_disp,120,6.38297872340426,47
pooled_1,P2,occurrence,p_disp,130,6.38297872340426,47
pooled_1,P2,occurrence,p_disp,140,6.38297872340426,47
pooled_1,P2,occurrence,p_disp,150,6.38297872340426,47
pooled_1,P2,occurrence,p_disp,160,8.51063829787234,47
pooled_1,P2,occurrence,p_disp,170,6.38297872340426,47
pooled_1,P2,occurrence,p_disp,180,6.38297872340426,47
pooled_1,P2,occurrence,p_disp,190,8.51063829787234,47
pooled_1,P2,occurrence,p_disp,200,8.51063829787234,47
pooled_1,P2,occurrence,p_disp,210,6.38297872340426,47
pooled_1,P2,occurrence,p_disp,220,8.51063829787234,47
pooled_1,P2,occurrence,p_disp,230,8.51063829787234,47
pooled_1,P2,occurrence,p_disp,240,6.38297872340426,47
pooled_1,P2,occurrence,p_disp,250,10.6382978723404,47
per_predator,P1,biomass,p_disp,10,5.36912751677852,149
per_predator,P1,biomass,p_disp,20,6.04026845637584,149
per_predator,P1,biomass,p_disp,30,7.38255033557047,149
per_predator,P1,biomass,p_disp,40,8.7248322147651,149
per_predator,P1,biomass,p_disp,50,8.05369127516778,149
per_predator,P1,biomass,p_disp,60,7.38255033557047,149
per_predator,P1,biomass,p_disp,70,5.36912751677852,149
per_predator,P1,biomass,p_disp,80,7.38255033557047,149
per_predator,P1,biomass,p_disp,90,7.38255033557047,149
per_predator,P1,biomass,p_disp,100,6.71140939597315,149
per_predator,P1,biomass,p_disp,110,6.04026845637584,149
per_predator,P1,biomass,p_disp,120,6.71140939597315,149
per_predator,P1,biomass,p_disp,130,6.04026845637584,149
per_predator,P1,biomass,p_disp,140,5.40540540540541,148
per_predator,P1,biomass,p_disp,150,6.84931506849315,146
per_predator,P1,biomass,p_disp,160,7.53424657534247,146
per_predator,P1,biomass,p_disp,170,7.53424657534247,146
per_predator,P1,biomass,p_disp,180,6.84931506849315,146
per_predator,P1,biomass,p_disp,190,6.16438356164384,146
per_predator,P1,biomass,p_disp,200,8.33333333333333,144
per_predator,P1,biomass,p_disp,210,8.39160839160839,143
per_predator,P1,biomass,p_disp,220,8.57142857142857,140
per_predator,P1,biomass,p_disp,230,8.57142857142857,140
per_predator,P1,biomass,p_disp,240,7.85714285714286,140
per_predator,P1,biomass,p_disp,250,9.28571428571429,140
per_predator,P1,occurrence,p_disp,10,4.69798657718121,149
per_predator,P1,occurrence,p_disp,20,4.02684563758389,149
per_predator,P1,occurrence,p_disp,30,4.02684563758389,149
per_predator,P1,occurrence,p_disp,40,4.02684563758389,149
per_predator,P1,occurrence,p_disp,50,4.02684563758389,149
per_predator,P1,occurrence,p_disp,60,5.36912751677852,149
per_predator,P1,occurrence,p_disp,70,4.69798657718121,149
per_predator,P1,occurrence,p_disp,80,4.69798657718121,149
per_predator,P1,occurrence,p_disp,90,3.35570469798658,149
per_predator,P1,occurrence,p_disp,100,4.02684563758389,149
per_predator,P1,occurrence,p_disp,110,4.02684563758389,149
per_predator,P1,occurrence,p_disp,120,3.35570469798658,149
per_predator,P1,occurrence,p_disp,130,3.35570469798658,149
per_predator,P1,occurrence,p_disp,140,3.37837837837838,148
per_predator,P1,occurrence,p_disp,150,4.10958904109589,146
per_predator,P1,occurrence,p_disp,160,4.10958904109589,146
per_predator,P1,occurrence,p_disp,170,4.79452054794521,146
per_predator,P1,occurrence,p_disp,180,4.10958904109589,146
per_predator,P1,occurrence,p_disp,190,4.79452054794521,146
per_predator,P1,occurrence,p_disp,200,4.86111111111111,144
per_predator,P1,occurrence,p_disp,210,4.8951048951049,143
per_predator,P1,occurrence,p_disp,220,5,140
per_predator,P1,occurrence,p_disp,230,4.28571428571429,140
per_predator,P1,occurrence,p_disp,240,5,140
per_predator,P1,occurrence,p_disp,250,5,140
per_predator,P3,biomass,p_disp,10,8.33333333333333,168
per_predator,P3,biomass,p_disp,20,8.92857142857143,168
per_predator,P3,biomass,p_disp,30,7.73809523809524,168
per_predator,P3,biomass,p_disp,40,7.14285714285714,168
per_predator,P3,biomass,p_disp,50,7.14285714285714,168
per_predator,P3,biomass,p_disp,60,6.54761904761905,168
per_predator,P3,biomass,p_disp,70,5.35714285714286,168
per_predator,P3,biomass,p_disp,80,4.76190476190476,168
per_predator,P3,biomass,p_disp,90,6.54761904761905,168
per_predator,P3,biomass,p_disp,100,5.95238095238095,168
per_predator,P3,biomass,p_disp,110,6.54761904761905,168
per_predator,P3,biomass,p_disp,120,4.76190476190476,168
per_predator,P3,biomass,p_disp,130,4.16666666666667,168
per_predator,P3,biomass,p_disp,140,5.35714285714286,168
per_predator,P3,biomass,p_disp,150,6.02409638554217,166
per_predator,P3,biomass,p_disp,160,6.62650602409639,166
per_predator,P3,biomass,p_disp,170,7.2289156626506,166
per_predator,P3,biomass,p_disp,180,6.62650602409639,166
per_predator,P3,biomass,p_disp,190,6.02409638554217,166
per_predator,P3,biomass,p_disp,200,7.31707317073171,164
per_predator,P3,biomass,p_disp,210,6.70731707317073,164
per_predator,P3,biomass,p_disp,220,6.83229813664596,161
per_predator,P3,biomass,p_disp,230,6.83229813664596,161
per_predator,P3,biomass,p_disp,240,6.2111801242236,161
per_predator,P3,biomass,p_disp,250,7.45341614906832,161
per_predator,P3,occurrence,p_disp,10,5.95238095238095,168
per_predator,P3,occurrence,p_disp,20,4.76190476190476,168
per_predator,P3,occurrence,p_disp,30,4.16666666666667,168
per_predator,P3,occurrence,p_disp,40,4.76190476190476,168
per_predator,P3,occurrence,p_disp,50,3.57142857142857,168
per_predator,P3,occurrence,p_disp,60,3.57142857142857,168
per_predator,P3,occurrence,p_disp,70,3.57142857142857,168
per_predator,P3,occurrence,p_disp,80,4.16666666666667,168
per_predator,P3,occurrence,p_disp,90,2.97619047619048,168
per_predator,P3,occurrence,p_disp,100,3.57142857142857,168
per_predator,P3,occurrence,p_disp,110,3.57142857142857,168
per_predator,P3,occurrence,p_disp,120,3.57142857142857,168
per_predator,P3,occurrence,p_disp,130,3.57142857142857,168
per_predator,P3,occurrence,p_disp,140,3.57142857142857,168
per_predator,P3,occurrence,p_disp,150,3.6144578313253,166
per_predator,P3,occurrence,p_disp,160,4.21686746987952,166
per_predator,P3,occurrence,p_disp,170,4.21686746987952,166
per_predator,P3,occurrence,p_disp,180,4.21686746987952,166
per_predator,P3,occurrence,p_disp,190,4.21686746987952,166
per_predator,P3,occurrence,p_disp,200,4.87804878048781,164
per_predator,P3,occurrence,p_disp,210,4.87804878048781,164
per_predator,P3,occurrence,p_disp,220,5.59006211180124,161
per_predator,P3,occurrence,p_disp,230,4.96894409937888,161
per_predator,P3,occurrence,p_disp,240,4.96894409937888,161
per_predator,P3,occurrence,p_disp,250,4.34782608695652,161
per_predator,PT,biomass,p_disp,10,6.59898477157361,197
per_predator,PT,biomass,p_disp,20,6.09137055837564,197
per_predator,PT,biomass,p_disp,30,6.09137055837564,197
per_predator,PT,biomass,p_disp,40,6.09137055837564,197
per_predator,PT,biomass,p_disp,50,6.59898477157361,197
per_predator,PT,biomass,p_disp,60,6.09137055837564,197
per_predator,PT,biomass,p_disp,70,6.59898477157361,197
per_predator,PT,biomass,p_disp,80,7.10659898477157,197
per_predator,PT,biomass,p_disp,90,6.63265306122449,196
per_predator,PT,biomass,p_disp,100,6.12244897959184,196
per_predator,PT,biomass,p_disp,110,6.66666666666667,195
per_predator,PT,biomass,p_disp,120,6.15384615384615,195
per_predator,PT,biomass,p_disp,130,6.15384615384615,195
per_predator,PT,biomass,p_disp,140,6.70103092783505,194
per_predator,PT,biomass,p_disp,150,7.32984293193717,191
per_predator,PT,biomass,p_disp,160,7.32984293193717,191
per_predator,PT,biomass,p_disp,170,6.28272251308901,191
per_predator,PT,biomass,p_disp,180,6.28272251308901,191
per_predator,PT,biomass,p_disp,190,6.28272251308901,191
per_predator,PT,biomass,p_disp,200,7.36842105263158,190
per_predator,PT,biomass,p_disp,210,6.87830687830688,189
per_predator,PT,biomass,p_disp,220,7.02702702702703,185
per_predator,PT,biomass,p_disp,230,8.10810810810811,185
per_predator,PT,biomass,p_disp,240,7.56756756756757,185
per_predator,PT,biomass,p_disp,250,6.55737704918033,183
per_predator,PT,occurrence,p_disp,10,11.6751269035533,197
per_predator,PT,occurrence,p_disp,20,10.1522842639594,197
per_predator,PT,occurrence,p_disp,30,9.13705583756345,197
per_predator,PT,occurrence,p_disp,40,8.62944162436548,197
per_predator,PT,occurrence,p_disp,50,8.12182741116751,197
per_predator,PT,occurrence,p_disp,60,7.61421319796954,197
per_predator,PT,occurrence,p_disp,70,8.12182741116751,197
per_predator,PT,occurrence,p_disp,80,10.1522842639594,197
per_predator,PT,occurrence,p_disp,90,9.69387755102041,196
per_predator,PT,occurrence,p_disp,100,7.6530612244898,196
per_predator,PT,occurrence,p_disp,110,8.71794871794872,195
per_predator,PT,occurrence,p_disp,120,9.23076923076923,195
per_predator,PT,occurrence,p_disp,130,9.23076923076923,195
per_predator,PT,occurrence,p_disp,140,9.79381443298969,194
per_predator,PT,occurrence,p_disp,150,10.9947643979058,191
per_predator,PT,occurrence,p_disp,160,9.94764397905759,191
per_predator,PT,occurrence,p_disp,170,11.5183246073298,191
per_predator,PT,occurrence,p_disp,180,10.9947643979058,191
per_predator,PT,occurrence,p_disp,190,11.5183246073298,191
per_predator,PT,occurrence,p_disp,200,10.5263157894737,190
per_predator,PT,occurrence,p_disp,210,10.5820105820106,189
per_predator,PT,occurrence,p_disp,220,10.8108108108108,185
per_predator,PT,occurrence,p_disp,230,10.2702702702703,185
per_predator,PT,occurrence,p_disp,240,11.3513513513514,185
per_predator,PT,occurrence,p_disp,250,9.83606557377049,183
per_predator,P4,biomass,p_disp,10,1.28205128205128,78
per_predator,P4,biomass,p_disp,20,0,78
per_predator,P4,biomass,p_disp,30,3.84615384615385,78
per_predator,P4,biomass,p_disp,40,3.84615384615385,78
per_predator,P4,biomass,p_disp,50,3.84615384615385,78
per_predator,P4,biomass,p_disp,60,5.12820512820513,78
per_predator,P4,biomass,p_disp,70,5.12820512820513,78
per_predator,P4,biomass,p_disp,80,6.41025641025641,78
per_predator,P4,biomass,p_disp,90,5.12820512820513,78
per_predator,P4,biomass,p_disp,100,5.12820512820513,78
per_predator,P4,biomass,p_disp,110,6.41025641025641,78
per_predator,P4,biomass,p_disp,120,6.41025641025641,78
per_predator,P4,biomass,p_disp,130,7.69230769230769,78
per_predator,P4,biomass,p_disp,140,8.97435897435897,78
per_predator,P4,biomass,p_disp,150,3.94736842105263,76
per_predator,P4,biomass,p_disp,160,3.94736842105263,76
per_predator,P4,biomass,p_disp,170,5.26315789473684,76
per_predator,P4,biomass,p_disp,180,5.33333333333333,75
per_predator,P4,biomass,p_disp,190,5.33333333333333,75
per_predator,P4,biomass,p_disp,200,4,75
per_predator,P4,biomass,p_disp,210,4,75
per_predator,P4,biomass,p_disp,220,2.73972602739726,73
per_predator,P4,biomass,p_disp,230,2.73972602739726,73
per_predator,P4,biomass,p_disp,240,2.73972602739726,73
per_predator,P4,biomass,p_disp,250,2.77777777777778,72
per_predator,P4,occurrence,p_disp,10,3.84615384615385,78
per_predator,P4,occurrence,p_disp,20,3.84615384615385,78
per_predator,P4,occurrence,p_disp,30,2.56410256410256,78
per_predator,P4,occurrence,p_disp,40,2.56410256410256,78
per_predator,P4,occurrence,p_disp,50,2.56410256410256,78
per_predator,P4,occurrence,p_disp,60,3.84615384615385,78
per_predator,P4,occurrence,p_disp,70,2.56410256410256,78
per_predator,P4,occurrence,p_disp,80,2.56410256410256,78
per_predator,P4,occurrence,p_disp,90,2.56410256410256,78
per_predator,P4,occurrence,p_disp,100,2.56410256410256,78
per_predator,P4,occurrence,p_disp,110,3.84615384615385,78
per_predator,P4,occurrence,p_disp,120,2.56410256410256,78
per_predator,P4,occurrence,p_disp,130,3.84615384615385,78
per_predator,P4,occurrence,p_disp,140,6.41025641025641,78
per_predator,P4,occurrence,p_disp,150,5.26315789473684,76
per_predator,P4,occurrence,p_disp,160,5.26315789473684,76
per_predator,P4,occurrence,p_disp,170,6.57894736842105,76
per_predator,P4,occurrence,p_disp,180,6.66666666666667,75
per_predator,P4,occurrence,p_disp,190,6.66666666666667,75
per_predator,P4,occurrence,p_disp,200,6.66666666666667,75
per_predator,P4,occurrence,p_disp,210,6.66666666666667,75
per_predator,P4,occurrence,p_disp,220,5.47945205479452,73
per_predator,P4,occurrence,p_disp,230,5.47945205479452,73
per_predator,P4,occurrence,p_disp,240,5.47945205479452,73
per_predator,P4,occurrence,p_disp,250,5.55555555555556,72
per_predator,P2,biomass,p_disp,10,6.38297872340426,47
per_predator,P2,biomass,p_disp,20,10.6382978723404,47
per_predator,P2,biomass,p_disp,30,8.51063829787234,47
per_predator,P2,biomass,p_disp,40,8.51063829787234,47
per_predator,P2,biomass,p_disp,50,8.51063829787234,47
per_predator,P2,biomass,p_disp,60,8.51063829787234,47
per_predator,P2,biomass,p_disp,70,8.51063829787234,47
per_predator,P2,biomass,p_disp,80,8.51063829787234,47
per_predator,P2,biomass,p_disp,90,8.51063829787234,47
per_predator,P2,biomass,p_disp,100,8.69565217391304,46
per_predator,P2,biomass,p_disp,110,8.69565217391304,46
per_predator,P2,biomass,p_disp,120,8.69565217391304,46
per_predator,P2,biomass,p_disp,130,8.69565217391304,46
per_predator,P2,biomass,p_disp,140,8.69565217391304,46
per_predator,P2,biomass,p_disp,150,8.69565217391304,46
per_predator,P2,biomass,p_disp,160,8.69565217391304,46
per_predator,P2,biomass,p_disp,170,6.52173913043478,46
per_predator,P2,biomass,p_disp,180,4.34782608695652,46
per_predator,P2,biomass,p_disp,190,4.34782608695652,46
per_predator,P2,biomass,p_disp,200,8.69565217391304,46
per_predator,P2,biomass,p_disp,210,4.34782608695652,46
per_predator,P2,biomass,p_disp,220,8.88888888888889,45
per_predator,P2,biomass,p_disp,230,6.66666666666667,45
per_predator,P2,biomass,p_disp,240,4.44444444444444,45
per_predator,P2,biomass,p_disp,250,6.81818181818182,44
per_predator,P2,occurrence,p_disp,10,6.38297872340426,47
per_predator,P2,occurrence,p_disp,20,6.38297872340426,47
per_predator,P2,occurrence,p_disp,30,4.25531914893617,47
per_predator,P2,occurrence,p_disp,40,4.25531914893617,47
per_predator,P2,occurrence,p_disp,50,2.12765957446809,47
per_predator,P2,occurrence,p_disp,60,2.12765957446809,47
per_predator,P2,occurrence,p_disp,70,2.12765957446809,47
per_predator,P2,occurrence,p_disp,80,2.12765957446809,47
per_predator,P2,occurrence,p_disp,90,4.25531914893617,47
per_predator,P2,occurrence,p_disp,100,4.34782608695652,46
per_predator,P2,occurrence,p_disp,110,4.34782608695652,46
per_predator,P2,occurrence,p_disp,120,4.34782608695652,46
per_predator,P2,occurrence,p_disp,130,4.34782608695652,46
per_predator,P2,occurrence,p_disp,140,4.34782608695652,46
per_predator,P2,occurrence,p_disp,150,4.34782608695652,46
per_predator,P2,occurrence,p_disp,160,4.34782608695652,46
per_predator,P2,occurrence,p_disp,170,2.17391304347826,46
per_predator,P2,occurrence,p_disp,180,2.17391304347826,46
per_predator,P2,occurrence,p_disp,190,2.17391304347826,46
per_predator,P2,occurrence,p_disp,200,2.17391304347826,46
per_predator,P2,occurrence,p_disp,210,2.17391304347826,46
per_predator,P2,occurrence,p_disp,220,4.44444444444444,45
per_predator,P2,occurrence,p_disp,230,4.44444444444444,45
per_predator,P2,occurrence,p_disp,240,4.44444444444444,45
per_predator,P2,occurrence,p_disp,250,4.54545454545455,44
