approach,scenario,mode,test,x_threshold,pct_sig,n_cells
pooled_2,P1,biomass,p_comp,10,35.1851851851852,54
pooled_2,P1,biomass,p_comp,20,33.3333333333333,54
pooled_2,P1,biomass,p_comp,30,31.4814814814815,54
pooled_2,P1,biomass,p_comp,40,35.1851851851852,54
pooled_2,P1,biomass,p_comp,50,31.4814814814815,54
pooled_2,P1,biomass,p_comp,60,33.3333333333333,54
pooled_2,P1,biomass,p_comp,70,33.3333333333333,54
pooled_2,P1,biomass,p_comp,80,29.6296296296296,54
pooled_2,P1,biomass,p_comp,90,33.3333333333333,54
pooled_2,P1,biomass,p_comp,100,31.4814814814815,54
pooled_2,P1,biomass,p_comp,110,29.6296296296296,54
pooled_2,P1,biomass,p_comp,120,31.4814814814815,54
pooled_2,P1,biomass,p_comp,130,33.3333333333333,54
pooled_2,P1,biomass,p_comp,140,29.6296296296296,54
pooled_2,P1,biomass,p_comp,150,31.4814814814815,54
pooled_2,P1,biomass,p_comp,160,31.4814814814815,54
pooled_2,P1,biomass,p_comp,170,31.4814814814815,54
pooled_2,P1,biomass,p_comp,180,31.4814814814815,54
pooled_2,P1,biomass,p_comp,190,31.4814814814815,54
pooled_2,P1,biomass,p_comp,200,27.7777777777778,54
pooled_2,P1,biomass,p_comp,210,27.7777777777778,54
pooled_2,P1,biomass,p_comp,220,31.4814814814815,54
pooled_2,P1,biomass,p_comp,230,31.4814814814815,54
pooled_2,P1,biomass,p_comp,240,31.4814814814815,54
pooled_2,P1,biomass,p_comp,250,29.6296296296296,54
pooled_2,P1,occurrence,p_comp,10,50,54
pooled_2,P1,occurrence,p_comp,20,50,54
pooled_2,P1,occurrence,p_comp,30,50,54
pooled_2,P1,occurrence,p_comp,40,50,54
pooled_2,P1,occurrence,p_comp,50,48.1481481481482,54
pooled_2,P1,occurrence,p_comp,60,48.1481481481482,54
pooled_2,P1,occurrence,p_comp,70,48.1481481481482,54
pooled_2,P1,occurrence,p_comp,80,48.1481481481482,54
pooled_2,P1,occurrence,p_comp,90,48.1481481481482,54
pooled_2,P1,occurrence,p_comp,100,50,54
pooled_2,P1,occurrence,p_comp,110,51.8518518518519,54
pooled_2,P1,occurrence,p_comp,120,50,54
pooled_2,P1,occurrence,p_comp,130,50,54
pooled_2,P1,occurrence,p_comp,140,50,54
pooled_2,P1,occurrence,p_comp,150,50,54
pooled_2,P1,occurrence,p_comp,160,50,54
pooled_2,P1,occurrence,p_comp,170,51.8518518518519,54
pooled_2,P1,occurrence,p_comp,180,50,54
pooled_2,P1,occurrence,p_comp,190,51.8518518518519,54
pooled_2,P1,occurrence,p_comp,200,50,54
pooled_2,P1,occurrence,p_comp,210,48.1481481481482,54
pooled_2,P1,occurrence,p_comp,220,48.1481481481482,54
pooled_2,P1,occurrence,p_comp,230,48.1481481481482,54
pooled_2,P1,occurrence,p_comp,240,48.1481481481482,54
pooled_2,P1,occurrence,p_comp,250,48.1481481481482,54
pooled_2,P3,biomass,p_comp,10,29.0909090909091,55
pooled_2,P3,biomass,p_comp,20,30.9090909090909,55
pooled_2,P3,biomass,p_comp,30,29.0909090909091,55
pooled_2,P3,biomass,p_comp,40,30.9090909090909,55
pooled_2,P3,biomass,p_comp,50,29.0909090909091,55
pooled_2,P3,biomass,p_comp,60,29.0909090909091,55
pooled_2,P3,biomass,p_comp,70,29.0909090909091,55
pooled_2,P3,biomass,p_comp,80,27.2727272727273,55
pooled_2,P3,biomass,p_comp,90,29.0909090909091,55
pooled_2,P3,biomass,p_comp,100,29.0909090909091,55
pooled_2,P3,biomass,p_comp,110,30.9090909090909,55
pooled_2,P3,biomass,p_comp,120,29.0909090909091,55
pooled_2,P3,biomass,p_comp,130,30.9090909090909,55
pooled_2,P3,biomass,p_comp,140,30.9090909090909,55
pooled_2,P3,biomass,p_comp,150,29.0909090909091,55
pooled_2,P3,biomass,p_comp,160,29.0909090909091,55
pooled_2,P3,biomass,p_comp,170,29.0909090909091,55
pooled_2,P3,biomass,p_comp,180,30.9090909090909,55
pooled_2,P3,biomass,p_comp,190,32.7272727272727,55
pooled_2,P3,biomass,p_comp,200,29.0909090909091,55
pooled_2,P3,biomass,p_comp,210,27.2727272727273,55
pooled_2,P3,biomass,p_comp,220,29.0909090909091,55
pooled_2,P3,biomass,p_comp,230,29.0909090909091,55
pooled_2,P3,biomass,p_comp,240,29.0909090909091,55
pooled_2,P3,biomass,p_comp,250,29.0909090909091,55
pooled_2,P3,occurrence,p_comp,10,47.2727272727273,55
pooled_2,P3,occurrence,p_comp,20,43.6363636363636,55
pooled_2,P3,occurrence,p_comp,30,47.2727272727273,55
pooled_2,P3,occurrence,p_comp,40,45.4545454545455,55
pooled_2,P3,occurrence,p_comp,50,41.8181818181818,55
pooled_2,P3,occurrence,p_comp,60,45.4545454545455,55
pooled_2,P3,occurrence,p_comp,70,41.8181818181818,55
pooled_2,P3,occurrence,p_comp,80,41.8181818181818,55
pooled_2,P3,occurrence,p_comp,90,41.8181818181818,55
pooled_2,P3,occurrence,p_comp,100,43.6363636363636,55
pooled_2,P3,occurrence,p_comp,110,45.4545454545455,55
pooled_2,P3,occurrence,p_comp,120,43.6363636363636,55
pooled_2,P3,occurrence,p_comp,130,43.6363636363636,55
pooled_2,P3,occurrence,p_comp,140,43.6363636363636,55
pooled_2,P3,occurrence,p_comp,150,45.4545454545455,55
pooled_2,P3,occurrence,p_comp,160,43.6363636363636,55
pooled_2,P3,occurrence,p_comp,170,43.6363636363636,55
pooled_2,P3,occurrence,p_comp,180,45.4545454545455,55
pooled_2,P3,occurrence,p_comp,190,47.2727272727273,55
pooled_2,P3,occurrence,p_comp,200,41.8181818181818,55
pooled_2,P3,occurrence,p_comp,210,43.6363636363636,55
pooled_2,P3,occurrence,p_comp,220,41.8181818181818,55
pooled_2,P3,occurrence,p_comp,230,43.6363636363636,55
pooled_2,P3,occurrence,p_comp,240,43.6363636363636,55
pooled_2,P3,occurrence,p_comp,250,41.8181818181818,55
pooled_2,PT,biomass,p_comp,10,91.5254237288136,59
pooled_2,PT,biomass,p_comp,20,89.8305084745763,59
pooled_2,PT,biomass,p_comp,30,89.8305084745763,59
pooled_2,PT,biomass,p_comp,40,89.8305084745763,59
pooled_2,PT,biomass,p_comp,50,88.135593220339,59
pooled_2,PT,biomass,p_comp,60,89.8305084745763,59
pooled_2,PT,biomass,p_comp,70,89.8305084745763,59
pooled_2,PT,biomass,p_comp,80,88.135593220339,59
pooled_2,PT,biomass,p_comp,90,88.135593220339,59
pooled_2,PT,biomass,p_comp,100,89.8305084745763,59
pooled_2,PT,biomass,p_comp,110,89.8305084745763,59
pooled_2,PT,biomass,p_comp,120,88.135593220339,59
pooled_2,PT,biomass,p_comp,130,89.8305084745763,59
pooled_2,PT,biomass,p_comp,140,89.8305084745763,59
pooled_2,PT,biomass,p_comp,150,89.8305084745763,59
pooled_2,PT,biomass,p_comp,160,86.4406779661017,59
pooled_2,PT,biomass,p_comp,170,88.135593220339,59
pooled_2,PT,biomass,p_comp,180,88.135593220339,59
pooled_2,PT,biomass,p_comp,190,86.4406779661017,59
pooled_2,PT,biomass,p_comp,200,84.7457627118644,59
pooled_2,PT,biomass,p_comp,210,84.7457627118644,59
pooled_2,PT,biomass,p_comp,220,88.135593220339,59
pooled_2,PT,biomass,p_comp,230,83.0508474576271,59
pooled_2,PT,biomass,p_comp,240,83.0508474576271,59
pooled_2,PT,biomass,p_comp,250,83.0508474576271,59
pooled_2,PT,occurrence,p_comp,10,91.5254237288136,59
pooled_2,PT,occurrence,p_comp,20,91.5254237288136,59
pooled_2,PT,occurrence,p_comp,30,91.5254237288136,59
pooled_2,PT,occurrence,p_comp,40,91.5254237288136,59
pooled_2,PT,occurrence,p_comp,50,91.5254237288136,59
pooled_2,PT,occurrence,p_comp,60,91.5254237288136,59
pooled_2,PT,occurrence,p_comp,70,91.5254237288136,59
pooled_2,PT,occurrence,p_comp,80,91.5254237288136,59
pooled_2,PT,occurrence,p_comp,90,91.5254237288136,59
pooled_2,PT,occurrence,p_comp,100,91.5254237288136,59
pooled_2,PT,occurrence,p_comp,110,91.5254237288136,59
pooled_2,PT,occurrence,p_comp,120,91.5254237288136,59
pooled_2,PT,occurrence,p_comp,130,91.5254237288136,59
pooled_2,PT,occurrence,p_comp,140,91.5254237288136,59
pooled_2,PT,occurrence,p_comp,150,91.5254237288136,59
pooled_2,PT,occurrence,p_comp,160,89.8305084745763,59
pooled_2,PT,occurrence,p_comp,170,89.8305084745763,59
pooled_2,PT,occurrence,p_comp,180,89.8305084745763,59
pooled_2,PT,occurrence,p_comp,190,89.8305084745763,59
pooled_2,PT,occurrence,p_comp,200,89.8305084745763,59
pooled_2,PT,occurrence,p_comp,210,89.8305084745763,59
pooled_2,PT,occurrence,p_comp,220,89.8305084745763,59
pooled_2,PT,occurrence,p_comp,230,89.8305084745763,59
pooled_2,PT,occurrence,p_comp,240,89.8305084745763,59
pooled_2,PT,occurrence,p_comp,250,89.8305084745763,59
pooled_2,P4,biomass,p_comp,10,86.5384615384616,52
pooled_2,P4,biomass,p_comp,20,88.4615384615385,52
pooled_2,P4,biomass,p_comp,30,88.4615384615385,52
pooled_2,P4,biomass,p_comp,40,88.4615384615385,52
pooled_2,P4,biomass,p_comp,50,82.6923076923077,52
pooled_2,P4,biomass,p_comp,60,82.6923076923077,52
pooled_2,P4,biomass,p_comp,70,82.6923076923077,52
pooled_2,P4,biomass,p_comp,80,82.6923076923077,52
pooled_2,P4,biomass,p_comp,90,84.6153846153846,52
pooled_2,P4,biomass,p_comp,100,82.6923076923077,52
pooled_2,P4,biomass,p_comp,110,80.7692307692308,52
pooled_2,P4,biomass,p_comp,120,82.6923076923077,52
pooled_2,P4,biomass,p_comp,130,80.7692307692308,52
pooled_2,P4,biomass,p_comp,140,80.7692307692308,52
pooled_2,P4,biomass,p_comp,150,80.7692307692308,52
pooled_2,P4,biomass,p_comp,160,80.7692307692308,52
pooled_2,P4,biomass,p_comp,170,80.7692307692308,52
pooled_2,P4,biomass,p_comp,180,80.7692307692308,52
pooled_2,P4,biomass,p_comp,190,80.7692307692308,52
pooled_2,P4,biomass,p_comp,200,80.7692307692308,52
pooled_2,P4,biomass,p_comp,210,80.7692307692308,52
pooled_2,P4,biomass,p_comp,220,82.6923076923077,52
pooled_2,P4,biomass,p_comp,230,80.7692307692308,52
pooled_2,P4,biomass,p_comp,240,80.7692307692308,52
pooled_2,P4,biomass,p_comp,250,80.7692307692308,52
pooled_2,P4,occurrence,p_comp,10,88.4615384615385,52
pooled_2,P4,occurrence,p_comp,20,90.3846153846154,52
pooled_2,P4,occurrence,p_comp,30,88.4615384615385,52
pooled_2,P4,occurrence,p_comp,40,90.3846153846154,52
pooled_2,P4,occurrence,p_comp,50,88.4615384615385,52
pooled_2,P4,occurrence,p_comp,60,86.5384615384616,52
pooled_2,P4,occurrence,p_comp,70,88.4615384615385,52
pooled_2,P4,occurrence,p_comp,80,86.5384615384616,52
pooled_2,P4,occurrence,p_comp,90,86.5384615384616,52
pooled_2,P4,occurrence,p_comp,100,86.5384615384616,52
pooled_2,P4,occurrence,p_comp,110,86.5384615384616,52
pooled_2,P4,occurrence,p_comp,120,86.5384615384616,52
pooled_2,P4,occurrence,p_comp,130,88.4615384615385,52
pooled_2,P4,occurrence,p_comp,140,86.5384615384616,52
pooled_2,P4,occurrence,p_comp,150,86.5384615384616,52
pooled_2,P4,occurrence,p_comp,160,86.5384615384616,52
pooled_2,P4,occurrence,p_comp,170,86.5384615384616,52
pooled_2,P4,occurrence,p_comp,180,86.5384615384616,52
pooled_2,P4,occurrence,p_comp,190,86.5384615384616,52
pooled_2,P4,occurrence,p_comp,200,86.5384615384616,52
pooled_2,P4,occurrence,p_comp,210,86.5384615384616,52
pooled_2,P4,occurrence,p_comp,220,86.5384615384616,52
pooled_2,P4,occurrence,p_comp,230,86.5384615384616,52
pooled_2,P4,occurrence,p_comp,240,86.5384615384616,52
pooled_2,P4,occurrence,p_comp,250,86.5384615384616,52
pooled_2,P2,biomass,p_comp,10,19.6078431372549,51
pooled_2,P2,biomass,p_comp,20,19.6078431372549,51
pooled_2,P2,biomass,p_comp,30,21.5686274509804,51
pooled_2,P2,biomass,p_comp,40,19.6078431372549,51
pooled_2,P2,biomass,p_comp,50,19.6078431372549,51
pooled_2,P2,biomass,p_comp,60,23.5294117647059,51
pooled_2,P2,biomass,p_comp,70,23.5294117647059,51
pooled_2,P2,biomass,p_comp,80,23.5294117647059,51
pooled_2,P2,biomass,p_comp,90,21.5686274509804,51
pooled_2,P2,biomass,p_comp,100,21.5686274509804,51
pooled_2,P2,biomass,p_comp,110,21.5686274509804,51
pooled_2,P2,biomass,p_comp,120,19.6078431372549,51
pooled_2,P2,biomass,p_comp,130,19.6078431372549,51
pooled_2,P2,biomass,p_comp,140,21.5686274509804,51
pooled_2,P2,biomass,p_comp,150,21.5686274509804,51
pooled_2,P2,biomass,p_comp,160,23.5294117647059,51
pooled_2,P2,biomass,p_comp,170,21.5686274509804,51
pooled_2,P2,biomass,p_comp,180,21.5686274509804,51
pooled_2,P2,biomass,p_comp,190,21.5686274509804,51
pooled_2,P2,biomass,p_comp,200,21.5686274509804,51
pooled_2,P2,biomass,p_comp,210,21.5686274509804,51
pooled_2,P2,biomass,p_comp,220,23.5294117647059,51
pooled_2,P2,biomass,p_comp,230,21.5686274509804,51
pooled_2,P2,biomass,p_comp,240,21.5686274509804,51
pooled_2,P2,biomass,p_comp,250,21.5686274509804,51
pooled_2,P2,occurrence,p_comp,10,21.5686274509804,51
pooled_2,P2,occurrence,p_comp,20,19.6078431372549,51
pooled_2,P2,occurrence,p_comp,30,19.6078431372549,51
pooled_2,P2,occurrence,p_comp,40,19.6078431372549,51
pooled_2,P2,occurrence,p_comp,50,17.6470588235294,51
pooled_2,P2,occurrence,p_comp,60,21.5686274509804,51
pooled_2,P2,occurrence,p_comp,70,19.6078431372549,51
pooled_2,P2,occurrence,p_comp,80,21.5686274509804,51
pooled_2,P2,occurrence,p_comp,90,23.5294117647059,51
pooled_2,P2,occurrence,p_comp,100,19.6078431372549,51
pooled_2,P2,occurrence,p_comp,110,15.6862745098039,51
pooled_2,P2,occurrence,p_comp,120,21.5686274509804,51
pooled_2,P2,occurrence,p_comp,130,21.5686274509804,51
pooled_2,P2,occurrence,p_comp,140,19.6078431372549,51
pooled_2,P2,occurrence,p_comp,150,23.5294117647059,51
pooled_2,P2,occurrence,p_comp,160,19.6078431372549,51
pooled_2,P2,occurrence,p_comp,170,19.6078431372549,51
pooled_2,P2,occurrence,p_comp,180,19.6078431372549,51
pooled_2,P2,occurrence,p_comp,190,19.6078431372549,51
pooled_2,P2,occurrence,p_comp,200,19.6078431372549,51
pooled_2,P2,occurrence,p_comp,210,21.5686274509804,51
pooled_2,P2,occurrence,p_comp,220,15.6862745098039,51
pooled_2,P2,occurrence,p_comp,230,17.6470588235294,51
pooled_2,P2,occurrence,p_comp,240,19.6078431372549,51
pooled_2,P2,occurrence,p_comp,250,23.5294117647059,51
pooled_1,P1,biomass,p_comp,10,35.1851851851852,54
pooled_1,P1,biomass,p_comp,20,35.1851851851852,54
pooled_1,P1,biomass,p_comp,30,33.3333333333333,54
pooled_1,P1,biomass,p_comp,40,33.3333333333333,54
pooled_1,P1,biomass,p_comp,50,33.3333333333333,54
pooled_1,P1,biomass,p_comp,60,33.3333333333333,54
pooled_1,P1,biomass,p_comp,70,35.1851851851852,54
pooled_1,P1,biomass,p_comp,80,31.4814814814815,54
pooled_1,P1,biomass,p_comp,90,33.3333333333333,54
pooled_1,P1,biomass,p_comp,100,33.3333333333333,54
pooled_1,P1,biomass,p_comp,110,31.4814814814815,54
pooled_1,P1,biomass,p_comp,120,33.3333333333333,54
pooled_1,P1,biomass,p_comp,130,33.3333333333333,54
pooled_1,P1,biomass,p_comp,140,31.4814814814815,54
pooled_1,P1,biomass,p_comp,150,33.3333333333333,54
pooled_1,P1,biomass,p_comp,160,33.3333333333333,54
pooled_1,P1,biomass,p_comp,170,33.3333333333333,54
pooled_1,P1,biomass,p_comp,180,29.6296296296296,54
pooled_1,P1,biomass,p_comp,190,31.4814814814815,54
pooled_1,P1,biomass,p_comp,200,27.7777777777778,54
pooled_1,P1,biomass,p_comp,210,29.6296296296296,54
pooled_1,P1,biomass,p_comp,220,33.3333333333333,54
pooled_1,P1,biomass,p_comp,230,33.3333333333333,54
pooled_1,P1,biomass,p_comp,240,33.3333333333333,54
pooled_1,P1,biomass,p_comp,250,29.6296296296296,54
pooled_1,P1,occurrence,p_comp,10,51.8518518518519,54
pooled_1,P1,occurrence,p_comp,20,51.8518518518519,54
pooled_1,P1,occurrence,p_comp,30,51.8518518518519,54
pooled_1,P1,occurrence,p_comp,40,51.8518518518519,54
pooled_1,P1,occurrence,p_comp,50,50,54
pooled_1,P1,occurrence,p_comp,60,51.8518518518519,54
pooled_1,P1,occurrence,p_comp,70,51.8518518518519,54
pooled_1,P1,occurrence,p_comp,80,51.8518518518519,54
pooled_1,P1,occurrence,p_comp,90,50,54
pooled_1,P1,occurrence,p_comp,100,53.7037037037037,54
pooled_1,P1,occurrence,p_comp,110,53.7037037037037,54
pooled_1,P1,occurrence,p_comp,120,51.8518518518519,54
pooled_1,P1,occurrence,p_comp,130,51.8518518518519,54
pooled_1,P1,occurrence,p_comp,140,53.7037037037037,54
pooled_1,P1,occurrence,p_comp,150,53.7037037037037,54
pooled_1,P1,occurrence,p_comp,160,53.7037037037037,54
pooled_1,P1,occurrence,p_comp,170,53.7037037037037,54
pooled_1,P1,occurrence,p_comp,180,51.8518518518519,54
pooled_1,P1,occurrence,p_comp,190,53.7037037037037,54
pooled_1,P1,occurrence,p_comp,200,51.8518518518519,54
pooled_1,P1,occurrence,p_comp,210,51.8518518518519,54
pooled_1,P1,occurrence,p_comp,220,51.8518518518519,54
pooled_1,P1,occurrence,p_comp,230,50,54
pooled_1,P1,occurrence,p_comp,240,51.8518518518519,54
pooled_1,P1,occurrence,p_comp,250,51.8518518518519,54
pooled_1,P3,biomass,p_comp,10,29.0909090909091,55
pooled_1,P3,biomass,p_comp,20,32.7272727272727,55
pooled_1,P3,biomass,p_comp,30,29.0909090909091,55
pooled_1,P3,biomass,p_comp,40,29.0909090909091,55
pooled_1,P3,biomass,p_comp,50,29.0909090909091,55
pooled_1,P3,biomass,p_comp,60,27.2727272727273,55
pooled_1,P3,biomass,p_comp,70,29.0909090909091,55
pooled_1,P3,biomass,p_comp,80,29.0909090909091,55
pooled_1,P3,biomass,p_comp,90,29.0909090909091,55
pooled_1,P3,biomass,p_comp,100,30.9090909090909,55
pooled_1,P3,biomass,p_comp,110,30.9090909090909,55
pooled_1,P3,biomass,p_comp,120,30.9090909090909,55
pooled_1,P3,biomass,p_comp,130,30.9090909090909,55
pooled_1,P3,biomass,p_comp,140,30.9090909090909,55
pooled_1,P3,biomass,p_comp,150,29.0909090909091,55
pooled_1,P3,biomass,p_comp,160,29.0909090909091,55
pooled_1,P3,biomass,p_comp,170,29.0909090909091,55
pooled_1,P3,biomass,p_comp,180,30.9090909090909,55
pooled_1,P3,biomass,p_comp,190,30.9090909090909,55
pooled_1,P3,biomass,p_comp,200,30.9090909090909,55
pooled_1,P3,biomass,p_comp,210,30.9090909090909,55
pooled_1,P3,biomass,p_comp,220,30.9090909090909,55
pooled_1,P3,biomass,p_comp,230,29.0909090909091,55
pooled_1,P3,biomass,p_comp,240,29.0909090909091,55
pooled_1,P3,biomass,p_comp,250,30.9090909090909,55
pooled_1,P3,occurrence,p_comp,10,45.4545454545455,55
pooled_1,P3,occurrence,p_comp,20,45.4545454545455,55
pooled_1,P3,occurrence,p_comp,30,47.2727272727273,55
pooled_1,P3,occurrence,p_comp,40,45.4545454545455,55
pooled_1,P3,occurrence,p_comp,50,41.8181818181818,55
pooled_1,P3,occurrence,p_comp,60,45.4545454545455,55
pooled_1,P3,occurrence,p_comp,70,43.6363636363636,55
pooled_1,P3,occurrence,p_comp,80,45.4545454545455,55
pooled_1,P3,occurrence,p_comp,90,41.8181818181818,55
pooled_1,P3,occurrence,p_comp,100,45.4545454545455,55
pooled_1,P3,occurrence,p_comp,110,45.4545454545455,55
pooled_1,P3,occurrence,p_comp,120,45.4545454545455,55
pooled_1,P3,occurrence,p_comp,130,43.6363636363636,55
pooled_1,P3,occurrence,p_comp,140,45.4545454545455,55
pooled_1,P3,occurrence,p_comp,150,47.2727272727273,55
pooled_1,P3,occurrence,p_comp,160,47.2727272727273,55
pooled_1,P3,occurrence,p_comp,170,47.2727272727273,55
pooled_1,P3,occurrence,p_comp,180,45.4545454545455,55
pooled_1,P3,occurrence,p_comp,190,47.2727272727273,55
pooled_1,P3,occurrence,p_comp,200,43.6363636363636,55
pooled_1,P3,occurrence,p_comp,210,43.6363636363636,55
pooled_1,P3,occurrence,p_comp,220,45.4545454545455,55
pooled_1,P3,occurrence,p_comp,230,43.6363636363636,55
pooled_1,P3,occurrence,p_comp,240,45.4545454545455,55
pooled_1,P3,occurrence,p_comp,250,45.4545454545455,55
pooled_1,PT,biomass,p_comp,10,91.5254237288136,59
pooled_1,PT,biomass,p_comp,20,89.8305084745763,59
pooled_1,PT,biomass,p_comp,30,89.8305084745763,59
pooled_1,PT,biomass,p_comp,40,89.8305084745763,59
pooled_1,PT,biomass,p_comp,50,88.135593220339,59
pooled_1,PT,biomass,p_comp,60,88.135593220339,59
pooled_1,PT,biomass,p_comp,70,88.135593220339,59
pooled_1,PT,biomass,p_comp,80,88.135593220339,59
pooled_1,PT,biomass,p_comp,90,88.135593220339,59
pooled_1,PT,biomass,p_comp,100,88.135593220339,59
pooled_1,PT,biomass,p_comp,110,88.135593220339,59
pooled_1,PT,biomass,p_comp,120,88.135593220339,59
pooled_1,PT,biomass,p_comp,130,88.135593220339,59
pooled_1,PT,biomass,p_comp,140,88.135593220339,59
pooled_1,PT,biomass,p_comp,150,88.135593220339,59
pooled_1,PT,biomass,p_comp,160,84.7457627118644,59
pooled_1,PT,biomass,p_comp,170,86.4406779661017,59
pooled_1,PT,biomass,p_comp,180,86.4406779661017,59
pooled_1,PT,biomass,p_comp,190,84.7457627118644,59
pooled_1,PT,biomass,p_comp,200,84.7457627118644,59
pooled_1,PT,biomass,p_comp,210,83.0508474576271,59
pooled_1,PT,biomass,p_comp,220,86.4406779661017,59
pooled_1,PT,biomass,p_comp,230,81.3559322033898,59
pooled_1,PT,biomass,p_comp,240,81.3559322033898,59
pooled_1,PT,biomass,p_comp,250,81.3559322033898,59
pooled_1,PT,occurrence,p_comp,10,91.5254237288136,59
pooled_1,PT,occurrence,p_comp,20,91.5254237288136,59
pooled_1,PT,occurrence,p_comp,30,91.5254237288136,59
pooled_1,PT,occurrence,p_comp,40,91.5254237288136,59
pooled_1,PT,occurrence,p_comp,50,91.5254237288136,59
pooled_1,PT,occurrence,p_comp,60,91.5254237288136,59
pooled_1,PT,occurrence,p_comp,70,91.5254237288136,59
pooled_1,PT,occurrence,p_comp,80,91.5254237288136,59
pooled_1,PT,occurrence,p_comp,90,91.5254237288136,59
pooled_1,PT,occurrence,p_comp,100,91.5254237288136,59
pooled_1,PT,occurrence,p_comp,110,91.5254237288136,59
pooled_1,PT,occurrence,p_comp,120,91.5254237288136,59
pooled_1,PT,occurrence,p_comp,130,91.5254237288136,59
pooled_1,PT,occurrence,p_comp,140,91.5254237288136,59
pooled_1,PT,occurrence,p_comp,150,91.5254237288136,59
pooled_1,PT,occurrence,p_comp,160,89.8305084745763,59
pooled_1,PT,occurrence,p_comp,170,89.8305084745763,59
pooled_1,PT,occurrence,p_comp,180,89.8305084745763,59
pooled_1,PT,occurrence,p_comp,190,89.8305084745763,59
pooled_1,PT,occurrence,p_comp,200,89.8305084745763,59
pooled_1,PT,occurrence,p_comp,210,89.8305084745763,59
pooled_1,PT,occurrence,p_comp,220,89.8305084745763,59
pooled_1,PT,occurrence,p_comp,230,89.8305084745763,59
pooled_1,PT,occurrence,p_comp,240,89.8305084745763,59
pooled_1,PT,occurrence,p_comp,250,89.8305084745763,59
pooled_1,P4,biomass,p_comp,10,86.5384615384616,52
pooled_1,P4,biomass,p_comp,20,88.4615384615385,52
pooled_1,P4,biomass,p_comp,30,88.4615384615385,52
pooled_1,P4,biomass,p_comp,40,88.4615384615385,52
pooled_1,P4,biomass,p_comp,50,82.6923076923077,52
pooled_1,P4,biomass,p_comp,60,84.6153846153846,52
pooled_1,P4,biomass,p_comp,70,82.6923076923077,52
pooled_1,P4,biomass,p_comp,80,82.6923076923077,52
pooled_1,P4,biomass,p_comp,90,84.6153846153846,52
pooled_1,P4,biomass,p_comp,100,82.6923076923077,52
pooled_1,P4,biomass,p_comp,110,80.7692307692308,52
pooled_1,P4,biomass,p_comp,120,82.6923076923077,52
pooled_1,P4,biomass,p_comp,130,80.7692307692308,52
pooled_1,P4,biomass,p_comp,140,80.7692307692308,52
pooled_1,P4,biomass,p_comp,150,80.7692307692308,52
pooled_1,P4,biomass,p_comp,160,80.7692307692308,52
pooled_1,P4,biomass,p_comp,170,80.7692307692308,52
pooled_1,P4,biomass,p_comp,180,80.7692307692308,52
pooled_1,P4,biomass,p_comp,190,80.7692307692308,52
pooled_1,P4,biomass,p_comp,200,80.7692307692308,52
pooled_1,P4,biomass,p_comp,210,80.7692307692308,52
pooled_1,P4,biomass,p_comp,220,82.6923076923077,52
pooled_1,P4,biomass,p_comp,230,80.7692307692308,52
pooled_1,P4,biomass,p_comp,240,80.7692307692308,52
pooled_1,P4,biomass,p_comp,250,80.7692307692308,52
pooled_1,P4,occurrence,p_comp,10,90.3846153846154,52
pooled_1,P4,occurrence,p_comp,20,90.3846153846154,52
pooled_1,P4,occurrence,p_comp,30,92.3076923076923,52
pooled_1,P4,occurrence,p_comp,40,92.3076923076923,52
pooled_1,P4,occurrence,p_comp,50,86.5384615384616,52
pooled_1,P4,occurrence,p_comp,60,86.5384615384616,52
pooled_1,P4,occurrence,p_comp,70,86.5384615384616,52
pooled_1,P4,occurrence,p_comp,80,86.5384615384616,52
pooled_1,P4,occurrence,p_comp,90,86.5384615384616,52
pooled_1,P4,occurrence,p_comp,100,86.5384615384616,52
pooled_1,P4,occurrence,p_comp,110,86.5384615384616,52
pooled_1,P4,occurrence,p_comp,120,86.5384615384616,52
pooled_1,P4,occurrence,p_comp,130,86.5384615384616,52
pooled_1,P4,occurrence,p_comp,140,86.5384615384616,52
pooled_1,P4,occurrence,p_comp,150,86.5384615384616,52
pooled_1,P4,occurrence,p_comp,160,86.5384615384616,52
pooled_1,P4,occurrence,p_comp,170,86.5384615384616,52
pooled_1,P4,occurrence,p_comp,180,86.5384615384616,52
pooled_1,P4,occurrence,p_comp,190,86.5384615384616,52
pooled_1,P4,occurrence,p_comp,200,86.5384615384616,52
pooled_1,P4,occurrence,p_comp,210,86.5384615384616,52
pooled_1,P4,occurrence,p_comp,220,86.5384615384616,52
pooled_1,P4,occurrence,p_comp,230,86.5384615384616,52
pooled_1,P4,occurrence,p_comp,240,86.5384615384616,52
pooled_1,P4,occurrence,p_comp,250,86.5384615384616,52
pooled_1,P2,biomass,p_comp,10,19.6078431372549,51
pooled_1,P2,biomass,p_comp,20,19.6078431372549,51
pooled_1,P2,biomass,p_comp,30,21.5686274509804,51
pooled_1,P2,biomass,p_comp,40,19.6078431372549,51
pooled_1,P2,biomass,p_comp,50,19.6078431372549,51
pooled_1,P2,biomass,p_comp,60,23.5294117647059,51
pooled_1,P2,biomass,p_comp,70,23.5294117647059,51
pooled_1,P2,biomass,p_comp,80,23.5294117647059,51
pooled_1,P2,biomass,p_comp,90,23.5294117647059,51
pooled_1,P2,biomass,p_comp,100,21.5686274509804,51
pooled_1,P2,biomass,p_comp,110,21.5686274509804,51
pooled_1,P2,biomass,p_comp,120,19.6078431372549,51
pooled_1,P2,biomass,p_comp,130,19.6078431372549,51
pooled_1,P2,biomass,p_comp,140,21.5686274509804,51
pooled_1,P2,biomass,p_comp,150,21.5686274509804,51
pooled_1,P2,biomass,p_comp,160,23.5294117647059,51
pooled_1,P2,biomass,p_comp,170,19.6078431372549,51
pooled_1,P2,biomass,p_comp,180,21.5686274509804,51
pooled_1,P2,biomass,p_comp,190,19.6078431372549,51
pooled_1,P2,biomass,p_comp,200,19.6078431372549,51
pooled_1,P2,biomass,p_comp,210,19.6078431372549,51
pooled_1,P2,biomass,p_comp,220,23.5294117647059,51
pooled_1,P2,biomass,p_comp,230,21.5686274509804,51
pooled_1,P2,biomass,p_comp,240,21.5686274509804,51
pooled_1,P2,biomass,p_comp,250,19.6078431372549,51
pooled_1,P2,occurrence,p_comp,10,21.5686274509804,51
pooled_1,P2,occurrence,p_comp,20,19.6078431372549,51
pooled_1,P2,occurrence,p_comp,30,19.6078431372549,51
pooled_1,P2,occurrence,p_comp,40,19.6078431372549,51
pooled_1,P2,occurrence,p_comp,50,17.6470588235294,51
pooled_1,P2,occurrence,p_comp,60,21.5686274509804,51
pooled_1,P2,occurrence,p_comp,70,19.6078431372549,51
pooled_1,P2,occurrence,p_comp,80,21.5686274509804,51
pooled_1,P2,occurrence,p_comp,90,23.5294117647059,51
pooled_1,P2,occurrence,p_comp,100,19.6078431372549,51
pooled_1,P2,occurrence,p_comp,110,15.6862745098039,51
pooled_1,P2,occurrence,p_comp,120,21.5686274509804,51
pooled_1,P2,occurrence,p_comp,130,21.5686274509804,51
pooled_1,P2,occurrence,p_comp,140,19.6078431372549,51
pooled_1,P2,occurrence,p_comp,150,23.5294117647059,51
pooled_1,P2,occurrence,p_comp,160,19.6078431372549,51
pooled_1,P2,occurrence,p_comp,170,19.6078431372549,51
pooled_1,P2,occurrence,p_comp,180,19.6078431372549,51
pooled_1,P2,occurrence,p_comp,190,19.6078431372549,51
pooled_1,P2,occurrence,p_comp,200,19.6078431372549,51
pooled_1,P2,occurrence,p_comp,210,21.5686274509804,51
pooled_1,P2,occurrence,p_comp,220,15.6862745098039,51
pooled_1,P2,occurrence,p_comp,230,17.6470588235294,51
pooled_1,P2,occurrence,p_comp,240,19.6078431372549,51
pooled_1,P2,occurrence,p_comp,250,23.5294117647059,51
per_predator,P1,biomass,p_comp,10,35.8490566037736,53
per_predator,P1,biomass,p_comp,20,30.188679245283,53
per_predator,P1,biomass,p_comp,30,28.3018867924528,53
per_predator,P1,biomass,p_comp,40,30.188679245283,53
per_predator,P1,biomass,p_comp,50,28.3018867924528,53
per_predator,P1,biomass,p_comp,60,24.5283018867925,53
per_predator,P1,biomass,p_comp,70,28.3018867924528,53
per_predator,P1,biomass,p_comp,80,24.5283018867925,53
per_predator,P1,biomass,p_comp,90,28.3018867924528,53
per_predator,P1,biomass,p_comp,100,26.4150943396226,53
per_predator,P1,biomass,p_comp,110,26.4150943396226,53
per_predator,P1,biomass,p_comp,120,24.5283018867925,53
per_predator,P1,biomass,p_comp,130,24.5283018867925,53
per_predator,P1,biomass,p_comp,140,26.9230769230769,52
per_predator,P1,biomass,p_comp,150,19.6078431372549,51
per_predator,P1,biomass,p_comp,160,21.5686274509804,51
per_predator,P1,biomass,p_comp,170,25.4901960784314,51
per_predator,P1,biomass,p_comp,180,25.4901960784314,51
per_predator,P1,biomass,p_comp,190,23.5294117647059,51
per_predator,P1,biomass,p_comp,200,21.5686274509804,51
per_predator,P1,biomass,p_comp,210,25.4901960784314,51
per_predator,P1,biomass,p_comp,220,24.4897959183673,49
per_predator,P1,biomass,p_comp,230,22.4489795918367,49
per_predator,P1,biomass,p_comp,240,24.4897959183673,49
per_predator,P1,biomass,p_comp,250,26.530612244898,49
per_predator,P1,occurrence,p_comp,10,50.9433962264151,53
per_predator,P1,occurrence,p_comp,20,45.2830188679245,53
per_predator,P1,occurrence,p_comp,30,43.3962264150943,53
per_predator,P1,occurrence,p_comp,40,45.2830188679245,53
per_predator,P1,occurrence,p_comp,50,37.7358490566038,53
per_predator,P1,occurrence,p_comp,60,37.7358490566038,53
per_predator,P1,occurrence,p_comp,70,37.7358490566038,53
per_predator,P1,occurrence,p_comp,80,35.8490566037736,53
per_predator,P1,occurrence,p_comp,90,33.9622641509434,53
per_predator,P1,occurrence,p_comp,100,33.9622641509434,53
per_predator,P1,occurrence,p_comp,110,32.0754716981132,53
per_predator,P1,occurrence,p_comp,120,30.188679245283,53
per_predator,P1,occurrence,p_comp,130,32.0754716981132,53
per_predator,P1,occurrence,p_comp,140,34.6153846153846,52
per_predator,P1,occurrence,p_comp,150,31.3725490196078,51
per_predator,P1,occurrence,p_comp,160,33.3333333333333,51
per_predator,P1,occurrence,p_comp,170,33.3333333333333,51
per_predator,P1,occurrence,p_comp,180,31.3725490196078,51
per_predator,P1,occurrence,p_comp,190,29.4117647058824,51
per_predator,P1,occurrence,p_comp,200,29.4117647058824,51
per_predator,P1,occurrence,p_comp,210,29.4117647058824,51
per_predator,P1,occurrence,p_comp,220,30.6122448979592,49
per_predator,P1,occurrence,p_comp,230,24.4897959183673,49
per_predator,P1,occurrence,p_comp,240,26.530612244898,49
per_predator,P1,occurrence,p_comp,250,20.4081632653061,49
per_predator,P3,biomass,p_comp,10,33.3333333333333,54
per_predator,P3,biomass,p_comp,20,33.3333333333333,54
per_predator,P3,biomass,p_comp,30,31.4814814814815,54
per_predator,P3,biomass,p_comp,40,29.6296296296296,54
per_predator,P3,biomass,p_comp,50,25.9259259259259,54
per_predator,P3,biomass,p_comp,60,27.7777777777778,54
per_predator,P3,biomass,p_comp,70,29.6296296296296,54
per_predator,P3,biomass,p_comp,80,24.0740740740741,54
per_predator,P3,biomass,p_comp,90,24.0740740740741,54
per_predator,P3,biomass,p_comp,100,25.9259259259259,54
per_predator,P3,biomass,p_comp,110,24.0740740740741,54
per_predator,P3,biomass,p_comp,120,24.0740740740741,54
per_predator,P3,biomass,p_comp,130,20.3703703703704,54
per_predator,P3,biomass,p_comp,140,20.3703703703704,54
per_predator,P3,biomass,p_comp,150,18.5185185185185,54
per_predator,P3,biomass,p_comp,160,18.5185185185185,54
per_predator,P3,biomass,p_comp,170,20.3703703703704,54
per_predator,P3,biomass,p_comp,180,20.3703703703704,54
per_predator,P3,biomass,p_comp,190,20.3703703703704,54
per_predator,P3,biomass,p_comp,200,20.3703703703704,54
per_predator,P3,biomass,p_comp,210,22.2222222222222,54
per_predator,P3,biomass,p_comp,220,26.9230769230769,52
per_predator,P3,biomass,p_comp,230,23.0769230769231,52
per_predator,P3,biomass,p_comp,240,21.1538461538462,52
per_predator,P3,biomass,p_comp,250,21.1538461538462,52
per_predator,P3,occurrence,p_comp,10,44.4444444444444,54
per_predator,P3,occurrence,p_comp,20,42.5925925925926,54
per_predator,P3,occurrence,p_comp,30,40.7407407407407,54
per_predator,P3,occurrence,p_comp,40,40.7407407407407,54
per_predator,P3,occurrence,p_comp,50,35.1851851851852,54
per_predator,P3,occurrence,p_comp,60,38.8888888888889,54
per_predator,P3,occurrence,p_comp,70,35.1851851851852,54
per_predator,P3,occurrence,p_comp,80,35.1851851851852,54
per_predator,P3,occurrence,p_comp,90,33.3333333333333,54
per_predator,P3,occurrence,p_comp,100,37.037037037037,54
per_predator,P3,occurrence,p_comp,110,29.6296296296296,54
per_predator,P3,occurrence,p_comp,120,31.4814814814815,54
per_predator,P3,occurrence,p_comp,130,31.4814814814815,54
per_predator,P3,occurrence,p_comp,140,33.3333333333333,54
per_predator,P3,occurrence,p_comp,150,27.7777777777778,54
per_predator,P3,occurrence,p_comp,160,29.6296296296296,54
per_predator,P3,occurrence,p_comp,170,29.6296296296296,54
per_predator,P3,occurrence,p_comp,180,29.6296296296296,54
per_predator,P3,occurrence,p_comp,190,31.4814814814815,54
per_predator,P3,occurrence,p_comp,200,27.7777777777778,54
per_predator,P3,occurrence,p_comp,210,29.6296296296296,54
per_predator,P3,occurrence,p_comp,220,28.8461538461538,52
per_predator,P3,occurrence,p_comp,230,25,52
per_predator,P3,occurrence,p_comp,240,28.8461538461538,52
per_predator,P3,occurrence,p_comp,250,25,52
per_predator,PT,biomass,p_comp,10,91.2280701754386,57
per_predator,PT,biomass,p_comp,20,87.719298245614,57
per_predator,PT,biomass,p_comp,30,85.9649122807018,57
per_predator,PT,biomass,p_comp,40,85.9649122807018,57
per_predator,PT,biomass,p_comp,50,85.9649122807018,57
per_predator,PT,biomass,p_comp,60,80.7017543859649,57
per_predator,PT,biomass,p_comp,70,75.4385964912281,57
per_predator,PT,biomass,p_comp,80,70.1754385964912,57
per_predator,PT,biomass,p_comp,90,61.4035087719298,57
per_predator,PT,biomass,p_comp,100,61.4035087719298,57
per_predator,PT,biomass,p_comp,110,63.1578947368421,57
per_predator,PT,biomass,p_comp,120,64.9122807017544,57
per_predator,PT,biomass,p_comp,130,63.1578947368421,57
per_predator,PT,biomass,p_comp,140,64.2857142857143,56
per_predator,PT,biomass,p_comp,150,62.5,56
per_predator,PT,biomass,p_comp,160,62.5,56
per_predator,PT,biomass,p_comp,170,58.9285714285714,56
per_predator,PT,biomass,p_comp,180,57.1428571428571,56
per_predator,PT,biomass,p_comp,190,57.1428571428571,56
per_predator,PT,biomass,p_comp,200,57.1428571428571,56
per_predator,PT,biomass,p_comp,210,53.5714285714286,56
per_predator,PT,biomass,p_comp,220,50.9090909090909,55
per_predator,PT,biomass,p_comp,230,50.9090909090909,55
per_predator,PT,biomass,p_comp,240,50.9090909090909,55
per_predator,PT,biomass,p_comp,250,45.4545454545455,55
per_predator,PT,occurrence,p_comp,10,91.2280701754386,57
per_predator,PT,occurrence,p_comp,20,92.9824561403509,57
per_predator,PT,occurrence,p_comp,30,87.719298245614,57
per_predator,PT,occurrence,p_comp,40,87.719298245614,57
per_predator,PT,occurrence,p_comp,50,87.719298245614,57
per_predator,PT,occurrence,p_comp,60,85.9649122807018,57
per_predator,PT,occurrence,p_comp,70,80.7017543859649,57
per_predator,PT,occurrence,p_comp,80,70.1754385964912,57
per_predator,PT,occurrence,p_comp,90,71.9298245614035,57
per_predator,PT,occurrence,p_comp,100,71.9298245614035,57
per_predator,PT,occurrence,p_comp,110,70.1754385964912,57
per_predator,PT,occurrence,p_comp,120,70.1754385964912,57
per_predator,PT,occurrence,p_comp,130,68.421052631579,57
per_predator,PT,occurrence,p_comp,140,71.4285714285714,56
per_predator,PT,occurrence,p_comp,150,69.6428571428571,56
per_predator,PT,occurrence,p_comp,160,66.0714285714286,56
per_predator,PT,occurrence,p_comp,170,62.5,56
per_predator,PT,occurrence,p_comp,180,64.2857142857143,56
per_predator,PT,occurrence,p_comp,190,60.7142857142857,56
per_predator,PT,occurrence,p_comp,200,64.2857142857143,56
per_predator,PT,occurrence,p_comp,210,58.9285714285714,56
per_predator,PT,occurrence,p_comp,220,56.3636363636364,55
per_predator,PT,occurrence,p_comp,230,54.5454545454545,55
per_predator,PT,occurrence,p_comp,240,58.1818181818182,55
per_predator,PT,occurrence,p_comp,250,50.9090909090909,55
per_predator,P4,biomass,p_comp,10,86.2745098039216,51
per_predator,P4,biomass,p_comp,20,84.3137254901961,51
per_predator,P4,biomass,p_comp,30,82.3529411764706,51
per_predator,P4,biomass,p_comp,40,78.4313725490196,51
per_predator,P4,biomass,p_comp,50,74.5098039215686,51
per_predator,P4,biomass,p_comp,60,70.5882352941177,51
per_predator,P4,biomass,p_comp,70,64.7058823529412,51
per_predator,P4,biomass,p_comp,80,60.7843137254902,51
per_predator,P4,biomass,p_comp,90,62,50
per_predator,P4,biomass,p_comp,100,58,50
per_predator,P4,biomass,p_comp,110,62,50
per_predator,P4,biomass,p_comp,120,63.265306122449,49
per_predator,P4,biomass,p_comp,130,61.2244897959184,49
per_predator,P4,biomass,p_comp,140,61.2244897959184,49
per_predator,P4,biomass,p_comp,150,62.5,48
per_predator,P4,biomass,p_comp,160,58.3333333333333,48
per_predator,P4,biomass,p_comp,170,56.25,48
per_predator,P4,biomass,p_comp,180,58.3333333333333,48
per_predator,P4,biomass,p_comp,190,56.25,48
per_predator,P4,biomass,p_comp,200,56.25,48
per_predator,P4,biomass,p_comp,210,54.1666666666667,48
per_predator,P4,biomass,p_comp,220,53.1914893617021,47
per_predator,P4,biomass,p_comp,230,51.0638297872341,47
per_predator,P4,biomass,p_comp,240,48.936170212766,47
per_predator,P4,biomass,p_comp,250,48.936170212766,47
per_predator,P4,occurrence,p_comp,10,90.1960784313726,51
per_predator,P4,occurrence,p_comp,20,92.156862745098,51
per_predator,P4,occurrence,p_comp,30,90.1960784313726,51
per_predator,P4,occurrence,p_comp,40,88.2352941176471,51
per_predator,P4,occurrence,p_comp,50,86.2745098039216,51
per_predator,P4,occurrence,p_comp,60,82.3529411764706,51
per_predator,P4,occurrence,p_comp,70,76.4705882352941,51
per_predator,P4,occurrence,p_comp,80,70.5882352941177,51
per_predator,P4,occurrence,p_comp,90,72,50
per_predator,P4,occurrence,p_comp,100,70,50
per_predator,P4,occurrence,p_comp,110,72,50
per_predator,P4,occurrence,p_comp,120,75.5102040816327,49
per_predator,P4,occurrence,p_comp,130,73.4693877551021,49
per_predator,P4,occurrence,p_comp,140,73.4693877551021,49
per_predator,P4,occurrence,p_comp,150,72.9166666666667,48
per_predator,P4,occurrence,p_comp,160,68.75,48
per_predator,P4,occurrence,p_comp,170,64.5833333333334,48
per_predator,P4,occurrence,p_comp,180,64.5833333333334,48
per_predator,P4,occurrence,p_comp,190,62.5,48
per_predator,P4,occurrence,p_comp,200,60.4166666666667,48
per_predator,P4,occurrence,p_comp,210,56.25,48
per_predator,P4,occurrence,p_comp,220,53.1914893617021,47
per_predator,P4,occurrence,p_comp,230,51.0638297872341,47
per_predator,P4,occurrence,p_comp,240,51.0638297872341,47
per_predator,P4,occurrence,p_comp,250,46.8085106382979,47
per_predator,P2,biomass,p_comp,10,22.4489795918367,49
per_predator,P2,biomass,p_comp,20,20.4081632653061,49
per_predator,P2,biomass,p_comp,30,16.3265306122449,49
per_predator,P2,biomass,p_comp,40,14.2857142857143,49
per_predator,P2,biomass,p_comp,50,14.2857142857143,49
per_predator,P2,biomass,p_comp,60,14.2857142857143,49
per_predator,P2,biomass,p_comp,70,16.3265306122449,49
per_predator,P2,biomass,p_comp,80,16.3265306122449,49
per_predator,P2,biomass,p_comp,90,16.6666666666667,48
per_predator,P2,biomass,p_comp,100,14.5833333333333,48
per_predator,P2,biomass,p_comp,110,10.4166666666667,48
per_predator,P2,biomass,p_comp,120,8.33333333333333,48
per_predator,P2,biomass,p_comp,130,8.33333333333333,48
per_predator,P2,biomass,p_comp,140,8.69565217391304,46
per_predator,P2,biomass,p_comp,150,10.8695652173913,46
per_predator,P2,biomass,p_comp,160,10.8695652173913,46
per_predator,P2,biomass,p_comp,170,8.69565217391304,46
per_predator,P2,biomass,p_comp,180,8.69565217391304,46
per_predator,P2,biomass,p_comp,190,8.69565217391304,46
per_predator,P2,biomass,p_comp,200,8.69565217391304,46
per_predator,P2,biomass,p_comp,210,8.69565217391304,46
per_predator,P2,biomass,p_comp,220,9.09090909090909,44
per_predator,P2,biomass,p_comp,230,11.3636363636364,44
per_predator,P2,biomass,p_comp,240,9.09090909090909,44
per_predator,P2,biomass,p_comp,250,11.3636363636364,44
per_predator,P2,occurrence,p_comp,10,18.3673469387755,49
per_predator,P2,occurrence,p_comp,20,18.3673469387755,49
per_predator,P2,occurrence,p_comp,30,16.3265306122449,49
per_predator,P2,occurrence,p_comp,40,18.3673469387755,49
per_predator,P2,occurrence,p_comp,50,18.3673469387755,49
per_predator,P2,occurrence,p_comp,60,12.2448979591837,49
per_predator,P2,occurrence,p_comp,70,18.3673469387755,49
per_predator,P2,occurrence,p_comp,80,16.3265306122449,49
per_predator,P2,occurrence,p_comp,90,16.6666666666667,48
per_predator,P2,occurrence,p_comp,100,18.75,48
per_predator,P2,occurrence,p_comp,110,16.6666666666667,48
per_predator,P2,occurrence,p_comp,120,14.5833333333333,48
per_predator,P2,occurrence,p_comp,130,16.6666666666667,48
per_predator,P2,occurrence,p_comp,140,15.2173913043478,46
per_predator,P2,occurrence,p_comp,150,17.3913043478261,46
per_predator,P2,occurrence,p_comp,160,15.2173913043478,46
per_predator,P2,occurrence,p_comp,170,13.0434782608696,46
per_predator,P2,occurrence,p_comp,180,10.8695652173913,46
per_predator,P2,occurrence,p_comp,190,13.0434782608696,46
per_predator,P2,occurrence,p_comp,200,13.0434782608696,46
per_predator,P2,occurrence,p_comp,210,10.8695652173913,46
per_predator,P2,occurrence,p_comp,220,9.09090909090909,44
per_predator,P2,occurrence,p_comp,230,9.09090909090909,44
per_predator,P2,occurrence,p_comp,240,11.3636363636364,44
per_predator,P2,occurrence,p_comp,250,15.9090909090909,44
pooled_2,P1,biomass,p_H,10,12.962962962963,54
pooled_2,P1,biomass,p_H,20,12.962962962963,54
pooled_2,P1,biomass,p_H,30,12.962962962963,54
pooled_2,P1,biomass,p_H,40,12.962962962963,54
pooled_2,P1,biomass,p_H,50,12.962962962963,54
pooled_2,P1,biomass,p_H,60,12.962962962963,54
pooled_2,P1,biomass,p_H,70,12.962962962963,54
pooled_2,P1,biomass,p_H,80,12.962962962963,54
pooled_2,P1,biomass,p_H,90,12.962962962963,54
pooled_2,P1,biomass,p_H,100,12.962962962963,54
pooled_2,P1,biomass,p_H,110,12.962962962963,54
pooled_2,P1,biomass,p_H,120,11.1111111111111,54
pooled_2,P1,biomass,p_H,130,11.1111111111111,54
pooled_2,P1,biomass,p_H,140,11.1111111111111,54
pooled_2,P1,biomass,p_H,150,11.1111111111111,54
pooled_2,P1,biomass,p_H,160,11.1111111111111,54
pooled_2,P1,biomass,p_H,170,11.1111111111111,54
pooled_2,P1,biomass,p_H,180,11.1111111111111,54
pooled_2,P1,biomass,p_H,190,11.1111111111111,54
pooled_2,P1,biomass,p_H,200,11.1111111111111,54
pooled_2,P1,biomass,p_H,210,11.1111111111111,54
pooled_2,P1,biomass,p_H,220,11.1111111111111,54
pooled_2,P1,biomass,p_H,230,11.1111111111111,54
pooled_2,P1,biomass,p_H,240,11.1111111111111,54
pooled_2,P1,biomass,p_H,250,11.1111111111111,54
pooled_2,P1,occurrence,p_H,10,9.25925925925926,54
pooled_2,P1,occurrence,p_H,20,9.25925925925926,54
pooled_2,P1,occurrence,p_H,30,9.25925925925926,54
pooled_2,P1,occurrence,p_H,40,9.25925925925926,54
pooled_2,P1,occurrence,p_H,50,9.25925925925926,54
pooled_2,P1,occurrence,p_H,60,7.40740740740741,54
pooled_2,P1,occurrence,p_H,70,7.40740740740741,54
pooled_2,P1,occurrence,p_H,80,7.40740740740741,54
pooled_2,P1,occurrence,p_H,90,7.40740740740741,54
pooled_2,P1,occurrence,p_H,100,7.40740740740741,54
pooled_2,P1,occurrence,p_H,110,9.25925925925926,54
pooled_2,P1,occurrence,p_H,120,9.25925925925926,54
pooled_2,P1,occurrence,p_H,130,9.25925925925926,54
pooled_2,P1,occurrence,p_H,140,9.25925925925926,54
pooled_2,P1,occurrence,p_H,150,9.25925925925926,54
pooled_2,P1,occurrence,p_H,160,7.40740740740741,54
pooled_2,P1,occurrence,p_H,170,7.40740740740741,54
pooled_2,P1,occurrence,p_H,180,7.40740740740741,54
pooled_2,P1,occurrence,p_H,190,7.40740740740741,54
pooled_2,P1,occurrence,p_H,200,5.55555555555556,54
pooled_2,P1,occurrence,p_H,210,5.55555555555556,54
pooled_2,P1,occurrence,p_H,220,5.55555555555556,54
pooled_2,P1,occurrence,p_H,230,5.55555555555556,54
pooled_2,P1,occurrence,p_H,240,5.55555555555556,54
pooled_2,P1,occurrence,p_H,250,5.55555555555556,54
pooled_2,P3,biomass,p_H,10,12.7272727272727,55
pooled_2,P3,biomass,p_H,20,12.7272727272727,55
pooled_2,P3,biomass,p_H,30,12.7272727272727,55
pooled_2,P3,biomass,p_H,40,12.7272727272727,55
pooled_2,P3,biomass,p_H,50,12.7272727272727,55
pooled_2,P3,biomass,p_H,60,14.5454545454545,55
pooled_2,P3,biomass,p_H,70,14.5454545454545,55
pooled_2,P3,biomass,p_H,80,14.5454545454545,55
pooled_2,P3,biomass,p_H,90,14.5454545454545,55
pooled_2,P3,biomass,p_H,100,14.5454545454545,55
pooled_2,P3,biomass,p_H,110,14.5454545454545,55
pooled_2,P3,biomass,p_H,120,12.7272727272727,55
pooled_2,P3,biomass,p_H,130,12.7272727272727,55
pooled_2,P3,biomass,p_H,140,12.7272727272727,55
pooled_2,P3,biomass,p_H,150,12.7272727272727,55
pooled_2,P3,biomass,p_H,160,12.7272727272727,55
pooled_2,P3,biomass,p_H,170,12.7272727272727,55
pooled_2,P3,biomass,p_H,180,12.7272727272727,55
pooled_2,P3,biomass,p_H,190,12.7272727272727,55
pooled_2,P3,biomass,p_H,200,12.7272727272727,55
pooled_2,P3,biomass,p_H,210,12.7272727272727,55
pooled_2,P3,biomass,p_H,220,12.7272727272727,55
pooled_2,P3,biomass,p_H,230,12.7272727272727,55
pooled_2,P3,biomass,p_H,240,12.7272727272727,55
pooled_2,P3,biomass,p_H,250,12.7272727272727,55
pooled_2,P3,occurrence,p_H,10,7.27272727272727,55
pooled_2,P3,occurrence,p_H,20,5.45454545454545,55
pooled_2,P3,occurrence,p_H,30,5.45454545454545,55
pooled_2,P3,occurrence,p_H,40,5.45454545454545,55
pooled_2,P3,occurrence,p_H,50,5.45454545454545,55
pooled_2,P3,occurrence,p_H,60,7.27272727272727,55
pooled_2,P3,occurrence,p_H,70,7.27272727272727,55
pooled_2,P3,occurrence,p_H,80,7.27272727272727,55
pooled_2,P3,occurrence,p_H,90,7.27272727272727,55
pooled_2,P3,occurrence,p_H,100,7.27272727272727,55
pooled_2,P3,occurrence,p_H,110,9.09090909090909,55
pooled_2,P3,occurrence,p_H,120,7.27272727272727,55
pooled_2,P3,occurrence,p_H,130,7.27272727272727,55
pooled_2,P3,occurrence,p_H,140,7.27272727272727,55
pooled_2,P3,occurrence,p_H,150,7.27272727272727,55
pooled_2,P3,occurrence,p_H,160,9.09090909090909,55
pooled_2,P3,occurrence,p_H,170,9.09090909090909,55
pooled_2,P3,occurrence,p_H,180,9.09090909090909,55
pooled_2,P3,occurrence,p_H,190,9.09090909090909,55
pooled_2,P3,occurrence,p_H,200,7.27272727272727,55
pooled_2,P3,occurrence,p_H,210,7.27272727272727,55
pooled_2,P3,occurrence,p_H,220,7.27272727272727,55
pooled_2,P3,occurrence,p_H,230,7.27272727272727,55
pooled_2,P3,occurrence,p_H,240,7.27272727272727,55
pooled_2,P3,occurrence,p_H,250,7.27272727272727,55
pooled_2,PT,biomass,p_H,10,42.3728813559322,59
pooled_2,PT,biomass,p_H,20,42.3728813559322,59
pooled_2,PT,biomass,p_H,30,42.3728813559322,59
pooled_2,PT,biomass,p_H,40,42.3728813559322,59
pooled_2,PT,biomass,p_H,50,42.3728813559322,59
pooled_2,PT,biomass,p_H,60,35.5932203389831,59
pooled_2,PT,biomass,p_H,70,35.5932203389831,59
pooled_2,PT,biomass,p_H,80,35.5932203389831,59
pooled_2,PT,biomass,p_H,90,35.5932203389831,59
pooled_2,PT,biomass,p_H,100,40.6779661016949,59
pooled_2,PT,biomass,p_H,110,38.9830508474576,59
pooled_2,PT,biomass,p_H,120,35.5932203389831,59
pooled_2,PT,biomass,p_H,130,35.5932203389831,59
pooled_2,PT,biomass,p_H,140,35.5932203389831,59
pooled_2,PT,biomass,p_H,150,35.5932203389831,59
pooled_2,PT,biomass,p_H,160,35.5932203389831,59
pooled_2,PT,biomass,p_H,170,35.5932203389831,59
pooled_2,PT,biomass,p_H,180,35.5932203389831,59
pooled_2,PT,biomass,p_H,190,35.5932203389831,59
pooled_2,PT,biomass,p_H,200,33.8983050847458,59
pooled_2,PT,biomass,p_H,210,33.8983050847458,59
pooled_2,PT,biomass,p_H,220,33.8983050847458,59
pooled_2,PT,biomass,p_H,230,33.8983050847458,59
pooled_2,PT,biomass,p_H,240,33.8983050847458,59
pooled_2,PT,biomass,p_H,250,25.4237288135593,59
pooled_2,PT,occurrence,p_H,10,54.2372881355932,59
pooled_2,PT,occurrence,p_H,20,50.8474576271187,59
pooled_2,PT,occurrence,p_H,30,52.5423728813559,59
pooled_2,PT,occurrence,p_H,40,52.5423728813559,59
pooled_2,PT,occurrence,p_H,50,52.5423728813559,59
pooled_2,PT,occurrence,p_H,60,54.2372881355932,59
pooled_2,PT,occurrence,p_H,70,54.2372881355932,59
pooled_2,PT,occurrence,p_H,80,52.5423728813559,59
pooled_2,PT,occurrence,p_H,90,54.2372881355932,59
pooled_2,PT,occurrence,p_H,100,54.2372881355932,59
pooled_2,PT,occurrence,p_H,110,54.2372881355932,59
pooled_2,PT,occurrence,p_H,120,52.5423728813559,59
pooled_2,PT,occurrence,p_H,130,52.5423728813559,59
pooled_2,PT,occurrence,p_H,140,47.4576271186441,59
pooled_2,PT,occurrence,p_H,150,47.4576271186441,59
pooled_2,PT,occurrence,p_H,160,50.8474576271187,59
pooled_2,PT,occurrence,p_H,170,49.1525423728814,59
pooled_2,PT,occurrence,p_H,180,49.1525423728814,59
pooled_2,PT,occurrence,p_H,190,47.4576271186441,59
pooled_2,PT,occurrence,p_H,200,45.7627118644068,59
pooled_2,PT,occurrence,p_H,210,45.7627118644068,59
pooled_2,PT,occurrence,p_H,220,44.0677966101695,59
pooled_2,PT,occurrence,p_H,230,44.0677966101695,59
pooled_2,PT,occurrence,p_H,240,44.0677966101695,59
pooled_2,PT,occurrence,p_H,250,40.6779661016949,59
pooled_2,P4,biomass,p_H,10,34.6153846153846,52
pooled_2,P4,biomass,p_H,20,34.6153846153846,52
pooled_2,P4,biomass,p_H,30,34.6153846153846,52
pooled_2,P4,biomass,p_H,40,34.6153846153846,52
pooled_2,P4,biomass,p_H,50,34.6153846153846,52
pooled_2,P4,biomass,p_H,60,34.6153846153846,52
pooled_2,P4,biomass,p_H,70,34.6153846153846,52
pooled_2,P4,biomass,p_H,80,34.6153846153846,52
pooled_2,P4,biomass,p_H,90,34.6153846153846,52
pooled_2,P4,biomass,p_H,100,38.4615384615385,52
pooled_2,P4,biomass,p_H,110,38.4615384615385,52
pooled_2,P4,biomass,p_H,120,36.5384615384615,52
pooled_2,P4,biomass,p_H,130,36.5384615384615,52
pooled_2,P4,biomass,p_H,140,36.5384615384615,52
pooled_2,P4,biomass,p_H,150,36.5384615384615,52
pooled_2,P4,biomass,p_H,160,34.6153846153846,52
pooled_2,P4,biomass,p_H,170,34.6153846153846,52
pooled_2,P4,biomass,p_H,180,34.6153846153846,52
pooled_2,P4,biomass,p_H,190,34.6153846153846,52
pooled_2,P4,biomass,p_H,200,32.6923076923077,52
pooled_2,P4,biomass,p_H,210,32.6923076923077,52
pooled_2,P4,biomass,p_H,220,32.6923076923077,52
pooled_2,P4,biomass,p_H,230,32.6923076923077,52
pooled_2,P4,biomass,p_H,240,32.6923076923077,52
pooled_2,P4,biomass,p_H,250,30.7692307692308,52
pooled_2,P4,occurrence,p_H,10,38.4615384615385,52
pooled_2,P4,occurrence,p_H,20,38.4615384615385,52
pooled_2,P4,occurrence,p_H,30,38.4615384615385,52
pooled_2,P4,occurrence,p_H,40,38.4615384615385,52
pooled_2,P4,occurrence,p_H,50,38.4615384615385,52
pooled_2,P4,occurrence,p_H,60,36.5384615384615,52
pooled_2,P4,occurrence,p_H,70,38.4615384615385,52
pooled_2,P4,occurrence,p_H,80,36.5384615384615,52
pooled_2,P4,occurrence,p_H,90,36.5384615384615,52
pooled_2,P4,occurrence,p_H,100,36.5384615384615,52
pooled_2,P4,occurrence,p_H,110,36.5384615384615,52
pooled_2,P4,occurrence,p_H,120,36.5384615384615,52
pooled_2,P4,occurrence,p_H,130,38.4615384615385,52
pooled_2,P4,occurrence,p_H,140,36.5384615384615,52
pooled_2,P4,occurrence,p_H,150,38.4615384615385,52
pooled_2,P4,occurrence,p_H,160,32.6923076923077,52
pooled_2,P4,occurrence,p_H,170,32.6923076923077,52
pooled_2,P4,occurrence,p_H,180,32.6923076923077,52
pooled_2,P4,occurrence,p_H,190,32.6923076923077,52
pooled_2,P4,occurrence,p_H,200,32.6923076923077,52
pooled_2,P4,occurrence,p_H,210,32.6923076923077,52
pooled_2,P4,occurrence,p_H,220,30.7692307692308,52
pooled_2,P4,occurrence,p_H,230,30.7692307692308,52
pooled_2,P4,occurrence,p_H,240,30.7692307692308,52
pooled_2,P4,occurrence,p_H,250,30.7692307692308,52
pooled_2,P2,biomass,p_H,10,25.4901960784314,51
pooled_2,P2,biomass,p_H,20,23.5294117647059,51
pooled_2,P2,biomass,p_H,30,23.5294117647059,51
pooled_2,P2,biomass,p_H,40,23.5294117647059,51
pooled_2,P2,biomass,p_H,50,23.5294117647059,51
pooled_2,P2,biomass,p_H,60,27.4509803921569,51
pooled_2,P2,biomass,p_H,70,27.4509803921569,51
pooled_2,P2,biomass,p_H,80,27.4509803921569,51
pooled_2,P2,biomass,p_H,90,27.4509803921569,51
pooled_2,P2,biomass,p_H,100,25.4901960784314,51
pooled_2,P2,biomass,p_H,110,25.4901960784314,51
pooled_2,P2,biomass,p_H,120,25.4901960784314,51
pooled_2,P2,biomass,p_H,130,23.5294117647059,51
pooled_2,P2,biomass,p_H,140,23.5294117647059,51
pooled_2,P2,biomass,p_H,150,23.5294117647059,51
pooled_2,P2,biomass,p_H,160,19.6078431372549,51
pooled_2,P2,biomass,p_H,170,21.5686274509804,51
pooled_2,P2,biomass,p_H,180,21.5686274509804,51
pooled_2,P2,biomass,p_H,190,21.5686274509804,51
pooled_2,P2,biomass,p_H,200,19.6078431372549,51
pooled_2,P2,biomass,p_H,210,19.6078431372549,51
pooled_2,P2,biomass,p_H,220,17.6470588235294,51
pooled_2,P2,biomass,p_H,230,17.6470588235294,51
pooled_2,P2,biomass,p_H,240,17.6470588235294,51
pooled_2,P2,biomass,p_H,250,13.7254901960784,51
pooled_2,P2,occurrence,p_H,10,15.6862745098039,51
pooled_2,P2,occurrence,p_H,20,15.6862745098039,51
pooled_2,P2,occurrence,p_H,30,15.6862745098039,51
pooled_2,P2,occurrence,p_H,40,15.6862745098039,51
pooled_2,P2,occurrence,p_H,50,13.7254901960784,51
pooled_2,P2,occurrence,p_H,60,13.7254901960784,51
pooled_2,P2,occurrence,p_H,70,13.7254901960784,51
pooled_2,P2,occurrence,p_H,80,13.7254901960784,51
pooled_2,P2,occurrence,p_H,90,13.7254901960784,51
pooled_2,P2,occurrence,p_H,100,13.7254901960784,51
pooled_2,P2,occurrence,p_H,110,13.7254901960784,51
pooled_2,P2,occurrence,p_H,120,13.7254901960784,51
pooled_2,P2,occurrence,p_H,130,13.7254901960784,51
pooled_2,P2,occurrence,p_H,140,13.7254901960784,51
pooled_2,P2,occurrence,p_H,150,13.7254901960784,51
pooled_2,P2,occurrence,p_H,160,11.7647058823529,51
pooled_2,P2,occurrence,p_H,170,11.7647058823529,51
pooled_2,P2,occurrence,p_H,180,11.7647058823529,51
pooled_2,P2,occurrence,p_H,190,11.7647058823529,51
pooled_2,P2,occurrence,p_H,200,11.7647058823529,51
pooled_2,P2,occurrence,p_H,210,11.7647058823529,51
pooled_2,P2,occurrence,p_H,220,11.7647058823529,51
pooled_2,P2,occurrence,p_H,230,11.7647058823529,51
pooled_2,P2,occurrence,p_H,240,11.7647058823529,51
pooled_2,P2,occurrence,p_H,250,13.7254901960784,51
pooled_1,P1,biomass,p_H,10,12.962962962963,54
pooled_1,P1,biomass,p_H,20,12.962962962963,54
pooled_1,P1,biomass,p_H,30,12.962962962963,54
pooled_1,P1,biomass,p_H,40,12.962962962963,54
pooled_1,P1,biomass,p_H,50,12.962962962963,54
pooled_1,P1,biomass,p_H,60,12.962962962963,54
pooled_1,P1,biomass,p_H,70,12.962962962963,54
pooled_1,P1,biomass,p_H,80,12.962962962963,54
pooled_1,P1,biomass,p_H,90,12.962962962963,54
pooled_1,P1,biomass,p_H,100,12.962962962963,54
pooled_1,P1,biomass,p_H,110,12.962962962963,54
pooled_1,P1,biomass,p_H,120,12.962962962963,54
pooled_1,P1,biomass,p_H,130,12.962962962963,54
pooled_1,P1,biomass,p_H,140,12.962962962963,54
pooled_1,P1,biomass,p_H,150,12.962962962963,54
pooled_1,P1,biomass,p_H,160,11.1111111111111,54
pooled_1,P1,biomass,p_H,170,11.1111111111111,54
pooled_1,P1,biomass,p_H,180,11.1111111111111,54
pooled_1,P1,biomass,p_H,190,11.1111111111111,54
pooled_1,P1,biomass,p_H,200,11.1111111111111,54
pooled_1,P1,biomass,p_H,210,11.1111111111111,54
pooled_1,P1,biomass,p_H,220,11.1111111111111,54
pooled_1,P1,biomass,p_H,230,11.1111111111111,54
pooled_1,P1,biomass,p_H,240,11.1111111111111,54
pooled_1,P1,biomass,p_H,250,11.1111111111111,54
pooled_1,P1,occurrence,p_H,10,11.1111111111111,54
pooled_1,P1,occurrence,p_H,20,11.1111111111111,54
pooled_1,P1,occurrence,p_H,30,11.1111111111111,54
pooled_1,P1,occurrence,p_H,40,11.1111111111111,54
pooled_1,P1,occurrence,p_H,50,11.1111111111111,54
pooled_1,P1,occurrence,p_H,60,9.25925925925926,54
pooled_1,P1,occurrence,p_H,70,7.40740740740741,54
pooled_1,P1,occurrence,p_H,80,7.40740740740741,54
pooled_1,P1,occurrence,p_H,90,7.40740740740741,54
pooled_1,P1,occurrence,p_H,100,7.40740740740741,54
pooled_1,P1,occurrence,p_H,110,7.40740740740741,54
pooled_1,P1,occurrence,p_H,120,7.40740740740741,54
pooled_1,P1,occurrence,p_H,130,9.25925925925926,54
pooled_1,P1,occurrence,p_H,140,9.25925925925926,54
pooled_1,P1,occurrence,p_H,150,9.25925925925926,54
pooled_1,P1,occurrence,p_H,160,9.25925925925926,54
pooled_1,P1,occurrence,p_H,170,9.25925925925926,54
pooled_1,P1,occurrence,p_H,180,9.25925925925926,54
pooled_1,P1,occurrence,p_H,190,9.25925925925926,54
pooled_1,P1,occurrence,p_H,200,5.55555555555556,54
pooled_1,P1,occurrence,p_H,210,5.55555555555556,54
pooled_1,P1,occurrence,p_H,220,5.55555555555556,54
pooled_1,P1,occurrence,p_H,230,5.55555555555556,54
pooled_1,P1,occurrence,p_H,240,5.55555555555556,54
pooled_1,P1,occurrence,p_H,250,5.55555555555556,54
pooled_1,P3,biomass,p_H,10,12.7272727272727,55
pooled_1,P3,biomass,p_H,20,12.7272727272727,55
pooled_1,P3,biomass,p_H,30,12.7272727272727,55
pooled_1,P3,biomass,p_H,40,12.7272727272727,55
pooled_1,P3,biomass,p_H,50,12.7272727272727,55
pooled_1,P3,biomass,p_H,60,12.7272727272727,55
pooled_1,P3,biomass,p_H,70,12.7272727272727,55
pooled_1,P3,biomass,p_H,80,12.7272727272727,55
pooled_1,P3,biomass,p_H,90,12.7272727272727,55
pooled_1,P3,biomass,p_H,100,12.7272727272727,55
pooled_1,P3,biomass,p_H,110,12.7272727272727,55
pooled_1,P3,biomass,p_H,120,12.7272727272727,55
pooled_1,P3,biomass,p_H,130,12.7272727272727,55
pooled_1,P3,biomass,p_H,140,12.7272727272727,55
pooled_1,P3,biomass,p_H,150,12.7272727272727,55
pooled_1,P3,biomass,p_H,160,10.9090909090909,55
pooled_1,P3,biomass,p_H,170,10.9090909090909,55
pooled_1,P3,biomass,p_H,180,10.9090909090909,55
pooled_1,P3,biomass,p_H,190,10.9090909090909,55
pooled_1,P3,biomass,p_H,200,10.9090909090909,55
pooled_1,P3,biomass,p_H,210,10.9090909090909,55
pooled_1,P3,biomass,p_H,220,10.9090909090909,55
pooled_1,P3,biomass,p_H,230,10.9090909090909,55
pooled_1,P3,biomass,p_H,240,10.9090909090909,55
pooled_1,P3,biomass,p_H,250,10.9090909090909,55
pooled_1,P3,occurrence,p_H,10,5.45454545454545,55
pooled_1,P3,occurrence,p_H,20,5.45454545454545,55
pooled_1,P3,occurrence,p_H,30,5.45454545454545,55
pooled_1,P3,occurrence,p_H,40,5.45454545454545,55
pooled_1,P3,occurrence,p_H,50,5.45454545454545,55
pooled_1,P3,occurrence,p_H,60,7.27272727272727,55
pooled_1,P3,occurrence,p_H,70,9.09090909090909,55
pooled_1,P3,occurrence,p_H,80,9.09090909090909,55
pooled_1,P3,occurrence,p_H,90,9.09090909090909,55
pooled_1,P3,occurrence,p_H,100,9.09090909090909,55
pooled_1,P3,occurrence,p_H,110,10.9090909090909,55
pooled_1,P3,occurrence,p_H,120,9.09090909090909,55
pooled_1,P3,occurrence,p_H,130,9.09090909090909,55
pooled_1,P3,occurrence,p_H,140,9.09090909090909,55
pooled_1,P3,occurrence,p_H,150,9.09090909090909,55
pooled_1,P3,occurrence,p_H,160,9.09090909090909,55
pooled_1,P3,occurrence,p_H,170,9.09090909090909,55
pooled_1,P3,occurrence,p_H,180,9.09090909090909,55
pooled_1,P3,occurrence,p_H,190,9.09090909090909,55
pooled_1,P3,occurrence,p_H,200,7.27272727272727,55
pooled_1,P3,occurrence,p_H,210,7.27272727272727,55
pooled_1,P3,occurrence,p_H,220,7.27272727272727,55
pooled_1,P3,occurrence,p_H,230,7.27272727272727,55
pooled_1,P3,occurrence,p_H,240,7.27272727272727,55
pooled_1,P3,occurrence,p_H,250,7.27272727272727,55
pooled_1,PT,biomass,p_H,10,40.6779661016949,59
pooled_1,PT,biomass,p_H,20,40.6779661016949,59
pooled_1,PT,biomass,p_H,30,40.6779661016949,59
pooled_1,PT,biomass,p_H,40,42.3728813559322,59
pooled_1,PT,biomass,p_H,50,40.6779661016949,59
pooled_1,PT,biomass,p_H,60,33.8983050847458,59
pooled_1,PT,biomass,p_H,70,33.8983050847458,59
pooled_1,PT,biomass,p_H,80,33.8983050847458,59
pooled_1,PT,biomass,p_H,90,33.8983050847458,59
pooled_1,PT,biomass,p_H,100,37.2881355932203,59
pooled_1,PT,biomass,p_H,110,35.5932203389831,59
pooled_1,PT,biomass,p_H,120,33.8983050847458,59
pooled_1,PT,biomass,p_H,130,33.8983050847458,59
pooled_1,PT,biomass,p_H,140,33.8983050847458,59
pooled_1,PT,biomass,p_H,150,33.8983050847458,59
pooled_1,PT,biomass,p_H,160,32.2033898305085,59
pooled_1,PT,biomass,p_H,170,32.2033898305085,59
pooled_1,PT,biomass,p_H,180,32.2033898305085,59
pooled_1,PT,biomass,p_H,190,30.5084745762712,59
pooled_1,PT,biomass,p_H,200,28.8135593220339,59
pooled_1,PT,biomass,p_H,210,28.8135593220339,59
pooled_1,PT,biomass,p_H,220,28.8135593220339,59
pooled_1,PT,biomass,p_H,230,28.8135593220339,59
pooled_1,PT,biomass,p_H,240,28.8135593220339,59
pooled_1,PT,biomass,p_H,250,22.0338983050847,59
pooled_1,PT,occurrence,p_H,10,49.1525423728814,59
pooled_1,PT,occurrence,p_H,20,45.7627118644068,59
pooled_1,PT,occurrence,p_H,30,47.4576271186441,59
pooled_1,PT,occurrence,p_H,40,47.4576271186441,59
pooled_1,PT,occurrence,p_H,50,49.1525423728814,59
pooled_1,PT,occurrence,p_H,60,45.7627118644068,59
pooled_1,PT,occurrence,p_H,70,45.7627118644068,59
pooled_1,PT,occurrence,p_H,80,47.4576271186441,59
pooled_1,PT,occurrence,p_H,90,47.4576271186441,59
pooled_1,PT,occurrence,p_H,100,50.8474576271187,59
pooled_1,PT,occurrence,p_H,110,50.8474576271187,59
pooled_1,PT,occurrence,p_H,120,47.4576271186441,59
pooled_1,PT,occurrence,p_H,130,49.1525423728814,59
pooled_1,PT,occurrence,p_H,140,44.0677966101695,59
pooled_1,PT,occurrence,p_H,150,44.0677966101695,59
pooled_1,PT,occurrence,p_H,160,44.0677966101695,59
pooled_1,PT,occurrence,p_H,170,44.0677966101695,59
pooled_1,PT,occurrence,p_H,180,44.0677966101695,59
pooled_1,PT,occurrence,p_H,190,42.3728813559322,59
pooled_1,PT,occurrence,p_H,200,42.3728813559322,59
pooled_1,PT,occurrence,p_H,210,42.3728813559322,59
pooled_1,PT,occurrence,p_H,220,40.6779661016949,59
pooled_1,PT,occurrence,p_H,230,40.6779661016949,59
pooled_1,PT,occurrence,p_H,240,40.6779661016949,59
pooled_1,PT,occurrence,p_H,250,38.9830508474576,59
pooled_1,P4,biomass,p_H,10,32.6923076923077,52
pooled_1,P4,biomass,p_H,20,32.6923076923077,52
pooled_1,P4,biomass,p_H,30,32.6923076923077,52
pooled_1,P4,biomass,p_H,40,32.6923076923077,52
pooled_1,P4,biomass,p_H,50,32.6923076923077,52
pooled_1,P4,biomass,p_H,60,32.6923076923077,52
pooled_1,P4,biomass,p_H,70,32.6923076923077,52
pooled_1,P4,biomass,p_H,80,32.6923076923077,52
pooled_1,P4,biomass,p_H,90,32.6923076923077,52
pooled_1,P4,biomass,p_H,100,34.6153846153846,52
pooled_1,P4,biomass,p_H,110,34.6153846153846,52
pooled_1,P4,biomass,p_H,120,34.6153846153846,52
pooled_1,P4,biomass,p_H,130,34.6153846153846,52
pooled_1,P4,biomass,p_H,140,34.6153846153846,52
pooled_1,P4,biomass,p_H,150,34.6153846153846,52
pooled_1,P4,biomass,p_H,160,32.6923076923077,52
pooled_1,P4,biomass,p_H,170,32.6923076923077,52
pooled_1,P4,biomass,p_H,180,32.6923076923077,52
pooled_1,P4,biomass,p_H,190,32.6923076923077,52
pooled_1,P4,biomass,p_H,200,30.7692307692308,52
pooled_1,P4,biomass,p_H,210,30.7692307692308,52
pooled_1,P4,biomass,p_H,220,30.7692307692308,52
pooled_1,P4,biomass,p_H,230,30.7692307692308,52
pooled_1,P4,biomass,p_H,240,30.7692307692308,52
pooled_1,P4,biomass,p_H,250,28.8461538461538,52
pooled_1,P4,occurrence,p_H,10,36.5384615384615,52
pooled_1,P4,occurrence,p_H,20,36.5384615384615,52
pooled_1,P4,occurrence,p_H,30,36.5384615384615,52
pooled_1,P4,occurrence,p_H,40,36.5384615384615,52
pooled_1,P4,occurrence,p_H,50,36.5384615384615,52
pooled_1,P4,occurrence,p_H,60,34.6153846153846,52
pooled_1,P4,occurrence,p_H,70,38.4615384615385,52
pooled_1,P4,occurrence,p_H,80,36.5384615384615,52
pooled_1,P4,occurrence,p_H,90,36.5384615384615,52
pooled_1,P4,occurrence,p_H,100,38.4615384615385,52
pooled_1,P4,occurrence,p_H,110,40.3846153846154,52
pooled_1,P4,occurrence,p_H,120,38.4615384615385,52
pooled_1,P4,occurrence,p_H,130,38.4615384615385,52
pooled_1,P4,occurrence,p_H,140,36.5384615384615,52
pooled_1,P4,occurrence,p_H,150,38.4615384615385,52
pooled_1,P4,occurrence,p_H,160,32.6923076923077,52
pooled_1,P4,occurrence,p_H,170,32.6923076923077,52
pooled_1,P4,occurrence,p_H,180,32.6923076923077,52
pooled_1,P4,occurrence,p_H,190,32.6923076923077,52
pooled_1,P4,occurrence,p_H,200,34.6153846153846,52
pooled_1,P4,occurrence,p_H,210,34.6153846153846,52
pooled_1,P4,occurrence,p_H,220,32.6923076923077,52
pooled_1,P4,occurrence,p_H,230,32.6923076923077,52
pooled_1,P4,occurrence,p_H,240,32.6923076923077,52
pooled_1,P4,occurrence,p_H,250,32.6923076923077,52
pooled_1,P2,biomass,p_H,10,25.4901960784314,51
pooled_1,P2,biomass,p_H,20,23.5294117647059,51
pooled_1,P2,biomass,p_H,30,23.5294117647059,51
pooled_1,P2,biomass,p_H,40,23.5294117647059,51
pooled_1,P2,biomass,p_H,50,23.5294117647059,51
pooled_1,P2,biomass,p_H,60,27.4509803921569,51
pooled_1,P2,biomass,p_H,70,27.4509803921569,51
pooled_1,P2,biomass,p_H,80,27.4509803921569,51
pooled_1,P2,biomass,p_H,90,27.4509803921569,51
pooled_1,P2,biomass,p_H,100,25.4901960784314,51
pooled_1,P2,biomass,p_H,110,25.4901960784314,51
pooled_1,P2,biomass,p_H,120,25.4901960784314,51
pooled_1,P2,biomass,p_H,130,23.5294117647059,51
pooled_1,P2,biomass,p_H,140,21.5686274509804,51
pooled_1,P2,biomass,p_H,150,21.5686274509804,51
pooled_1,P2,biomass,p_H,160,19.6078431372549,51
pooled_1,P2,biomass,p_H,170,21.5686274509804,51
pooled_1,P2,biomass,p_H,180,21.5686274509804,51
pooled_1,P2,biomass,p_H,190,21.5686274509804,51
pooled_1,P2,biomass,p_H,200,19.6078431372549,51
pooled_1,P2,biomass,p_H,210,19.6078431372549,51
pooled_1,P2,biomass,p_H,220,17.6470588235294,51
pooled_1,P2,biomass,p_H,230,17.6470588235294,51
pooled_1,P2,biomass,p_H,240,17.6470588235294,51
pooled_1,P2,biomass,p_H,250,13.7254901960784,51
pooled_1,P2,occurrence,p_H,10,13.7254901960784,51
pooled_1,P2,occurrence,p_H,20,13.7254901960784,51
pooled_1,P2,occurrence,p_H,30,13.7254901960784,51
pooled_1,P2,occurrence,p_H,40,13.7254901960784,51
pooled_1,P2,occurrence,p_H,50,11.7647058823529,51
pooled_1,P2,occurrence,p_H,60,11.7647058823529,51
pooled_1,P2,occurrence,p_H,70,11.7647058823529,51
pooled_1,P2,occurrence,p_H,80,11.7647058823529,51
pooled_1,P2,occurrence,p_H,90,11.7647058823529,51
pooled_1,P2,occurrence,p_H,100,11.7647058823529,51
pooled_1,P2,occurrence,p_H,110,11.7647058823529,51
pooled_1,P2,occurrence,p_H,120,13.7254901960784,51
pooled_1,P2,occurrence,p_H,130,13.7254901960784,51
pooled_1,P2,occurrence,p_H,140,11.7647058823529,51
pooled_1,P2,occurrence,p_H,150,11.7647058823529,51
pooled_1,P2,occurrence,p_H,160,11.7647058823529,51
pooled_1,P2,occurrence,p_H,170,11.7647058823529,51
pooled_1,P2,occurrence,p_H,180,11.7647058823529,51
pooled_1,P2,occurrence,p_H,190,11.7647058823529,51
pooled_1,P2,occurrence,p_H,200,11.7647058823529,51
pooled_1,P2,occurrence,p_H,210,11.7647058823529,51
pooled_1,P2,occurrence,p_H,220,11.7647058823529,51
pooled_1,P2,occurrence,p_H,230,11.7647058823529,51
pooled_1,P2,occurrence,p_H,240,11.7647058823529,51
pooled_1,P2,occurrence,p_H,250,13.7254901960784,51
per_predator,P1,biomass,p_H,10,11.3207547169811,53
per_predator,P1,biomass,p_H,20,13.2075471698113,53
per_predator,P1,biomass,p_H,30,11.3207547169811,53
per_predator,P1,biomass,p_H,40,11.3207547169811,53
per_predator,P1,biomass,p_H,50,11.3207547169811,53
per_predator,P1,biomass,p_H,60,11.3207547169811,53
per_predator,P1,biomass,p_H,70,9.43396226415094,53
per_predator,P1,biomass,p_H,80,9.43396226415094,53
per_predator,P1,biomass,p_H,90,7.54716981132076,53
per_predator,P1,biomass,p_H,100,7.54716981132076,53
per_predator,P1,biomass,p_H,110,7.54716981132076,53
per_predator,P1,biomass,p_H,120,7.54716981132076,53
per_predator,P1,biomass,p_H,130,7.54716981132076,53
per_predator,P1,biomass,p_H,140,7.69230769230769,52
per_predator,P1,biomass,p_H,150,9.80392156862745,51
per_predator,P1,biomass,p_H,160,9.80392156862745,51
per_predator,P1,biomass,p_H,170,7.84313725490196,51
per_predator,P1,biomass,p_H,180,9.80392156862745,51
per_predator,P1,biomass,p_H,190,11.7647058823529,51
per_predator,P1,biomass,p_H,200,11.7647058823529,51
per_predator,P1,biomass,p_H,210,13.7254901960784,51
per_predator,P1,biomass,p_H,220,12.2448979591837,49
per_predator,P1,biomass,p_H,230,12.2448979591837,49
per_predator,P1,biomass,p_H,240,12.2448979591837,49
per_predator,P1,biomass,p_H,250,16.3265306122449,49
per_predator,P1,occurrence,p_H,10,7.54716981132076,53
per_predator,P1,occurrence,p_H,20,9.43396226415094,53
per_predator,P1,occurrence,p_H,30,11.3207547169811,53
per_predator,P1,occurrence,p_H,40,20.7547169811321,53
per_predator,P1,occurrence,p_H,50,18.8679245283019,53
per_predator,P1,occurrence,p_H,60,16.9811320754717,53
per_predator,P1,occurrence,p_H,70,16.9811320754717,53
per_predator,P1,occurrence,p_H,80,18.8679245283019,53
per_predator,P1,occurrence,p_H,90,16.9811320754717,53
per_predator,P1,occurrence,p_H,100,18.8679245283019,53
per_predator,P1,occurrence,p_H,110,16.9811320754717,53
per_predator,P1,occurrence,p_H,120,16.9811320754717,53
per_predator,P1,occurrence,p_H,130,16.9811320754717,53
per_predator,P1,occurrence,p_H,140,19.2307692307692,52
per_predator,P1,occurrence,p_H,150,23.5294117647059,51
per_predator,P1,occurrence,p_H,160,23.5294117647059,51
per_predator,P1,occurrence,p_H,170,23.5294117647059,51
per_predator,P1,occurrence,p_H,180,21.5686274509804,51
per_predator,P1,occurrence,p_H,190,19.6078431372549,51
per_predator,P1,occurrence,p_H,200,17.6470588235294,51
per_predator,P1,occurrence,p_H,210,19.6078431372549,51
per_predator,P1,occurrence,p_H,220,20.4081632653061,49
per_predator,P1,occurrence,p_H,230,18.3673469387755,49
per_predator,P1,occurrence,p_H,240,18.3673469387755,49
per_predator,P1,occurrence,p_H,250,20.4081632653061,49
per_predator,P3,biomass,p_H,10,11.1111111111111,54
per_predator,P3,biomass,p_H,20,14.8148148148148,54
per_predator,P3,biomass,p_H,30,12.962962962963,54
per_predator,P3,biomass,p_H,40,12.962962962963,54
per_predator,P3,biomass,p_H,50,12.962962962963,54
per_predator,P3,biomass,p_H,60,12.962962962963,54
per_predator,P3,biomass,p_H,70,11.1111111111111,54
per_predator,P3,biomass,p_H,80,12.962962962963,54
per_predator,P3,biomass,p_H,90,11.1111111111111,54
per_predator,P3,biomass,p_H,100,11.1111111111111,54
per_predator,P3,biomass,p_H,110,11.1111111111111,54
per_predator,P3,biomass,p_H,120,7.40740740740741,54
per_predator,P3,biomass,p_H,130,7.40740740740741,54
per_predator,P3,biomass,p_H,140,9.25925925925926,54
per_predator,P3,biomass,p_H,150,11.1111111111111,54
per_predator,P3,biomass,p_H,160,11.1111111111111,54
per_predator,P3,biomass,p_H,170,12.962962962963,54
per_predator,P3,biomass,p_H,180,14.8148148148148,54
per_predator,P3,biomass,p_H,190,16.6666666666667,54
per_predator,P3,biomass,p_H,200,18.5185185185185,54
per_predator,P3,biomass,p_H,210,20.3703703703704,54
per_predator,P3,biomass,p_H,220,21.1538461538462,52
per_predator,P3,biomass,p_H,230,21.1538461538462,52
per_predator,P3,biomass,p_H,240,21.1538461538462,52
per_predator,P3,biomass,p_H,250,23.0769230769231,52
per_predator,P3,occurrence,p_H,10,7.40740740740741,54
per_predator,P3,occurrence,p_H,20,5.55555555555556,54
per_predator,P3,occurrence,p_H,30,7.40740740740741,54
per_predator,P3,occurrence,p_H,40,12.962962962963,54
per_predator,P3,occurrence,p_H,50,12.962962962963,54
per_predator,P3,occurrence,p_H,60,12.962962962963,54
per_predator,P3,occurrence,p_H,70,12.962962962963,54
per_predator,P3,occurrence,p_H,80,12.962962962963,54
per_predator,P3,occurrence,p_H,90,11.1111111111111,54
per_predator,P3,occurrence,p_H,100,12.962962962963,54
per_predator,P3,occurrence,p_H,110,12.962962962963,54
per_predator,P3,occurrence,p_H,120,12.962962962963,54
per_predator,P3,occurrence,p_H,130,14.8148148148148,54
per_predator,P3,occurrence,p_H,140,12.962962962963,54
per_predator,P3,occurrence,p_H,150,16.6666666666667,54
per_predator,P3,occurrence,p_H,160,16.6666666666667,54
per_predator,P3,occurrence,p_H,170,14.8148148148148,54
per_predator,P3,occurrence,p_H,180,14.8148148148148,54
per_predator,P3,occurrence,p_H,190,12.962962962963,54
per_predator,P3,occurrence,p_H,200,11.1111111111111,54
per_predator,P3,occurrence,p_H,210,12.962962962963,54
per_predator,P3,occurrence,p_H,220,11.5384615384615,52
per_predator,P3,occurrence,p_H,230,11.5384615384615,52
per_predator,P3,occurrence,p_H,240,11.5384615384615,52
per_predator,P3,occurrence,p_H,250,15.3846153846154,52
per_predator,PT,biomass,p_H,10,33.3333333333333,57
per_predator,PT,biomass,p_H,20,24.5614035087719,57
per_predator,PT,biomass,p_H,30,26.3157894736842,57
per_predator,PT,biomass,p_H,40,21.0526315789474,57
per_predator,PT,biomass,p_H,50,22.8070175438597,57
per_predator,PT,biomass,p_H,60,26.3157894736842,57
per_predator,PT,biomass,p_H,70,28.0701754385965,57
per_predator,PT,biomass,p_H,80,22.8070175438597,57
per_predator,PT,biomass,p_H,90,24.5614035087719,57
per_predator,PT,biomass,p_H,100,22.8070175438597,57
per_predator,PT,biomass,p_H,110,22.8070175438597,57
per_predator,PT,biomass,p_H,120,17.5438596491228,57
per_predator,PT,biomass,p_H,130,17.5438596491228,57
per_predator,PT,biomass,p_H,140,23.2142857142857,56
per_predator,PT,biomass,p_H,150,23.2142857142857,56
per_predator,PT,biomass,p_H,160,25,56
per_predator,PT,biomass,p_H,170,17.8571428571429,56
per_predator,PT,biomass,p_H,180,17.8571428571429,56
per_predator,PT,biomass,p_H,190,16.0714285714286,56
per_predator,PT,biomass,p_H,200,19.6428571428571,56
per_predator,PT,biomass,p_H,210,12.5,56
per_predator,PT,biomass,p_H,220,10.9090909090909,55
per_predator,PT,biomass,p_H,230,12.7272727272727,55
per_predator,PT,biomass,p_H,240,10.9090909090909,55
per_predator,PT,biomass,p_H,250,12.7272727272727,55
per_predator,PT,occurrence,p_H,10,24.5614035087719,57
per_predator,PT,occurrence,p_H,20,17.5438596491228,57
per_predator,PT,occurrence,p_H,30,21.0526315789474,57
per_predator,PT,occurrence,p_H,40,22.8070175438597,57
per_predator,PT,occurrence,p_H,50,22.8070175438597,57
per_predator,PT,occurrence,p_H,60,21.0526315789474,57
per_predator,PT,occurrence,p_H,70,21.0526315789474,57
per_predator,PT,occurrence,p_H,80,21.0526315789474,57
per_predator,PT,occurrence,p_H,90,24.5614035087719,57
per_predator,PT,occurrence,p_H,100,19.2982456140351,57
per_predator,PT,occurrence,p_H,110,17.5438596491228,57
per_predator,PT,occurrence,p_H,120,15.7894736842105,57
per_predator,PT,occurrence,p_H,130,14.0350877192982,57
per_predator,PT,occurrence,p_H,140,17.8571428571429,56
per_predator,PT,occurrence,p_H,150,19.6428571428571,56
per_predator,PT,occurrence,p_H,160,17.8571428571429,56
per_predator,PT,occurrence,p_H,170,21.4285714285714,56
per_predator,PT,occurrence,p_H,180,17.8571428571429,56
per_predator,PT,occurrence,p_H,190,19.6428571428571,56
per_predator,PT,occurrence,p_H,200,23.2142857142857,56
per_predator,PT,occurrence,p_H,210,23.2142857142857,56
per_predator,PT,occurrence,p_H,220,27.2727272727273,55
per_predator,PT,occurrence,p_H,230,29.0909090909091,55
per_predator,PT,occurrence,p_H,240,27.2727272727273,55
per_predator,PT,occurrence,p_H,250,23.6363636363636,55
per_predator,P4,biomass,p_H,10,27.4509803921569,51
per_predator,P4,biomass,p_H,20,27.4509803921569,51
per_predator,P4,biomass,p_H,30,25.4901960784314,51
per_predator,P4,biomass,p_H,40,23.5294117647059,51
per_predator,P4,biomass,p_H,50,21.5686274509804,51
per_predator,P4,biomass,p_H,60,17.6470588235294,51
per_predator,P4,biomass,p_H,70,15.6862745098039,51
per_predator,P4,biomass,p_H,80,15.6862745098039,51
per_predator,P4,biomass,p_H,90,20,50
per_predator,P4,biomass,p_H,100,22,50
per_predator,P4,biomass,p_H,110,24,50
per_predator,P4,biomass,p_H,120,20.4081632653061,49
per_predator,P4,biomass,p_H,130,18.3673469387755,49
per_predator,P4,biomass,p_H,140,18.3673469387755,49
per_predator,P4,biomass,p_H,150,18.75,48
per_predator,P4,biomass,p_H,160,18.75,48
per_predator,P4,biomass,p_H,170,20.8333333333333,48
per_predator,P4,biomass,p_H,180,20.8333333333333,48
per_predator,P4,biomass,p_H,190,20.8333333333333,48
per_predator,P4,biomass,p_H,200,20.8333333333333,48
per_predator,P4,biomass,p_H,210,16.6666666666667,48
per_predator,P4,biomass,p_H,220,14.8936170212766,47
per_predator,P4,biomass,p_H,230,14.8936170212766,47
per_predator,P4,biomass,p_H,240,14.8936170212766,47
per_predator,P4,biomass,p_H,250,17.0212765957447,47
per_predator,P4,occurrence,p_H,10,29.4117647058824,51
per_predator,P4,occurrence,p_H,20,25.4901960784314,51
per_predator,P4,occurrence,p_H,30,21.5686274509804,51
per_predator,P4,occurrence,p_H,40,17.6470588235294,51
per_predator,P4,occurrence,p_H,50,21.5686274509804,51
per_predator,P4,occurrence,p_H,60,17.6470588235294,51
per_predator,P4,occurrence,p_H,70,13.7254901960784,51
per_predator,P4,occurrence,p_H,80,13.7254901960784,51
per_predator,P4,occurrence,p_H,90,18,50
per_predator,P4,occurrence,p_H,100,18,50
per_predator,P4,occurrence,p_H,110,18,50
per_predator,P4,occurrence,p_H,120,20.4081632653061,49
per_predator,P4,occurrence,p_H,130,16.3265306122449,49
per_predator,P4,occurrence,p_H,140,16.3265306122449,49
per_predator,P4,occurrence,p_H,150,18.75,48
per_predator,P4,occurrence,p_H,160,22.9166666666667,48
per_predator,P4,occurrence,p_H,170,16.6666666666667,48
per_predator,P4,occurrence,p_H,180,12.5,48
per_predator,P4,occurrence,p_H,190,8.33333333333333,48
per_predator,P4,occurrence,p_H,200,8.33333333333333,48
per_predator,P4,occurrence,p_H,210,8.33333333333333,48
per_predator,P4,occurrence,p_H,220,8.51063829787234,47
per_predator,P4,occurrence,p_H,230,8.51063829787234,47
per_predator,P4,occurrence,p_H,240,14.8936170212766,47
per_predator,P4,occurrence,p_H,250,14.8936170212766,47
per_predator,P2,biomass,p_H,10,20.4081632653061,49
per_predator,P2,biomass,p_H,20,22.4489795918367,49
per_predator,P2,biomass,p_H,30,20.4081632653061,49
per_predator,P2,biomass,p_H,40,16.3265306122449,49
per_predator,P2,biomass,p_H,50,16.3265306122449,49
per_predator,P2,biomass,p_H,60,16.3265306122449,49
per_predator,P2,biomass,p_H,70,16.3265306122449,49
per_predator,P2,biomass,p_H,80,14.2857142857143,49
per_predator,P2,biomass,p_H,90,14.5833333333333,48
per_predator,P2,biomass,p_H,100,14.5833333333333,48
per_predator,P2,biomass,p_H,110,16.6666666666667,48
per_predator,P2,biomass,p_H,120,14.5833333333333,48
per_predator,P2,biomass,p_H,130,14.5833333333333,48
per_predator,P2,biomass,p_H,140,13.0434782608696,46
per_predator,P2,biomass,p_H,150,10.8695652173913,46
per_predator,P2,biomass,p_H,160,10.8695652173913,46
per_predator,P2,biomass,p_H,170,13.0434782608696,46
per_predator,P2,biomass,p_H,180,10.8695652173913,46
per_predator,P2,biomass,p_H,190,10.8695652173913,46
per_predator,P2,biomass,p_H,200,8.69565217391304,46
per_predator,P2,biomass,p_H,210,8.69565217391304,46
per_predator,P2,biomass,p_H,220,9.09090909090909,44
per_predator,P2,biomass,p_H,230,9.09090909090909,44
per_predator,P2,biomass,p_H,240,9.09090909090909,44
per_predator,P2,biomass,p_H,250,9.09090909090909,44
per_predator,P2,occurrence,p_H,10,8.16326530612245,49
per_predator,P2,occurrence,p_H,20,12.2448979591837,49
per_predator,P2,occurrence,p_H,30,14.2857142857143,49
per_predator,P2,occurrence,p_H,40,18.3673469387755,49
per_predator,P2,occurrence,p_H,50,14.2857142857143,49
per_predator,P2,occurrence,p_H,60,10.2040816326531,49
per_predator,P2,occurrence,p_H,70,12.2448979591837,49
per_predator,P2,occurrence,p_H,80,12.2448979591837,49
per_predator,P2,occurrence,p_H,90,10.4166666666667,48
per_predator,P2,occurrence,p_H,100,10.4166666666667,48
per_predator,P2,occurrence,p_H,110,12.5,48
per_predator,P2,occurrence,p_H,120,12.5,48
per_predator,P2,occurrence,p_H,130,14.5833333333333,48
per_predator,P2,occurrence,p_H,140,17.3913043478261,46
per_predator,P2,occurrence,p_H,150,17.3913043478261,46
per_predator,P2,occurrence,p_H,160,15.2173913043478,46
per_predator,P2,occurrence,p_H,170,13.0434782608696,46
per_predator,P2,occurrence,p_H,180,10.8695652173913,46
per_predator,P2,occurrence,p_H,190,10.8695652173913,46
per_predator,P2,occurrence,p_H,200,10.8695652173913,46
per_predator,P2,occurrence,p_H,210,13.0434782608696,46
per_predator,P2,occurrence,p_H,220,11.3636363636364,44
per_predator,P2,occurrence,p_H,230,11.3636363636364,44
per_predator,P2,occurrence,p_H,240,11.3636363636364,44
per_predator,P2,occurrence,p_H,250,13.6363636363636,44
pooled_2,P1,biomass,p_Bs,10,18.5185185185185,54
pooled_2,P1,biomass,p_Bs,20,18.5185185185185,54
pooled_2,P1,biomass,p_Bs,30,18.5185185185185,54
pooled_2,P1,biomass,p_Bs,40,18.5185185185185,54
pooled_2,P1,biomass,p_Bs,50,18.5185185185185,54
pooled_2,P1,biomass,p_Bs,60,18.5185185185185,54
pooled_2,P1,biomass,p_Bs,70,18.5185185185185,54
pooled_2,P1,biomass,p_Bs,80,18.5185185185185,54
pooled_2,P1,biomass,p_Bs,90,18.5185185185185,54
pooled_2,P1,biomass,p_Bs,100,18.5185185185185,54
pooled_2,P1,biomass,p_Bs,110,18.5185185185185,54
pooled_2,P1,biomass,p_Bs,120,18.5185185185185,54
pooled_2,P1,biomass,p_Bs,130,18.5185185185185,54
pooled_2,P1,biomass,p_Bs,140,18.5185185185185,54
pooled_2,P1,biomass,p_Bs,150,18.5185185185185,54
pooled_2,P1,biomass,p_Bs,160,18.5185185185185,54
pooled_2,P1,biomass,p_Bs,170,18.5185185185185,54
pooled_2,P1,biomass,p_Bs,180,18.5185185185185,54
pooled_2,P1,biomass,p_Bs,190,18.5185185185185,54
pooled_2,P1,biomass,p_Bs,200,18.5185185185185,54
pooled_2,P1,biomass,p_Bs,210,18.5185185185185,54
pooled_2,P1,biomass,p_Bs,220,18.5185185185185,54
pooled_2,P1,biomass,p_Bs,230,18.5185185185185,54
pooled_2,P1,biomass,p_Bs,240,18.5185185185185,54
pooled_2,P1,biomass,p_Bs,250,18.5185185185185,54
pooled_2,P1,occurrence,p_Bs,10,14.8148148148148,54
pooled_2,P1,occurrence,p_Bs,20,14.8148148148148,54
pooled_2,P1,occurrence,p_Bs,30,14.8148148148148,54
pooled_2,P1,occurrence,p_Bs,40,14.8148148148148,54
pooled_2,P1,occurrence,p_Bs,50,14.8148148148148,54
pooled_2,P1,occurrence,p_Bs,60,14.8148148148148,54
pooled_2,P1,occurrence,p_Bs,70,14.8148148148148,54
pooled_2,P1,occurrence,p_Bs,80,14.8148148148148,54
pooled_2,P1,occurrence,p_Bs,90,14.8148148148148,54
pooled_2,P1,occurrence,p_Bs,100,14.8148148148148,54
pooled_2,P1,occurrence,p_Bs,110,14.8148148148148,54
pooled_2,P1,occurrence,p_Bs,120,14.8148148148148,54
pooled_2,P1,occurrence,p_Bs,130,14.8148148148148,54
pooled_2,P1,occurrence,p_Bs,140,14.8148148148148,54
pooled_2,P1,occurrence,p_Bs,150,14.8148148148148,54
pooled_2,P1,occurrence,p_Bs,160,16.6666666666667,54
pooled_2,P1,occurrence,p_Bs,170,16.6666666666667,54
pooled_2,P1,occurrence,p_Bs,180,16.6666666666667,54
pooled_2,P1,occurrence,p_Bs,190,16.6666666666667,54
pooled_2,P1,occurrence,p_Bs,200,14.8148148148148,54
pooled_2,P1,occurrence,p_Bs,210,14.8148148148148,54
pooled_2,P1,occurrence,p_Bs,220,14.8148148148148,54
pooled_2,P1,occurrence,p_Bs,230,14.8148148148148,54
pooled_2,P1,occurrence,p_Bs,240,14.8148148148148,54
pooled_2,P1,occurrence,p_Bs,250,14.8148148148148,54
pooled_2,P3,biomass,p_Bs,10,18.1818181818182,55
pooled_2,P3,biomass,p_Bs,20,18.1818181818182,55
pooled_2,P3,biomass,p_Bs,30,18.1818181818182,55
pooled_2,P3,biomass,p_Bs,40,18.1818181818182,55
pooled_2,P3,biomass,p_Bs,50,18.1818181818182,55
pooled_2,P3,biomass,p_Bs,60,18.1818181818182,55
pooled_2,P3,biomass,p_Bs,70,18.1818181818182,55
pooled_2,P3,biomass,p_Bs,80,18.1818181818182,55
pooled_2,P3,biomass,p_Bs,90,18.1818181818182,55
pooled_2,P3,biomass,p_Bs,100,18.1818181818182,55
pooled_2,P3,biomass,p_Bs,110,18.1818181818182,55
pooled_2,P3,biomass,p_Bs,120,18.1818181818182,55
pooled_2,P3,biomass,p_Bs,130,18.1818181818182,55
pooled_2,P3,biomass,p_Bs,140,18.1818181818182,55
pooled_2,P3,biomass,p_Bs,150,18.1818181818182,55
pooled_2,P3,biomass,p_Bs,160,20,55
pooled_2,P3,biomass,p_Bs,170,20,55
pooled_2,P3,biomass,p_Bs,180,20,55
pooled_2,P3,biomass,p_Bs,190,20,55
pooled_2,P3,biomass,p_Bs,200,20,55
pooled_2,P3,biomass,p_Bs,210,20,55
pooled_2,P3,biomass,p_Bs,220,20,55
pooled_2,P3,biomass,p_Bs,230,20,55
pooled_2,P3,biomass,p_Bs,240,20,55
pooled_2,P3,biomass,p_Bs,250,20,55
pooled_2,P3,occurrence,p_Bs,10,14.5454545454545,55
pooled_2,P3,occurrence,p_Bs,20,14.5454545454545,55
pooled_2,P3,occurrence,p_Bs,30,14.5454545454545,55
pooled_2,P3,occurrence,p_Bs,40,14.5454545454545,55
pooled_2,P3,occurrence,p_Bs,50,14.5454545454545,55
pooled_2,P3,occurrence,p_Bs,60,16.3636363636364,55
pooled_2,P3,occurrence,p_Bs,70,16.3636363636364,55
pooled_2,P3,occurrence,p_Bs,80,18.1818181818182,55
pooled_2,P3,occurrence,p_Bs,90,18.1818181818182,55
pooled_2,P3,occurrence,p_Bs,100,16.3636363636364,55
pooled_2,P3,occurrence,p_Bs,110,16.3636363636364,55
pooled_2,P3,occurrence,p_Bs,120,16.3636363636364,55
pooled_2,P3,occurrence,p_Bs,130,16.3636363636364,55
pooled_2,P3,occurrence,p_Bs,140,16.3636363636364,55
pooled_2,P3,occurrence,p_Bs,150,16.3636363636364,55
pooled_2,P3,occurrence,p_Bs,160,18.1818181818182,55
pooled_2,P3,occurrence,p_Bs,170,18.1818181818182,55
pooled_2,P3,occurrence,p_Bs,180,16.3636363636364,55
pooled_2,P3,occurrence,p_Bs,190,16.3636363636364,55
pooled_2,P3,occurrence,p_Bs,200,16.3636363636364,55
pooled_2,P3,occurrence,p_Bs,210,16.3636363636364,55
pooled_2,P3,occurrence,p_Bs,220,16.3636363636364,55
pooled_2,P3,occurrence,p_Bs,230,16.3636363636364,55
pooled_2,P3,occurrence,p_Bs,240,16.3636363636364,55
pooled_2,P3,occurrence,p_Bs,250,16.3636363636364,55
pooled_2,PT,biomass,p_Bs,10,11.864406779661,59
pooled_2,PT,biomass,p_Bs,20,11.864406779661,59
pooled_2,PT,biomass,p_Bs,30,11.864406779661,59
pooled_2,PT,biomass,p_Bs,40,11.864406779661,59
pooled_2,PT,biomass,p_Bs,50,11.864406779661,59
pooled_2,PT,biomass,p_Bs,60,11.864406779661,59
pooled_2,PT,biomass,p_Bs,70,11.864406779661,59
pooled_2,PT,biomass,p_Bs,80,11.864406779661,59
pooled_2,PT,biomass,p_Bs,90,11.864406779661,59
pooled_2,PT,biomass,p_Bs,100,11.864406779661,59
pooled_2,PT,biomass,p_Bs,110,11.864406779661,59
pooled_2,PT,biomass,p_Bs,120,11.864406779661,59
pooled_2,PT,biomass,p_Bs,130,11.864406779661,59
pooled_2,PT,biomass,p_Bs,140,11.864406779661,59
pooled_2,PT,biomass,p_Bs,150,11.864406779661,59
pooled_2,PT,biomass,p_Bs,160,11.864406779661,59
pooled_2,PT,biomass,p_Bs,170,11.864406779661,59
pooled_2,PT,biomass,p_Bs,180,11.864406779661,59
pooled_2,PT,biomass,p_Bs,190,11.864406779661,59
pooled_2,PT,biomass,p_Bs,200,11.864406779661,59
pooled_2,PT,biomass,p_Bs,210,11.864406779661,59
pooled_2,PT,biomass,p_Bs,220,11.864406779661,59
pooled_2,PT,biomass,p_Bs,230,11.864406779661,59
pooled_2,PT,biomass,p_Bs,240,11.864406779661,59
pooled_2,PT,biomass,p_Bs,250,13.5593220338983,59
pooled_2,PT,occurrence,p_Bs,10,15.2542372881356,59
pooled_2,PT,occurrence,p_Bs,20,15.2542372881356,59
pooled_2,PT,occurrence,p_Bs,30,15.2542372881356,59
pooled_2,PT,occurrence,p_Bs,40,15.2542372881356,59
pooled_2,PT,occurrence,p_Bs,50,15.2542372881356,59
pooled_2,PT,occurrence,p_Bs,60,15.2542372881356,59
pooled_2,PT,occurrence,p_Bs,70,15.2542372881356,59
pooled_2,PT,occurrence,p_Bs,80,15.2542372881356,59
pooled_2,PT,occurrence,p_Bs,90,15.2542372881356,59
pooled_2,PT,occurrence,p_Bs,100,15.2542372881356,59
pooled_2,PT,occurrence,p_Bs,110,15.2542372881356,59
pooled_2,PT,occurrence,p_Bs,120,15.2542372881356,59
pooled_2,PT,occurrence,p_Bs,130,15.2542372881356,59
pooled_2,PT,occurrence,p_Bs,140,15.2542372881356,59
pooled_2,PT,occurrence,p_Bs,150,15.2542372881356,59
pooled_2,PT,occurrence,p_Bs,160,15.2542372881356,59
pooled_2,PT,occurrence,p_Bs,170,15.2542372881356,59
pooled_2,PT,occurrence,p_Bs,180,15.2542372881356,59
pooled_2,PT,occurrence,p_Bs,190,15.2542372881356,59
pooled_2,PT,occurrence,p_Bs,200,16.9491525423729,59
pooled_2,PT,occurrence,p_Bs,210,16.9491525423729,59
pooled_2,PT,occurrence,p_Bs,220,16.9491525423729,59
pooled_2,PT,occurrence,p_Bs,230,16.9491525423729,59
pooled_2,PT,occurrence,p_Bs,240,16.9491525423729,59
pooled_2,PT,occurrence,p_Bs,250,18.6440677966102,59
pooled_2,P4,biomass,p_Bs,10,15.3846153846154,52
pooled_2,P4,biomass,p_Bs,20,15.3846153846154,52
pooled_2,P4,biomass,p_Bs,30,15.3846153846154,52
pooled_2,P4,biomass,p_Bs,40,15.3846153846154,52
pooled_2,P4,biomass,p_Bs,50,15.3846153846154,52
pooled_2,P4,biomass,p_Bs,60,15.3846153846154,52
pooled_2,P4,biomass,p_Bs,70,15.3846153846154,52
pooled_2,P4,biomass,p_Bs,80,15.3846153846154,52
pooled_2,P4,biomass,p_Bs,90,15.3846153846154,52
pooled_2,P4,biomass,p_Bs,100,15.3846153846154,52
pooled_2,P4,biomass,p_Bs,110,15.3846153846154,52
pooled_2,P4,biomass,p_Bs,120,15.3846153846154,52
pooled_2,P4,biomass,p_Bs,130,15.3846153846154,52
pooled_2,P4,biomass,p_Bs,140,15.3846153846154,52
pooled_2,P4,biomass,p_Bs,150,15.3846153846154,52
pooled_2,P4,biomass,p_Bs,160,13.4615384615385,52
pooled_2,P4,biomass,p_Bs,170,13.4615384615385,52
pooled_2,P4,biomass,p_Bs,180,13.4615384615385,52
pooled_2,P4,biomass,p_Bs,190,13.4615384615385,52
pooled_2,P4,biomass,p_Bs,200,13.4615384615385,52
pooled_2,P4,biomass,p_Bs,210,13.4615384615385,52
pooled_2,P4,biomass,p_Bs,220,13.4615384615385,52
pooled_2,P4,biomass,p_Bs,230,13.4615384615385,52
pooled_2,P4,biomass,p_Bs,240,13.4615384615385,52
pooled_2,P4,biomass,p_Bs,250,13.4615384615385,52
pooled_2,P4,occurrence,p_Bs,10,15.3846153846154,52
pooled_2,P4,occurrence,p_Bs,20,15.3846153846154,52
pooled_2,P4,occurrence,p_Bs,30,15.3846153846154,52
pooled_2,P4,occurrence,p_Bs,40,15.3846153846154,52
pooled_2,P4,occurrence,p_Bs,50,13.4615384615385,52
pooled_2,P4,occurrence,p_Bs,60,13.4615384615385,52
pooled_2,P4,occurrence,p_Bs,70,13.4615384615385,52
pooled_2,P4,occurrence,p_Bs,80,13.4615384615385,52
pooled_2,P4,occurrence,p_Bs,90,13.4615384615385,52
pooled_2,P4,occurrence,p_Bs,100,13.4615384615385,52
pooled_2,P4,occurrence,p_Bs,110,13.4615384615385,52
pooled_2,P4,occurrence,p_Bs,120,13.4615384615385,52
pooled_2,P4,occurrence,p_Bs,130,13.4615384615385,52
pooled_2,P4,occurrence,p_Bs,140,13.4615384615385,52
pooled_2,P4,occurrence,p_Bs,150,13.4615384615385,52
pooled_2,P4,occurrence,p_Bs,160,11.5384615384615,52
pooled_2,P4,occurrence,p_Bs,170,11.5384615384615,52
pooled_2,P4,occurrence,p_Bs,180,13.4615384615385,52
pooled_2,P4,occurrence,p_Bs,190,13.4615384615385,52
pooled_2,P4,occurrence,p_Bs,200,13.4615384615385,52
pooled_2,P4,occurrence,p_Bs,210,13.4615384615385,52
pooled_2,P4,occurrence,p_Bs,220,13.4615384615385,52
pooled_2,P4,occurrence,p_Bs,230,13.4615384615385,52
pooled_2,P4,occurrence,p_Bs,240,13.4615384615385,52
pooled_2,P4,occurrence,p_Bs,250,15.3846153846154,52
pooled_2,P2,biomass,p_Bs,10,3.92156862745098,51
pooled_2,P2,biomass,p_Bs,20,3.92156862745098,51
pooled_2,P2,biomass,p_Bs,30,3.92156862745098,51
pooled_2,P2,biomass,p_Bs,40,3.92156862745098,51
pooled_2,P2,biomass,p_Bs,50,3.92156862745098,51
pooled_2,P2,biomass,p_Bs,60,3.92156862745098,51
pooled_2,P2,biomass,p_Bs,70,3.92156862745098,51
pooled_2,P2,biomass,p_Bs,80,3.92156862745098,51
pooled_2,P2,biomass,p_Bs,90,3.92156862745098,51
pooled_2,P2,biomass,p_Bs,100,3.92156862745098,51
pooled_2,P2,biomass,p_Bs,110,3.92156862745098,51
pooled_2,P2,biomass,p_Bs,120,3.92156862745098,51
pooled_2,P2,biomass,p_Bs,130,3.92156862745098,51
pooled_2,P2,biomass,p_Bs,140,3.92156862745098,51
pooled_2,P2,biomass,p_Bs,150,3.92156862745098,51
pooled_2,P2,biomass,p_Bs,160,3.92156862745098,51
pooled_2,P2,biomass,p_Bs,170,3.92156862745098,51
pooled_2,P2,biomass,p_Bs,180,3.92156862745098,51
pooled_2,P2,biomass,p_Bs,190,3.92156862745098,51
pooled_2,P2,biomass,p_Bs,200,3.92156862745098,51
pooled_2,P2,biomass,p_Bs,210,3.92156862745098,51
pooled_2,P2,biomass,p_Bs,220,3.92156862745098,51
pooled_2,P2,biomass,p_Bs,230,3.92156862745098,51
pooled_2,P2,biomass,p_Bs,240,3.92156862745098,51
pooled_2,P2,biomass,p_Bs,250,1.96078431372549,51
pooled_2,P2,occurrence,p_Bs,10,11.7647058823529,51
pooled_2,P2,occurrence,p_Bs,20,11.7647058823529,51
pooled_2,P2,occurrence,p_Bs,30,11.7647058823529,51
pooled_2,P2,occurrence,p_Bs,40,11.7647058823529,51
pooled_2,P2,occurrence,p_Bs,50,11.7647058823529,51
pooled_2,P2,occurrence,p_Bs,60,11.7647058823529,51
pooled_2,P2,occurrence,p_Bs,70,11.7647058823529,51
pooled_2,P2,occurrence,p_Bs,80,11.7647058823529,51
pooled_2,P2,occurrence,p_Bs,90,11.7647058823529,51
pooled_2,P2,occurrence,p_Bs,100,11.7647058823529,51
pooled_2,P2,occurrence,p_Bs,110,11.7647058823529,51
pooled_2,P2,occurrence,p_Bs,120,11.7647058823529,51
pooled_2,P2,occurrence,p_Bs,130,11.7647058823529,51
pooled_2,P2,occurrence,p_Bs,140,11.7647058823529,51
pooled_2,P2,occurrence,p_Bs,150,11.7647058823529,51
pooled_2,P2,occurrence,p_Bs,160,11.7647058823529,51
pooled_2,P2,occurrence,p_Bs,170,11.7647058823529,51
pooled_2,P2,occurrence,p_Bs,180,11.7647058823529,51
pooled_2,P2,occurrence,p_Bs,190,11.7647058823529,51
pooled_2,P2,occurrence,p_Bs,200,9.80392156862745,51
pooled_2,P2,occurrence,p_Bs,210,9.80392156862745,51
pooled_2,P2,occurrence,p_Bs,220,9.80392156862745,51
pooled_2,P2,occurrence,p_Bs,230,9.80392156862745,51
pooled_2,P2,occurrence,p_Bs,240,9.80392156862745,51
pooled_2,P2,occurrence,p_Bs,250,11.7647058823529,51
pooled_1,P1,biomass,p_Bs,10,18.5185185185185,54
pooled_1,P1,biomass,p_Bs,20,18.5185185185185,54
pooled_1,P1,biomass,p_Bs,30,18.5185185185185,54
pooled_1,P1,biomass,p_Bs,40,18.5185185185185,54
pooled_1,P1,biomass,p_Bs,50,18.5185185185185,54
pooled_1,P1,biomass,p_Bs,60,18.5185185185185,54
pooled_1,P1,biomass,p_Bs,70,18.5185185185185,54
pooled_1,P1,biomass,p_Bs,80,18.5185185185185,54
pooled_1,P1,biomass,p_Bs,90,18.5185185185185,54
pooled_1,P1,biomass,p_Bs,100,18.5185185185185,54
pooled_1,P1,biomass,p_Bs,110,18.5185185185185,54
pooled_1,P1,biomass,p_Bs,120,18.5185185185185,54
pooled_1,P1,biomass,p_Bs,130,18.5185185185185,54
pooled_1,P1,biomass,p_Bs,140,18.5185185185185,54
pooled_1,P1,biomass,p_Bs,150,18.5185185185185,54
pooled_1,P1,biomass,p_Bs,160,18.5185185185185,54
pooled_1,P1,biomass,p_Bs,170,18.5185185185185,54
pooled_1,P1,biomass,p_Bs,180,18.5185185185185,54
pooled_1,P1,biomass,p_Bs,190,18.5185185185185,54
pooled_1,P1,biomass,p_Bs,200,18.5185185185185,54
pooled_1,P1,biomass,p_Bs,210,18.5185185185185,54
pooled_1,P1,biomass,p_Bs,220,18.5185185185185,54
pooled_1,P1,biomass,p_Bs,230,18.5185185185185,54
pooled_1,P1,biomass,p_Bs,240,18.5185185185185,54
pooled_1,P1,biomass,p_Bs,250,18.5185185185185,54
pooled_1,P1,occurrence,p_Bs,10,14.8148148148148,54
pooled_1,P1,occurrence,p_Bs,20,14.8148148148148,54
pooled_1,P1,occurrence,p_Bs,30,14.8148148148148,54
pooled_1,P1,occurrence,p_Bs,40,14.8148148148148,54
pooled_1,P1,occurrence,p_Bs,50,14.8148148148148,54
pooled_1,P1,occurrence,p_Bs,60,14.8148148148148,54
pooled_1,P1,occurrence,p_Bs,70,14.8148148148148,54
pooled_1,P1,occurrence,p_Bs,80,14.8148148148148,54
pooled_1,P1,occurrence,p_Bs,90,14.8148148148148,54
pooled_1,P1,occurrence,p_Bs,100,14.8148148148148,54
pooled_1,P1,occurrence,p_Bs,110,14.8148148148148,54
pooled_1,P1,occurrence,p_Bs,120,14.8148148148148,54
pooled_1,P1,occurrence,p_Bs,130,14.8148148148148,54
pooled_1,P1,occurrence,p_Bs,140,14.8148148148148,54
pooled_1,P1,occurrence,p_Bs,150,14.8148148148148,54
pooled_1,P1,occurrence,p_Bs,160,16.6666666666667,54
pooled_1,P1,occurrence,p_Bs,170,16.6666666666667,54
pooled_1,P1,occurrence,p_Bs,180,16.6666666666667,54
pooled_1,P1,occurrence,p_Bs,190,16.6666666666667,54
pooled_1,P1,occurrence,p_Bs,200,14.8148148148148,54
pooled_1,P1,occurrence,p_Bs,210,14.8148148148148,54
pooled_1,P1,occurrence,p_Bs,220,14.8148148148148,54
pooled_1,P1,occurrence,p_Bs,230,14.8148148148148,54
pooled_1,P1,occurrence,p_Bs,240,14.8148148148148,54
pooled_1,P1,occurrence,p_Bs,250,14.8148148148148,54
pooled_1,P3,biomass,p_Bs,10,18.1818181818182,55
pooled_1,P3,biomass,p_Bs,20,18.1818181818182,55
pooled_1,P3,biomass,p_Bs,30,18.1818181818182,55
pooled_1,P3,biomass,p_Bs,40,18.1818181818182,55
pooled_1,P3,biomass,p_Bs,50,18.1818181818182,55
pooled_1,P3,biomass,p_Bs,60,18.1818181818182,55
pooled_1,P3,biomass,p_Bs,70,18.1818181818182,55
pooled_1,P3,biomass,p_Bs,80,18.1818181818182,55
pooled_1,P3,biomass,p_Bs,90,18.1818181818182,55
pooled_1,P3,biomass,p_Bs,100,18.1818181818182,55
pooled_1,P3,biomass,p_Bs,110,18.1818181818182,55
pooled_1,P3,biomass,p_Bs,120,18.1818181818182,55
pooled_1,P3,biomass,p_Bs,130,18.1818181818182,55
pooled_1,P3,biomass,p_Bs,140,18.1818181818182,55
pooled_1,P3,biomass,p_Bs,150,18.1818181818182,55
pooled_1,P3,biomass,p_Bs,160,20,55
pooled_1,P3,biomass,p_Bs,170,20,55
pooled_1,P3,biomass,p_Bs,180,20,55
pooled_1,P3,biomass,p_Bs,190,20,55
pooled_1,P3,biomass,p_Bs,200,20,55
pooled_1,P3,biomass,p_Bs,210,20,55
pooled_1,P3,biomass,p_Bs,220,20,55
pooled_1,P3,biomass,p_Bs,230,20,55
pooled_1,P3,biomass,p_Bs,240,20,55
pooled_1,P3,biomass,p_Bs,250,20,55
pooled_1,P3,occurrence,p_Bs,10,14.5454545454545,55
pooled_1,P3,occurrence,p_Bs,20,14.5454545454545,55
pooled_1,P3,occurrence,p_Bs,30,14.5454545454545,55
pooled_1,P3,occurrence,p_Bs,40,14.5454545454545,55
pooled_1,P3,occurrence,p_Bs,50,14.5454545454545,55
pooled_1,P3,occurrence,p_Bs,60,16.3636363636364,55
pooled_1,P3,occurrence,p_Bs,70,16.3636363636364,55
pooled_1,P3,occurrence,p_Bs,80,18.1818181818182,55
pooled_1,P3,occurrence,p_Bs,90,18.1818181818182,55
pooled_1,P3,occurrence,p_Bs,100,16.3636363636364,55
pooled_1,P3,occurrence,p_Bs,110,16.3636363636364,55
pooled_1,P3,occurrence,p_Bs,120,16.3636363636364,55
pooled_1,P3,occurrence,p_Bs,130,16.3636363636364,55
pooled_1,P3,occurrence,p_Bs,140,16.3636363636364,55
pooled_1,P3,occurrence,p_Bs,150,16.3636363636364,55
pooled_1,P3,occurrence,p_Bs,160,18.1818181818182,55
pooled_1,P3,occurrence,p_Bs,170,18.1818181818182,55
pooled_1,P3,occurrence,p_Bs,180,16.3636363636364,55
pooled_1,P3,occurrence,p_Bs,190,16.3636363636364,55
pooled_1,P3,occurrence,p_Bs,200,16.3636363636364,55
pooled_1,P3,occurrence,p_Bs,210,16.3636363636364,55
pooled_1,P3,occurrence,p_Bs,220,16.3636363636364,55
pooled_1,P3,occurrence,p_Bs,230,16.3636363636364,55
pooled_1,P3,occurrence,p_Bs,240,16.3636363636364,55
pooled_1,P3,occurrence,p_Bs,250,16.3636363636364,55
pooled_1,PT,biomass,p_Bs,10,11.864406779661,59
pooled_1,PT,biomass,p_Bs,20,11.864406779661,59
pooled_1,PT,biomass,p_Bs,30,11.864406779661,59
pooled_1,PT,biomass,p_Bs,40,11.864406779661,59
pooled_1,PT,biomass,p_Bs,50,11.864406779661,59
pooled_1,PT,biomass,p_Bs,60,11.864406779661,59
pooled_1,PT,biomass,p_Bs,70,11.864406779661,59
pooled_1,PT,biomass,p_Bs,80,11.864406779661,59
pooled_1,PT,biomass,p_Bs,90,11.864406779661,59
pooled_1,PT,biomass,p_Bs,100,11.864406779661,59
pooled_1,PT,biomass,p_Bs,110,11.864406779661,59
pooled_1,PT,biomass,p_Bs,120,11.864406779661,59
pooled_1,PT,biomass,p_Bs,130,11.864406779661,59
pooled_1,PT,biomass,p_Bs,140,11.864406779661,59
pooled_1,PT,biomass,p_Bs,150,11.864406779661,59
pooled_1,PT,biomass,p_Bs,160,11.864406779661,59
pooled_1,PT,biomass,p_Bs,170,11.864406779661,59
pooled_1,PT,biomass,p_Bs,180,11.864406779661,59
pooled_1,PT,biomass,p_Bs,190,11.864406779661,59
pooled_1,PT,biomass,p_Bs,200,11.864406779661,59
pooled_1,PT,biomass,p_Bs,210,11.864406779661,59
pooled_1,PT,biomass,p_Bs,220,11.864406779661,59
pooled_1,PT,biomass,p_Bs,230,11.864406779661,59
pooled_1,PT,biomass,p_Bs,240,11.864406779661,59
pooled_1,PT,biomass,p_Bs,250,13.5593220338983,59
pooled_1,PT,occurrence,p_Bs,10,15.2542372881356,59
pooled_1,PT,occurrence,p_Bs,20,15.2542372881356,59
pooled_1,PT,occurrence,p_Bs,30,15.2542372881356,59
pooled_1,PT,occurrence,p_Bs,40,15.2542372881356,59
pooled_1,PT,occurrence,p_Bs,50,15.2542372881356,59
pooled_1,PT,occurrence,p_Bs,60,15.2542372881356,59
pooled_1,PT,occurrence,p_Bs,70,15.2542372881356,59
pooled_1,PT,occurrence,p_Bs,80,15.2542372881356,59
pooled_1,PT,occurrence,p_Bs,90,15.2542372881356,59
pooled_1,PT,occurrence,p_Bs,100,15.2542372881356,59
pooled_1,PT,occurrence,p_Bs,110,15.2542372881356,59
pooled_1,PT,occurrence,p_Bs,120,15.2542372881356,59
pooled_1,PT,occurrence,p_Bs,130,15.2542372881356,59
pooled_1,PT,occurrence,p_Bs,140,15.2542372881356,59
pooled_1,PT,occurrence,p_Bs,150,15.2542372881356,59
pooled_1,PT,occurrence,p_Bs,160,15.2542372881356,59
pooled_1,PT,occurrence,p_Bs,170,15.2542372881356,59
pooled_1,PT,occurrence,p_Bs,180,15.2542372881356,59
pooled_1,PT,occurrence,p_Bs,190,15.2542372881356,59
pooled_1,PT,occurrence,p_Bs,200,16.9491525423729,59
pooled_1,PT,occurrence,p_Bs,210,16.9491525423729,59
pooled_1,PT,occurrence,p_Bs,220,16.9491525423729,59
pooled_1,PT,occurrence,p_Bs,230,16.9491525423729,59
pooled_1,PT,occurrence,p_Bs,240,16.9491525423729,59
pooled_1,PT,occurrence,p_Bs,250,18.6440677966102,59
pooled_1,P4,biomass,p_Bs,10,15.3846153846154,52
pooled_1,P4,biomass,p_Bs,20,15.3846153846154,52
pooled_1,P4,biomass,p_Bs,30,15.3846153846154,52
pooled_1,P4,biomass,p_Bs,40,15.3846153846154,52
pooled_1,P4,biomass,p_Bs,50,15.3846153846154,52
pooled_1,P4,biomass,p_Bs,60,15.3846153846154,52
pooled_1,P4,biomass,p_Bs,70,15.3846153846154,52
pooled_1,P4,biomass,p_Bs,80,15.3846153846154,52
pooled_1,P4,biomass,p_Bs,90,15.3846153846154,52
pooled_1,P4,biomass,p_Bs,100,15.3846153846154,52
pooled_1,P4,biomass,p_Bs,110,15.3846153846154,52
pooled_1,P4,biomass,p_Bs,120,15.3846153846154,52
pooled_1,P4,biomass,p_Bs,130,15.3846153846154,52
pooled_1,P4,biomass,p_Bs,140,15.3846153846154,52
pooled_1,P4,biomass,p_Bs,150,15.3846153846154,52
pooled_1,P4,biomass,p_Bs,160,13.4615384615385,52
pooled_1,P4,biomass,p_Bs,170,13.4615384615385,52
pooled_1,P4,biomass,p_Bs,180,13.4615384615385,52
pooled_1,P4,biomass,p_Bs,190,13.4615384615385,52
pooled_1,P4,biomass,p_Bs,200,13.4615384615385,52
pooled_1,P4,biomass,p_Bs,210,13.4615384615385,52
pooled_1,P4,biomass,p_Bs,220,13.4615384615385,52
pooled_1,P4,biomass,p_Bs,230,13.4615384615385,52
pooled_1,P4,biomass,p_Bs,240,13.4615384615385,52
pooled_1,P4,biomass,p_Bs,250,15.3846153846154,52
pooled_1,P4,occurrence,p_Bs,10,15.3846153846154,52
pooled_1,P4,occurrence,p_Bs,20,15.3846153846154,52
pooled_1,P4,occurrence,p_Bs,30,15.3846153846154,52
pooled_1,P4,occurrence,p_Bs,40,15.3846153846154,52
pooled_1,P4,occurrence,p_Bs,50,15.3846153846154,52
pooled_1,P4,occurrence,p_Bs,60,15.3846153846154,52
pooled_1,P4,occurrence,p_Bs,70,15.3846153846154,52
pooled_1,P4,occurrence,p_Bs,80,15.3846153846154,52
pooled_1,P4,occurrence,p_Bs,90,15.3846153846154,52
pooled_1,P4,occurrence,p_Bs,100,15.3846153846154,52
pooled_1,P4,occurrence,p_Bs,110,15.3846153846154,52
pooled_1,P4,occurrence,p_Bs,120,15.3846153846154,52
pooled_1,P4,occurrence,p_Bs,130,15.3846153846154,52
pooled_1,P4,occurrence,p_Bs,140,15.3846153846154,52
pooled_1,P4,occurrence,p_Bs,150,15.3846153846154,52
pooled_1,P4,occurrence,p_Bs,160,15.3846153846154,52
pooled_1,P4,occurrence,p_Bs,170,15.3846153846154,52
pooled_1,P4,occurrence,p_Bs,180,17.3076923076923,52
pooled_1,P4,occurrence,p_Bs,190,17.3076923076923,52
pooled_1,P4,occurrence,p_Bs,200,17.3076923076923,52
pooled_1,P4,occurrence,p_Bs,210,17.3076923076923,52
pooled_1,P4,occurrence,p_Bs,220,17.3076923076923,52
pooled_1,P4,occurrence,p_Bs,230,17.3076923076923,52
pooled_1,P4,occurrence,p_Bs,240,17.3076923076923,52
pooled_1,P4,occurrence,p_Bs,250,15.3846153846154,52
pooled_1,P2,biomass,p_Bs,10,3.92156862745098,51
pooled_1,P2,biomass,p_Bs,20,3.92156862745098,51
pooled_1,P2,biomass,p_Bs,30,3.92156862745098,51
pooled_1,P2,biomass,p_Bs,40,3.92156862745098,51
pooled_1,P2,biomass,p_Bs,50,3.92156862745098,51
pooled_1,P2,biomass,p_Bs,60,3.92156862745098,51
pooled_1,P2,biomass,p_Bs,70,3.92156862745098,51
pooled_1,P2,biomass,p_Bs,80,3.92156862745098,51
pooled_1,P2,biomass,p_Bs,90,3.92156862745098,51
pooled_1,P2,biomass,p_Bs,100,3.92156862745098,51
pooled_1,P2,biomass,p_Bs,110,3.92156862745098,51
pooled_1,P2,biomass,p_Bs,120,3.92156862745098,51
pooled_1,P2,biomass,p_Bs,130,3.92156862745098,51
pooled_1,P2,biomass,p_Bs,140,3.92156862745098,51
pooled_1,P2,biomass,p_Bs,150,3.92156862745098,51
pooled_1,P2,biomass,p_Bs,160,3.92156862745098,51
pooled_1,P2,biomass,p_Bs,170,3.92156862745098,51
pooled_1,P2,biomass,p_Bs,180,3.92156862745098,51
pooled_1,P2,biomass,p_Bs,190,3.92156862745098,51
pooled_1,P2,biomass,p_Bs,200,3.92156862745098,51
pooled_1,P2,biomass,p_Bs,210,3.92156862745098,51
pooled_1,P2,biomass,p_Bs,220,3.92156862745098,51
pooled_1,P2,biomass,p_Bs,230,3.92156862745098,51
pooled_1,P2,biomass,p_Bs,240,3.92156862745098,51
pooled_1,P2,biomass,p_Bs,250,1.96078431372549,51
pooled_1,P2,occurrence,p_Bs,10,11.7647058823529,51
pooled_1,P2,occurrence,p_Bs,20,11.7647058823529,51
pooled_1,P2,occurrence,p_Bs,30,11.7647058823529,51
pooled_1,P2,occurrence,p_Bs,40,11.7647058823529,51
pooled_1,P2,occurrence,p_Bs,50,11.7647058823529,51
pooled_1,P2,occurrence,p_Bs,60,11.7647058823529,51
pooled_1,P2,occurrence,p_Bs,70,11.7647058823529,51
pooled_1,P2,occurrence,p_Bs,80,11.7647058823529,51
pooled_1,P2,occurrence,p_Bs,90,11.7647058823529,51
pooled_1,P2,occurrence,p_Bs,100,11.7647058823529,51
pooled_1,P2,occurrence,p_Bs,110,11.7647058823529,51
pooled_1,P2,occurrence,p_Bs,120,11.7647058823529,51
pooled_1,P2,occurrence,p_Bs,130,11.7647058823529,51
pooled_1,P2,occurrence,p_Bs,140,11.7647058823529,51
pooled_1,P2,occurrence,p_Bs,150,11.7647058823529,51
pooled_1,P2,occurrence,p_Bs,160,11.7647058823529,51
pooled_1,P2,occurrence,p_Bs,170,11.7647058823529,51
pooled_1,P2,occurrence,p_Bs,180,11.7647058823529,51
pooled_1,P2,occurrence,p_Bs,190,11.7647058823529,51
pooled_1,P2,occurrence,p_Bs,200,9.80392156862745,51
pooled_1,P2,occurrence,p_Bs,210,9.80392156862745,51
pooled_1,P2,occurrence,p_Bs,220,9.80392156862745,51
pooled_1,P2,occurrence,p_Bs,230,9.80392156862745,51
pooled_1,P2,occurrence,p_Bs,240,9.80392156862745,51
pooled_1,P2,occurrence,p_Bs,250,11.7647058823529,51
per_predator,P1,biomass,p_Bs,10,18.8679245283019,53
per_predator,P1,biomass,p_Bs,20,18.8679245283019,53
per_predator,P1,biomass,p_Bs,30,18.8679245283019,53
per_predator,P1,biomass,p_Bs,40,18.8679245283019,53
per_predator,P1,biomass,p_Bs,50,16.9811320754717,53
per_predator,P1,biomass,p_Bs,60,15.0943396226415,53
per_predator,P1,biomass,p_Bs,70,13.2075471698113,53
per_predator,P1,biomass,p_Bs,80,13.2075471698113,53
per_predator,P1,biomass,p_Bs,90,11.3207547169811,53
per_predator,P1,biomass,p_Bs,100,11.3207547169811,53
per_predator,P1,biomass,p_Bs,110,11.3207547169811,53
per_predator,P1,biomass,p_Bs,120,11.3207547169811,53
per_predator,P1,biomass,p_Bs,130,11.3207547169811,53
per_predator,P1,biomass,p_Bs,140,11.5384615384615,52
per_predator,P1,biomass,p_Bs,150,5.88235294117647,51
per_predator,P1,biomass,p_Bs,160,5.88235294117647,51
per_predator,P1,biomass,p_Bs,170,9.80392156862745,51
per_predator,P1,biomass,p_Bs,180,9.80392156862745,51
per_predator,P1,biomass,p_Bs,190,9.80392156862745,51
per_predator,P1,biomass,p_Bs,200,11.7647058823529,51
per_predator,P1,biomass,p_Bs,210,9.80392156862745,51
per_predator,P1,biomass,p_Bs,220,12.2448979591837,49
per_predator,P1,biomass,p_Bs,230,12.2448979591837,49
per_predator,P1,biomass,p_Bs,240,12.2448979591837,49
per_predator,P1,biomass,p_Bs,250,12.2448979591837,49
per_predator,P1,occurrence,p_Bs,10,15.0943396226415,53
per_predator,P1,occurrence,p_Bs,20,15.0943396226415,53
per_predator,P1,occurrence,p_Bs,30,15.0943396226415,53
per_predator,P1,occurrence,p_Bs,40,15.0943396226415,53
per_predator,P1,occurrence,p_Bs,50,15.0943396226415,53
per_predator,P1,occurrence,p_Bs,60,13.2075471698113,53
per_predator,P1,occurrence,p_Bs,70,16.9811320754717,53
per_predator,P1,occurrence,p_Bs,80,16.9811320754717,53
per_predator,P1,occurrence,p_Bs,90,15.0943396226415,53
per_predator,P1,occurrence,p_Bs,100,15.0943396226415,53
per_predator,P1,occurrence,p_Bs,110,11.3207547169811,53
per_predator,P1,occurrence,p_Bs,120,11.3207547169811,53
per_predator,P1,occurrence,p_Bs,130,11.3207547169811,53
per_predator,P1,occurrence,p_Bs,140,15.3846153846154,52
per_predator,P1,occurrence,p_Bs,150,11.7647058823529,51
per_predator,P1,occurrence,p_Bs,160,11.7647058823529,51
per_predator,P1,occurrence,p_Bs,170,15.6862745098039,51
per_predator,P1,occurrence,p_Bs,180,19.6078431372549,51
per_predator,P1,occurrence,p_Bs,190,19.6078431372549,51
per_predator,P1,occurrence,p_Bs,200,19.6078431372549,51
per_predator,P1,occurrence,p_Bs,210,15.6862745098039,51
per_predator,P1,occurrence,p_Bs,220,18.3673469387755,49
per_predator,P1,occurrence,p_Bs,230,16.3265306122449,49
per_predator,P1,occurrence,p_Bs,240,18.3673469387755,49
per_predator,P1,occurrence,p_Bs,250,18.3673469387755,49
per_predator,P3,biomass,p_Bs,10,18.5185185185185,54
per_predator,P3,biomass,p_Bs,20,20.3703703703704,54
per_predator,P3,biomass,p_Bs,30,18.5185185185185,54
per_predator,P3,biomass,p_Bs,40,20.3703703703704,54
per_predator,P3,biomass,p_Bs,50,18.5185185185185,54
per_predator,P3,biomass,p_Bs,60,16.6666666666667,54
per_predator,P3,biomass,p_Bs,70,16.6666666666667,54
per_predator,P3,biomass,p_Bs,80,16.6666666666667,54
per_predator,P3,biomass,p_Bs,90,14.8148148148148,54
per_predator,P3,biomass,p_Bs,100,14.8148148148148,54
per_predator,P3,biomass,p_Bs,110,14.8148148148148,54
per_predator,P3,biomass,p_Bs,120,12.962962962963,54
per_predator,P3,biomass,p_Bs,130,12.962962962963,54
per_predator,P3,biomass,p_Bs,140,12.962962962963,54
per_predator,P3,biomass,p_Bs,150,7.40740740740741,54
per_predator,P3,biomass,p_Bs,160,7.40740740740741,54
per_predator,P3,biomass,p_Bs,170,11.1111111111111,54
per_predator,P3,biomass,p_Bs,180,9.25925925925926,54
per_predator,P3,biomass,p_Bs,190,9.25925925925926,54
per_predator,P3,biomass,p_Bs,200,11.1111111111111,54
per_predator,P3,biomass,p_Bs,210,11.1111111111111,54
per_predator,P3,biomass,p_Bs,220,13.4615384615385,52
per_predator,P3,biomass,p_Bs,230,13.4615384615385,52
per_predator,P3,biomass,p_Bs,240,13.4615384615385,52
per_predator,P3,biomass,p_Bs,250,13.4615384615385,52
per_predator,P3,occurrence,p_Bs,10,14.8148148148148,54
per_predator,P3,occurrence,p_Bs,20,18.5185185185185,54
per_predator,P3,occurrence,p_Bs,30,18.5185185185185,54
per_predator,P3,occurrence,p_Bs,40,16.6666666666667,54
per_predator,P3,occurrence,p_Bs,50,16.6666666666667,54
per_predator,P3,occurrence,p_Bs,60,14.8148148148148,54
per_predator,P3,occurrence,p_Bs,70,16.6666666666667,54
per_predator,P3,occurrence,p_Bs,80,16.6666666666667,54
per_predator,P3,occurrence,p_Bs,90,14.8148148148148,54
per_predator,P3,occurrence,p_Bs,100,14.8148148148148,54
per_predator,P3,occurrence,p_Bs,110,14.8148148148148,54
per_predator,P3,occurrence,p_Bs,120,16.6666666666667,54
per_predator,P3,occurrence,p_Bs,130,16.6666666666667,54
per_predator,P3,occurrence,p_Bs,140,14.8148148148148,54
per_predator,P3,occurrence,p_Bs,150,12.962962962963,54
per_predator,P3,occurrence,p_Bs,160,12.962962962963,54
per_predator,P3,occurrence,p_Bs,170,14.8148148148148,54
per_predator,P3,occurrence,p_Bs,180,16.6666666666667,54
per_predator,P3,occurrence,p_Bs,190,16.6666666666667,54
per_predator,P3,occurrence,p_Bs,200,20.3703703703704,54
per_predator,P3,occurrence,p_Bs,210,16.6666666666667,54
per_predator,P3,occurrence,p_Bs,220,19.2307692307692,52
per_predator,P3,occurrence,p_Bs,230,19.2307692307692,52
per_predator,P3,occurrence,p_Bs,240,19.2307692307692,52
per_predator,P3,occurrence,p_Bs,250,21.1538461538462,52
per_predator,PT,biomass,p_Bs,10,14.0350877192982,57
per_predator,PT,biomass,p_Bs,20,19.2982456140351,57
per_predator,PT,biomass,p_Bs,30,17.5438596491228,57
per_predator,PT,biomass,p_Bs,40,19.2982456140351,57
per_predator,PT,biomass,p_Bs,50,17.5438596491228,57
per_predator,PT,biomass,p_Bs,60,17.5438596491228,57
per_predator,PT,biomass,p_Bs,70,17.5438596491228,57
per_predator,PT,biomass,p_Bs,80,15.7894736842105,57
per_predator,PT,biomass,p_Bs,90,14.0350877192982,57
per_predator,PT,biomass,p_Bs,100,15.7894736842105,57
per_predator,PT,biomass,p_Bs,110,14.0350877192982,57
per_predator,PT,biomass,p_Bs,120,14.0350877192982,57
per_predator,PT,biomass,p_Bs,130,12.280701754386,57
per_predator,PT,biomass,p_Bs,140,14.2857142857143,56
per_predator,PT,biomass,p_Bs,150,17.8571428571429,56
per_predator,PT,biomass,p_Bs,160,17.8571428571429,56
per_predator,PT,biomass,p_Bs,170,14.2857142857143,56
per_predator,PT,biomass,p_Bs,180,14.2857142857143,56
per_predator,PT,biomass,p_Bs,190,16.0714285714286,56
per_predator,PT,biomass,p_Bs,200,17.8571428571429,56
per_predator,PT,biomass,p_Bs,210,16.0714285714286,56
per_predator,PT,biomass,p_Bs,220,14.5454545454545,55
per_predator,PT,biomass,p_Bs,230,14.5454545454545,55
per_predator,PT,biomass,p_Bs,240,14.5454545454545,55
per_predator,PT,biomass,p_Bs,250,16.3636363636364,55
per_predator,PT,occurrence,p_Bs,10,21.0526315789474,57
per_predator,PT,occurrence,p_Bs,20,26.3157894736842,57
per_predator,PT,occurrence,p_Bs,30,26.3157894736842,57
per_predator,PT,occurrence,p_Bs,40,28.0701754385965,57
per_predator,PT,occurrence,p_Bs,50,29.8245614035088,57
per_predator,PT,occurrence,p_Bs,60,31.5789473684211,57
per_predator,PT,occurrence,p_Bs,70,29.8245614035088,57
per_predator,PT,occurrence,p_Bs,80,29.8245614035088,57
per_predator,PT,occurrence,p_Bs,90,31.5789473684211,57
per_predator,PT,occurrence,p_Bs,100,31.5789473684211,57
per_predator,PT,occurrence,p_Bs,110,36.8421052631579,57
per_predator,PT,occurrence,p_Bs,120,35.0877192982456,57
per_predator,PT,occurrence,p_Bs,130,33.3333333333333,57
per_predator,PT,occurrence,p_Bs,140,32.1428571428572,56
per_predator,PT,occurrence,p_Bs,150,30.3571428571429,56
per_predator,PT,occurrence,p_Bs,160,30.3571428571429,56
per_predator,PT,occurrence,p_Bs,170,30.3571428571429,56
per_predator,PT,occurrence,p_Bs,180,30.3571428571429,56
per_predator,PT,occurrence,p_Bs,190,30.3571428571429,56
per_predator,PT,occurrence,p_Bs,200,28.5714285714286,56
per_predator,PT,occurrence,p_Bs,210,28.5714285714286,56
per_predator,PT,occurrence,p_Bs,220,25.4545454545455,55
per_predator,PT,occurrence,p_Bs,230,25.4545454545455,55
per_predator,PT,occurrence,p_Bs,240,23.6363636363636,55
per_predator,PT,occurrence,p_Bs,250,21.8181818181818,55
per_predator,P4,biomass,p_Bs,10,15.6862745098039,51
per_predator,P4,biomass,p_Bs,20,17.6470588235294,51
per_predator,P4,biomass,p_Bs,30,17.6470588235294,51
per_predator,P4,biomass,p_Bs,40,15.6862745098039,51
per_predator,P4,biomass,p_Bs,50,17.6470588235294,51
per_predator,P4,biomass,p_Bs,60,17.6470588235294,51
per_predator,P4,biomass,p_Bs,70,15.6862745098039,51
per_predator,P4,biomass,p_Bs,80,15.6862745098039,51
per_predator,P4,biomass,p_Bs,90,14,50
per_predator,P4,biomass,p_Bs,100,16,50
per_predator,P4,biomass,p_Bs,110,18,50
per_predator,P4,biomass,p_Bs,120,18.3673469387755,49
per_predator,P4,biomass,p_Bs,130,16.3265306122449,49
per_predator,P4,biomass,p_Bs,140,20.4081632653061,49
per_predator,P4,biomass,p_Bs,150,18.75,48
per_predator,P4,biomass,p_Bs,160,18.75,48
per_predator,P4,biomass,p_Bs,170,16.6666666666667,48
per_predator,P4,biomass,p_Bs,180,16.6666666666667,48
per_predator,P4,biomass,p_Bs,190,18.75,48
per_predator,P4,biomass,p_Bs,200,18.75,48
per_predator,P4,biomass,p_Bs,210,14.5833333333333,48
per_predator,P4,biomass,p_Bs,220,14.8936170212766,47
per_predator,P4,biomass,p_Bs,230,14.8936170212766,47
per_predator,P4,biomass,p_Bs,240,12.7659574468085,47
per_predator,P4,biomass,p_Bs,250,14.8936170212766,47
per_predator,P4,occurrence,p_Bs,10,19.6078431372549,51
per_predator,P4,occurrence,p_Bs,20,19.6078431372549,51
per_predator,P4,occurrence,p_Bs,30,17.6470588235294,51
per_predator,P4,occurrence,p_Bs,40,15.6862745098039,51
per_predator,P4,occurrence,p_Bs,50,15.6862745098039,51
per_predator,P4,occurrence,p_Bs,60,15.6862745098039,51
per_predator,P4,occurrence,p_Bs,70,15.6862745098039,51
per_predator,P4,occurrence,p_Bs,80,17.6470588235294,51
per_predator,P4,occurrence,p_Bs,90,20,50
per_predator,P4,occurrence,p_Bs,100,20,50
per_predator,P4,occurrence,p_Bs,110,20,50
per_predator,P4,occurrence,p_Bs,120,18.3673469387755,49
per_predator,P4,occurrence,p_Bs,130,16.3265306122449,49
per_predator,P4,occurrence,p_Bs,140,16.3265306122449,49
per_predator,P4,occurrence,p_Bs,150,16.6666666666667,48
per_predator,P4,occurrence,p_Bs,160,18.75,48
per_predator,P4,occurrence,p_Bs,170,16.6666666666667,48
per_predator,P4,occurrence,p_Bs,180,16.6666666666667,48
per_predator,P4,occurrence,p_Bs,190,12.5,48
per_predator,P4,occurrence,p_Bs,200,14.5833333333333,48
per_predator,P4,occurrence,p_Bs,210,14.5833333333333,48
per_predator,P4,occurrence,p_Bs,220,10.6382978723404,47
per_predator,P4,occurrence,p_Bs,230,10.6382978723404,47
per_predator,P4,occurrence,p_Bs,240,10.6382978723404,47
per_predator,P4,occurrence,p_Bs,250,10.6382978723404,47
per_predator,P2,biomass,p_Bs,10,6.12244897959184,49
per_predator,P2,biomass,p_Bs,20,4.08163265306122,49
per_predator,P2,biomass,p_Bs,30,4.08163265306122,49
per_predator,P2,biomass,p_Bs,40,4.08163265306122,49
per_predator,P2,biomass,p_Bs,50,4.08163265306122,49
per_predator,P2,biomass,p_Bs,60,4.08163265306122,49
per_predator,P2,biomass,p_Bs,70,4.08163265306122,49
per_predator,P2,biomass,p_Bs,80,4.08163265306122,49
per_predator,P2,biomass,p_Bs,90,4.16666666666667,48
per_predator,P2,biomass,p_Bs,100,4.16666666666667,48
per_predator,P2,biomass,p_Bs,110,6.25,48
per_predator,P2,biomass,p_Bs,120,4.16666666666667,48
per_predator,P2,biomass,p_Bs,130,6.25,48
per_predator,P2,biomass,p_Bs,140,6.52173913043478,46
per_predator,P2,biomass,p_Bs,150,4.34782608695652,46
per_predator,P2,biomass,p_Bs,160,4.34782608695652,46
per_predator,P2,biomass,p_Bs,170,8.69565217391304,46
per_predator,P2,biomass,p_Bs,180,6.52173913043478,46
per_predator,P2,biomass,p_Bs,190,6.52173913043478,46
per_predator,P2,biomass,p_Bs,200,6.52173913043478,46
per_predator,P2,biomass,p_Bs,210,6.52173913043478,46
per_predator,P2,biomass,p_Bs,220,6.81818181818182,44
per_predator,P2,biomass,p_Bs,230,6.81818181818182,44
per_predator,P2,biomass,p_Bs,240,6.81818181818182,44
per_predator,P2,biomass,p_Bs,250,6.81818181818182,44
per_predator,P2,occurrence,p_Bs,10,12.2448979591837,49
per_predator,P2,occurrence,p_Bs,20,14.2857142857143,49
per_predator,P2,occurrence,p_Bs,30,16.3265306122449,49
per_predator,P2,occurrence,p_Bs,40,16.3265306122449,49
per_predator,P2,occurrence,p_Bs,50,14.2857142857143,49
per_predator,P2,occurrence,p_Bs,60,14.2857142857143,49
per_predator,P2,occurrence,p_Bs,70,16.3265306122449,49
per_predator,P2,occurrence,p_Bs,80,16.3265306122449,49
per_predator,P2,occurrence,p_Bs,90,14.5833333333333,48
per_predator,P2,occurrence,p_Bs,100,14.5833333333333,48
per_predator,P2,occurrence,p_Bs,110,18.75,48
per_predator,P2,occurrence,p_Bs,120,14.5833333333333,48
per_predator,P2,occurrence,p_Bs,130,14.5833333333333,48
per_predator,P2,occurrence,p_Bs,140,13.0434782608696,46
per_predator,P2,occurrence,p_Bs,150,13.0434782608696,46
per_predator,P2,occurrence,p_Bs,160,13.0434782608696,46
per_predator,P2,occurrence,p_Bs,170,15.2173913043478,46
per_predator,P2,occurrence,p_Bs,180,15.2173913043478,46
per_predator,P2,occurrence,p_Bs,190,13.0434782608696,46
per_predator,P2,occurrence,p_Bs,200,13.0434782608696,46
per_predator,P2,occurrence,p_Bs,210,13.0434782608696,46
per_predator,P2,occurrence,p_Bs,220,11.3636363636364,44
per_predator,P2,occurrence,p_Bs,230,11.3636363636364,44
per_predator,P2,occurrence,p_Bs,240,11.3636363636364,44
per_predator,P2,occurrence,p_Bs,250,13.6363636363636,44
pooled_2,P1,biomass,p_disp,10,9.25925925925926,54
pooled_2,P1,biomass,p_disp,20,11.1111111111111,54
pooled_2,P1,biomass,p_disp,30,11.1111111111111,54
pooled_2,P1,biomass,p_disp,40,12.962962962963,54
pooled_2,P1,biomass,p_disp,50,11.1111111111111,54
pooled_2,P1,biomass,p_disp,60,11.1111111111111,54
pooled_2,P1,biomass,p_disp,70,11.1111111111111,54
pooled_2,P1,biomass,p_disp,80,11.1111111111111,54
pooled_2,P1,biomass,p_disp,90,11.1111111111111,54
pooled_2,P1,biomass,p_disp,100,11.1111111111111,54
pooled_2,P1,biomass,p_disp,110,11.1111111111111,54
pooled_2,P1,biomass,p_disp,120,11.1111111111111,54
pooled_2,P1,biomass,p_disp,130,11.1111111111111,54
pooled_2,P1,biomass,p_disp,140,11.1111111111111,54
pooled_2,P1,biomass,p_disp,150,11.1111111111111,54
pooled_2,P1,biomass,p_disp,160,11.1111111111111,54
pooled_2,P1,biomass,p_disp,170,12.962962962963,54
pooled_2,P1,biomass,p_disp,180,11.1111111111111,54
pooled_2,P1,biomass,p_disp,190,11.1111111111111,54
pooled_2,P1,biomass,p_disp,200,11.1111111111111,54
pooled_2,P1,biomass,p_disp,210,12.962962962963,54
pooled_2,P1,biomass,p_disp,220,11.1111111111111,54
pooled_2,P1,biomass,p_disp,230,9.25925925925926,54
pooled_2,P1,biomass,p_disp,240,11.1111111111111,54
pooled_2,P1,biomass,p_disp,250,11.1111111111111,54
pooled_2,P1,occurrence,p_disp,10,7.40740740740741,54
pooled_2,P1,occurrence,p_disp,20,5.55555555555556,54
pooled_2,P1,occurrence,p_disp,30,7.40740740740741,54
pooled_2,P1,occurrence,p_disp,40,7.40740740740741,54
pooled_2,P1,occurrence,p_disp,50,7.40740740740741,54
pooled_2,P1,occurrence,p_disp,60,5.55555555555556,54
pooled_2,P1,occurrence,p_disp,70,5.55555555555556,54
pooled_2,P1,occurrence,p_disp,80,7.40740740740741,54
pooled_2,P1,occurrence,p_disp,90,5.55555555555556,54
pooled_2,P1,occurrence,p_disp,100,5.55555555555556,54
pooled_2,P1,occurrence,p_disp,110,9.25925925925926,54
pooled_2,P1,occurrence,p_disp,120,5.55555555555556,54
pooled_2,P1,occurrence,p_disp,130,5.55555555555556,54
pooled_2,P1,occurrence,p_disp,140,5.55555555555556,54
pooled_2,P1,occurrence,p_disp,150,5.55555555555556,54
pooled_2,P1,occurrence,p_disp,160,9.25925925925926,54
pooled_2,P1,occurrence,p_disp,170,7.40740740740741,54
pooled_2,P1,occurrence,p_disp,180,7.40740740740741,54
pooled_2,P1,occurrence,p_disp,190,9.25925925925926,54
pooled_2,P1,occurrence,p_disp,200,7.40740740740741,54
pooled_2,P1,occurrence,p_disp,210,5.55555555555556,54
pooled_2,P1,occurrence,p_disp,220,7.40740740740741,54
pooled_2,P1,occurrence,p_disp,230,7.40740740740741,54
pooled_2,P1,occurrence,p_disp,240,5.55555555555556,54
pooled_2,P1,occurrence,p_disp,250,7.40740740740741,54
pooled_2,P3,biomass,p_disp,10,5.45454545454545,55
pooled_2,P3,biomass,p_disp,20,5.45454545454545,55
pooled_2,P3,biomass,p_disp,30,5.45454545454545,55
pooled_2,P3,biomass,p_disp,40,5.45454545454545,55
pooled_2,P3,biomass,p_disp,50,5.45454545454545,55
pooled_2,P3,biomass,p_disp,60,7.27272727272727,55
pooled_2,P3,biomass,p_disp,70,3.63636363636364,55
pooled_2,P3,biomass,p_disp,80,3.63636363636364,55
pooled_2,P3,biomass,p_disp,90,5.45454545454545,55
pooled_2,P3,biomass,p_disp,100,5.45454545454545,55
pooled_2,P3,biomass,p_disp,110,5.45454545454545,55
pooled_2,P3,biomass,p_disp,120,5.45454545454545,55
pooled_2,P3,biomass,p_disp,130,5.45454545454545,55
pooled_2,P3,biomass,p_disp,140,5.45454545454545,55
pooled_2,P3,biomass,p_disp,150,5.45454545454545,55
pooled_2,P3,biomass,p_disp,160,3.63636363636364,55
pooled_2,P3,biomass,p_disp,170,3.63636363636364,55
pooled_2,P3,biomass,p_disp,180,3.63636363636364,55
pooled_2,P3,biomass,p_disp,190,3.63636363636364,55
pooled_2,P3,biomass,p_disp,200,3.63636363636364,55
pooled_2,P3,biomass,p_disp,210,3.63636363636364,55
pooled_2,P3,biomass,p_disp,220,3.63636363636364,55
pooled_2,P3,biomass,p_disp,230,3.63636363636364,55
pooled_2,P3,biomass,p_disp,240,3.63636363636364,55
pooled_2,P3,biomass,p_disp,250,3.63636363636364,55
pooled_2,P3,occurrence,p_disp,10,5.45454545454545,55
pooled_2,P3,occurrence,p_disp,20,5.45454545454545,55
pooled_2,P3,occurrence,p_disp,30,5.45454545454545,55
pooled_2,P3,occurrence,p_disp,40,5.45454545454545,55
pooled_2,P3,occurrence,p_disp,50,5.45454545454545,55
pooled_2,P3,occurrence,p_disp,60,5.45454545454545,55
pooled_2,P3,occurrence,p_disp,70,5.45454545454545,55
pooled_2,P3,occurrence,p_disp,80,5.45454545454545,55
pooled_2,P3,occurrence,p_disp,90,5.45454545454545,55
pooled_2,P3,occurrence,p_disp,100,5.45454545454545,55
pooled_2,P3,occurrence,p_disp,110,5.45454545454545,55
pooled_2,P3,occurrence,p_disp,120,5.45454545454545,55
pooled_2,P3,occurrence,p_disp,130,5.45454545454545,55
pooled_2,P3,occurrence,p_disp,140,5.45454545454545,55
pooled_2,P3,occurrence,p_disp,150,5.45454545454545,55
pooled_2,P3,occurrence,p_disp,160,5.45454545454545,55
pooled_2,P3,occurrence,p_disp,170,5.45454545454545,55
pooled_2,P3,occurrence,p_disp,180,5.45454545454545,55
pooled_2,P3,occurrence,p_disp,190,5.45454545454545,55
pooled_2,P3,occurrence,p_disp,200,5.45454545454545,55
pooled_2,P3,occurrence,p_disp,210,5.45454545454545,55
pooled_2,P3,occurrence,p_disp,220,5.45454545454545,55
pooled_2,P3,occurrence,p_disp,230,3.63636363636364,55
pooled_2,P3,occurrence,p_disp,240,5.45454545454545,55
pooled_2,P3,occurrence,p_disp,250,5.45454545454545,55
pooled_2,PT,biomass,p_disp,10,32.2033898305085,59
pooled_2,PT,biomass,p_disp,20,33.8983050847458,59
pooled_2,PT,biomass,p_disp,30,33.8983050847458,59
pooled_2,PT,biomass,p_disp,40,33.8983050847458,59
pooled_2,PT,biomass,p_disp,50,35.5932203389831,59
pooled_2,PT,biomass,p_disp,60,30.5084745762712,59
pooled_2,PT,biomass,p_disp,70,28.8135593220339,59
pooled_2,PT,biomass,p_disp,80,30.5084745762712,59
pooled_2,PT,biomass,p_disp,90,30.5084745762712,59
pooled_2,PT,biomass,p_disp,100,32.2033898305085,59
pooled_2,PT,biomass,p_disp,110,28.8135593220339,59
pooled_2,PT,biomass,p_disp,120,30.5084745762712,59
pooled_2,PT,biomass,p_disp,130,28.8135593220339,59
pooled_2,PT,biomass,p_disp,140,27.1186440677966,59
pooled_2,PT,biomass,p_disp,150,30.5084745762712,59
pooled_2,PT,biomass,p_disp,160,28.8135593220339,59
pooled_2,PT,biomass,p_disp,170,27.1186440677966,59
pooled_2,PT,biomass,p_disp,180,27.1186440677966,59
pooled_2,PT,biomass,p_disp,190,25.4237288135593,59
pooled_2,PT,biomass,p_disp,200,25.4237288135593,59
pooled_2,PT,biomass,p_disp,210,23.728813559322,59
pooled_2,PT,biomass,p_disp,220,23.728813559322,59
pooled_2,PT,biomass,p_disp,230,23.728813559322,59
pooled_2,PT,biomass,p_disp,240,25.4237288135593,59
pooled_2,PT,biomass,p_disp,250,22.0338983050847,59
pooled_2,PT,occurrence,p_disp,10,44.0677966101695,59
pooled_2,PT,occurrence,p_disp,20,44.0677966101695,59
pooled_2,PT,occurrence,p_disp,30,44.0677966101695,59
pooled_2,PT,occurrence,p_disp,40,44.0677966101695,59
pooled_2,PT,occurrence,p_disp,50,44.0677966101695,59
pooled_2,PT,occurrence,p_disp,60,42.3728813559322,59
pooled_2,PT,occurrence,p_disp,70,42.3728813559322,59
pooled_2,PT,occurrence,p_disp,80,42.3728813559322,59
pooled_2,PT,occurrence,p_disp,90,40.6779661016949,59
pooled_2,PT,occurrence,p_disp,100,44.0677966101695,59
pooled_2,PT,occurrence,p_disp,110,42.3728813559322,59
pooled_2,PT,occurrence,p_disp,120,42.3728813559322,59
pooled_2,PT,occurrence,p_disp,130,42.3728813559322,59
pooled_2,PT,occurrence,p_disp,140,40.6779661016949,59
pooled_2,PT,occurrence,p_disp,150,42.3728813559322,59
pooled_2,PT,occurrence,p_disp,160,40.6779661016949,59
pooled_2,PT,occurrence,p_disp,170,40.6779661016949,59
pooled_2,PT,occurrence,p_disp,180,40.6779661016949,59
pooled_2,PT,occurrence,p_disp,190,38.9830508474576,59
pooled_2,PT,occurrence,p_disp,200,37.2881355932203,59
pooled_2,PT,occurrence,p_disp,210,37.2881355932203,59
pooled_2,PT,occurrence,p_disp,220,37.2881355932203,59
pooled_2,PT,occurrence,p_disp,230,37.2881355932203,59
pooled_2,PT,occurrence,p_disp,240,38.9830508474576,59
pooled_2,PT,occurrence,p_disp,250,35.5932203389831,59
pooled_2,P4,biomass,p_disp,10,17.3076923076923,52
pooled_2,P4,biomass,p_disp,20,17.3076923076923,52
pooled_2,P4,biomass,p_disp,30,17.3076923076923,52
pooled_2,P4,biomass,p_disp,40,17.3076923076923,52
pooled_2,P4,biomass,p_disp,50,19.2307692307692,52
pooled_2,P4,biomass,p_disp,60,15.3846153846154,52
pooled_2,P4,biomass,p_disp,70,17.3076923076923,52
pooled_2,P4,biomass,p_disp,80,15.3846153846154,52
pooled_2,P4,biomass,p_disp,90,15.3846153846154,52
pooled_2,P4,biomass,p_disp,100,15.3846153846154,52
pooled_2,P4,biomass,p_disp,110,15.3846153846154,52
pooled_2,P4,biomass,p_disp,120,15.3846153846154,52
pooled_2,P4,biomass,p_disp,130,15.3846153846154,52
pooled_2,P4,biomass,p_disp,140,15.3846153846154,52
pooled_2,P4,biomass,p_disp,150,17.3076923076923,52
pooled_2,P4,biomass,p_disp,160,13.4615384615385,52
pooled_2,P4,biomass,p_disp,170,13.4615384615385,52
pooled_2,P4,biomass,p_disp,180,13.4615384615385,52
pooled_2,P4,biomass,p_disp,190,13.4615384615385,52
pooled_2,P4,biomass,p_disp,200,13.4615384615385,52
pooled_2,P4,biomass,p_disp,210,13.4615384615385,52
pooled_2,P4,biomass,p_disp,220,13.4615384615385,52
pooled_2,P4,biomass,p_disp,230,13.4615384615385,52
pooled_2,P4,biomass,p_disp,240,13.4615384615385,52
pooled_2,P4,biomass,p_disp,250,13.4615384615385,52
pooled_2,P4,occurrence,p_disp,10,25,52
pooled_2,P4,occurrence,p_disp,20,25,52
pooled_2,P4,occurrence,p_disp,30,25,52
pooled_2,P4,occurrence,p_disp,40,25,52
pooled_2,P4,occurrence,p_disp,50,23.0769230769231,52
pooled_2,P4,occurrence,p_disp,60,26.9230769230769,52
pooled_2,P4,occurrence,p_disp,70,25,52
pooled_2,P4,occurrence,p_disp,80,25,52
pooled_2,P4,occurrence,p_disp,90,21.1538461538462,52
pooled_2,P4,occurrence,p_disp,100,26.9230769230769,52
pooled_2,P4,occurrence,p_disp,110,23.0769230769231,52
pooled_2,P4,occurrence,p_disp,120,25,52
pooled_2,P4,occurrence,p_disp,130,23.0769230769231,52
pooled_2,P4,occurrence,p_disp,140,23.0769230769231,52
pooled_2,P4,occurrence,p_disp,150,25,52
pooled_2,P4,occurrence,p_disp,160,23.0769230769231,52
pooled_2,P4,occurrence,p_disp,170,23.0769230769231,52
pooled_2,P4,occurrence,p_disp,180,21.1538461538462,52
pooled_2,P4,occurrence,p_disp,190,19.2307692307692,52
pooled_2,P4,occurrence,p_disp,200,21.1538461538462,52
pooled_2,P4,occurrence,p_disp,210,21.1538461538462,52
pooled_2,P4,occurrence,p_disp,220,19.2307692307692,52
pooled_2,P4,occurrence,p_disp,230,21.1538461538462,52
pooled_2,P4,occurrence,p_disp,240,19.2307692307692,52
pooled_2,P4,occurrence,p_disp,250,19.2307692307692,52
pooled_2,P2,biomass,p_disp,10,7.84313725490196,51
pooled_2,P2,biomass,p_disp,20,7.84313725490196,51
pooled_2,P2,biomass,p_disp,30,7.84313725490196,51
pooled_2,P2,biomass,p_disp,40,7.84313725490196,51
pooled_2,P2,biomass,p_disp,50,7.84313725490196,51
pooled_2,P2,biomass,p_disp,60,7.84313725490196,51
pooled_2,P2,biomass,p_disp,70,7.84313725490196,51
pooled_2,P2,biomass,p_disp,80,7.84313725490196,51
pooled_2,P2,biomass,p_disp,90,7.84313725490196,51
pooled_2,P2,biomass,p_disp,100,7.84313725490196,51
pooled_2,P2,biomass,p_disp,110,9.80392156862745,51
pooled_2,P2,biomass,p_disp,120,7.84313725490196,51
pooled_2,P2,biomass,p_disp,130,9.80392156862745,51
pooled_2,P2,biomass,p_disp,140,7.84313725490196,51
pooled_2,P2,biomass,p_disp,150,9.80392156862745,51
pooled_2,P2,biomass,p_disp,160,7.84313725490196,51
pooled_2,P2,biomass,p_disp,170,7.84313725490196,51
pooled_2,P2,biomass,p_disp,180,7.84313725490196,51
pooled_2,P2,biomass,p_disp,190,7.84313725490196,51
pooled_2,P2,biomass,p_disp,200,7.84313725490196,51
pooled_2,P2,biomass,p_disp,210,9.80392156862745,51
pooled_2,P2,biomass,p_disp,220,9.80392156862745,51
pooled_2,P2,biomass,p_disp,230,9.80392156862745,51
pooled_2,P2,biomass,p_disp,240,7.84313725490196,51
pooled_2,P2,biomass,p_disp,250,7.84313725490196,51
pooled_2,P2,occurrence,p_disp,10,5.88235294117647,51
pooled_2,P2,occurrence,p_disp,20,5.88235294117647,51
pooled_2,P2,occurrence,p_disp,30,5.88235294117647,51
pooled_2,P2,occurrence,p_disp,40,5.88235294117647,51
pooled_2,P2,occurrence,p_disp,50,7.84313725490196,51
pooled_2,P2,occurrence,p_disp,60,7.84313725490196,51
pooled_2,P2,occurrence,p_disp,70,5.88235294117647,51
pooled_2,P2,occurrence,p_disp,80,5.88235294117647,51
pooled_2,P2,occurrence,p_disp,90,5.88235294117647,51
pooled_2,P2,occurrence,p_disp,100,7.84313725490196,51
pooled_2,P2,occurrence,p_disp,110,7.84313725490196,51
pooled_2,P2,occurrence,p_disp,120,7.84313725490196,51
pooled_2,P2,occurrence,p_disp,130,5.88235294117647,51
pooled_2,P2,occurrence,p_disp,140,7.84313725490196,51
pooled_2,P2,occurrence,p_disp,150,5.88235294117647,51
pooled_2,P2,occurrence,p_disp,160,9.80392156862745,51
pooled_2,P2,occurrence,p_disp,170,7.84313725490196,51
pooled_2,P2,occurrence,p_disp,180,11.7647058823529,51
pooled_2,P2,occurrence,p_disp,190,9.80392156862745,51
pooled_2,P2,occurrence,p_disp,200,7.84313725490196,51
pooled_2,P2,occurrence,p_disp,210,9.80392156862745,51
pooled_2,P2,occurrence,p_disp,220,3.92156862745098,51
pooled_2,P2,occurrence,p_disp,230,9.80392156862745,51
pooled_2,P2,occurrence,p_disp,240,5.88235294117647,51
pooled_2,P2,occurrence,p_disp,250,3.92156862745098,51
pooled_1,P1,biomass,p_disp,10,9.25925925925926,54
pooled_1,P1,biomass,p_disp,20,11.1111111111111,54
pooled_1,P1,biomass,p_disp,30,11.1111111111111,54
pooled_1,P1,biomass,p_disp,40,12.962962962963,54
pooled_1,P1,biomass,p_disp,50,11.1111111111111,54
pooled_1,P1,biomass,p_disp,60,11.1111111111111,54
pooled_1,P1,biomass,p_disp,70,11.1111111111111,54
pooled_1,P1,biomass,p_disp,80,11.1111111111111,54
pooled_1,P1,biomass,p_disp,90,11.1111111111111,54
pooled_1,P1,biomass,p_disp,100,11.1111111111111,54
pooled_1,P1,biomass,p_disp,110,11.1111111111111,54
pooled_1,P1,biomass,p_disp,120,11.1111111111111,54
pooled_1,P1,biomass,p_disp,130,11.1111111111111,54
pooled_1,P1,biomass,p_disp,140,11.1111111111111,54
pooled_1,P1,biomass,p_disp,150,11.1111111111111,54
pooled_1,P1,biomass,p_disp,160,11.1111111111111,54
pooled_1,P1,biomass,p_disp,170,12.962962962963,54
pooled_1,P1,biomass,p_disp,180,11.1111111111111,54
pooled_1,P1,biomass,p_disp,190,11.1111111111111,54
pooled_1,P1,biomass,p_disp,200,11.1111111111111,54
pooled_1,P1,biomass,p_disp,210,12.962962962963,54
pooled_1,P1,biomass,p_disp,220,11.1111111111111,54
pooled_1,P1,biomass,p_disp,230,9.25925925925926,54
pooled_1,P1,biomass,p_disp,240,11.1111111111111,54
pooled_1,P1,biomass,p_disp,250,11.1111111111111,54
pooled_1,P1,occurrence,p_disp,10,7.40740740740741,54
pooled_1,P1,occurrence,p_disp,20,5.55555555555556,54
pooled_1,P1,occurrence,p_disp,30,7.40740740740741,54
pooled_1,P1,occurrence,p_disp,40,7.40740740740741,54
pooled_1,P1,occurrence,p_disp,50,7.40740740740741,54
pooled_1,P1,occurrence,p_disp,60,5.55555555555556,54
pooled_1,P1,occurrence,p_disp,70,5.55555555555556,54
pooled_1,P1,occurrence,p_disp,80,7.40740740740741,54
pooled_1,P1,occurrence,p_disp,90,5.55555555555556,54
pooled_1,P1,occurrence,p_disp,100,5.55555555555556,54
pooled_1,P1,occurrence,p_disp,110,9.25925925925926,54
pooled_1,P1,occurrence,p_disp,120,5.55555555555556,54
pooled_1,P1,occurrence,p_disp,130,5.55555555555556,54
pooled_1,P1,occurrence,p_disp,140,5.55555555555556,54
pooled_1,P1,occurrence,p_disp,150,5.55555555555556,54
pooled_1,P1,occurrence,p_disp,160,9.25925925925926,54
pooled_1,P1,occurrence,p_disp,170,7.40740740740741,54
pooled_1,P1,occurrence,p_disp,180,7.40740740740741,54
pooled_1,P1,occurrence,p_disp,190,9.25925925925926,54
pooled_1,P1,occurrence,p_disp,200,7.40740740740741,54
pooled_1,P1,occurrence,p_disp,210,5.55555555555556,54
pooled_1,P1,occurrence,p_disp,220,7.40740740740741,54
pooled_1,P1,occurrence,p_disp,230,7.40740740740741,54
pooled_1,P1,occurrence,p_disp,240,5.55555555555556,54
pooled_1,P1,occurrence,p_disp,250,7.40740740740741,54
pooled_1,P3,biomass,p_disp,10,5.45454545454545,55
pooled_1,P3,biomass,p_disp,20,5.45454545454545,55
pooled_1,P3,biomass,p_disp,30,5.45454545454545,55
pooled_1,P3,biomass,p_disp,40,5.45454545454545,55
pooled_1,P3,biomass,p_disp,50,5.45454545454545,55
pooled_1,P3,biomass,p_disp,60,5.45454545454545,55
pooled_1,P3,biomass,p_disp,70,5.45454545454545,55
pooled_1,P3,biomass,p_disp,80,5.45454545454545,55
pooled_1,P3,biomass,p_disp,90,5.45454545454545,55
pooled_1,P3,biomass,p_disp,100,5.45454545454545,55
pooled_1,P3,biomass,p_disp,110,5.45454545454545,55
pooled_1,P3,biomass,p_disp,120,5.45454545454545,55
pooled_1,P3,biomass,p_disp,130,5.45454545454545,55
pooled_1,P3,biomass,p_disp,140,5.45454545454545,55
pooled_1,P3,biomass,p_disp,150,5.45454545454545,55
pooled_1,P3,biomass,p_disp,160,3.63636363636364,55
pooled_1,P3,biomass,p_disp,170,3.63636363636364,55
pooled_1,P3,biomass,p_disp,180,3.63636363636364,55
pooled_1,P3,biomass,p_disp,190,3.63636363636364,55
pooled_1,P3,biomass,p_disp,200,3.63636363636364,55
pooled_1,P3,biomass,p_disp,210,3.63636363636364,55
pooled_1,P3,biomass,p_disp,220,3.63636363636364,55
pooled_1,P3,biomass,p_disp,230,3.63636363636364,55
pooled_1,P3,biomass,p_disp,240,3.63636363636364,55
pooled_1,P3,biomass,p_disp,250,3.63636363636364,55
pooled_1,P3,occurrence,p_disp,10,5.45454545454545,55
pooled_1,P3,occurrence,p_disp,20,5.45454545454545,55
pooled_1,P3,occurrence,p_disp,30,5.45454545454545,55
pooled_1,P3,occurrence,p_disp,40,5.45454545454545,55
pooled_1,P3,occurrence,p_disp,50,5.45454545454545,55
pooled_1,P3,occurrence,p_disp,60,5.45454545454545,55
pooled_1,P3,occurrence,p_disp,70,5.45454545454545,55
pooled_1,P3,occurrence,p_disp,80,5.45454545454545,55
pooled_1,P3,occurrence,p_disp,90,5.45454545454545,55
pooled_1,P3,occurrence,p_disp,100,5.45454545454545,55
pooled_1,P3,occurrence,p_disp,110,5.45454545454545,55
pooled_1,P3,occurrence,p_disp,120,5.45454545454545,55
pooled_1,P3,occurrence,p_disp,130,5.45454545454545,55
pooled_1,P3,occurrence,p_disp,140,5.45454545454545,55
pooled_1,P3,occurrence,p_disp,150,5.45454545454545,55
pooled_1,P3,occurrence,p_disp,160,5.45454545454545,55
pooled_1,P3,occurrence,p_disp,170,5.45454545454545,55
pooled_1,P3,occurrence,p_disp,180,5.45454545454545,55
pooled_1,P3,occurrence,p_disp,190,5.45454545454545,55
pooled_1,P3,occurrence,p_disp,200,5.45454545454545,55
pooled_1,P3,occurrence,p_disp,210,5.45454545454545,55
pooled_1,P3,occurrence,p_disp,220,5.45454545454545,55
pooled_1,P3,occurrence,p_disp,230,3.63636363636364,55
pooled_1,P3,occurrence,p_disp,240,5.45454545454545,55
pooled_1,P3,occurrence,p_disp,250,5.45454545454545,55
pooled_1,PT,biomass,p_disp,10,33.8983050847458,59
pooled_1,PT,biomass,p_disp,20,32.2033898305085,59
pooled_1,PT,biomass,p_disp,30,32.2033898305085,59
pooled_1,PT,biomass,p_disp,40,32.2033898305085,59
pooled_1,PT,biomass,p_disp,50,33.8983050847458,59
pooled_1,PT,biomass,p_disp,60,30.5084745762712,59
pooled_1,PT,biomass,p_disp,70,28.8135593220339,59
pooled_1,PT,biomass,p_disp,80,30.5084745762712,59
pooled_1,PT,biomass,p_disp,90,30.5084745762712,59
pooled_1,PT,biomass,p_disp,100,32.2033898305085,59
pooled_1,PT,biomass,p_disp,110,28.8135593220339,59
pooled_1,PT,biomass,p_disp,120,32.2033898305085,59
pooled_1,PT,biomass,p_disp,130,28.8135593220339,59
pooled_1,PT,biomass,p_disp,140,27.1186440677966,59
pooled_1,PT,biomass,p_disp,150,30.5084745762712,59
pooled_1,PT,biomass,p_disp,160,28.8135593220339,59
pooled_1,PT,biomass,p_disp,170,27.1186440677966,59
pooled_1,PT,biomass,p_disp,180,27.1186440677966,59
pooled_1,PT,biomass,p_disp,190,25.4237288135593,59
pooled_1,PT,biomass,p_disp,200,25.4237288135593,59
pooled_1,PT,biomass,p_disp,210,23.728813559322,59
pooled_1,PT,biomass,p_disp,220,23.728813559322,59
pooled_1,PT,biomass,p_disp,230,23.728813559322,59
pooled_1,PT,biomass,p_disp,240,25.4237288135593,59
pooled_1,PT,biomass,p_disp,250,22.0338983050847,59
pooled_1,PT,occurrence,p_disp,10,44.0677966101695,59
pooled_1,PT,occurrence,p_disp,20,44.0677966101695,59
pooled_1,PT,occurrence,p_disp,30,44.0677966101695,59
pooled_1,PT,occurrence,p_disp,40,44.0677966101695,59
pooled_1,PT,occurrence,p_disp,50,44.0677966101695,59
pooled_1,PT,occurrence,p_disp,60,42.3728813559322,59
pooled_1,PT,occurrence,p_disp,70,42.3728813559322,59
pooled_1,PT,occurrence,p_disp,80,42.3728813559322,59
pooled_1,PT,occurrence,p_disp,90,40.6779661016949,59
pooled_1,PT,occurrence,p_disp,100,42.3728813559322,59
pooled_1,PT,occurrence,p_disp,110,42.3728813559322,59
pooled_1,PT,occurrence,p_disp,120,42.3728813559322,59
pooled_1,PT,occurrence,p_disp,130,42.3728813559322,59
pooled_1,PT,occurrence,p_disp,140,40.6779661016949,59
pooled_1,PT,occurrence,p_disp,150,42.3728813559322,59
pooled_1,PT,occurrence,p_disp,160,40.6779661016949,59
pooled_1,PT,occurrence,p_disp,170,40.6779661016949,59
pooled_1,PT,occurrence,p_disp,180,40.6779661016949,59
pooled_1,PT,occurrence,p_disp,190,38.9830508474576,59
pooled_1,PT,occurrence,p_disp,200,37.2881355932203,59
pooled_1,PT,occurrence,p_disp,210,37.2881355932203,59
pooled_1,PT,occurrence,p_disp,220,37.2881355932203,59
pooled_1,PT,occurrence,p_disp,230,37.2881355932203,59
pooled_1,PT,occurrence,p_disp,240,38.9830508474576,59
pooled_1,PT,occurrence,p_disp,250,35.5932203389831,59
pooled_1,P4,biomass,p_disp,10,17.3076923076923,52
pooled_1,P4,biomass,p_disp,20,19.2307692307692,52
pooled_1,P4,biomass,p_disp,30,17.3076923076923,52
pooled_1,P4,biomass,p_disp,40,17.3076923076923,52
pooled_1,P4,biomass,p_disp,50,17.3076923076923,52
pooled_1,P4,biomass,p_disp,60,15.3846153846154,52
pooled_1,P4,biomass,p_disp,70,19.2307692307692,52
pooled_1,P4,biomass,p_disp,80,17.3076923076923,52
pooled_1,P4,biomass,p_disp,90,17.3076923076923,52
pooled_1,P4,biomass,p_disp,100,17.3076923076923,52
pooled_1,P4,biomass,p_disp,110,17.3076923076923,52
pooled_1,P4,biomass,p_disp,120,17.3076923076923,52
pooled_1,P4,biomass,p_disp,130,17.3076923076923,52
pooled_1,P4,biomass,p_disp,140,17.3076923076923,52
pooled_1,P4,biomass,p_disp,150,19.2307692307692,52
pooled_1,P4,biomass,p_disp,160,13.4615384615385,52
pooled_1,P4,biomass,p_disp,170,13.4615384615385,52
pooled_1,P4,biomass,p_disp,180,13.4615384615385,52
pooled_1,P4,biomass,p_disp,190,13.4615384615385,52
pooled_1,P4,biomass,p_disp,200,13.4615384615385,52
pooled_1,P4,biomass,p_disp,210,13.4615384615385,52
pooled_1,P4,biomass,p_disp,220,13.4615384615385,52
pooled_1,P4,biomass,p_disp,230,13.4615384615385,52
pooled_1,P4,biomass,p_disp,240,13.4615384615385,52
pooled_1,P4,biomass,p_disp,250,13.4615384615385,52
pooled_1,P4,occurrence,p_disp,10,26.9230769230769,52
pooled_1,P4,occurrence,p_disp,20,25,52
pooled_1,P4,occurrence,p_disp,30,25,52
pooled_1,P4,occurrence,p_disp,40,26.9230769230769,52
pooled_1,P4,occurrence,p_disp,50,25,52
pooled_1,P4,occurrence,p_disp,60,25,52
pooled_1,P4,occurrence,p_disp,70,26.9230769230769,52
pooled_1,P4,occurrence,p_disp,80,26.9230769230769,52
pooled_1,P4,occurrence,p_disp,90,23.0769230769231,52
pooled_1,P4,occurrence,p_disp,100,28.8461538461538,52
pooled_1,P4,occurrence,p_disp,110,25,52
pooled_1,P4,occurrence,p_disp,120,26.9230769230769,52
pooled_1,P4,occurrence,p_disp,130,25,52
pooled_1,P4,occurrence,p_disp,140,25,52
pooled_1,P4,occurrence,p_disp,150,26.9230769230769,52
pooled_1,P4,occurrence,p_disp,160,23.0769230769231,52
pooled_1,P4,occurrence,p_disp,170,23.0769230769231,52
pooled_1,P4,occurrence,p_disp,180,21.1538461538462,52
pooled_1,P4,occurrence,p_disp,190,19.2307692307692,52
pooled_1,P4,occurrence,p_disp,200,21.1538461538462,52
pooled_1,P4,occurrence,p_disp,210,21.1538461538462,52
pooled_1,P4,occurrence,p_disp,220,19.2307692307692,52
pooled_1,P4,occurrence,p_disp,230,21.1538461538462,52
pooled_1,P4,occurrence,p_disp,240,19.2307692307692,52
pooled_1,P4,occurrence,p_disp,250,19.2307692307692,52
pooled_1,P2,biomass,p_disp,10,7.84313725490196,51
pooled_1,P2,biomass,p_disp,20,7.84313725490196,51
pooled_1,P2,biomass,p_disp,30,7.84313725490196,51
pooled_1,P2,biomass,p_disp,40,7.84313725490196,51
pooled_1,P2,biomass,p_disp,50,7.84313725490196,51
pooled_1,P2,biomass,p_disp,60,5.88235294117647,51
pooled_1,P2,biomass,p_disp,70,7.84313725490196,51
pooled_1,P2,biomass,p_disp,80,7.84313725490196,51
pooled_1,P2,biomass,p_disp,90,7.84313725490196,51
pooled_1,P2,biomass,p_disp,100,7.84313725490196,51
pooled_1,P2,biomass,p_disp,110,9.80392156862745,51
pooled_1,P2,biomass,p_disp,120,7.84313725490196,51
pooled_1,P2,biomass,p_disp,130,9.80392156862745,51
pooled_1,P2,biomass,p_disp,140,7.84313725490196,51
pooled_1,P2,biomass,p_disp,150,9.80392156862745,51
pooled_1,P2,biomass,p_disp,160,5.88235294117647,51
pooled_1,P2,biomass,p_disp,170,5.88235294117647,51
pooled_1,P2,biomass,p_disp,180,7.84313725490196,51
pooled_1,P2,biomass,p_disp,190,7.84313725490196,51
pooled_1,P2,biomass,p_disp,200,5.88235294117647,51
pooled_1,P2,biomass,p_disp,210,7.84313725490196,51
pooled_1,P2,biomass,p_disp,220,7.84313725490196,51
pooled_1,P2,biomass,p_disp,230,7.84313725490196,51
pooled_1,P2,biomass,p_disp,240,5.88235294117647,51
pooled_1,P2,biomass,p_disp,250,5.88235294117647,51
pooled_1,P2,occurrence,p_disp,10,5.88235294117647,51
pooled_1,P2,occurrence,p_disp,20,5.88235294117647,51
pooled_1,P2,occurrence,p_disp,30,5.88235294117647,51
pooled_1,P2,occurrence,p_disp,40,5.88235294117647,51
pooled_1,P2,occurrence,p_disp,50,5.88235294117647,51
pooled_1,P2,occurrence,p_disp,60,5.88235294117647,51
pooled_1,P2,occurrence,p_disp,70,5.88235294117647,51
pooled_1,P2,occurrence,p_disp,80,5.88235294117647,51
pooled_1,P2,occurrence,p_disp,90,5.88235294117647,51
pooled_1,P2,occurrence,p_disp,100,7.84313725490196,51
pooled_1,P2,occurrence,p_disp,110,7.84313725490196,51
pooled_1,P2,occurrence,p_disp,120,7.84313725490196,51
pooled_1,P2,occurrence,p_disp,130,5.88235294117647,51
pooled_1,P2,occurrence,p_disp,140,7.84313725490196,51
pooled_1,P2,occurrence,p_disp,150,5.88235294117647,51
pooled_1,P2,occurrence,p_disp,160,9.80392156862745,51
pooled_1,P2,occurrence,p_disp,170,7.84313725490196,51
pooled_1,P2,occurrence,p_disp,180,11.7647058823529,51
pooled_1,P2,occurrence,p_disp,190,9.80392156862745,51
pooled_1,P2,occurrence,p_disp,200,7.84313725490196,51
pooled_1,P2,occurrence,p_disp,210,9.80392156862745,51
pooled_1,P2,occurrence,p_disp,220,3.92156862745098,51
pooled_1,P2,occurrence,p_disp,230,9.80392156862745,51
pooled_1,P2,occurrence,p_disp,240,5.88235294117647,51
pooled_1,P2,occurrence,p_disp,250,3.92156862745098,51
per_predator,P1,biomass,p_disp,10,11.3207547169811,53
per_predator,P1,biomass,p_disp,20,11.3207547169811,53
per_predator,P1,biomass,p_disp,30,11.3207547169811,53
per_predator,P1,biomass,p_disp,40,13.2075471698113,53
per_predator,P1,biomass,p_disp,50,11.3207547169811,53
per_predator,P1,biomass,p_disp,60,11.3207547169811,53
per_predator,P1,biomass,p_disp,70,11.3207547169811,53
per_predator,P1,biomass,p_disp,80,13.2075471698113,53
per_predator,P1,biomass,p_disp,90,11.3207547169811,53
per_predator,P1,biomass,p_disp,100,13.2075471698113,53
per_predator,P1,biomass,p_disp,110,11.3207547169811,53
per_predator,P1,biomass,p_disp,120,11.3207547169811,53
per_predator,P1,biomass,p_disp,130,11.3207547169811,53
per_predator,P1,biomass,p_disp,140,13.4615384615385,52
per_predator,P1,biomass,p_disp,150,13.7254901960784,51
per_predator,P1,biomass,p_disp,160,13.7254901960784,51
per_predator,P1,biomass,p_disp,170,17.6470588235294,51
per_predator,P1,biomass,p_disp,180,17.6470588235294,51
per_predator,P1,biomass,p_disp,190,17.6470588235294,51
per_predator,P1,biomass,p_disp,200,13.7254901960784,51
per_predator,P1,biomass,p_disp,210,13.7254901960784,51
per_predator,P1,biomass,p_disp,220,16.3265306122449,49
per_predator,P1,biomass,p_disp,230,14.2857142857143,49
per_predator,P1,biomass,p_disp,240,16.3265306122449,49
per_predator,P1,biomass,p_disp,250,16.3265306122449,49
per_predator,P1,occurrence,p_disp,10,7.54716981132076,53
per_predator,P1,occurrence,p_disp,20,5.66037735849057,53
per_predator,P1,occurrence,p_disp,30,9.43396226415094,53
per_predator,P1,occurrence,p_disp,40,9.43396226415094,53
per_predator,P1,occurrence,p_disp,50,9.43396226415094,53
per_predator,P1,occurrence,p_disp,60,9.43396226415094,53
per_predator,P1,occurrence,p_disp,70,7.54716981132076,53
per_predator,P1,occurrence,p_disp,80,7.54716981132076,53
per_predator,P1,occurrence,p_disp,90,9.43396226415094,53
per_predator,P1,occurrence,p_disp,100,7.54716981132076,53
per_predator,P1,occurrence,p_disp,110,5.66037735849057,53
per_predator,P1,occurrence,p_disp,120,9.43396226415094,53
per_predator,P1,occurrence,p_disp,130,9.43396226415094,53
per_predator,P1,occurrence,p_disp,140,7.69230769230769,52
per_predator,P1,occurrence,p_disp,150,11.7647058823529,51
per_predator,P1,occurrence,p_disp,160,11.7647058823529,51
per_predator,P1,occurrence,p_disp,170,11.7647058823529,51
per_predator,P1,occurrence,p_disp,180,13.7254901960784,51
per_predator,P1,occurrence,p_disp,190,13.7254901960784,51
per_predator,P1,occurrence,p_disp,200,15.6862745098039,51
per_predator,P1,occurrence,p_disp,210,13.7254901960784,51
per_predator,P1,occurrence,p_disp,220,14.2857142857143,49
per_predator,P1,occurrence,p_disp,230,16.3265306122449,49
per_predator,P1,occurrence,p_disp,240,12.2448979591837,49
per_predator,P1,occurrence,p_disp,250,14.2857142857143,49
per_predator,P3,biomass,p_disp,10,5.55555555555556,54
per_predator,P3,biomass,p_disp,20,5.55555555555556,54
per_predator,P3,biomass,p_disp,30,7.40740740740741,54
per_predator,P3,biomass,p_disp,40,5.55555555555556,54
per_predator,P3,biomass,p_disp,50,7.40740740740741,54
per_predator,P3,biomass,p_disp,60,7.40740740740741,54
per_predator,P3,biomass,p_disp,70,11.1111111111111,54
per_predator,P3,biomass,p_disp,80,7.40740740740741,54
per_predator,P3,biomass,p_disp,90,5.55555555555556,54
per_predator,P3,biomass,p_disp,100,5.55555555555556,54
per_predator,P3,biomass,p_disp,110,5.55555555555556,54
per_predator,P3,biomass,p_disp,120,5.55555555555556,54
per_predator,P3,biomass,p_disp,130,3.7037037037037,54
per_predator,P3,biomass,p_disp,140,3.7037037037037,54
per_predator,P3,biomass,p_disp,150,9.25925925925926,54
per_predator,P3,biomass,p_disp,160,9.25925925925926,54
per_predator,P3,biomass,p_disp,170,14.8148148148148,54
per_predator,P3,biomass,p_disp,180,12.962962962963,54
per_predator,P3,biomass,p_disp,190,14.8148148148148,54
per_predator,P3,biomass,p_disp,200,9.25925925925926,54
per_predator,P3,biomass,p_disp,210,14.8148148148148,54
per_predator,P3,biomass,p_disp,220,11.5384615384615,52
per_predator,P3,biomass,p_disp,230,13.4615384615385,52
per_predator,P3,biomass,p_disp,240,13.4615384615385,52
per_predator,P3,biomass,p_disp,250,13.4615384615385,52
per_predator,P3,occurrence,p_disp,10,5.55555555555556,54
per_predator,P3,occurrence,p_disp,20,7.40740740740741,54
per_predator,P3,occurrence,p_disp,30,7.40740740740741,54
per_predator,P3,occurrence,p_disp,40,7.40740740740741,54
per_predator,P3,occurrence,p_disp,50,9.25925925925926,54
per_predator,P3,occurrence,p_disp,60,9.25925925925926,54
per_predator,P3,occurrence,p_disp,70,9.25925925925926,54
per_predator,P3,occurrence,p_disp,80,7.40740740740741,54
per_predator,P3,occurrence,p_disp,90,7.40740740740741,54
per_predator,P3,occurrence,p_disp,100,7.40740740740741,54
per_predator,P3,occurrence,p_disp,110,7.40740740740741,54
per_predator,P3,occurrence,p_disp,120,11.1111111111111,54
per_predator,P3,occurrence,p_disp,130,9.25925925925926,54
per_predator,P3,occurrence,p_disp,140,7.40740740740741,54
per_predator,P3,occurrence,p_disp,150,9.25925925925926,54
per_predator,P3,occurrence,p_disp,160,11.1111111111111,54
per_predator,P3,occurrence,p_disp,170,12.962962962963,54
per_predator,P3,occurrence,p_disp,180,14.8148148148148,54
per_predator,P3,occurrence,p_disp,190,16.6666666666667,54
per_predator,P3,occurrence,p_disp,200,16.6666666666667,54
per_predator,P3,occurrence,p_disp,210,16.6666666666667,54
per_predator,P3,occurrence,p_disp,220,17.3076923076923,52
per_predator,P3,occurrence,p_disp,230,19.2307692307692,52
per_predator,P3,occurrence,p_disp,240,17.3076923076923,52
per_predator,P3,occurrence,p_disp,250,15.3846153846154,52
per_predator,PT,biomass,p_disp,10,24.5614035087719,57
per_predator,PT,biomass,p_disp,20,21.0526315789474,57
per_predator,PT,biomass,p_disp,30,22.8070175438597,57
per_predator,PT,biomass,p_disp,40,19.2982456140351,57
per_predator,PT,biomass,p_disp,50,21.0526315789474,57
per_predator,PT,biomass,p_disp,60,21.0526315789474,57
per_predator,PT,biomass,p_disp,70,22.8070175438597,57
per_predator,PT,biomass,p_disp,80,19.2982456140351,57
per_predator,PT,biomass,p_disp,90,15.7894736842105,57
per_predator,PT,biomass,p_disp,100,15.7894736842105,57
per_predator,PT,biomass,p_disp,110,21.0526315789474,57
per_predator,PT,biomass,p_disp,120,17.5438596491228,57
per_predator,PT,biomass,p_disp,130,21.0526315789474,57
per_predator,PT,biomass,p_disp,140,17.8571428571429,56
per_predator,PT,biomass,p_disp,150,23.2142857142857,56
per_predator,PT,biomass,p_disp,160,21.4285714285714,56
per_predator,PT,biomass,p_disp,170,16.0714285714286,56
per_predator,PT,biomass,p_disp,180,17.8571428571429,56
per_predator,PT,biomass,p_disp,190,16.0714285714286,56
per_predator,PT,biomass,p_disp,200,23.2142857142857,56
per_predator,PT,biomass,p_disp,210,25,56
per_predator,PT,biomass,p_disp,220,23.6363636363636,55
per_predator,PT,biomass,p_disp,230,23.6363636363636,55
per_predator,PT,biomass,p_disp,240,21.8181818181818,55
per_predator,PT,biomass,p_disp,250,20,55
per_predator,PT,occurrence,p_disp,10,36.8421052631579,57
per_predator,PT,occurrence,p_disp,20,36.8421052631579,57
per_predator,PT,occurrence,p_disp,30,24.5614035087719,57
per_predator,PT,occurrence,p_disp,40,21.0526315789474,57
per_predator,PT,occurrence,p_disp,50,22.8070175438597,57
per_predator,PT,occurrence,p_disp,60,19.2982456140351,57
per_predator,PT,occurrence,p_disp,70,15.7894736842105,57
per_predator,PT,occurrence,p_disp,80,15.7894736842105,57
per_predator,PT,occurrence,p_disp,90,15.7894736842105,57
per_predator,PT,occurrence,p_disp,100,17.5438596491228,57
per_predator,PT,occurrence,p_disp,110,19.2982456140351,57
per_predator,PT,occurrence,p_disp,120,21.0526315789474,57
per_predator,PT,occurrence,p_disp,130,21.0526315789474,57
per_predator,PT,occurrence,p_disp,140,25,56
per_predator,PT,occurrence,p_disp,150,25,56
per_predator,PT,occurrence,p_disp,160,25,56
per_predator,PT,occurrence,p_disp,170,25,56
per_predator,PT,occurrence,p_disp,180,26.7857142857143,56
per_predator,PT,occurrence,p_disp,190,28.5714285714286,56
per_predator,PT,occurrence,p_disp,200,26.7857142857143,56
per_predator,PT,occurrence,p_disp,210,28.5714285714286,56
per_predator,PT,occurrence,p_disp,220,23.6363636363636,55
per_predator,PT,occurrence,p_disp,230,27.2727272727273,55
per_predator,PT,occurrence,p_disp,240,29.0909090909091,55
per_predator,PT,occurrence,p_disp,250,23.6363636363636,55
per_predator,P4,biomass,p_disp,10,17.6470588235294,51
per_predator,P4,biomass,p_disp,20,15.6862745098039,51
per_predator,P4,biomass,p_disp,30,15.6862745098039,51
per_predator,P4,biomass,p_disp,40,7.84313725490196,51
per_predator,P4,biomass,p_disp,50,9.80392156862745,51
per_predator,P4,biomass,p_disp,60,11.7647058823529,51
per_predator,P4,biomass,p_disp,70,5.88235294117647,51
per_predator,P4,biomass,p_disp,80,5.88235294117647,51
per_predator,P4,biomass,p_disp,90,10,50
per_predator,P4,biomass,p_disp,100,8,50
per_predator,P4,biomass,p_disp,110,6,50
per_predator,P4,biomass,p_disp,120,10.2040816326531,49
per_predator,P4,biomass,p_disp,130,8.16326530612245,49
per_predator,P4,biomass,p_disp,140,12.2448979591837,49
per_predator,P4,biomass,p_disp,150,8.33333333333333,48
per_predator,P4,biomass,p_disp,160,10.4166666666667,48
per_predator,P4,biomass,p_disp,170,10.4166666666667,48
per_predator,P4,biomass,p_disp,180,8.33333333333333,48
per_predator,P4,biomass,p_disp,190,10.4166666666667,48
per_predator,P4,biomass,p_disp,200,10.4166666666667,48
per_predator,P4,biomass,p_disp,210,10.4166666666667,48
per_predator,P4,biomass,p_disp,220,10.6382978723404,47
per_predator,P4,biomass,p_disp,230,10.6382978723404,47
per_predator,P4,biomass,p_disp,240,12.7659574468085,47
per_predator,P4,biomass,p_disp,250,12.7659574468085,47
per_predator,P4,occurrence,p_disp,10,21.5686274509804,51
per_predator,P4,occurrence,p_disp,20,21.5686274509804,51
per_predator,P4,occurrence,p_disp,30,15.6862745098039,51
per_predator,P4,occurrence,p_disp,40,11.7647058823529,51
per_predator,P4,occurrence,p_disp,50,7.84313725490196,51
per_predator,P4,occurrence,p_disp,60,7.84313725490196,51
per_predator,P4,occurrence,p_disp,70,9.80392156862745,51
per_predator,P4,occurrence,p_disp,80,7.84313725490196,51
per_predator,P4,occurrence,p_disp,90,10,50
per_predator,P4,occurrence,p_disp,100,6,50
per_predator,P4,occurrence,p_disp,110,8,50
per_predator,P4,occurrence,p_disp,120,8.16326530612245,49
per_predator,P4,occurrence,p_disp,130,10.2040816326531,49
per_predator,P4,occurrence,p_disp,140,10.2040816326531,49
per_predator,P4,occurrence,p_disp,150,10.4166666666667,48
per_predator,P4,occurrence,p_disp,160,8.33333333333333,48
per_predator,P4,occurrence,p_disp,170,6.25,48
per_predator,P4,occurrence,p_disp,180,6.25,48
per_predator,P4,occurrence,p_disp,190,6.25,48
per_predator,P4,occurrence,p_disp,200,6.25,48
per_predator,P4,occurrence,p_disp,210,8.33333333333333,48
per_predator,P4,occurrence,p_disp,220,10.6382978723404,47
per_predator,P4,occurrence,p_disp,230,10.6382978723404,47
per_predator,P4,occurrence,p_disp,240,10.6382978723404,47
per_predator,P4,occurrence,p_disp,250,8.51063829787234,47
per_predator,P2,biomass,p_disp,10,8.16326530612245,49
per_predator,P2,biomass,p_disp,20,2.04081632653061,49
per_predator,P2,biomass,p_disp,30,6.12244897959184,49
per_predator,P2,biomass,p_disp,40,4.08163265306122,49
per_predator,P2,biomass,p_disp,50,4.08163265306122,49
per_predator,P2,biomass,p_disp,60,6.12244897959184,49
per_predator,P2,biomass,p_disp,70,4.08163265306122,49
per_predator,P2,biomass,p_disp,80,4.08163265306122,49
per_predator,P2,biomass,p_disp,90,6.25,48
per_predator,P2,biomass,p_disp,100,6.25,48
per_predator,P2,biomass,p_disp,110,6.25,48
per_predator,P2,biomass,p_disp,120,8.33333333333333,48
per_predator,P2,biomass,p_disp,130,8.33333333333333,48
per_predator,P2,biomass,p_disp,140,6.52173913043478,46
per_predator,P2,biomass,p_disp,150,10.8695652173913,46
per_predator,P2,biomass,p_disp,160,10.8695652173913,46
per_predator,P2,biomass,p_disp,170,8.69565217391304,46
per_predator,P2,biomass,p_disp,180,8.69565217391304,46
per_predator,P2,biomass,p_disp,190,8.69565217391304,46
per_predator,P2,biomass,p_disp,200,8.69565217391304,46
per_predator,P2,biomass,p_disp,210,8.69565217391304,46
per_predator,P2,biomass,p_disp,220,6.81818181818182,44
per_predator,P2,biomass,p_disp,230,6.81818181818182,44
per_predator,P2,biomass,p_disp,240,6.81818181818182,44
per_predator,P2,biomass,p_disp,250,6.81818181818182,44
per_predator,P2,occurrence,p_disp,10,8.16326530612245,49
per_predator,P2,occurrence,p_disp,20,6.12244897959184,49
per_predator,P2,occurrence,p_disp,30,8.16326530612245,49
per_predator,P2,occurrence,p_disp,40,12.2448979591837,49
per_predator,P2,occurrence,p_disp,50,12.2448979591837,49
per_predator,P2,occurrence,p_disp,60,8.16326530612245,49
per_predator,P2,occurrence,p_disp,70,8.16326530612245,49
per_predator,P2,occurrence,p_disp,80,10.2040816326531,49
per_predator,P2,occurrence,p_disp,90,10.4166666666667,48
per_predator,P2,occurrence,p_disp,100,12.5,48
per_predator,P2,occurrence,p_disp,110,14.5833333333333,48
per_predator,P2,occurrence,p_disp,120,10.4166666666667,48
per_predator,P2,occurrence,p_disp,130,10.4166666666667,48
per_predator,P2,occurrence,p_disp,140,10.8695652173913,46
per_predator,P2,occurrence,p_disp,150,13.0434782608696,46
per_predator,P2,occurrence,p_disp,160,10.8695652173913,46
per_predator,P2,occurrence,p_disp,170,10.8695652173913,46
per_predator,P2,occurrence,p_disp,180,8.69565217391304,46
per_predator,P2,occurrence,p_disp,190,8.69565217391304,46
per_predator,P2,occurrence,p_disp,200,8.69565217391304,46
per_predator,P2,occurrence,p_disp,210,8.69565217391304,46
per_predator,P2,occurrence,p_disp,220,9.09090909090909,44
per_predator,P2,occurrence,p_disp,230,9.09090909090909,44
per_predator,P2,occurrence,p_disp,240,9.09090909090909,44
per_predator,P2,occurrence,p_disp,250,9.09090909090909,44
