approach,scenario,mode,test,x_threshold,pct_sig,n_cells
pooled_2,P1,biomass,p_comp,10,19.7802197802198,91
pooled_2,P1,biomass,p_comp,20,19.7802197802198,91
pooled_2,P1,biomass,p_comp,30,19.7802197802198,91
pooled_2,P1,biomass,p_comp,40,19.7802197802198,91
pooled_2,P1,biomass,p_comp,50,21.978021978022,91
pooled_2,P1,biomass,p_comp,60,20.8791208791209,91
pooled_2,P1,biomass,p_comp,70,19.7802197802198,91
pooled_2,P1,biomass,p_comp,80,19.7802197802198,91
pooled_2,P1,biomass,p_comp,90,19.7802197802198,91
pooled_2,P1,biomass,p_comp,100,20.8791208791209,91
pooled_2,P1,biomass,p_comp,110,18.6813186813187,91
pooled_2,P1,biomass,p_comp,120,20.8791208791209,91
pooled_2,P1,biomass,p_comp,130,20.8791208791209,91
pooled_2,P1,biomass,p_comp,140,20.8791208791209,91
pooled_2,P1,biomass,p_comp,150,20.8791208791209,91
pooled_2,P1,biomass,p_comp,160,19.7802197802198,91
pooled_2,P1,biomass,p_comp,170,20.8791208791209,91
pooled_2,P1,biomass,p_comp,180,20.8791208791209,91
pooled_2,P1,biomass,p_comp,190,20.8791208791209,91
pooled_2,P1,biomass,p_comp,200,21.978021978022,91
pooled_2,P1,biomass,p_comp,210,20.8791208791209,91
pooled_2,P1,biomass,p_comp,220,19.7802197802198,91
pooled_2,P1,biomass,p_comp,230,19.7802197802198,91
pooled_2,P1,biomass,p_comp,240,20.8791208791209,91
pooled_2,P1,biomass,p_comp,250,20.8791208791209,91
pooled_2,P1,occurrence,p_comp,10,31.8681318681319,91
pooled_2,P1,occurrence,p_comp,20,29.6703296703297,91
pooled_2,P1,occurrence,p_comp,30,29.6703296703297,91
pooled_2,P1,occurrence,p_comp,40,31.8681318681319,91
pooled_2,P1,occurrence,p_comp,50,30.7692307692308,91
pooled_2,P1,occurrence,p_comp,60,29.6703296703297,91
pooled_2,P1,occurrence,p_comp,70,29.6703296703297,91
pooled_2,P1,occurrence,p_comp,80,29.6703296703297,91
pooled_2,P1,occurrence,p_comp,90,29.6703296703297,91
pooled_2,P1,occurrence,p_comp,100,30.7692307692308,91
pooled_2,P1,occurrence,p_comp,110,31.8681318681319,91
pooled_2,P1,occurrence,p_comp,120,28.5714285714286,91
pooled_2,P1,occurrence,p_comp,130,29.6703296703297,91
pooled_2,P1,occurrence,p_comp,140,29.6703296703297,91
pooled_2,P1,occurrence,p_comp,150,29.6703296703297,91
pooled_2,P1,occurrence,p_comp,160,28.5714285714286,91
pooled_2,P1,occurrence,p_comp,170,30.7692307692308,91
pooled_2,P1,occurrence,p_comp,180,30.7692307692308,91
pooled_2,P1,occurrence,p_comp,190,29.6703296703297,91
pooled_2,P1,occurrence,p_comp,200,28.5714285714286,91
pooled_2,P1,occurrence,p_comp,210,31.8681318681319,91
pooled_2,P1,occurrence,p_comp,220,30.7692307692308,91
pooled_2,P1,occurrence,p_comp,230,29.6703296703297,91
pooled_2,P1,occurrence,p_comp,240,28.5714285714286,91
pooled_2,P1,occurrence,p_comp,250,30.7692307692308,91
pooled_2,P3,biomass,p_comp,10,18.9473684210526,95
pooled_2,P3,biomass,p_comp,20,20,95
pooled_2,P3,biomass,p_comp,30,18.9473684210526,95
pooled_2,P3,biomass,p_comp,40,17.8947368421053,95
pooled_2,P3,biomass,p_comp,50,18.9473684210526,95
pooled_2,P3,biomass,p_comp,60,18.9473684210526,95
pooled_2,P3,biomass,p_comp,70,17.8947368421053,95
pooled_2,P3,biomass,p_comp,80,17.8947368421053,95
pooled_2,P3,biomass,p_comp,90,16.8421052631579,95
pooled_2,P3,biomass,p_comp,100,18.9473684210526,95
pooled_2,P3,biomass,p_comp,110,16.8421052631579,95
pooled_2,P3,biomass,p_comp,120,16.8421052631579,95
pooled_2,P3,biomass,p_comp,130,17.8947368421053,95
pooled_2,P3,biomass,p_comp,140,18.9473684210526,95
pooled_2,P3,biomass,p_comp,150,17.8947368421053,95
pooled_2,P3,biomass,p_comp,160,17.8947368421053,95
pooled_2,P3,biomass,p_comp,170,17.8947368421053,95
pooled_2,P3,biomass,p_comp,180,17.8947368421053,95
pooled_2,P3,biomass,p_comp,190,17.8947368421053,95
pooled_2,P3,biomass,p_comp,200,17.8947368421053,95
pooled_2,P3,biomass,p_comp,210,17.8947368421053,95
pooled_2,P3,biomass,p_comp,220,18.9473684210526,95
pooled_2,P3,biomass,p_comp,230,17.8947368421053,95
pooled_2,P3,biomass,p_comp,240,18.9473684210526,95
pooled_2,P3,biomass,p_comp,250,18.9473684210526,95
pooled_2,P3,occurrence,p_comp,10,28.4210526315789,95
pooled_2,P3,occurrence,p_comp,20,28.4210526315789,95
pooled_2,P3,occurrence,p_comp,30,29.4736842105263,95
pooled_2,P3,occurrence,p_comp,40,29.4736842105263,95
pooled_2,P3,occurrence,p_comp,50,28.4210526315789,95
pooled_2,P3,occurrence,p_comp,60,29.4736842105263,95
pooled_2,P3,occurrence,p_comp,70,28.4210526315789,95
pooled_2,P3,occurrence,p_comp,80,30.5263157894737,95
pooled_2,P3,occurrence,p_comp,90,30.5263157894737,95
pooled_2,P3,occurrence,p_comp,100,31.5789473684211,95
pooled_2,P3,occurrence,p_comp,110,30.5263157894737,95
pooled_2,P3,occurrence,p_comp,120,29.4736842105263,95
pooled_2,P3,occurrence,p_comp,130,29.4736842105263,95
pooled_2,P3,occurrence,p_comp,140,29.4736842105263,95
pooled_2,P3,occurrence,p_comp,150,30.5263157894737,95
pooled_2,P3,occurrence,p_comp,160,30.5263157894737,95
pooled_2,P3,occurrence,p_comp,170,30.5263157894737,95
pooled_2,P3,occurrence,p_comp,180,29.4736842105263,95
pooled_2,P3,occurrence,p_comp,190,29.4736842105263,95
pooled_2,P3,occurrence,p_comp,200,30.5263157894737,95
pooled_2,P3,occurrence,p_comp,210,31.5789473684211,95
pooled_2,P3,occurrence,p_comp,220,28.4210526315789,95
pooled_2,P3,occurrence,p_comp,230,29.4736842105263,95
pooled_2,P3,occurrence,p_comp,240,28.4210526315789,95
pooled_2,P3,occurrence,p_comp,250,28.4210526315789,95
pooled_2,PT,biomass,p_comp,10,82,100
pooled_2,PT,biomass,p_comp,20,82,100
pooled_2,PT,biomass,p_comp,30,82,100
pooled_2,PT,biomass,p_comp,40,80,100
pooled_2,PT,biomass,p_comp,50,77,100
pooled_2,PT,biomass,p_comp,60,78,100
pooled_2,PT,biomass,p_comp,70,79,100
pooled_2,PT,biomass,p_comp,80,78,100
pooled_2,PT,biomass,p_comp,90,79,100
pooled_2,PT,biomass,p_comp,100,79,100
pooled_2,PT,biomass,p_comp,110,78,100
pooled_2,PT,biomass,p_comp,120,77,100
pooled_2,PT,biomass,p_comp,130,76,100
pooled_2,PT,biomass,p_comp,140,79,100
pooled_2,PT,biomass,p_comp,150,78,100
pooled_2,PT,biomass,p_comp,160,77,100
pooled_2,PT,biomass,p_comp,170,76,100
pooled_2,PT,biomass,p_comp,180,75,100
pooled_2,PT,biomass,p_comp,190,74,100
pooled_2,PT,biomass,p_comp,200,73,100
pooled_2,PT,biomass,p_comp,210,73,100
pooled_2,PT,biomass,p_comp,220,74,100
pooled_2,PT,biomass,p_comp,230,70,100
pooled_2,PT,biomass,p_comp,240,71,100
pooled_2,PT,biomass,p_comp,250,70,100
pooled_2,PT,occurrence,p_comp,10,88,100
pooled_2,PT,occurrence,p_comp,20,88,100
pooled_2,PT,occurrence,p_comp,30,88,100
pooled_2,PT,occurrence,p_comp,40,87,100
pooled_2,PT,occurrence,p_comp,50,86,100
pooled_2,PT,occurrence,p_comp,60,86,100
pooled_2,PT,occurrence,p_comp,70,87,100
pooled_2,PT,occurrence,p_comp,80,87,100
pooled_2,PT,occurrence,p_comp,90,86,100
pooled_2,PT,occurrence,p_comp,100,87,100
pooled_2,PT,occurrence,p_comp,110,87,100
pooled_2,PT,occurrence,p_comp,120,87,100
pooled_2,PT,occurrence,p_comp,130,87,100
pooled_2,PT,occurrence,p_comp,140,86,100
pooled_2,PT,occurrence,p_comp,150,87,100
pooled_2,PT,occurrence,p_comp,160,85,100
pooled_2,PT,occurrence,p_comp,170,85,100
pooled_2,PT,occurrence,p_comp,180,84,100
pooled_2,PT,occurrence,p_comp,190,84,100
pooled_2,PT,occurrence,p_comp,200,84,100
pooled_2,PT,occurrence,p_comp,210,83,100
pooled_2,PT,occurrence,p_comp,220,83,100
pooled_2,PT,occurrence,p_comp,230,83,100
pooled_2,PT,occurrence,p_comp,240,83,100
pooled_2,PT,occurrence,p_comp,250,83,100
pooled_2,P4,biomass,p_comp,10,64,75
pooled_2,P4,biomass,p_comp,20,64,75
pooled_2,P4,biomass,p_comp,30,65.3333333333333,75
pooled_2,P4,biomass,p_comp,40,64,75
pooled_2,P4,biomass,p_comp,50,64,75
pooled_2,P4,biomass,p_comp,60,62.6666666666667,75
pooled_2,P4,biomass,p_comp,70,61.3333333333333,75
pooled_2,P4,biomass,p_comp,80,61.3333333333333,75
pooled_2,P4,biomass,p_comp,90,61.3333333333333,75
pooled_2,P4,biomass,p_comp,100,60,75
pooled_2,P4,biomass,p_comp,110,60,75
pooled_2,P4,biomass,p_comp,120,61.3333333333333,75
pooled_2,P4,biomass,p_comp,130,62.6666666666667,75
pooled_2,P4,biomass,p_comp,140,61.3333333333333,75
pooled_2,P4,biomass,p_comp,150,61.3333333333333,75
pooled_2,P4,biomass,p_comp,160,60,75
pooled_2,P4,biomass,p_comp,170,60,75
pooled_2,P4,biomass,p_comp,180,58.6666666666667,75
pooled_2,P4,biomass,p_comp,190,58.6666666666667,75
pooled_2,P4,biomass,p_comp,200,61.3333333333333,75
pooled_2,P4,biomass,p_comp,210,60,75
pooled_2,P4,biomass,p_comp,220,61.3333333333333,75
pooled_2,P4,biomass,p_comp,230,56,75
pooled_2,P4,biomass,p_comp,240,56,75
pooled_2,P4,biomass,p_comp,250,56,75
pooled_2,P4,occurrence,p_comp,10,80,75
pooled_2,P4,occurrence,p_comp,20,81.3333333333333,75
pooled_2,P4,occurrence,p_comp,30,80,75
pooled_2,P4,occurrence,p_comp,40,80,75
pooled_2,P4,occurrence,p_comp,50,77.3333333333333,75
pooled_2,P4,occurrence,p_comp,60,78.6666666666667,75
pooled_2,P4,occurrence,p_comp,70,78.6666666666667,75
pooled_2,P4,occurrence,p_comp,80,80,75
pooled_2,P4,occurrence,p_comp,90,78.6666666666667,75
pooled_2,P4,occurrence,p_comp,100,78.6666666666667,75
pooled_2,P4,occurrence,p_comp,110,78.6666666666667,75
pooled_2,P4,occurrence,p_comp,120,77.3333333333333,75
pooled_2,P4,occurrence,p_comp,130,77.3333333333333,75
pooled_2,P4,occurrence,p_comp,140,76,75
pooled_2,P4,occurrence,p_comp,150,76,75
pooled_2,P4,occurrence,p_comp,160,77.3333333333333,75
pooled_2,P4,occurrence,p_comp,170,76,75
pooled_2,P4,occurrence,p_comp,180,76,75
pooled_2,P4,occurrence,p_comp,190,77.3333333333333,75
pooled_2,P4,occurrence,p_comp,200,76,75
pooled_2,P4,occurrence,p_comp,210,74.6666666666667,75
pooled_2,P4,occurrence,p_comp,220,77.3333333333333,75
pooled_2,P4,occurrence,p_comp,230,73.3333333333333,75
pooled_2,P4,occurrence,p_comp,240,73.3333333333333,75
pooled_2,P4,occurrence,p_comp,250,74.6666666666667,75
pooled_2,P2,biomass,p_comp,10,17.741935483871,62
pooled_2,P2,biomass,p_comp,20,17.741935483871,62
pooled_2,P2,biomass,p_comp,30,17.741935483871,62
pooled_2,P2,biomass,p_comp,40,17.741935483871,62
pooled_2,P2,biomass,p_comp,50,17.741935483871,62
pooled_2,P2,biomass,p_comp,60,20.9677419354839,62
pooled_2,P2,biomass,p_comp,70,19.3548387096774,62
pooled_2,P2,biomass,p_comp,80,16.1290322580645,62
pooled_2,P2,biomass,p_comp,90,19.3548387096774,62
pooled_2,P2,biomass,p_comp,100,17.741935483871,62
pooled_2,P2,biomass,p_comp,110,20.9677419354839,62
pooled_2,P2,biomass,p_comp,120,17.741935483871,62
pooled_2,P2,biomass,p_comp,130,17.741935483871,62
pooled_2,P2,biomass,p_comp,140,17.741935483871,62
pooled_2,P2,biomass,p_comp,150,17.741935483871,62
pooled_2,P2,biomass,p_comp,160,17.741935483871,62
pooled_2,P2,biomass,p_comp,170,17.741935483871,62
pooled_2,P2,biomass,p_comp,180,19.3548387096774,62
pooled_2,P2,biomass,p_comp,190,20.9677419354839,62
pooled_2,P2,biomass,p_comp,200,22.5806451612903,62
pooled_2,P2,biomass,p_comp,210,20.9677419354839,62
pooled_2,P2,biomass,p_comp,220,22.5806451612903,62
pooled_2,P2,biomass,p_comp,230,20.9677419354839,62
pooled_2,P2,biomass,p_comp,240,22.5806451612903,62
pooled_2,P2,biomass,p_comp,250,19.3548387096774,62
pooled_2,P2,occurrence,p_comp,10,16.1290322580645,62
pooled_2,P2,occurrence,p_comp,20,14.5161290322581,62
pooled_2,P2,occurrence,p_comp,30,12.9032258064516,62
pooled_2,P2,occurrence,p_comp,40,16.1290322580645,62
pooled_2,P2,occurrence,p_comp,50,12.9032258064516,62
pooled_2,P2,occurrence,p_comp,60,14.5161290322581,62
pooled_2,P2,occurrence,p_comp,70,14.5161290322581,62
pooled_2,P2,occurrence,p_comp,80,11.2903225806452,62
pooled_2,P2,occurrence,p_comp,90,14.5161290322581,62
pooled_2,P2,occurrence,p_comp,100,14.5161290322581,62
pooled_2,P2,occurrence,p_comp,110,14.5161290322581,62
pooled_2,P2,occurrence,p_comp,120,16.1290322580645,62
pooled_2,P2,occurrence,p_comp,130,14.5161290322581,62
pooled_2,P2,occurrence,p_comp,140,11.2903225806452,62
pooled_2,P2,occurrence,p_comp,150,14.5161290322581,62
pooled_2,P2,occurrence,p_comp,160,12.9032258064516,62
pooled_2,P2,occurrence,p_comp,170,12.9032258064516,62
pooled_2,P2,occurrence,p_comp,180,16.1290322580645,62
pooled_2,P2,occurrence,p_comp,190,14.5161290322581,62
pooled_2,P2,occurrence,p_comp,200,12.9032258064516,62
pooled_2,P2,occurrence,p_comp,210,16.1290322580645,62
pooled_2,P2,occurrence,p_comp,220,11.2903225806452,62
pooled_2,P2,occurrence,p_comp,230,12.9032258064516,62
pooled_2,P2,occurrence,p_comp,240,11.2903225806452,62
pooled_2,P2,occurrence,p_comp,250,16.1290322580645,62
pooled_1,P1,biomass,p_comp,10,20.8791208791209,91
pooled_1,P1,biomass,p_comp,20,21.978021978022,91
pooled_1,P1,biomass,p_comp,30,21.978021978022,91
pooled_1,P1,biomass,p_comp,40,20.8791208791209,91
pooled_1,P1,biomass,p_comp,50,21.978021978022,91
pooled_1,P1,biomass,p_comp,60,21.978021978022,91
pooled_1,P1,biomass,p_comp,70,21.978021978022,91
pooled_1,P1,biomass,p_comp,80,21.978021978022,91
pooled_1,P1,biomass,p_comp,90,21.978021978022,91
pooled_1,P1,biomass,p_comp,100,21.978021978022,91
pooled_1,P1,biomass,p_comp,110,19.7802197802198,91
pooled_1,P1,biomass,p_comp,120,23.0769230769231,91
pooled_1,P1,biomass,p_comp,130,21.978021978022,91
pooled_1,P1,biomass,p_comp,140,23.0769230769231,91
pooled_1,P1,biomass,p_comp,150,23.0769230769231,91
pooled_1,P1,biomass,p_comp,160,20.8791208791209,91
pooled_1,P1,biomass,p_comp,170,21.978021978022,91
pooled_1,P1,biomass,p_comp,180,21.978021978022,91
pooled_1,P1,biomass,p_comp,190,21.978021978022,91
pooled_1,P1,biomass,p_comp,200,23.0769230769231,91
pooled_1,P1,biomass,p_comp,210,23.0769230769231,91
pooled_1,P1,biomass,p_comp,220,21.978021978022,91
pooled_1,P1,biomass,p_comp,230,20.8791208791209,91
pooled_1,P1,biomass,p_comp,240,23.0769230769231,91
pooled_1,P1,biomass,p_comp,250,20.8791208791209,91
pooled_1,P1,occurrence,p_comp,10,32.967032967033,91
pooled_1,P1,occurrence,p_comp,20,30.7692307692308,91
pooled_1,P1,occurrence,p_comp,30,30.7692307692308,91
pooled_1,P1,occurrence,p_comp,40,31.8681318681319,91
pooled_1,P1,occurrence,p_comp,50,31.8681318681319,91
pooled_1,P1,occurrence,p_comp,60,30.7692307692308,91
pooled_1,P1,occurrence,p_comp,70,30.7692307692308,91
pooled_1,P1,occurrence,p_comp,80,30.7692307692308,91
pooled_1,P1,occurrence,p_comp,90,30.7692307692308,91
pooled_1,P1,occurrence,p_comp,100,31.8681318681319,91
pooled_1,P1,occurrence,p_comp,110,31.8681318681319,91
pooled_1,P1,occurrence,p_comp,120,29.6703296703297,91
pooled_1,P1,occurrence,p_comp,130,30.7692307692308,91
pooled_1,P1,occurrence,p_comp,140,30.7692307692308,91
pooled_1,P1,occurrence,p_comp,150,30.7692307692308,91
pooled_1,P1,occurrence,p_comp,160,28.5714285714286,91
pooled_1,P1,occurrence,p_comp,170,31.8681318681319,91
pooled_1,P1,occurrence,p_comp,180,31.8681318681319,91
pooled_1,P1,occurrence,p_comp,190,30.7692307692308,91
pooled_1,P1,occurrence,p_comp,200,29.6703296703297,91
pooled_1,P1,occurrence,p_comp,210,32.967032967033,91
pooled_1,P1,occurrence,p_comp,220,31.8681318681319,91
pooled_1,P1,occurrence,p_comp,230,30.7692307692308,91
pooled_1,P1,occurrence,p_comp,240,29.6703296703297,91
pooled_1,P1,occurrence,p_comp,250,31.8681318681319,91
pooled_1,P3,biomass,p_comp,10,18.9473684210526,95
pooled_1,P3,biomass,p_comp,20,20,95
pooled_1,P3,biomass,p_comp,30,20,95
pooled_1,P3,biomass,p_comp,40,18.9473684210526,95
pooled_1,P3,biomass,p_comp,50,18.9473684210526,95
pooled_1,P3,biomass,p_comp,60,20,95
pooled_1,P3,biomass,p_comp,70,18.9473684210526,95
pooled_1,P3,biomass,p_comp,80,18.9473684210526,95
pooled_1,P3,biomass,p_comp,90,17.8947368421053,95
pooled_1,P3,biomass,p_comp,100,20,95
pooled_1,P3,biomass,p_comp,110,18.9473684210526,95
pooled_1,P3,biomass,p_comp,120,17.8947368421053,95
pooled_1,P3,biomass,p_comp,130,18.9473684210526,95
pooled_1,P3,biomass,p_comp,140,20,95
pooled_1,P3,biomass,p_comp,150,18.9473684210526,95
pooled_1,P3,biomass,p_comp,160,18.9473684210526,95
pooled_1,P3,biomass,p_comp,170,18.9473684210526,95
pooled_1,P3,biomass,p_comp,180,18.9473684210526,95
pooled_1,P3,biomass,p_comp,190,18.9473684210526,95
pooled_1,P3,biomass,p_comp,200,18.9473684210526,95
pooled_1,P3,biomass,p_comp,210,18.9473684210526,95
pooled_1,P3,biomass,p_comp,220,20,95
pooled_1,P3,biomass,p_comp,230,18.9473684210526,95
pooled_1,P3,biomass,p_comp,240,20,95
pooled_1,P3,biomass,p_comp,250,18.9473684210526,95
pooled_1,P3,occurrence,p_comp,10,27.3684210526316,95
pooled_1,P3,occurrence,p_comp,20,30.5263157894737,95
pooled_1,P3,occurrence,p_comp,30,30.5263157894737,95
pooled_1,P3,occurrence,p_comp,40,30.5263157894737,95
pooled_1,P3,occurrence,p_comp,50,29.4736842105263,95
pooled_1,P3,occurrence,p_comp,60,30.5263157894737,95
pooled_1,P3,occurrence,p_comp,70,29.4736842105263,95
pooled_1,P3,occurrence,p_comp,80,31.5789473684211,95
pooled_1,P3,occurrence,p_comp,90,30.5263157894737,95
pooled_1,P3,occurrence,p_comp,100,31.5789473684211,95
pooled_1,P3,occurrence,p_comp,110,30.5263157894737,95
pooled_1,P3,occurrence,p_comp,120,29.4736842105263,95
pooled_1,P3,occurrence,p_comp,130,30.5263157894737,95
pooled_1,P3,occurrence,p_comp,140,30.5263157894737,95
pooled_1,P3,occurrence,p_comp,150,31.5789473684211,95
pooled_1,P3,occurrence,p_comp,160,31.5789473684211,95
pooled_1,P3,occurrence,p_comp,170,31.5789473684211,95
pooled_1,P3,occurrence,p_comp,180,30.5263157894737,95
pooled_1,P3,occurrence,p_comp,190,30.5263157894737,95
pooled_1,P3,occurrence,p_comp,200,31.5789473684211,95
pooled_1,P3,occurrence,p_comp,210,32.6315789473684,95
pooled_1,P3,occurrence,p_comp,220,29.4736842105263,95
pooled_1,P3,occurrence,p_comp,230,30.5263157894737,95
pooled_1,P3,occurrence,p_comp,240,29.4736842105263,95
pooled_1,P3,occurrence,p_comp,250,28.4210526315789,95
pooled_1,PT,biomass,p_comp,10,83,100
pooled_1,PT,biomass,p_comp,20,83,100
pooled_1,PT,biomass,p_comp,30,83,100
pooled_1,PT,biomass,p_comp,40,81,100
pooled_1,PT,biomass,p_comp,50,78,100
pooled_1,PT,biomass,p_comp,60,79,100
pooled_1,PT,biomass,p_comp,70,80,100
pooled_1,PT,biomass,p_comp,80,79,100
pooled_1,PT,biomass,p_comp,90,80,100
pooled_1,PT,biomass,p_comp,100,80,100
pooled_1,PT,biomass,p_comp,110,79,100
pooled_1,PT,biomass,p_comp,120,79,100
pooled_1,PT,biomass,p_comp,130,78,100
pooled_1,PT,biomass,p_comp,140,81,100
pooled_1,PT,biomass,p_comp,150,80,100
pooled_1,PT,biomass,p_comp,160,78,100
pooled_1,PT,biomass,p_comp,170,77,100
pooled_1,PT,biomass,p_comp,180,76,100
pooled_1,PT,biomass,p_comp,190,75,100
pooled_1,PT,biomass,p_comp,200,74,100
pooled_1,PT,biomass,p_comp,210,74,100
pooled_1,PT,biomass,p_comp,220,75,100
pooled_1,PT,biomass,p_comp,230,71,100
pooled_1,PT,biomass,p_comp,240,72,100
pooled_1,PT,biomass,p_comp,250,71,100
pooled_1,PT,occurrence,p_comp,10,88,100
pooled_1,PT,occurrence,p_comp,20,88,100
pooled_1,PT,occurrence,p_comp,30,89,100
pooled_1,PT,occurrence,p_comp,40,89,100
pooled_1,PT,occurrence,p_comp,50,86,100
pooled_1,PT,occurrence,p_comp,60,86,100
pooled_1,PT,occurrence,p_comp,70,86,100
pooled_1,PT,occurrence,p_comp,80,86,100
pooled_1,PT,occurrence,p_comp,90,86,100
pooled_1,PT,occurrence,p_comp,100,86,100
pooled_1,PT,occurrence,p_comp,110,86,100
pooled_1,PT,occurrence,p_comp,120,88,100
pooled_1,PT,occurrence,p_comp,130,86,100
pooled_1,PT,occurrence,p_comp,140,87,100
pooled_1,PT,occurrence,p_comp,150,86,100
pooled_1,PT,occurrence,p_comp,160,84,100
pooled_1,PT,occurrence,p_comp,170,84,100
pooled_1,PT,occurrence,p_comp,180,83,100
pooled_1,PT,occurrence,p_comp,190,84,100
pooled_1,PT,occurrence,p_comp,200,83,100
pooled_1,PT,occurrence,p_comp,210,82,100
pooled_1,PT,occurrence,p_comp,220,82,100
pooled_1,PT,occurrence,p_comp,230,82,100
pooled_1,PT,occurrence,p_comp,240,82,100
pooled_1,PT,occurrence,p_comp,250,82,100
pooled_1,P4,biomass,p_comp,10,65.3333333333333,75
pooled_1,P4,biomass,p_comp,20,65.3333333333333,75
pooled_1,P4,biomass,p_comp,30,66.6666666666667,75
pooled_1,P4,biomass,p_comp,40,65.3333333333333,75
pooled_1,P4,biomass,p_comp,50,65.3333333333333,75
pooled_1,P4,biomass,p_comp,60,64,75
pooled_1,P4,biomass,p_comp,70,62.6666666666667,75
pooled_1,P4,biomass,p_comp,80,62.6666666666667,75
pooled_1,P4,biomass,p_comp,90,62.6666666666667,75
pooled_1,P4,biomass,p_comp,100,62.6666666666667,75
pooled_1,P4,biomass,p_comp,110,62.6666666666667,75
pooled_1,P4,biomass,p_comp,120,64,75
pooled_1,P4,biomass,p_comp,130,64,75
pooled_1,P4,biomass,p_comp,140,64,75
pooled_1,P4,biomass,p_comp,150,64,75
pooled_1,P4,biomass,p_comp,160,62.6666666666667,75
pooled_1,P4,biomass,p_comp,170,62.6666666666667,75
pooled_1,P4,biomass,p_comp,180,60,75
pooled_1,P4,biomass,p_comp,190,60,75
pooled_1,P4,biomass,p_comp,200,62.6666666666667,75
pooled_1,P4,biomass,p_comp,210,61.3333333333333,75
pooled_1,P4,biomass,p_comp,220,62.6666666666667,75
pooled_1,P4,biomass,p_comp,230,57.3333333333333,75
pooled_1,P4,biomass,p_comp,240,57.3333333333333,75
pooled_1,P4,biomass,p_comp,250,57.3333333333333,75
pooled_1,P4,occurrence,p_comp,10,80,75
pooled_1,P4,occurrence,p_comp,20,80,75
pooled_1,P4,occurrence,p_comp,30,80,75
pooled_1,P4,occurrence,p_comp,40,80,75
pooled_1,P4,occurrence,p_comp,50,77.3333333333333,75
pooled_1,P4,occurrence,p_comp,60,78.6666666666667,75
pooled_1,P4,occurrence,p_comp,70,78.6666666666667,75
pooled_1,P4,occurrence,p_comp,80,80,75
pooled_1,P4,occurrence,p_comp,90,78.6666666666667,75
pooled_1,P4,occurrence,p_comp,100,78.6666666666667,75
pooled_1,P4,occurrence,p_comp,110,78.6666666666667,75
pooled_1,P4,occurrence,p_comp,120,77.3333333333333,75
pooled_1,P4,occurrence,p_comp,130,77.3333333333333,75
pooled_1,P4,occurrence,p_comp,140,76,75
pooled_1,P4,occurrence,p_comp,150,76,75
pooled_1,P4,occurrence,p_comp,160,77.3333333333333,75
pooled_1,P4,occurrence,p_comp,170,76,75
pooled_1,P4,occurrence,p_comp,180,76,75
pooled_1,P4,occurrence,p_comp,190,77.3333333333333,75
pooled_1,P4,occurrence,p_comp,200,76,75
pooled_1,P4,occurrence,p_comp,210,74.6666666666667,75
pooled_1,P4,occurrence,p_comp,220,77.3333333333333,75
pooled_1,P4,occurrence,p_comp,230,73.3333333333333,75
pooled_1,P4,occurrence,p_comp,240,73.3333333333333,75
pooled_1,P4,occurrence,p_comp,250,74.6666666666667,75
pooled_1,P2,biomass,p_comp,10,17.741935483871,62
pooled_1,P2,biomass,p_comp,20,17.741935483871,62
pooled_1,P2,biomass,p_comp,30,17.741935483871,62
pooled_1,P2,biomass,p_comp,40,17.741935483871,62
pooled_1,P2,biomass,p_comp,50,17.741935483871,62
pooled_1,P2,biomass,p_comp,60,20.9677419354839,62
pooled_1,P2,biomass,p_comp,70,19.3548387096774,62
pooled_1,P2,biomass,p_comp,80,17.741935483871,62
pooled_1,P2,biomass,p_comp,90,19.3548387096774,62
pooled_1,P2,biomass,p_comp,100,17.741935483871,62
pooled_1,P2,biomass,p_comp,110,20.9677419354839,62
pooled_1,P2,biomass,p_comp,120,17.741935483871,62
pooled_1,P2,biomass,p_comp,130,17.741935483871,62
pooled_1,P2,biomass,p_comp,140,17.741935483871,62
pooled_1,P2,biomass,p_comp,150,17.741935483871,62
pooled_1,P2,biomass,p_comp,160,19.3548387096774,62
pooled_1,P2,biomass,p_comp,170,19.3548387096774,62
pooled_1,P2,biomass,p_comp,180,19.3548387096774,62
pooled_1,P2,biomass,p_comp,190,20.9677419354839,62
pooled_1,P2,biomass,p_comp,200,22.5806451612903,62
pooled_1,P2,biomass,p_comp,210,19.3548387096774,62
pooled_1,P2,biomass,p_comp,220,22.5806451612903,62
pooled_1,P2,biomass,p_comp,230,20.9677419354839,62
pooled_1,P2,biomass,p_comp,240,20.9677419354839,62
pooled_1,P2,biomass,p_comp,250,19.3548387096774,62
pooled_1,P2,occurrence,p_comp,10,17.741935483871,62
pooled_1,P2,occurrence,p_comp,20,14.5161290322581,62
pooled_1,P2,occurrence,p_comp,30,14.5161290322581,62
pooled_1,P2,occurrence,p_comp,40,14.5161290322581,62
pooled_1,P2,occurrence,p_comp,50,14.5161290322581,62
pooled_1,P2,occurrence,p_comp,60,14.5161290322581,62
pooled_1,P2,occurrence,p_comp,70,14.5161290322581,62
pooled_1,P2,occurrence,p_comp,80,11.2903225806452,62
pooled_1,P2,occurrence,p_comp,90,14.5161290322581,62
pooled_1,P2,occurrence,p_comp,100,16.1290322580645,62
pooled_1,P2,occurrence,p_comp,110,14.5161290322581,62
pooled_1,P2,occurrence,p_comp,120,16.1290322580645,62
pooled_1,P2,occurrence,p_comp,130,14.5161290322581,62
pooled_1,P2,occurrence,p_comp,140,12.9032258064516,62
pooled_1,P2,occurrence,p_comp,150,16.1290322580645,62
pooled_1,P2,occurrence,p_comp,160,14.5161290322581,62
pooled_1,P2,occurrence,p_comp,170,14.5161290322581,62
pooled_1,P2,occurrence,p_comp,180,16.1290322580645,62
pooled_1,P2,occurrence,p_comp,190,16.1290322580645,62
pooled_1,P2,occurrence,p_comp,200,12.9032258064516,62
pooled_1,P2,occurrence,p_comp,210,16.1290322580645,62
pooled_1,P2,occurrence,p_comp,220,12.9032258064516,62
pooled_1,P2,occurrence,p_comp,230,12.9032258064516,62
pooled_1,P2,occurrence,p_comp,240,11.2903225806452,62
pooled_1,P2,occurrence,p_comp,250,17.741935483871,62
per_predator,P1,biomass,p_comp,10,21.1111111111111,90
per_predator,P1,biomass,p_comp,20,22.2222222222222,90
per_predator,P1,biomass,p_comp,30,22.2222222222222,90
per_predator,P1,biomass,p_comp,40,23.3333333333333,90
per_predator,P1,biomass,p_comp,50,22.2222222222222,90
per_predator,P1,biomass,p_comp,60,23.3333333333333,90
per_predator,P1,biomass,p_comp,70,23.3333333333333,90
per_predator,P1,biomass,p_comp,80,21.1111111111111,90
per_predator,P1,biomass,p_comp,90,22.2222222222222,90
per_predator,P1,biomass,p_comp,100,22.2222222222222,90
per_predator,P1,biomass,p_comp,110,20,90
per_predator,P1,biomass,p_comp,120,18.8888888888889,90
per_predator,P1,biomass,p_comp,130,18.8888888888889,90
per_predator,P1,biomass,p_comp,140,19.3181818181818,88
per_predator,P1,biomass,p_comp,150,18.6046511627907,86
per_predator,P1,biomass,p_comp,160,17.4418604651163,86
per_predator,P1,biomass,p_comp,170,20.9302325581395,86
per_predator,P1,biomass,p_comp,180,16.2790697674419,86
per_predator,P1,biomass,p_comp,190,18.6046511627907,86
per_predator,P1,biomass,p_comp,200,18.8235294117647,85
per_predator,P1,biomass,p_comp,210,17.6470588235294,85
per_predator,P1,biomass,p_comp,220,18.0722891566265,83
per_predator,P1,biomass,p_comp,230,19.2771084337349,83
per_predator,P1,biomass,p_comp,240,18.0722891566265,83
per_predator,P1,biomass,p_comp,250,16.8674698795181,83
per_predator,P1,occurrence,p_comp,10,31.1111111111111,90
per_predator,P1,occurrence,p_comp,20,28.8888888888889,90
per_predator,P1,occurrence,p_comp,30,27.7777777777778,90
per_predator,P1,occurrence,p_comp,40,28.8888888888889,90
per_predator,P1,occurrence,p_comp,50,25.5555555555556,90
per_predator,P1,occurrence,p_comp,60,25.5555555555556,90
per_predator,P1,occurrence,p_comp,70,24.4444444444444,90
per_predator,P1,occurrence,p_comp,80,24.4444444444444,90
per_predator,P1,occurrence,p_comp,90,25.5555555555556,90
per_predator,P1,occurrence,p_comp,100,24.4444444444444,90
per_predator,P1,occurrence,p_comp,110,24.4444444444444,90
per_predator,P1,occurrence,p_comp,120,23.3333333333333,90
per_predator,P1,occurrence,p_comp,130,22.2222222222222,90
per_predator,P1,occurrence,p_comp,140,22.7272727272727,88
per_predator,P1,occurrence,p_comp,150,23.2558139534884,86
per_predator,P1,occurrence,p_comp,160,22.093023255814,86
per_predator,P1,occurrence,p_comp,170,19.7674418604651,86
per_predator,P1,occurrence,p_comp,180,19.7674418604651,86
per_predator,P1,occurrence,p_comp,190,19.7674418604651,86
per_predator,P1,occurrence,p_comp,200,20,85
per_predator,P1,occurrence,p_comp,210,21.1764705882353,85
per_predator,P1,occurrence,p_comp,220,19.2771084337349,83
per_predator,P1,occurrence,p_comp,230,20.4819277108434,83
per_predator,P1,occurrence,p_comp,240,15.6626506024096,83
per_predator,P1,occurrence,p_comp,250,18.0722891566265,83
per_predator,P3,biomass,p_comp,10,20.2127659574468,94
per_predator,P3,biomass,p_comp,20,20.2127659574468,94
per_predator,P3,biomass,p_comp,30,21.2765957446809,94
per_predator,P3,biomass,p_comp,40,20.2127659574468,94
per_predator,P3,biomass,p_comp,50,18.0851063829787,94
per_predator,P3,biomass,p_comp,60,20.2127659574468,94
per_predator,P3,biomass,p_comp,70,18.0851063829787,94
per_predator,P3,biomass,p_comp,80,17.0212765957447,94
per_predator,P3,biomass,p_comp,90,18.0851063829787,94
per_predator,P3,biomass,p_comp,100,17.0212765957447,94
per_predator,P3,biomass,p_comp,110,15.9574468085106,94
per_predator,P3,biomass,p_comp,120,15.9574468085106,94
per_predator,P3,biomass,p_comp,130,15.9574468085106,94
per_predator,P3,biomass,p_comp,140,15.9574468085106,94
per_predator,P3,biomass,p_comp,150,18.4782608695652,92
per_predator,P3,biomass,p_comp,160,16.304347826087,92
per_predator,P3,biomass,p_comp,170,18.4782608695652,92
per_predator,P3,biomass,p_comp,180,16.304347826087,92
per_predator,P3,biomass,p_comp,190,19.5652173913043,92
per_predator,P3,biomass,p_comp,200,17.5824175824176,91
per_predator,P3,biomass,p_comp,210,15.3846153846154,91
per_predator,P3,biomass,p_comp,220,15.1162790697674,86
per_predator,P3,biomass,p_comp,230,16.2790697674419,86
per_predator,P3,biomass,p_comp,240,16.2790697674419,86
per_predator,P3,biomass,p_comp,250,12.7906976744186,86
per_predator,P3,occurrence,p_comp,10,27.6595744680851,94
per_predator,P3,occurrence,p_comp,20,28.7234042553192,94
per_predator,P3,occurrence,p_comp,30,27.6595744680851,94
per_predator,P3,occurrence,p_comp,40,28.7234042553192,94
per_predator,P3,occurrence,p_comp,50,26.5957446808511,94
per_predator,P3,occurrence,p_comp,60,26.5957446808511,94
per_predator,P3,occurrence,p_comp,70,26.5957446808511,94
per_predator,P3,occurrence,p_comp,80,26.5957446808511,94
per_predator,P3,occurrence,p_comp,90,25.531914893617,94
per_predator,P3,occurrence,p_comp,100,25.531914893617,94
per_predator,P3,occurrence,p_comp,110,21.2765957446809,94
per_predator,P3,occurrence,p_comp,120,25.531914893617,94
per_predator,P3,occurrence,p_comp,130,23.4042553191489,94
per_predator,P3,occurrence,p_comp,140,23.4042553191489,94
per_predator,P3,occurrence,p_comp,150,21.7391304347826,92
per_predator,P3,occurrence,p_comp,160,21.7391304347826,92
per_predator,P3,occurrence,p_comp,170,20.6521739130435,92
per_predator,P3,occurrence,p_comp,180,19.5652173913043,92
per_predator,P3,occurrence,p_comp,190,20.6521739130435,92
per_predator,P3,occurrence,p_comp,200,19.7802197802198,91
per_predator,P3,occurrence,p_comp,210,19.7802197802198,91
per_predator,P3,occurrence,p_comp,220,19.7674418604651,86
per_predator,P3,occurrence,p_comp,230,19.7674418604651,86
per_predator,P3,occurrence,p_comp,240,18.6046511627907,86
per_predator,P3,occurrence,p_comp,250,18.6046511627907,86
per_predator,PT,biomass,p_comp,10,78.7878787878788,99
per_predator,PT,biomass,p_comp,20,76.7676767676768,99
per_predator,PT,biomass,p_comp,30,73.7373737373737,99
per_predator,PT,biomass,p_comp,40,72.7272727272727,99
per_predator,PT,biomass,p_comp,50,71.7171717171717,99
per_predator,PT,biomass,p_comp,60,63.6363636363636,99
per_predator,PT,biomass,p_comp,70,57.5757575757576,99
per_predator,PT,biomass,p_comp,80,54.5454545454545,99
per_predator,PT,biomass,p_comp,90,51.5151515151515,99
per_predator,PT,biomass,p_comp,100,52.5252525252525,99
per_predator,PT,biomass,p_comp,110,54.5454545454545,99
per_predator,PT,biomass,p_comp,120,53.5353535353535,99
per_predator,PT,biomass,p_comp,130,53.5353535353535,99
per_predator,PT,biomass,p_comp,140,55.1020408163265,98
per_predator,PT,biomass,p_comp,150,54.7368421052632,95
per_predator,PT,biomass,p_comp,160,51.5789473684211,95
per_predator,PT,biomass,p_comp,170,47.3684210526316,95
per_predator,PT,biomass,p_comp,180,46.3157894736842,95
per_predator,PT,biomass,p_comp,190,42.1052631578947,95
per_predator,PT,biomass,p_comp,200,41.0526315789474,95
per_predator,PT,biomass,p_comp,210,38.9473684210526,95
per_predator,PT,biomass,p_comp,220,35.8695652173913,92
per_predator,PT,biomass,p_comp,230,35.8695652173913,92
per_predator,PT,biomass,p_comp,240,32.6086956521739,92
per_predator,PT,biomass,p_comp,250,32.6086956521739,92
per_predator,PT,occurrence,p_comp,10,84.8484848484848,99
per_predator,PT,occurrence,p_comp,20,84.8484848484848,99
per_predator,PT,occurrence,p_comp,30,80.8080808080808,99
per_predator,PT,occurrence,p_comp,40,80.8080808080808,99
per_predator,PT,occurrence,p_comp,50,79.7979797979798,99
per_predator,PT,occurrence,p_comp,60,77.7777777777778,99
per_predator,PT,occurrence,p_comp,70,71.7171717171717,99
per_predator,PT,occurrence,p_comp,80,68.6868686868687,99
per_predator,PT,occurrence,p_comp,90,68.6868686868687,99
per_predator,PT,occurrence,p_comp,100,67.6767676767677,99
per_predator,PT,occurrence,p_comp,110,69.6969696969697,99
per_predator,PT,occurrence,p_comp,120,67.6767676767677,99
per_predator,PT,occurrence,p_comp,130,66.6666666666667,99
per_predator,PT,occurrence,p_comp,140,66.3265306122449,98
per_predator,PT,occurrence,p_comp,150,66.3157894736842,95
per_predator,PT,occurrence,p_comp,160,61.0526315789474,95
per_predator,PT,occurrence,p_comp,170,57.8947368421053,95
per_predator,PT,occurrence,p_comp,180,55.7894736842105,95
per_predator,PT,occurrence,p_comp,190,53.6842105263158,95
per_predator,PT,occurrence,p_comp,200,53.6842105263158,95
per_predator,PT,occurrence,p_comp,210,51.5789473684211,95
per_predator,PT,occurrence,p_comp,220,46.7391304347826,92
per_predator,PT,occurrence,p_comp,230,45.6521739130435,92
per_predator,PT,occurrence,p_comp,240,44.5652173913043,92
per_predator,PT,occurrence,p_comp,250,40.2173913043478,92
per_predator,P4,biomass,p_comp,10,59.4594594594595,74
per_predator,P4,biomass,p_comp,20,58.1081081081081,74
per_predator,P4,biomass,p_comp,30,58.1081081081081,74
per_predator,P4,biomass,p_comp,40,51.3513513513514,74
per_predator,P4,biomass,p_comp,50,54.0540540540541,74
per_predator,P4,biomass,p_comp,60,51.3513513513514,74
per_predator,P4,biomass,p_comp,70,47.2972972972973,74
per_predator,P4,biomass,p_comp,80,48.6486486486487,74
per_predator,P4,biomass,p_comp,90,47.9452054794521,73
per_predator,P4,biomass,p_comp,100,47.9452054794521,73
per_predator,P4,biomass,p_comp,110,46.5753424657534,73
per_predator,P4,biomass,p_comp,120,47.2222222222222,72
per_predator,P4,biomass,p_comp,130,47.2222222222222,72
per_predator,P4,biomass,p_comp,140,45.8333333333333,72
per_predator,P4,biomass,p_comp,150,45.7142857142857,70
per_predator,P4,biomass,p_comp,160,44.2857142857143,70
per_predator,P4,biomass,p_comp,170,45.7142857142857,70
per_predator,P4,biomass,p_comp,180,45.7142857142857,70
per_predator,P4,biomass,p_comp,190,42.8571428571429,70
per_predator,P4,biomass,p_comp,200,45.7142857142857,70
per_predator,P4,biomass,p_comp,210,44.2857142857143,70
per_predator,P4,biomass,p_comp,220,39.7058823529412,68
per_predator,P4,biomass,p_comp,230,36.7647058823529,68
per_predator,P4,biomass,p_comp,240,36.7647058823529,68
per_predator,P4,biomass,p_comp,250,36.7647058823529,68
per_predator,P4,occurrence,p_comp,10,77.027027027027,74
per_predator,P4,occurrence,p_comp,20,77.027027027027,74
per_predator,P4,occurrence,p_comp,30,75.6756756756757,74
per_predator,P4,occurrence,p_comp,40,71.6216216216216,74
per_predator,P4,occurrence,p_comp,50,68.9189189189189,74
per_predator,P4,occurrence,p_comp,60,66.2162162162162,74
per_predator,P4,occurrence,p_comp,70,62.1621621621622,74
per_predator,P4,occurrence,p_comp,80,60.8108108108108,74
per_predator,P4,occurrence,p_comp,90,61.6438356164384,73
per_predator,P4,occurrence,p_comp,100,60.2739726027397,73
per_predator,P4,occurrence,p_comp,110,60.2739726027397,73
per_predator,P4,occurrence,p_comp,120,61.1111111111111,72
per_predator,P4,occurrence,p_comp,130,59.7222222222222,72
per_predator,P4,occurrence,p_comp,140,59.7222222222222,72
per_predator,P4,occurrence,p_comp,150,55.7142857142857,70
per_predator,P4,occurrence,p_comp,160,51.4285714285714,70
per_predator,P4,occurrence,p_comp,170,51.4285714285714,70
per_predator,P4,occurrence,p_comp,180,52.8571428571429,70
per_predator,P4,occurrence,p_comp,190,48.5714285714286,70
per_predator,P4,occurrence,p_comp,200,47.1428571428571,70
per_predator,P4,occurrence,p_comp,210,45.7142857142857,70
per_predator,P4,occurrence,p_comp,220,42.6470588235294,68
per_predator,P4,occurrence,p_comp,230,39.7058823529412,68
per_predator,P4,occurrence,p_comp,240,39.7058823529412,68
per_predator,P4,occurrence,p_comp,250,38.2352941176471,68
per_predator,P2,biomass,p_comp,10,20,60
per_predator,P2,biomass,p_comp,20,18.3333333333333,60
per_predator,P2,biomass,p_comp,30,13.3333333333333,60
per_predator,P2,biomass,p_comp,40,15,60
per_predator,P2,biomass,p_comp,50,11.6666666666667,60
per_predator,P2,biomass,p_comp,60,11.6666666666667,60
per_predator,P2,biomass,p_comp,70,11.6666666666667,60
per_predator,P2,biomass,p_comp,80,8.33333333333333,60
per_predator,P2,biomass,p_comp,90,11.864406779661,59
per_predator,P2,biomass,p_comp,100,15.2542372881356,59
per_predator,P2,biomass,p_comp,110,11.864406779661,59
per_predator,P2,biomass,p_comp,120,12.0689655172414,58
per_predator,P2,biomass,p_comp,130,13.7931034482759,58
per_predator,P2,biomass,p_comp,140,10.5263157894737,57
per_predator,P2,biomass,p_comp,150,12.280701754386,57
per_predator,P2,biomass,p_comp,160,12.280701754386,57
per_predator,P2,biomass,p_comp,170,7.01754385964912,57
per_predator,P2,biomass,p_comp,180,8.7719298245614,57
per_predator,P2,biomass,p_comp,190,8.7719298245614,57
per_predator,P2,biomass,p_comp,200,8.7719298245614,57
per_predator,P2,biomass,p_comp,210,8.7719298245614,57
per_predator,P2,biomass,p_comp,220,9.09090909090909,55
per_predator,P2,biomass,p_comp,230,7.27272727272727,55
per_predator,P2,biomass,p_comp,240,9.09090909090909,55
per_predator,P2,biomass,p_comp,250,5.55555555555556,54
per_predator,P2,occurrence,p_comp,10,15,60
per_predator,P2,occurrence,p_comp,20,16.6666666666667,60
per_predator,P2,occurrence,p_comp,30,16.6666666666667,60
per_predator,P2,occurrence,p_comp,40,18.3333333333333,60
per_predator,P2,occurrence,p_comp,50,15,60
per_predator,P2,occurrence,p_comp,60,13.3333333333333,60
per_predator,P2,occurrence,p_comp,70,13.3333333333333,60
per_predator,P2,occurrence,p_comp,80,11.6666666666667,60
per_predator,P2,occurrence,p_comp,90,15.2542372881356,59
per_predator,P2,occurrence,p_comp,100,11.864406779661,59
per_predator,P2,occurrence,p_comp,110,15.2542372881356,59
per_predator,P2,occurrence,p_comp,120,12.0689655172414,58
per_predator,P2,occurrence,p_comp,130,12.0689655172414,58
per_predator,P2,occurrence,p_comp,140,12.280701754386,57
per_predator,P2,occurrence,p_comp,150,14.0350877192982,57
per_predator,P2,occurrence,p_comp,160,12.280701754386,57
per_predator,P2,occurrence,p_comp,170,10.5263157894737,57
per_predator,P2,occurrence,p_comp,180,10.5263157894737,57
per_predator,P2,occurrence,p_comp,190,10.5263157894737,57
per_predator,P2,occurrence,p_comp,200,10.5263157894737,57
per_predator,P2,occurrence,p_comp,210,10.5263157894737,57
per_predator,P2,occurrence,p_comp,220,9.09090909090909,55
per_predator,P2,occurrence,p_comp,230,7.27272727272727,55
per_predator,P2,occurrence,p_comp,240,9.09090909090909,55
per_predator,P2,occurrence,p_comp,250,11.1111111111111,54
pooled_2,P1,biomass,p_H,10,18.6813186813187,91
pooled_2,P1,biomass,p_H,20,18.6813186813187,91
pooled_2,P1,biomass,p_H,30,18.6813186813187,91
pooled_2,P1,biomass,p_H,40,18.6813186813187,91
pooled_2,P1,biomass,p_H,50,18.6813186813187,91
pooled_2,P1,biomass,p_H,60,17.5824175824176,91
pooled_2,P1,biomass,p_H,70,18.6813186813187,91
pooled_2,P1,biomass,p_H,80,18.6813186813187,91
pooled_2,P1,biomass,p_H,90,18.6813186813187,91
pooled_2,P1,biomass,p_H,100,18.6813186813187,91
pooled_2,P1,biomass,p_H,110,18.6813186813187,91
pooled_2,P1,biomass,p_H,120,18.6813186813187,91
pooled_2,P1,biomass,p_H,130,18.6813186813187,91
pooled_2,P1,biomass,p_H,140,18.6813186813187,91
pooled_2,P1,biomass,p_H,150,18.6813186813187,91
pooled_2,P1,biomass,p_H,160,17.5824175824176,91
pooled_2,P1,biomass,p_H,170,17.5824175824176,91
pooled_2,P1,biomass,p_H,180,17.5824175824176,91
pooled_2,P1,biomass,p_H,190,17.5824175824176,91
pooled_2,P1,biomass,p_H,200,16.4835164835165,91
pooled_2,P1,biomass,p_H,210,16.4835164835165,91
pooled_2,P1,biomass,p_H,220,16.4835164835165,91
pooled_2,P1,biomass,p_H,230,16.4835164835165,91
pooled_2,P1,biomass,p_H,240,16.4835164835165,91
pooled_2,P1,biomass,p_H,250,16.4835164835165,91
pooled_2,P1,occurrence,p_H,10,9.89010989010989,91
pooled_2,P1,occurrence,p_H,20,9.89010989010989,91
pooled_2,P1,occurrence,p_H,30,9.89010989010989,91
pooled_2,P1,occurrence,p_H,40,9.89010989010989,91
pooled_2,P1,occurrence,p_H,50,9.89010989010989,91
pooled_2,P1,occurrence,p_H,60,9.89010989010989,91
pooled_2,P1,occurrence,p_H,70,9.89010989010989,91
pooled_2,P1,occurrence,p_H,80,9.89010989010989,91
pooled_2,P1,occurrence,p_H,90,9.89010989010989,91
pooled_2,P1,occurrence,p_H,100,9.89010989010989,91
pooled_2,P1,occurrence,p_H,110,9.89010989010989,91
pooled_2,P1,occurrence,p_H,120,9.89010989010989,91
pooled_2,P1,occurrence,p_H,130,9.89010989010989,91
pooled_2,P1,occurrence,p_H,140,9.89010989010989,91
pooled_2,P1,occurrence,p_H,150,9.89010989010989,91
pooled_2,P1,occurrence,p_H,160,10.989010989011,91
pooled_2,P1,occurrence,p_H,170,10.989010989011,91
pooled_2,P1,occurrence,p_H,180,10.989010989011,91
pooled_2,P1,occurrence,p_H,190,10.989010989011,91
pooled_2,P1,occurrence,p_H,200,12.0879120879121,91
pooled_2,P1,occurrence,p_H,210,12.0879120879121,91
pooled_2,P1,occurrence,p_H,220,12.0879120879121,91
pooled_2,P1,occurrence,p_H,230,12.0879120879121,91
pooled_2,P1,occurrence,p_H,240,12.0879120879121,91
pooled_2,P1,occurrence,p_H,250,12.0879120879121,91
pooled_2,P3,biomass,p_H,10,16.8421052631579,95
pooled_2,P3,biomass,p_H,20,15.7894736842105,95
pooled_2,P3,biomass,p_H,30,15.7894736842105,95
pooled_2,P3,biomass,p_H,40,15.7894736842105,95
pooled_2,P3,biomass,p_H,50,15.7894736842105,95
pooled_2,P3,biomass,p_H,60,14.7368421052632,95
pooled_2,P3,biomass,p_H,70,15.7894736842105,95
pooled_2,P3,biomass,p_H,80,15.7894736842105,95
pooled_2,P3,biomass,p_H,90,15.7894736842105,95
pooled_2,P3,biomass,p_H,100,15.7894736842105,95
pooled_2,P3,biomass,p_H,110,15.7894736842105,95
pooled_2,P3,biomass,p_H,120,16.8421052631579,95
pooled_2,P3,biomass,p_H,130,16.8421052631579,95
pooled_2,P3,biomass,p_H,140,16.8421052631579,95
pooled_2,P3,biomass,p_H,150,16.8421052631579,95
pooled_2,P3,biomass,p_H,160,15.7894736842105,95
pooled_2,P3,biomass,p_H,170,15.7894736842105,95
pooled_2,P3,biomass,p_H,180,15.7894736842105,95
pooled_2,P3,biomass,p_H,190,15.7894736842105,95
pooled_2,P3,biomass,p_H,200,14.7368421052632,95
pooled_2,P3,biomass,p_H,210,14.7368421052632,95
pooled_2,P3,biomass,p_H,220,14.7368421052632,95
pooled_2,P3,biomass,p_H,230,14.7368421052632,95
pooled_2,P3,biomass,p_H,240,14.7368421052632,95
pooled_2,P3,biomass,p_H,250,14.7368421052632,95
pooled_2,P3,occurrence,p_H,10,10.5263157894737,95
pooled_2,P3,occurrence,p_H,20,10.5263157894737,95
pooled_2,P3,occurrence,p_H,30,10.5263157894737,95
pooled_2,P3,occurrence,p_H,40,10.5263157894737,95
pooled_2,P3,occurrence,p_H,50,11.5789473684211,95
pooled_2,P3,occurrence,p_H,60,11.5789473684211,95
pooled_2,P3,occurrence,p_H,70,11.5789473684211,95
pooled_2,P3,occurrence,p_H,80,11.5789473684211,95
pooled_2,P3,occurrence,p_H,90,11.5789473684211,95
pooled_2,P3,occurrence,p_H,100,11.5789473684211,95
pooled_2,P3,occurrence,p_H,110,11.5789473684211,95
pooled_2,P3,occurrence,p_H,120,11.5789473684211,95
pooled_2,P3,occurrence,p_H,130,11.5789473684211,95
pooled_2,P3,occurrence,p_H,140,11.5789473684211,95
pooled_2,P3,occurrence,p_H,150,11.5789473684211,95
pooled_2,P3,occurrence,p_H,160,10.5263157894737,95
pooled_2,P3,occurrence,p_H,170,10.5263157894737,95
pooled_2,P3,occurrence,p_H,180,10.5263157894737,95
pooled_2,P3,occurrence,p_H,190,10.5263157894737,95
pooled_2,P3,occurrence,p_H,200,11.5789473684211,95
pooled_2,P3,occurrence,p_H,210,11.5789473684211,95
pooled_2,P3,occurrence,p_H,220,11.5789473684211,95
pooled_2,P3,occurrence,p_H,230,11.5789473684211,95
pooled_2,P3,occurrence,p_H,240,11.5789473684211,95
pooled_2,P3,occurrence,p_H,250,11.5789473684211,95
pooled_2,PT,biomass,p_H,10,35,100
pooled_2,PT,biomass,p_H,20,34,100
pooled_2,PT,biomass,p_H,30,35,100
pooled_2,PT,biomass,p_H,40,35,100
pooled_2,PT,biomass,p_H,50,34,100
pooled_2,PT,biomass,p_H,60,29,100
pooled_2,PT,biomass,p_H,70,29,100
pooled_2,PT,biomass,p_H,80,29,100
pooled_2,PT,biomass,p_H,90,29,100
pooled_2,PT,biomass,p_H,100,30,100
pooled_2,PT,biomass,p_H,110,30,100
pooled_2,PT,biomass,p_H,120,30,100
pooled_2,PT,biomass,p_H,130,30,100
pooled_2,PT,biomass,p_H,140,30,100
pooled_2,PT,biomass,p_H,150,30,100
pooled_2,PT,biomass,p_H,160,29,100
pooled_2,PT,biomass,p_H,170,29,100
pooled_2,PT,biomass,p_H,180,29,100
pooled_2,PT,biomass,p_H,190,29,100
pooled_2,PT,biomass,p_H,200,27,100
pooled_2,PT,biomass,p_H,210,27,100
pooled_2,PT,biomass,p_H,220,27,100
pooled_2,PT,biomass,p_H,230,26,100
pooled_2,PT,biomass,p_H,240,26,100
pooled_2,PT,biomass,p_H,250,25,100
pooled_2,PT,occurrence,p_H,10,32,100
pooled_2,PT,occurrence,p_H,20,33,100
pooled_2,PT,occurrence,p_H,30,33,100
pooled_2,PT,occurrence,p_H,40,33,100
pooled_2,PT,occurrence,p_H,50,35,100
pooled_2,PT,occurrence,p_H,60,32,100
pooled_2,PT,occurrence,p_H,70,32,100
pooled_2,PT,occurrence,p_H,80,33,100
pooled_2,PT,occurrence,p_H,90,33,100
pooled_2,PT,occurrence,p_H,100,33,100
pooled_2,PT,occurrence,p_H,110,33,100
pooled_2,PT,occurrence,p_H,120,32,100
pooled_2,PT,occurrence,p_H,130,33,100
pooled_2,PT,occurrence,p_H,140,31,100
pooled_2,PT,occurrence,p_H,150,31,100
pooled_2,PT,occurrence,p_H,160,32,100
pooled_2,PT,occurrence,p_H,170,32,100
pooled_2,PT,occurrence,p_H,180,31,100
pooled_2,PT,occurrence,p_H,190,31,100
pooled_2,PT,occurrence,p_H,200,30,100
pooled_2,PT,occurrence,p_H,210,30,100
pooled_2,PT,occurrence,p_H,220,29,100
pooled_2,PT,occurrence,p_H,230,29,100
pooled_2,PT,occurrence,p_H,240,29,100
pooled_2,PT,occurrence,p_H,250,28,100
pooled_2,P4,biomass,p_H,10,25.3333333333333,75
pooled_2,P4,biomass,p_H,20,25.3333333333333,75
pooled_2,P4,biomass,p_H,30,25.3333333333333,75
pooled_2,P4,biomass,p_H,40,25.3333333333333,75
pooled_2,P4,biomass,p_H,50,26.6666666666667,75
pooled_2,P4,biomass,p_H,60,28,75
pooled_2,P4,biomass,p_H,70,28,75
pooled_2,P4,biomass,p_H,80,28,75
pooled_2,P4,biomass,p_H,90,28,75
pooled_2,P4,biomass,p_H,100,28,75
pooled_2,P4,biomass,p_H,110,26.6666666666667,75
pooled_2,P4,biomass,p_H,120,26.6666666666667,75
pooled_2,P4,biomass,p_H,130,26.6666666666667,75
pooled_2,P4,biomass,p_H,140,26.6666666666667,75
pooled_2,P4,biomass,p_H,150,26.6666666666667,75
pooled_2,P4,biomass,p_H,160,26.6666666666667,75
pooled_2,P4,biomass,p_H,170,28,75
pooled_2,P4,biomass,p_H,180,25.3333333333333,75
pooled_2,P4,biomass,p_H,190,25.3333333333333,75
pooled_2,P4,biomass,p_H,200,26.6666666666667,75
pooled_2,P4,biomass,p_H,210,26.6666666666667,75
pooled_2,P4,biomass,p_H,220,26.6666666666667,75
pooled_2,P4,biomass,p_H,230,26.6666666666667,75
pooled_2,P4,biomass,p_H,240,26.6666666666667,75
pooled_2,P4,biomass,p_H,250,26.6666666666667,75
pooled_2,P4,occurrence,p_H,10,26.6666666666667,75
pooled_2,P4,occurrence,p_H,20,26.6666666666667,75
pooled_2,P4,occurrence,p_H,30,26.6666666666667,75
pooled_2,P4,occurrence,p_H,40,26.6666666666667,75
pooled_2,P4,occurrence,p_H,50,28,75
pooled_2,P4,occurrence,p_H,60,26.6666666666667,75
pooled_2,P4,occurrence,p_H,70,26.6666666666667,75
pooled_2,P4,occurrence,p_H,80,26.6666666666667,75
pooled_2,P4,occurrence,p_H,90,26.6666666666667,75
pooled_2,P4,occurrence,p_H,100,26.6666666666667,75
pooled_2,P4,occurrence,p_H,110,26.6666666666667,75
pooled_2,P4,occurrence,p_H,120,26.6666666666667,75
pooled_2,P4,occurrence,p_H,130,26.6666666666667,75
pooled_2,P4,occurrence,p_H,140,26.6666666666667,75
pooled_2,P4,occurrence,p_H,150,26.6666666666667,75
pooled_2,P4,occurrence,p_H,160,25.3333333333333,75
pooled_2,P4,occurrence,p_H,170,25.3333333333333,75
pooled_2,P4,occurrence,p_H,180,25.3333333333333,75
pooled_2,P4,occurrence,p_H,190,25.3333333333333,75
pooled_2,P4,occurrence,p_H,200,25.3333333333333,75
pooled_2,P4,occurrence,p_H,210,25.3333333333333,75
pooled_2,P4,occurrence,p_H,220,24,75
pooled_2,P4,occurrence,p_H,230,24,75
pooled_2,P4,occurrence,p_H,240,24,75
pooled_2,P4,occurrence,p_H,250,21.3333333333333,75
pooled_2,P2,biomass,p_H,10,27.4193548387097,62
pooled_2,P2,biomass,p_H,20,27.4193548387097,62
pooled_2,P2,biomass,p_H,30,27.4193548387097,62
pooled_2,P2,biomass,p_H,40,27.4193548387097,62
pooled_2,P2,biomass,p_H,50,27.4193548387097,62
pooled_2,P2,biomass,p_H,60,29.0322580645161,62
pooled_2,P2,biomass,p_H,70,29.0322580645161,62
pooled_2,P2,biomass,p_H,80,29.0322580645161,62
pooled_2,P2,biomass,p_H,90,29.0322580645161,62
pooled_2,P2,biomass,p_H,100,27.4193548387097,62
pooled_2,P2,biomass,p_H,110,25.8064516129032,62
pooled_2,P2,biomass,p_H,120,25.8064516129032,62
pooled_2,P2,biomass,p_H,130,24.1935483870968,62
pooled_2,P2,biomass,p_H,140,24.1935483870968,62
pooled_2,P2,biomass,p_H,150,24.1935483870968,62
pooled_2,P2,biomass,p_H,160,24.1935483870968,62
pooled_2,P2,biomass,p_H,170,24.1935483870968,62
pooled_2,P2,biomass,p_H,180,25.8064516129032,62
pooled_2,P2,biomass,p_H,190,25.8064516129032,62
pooled_2,P2,biomass,p_H,200,29.0322580645161,62
pooled_2,P2,biomass,p_H,210,29.0322580645161,62
pooled_2,P2,biomass,p_H,220,29.0322580645161,62
pooled_2,P2,biomass,p_H,230,29.0322580645161,62
pooled_2,P2,biomass,p_H,240,29.0322580645161,62
pooled_2,P2,biomass,p_H,250,25.8064516129032,62
pooled_2,P2,occurrence,p_H,10,11.2903225806452,62
pooled_2,P2,occurrence,p_H,20,11.2903225806452,62
pooled_2,P2,occurrence,p_H,30,11.2903225806452,62
pooled_2,P2,occurrence,p_H,40,11.2903225806452,62
pooled_2,P2,occurrence,p_H,50,9.67741935483871,62
pooled_2,P2,occurrence,p_H,60,9.67741935483871,62
pooled_2,P2,occurrence,p_H,70,9.67741935483871,62
pooled_2,P2,occurrence,p_H,80,9.67741935483871,62
pooled_2,P2,occurrence,p_H,90,9.67741935483871,62
pooled_2,P2,occurrence,p_H,100,9.67741935483871,62
pooled_2,P2,occurrence,p_H,110,11.2903225806452,62
pooled_2,P2,occurrence,p_H,120,11.2903225806452,62
pooled_2,P2,occurrence,p_H,130,11.2903225806452,62
pooled_2,P2,occurrence,p_H,140,11.2903225806452,62
pooled_2,P2,occurrence,p_H,150,11.2903225806452,62
pooled_2,P2,occurrence,p_H,160,9.67741935483871,62
pooled_2,P2,occurrence,p_H,170,9.67741935483871,62
pooled_2,P2,occurrence,p_H,180,11.2903225806452,62
pooled_2,P2,occurrence,p_H,190,11.2903225806452,62
pooled_2,P2,occurrence,p_H,200,11.2903225806452,62
pooled_2,P2,occurrence,p_H,210,11.2903225806452,62
pooled_2,P2,occurrence,p_H,220,11.2903225806452,62
pooled_2,P2,occurrence,p_H,230,9.67741935483871,62
pooled_2,P2,occurrence,p_H,240,9.67741935483871,62
pooled_2,P2,occurrence,p_H,250,9.67741935483871,62
pooled_1,P1,biomass,p_H,10,18.6813186813187,91
pooled_1,P1,biomass,p_H,20,18.6813186813187,91
pooled_1,P1,biomass,p_H,30,18.6813186813187,91
pooled_1,P1,biomass,p_H,40,18.6813186813187,91
pooled_1,P1,biomass,p_H,50,17.5824175824176,91
pooled_1,P1,biomass,p_H,60,17.5824175824176,91
pooled_1,P1,biomass,p_H,70,17.5824175824176,91
pooled_1,P1,biomass,p_H,80,17.5824175824176,91
pooled_1,P1,biomass,p_H,90,17.5824175824176,91
pooled_1,P1,biomass,p_H,100,17.5824175824176,91
pooled_1,P1,biomass,p_H,110,17.5824175824176,91
pooled_1,P1,biomass,p_H,120,17.5824175824176,91
pooled_1,P1,biomass,p_H,130,17.5824175824176,91
pooled_1,P1,biomass,p_H,140,17.5824175824176,91
pooled_1,P1,biomass,p_H,150,17.5824175824176,91
pooled_1,P1,biomass,p_H,160,17.5824175824176,91
pooled_1,P1,biomass,p_H,170,17.5824175824176,91
pooled_1,P1,biomass,p_H,180,17.5824175824176,91
pooled_1,P1,biomass,p_H,190,17.5824175824176,91
pooled_1,P1,biomass,p_H,200,16.4835164835165,91
pooled_1,P1,biomass,p_H,210,16.4835164835165,91
pooled_1,P1,biomass,p_H,220,16.4835164835165,91
pooled_1,P1,biomass,p_H,230,16.4835164835165,91
pooled_1,P1,biomass,p_H,240,16.4835164835165,91
pooled_1,P1,biomass,p_H,250,16.4835164835165,91
pooled_1,P1,occurrence,p_H,10,10.989010989011,91
pooled_1,P1,occurrence,p_H,20,10.989010989011,91
pooled_1,P1,occurrence,p_H,30,10.989010989011,91
pooled_1,P1,occurrence,p_H,40,10.989010989011,91
pooled_1,P1,occurrence,p_H,50,10.989010989011,91
pooled_1,P1,occurrence,p_H,60,12.0879120879121,91
pooled_1,P1,occurrence,p_H,70,12.0879120879121,91
pooled_1,P1,occurrence,p_H,80,12.0879120879121,91
pooled_1,P1,occurrence,p_H,90,12.0879120879121,91
pooled_1,P1,occurrence,p_H,100,12.0879120879121,91
pooled_1,P1,occurrence,p_H,110,12.0879120879121,91
pooled_1,P1,occurrence,p_H,120,12.0879120879121,91
pooled_1,P1,occurrence,p_H,130,12.0879120879121,91
pooled_1,P1,occurrence,p_H,140,12.0879120879121,91
pooled_1,P1,occurrence,p_H,150,12.0879120879121,91
pooled_1,P1,occurrence,p_H,160,10.989010989011,91
pooled_1,P1,occurrence,p_H,170,10.989010989011,91
pooled_1,P1,occurrence,p_H,180,10.989010989011,91
pooled_1,P1,occurrence,p_H,190,10.989010989011,91
pooled_1,P1,occurrence,p_H,200,12.0879120879121,91
pooled_1,P1,occurrence,p_H,210,12.0879120879121,91
pooled_1,P1,occurrence,p_H,220,12.0879120879121,91
pooled_1,P1,occurrence,p_H,230,12.0879120879121,91
pooled_1,P1,occurrence,p_H,240,12.0879120879121,91
pooled_1,P1,occurrence,p_H,250,12.0879120879121,91
pooled_1,P3,biomass,p_H,10,15.7894736842105,95
pooled_1,P3,biomass,p_H,20,14.7368421052632,95
pooled_1,P3,biomass,p_H,30,14.7368421052632,95
pooled_1,P3,biomass,p_H,40,14.7368421052632,95
pooled_1,P3,biomass,p_H,50,14.7368421052632,95
pooled_1,P3,biomass,p_H,60,14.7368421052632,95
pooled_1,P3,biomass,p_H,70,14.7368421052632,95
pooled_1,P3,biomass,p_H,80,14.7368421052632,95
pooled_1,P3,biomass,p_H,90,14.7368421052632,95
pooled_1,P3,biomass,p_H,100,14.7368421052632,95
pooled_1,P3,biomass,p_H,110,14.7368421052632,95
pooled_1,P3,biomass,p_H,120,15.7894736842105,95
pooled_1,P3,biomass,p_H,130,15.7894736842105,95
pooled_1,P3,biomass,p_H,140,15.7894736842105,95
pooled_1,P3,biomass,p_H,150,15.7894736842105,95
pooled_1,P3,biomass,p_H,160,15.7894736842105,95
pooled_1,P3,biomass,p_H,170,15.7894736842105,95
pooled_1,P3,biomass,p_H,180,15.7894736842105,95
pooled_1,P3,biomass,p_H,190,15.7894736842105,95
pooled_1,P3,biomass,p_H,200,14.7368421052632,95
pooled_1,P3,biomass,p_H,210,14.7368421052632,95
pooled_1,P3,biomass,p_H,220,14.7368421052632,95
pooled_1,P3,biomass,p_H,230,14.7368421052632,95
pooled_1,P3,biomass,p_H,240,14.7368421052632,95
pooled_1,P3,biomass,p_H,250,14.7368421052632,95
pooled_1,P3,occurrence,p_H,10,10.5263157894737,95
pooled_1,P3,occurrence,p_H,20,10.5263157894737,95
pooled_1,P3,occurrence,p_H,30,11.5789473684211,95
pooled_1,P3,occurrence,p_H,40,11.5789473684211,95
pooled_1,P3,occurrence,p_H,50,12.6315789473684,95
pooled_1,P3,occurrence,p_H,60,11.5789473684211,95
pooled_1,P3,occurrence,p_H,70,11.5789473684211,95
pooled_1,P3,occurrence,p_H,80,11.5789473684211,95
pooled_1,P3,occurrence,p_H,90,11.5789473684211,95
pooled_1,P3,occurrence,p_H,100,11.5789473684211,95
pooled_1,P3,occurrence,p_H,110,11.5789473684211,95
pooled_1,P3,occurrence,p_H,120,11.5789473684211,95
pooled_1,P3,occurrence,p_H,130,11.5789473684211,95
pooled_1,P3,occurrence,p_H,140,11.5789473684211,95
pooled_1,P3,occurrence,p_H,150,11.5789473684211,95
pooled_1,P3,occurrence,p_H,160,12.6315789473684,95
pooled_1,P3,occurrence,p_H,170,12.6315789473684,95
pooled_1,P3,occurrence,p_H,180,12.6315789473684,95
pooled_1,P3,occurrence,p_H,190,11.5789473684211,95
pooled_1,P3,occurrence,p_H,200,12.6315789473684,95
pooled_1,P3,occurrence,p_H,210,12.6315789473684,95
pooled_1,P3,occurrence,p_H,220,12.6315789473684,95
pooled_1,P3,occurrence,p_H,230,12.6315789473684,95
pooled_1,P3,occurrence,p_H,240,12.6315789473684,95
pooled_1,P3,occurrence,p_H,250,12.6315789473684,95
pooled_1,PT,biomass,p_H,10,34,100
pooled_1,PT,biomass,p_H,20,33,100
pooled_1,PT,biomass,p_H,30,34,100
pooled_1,PT,biomass,p_H,40,35,100
pooled_1,PT,biomass,p_H,50,34,100
pooled_1,PT,biomass,p_H,60,30,100
pooled_1,PT,biomass,p_H,70,30,100
pooled_1,PT,biomass,p_H,80,30,100
pooled_1,PT,biomass,p_H,90,29,100
pooled_1,PT,biomass,p_H,100,30,100
pooled_1,PT,biomass,p_H,110,30,100
pooled_1,PT,biomass,p_H,120,30,100
pooled_1,PT,biomass,p_H,130,30,100
pooled_1,PT,biomass,p_H,140,30,100
pooled_1,PT,biomass,p_H,150,30,100
pooled_1,PT,biomass,p_H,160,29,100
pooled_1,PT,biomass,p_H,170,29,100
pooled_1,PT,biomass,p_H,180,29,100
pooled_1,PT,biomass,p_H,190,29,100
pooled_1,PT,biomass,p_H,200,28,100
pooled_1,PT,biomass,p_H,210,28,100
pooled_1,PT,biomass,p_H,220,28,100
pooled_1,PT,biomass,p_H,230,27,100
pooled_1,PT,biomass,p_H,240,27,100
pooled_1,PT,biomass,p_H,250,26,100
pooled_1,PT,occurrence,p_H,10,28,100
pooled_1,PT,occurrence,p_H,20,27,100
pooled_1,PT,occurrence,p_H,30,28,100
pooled_1,PT,occurrence,p_H,40,27,100
pooled_1,PT,occurrence,p_H,50,29,100
pooled_1,PT,occurrence,p_H,60,27,100
pooled_1,PT,occurrence,p_H,70,27,100
pooled_1,PT,occurrence,p_H,80,28,100
pooled_1,PT,occurrence,p_H,90,30,100
pooled_1,PT,occurrence,p_H,100,29,100
pooled_1,PT,occurrence,p_H,110,30,100
pooled_1,PT,occurrence,p_H,120,28,100
pooled_1,PT,occurrence,p_H,130,31,100
pooled_1,PT,occurrence,p_H,140,28,100
pooled_1,PT,occurrence,p_H,150,28,100
pooled_1,PT,occurrence,p_H,160,30,100
pooled_1,PT,occurrence,p_H,170,30,100
pooled_1,PT,occurrence,p_H,180,30,100
pooled_1,PT,occurrence,p_H,190,30,100
pooled_1,PT,occurrence,p_H,200,28,100
pooled_1,PT,occurrence,p_H,210,28,100
pooled_1,PT,occurrence,p_H,220,28,100
pooled_1,PT,occurrence,p_H,230,28,100
pooled_1,PT,occurrence,p_H,240,28,100
pooled_1,PT,occurrence,p_H,250,25,100
pooled_1,P4,biomass,p_H,10,25.3333333333333,75
pooled_1,P4,biomass,p_H,20,25.3333333333333,75
pooled_1,P4,biomass,p_H,30,25.3333333333333,75
pooled_1,P4,biomass,p_H,40,25.3333333333333,75
pooled_1,P4,biomass,p_H,50,25.3333333333333,75
pooled_1,P4,biomass,p_H,60,26.6666666666667,75
pooled_1,P4,biomass,p_H,70,26.6666666666667,75
pooled_1,P4,biomass,p_H,80,26.6666666666667,75
pooled_1,P4,biomass,p_H,90,26.6666666666667,75
pooled_1,P4,biomass,p_H,100,26.6666666666667,75
pooled_1,P4,biomass,p_H,110,26.6666666666667,75
pooled_1,P4,biomass,p_H,120,26.6666666666667,75
pooled_1,P4,biomass,p_H,130,26.6666666666667,75
pooled_1,P4,biomass,p_H,140,26.6666666666667,75
pooled_1,P4,biomass,p_H,150,26.6666666666667,75
pooled_1,P4,biomass,p_H,160,26.6666666666667,75
pooled_1,P4,biomass,p_H,170,28,75
pooled_1,P4,biomass,p_H,180,25.3333333333333,75
pooled_1,P4,biomass,p_H,190,25.3333333333333,75
pooled_1,P4,biomass,p_H,200,26.6666666666667,75
pooled_1,P4,biomass,p_H,210,26.6666666666667,75
pooled_1,P4,biomass,p_H,220,26.6666666666667,75
pooled_1,P4,biomass,p_H,230,26.6666666666667,75
pooled_1,P4,biomass,p_H,240,26.6666666666667,75
pooled_1,P4,biomass,p_H,250,26.6666666666667,75
pooled_1,P4,occurrence,p_H,10,25.3333333333333,75
pooled_1,P4,occurrence,p_H,20,25.3333333333333,75
pooled_1,P4,occurrence,p_H,30,25.3333333333333,75
pooled_1,P4,occurrence,p_H,40,25.3333333333333,75
pooled_1,P4,occurrence,p_H,50,26.6666666666667,75
pooled_1,P4,occurrence,p_H,60,26.6666666666667,75
pooled_1,P4,occurrence,p_H,70,28,75
pooled_1,P4,occurrence,p_H,80,28,75
pooled_1,P4,occurrence,p_H,90,28,75
pooled_1,P4,occurrence,p_H,100,28,75
pooled_1,P4,occurrence,p_H,110,28,75
pooled_1,P4,occurrence,p_H,120,28,75
pooled_1,P4,occurrence,p_H,130,29.3333333333333,75
pooled_1,P4,occurrence,p_H,140,29.3333333333333,75
pooled_1,P4,occurrence,p_H,150,29.3333333333333,75
pooled_1,P4,occurrence,p_H,160,26.6666666666667,75
pooled_1,P4,occurrence,p_H,170,26.6666666666667,75
pooled_1,P4,occurrence,p_H,180,26.6666666666667,75
pooled_1,P4,occurrence,p_H,190,26.6666666666667,75
pooled_1,P4,occurrence,p_H,200,25.3333333333333,75
pooled_1,P4,occurrence,p_H,210,25.3333333333333,75
pooled_1,P4,occurrence,p_H,220,25.3333333333333,75
pooled_1,P4,occurrence,p_H,230,25.3333333333333,75
pooled_1,P4,occurrence,p_H,240,25.3333333333333,75
pooled_1,P4,occurrence,p_H,250,24,75
pooled_1,P2,biomass,p_H,10,27.4193548387097,62
pooled_1,P2,biomass,p_H,20,27.4193548387097,62
pooled_1,P2,biomass,p_H,30,27.4193548387097,62
pooled_1,P2,biomass,p_H,40,27.4193548387097,62
pooled_1,P2,biomass,p_H,50,27.4193548387097,62
pooled_1,P2,biomass,p_H,60,29.0322580645161,62
pooled_1,P2,biomass,p_H,70,29.0322580645161,62
pooled_1,P2,biomass,p_H,80,29.0322580645161,62
pooled_1,P2,biomass,p_H,90,29.0322580645161,62
pooled_1,P2,biomass,p_H,100,27.4193548387097,62
pooled_1,P2,biomass,p_H,110,25.8064516129032,62
pooled_1,P2,biomass,p_H,120,25.8064516129032,62
pooled_1,P2,biomass,p_H,130,24.1935483870968,62
pooled_1,P2,biomass,p_H,140,24.1935483870968,62
pooled_1,P2,biomass,p_H,150,24.1935483870968,62
pooled_1,P2,biomass,p_H,160,24.1935483870968,62
pooled_1,P2,biomass,p_H,170,24.1935483870968,62
pooled_1,P2,biomass,p_H,180,25.8064516129032,62
pooled_1,P2,biomass,p_H,190,25.8064516129032,62
pooled_1,P2,biomass,p_H,200,29.0322580645161,62
pooled_1,P2,biomass,p_H,210,29.0322580645161,62
pooled_1,P2,biomass,p_H,220,29.0322580645161,62
pooled_1,P2,biomass,p_H,230,29.0322580645161,62
pooled_1,P2,biomass,p_H,240,29.0322580645161,62
pooled_1,P2,biomass,p_H,250,25.8064516129032,62
pooled_1,P2,occurrence,p_H,10,8.06451612903226,62
pooled_1,P2,occurrence,p_H,20,8.06451612903226,62
pooled_1,P2,occurrence,p_H,30,9.67741935483871,62
pooled_1,P2,occurrence,p_H,40,9.67741935483871,62
pooled_1,P2,occurrence,p_H,50,8.06451612903226,62
pooled_1,P2,occurrence,p_H,60,8.06451612903226,62
pooled_1,P2,occurrence,p_H,70,8.06451612903226,62
pooled_1,P2,occurrence,p_H,80,8.06451612903226,62
pooled_1,P2,occurrence,p_H,90,8.06451612903226,62
pooled_1,P2,occurrence,p_H,100,8.06451612903226,62
pooled_1,P2,occurrence,p_H,110,8.06451612903226,62
pooled_1,P2,occurrence,p_H,120,9.67741935483871,62
pooled_1,P2,occurrence,p_H,130,9.67741935483871,62
pooled_1,P2,occurrence,p_H,140,11.2903225806452,62
pooled_1,P2,occurrence,p_H,150,11.2903225806452,62
pooled_1,P2,occurrence,p_H,160,9.67741935483871,62
pooled_1,P2,occurrence,p_H,170,9.67741935483871,62
pooled_1,P2,occurrence,p_H,180,11.2903225806452,62
pooled_1,P2,occurrence,p_H,190,11.2903225806452,62
pooled_1,P2,occurrence,p_H,200,11.2903225806452,62
pooled_1,P2,occurrence,p_H,210,11.2903225806452,62
pooled_1,P2,occurrence,p_H,220,11.2903225806452,62
pooled_1,P2,occurrence,p_H,230,9.67741935483871,62
pooled_1,P2,occurrence,p_H,240,9.67741935483871,62
pooled_1,P2,occurrence,p_H,250,9.67741935483871,62
per_predator,P1,biomass,p_H,10,16.6666666666667,90
per_predator,P1,biomass,p_H,20,16.6666666666667,90
per_predator,P1,biomass,p_H,30,16.6666666666667,90
per_predator,P1,biomass,p_H,40,17.7777777777778,90
per_predator,P1,biomass,p_H,50,16.6666666666667,90
per_predator,P1,biomass,p_H,60,16.6666666666667,90
per_predator,P1,biomass,p_H,70,17.7777777777778,90
per_predator,P1,biomass,p_H,80,17.7777777777778,90
per_predator,P1,biomass,p_H,90,16.6666666666667,90
per_predator,P1,biomass,p_H,100,16.6666666666667,90
per_predator,P1,biomass,p_H,110,15.5555555555556,90
per_predator,P1,biomass,p_H,120,14.4444444444444,90
per_predator,P1,biomass,p_H,130,14.4444444444444,90
per_predator,P1,biomass,p_H,140,14.7727272727273,88
per_predator,P1,biomass,p_H,150,17.4418604651163,86
per_predator,P1,biomass,p_H,160,17.4418604651163,86
per_predator,P1,biomass,p_H,170,13.953488372093,86
per_predator,P1,biomass,p_H,180,16.2790697674419,86
per_predator,P1,biomass,p_H,190,17.4418604651163,86
per_predator,P1,biomass,p_H,200,18.8235294117647,85
per_predator,P1,biomass,p_H,210,20,85
per_predator,P1,biomass,p_H,220,16.8674698795181,83
per_predator,P1,biomass,p_H,230,16.8674698795181,83
per_predator,P1,biomass,p_H,240,16.8674698795181,83
per_predator,P1,biomass,p_H,250,16.8674698795181,83
per_predator,P1,occurrence,p_H,10,11.1111111111111,90
per_predator,P1,occurrence,p_H,20,10,90
per_predator,P1,occurrence,p_H,30,10,90
per_predator,P1,occurrence,p_H,40,13.3333333333333,90
per_predator,P1,occurrence,p_H,50,10,90
per_predator,P1,occurrence,p_H,60,8.88888888888889,90
per_predator,P1,occurrence,p_H,70,7.77777777777778,90
per_predator,P1,occurrence,p_H,80,12.2222222222222,90
per_predator,P1,occurrence,p_H,90,11.1111111111111,90
per_predator,P1,occurrence,p_H,100,11.1111111111111,90
per_predator,P1,occurrence,p_H,110,11.1111111111111,90
per_predator,P1,occurrence,p_H,120,11.1111111111111,90
per_predator,P1,occurrence,p_H,130,11.1111111111111,90
per_predator,P1,occurrence,p_H,140,12.5,88
per_predator,P1,occurrence,p_H,150,15.1162790697674,86
per_predator,P1,occurrence,p_H,160,15.1162790697674,86
per_predator,P1,occurrence,p_H,170,16.2790697674419,86
per_predator,P1,occurrence,p_H,180,17.4418604651163,86
per_predator,P1,occurrence,p_H,190,15.1162790697674,86
per_predator,P1,occurrence,p_H,200,15.2941176470588,85
per_predator,P1,occurrence,p_H,210,15.2941176470588,85
per_predator,P1,occurrence,p_H,220,15.6626506024096,83
per_predator,P1,occurrence,p_H,230,14.4578313253012,83
per_predator,P1,occurrence,p_H,240,13.2530120481928,83
per_predator,P1,occurrence,p_H,250,13.2530120481928,83
per_predator,P3,biomass,p_H,10,17.0212765957447,94
per_predator,P3,biomass,p_H,20,19.1489361702128,94
per_predator,P3,biomass,p_H,30,18.0851063829787,94
per_predator,P3,biomass,p_H,40,17.0212765957447,94
per_predator,P3,biomass,p_H,50,13.8297872340426,94
per_predator,P3,biomass,p_H,60,13.8297872340426,94
per_predator,P3,biomass,p_H,70,13.8297872340426,94
per_predator,P3,biomass,p_H,80,13.8297872340426,94
per_predator,P3,biomass,p_H,90,12.7659574468085,94
per_predator,P3,biomass,p_H,100,12.7659574468085,94
per_predator,P3,biomass,p_H,110,12.7659574468085,94
per_predator,P3,biomass,p_H,120,14.8936170212766,94
per_predator,P3,biomass,p_H,130,15.9574468085106,94
per_predator,P3,biomass,p_H,140,15.9574468085106,94
per_predator,P3,biomass,p_H,150,19.5652173913043,92
per_predator,P3,biomass,p_H,160,18.4782608695652,92
per_predator,P3,biomass,p_H,170,15.2173913043478,92
per_predator,P3,biomass,p_H,180,17.3913043478261,92
per_predator,P3,biomass,p_H,190,19.5652173913043,92
per_predator,P3,biomass,p_H,200,19.7802197802198,91
per_predator,P3,biomass,p_H,210,23.0769230769231,91
per_predator,P3,biomass,p_H,220,22.093023255814,86
per_predator,P3,biomass,p_H,230,22.093023255814,86
per_predator,P3,biomass,p_H,240,20.9302325581395,86
per_predator,P3,biomass,p_H,250,20.9302325581395,86
per_predator,P3,occurrence,p_H,10,9.57446808510638,94
per_predator,P3,occurrence,p_H,20,7.4468085106383,94
per_predator,P3,occurrence,p_H,30,8.51063829787234,94
per_predator,P3,occurrence,p_H,40,8.51063829787234,94
per_predator,P3,occurrence,p_H,50,5.31914893617021,94
per_predator,P3,occurrence,p_H,60,5.31914893617021,94
per_predator,P3,occurrence,p_H,70,5.31914893617021,94
per_predator,P3,occurrence,p_H,80,6.38297872340426,94
per_predator,P3,occurrence,p_H,90,6.38297872340426,94
per_predator,P3,occurrence,p_H,100,5.31914893617021,94
per_predator,P3,occurrence,p_H,110,4.25531914893617,94
per_predator,P3,occurrence,p_H,120,7.4468085106383,94
per_predator,P3,occurrence,p_H,130,9.57446808510638,94
per_predator,P3,occurrence,p_H,140,7.4468085106383,94
per_predator,P3,occurrence,p_H,150,8.69565217391304,92
per_predator,P3,occurrence,p_H,160,8.69565217391304,92
per_predator,P3,occurrence,p_H,170,10.8695652173913,92
per_predator,P3,occurrence,p_H,180,13.0434782608696,92
per_predator,P3,occurrence,p_H,190,10.8695652173913,92
per_predator,P3,occurrence,p_H,200,10.989010989011,91
per_predator,P3,occurrence,p_H,210,10.989010989011,91
per_predator,P3,occurrence,p_H,220,10.4651162790698,86
per_predator,P3,occurrence,p_H,230,10.4651162790698,86
per_predator,P3,occurrence,p_H,240,10.4651162790698,86
per_predator,P3,occurrence,p_H,250,11.6279069767442,86
per_predator,PT,biomass,p_H,10,27.2727272727273,99
per_predator,PT,biomass,p_H,20,25.2525252525253,99
per_predator,PT,biomass,p_H,30,22.2222222222222,99
per_predator,PT,biomass,p_H,40,20.2020202020202,99
per_predator,PT,biomass,p_H,50,19.1919191919192,99
per_predator,PT,biomass,p_H,60,19.1919191919192,99
per_predator,PT,biomass,p_H,70,20.2020202020202,99
per_predator,PT,biomass,p_H,80,19.1919191919192,99
per_predator,PT,biomass,p_H,90,20.2020202020202,99
per_predator,PT,biomass,p_H,100,22.2222222222222,99
per_predator,PT,biomass,p_H,110,22.2222222222222,99
per_predator,PT,biomass,p_H,120,20.2020202020202,99
per_predator,PT,biomass,p_H,130,20.2020202020202,99
per_predator,PT,biomass,p_H,140,19.3877551020408,98
per_predator,PT,biomass,p_H,150,20,95
per_predator,PT,biomass,p_H,160,20,95
per_predator,PT,biomass,p_H,170,17.8947368421053,95
per_predator,PT,biomass,p_H,180,16.8421052631579,95
per_predator,PT,biomass,p_H,190,15.7894736842105,95
per_predator,PT,biomass,p_H,200,17.8947368421053,95
per_predator,PT,biomass,p_H,210,14.7368421052632,95
per_predator,PT,biomass,p_H,220,15.2173913043478,92
per_predator,PT,biomass,p_H,230,16.304347826087,92
per_predator,PT,biomass,p_H,240,16.304347826087,92
per_predator,PT,biomass,p_H,250,17.3913043478261,92
per_predator,PT,occurrence,p_H,10,21.2121212121212,99
per_predator,PT,occurrence,p_H,20,18.1818181818182,99
per_predator,PT,occurrence,p_H,30,18.1818181818182,99
per_predator,PT,occurrence,p_H,40,18.1818181818182,99
per_predator,PT,occurrence,p_H,50,17.1717171717172,99
per_predator,PT,occurrence,p_H,60,15.1515151515152,99
per_predator,PT,occurrence,p_H,70,13.1313131313131,99
per_predator,PT,occurrence,p_H,80,15.1515151515152,99
per_predator,PT,occurrence,p_H,90,14.1414141414141,99
per_predator,PT,occurrence,p_H,100,12.1212121212121,99
per_predator,PT,occurrence,p_H,110,11.1111111111111,99
per_predator,PT,occurrence,p_H,120,13.1313131313131,99
per_predator,PT,occurrence,p_H,130,13.1313131313131,99
per_predator,PT,occurrence,p_H,140,12.2448979591837,98
per_predator,PT,occurrence,p_H,150,14.7368421052632,95
per_predator,PT,occurrence,p_H,160,13.6842105263158,95
per_predator,PT,occurrence,p_H,170,13.6842105263158,95
per_predator,PT,occurrence,p_H,180,13.6842105263158,95
per_predator,PT,occurrence,p_H,190,16.8421052631579,95
per_predator,PT,occurrence,p_H,200,17.8947368421053,95
per_predator,PT,occurrence,p_H,210,18.9473684210526,95
per_predator,PT,occurrence,p_H,220,17.3913043478261,92
per_predator,PT,occurrence,p_H,230,17.3913043478261,92
per_predator,PT,occurrence,p_H,240,16.304347826087,92
per_predator,PT,occurrence,p_H,250,15.2173913043478,92
per_predator,P4,biomass,p_H,10,24.3243243243243,74
per_predator,P4,biomass,p_H,20,21.6216216216216,74
per_predator,P4,biomass,p_H,30,21.6216216216216,74
per_predator,P4,biomass,p_H,40,22.972972972973,74
per_predator,P4,biomass,p_H,50,16.2162162162162,74
per_predator,P4,biomass,p_H,60,16.2162162162162,74
per_predator,P4,biomass,p_H,70,17.5675675675676,74
per_predator,P4,biomass,p_H,80,18.9189189189189,74
per_predator,P4,biomass,p_H,90,19.1780821917808,73
per_predator,P4,biomass,p_H,100,20.5479452054795,73
per_predator,P4,biomass,p_H,110,23.2876712328767,73
per_predator,P4,biomass,p_H,120,23.6111111111111,72
per_predator,P4,biomass,p_H,130,22.2222222222222,72
per_predator,P4,biomass,p_H,140,23.6111111111111,72
per_predator,P4,biomass,p_H,150,21.4285714285714,70
per_predator,P4,biomass,p_H,160,21.4285714285714,70
per_predator,P4,biomass,p_H,170,21.4285714285714,70
per_predator,P4,biomass,p_H,180,21.4285714285714,70
per_predator,P4,biomass,p_H,190,20,70
per_predator,P4,biomass,p_H,200,21.4285714285714,70
per_predator,P4,biomass,p_H,210,17.1428571428571,70
per_predator,P4,biomass,p_H,220,17.6470588235294,68
per_predator,P4,biomass,p_H,230,17.6470588235294,68
per_predator,P4,biomass,p_H,240,17.6470588235294,68
per_predator,P4,biomass,p_H,250,14.7058823529412,68
per_predator,P4,occurrence,p_H,10,17.5675675675676,74
per_predator,P4,occurrence,p_H,20,17.5675675675676,74
per_predator,P4,occurrence,p_H,30,16.2162162162162,74
per_predator,P4,occurrence,p_H,40,12.1621621621622,74
per_predator,P4,occurrence,p_H,50,14.8648648648649,74
per_predator,P4,occurrence,p_H,60,10.8108108108108,74
per_predator,P4,occurrence,p_H,70,12.1621621621622,74
per_predator,P4,occurrence,p_H,80,14.8648648648649,74
per_predator,P4,occurrence,p_H,90,12.3287671232877,73
per_predator,P4,occurrence,p_H,100,12.3287671232877,73
per_predator,P4,occurrence,p_H,110,12.3287671232877,73
per_predator,P4,occurrence,p_H,120,15.2777777777778,72
per_predator,P4,occurrence,p_H,130,13.8888888888889,72
per_predator,P4,occurrence,p_H,140,13.8888888888889,72
per_predator,P4,occurrence,p_H,150,12.8571428571429,70
per_predator,P4,occurrence,p_H,160,11.4285714285714,70
per_predator,P4,occurrence,p_H,170,11.4285714285714,70
per_predator,P4,occurrence,p_H,180,11.4285714285714,70
per_predator,P4,occurrence,p_H,190,10,70
per_predator,P4,occurrence,p_H,200,10,70
per_predator,P4,occurrence,p_H,210,11.4285714285714,70
per_predator,P4,occurrence,p_H,220,10.2941176470588,68
per_predator,P4,occurrence,p_H,230,10.2941176470588,68
per_predator,P4,occurrence,p_H,240,11.7647058823529,68
per_predator,P4,occurrence,p_H,250,10.2941176470588,68
per_predator,P2,biomass,p_H,10,26.6666666666667,60
per_predator,P2,biomass,p_H,20,25,60
per_predator,P2,biomass,p_H,30,26.6666666666667,60
per_predator,P2,biomass,p_H,40,26.6666666666667,60
per_predator,P2,biomass,p_H,50,23.3333333333333,60
per_predator,P2,biomass,p_H,60,21.6666666666667,60
per_predator,P2,biomass,p_H,70,23.3333333333333,60
per_predator,P2,biomass,p_H,80,23.3333333333333,60
per_predator,P2,biomass,p_H,90,23.728813559322,59
per_predator,P2,biomass,p_H,100,23.728813559322,59
per_predator,P2,biomass,p_H,110,22.0338983050847,59
per_predator,P2,biomass,p_H,120,22.4137931034483,58
per_predator,P2,biomass,p_H,130,22.4137931034483,58
per_predator,P2,biomass,p_H,140,24.5614035087719,57
per_predator,P2,biomass,p_H,150,21.0526315789474,57
per_predator,P2,biomass,p_H,160,19.2982456140351,57
per_predator,P2,biomass,p_H,170,21.0526315789474,57
per_predator,P2,biomass,p_H,180,21.0526315789474,57
per_predator,P2,biomass,p_H,190,19.2982456140351,57
per_predator,P2,biomass,p_H,200,17.5438596491228,57
per_predator,P2,biomass,p_H,210,19.2982456140351,57
per_predator,P2,biomass,p_H,220,18.1818181818182,55
per_predator,P2,biomass,p_H,230,18.1818181818182,55
per_predator,P2,biomass,p_H,240,16.3636363636364,55
per_predator,P2,biomass,p_H,250,12.962962962963,54
per_predator,P2,occurrence,p_H,10,1.66666666666667,60
per_predator,P2,occurrence,p_H,20,10,60
per_predator,P2,occurrence,p_H,30,8.33333333333333,60
per_predator,P2,occurrence,p_H,40,15,60
per_predator,P2,occurrence,p_H,50,16.6666666666667,60
per_predator,P2,occurrence,p_H,60,16.6666666666667,60
per_predator,P2,occurrence,p_H,70,20,60
per_predator,P2,occurrence,p_H,80,16.6666666666667,60
per_predator,P2,occurrence,p_H,90,15.2542372881356,59
per_predator,P2,occurrence,p_H,100,13.5593220338983,59
per_predator,P2,occurrence,p_H,110,15.2542372881356,59
per_predator,P2,occurrence,p_H,120,13.7931034482759,58
per_predator,P2,occurrence,p_H,130,15.5172413793103,58
per_predator,P2,occurrence,p_H,140,15.7894736842105,57
per_predator,P2,occurrence,p_H,150,17.5438596491228,57
per_predator,P2,occurrence,p_H,160,15.7894736842105,57
per_predator,P2,occurrence,p_H,170,12.280701754386,57
per_predator,P2,occurrence,p_H,180,10.5263157894737,57
per_predator,P2,occurrence,p_H,190,7.01754385964912,57
per_predator,P2,occurrence,p_H,200,7.01754385964912,57
per_predator,P2,occurrence,p_H,210,8.7719298245614,57
per_predator,P2,occurrence,p_H,220,7.27272727272727,55
per_predator,P2,occurrence,p_H,230,7.27272727272727,55
per_predator,P2,occurrence,p_H,240,7.27272727272727,55
per_predator,P2,occurrence,p_H,250,7.40740740740741,54
pooled_2,P1,biomass,p_Bs,10,10.989010989011,91
pooled_2,P1,biomass,p_Bs,20,10.989010989011,91
pooled_2,P1,biomass,p_Bs,30,10.989010989011,91
pooled_2,P1,biomass,p_Bs,40,10.989010989011,91
pooled_2,P1,biomass,p_Bs,50,10.989010989011,91
pooled_2,P1,biomass,p_Bs,60,10.989010989011,91
pooled_2,P1,biomass,p_Bs,70,10.989010989011,91
pooled_2,P1,biomass,p_Bs,80,10.989010989011,91
pooled_2,P1,biomass,p_Bs,90,10.989010989011,91
pooled_2,P1,biomass,p_Bs,100,10.989010989011,91
pooled_2,P1,biomass,p_Bs,110,10.989010989011,91
pooled_2,P1,biomass,p_Bs,120,10.989010989011,91
pooled_2,P1,biomass,p_Bs,130,10.989010989011,91
pooled_2,P1,biomass,p_Bs,140,10.989010989011,91
pooled_2,P1,biomass,p_Bs,150,10.989010989011,91
pooled_2,P1,biomass,p_Bs,160,10.989010989011,91
pooled_2,P1,biomass,p_Bs,170,10.989010989011,91
pooled_2,P1,biomass,p_Bs,180,10.989010989011,91
pooled_2,P1,biomass,p_Bs,190,10.989010989011,91
pooled_2,P1,biomass,p_Bs,200,9.89010989010989,91
pooled_2,P1,biomass,p_Bs,210,9.89010989010989,91
pooled_2,P1,biomass,p_Bs,220,9.89010989010989,91
pooled_2,P1,biomass,p_Bs,230,9.89010989010989,91
pooled_2,P1,biomass,p_Bs,240,9.89010989010989,91
pooled_2,P1,biomass,p_Bs,250,9.89010989010989,91
pooled_2,P1,occurrence,p_Bs,10,12.0879120879121,91
pooled_2,P1,occurrence,p_Bs,20,12.0879120879121,91
pooled_2,P1,occurrence,p_Bs,30,12.0879120879121,91
pooled_2,P1,occurrence,p_Bs,40,12.0879120879121,91
pooled_2,P1,occurrence,p_Bs,50,12.0879120879121,91
pooled_2,P1,occurrence,p_Bs,60,12.0879120879121,91
pooled_2,P1,occurrence,p_Bs,70,12.0879120879121,91
pooled_2,P1,occurrence,p_Bs,80,12.0879120879121,91
pooled_2,P1,occurrence,p_Bs,90,12.0879120879121,91
pooled_2,P1,occurrence,p_Bs,100,12.0879120879121,91
pooled_2,P1,occurrence,p_Bs,110,12.0879120879121,91
pooled_2,P1,occurrence,p_Bs,120,12.0879120879121,91
pooled_2,P1,occurrence,p_Bs,130,12.0879120879121,91
pooled_2,P1,occurrence,p_Bs,140,12.0879120879121,91
pooled_2,P1,occurrence,p_Bs,150,12.0879120879121,91
pooled_2,P1,occurrence,p_Bs,160,13.1868131868132,91
pooled_2,P1,occurrence,p_Bs,170,13.1868131868132,91
pooled_2,P1,occurrence,p_Bs,180,13.1868131868132,91
pooled_2,P1,occurrence,p_Bs,190,13.1868131868132,91
pooled_2,P1,occurrence,p_Bs,200,13.1868131868132,91
pooled_2,P1,occurrence,p_Bs,210,13.1868131868132,91
pooled_2,P1,occurrence,p_Bs,220,13.1868131868132,91
pooled_2,P1,occurrence,p_Bs,230,13.1868131868132,91
pooled_2,P1,occurrence,p_Bs,240,13.1868131868132,91
pooled_2,P1,occurrence,p_Bs,250,13.1868131868132,91
pooled_2,P3,biomass,p_Bs,10,9.47368421052632,95
pooled_2,P3,biomass,p_Bs,20,9.47368421052632,95
pooled_2,P3,biomass,p_Bs,30,9.47368421052632,95
pooled_2,P3,biomass,p_Bs,40,9.47368421052632,95
pooled_2,P3,biomass,p_Bs,50,9.47368421052632,95
pooled_2,P3,biomass,p_Bs,60,9.47368421052632,95
pooled_2,P3,biomass,p_Bs,70,9.47368421052632,95
pooled_2,P3,biomass,p_Bs,80,9.47368421052632,95
pooled_2,P3,biomass,p_Bs,90,9.47368421052632,95
pooled_2,P3,biomass,p_Bs,100,9.47368421052632,95
pooled_2,P3,biomass,p_Bs,110,9.47368421052632,95
pooled_2,P3,biomass,p_Bs,120,9.47368421052632,95
pooled_2,P3,biomass,p_Bs,130,9.47368421052632,95
pooled_2,P3,biomass,p_Bs,140,9.47368421052632,95
pooled_2,P3,biomass,p_Bs,150,9.47368421052632,95
pooled_2,P3,biomass,p_Bs,160,9.47368421052632,95
pooled_2,P3,biomass,p_Bs,170,9.47368421052632,95
pooled_2,P3,biomass,p_Bs,180,9.47368421052632,95
pooled_2,P3,biomass,p_Bs,190,9.47368421052632,95
pooled_2,P3,biomass,p_Bs,200,8.42105263157895,95
pooled_2,P3,biomass,p_Bs,210,8.42105263157895,95
pooled_2,P3,biomass,p_Bs,220,8.42105263157895,95
pooled_2,P3,biomass,p_Bs,230,8.42105263157895,95
pooled_2,P3,biomass,p_Bs,240,8.42105263157895,95
pooled_2,P3,biomass,p_Bs,250,8.42105263157895,95
pooled_2,P3,occurrence,p_Bs,10,9.47368421052632,95
pooled_2,P3,occurrence,p_Bs,20,9.47368421052632,95
pooled_2,P3,occurrence,p_Bs,30,9.47368421052632,95
pooled_2,P3,occurrence,p_Bs,40,9.47368421052632,95
pooled_2,P3,occurrence,p_Bs,50,9.47368421052632,95
pooled_2,P3,occurrence,p_Bs,60,10.5263157894737,95
pooled_2,P3,occurrence,p_Bs,70,10.5263157894737,95
pooled_2,P3,occurrence,p_Bs,80,11.5789473684211,95
pooled_2,P3,occurrence,p_Bs,90,11.5789473684211,95
pooled_2,P3,occurrence,p_Bs,100,11.5789473684211,95
pooled_2,P3,occurrence,p_Bs,110,11.5789473684211,95
pooled_2,P3,occurrence,p_Bs,120,11.5789473684211,95
pooled_2,P3,occurrence,p_Bs,130,11.5789473684211,95
pooled_2,P3,occurrence,p_Bs,140,11.5789473684211,95
pooled_2,P3,occurrence,p_Bs,150,11.5789473684211,95
pooled_2,P3,occurrence,p_Bs,160,12.6315789473684,95
pooled_2,P3,occurrence,p_Bs,170,12.6315789473684,95
pooled_2,P3,occurrence,p_Bs,180,11.5789473684211,95
pooled_2,P3,occurrence,p_Bs,190,11.5789473684211,95
pooled_2,P3,occurrence,p_Bs,200,11.5789473684211,95
pooled_2,P3,occurrence,p_Bs,210,11.5789473684211,95
pooled_2,P3,occurrence,p_Bs,220,11.5789473684211,95
pooled_2,P3,occurrence,p_Bs,230,11.5789473684211,95
pooled_2,P3,occurrence,p_Bs,240,11.5789473684211,95
pooled_2,P3,occurrence,p_Bs,250,11.5789473684211,95
pooled_2,PT,biomass,p_Bs,10,12,100
pooled_2,PT,biomass,p_Bs,20,12,100
pooled_2,PT,biomass,p_Bs,30,12,100
pooled_2,PT,biomass,p_Bs,40,12,100
pooled_2,PT,biomass,p_Bs,50,12,100
pooled_2,PT,biomass,p_Bs,60,12,100
pooled_2,PT,biomass,p_Bs,70,12,100
pooled_2,PT,biomass,p_Bs,80,12,100
pooled_2,PT,biomass,p_Bs,90,12,100
pooled_2,PT,biomass,p_Bs,100,12,100
pooled_2,PT,biomass,p_Bs,110,12,100
pooled_2,PT,biomass,p_Bs,120,12,100
pooled_2,PT,biomass,p_Bs,130,12,100
pooled_2,PT,biomass,p_Bs,140,12,100
pooled_2,PT,biomass,p_Bs,150,12,100
pooled_2,PT,biomass,p_Bs,160,12,100
pooled_2,PT,biomass,p_Bs,170,12,100
pooled_2,PT,biomass,p_Bs,180,12,100
pooled_2,PT,biomass,p_Bs,190,12,100
pooled_2,PT,biomass,p_Bs,200,12,100
pooled_2,PT,biomass,p_Bs,210,12,100
pooled_2,PT,biomass,p_Bs,220,12,100
pooled_2,PT,biomass,p_Bs,230,12,100
pooled_2,PT,biomass,p_Bs,240,12,100
pooled_2,PT,biomass,p_Bs,250,13,100
pooled_2,PT,occurrence,p_Bs,10,17,100
pooled_2,PT,occurrence,p_Bs,20,17,100
pooled_2,PT,occurrence,p_Bs,30,17,100
pooled_2,PT,occurrence,p_Bs,40,17,100
pooled_2,PT,occurrence,p_Bs,50,17,100
pooled_2,PT,occurrence,p_Bs,60,18,100
pooled_2,PT,occurrence,p_Bs,70,18,100
pooled_2,PT,occurrence,p_Bs,80,18,100
pooled_2,PT,occurrence,p_Bs,90,18,100
pooled_2,PT,occurrence,p_Bs,100,18,100
pooled_2,PT,occurrence,p_Bs,110,18,100
pooled_2,PT,occurrence,p_Bs,120,18,100
pooled_2,PT,occurrence,p_Bs,130,18,100
pooled_2,PT,occurrence,p_Bs,140,18,100
pooled_2,PT,occurrence,p_Bs,150,18,100
pooled_2,PT,occurrence,p_Bs,160,17,100
pooled_2,PT,occurrence,p_Bs,170,17,100
pooled_2,PT,occurrence,p_Bs,180,18,100
pooled_2,PT,occurrence,p_Bs,190,18,100
pooled_2,PT,occurrence,p_Bs,200,17,100
pooled_2,PT,occurrence,p_Bs,210,17,100
pooled_2,PT,occurrence,p_Bs,220,17,100
pooled_2,PT,occurrence,p_Bs,230,17,100
pooled_2,PT,occurrence,p_Bs,240,17,100
pooled_2,PT,occurrence,p_Bs,250,18,100
pooled_2,P4,biomass,p_Bs,10,17.3333333333333,75
pooled_2,P4,biomass,p_Bs,20,17.3333333333333,75
pooled_2,P4,biomass,p_Bs,30,17.3333333333333,75
pooled_2,P4,biomass,p_Bs,40,17.3333333333333,75
pooled_2,P4,biomass,p_Bs,50,17.3333333333333,75
pooled_2,P4,biomass,p_Bs,60,17.3333333333333,75
pooled_2,P4,biomass,p_Bs,70,17.3333333333333,75
pooled_2,P4,biomass,p_Bs,80,17.3333333333333,75
pooled_2,P4,biomass,p_Bs,90,17.3333333333333,75
pooled_2,P4,biomass,p_Bs,100,17.3333333333333,75
pooled_2,P4,biomass,p_Bs,110,17.3333333333333,75
pooled_2,P4,biomass,p_Bs,120,17.3333333333333,75
pooled_2,P4,biomass,p_Bs,130,17.3333333333333,75
pooled_2,P4,biomass,p_Bs,140,17.3333333333333,75
pooled_2,P4,biomass,p_Bs,150,17.3333333333333,75
pooled_2,P4,biomass,p_Bs,160,17.3333333333333,75
pooled_2,P4,biomass,p_Bs,170,17.3333333333333,75
pooled_2,P4,biomass,p_Bs,180,17.3333333333333,75
pooled_2,P4,biomass,p_Bs,190,17.3333333333333,75
pooled_2,P4,biomass,p_Bs,200,17.3333333333333,75
pooled_2,P4,biomass,p_Bs,210,17.3333333333333,75
pooled_2,P4,biomass,p_Bs,220,17.3333333333333,75
pooled_2,P4,biomass,p_Bs,230,17.3333333333333,75
pooled_2,P4,biomass,p_Bs,240,17.3333333333333,75
pooled_2,P4,biomass,p_Bs,250,17.3333333333333,75
pooled_2,P4,occurrence,p_Bs,10,10.6666666666667,75
pooled_2,P4,occurrence,p_Bs,20,10.6666666666667,75
pooled_2,P4,occurrence,p_Bs,30,10.6666666666667,75
pooled_2,P4,occurrence,p_Bs,40,10.6666666666667,75
pooled_2,P4,occurrence,p_Bs,50,10.6666666666667,75
pooled_2,P4,occurrence,p_Bs,60,10.6666666666667,75
pooled_2,P4,occurrence,p_Bs,70,10.6666666666667,75
pooled_2,P4,occurrence,p_Bs,80,10.6666666666667,75
pooled_2,P4,occurrence,p_Bs,90,10.6666666666667,75
pooled_2,P4,occurrence,p_Bs,100,10.6666666666667,75
pooled_2,P4,occurrence,p_Bs,110,10.6666666666667,75
pooled_2,P4,occurrence,p_Bs,120,10.6666666666667,75
pooled_2,P4,occurrence,p_Bs,130,10.6666666666667,75
pooled_2,P4,occurrence,p_Bs,140,10.6666666666667,75
pooled_2,P4,occurrence,p_Bs,150,10.6666666666667,75
pooled_2,P4,occurrence,p_Bs,160,10.6666666666667,75
pooled_2,P4,occurrence,p_Bs,170,10.6666666666667,75
pooled_2,P4,occurrence,p_Bs,180,10.6666666666667,75
pooled_2,P4,occurrence,p_Bs,190,10.6666666666667,75
pooled_2,P4,occurrence,p_Bs,200,9.33333333333333,75
pooled_2,P4,occurrence,p_Bs,210,9.33333333333333,75
pooled_2,P4,occurrence,p_Bs,220,9.33333333333333,75
pooled_2,P4,occurrence,p_Bs,230,9.33333333333333,75
pooled_2,P4,occurrence,p_Bs,240,9.33333333333333,75
pooled_2,P4,occurrence,p_Bs,250,10.6666666666667,75
pooled_2,P2,biomass,p_Bs,10,6.45161290322581,62
pooled_2,P2,biomass,p_Bs,20,6.45161290322581,62
pooled_2,P2,biomass,p_Bs,30,6.45161290322581,62
pooled_2,P2,biomass,p_Bs,40,6.45161290322581,62
pooled_2,P2,biomass,p_Bs,50,6.45161290322581,62
pooled_2,P2,biomass,p_Bs,60,6.45161290322581,62
pooled_2,P2,biomass,p_Bs,70,6.45161290322581,62
pooled_2,P2,biomass,p_Bs,80,6.45161290322581,62
pooled_2,P2,biomass,p_Bs,90,6.45161290322581,62
pooled_2,P2,biomass,p_Bs,100,6.45161290322581,62
pooled_2,P2,biomass,p_Bs,110,6.45161290322581,62
pooled_2,P2,biomass,p_Bs,120,6.45161290322581,62
pooled_2,P2,biomass,p_Bs,130,6.45161290322581,62
pooled_2,P2,biomass,p_Bs,140,6.45161290322581,62
pooled_2,P2,biomass,p_Bs,150,6.45161290322581,62
pooled_2,P2,biomass,p_Bs,160,6.45161290322581,62
pooled_2,P2,biomass,p_Bs,170,6.45161290322581,62
pooled_2,P2,biomass,p_Bs,180,6.45161290322581,62
pooled_2,P2,biomass,p_Bs,190,6.45161290322581,62
pooled_2,P2,biomass,p_Bs,200,6.45161290322581,62
pooled_2,P2,biomass,p_Bs,210,6.45161290322581,62
pooled_2,P2,biomass,p_Bs,220,6.45161290322581,62
pooled_2,P2,biomass,p_Bs,230,6.45161290322581,62
pooled_2,P2,biomass,p_Bs,240,6.45161290322581,62
pooled_2,P2,biomass,p_Bs,250,8.06451612903226,62
pooled_2,P2,occurrence,p_Bs,10,9.67741935483871,62
pooled_2,P2,occurrence,p_Bs,20,9.67741935483871,62
pooled_2,P2,occurrence,p_Bs,30,9.67741935483871,62
pooled_2,P2,occurrence,p_Bs,40,9.67741935483871,62
pooled_2,P2,occurrence,p_Bs,50,9.67741935483871,62
pooled_2,P2,occurrence,p_Bs,60,8.06451612903226,62
pooled_2,P2,occurrence,p_Bs,70,8.06451612903226,62
pooled_2,P2,occurrence,p_Bs,80,8.06451612903226,62
pooled_2,P2,occurrence,p_Bs,90,8.06451612903226,62
pooled_2,P2,occurrence,p_Bs,100,8.06451612903226,62
pooled_2,P2,occurrence,p_Bs,110,8.06451612903226,62
pooled_2,P2,occurrence,p_Bs,120,8.06451612903226,62
pooled_2,P2,occurrence,p_Bs,130,8.06451612903226,62
pooled_2,P2,occurrence,p_Bs,140,8.06451612903226,62
pooled_2,P2,occurrence,p_Bs,150,8.06451612903226,62
pooled_2,P2,occurrence,p_Bs,160,8.06451612903226,62
pooled_2,P2,occurrence,p_Bs,170,8.06451612903226,62
pooled_2,P2,occurrence,p_Bs,180,8.06451612903226,62
pooled_2,P2,occurrence,p_Bs,190,8.06451612903226,62
pooled_2,P2,occurrence,p_Bs,200,8.06451612903226,62
pooled_2,P2,occurrence,p_Bs,210,8.06451612903226,62
pooled_2,P2,occurrence,p_Bs,220,8.06451612903226,62
pooled_2,P2,occurrence,p_Bs,230,8.06451612903226,62
pooled_2,P2,occurrence,p_Bs,240,8.06451612903226,62
pooled_2,P2,occurrence,p_Bs,250,8.06451612903226,62
pooled_1,P1,biomass,p_Bs,10,12.0879120879121,91
pooled_1,P1,biomass,p_Bs,20,10.989010989011,91
pooled_1,P1,biomass,p_Bs,30,10.989010989011,91
pooled_1,P1,biomass,p_Bs,40,10.989010989011,91
pooled_1,P1,biomass,p_Bs,50,10.989010989011,91
pooled_1,P1,biomass,p_Bs,60,10.989010989011,91
pooled_1,P1,biomass,p_Bs,70,10.989010989011,91
pooled_1,P1,biomass,p_Bs,80,10.989010989011,91
pooled_1,P1,biomass,p_Bs,90,10.989010989011,91
pooled_1,P1,biomass,p_Bs,100,10.989010989011,91
pooled_1,P1,biomass,p_Bs,110,10.989010989011,91
pooled_1,P1,biomass,p_Bs,120,10.989010989011,91
pooled_1,P1,biomass,p_Bs,130,10.989010989011,91
pooled_1,P1,biomass,p_Bs,140,10.989010989011,91
pooled_1,P1,biomass,p_Bs,150,10.989010989011,91
pooled_1,P1,biomass,p_Bs,160,10.989010989011,91
pooled_1,P1,biomass,p_Bs,170,10.989010989011,91
pooled_1,P1,biomass,p_Bs,180,10.989010989011,91
pooled_1,P1,biomass,p_Bs,190,10.989010989011,91
pooled_1,P1,biomass,p_Bs,200,9.89010989010989,91
pooled_1,P1,biomass,p_Bs,210,9.89010989010989,91
pooled_1,P1,biomass,p_Bs,220,9.89010989010989,91
pooled_1,P1,biomass,p_Bs,230,9.89010989010989,91
pooled_1,P1,biomass,p_Bs,240,9.89010989010989,91
pooled_1,P1,biomass,p_Bs,250,9.89010989010989,91
pooled_1,P1,occurrence,p_Bs,10,12.0879120879121,91
pooled_1,P1,occurrence,p_Bs,20,12.0879120879121,91
pooled_1,P1,occurrence,p_Bs,30,12.0879120879121,91
pooled_1,P1,occurrence,p_Bs,40,12.0879120879121,91
pooled_1,P1,occurrence,p_Bs,50,12.0879120879121,91
pooled_1,P1,occurrence,p_Bs,60,12.0879120879121,91
pooled_1,P1,occurrence,p_Bs,70,12.0879120879121,91
pooled_1,P1,occurrence,p_Bs,80,12.0879120879121,91
pooled_1,P1,occurrence,p_Bs,90,12.0879120879121,91
pooled_1,P1,occurrence,p_Bs,100,12.0879120879121,91
pooled_1,P1,occurrence,p_Bs,110,12.0879120879121,91
pooled_1,P1,occurrence,p_Bs,120,12.0879120879121,91
pooled_1,P1,occurrence,p_Bs,130,12.0879120879121,91
pooled_1,P1,occurrence,p_Bs,140,12.0879120879121,91
pooled_1,P1,occurrence,p_Bs,150,12.0879120879121,91
pooled_1,P1,occurrence,p_Bs,160,13.1868131868132,91
pooled_1,P1,occurrence,p_Bs,170,13.1868131868132,91
pooled_1,P1,occurrence,p_Bs,180,13.1868131868132,91
pooled_1,P1,occurrence,p_Bs,190,13.1868131868132,91
pooled_1,P1,occurrence,p_Bs,200,13.1868131868132,91
pooled_1,P1,occurrence,p_Bs,210,13.1868131868132,91
pooled_1,P1,occurrence,p_Bs,220,13.1868131868132,91
pooled_1,P1,occurrence,p_Bs,230,13.1868131868132,91
pooled_1,P1,occurrence,p_Bs,240,13.1868131868132,91
pooled_1,P1,occurrence,p_Bs,250,13.1868131868132,91
pooled_1,P3,biomass,p_Bs,10,9.47368421052632,95
pooled_1,P3,biomass,p_Bs,20,9.47368421052632,95
pooled_1,P3,biomass,p_Bs,30,9.47368421052632,95
pooled_1,P3,biomass,p_Bs,40,9.47368421052632,95
pooled_1,P3,biomass,p_Bs,50,9.47368421052632,95
pooled_1,P3,biomass,p_Bs,60,9.47368421052632,95
pooled_1,P3,biomass,p_Bs,70,9.47368421052632,95
pooled_1,P3,biomass,p_Bs,80,9.47368421052632,95
pooled_1,P3,biomass,p_Bs,90,9.47368421052632,95
pooled_1,P3,biomass,p_Bs,100,9.47368421052632,95
pooled_1,P3,biomass,p_Bs,110,9.47368421052632,95
pooled_1,P3,biomass,p_Bs,120,9.47368421052632,95
pooled_1,P3,biomass,p_Bs,130,9.47368421052632,95
pooled_1,P3,biomass,p_Bs,140,9.47368421052632,95
pooled_1,P3,biomass,p_Bs,150,9.47368421052632,95
pooled_1,P3,biomass,p_Bs,160,9.47368421052632,95
pooled_1,P3,biomass,p_Bs,170,9.47368421052632,95
pooled_1,P3,biomass,p_Bs,180,9.47368421052632,95
pooled_1,P3,biomass,p_Bs,190,10.5263157894737,95
pooled_1,P3,biomass,p_Bs,200,9.47368421052632,95
pooled_1,P3,biomass,p_Bs,210,9.47368421052632,95
pooled_1,P3,biomass,p_Bs,220,9.47368421052632,95
pooled_1,P3,biomass,p_Bs,230,9.47368421052632,95
pooled_1,P3,biomass,p_Bs,240,9.47368421052632,95
pooled_1,P3,biomass,p_Bs,250,9.47368421052632,95
pooled_1,P3,occurrence,p_Bs,10,9.47368421052632,95
pooled_1,P3,occurrence,p_Bs,20,9.47368421052632,95
pooled_1,P3,occurrence,p_Bs,30,9.47368421052632,95
pooled_1,P3,occurrence,p_Bs,40,9.47368421052632,95
pooled_1,P3,occurrence,p_Bs,50,9.47368421052632,95
pooled_1,P3,occurrence,p_Bs,60,10.5263157894737,95
pooled_1,P3,occurrence,p_Bs,70,9.47368421052632,95
pooled_1,P3,occurrence,p_Bs,80,10.5263157894737,95
pooled_1,P3,occurrence,p_Bs,90,10.5263157894737,95
pooled_1,P3,occurrence,p_Bs,100,10.5263157894737,95
pooled_1,P3,occurrence,p_Bs,110,10.5263157894737,95
pooled_1,P3,occurrence,p_Bs,120,11.5789473684211,95
pooled_1,P3,occurrence,p_Bs,130,11.5789473684211,95
pooled_1,P3,occurrence,p_Bs,140,11.5789473684211,95
pooled_1,P3,occurrence,p_Bs,150,11.5789473684211,95
pooled_1,P3,occurrence,p_Bs,160,12.6315789473684,95
pooled_1,P3,occurrence,p_Bs,170,12.6315789473684,95
pooled_1,P3,occurrence,p_Bs,180,11.5789473684211,95
pooled_1,P3,occurrence,p_Bs,190,11.5789473684211,95
pooled_1,P3,occurrence,p_Bs,200,11.5789473684211,95
pooled_1,P3,occurrence,p_Bs,210,11.5789473684211,95
pooled_1,P3,occurrence,p_Bs,220,11.5789473684211,95
pooled_1,P3,occurrence,p_Bs,230,11.5789473684211,95
pooled_1,P3,occurrence,p_Bs,240,11.5789473684211,95
pooled_1,P3,occurrence,p_Bs,250,11.5789473684211,95
pooled_1,PT,biomass,p_Bs,10,12,100
pooled_1,PT,biomass,p_Bs,20,12,100
pooled_1,PT,biomass,p_Bs,30,12,100
pooled_1,PT,biomass,p_Bs,40,12,100
pooled_1,PT,biomass,p_Bs,50,12,100
pooled_1,PT,biomass,p_Bs,60,12,100
pooled_1,PT,biomass,p_Bs,70,12,100
pooled_1,PT,biomass,p_Bs,80,12,100
pooled_1,PT,biomass,p_Bs,90,12,100
pooled_1,PT,biomass,p_Bs,100,12,100
pooled_1,PT,biomass,p_Bs,110,12,100
pooled_1,PT,biomass,p_Bs,120,12,100
pooled_1,PT,biomass,p_Bs,130,12,100
pooled_1,PT,biomass,p_Bs,140,12,100
pooled_1,PT,biomass,p_Bs,150,12,100
pooled_1,PT,biomass,p_Bs,160,12,100
pooled_1,PT,biomass,p_Bs,170,12,100
pooled_1,PT,biomass,p_Bs,180,12,100
pooled_1,PT,biomass,p_Bs,190,12,100
pooled_1,PT,biomass,p_Bs,200,12,100
pooled_1,PT,biomass,p_Bs,210,12,100
pooled_1,PT,biomass,p_Bs,220,12,100
pooled_1,PT,biomass,p_Bs,230,12,100
pooled_1,PT,biomass,p_Bs,240,12,100
pooled_1,PT,biomass,p_Bs,250,13,100
pooled_1,PT,occurrence,p_Bs,10,17,100
pooled_1,PT,occurrence,p_Bs,20,17,100
pooled_1,PT,occurrence,p_Bs,30,17,100
pooled_1,PT,occurrence,p_Bs,40,17,100
pooled_1,PT,occurrence,p_Bs,50,17,100
pooled_1,PT,occurrence,p_Bs,60,18,100
pooled_1,PT,occurrence,p_Bs,70,18,100
pooled_1,PT,occurrence,p_Bs,80,18,100
pooled_1,PT,occurrence,p_Bs,90,18,100
pooled_1,PT,occurrence,p_Bs,100,18,100
pooled_1,PT,occurrence,p_Bs,110,18,100
pooled_1,PT,occurrence,p_Bs,120,18,100
pooled_1,PT,occurrence,p_Bs,130,18,100
pooled_1,PT,occurrence,p_Bs,140,18,100
pooled_1,PT,occurrence,p_Bs,150,18,100
pooled_1,PT,occurrence,p_Bs,160,17,100
pooled_1,PT,occurrence,p_Bs,170,17,100
pooled_1,PT,occurrence,p_Bs,180,18,100
pooled_1,PT,occurrence,p_Bs,190,18,100
pooled_1,PT,occurrence,p_Bs,200,17,100
pooled_1,PT,occurrence,p_Bs,210,17,100
pooled_1,PT,occurrence,p_Bs,220,17,100
pooled_1,PT,occurrence,p_Bs,230,17,100
pooled_1,PT,occurrence,p_Bs,240,17,100
pooled_1,PT,occurrence,p_Bs,250,18,100
pooled_1,P4,biomass,p_Bs,10,18.6666666666667,75
pooled_1,P4,biomass,p_Bs,20,18.6666666666667,75
pooled_1,P4,biomass,p_Bs,30,18.6666666666667,75
pooled_1,P4,biomass,p_Bs,40,18.6666666666667,75
pooled_1,P4,biomass,p_Bs,50,18.6666666666667,75
pooled_1,P4,biomass,p_Bs,60,18.6666666666667,75
pooled_1,P4,biomass,p_Bs,70,17.3333333333333,75
pooled_1,P4,biomass,p_Bs,80,17.3333333333333,75
pooled_1,P4,biomass,p_Bs,90,17.3333333333333,75
pooled_1,P4,biomass,p_Bs,100,17.3333333333333,75
pooled_1,P4,biomass,p_Bs,110,17.3333333333333,75
pooled_1,P4,biomass,p_Bs,120,17.3333333333333,75
pooled_1,P4,biomass,p_Bs,130,17.3333333333333,75
pooled_1,P4,biomass,p_Bs,140,17.3333333333333,75
pooled_1,P4,biomass,p_Bs,150,17.3333333333333,75
pooled_1,P4,biomass,p_Bs,160,17.3333333333333,75
pooled_1,P4,biomass,p_Bs,170,17.3333333333333,75
pooled_1,P4,biomass,p_Bs,180,17.3333333333333,75
pooled_1,P4,biomass,p_Bs,190,17.3333333333333,75
pooled_1,P4,biomass,p_Bs,200,17.3333333333333,75
pooled_1,P4,biomass,p_Bs,210,17.3333333333333,75
pooled_1,P4,biomass,p_Bs,220,17.3333333333333,75
pooled_1,P4,biomass,p_Bs,230,17.3333333333333,75
pooled_1,P4,biomass,p_Bs,240,17.3333333333333,75
pooled_1,P4,biomass,p_Bs,250,17.3333333333333,75
pooled_1,P4,occurrence,p_Bs,10,12,75
pooled_1,P4,occurrence,p_Bs,20,12,75
pooled_1,P4,occurrence,p_Bs,30,12,75
pooled_1,P4,occurrence,p_Bs,40,12,75
pooled_1,P4,occurrence,p_Bs,50,12,75
pooled_1,P4,occurrence,p_Bs,60,12,75
pooled_1,P4,occurrence,p_Bs,70,12,75
pooled_1,P4,occurrence,p_Bs,80,12,75
pooled_1,P4,occurrence,p_Bs,90,12,75
pooled_1,P4,occurrence,p_Bs,100,12,75
pooled_1,P4,occurrence,p_Bs,110,12,75
pooled_1,P4,occurrence,p_Bs,120,12,75
pooled_1,P4,occurrence,p_Bs,130,12,75
pooled_1,P4,occurrence,p_Bs,140,12,75
pooled_1,P4,occurrence,p_Bs,150,12,75
pooled_1,P4,occurrence,p_Bs,160,12,75
pooled_1,P4,occurrence,p_Bs,170,12,75
pooled_1,P4,occurrence,p_Bs,180,12,75
pooled_1,P4,occurrence,p_Bs,190,12,75
pooled_1,P4,occurrence,p_Bs,200,10.6666666666667,75
pooled_1,P4,occurrence,p_Bs,210,10.6666666666667,75
pooled_1,P4,occurrence,p_Bs,220,10.6666666666667,75
pooled_1,P4,occurrence,p_Bs,230,10.6666666666667,75
pooled_1,P4,occurrence,p_Bs,240,10.6666666666667,75
pooled_1,P4,occurrence,p_Bs,250,10.6666666666667,75
pooled_1,P2,biomass,p_Bs,10,6.45161290322581,62
pooled_1,P2,biomass,p_Bs,20,6.45161290322581,62
pooled_1,P2,biomass,p_Bs,30,6.45161290322581,62
pooled_1,P2,biomass,p_Bs,40,6.45161290322581,62
pooled_1,P2,biomass,p_Bs,50,6.45161290322581,62
pooled_1,P2,biomass,p_Bs,60,6.45161290322581,62
pooled_1,P2,biomass,p_Bs,70,6.45161290322581,62
pooled_1,P2,biomass,p_Bs,80,6.45161290322581,62
pooled_1,P2,biomass,p_Bs,90,6.45161290322581,62
pooled_1,P2,biomass,p_Bs,100,6.45161290322581,62
pooled_1,P2,biomass,p_Bs,110,6.45161290322581,62
pooled_1,P2,biomass,p_Bs,120,6.45161290322581,62
pooled_1,P2,biomass,p_Bs,130,6.45161290322581,62
pooled_1,P2,biomass,p_Bs,140,6.45161290322581,62
pooled_1,P2,biomass,p_Bs,150,6.45161290322581,62
pooled_1,P2,biomass,p_Bs,160,6.45161290322581,62
pooled_1,P2,biomass,p_Bs,170,6.45161290322581,62
pooled_1,P2,biomass,p_Bs,180,6.45161290322581,62
pooled_1,P2,biomass,p_Bs,190,6.45161290322581,62
pooled_1,P2,biomass,p_Bs,200,6.45161290322581,62
pooled_1,P2,biomass,p_Bs,210,6.45161290322581,62
pooled_1,P2,biomass,p_Bs,220,6.45161290322581,62
pooled_1,P2,biomass,p_Bs,230,6.45161290322581,62
pooled_1,P2,biomass,p_Bs,240,6.45161290322581,62
pooled_1,P2,biomass,p_Bs,250,8.06451612903226,62
pooled_1,P2,occurrence,p_Bs,10,9.67741935483871,62
pooled_1,P2,occurrence,p_Bs,20,9.67741935483871,62
pooled_1,P2,occurrence,p_Bs,30,9.67741935483871,62
pooled_1,P2,occurrence,p_Bs,40,9.67741935483871,62
pooled_1,P2,occurrence,p_Bs,50,9.67741935483871,62
pooled_1,P2,occurrence,p_Bs,60,8.06451612903226,62
pooled_1,P2,occurrence,p_Bs,70,8.06451612903226,62
pooled_1,P2,occurrence,p_Bs,80,8.06451612903226,62
pooled_1,P2,occurrence,p_Bs,90,8.06451612903226,62
pooled_1,P2,occurrence,p_Bs,100,8.06451612903226,62
pooled_1,P2,occurrence,p_Bs,110,8.06451612903226,62
pooled_1,P2,occurrence,p_Bs,120,8.06451612903226,62
pooled_1,P2,occurrence,p_Bs,130,8.06451612903226,62
pooled_1,P2,occurrence,p_Bs,140,8.06451612903226,62
pooled_1,P2,occurrence,p_Bs,150,8.06451612903226,62
pooled_1,P2,occurrence,p_Bs,160,8.06451612903226,62
pooled_1,P2,occurrence,p_Bs,170,8.06451612903226,62
pooled_1,P2,occurrence,p_Bs,180,8.06451612903226,62
pooled_1,P2,occurrence,p_Bs,190,8.06451612903226,62
pooled_1,P2,occurrence,p_Bs,200,8.06451612903226,62
pooled_1,P2,occurrence,p_Bs,210,8.06451612903226,62
pooled_1,P2,occurrence,p_Bs,220,8.06451612903226,62
pooled_1,P2,occurrence,p_Bs,230,8.06451612903226,62
pooled_1,P2,occurrence,p_Bs,240,8.06451612903226,62
pooled_1,P2,occurrence,p_Bs,250,8.06451612903226,62
per_predator,P1,biomass,p_Bs,10,11.1111111111111,90
per_predator,P1,biomass,p_Bs,20,11.1111111111111,90
per_predator,P1,biomass,p_Bs,30,10,90
per_predator,P1,biomass,p_Bs,40,10,90
per_predator,P1,biomass,p_Bs,50,10,90
per_predator,P1,biomass,p_Bs,60,10,90
per_predator,P1,biomass,p_Bs,70,8.88888888888889,90
per_predator,P1,biomass,p_Bs,80,10,90
per_predator,P1,biomass,p_Bs,90,11.1111111111111,90
per_predator,P1,biomass,p_Bs,100,12.2222222222222,90
per_predator,P1,biomass,p_Bs,110,10,90
per_predator,P1,biomass,p_Bs,120,10,90
per_predator,P1,biomass,p_Bs,130,10,90
per_predator,P1,biomass,p_Bs,140,11.3636363636364,88
per_predator,P1,biomass,p_Bs,150,6.97674418604651,86
per_predator,P1,biomass,p_Bs,160,6.97674418604651,86
per_predator,P1,biomass,p_Bs,170,6.97674418604651,86
per_predator,P1,biomass,p_Bs,180,8.13953488372093,86
per_predator,P1,biomass,p_Bs,190,6.97674418604651,86
per_predator,P1,biomass,p_Bs,200,8.23529411764706,85
per_predator,P1,biomass,p_Bs,210,7.05882352941176,85
per_predator,P1,biomass,p_Bs,220,8.43373493975904,83
per_predator,P1,biomass,p_Bs,230,8.43373493975904,83
per_predator,P1,biomass,p_Bs,240,8.43373493975904,83
per_predator,P1,biomass,p_Bs,250,8.43373493975904,83
per_predator,P1,occurrence,p_Bs,10,12.2222222222222,90
per_predator,P1,occurrence,p_Bs,20,14.4444444444444,90
per_predator,P1,occurrence,p_Bs,30,16.6666666666667,90
per_predator,P1,occurrence,p_Bs,40,15.5555555555556,90
per_predator,P1,occurrence,p_Bs,50,16.6666666666667,90
per_predator,P1,occurrence,p_Bs,60,13.3333333333333,90
per_predator,P1,occurrence,p_Bs,70,14.4444444444444,90
per_predator,P1,occurrence,p_Bs,80,15.5555555555556,90
per_predator,P1,occurrence,p_Bs,90,14.4444444444444,90
per_predator,P1,occurrence,p_Bs,100,13.3333333333333,90
per_predator,P1,occurrence,p_Bs,110,13.3333333333333,90
per_predator,P1,occurrence,p_Bs,120,13.3333333333333,90
per_predator,P1,occurrence,p_Bs,130,13.3333333333333,90
per_predator,P1,occurrence,p_Bs,140,14.7727272727273,88
per_predator,P1,occurrence,p_Bs,150,12.7906976744186,86
per_predator,P1,occurrence,p_Bs,160,12.7906976744186,86
per_predator,P1,occurrence,p_Bs,170,11.6279069767442,86
per_predator,P1,occurrence,p_Bs,180,15.1162790697674,86
per_predator,P1,occurrence,p_Bs,190,15.1162790697674,86
per_predator,P1,occurrence,p_Bs,200,15.2941176470588,85
per_predator,P1,occurrence,p_Bs,210,11.7647058823529,85
per_predator,P1,occurrence,p_Bs,220,12.0481927710843,83
per_predator,P1,occurrence,p_Bs,230,12.0481927710843,83
per_predator,P1,occurrence,p_Bs,240,12.0481927710843,83
per_predator,P1,occurrence,p_Bs,250,13.2530120481928,83
per_predator,P3,biomass,p_Bs,10,9.57446808510638,94
per_predator,P3,biomass,p_Bs,20,9.57446808510638,94
per_predator,P3,biomass,p_Bs,30,8.51063829787234,94
per_predator,P3,biomass,p_Bs,40,9.57446808510638,94
per_predator,P3,biomass,p_Bs,50,9.57446808510638,94
per_predator,P3,biomass,p_Bs,60,9.57446808510638,94
per_predator,P3,biomass,p_Bs,70,8.51063829787234,94
per_predator,P3,biomass,p_Bs,80,9.57446808510638,94
per_predator,P3,biomass,p_Bs,90,10.6382978723404,94
per_predator,P3,biomass,p_Bs,100,11.7021276595745,94
per_predator,P3,biomass,p_Bs,110,10.6382978723404,94
per_predator,P3,biomass,p_Bs,120,9.57446808510638,94
per_predator,P3,biomass,p_Bs,130,9.57446808510638,94
per_predator,P3,biomass,p_Bs,140,11.7021276595745,94
per_predator,P3,biomass,p_Bs,150,7.60869565217391,92
per_predator,P3,biomass,p_Bs,160,7.60869565217391,92
per_predator,P3,biomass,p_Bs,170,7.60869565217391,92
per_predator,P3,biomass,p_Bs,180,7.60869565217391,92
per_predator,P3,biomass,p_Bs,190,6.52173913043478,92
per_predator,P3,biomass,p_Bs,200,8.79120879120879,91
per_predator,P3,biomass,p_Bs,210,6.59340659340659,91
per_predator,P3,biomass,p_Bs,220,8.13953488372093,86
per_predator,P3,biomass,p_Bs,230,8.13953488372093,86
per_predator,P3,biomass,p_Bs,240,8.13953488372093,86
per_predator,P3,biomass,p_Bs,250,8.13953488372093,86
per_predator,P3,occurrence,p_Bs,10,9.57446808510638,94
per_predator,P3,occurrence,p_Bs,20,12.7659574468085,94
per_predator,P3,occurrence,p_Bs,30,15.9574468085106,94
per_predator,P3,occurrence,p_Bs,40,13.8297872340426,94
per_predator,P3,occurrence,p_Bs,50,13.8297872340426,94
per_predator,P3,occurrence,p_Bs,60,11.7021276595745,94
per_predator,P3,occurrence,p_Bs,70,11.7021276595745,94
per_predator,P3,occurrence,p_Bs,80,10.6382978723404,94
per_predator,P3,occurrence,p_Bs,90,11.7021276595745,94
per_predator,P3,occurrence,p_Bs,100,11.7021276595745,94
per_predator,P3,occurrence,p_Bs,110,10.6382978723404,94
per_predator,P3,occurrence,p_Bs,120,11.7021276595745,94
per_predator,P3,occurrence,p_Bs,130,11.7021276595745,94
per_predator,P3,occurrence,p_Bs,140,10.6382978723404,94
per_predator,P3,occurrence,p_Bs,150,9.78260869565217,92
per_predator,P3,occurrence,p_Bs,160,9.78260869565217,92
per_predator,P3,occurrence,p_Bs,170,8.69565217391304,92
per_predator,P3,occurrence,p_Bs,180,11.9565217391304,92
per_predator,P3,occurrence,p_Bs,190,11.9565217391304,92
per_predator,P3,occurrence,p_Bs,200,13.1868131868132,91
per_predator,P3,occurrence,p_Bs,210,9.89010989010989,91
per_predator,P3,occurrence,p_Bs,220,12.7906976744186,86
per_predator,P3,occurrence,p_Bs,230,11.6279069767442,86
per_predator,P3,occurrence,p_Bs,240,12.7906976744186,86
per_predator,P3,occurrence,p_Bs,250,13.953488372093,86
per_predator,PT,biomass,p_Bs,10,11.1111111111111,99
per_predator,PT,biomass,p_Bs,20,15.1515151515152,99
per_predator,PT,biomass,p_Bs,30,14.1414141414141,99
per_predator,PT,biomass,p_Bs,40,15.1515151515152,99
per_predator,PT,biomass,p_Bs,50,14.1414141414141,99
per_predator,PT,biomass,p_Bs,60,15.1515151515152,99
per_predator,PT,biomass,p_Bs,70,16.1616161616162,99
per_predator,PT,biomass,p_Bs,80,14.1414141414141,99
per_predator,PT,biomass,p_Bs,90,14.1414141414141,99
per_predator,PT,biomass,p_Bs,100,15.1515151515152,99
per_predator,PT,biomass,p_Bs,110,14.1414141414141,99
per_predator,PT,biomass,p_Bs,120,14.1414141414141,99
per_predator,PT,biomass,p_Bs,130,13.1313131313131,99
per_predator,PT,biomass,p_Bs,140,13.265306122449,98
per_predator,PT,biomass,p_Bs,150,15.7894736842105,95
per_predator,PT,biomass,p_Bs,160,16.8421052631579,95
per_predator,PT,biomass,p_Bs,170,14.7368421052632,95
per_predator,PT,biomass,p_Bs,180,14.7368421052632,95
per_predator,PT,biomass,p_Bs,190,14.7368421052632,95
per_predator,PT,biomass,p_Bs,200,14.7368421052632,95
per_predator,PT,biomass,p_Bs,210,14.7368421052632,95
per_predator,PT,biomass,p_Bs,220,14.1304347826087,92
per_predator,PT,biomass,p_Bs,230,14.1304347826087,92
per_predator,PT,biomass,p_Bs,240,14.1304347826087,92
per_predator,PT,biomass,p_Bs,250,15.2173913043478,92
per_predator,PT,occurrence,p_Bs,10,17.1717171717172,99
per_predator,PT,occurrence,p_Bs,20,21.2121212121212,99
per_predator,PT,occurrence,p_Bs,30,21.2121212121212,99
per_predator,PT,occurrence,p_Bs,40,21.2121212121212,99
per_predator,PT,occurrence,p_Bs,50,20.2020202020202,99
per_predator,PT,occurrence,p_Bs,60,19.1919191919192,99
per_predator,PT,occurrence,p_Bs,70,19.1919191919192,99
per_predator,PT,occurrence,p_Bs,80,21.2121212121212,99
per_predator,PT,occurrence,p_Bs,90,22.2222222222222,99
per_predator,PT,occurrence,p_Bs,100,21.2121212121212,99
per_predator,PT,occurrence,p_Bs,110,20.2020202020202,99
per_predator,PT,occurrence,p_Bs,120,21.2121212121212,99
per_predator,PT,occurrence,p_Bs,130,21.2121212121212,99
per_predator,PT,occurrence,p_Bs,140,21.4285714285714,98
per_predator,PT,occurrence,p_Bs,150,22.1052631578947,95
per_predator,PT,occurrence,p_Bs,160,21.0526315789474,95
per_predator,PT,occurrence,p_Bs,170,20,95
per_predator,PT,occurrence,p_Bs,180,20,95
per_predator,PT,occurrence,p_Bs,190,18.9473684210526,95
per_predator,PT,occurrence,p_Bs,200,20,95
per_predator,PT,occurrence,p_Bs,210,18.9473684210526,95
per_predator,PT,occurrence,p_Bs,220,15.2173913043478,92
per_predator,PT,occurrence,p_Bs,230,15.2173913043478,92
per_predator,PT,occurrence,p_Bs,240,15.2173913043478,92
per_predator,PT,occurrence,p_Bs,250,15.2173913043478,92
per_predator,P4,biomass,p_Bs,10,17.5675675675676,74
per_predator,P4,biomass,p_Bs,20,14.8648648648649,74
per_predator,P4,biomass,p_Bs,30,13.5135135135135,74
per_predator,P4,biomass,p_Bs,40,14.8648648648649,74
per_predator,P4,biomass,p_Bs,50,14.8648648648649,74
per_predator,P4,biomass,p_Bs,60,14.8648648648649,74
per_predator,P4,biomass,p_Bs,70,14.8648648648649,74
per_predator,P4,biomass,p_Bs,80,14.8648648648649,74
per_predator,P4,biomass,p_Bs,90,13.6986301369863,73
per_predator,P4,biomass,p_Bs,100,13.6986301369863,73
per_predator,P4,biomass,p_Bs,110,15.0684931506849,73
per_predator,P4,biomass,p_Bs,120,15.2777777777778,72
per_predator,P4,biomass,p_Bs,130,15.2777777777778,72
per_predator,P4,biomass,p_Bs,140,16.6666666666667,72
per_predator,P4,biomass,p_Bs,150,17.1428571428571,70
per_predator,P4,biomass,p_Bs,160,17.1428571428571,70
per_predator,P4,biomass,p_Bs,170,14.2857142857143,70
per_predator,P4,biomass,p_Bs,180,14.2857142857143,70
per_predator,P4,biomass,p_Bs,190,15.7142857142857,70
per_predator,P4,biomass,p_Bs,200,15.7142857142857,70
per_predator,P4,biomass,p_Bs,210,12.8571428571429,70
per_predator,P4,biomass,p_Bs,220,10.2941176470588,68
per_predator,P4,biomass,p_Bs,230,10.2941176470588,68
per_predator,P4,biomass,p_Bs,240,10.2941176470588,68
per_predator,P4,biomass,p_Bs,250,10.2941176470588,68
per_predator,P4,occurrence,p_Bs,10,12.1621621621622,74
per_predator,P4,occurrence,p_Bs,20,13.5135135135135,74
per_predator,P4,occurrence,p_Bs,30,14.8648648648649,74
per_predator,P4,occurrence,p_Bs,40,13.5135135135135,74
per_predator,P4,occurrence,p_Bs,50,12.1621621621622,74
per_predator,P4,occurrence,p_Bs,60,10.8108108108108,74
per_predator,P4,occurrence,p_Bs,70,10.8108108108108,74
per_predator,P4,occurrence,p_Bs,80,10.8108108108108,74
per_predator,P4,occurrence,p_Bs,90,10.958904109589,73
per_predator,P4,occurrence,p_Bs,100,10.958904109589,73
per_predator,P4,occurrence,p_Bs,110,10.958904109589,73
per_predator,P4,occurrence,p_Bs,120,12.5,72
per_predator,P4,occurrence,p_Bs,130,12.5,72
per_predator,P4,occurrence,p_Bs,140,12.5,72
per_predator,P4,occurrence,p_Bs,150,14.2857142857143,70
per_predator,P4,occurrence,p_Bs,160,14.2857142857143,70
per_predator,P4,occurrence,p_Bs,170,14.2857142857143,70
per_predator,P4,occurrence,p_Bs,180,14.2857142857143,70
per_predator,P4,occurrence,p_Bs,190,12.8571428571429,70
per_predator,P4,occurrence,p_Bs,200,14.2857142857143,70
per_predator,P4,occurrence,p_Bs,210,12.8571428571429,70
per_predator,P4,occurrence,p_Bs,220,11.7647058823529,68
per_predator,P4,occurrence,p_Bs,230,11.7647058823529,68
per_predator,P4,occurrence,p_Bs,240,11.7647058823529,68
per_predator,P4,occurrence,p_Bs,250,11.7647058823529,68
per_predator,P2,biomass,p_Bs,10,6.66666666666667,60
per_predator,P2,biomass,p_Bs,20,8.33333333333333,60
per_predator,P2,biomass,p_Bs,30,8.33333333333333,60
per_predator,P2,biomass,p_Bs,40,8.33333333333333,60
per_predator,P2,biomass,p_Bs,50,8.33333333333333,60
per_predator,P2,biomass,p_Bs,60,8.33333333333333,60
per_predator,P2,biomass,p_Bs,70,8.33333333333333,60
per_predator,P2,biomass,p_Bs,80,8.33333333333333,60
per_predator,P2,biomass,p_Bs,90,6.77966101694915,59
per_predator,P2,biomass,p_Bs,100,6.77966101694915,59
per_predator,P2,biomass,p_Bs,110,8.47457627118644,59
per_predator,P2,biomass,p_Bs,120,8.62068965517242,58
per_predator,P2,biomass,p_Bs,130,10.3448275862069,58
per_predator,P2,biomass,p_Bs,140,10.5263157894737,57
per_predator,P2,biomass,p_Bs,150,7.01754385964912,57
per_predator,P2,biomass,p_Bs,160,7.01754385964912,57
per_predator,P2,biomass,p_Bs,170,10.5263157894737,57
per_predator,P2,biomass,p_Bs,180,8.7719298245614,57
per_predator,P2,biomass,p_Bs,190,8.7719298245614,57
per_predator,P2,biomass,p_Bs,200,7.01754385964912,57
per_predator,P2,biomass,p_Bs,210,7.01754385964912,57
per_predator,P2,biomass,p_Bs,220,7.27272727272727,55
per_predator,P2,biomass,p_Bs,230,7.27272727272727,55
per_predator,P2,biomass,p_Bs,240,7.27272727272727,55
per_predator,P2,biomass,p_Bs,250,7.40740740740741,54
per_predator,P2,occurrence,p_Bs,10,6.66666666666667,60
per_predator,P2,occurrence,p_Bs,20,10,60
per_predator,P2,occurrence,p_Bs,30,10,60
per_predator,P2,occurrence,p_Bs,40,10,60
per_predator,P2,occurrence,p_Bs,50,10,60
per_predator,P2,occurrence,p_Bs,60,8.33333333333333,60
per_predator,P2,occurrence,p_Bs,70,10,60
per_predator,P2,occurrence,p_Bs,80,10,60
per_predator,P2,occurrence,p_Bs,90,8.47457627118644,59
per_predator,P2,occurrence,p_Bs,100,10.1694915254237,59
per_predator,P2,occurrence,p_Bs,110,11.864406779661,59
per_predator,P2,occurrence,p_Bs,120,10.3448275862069,58
per_predator,P2,occurrence,p_Bs,130,10.3448275862069,58
per_predator,P2,occurrence,p_Bs,140,10.5263157894737,57
per_predator,P2,occurrence,p_Bs,150,10.5263157894737,57
per_predator,P2,occurrence,p_Bs,160,10.5263157894737,57
per_predator,P2,occurrence,p_Bs,170,12.280701754386,57
per_predator,P2,occurrence,p_Bs,180,12.280701754386,57
per_predator,P2,occurrence,p_Bs,190,12.280701754386,57
per_predator,P2,occurrence,p_Bs,200,12.280701754386,57
per_predator,P2,occurrence,p_Bs,210,12.280701754386,57
per_predator,P2,occurrence,p_Bs,220,12.7272727272727,55
per_predator,P2,occurrence,p_Bs,230,12.7272727272727,55
per_predator,P2,occurrence,p_Bs,240,12.7272727272727,55
per_predator,P2,occurrence,p_Bs,250,12.962962962963,54
pooled_2,P1,biomass,p_disp,10,5.4945054945055,91
pooled_2,P1,biomass,p_disp,20,4.3956043956044,91
pooled_2,P1,biomass,p_disp,30,4.3956043956044,91
pooled_2,P1,biomass,p_disp,40,6.59340659340659,91
pooled_2,P1,biomass,p_disp,50,6.59340659340659,91
pooled_2,P1,biomass,p_disp,60,5.4945054945055,91
pooled_2,P1,biomass,p_disp,70,5.4945054945055,91
pooled_2,P1,biomass,p_disp,80,5.4945054945055,91
pooled_2,P1,biomass,p_disp,90,5.4945054945055,91
pooled_2,P1,biomass,p_disp,100,5.4945054945055,91
pooled_2,P1,biomass,p_disp,110,5.4945054945055,91
pooled_2,P1,biomass,p_disp,120,6.59340659340659,91
pooled_2,P1,biomass,p_disp,130,6.59340659340659,91
pooled_2,P1,biomass,p_disp,140,6.59340659340659,91
pooled_2,P1,biomass,p_disp,150,6.59340659340659,91
pooled_2,P1,biomass,p_disp,160,6.59340659340659,91
pooled_2,P1,biomass,p_disp,170,6.59340659340659,91
pooled_2,P1,biomass,p_disp,180,6.59340659340659,91
pooled_2,P1,biomass,p_disp,190,6.59340659340659,91
pooled_2,P1,biomass,p_disp,200,6.59340659340659,91
pooled_2,P1,biomass,p_disp,210,6.59340659340659,91
pooled_2,P1,biomass,p_disp,220,6.59340659340659,91
pooled_2,P1,biomass,p_disp,230,6.59340659340659,91
pooled_2,P1,biomass,p_disp,240,6.59340659340659,91
pooled_2,P1,biomass,p_disp,250,6.59340659340659,91
pooled_2,P1,occurrence,p_disp,10,4.3956043956044,91
pooled_2,P1,occurrence,p_disp,20,4.3956043956044,91
pooled_2,P1,occurrence,p_disp,30,4.3956043956044,91
pooled_2,P1,occurrence,p_disp,40,4.3956043956044,91
pooled_2,P1,occurrence,p_disp,50,4.3956043956044,91
pooled_2,P1,occurrence,p_disp,60,4.3956043956044,91
pooled_2,P1,occurrence,p_disp,70,4.3956043956044,91
pooled_2,P1,occurrence,p_disp,80,4.3956043956044,91
pooled_2,P1,occurrence,p_disp,90,4.3956043956044,91
pooled_2,P1,occurrence,p_disp,100,4.3956043956044,91
pooled_2,P1,occurrence,p_disp,110,4.3956043956044,91
pooled_2,P1,occurrence,p_disp,120,4.3956043956044,91
pooled_2,P1,occurrence,p_disp,130,4.3956043956044,91
pooled_2,P1,occurrence,p_disp,140,4.3956043956044,91
pooled_2,P1,occurrence,p_disp,150,4.3956043956044,91
pooled_2,P1,occurrence,p_disp,160,5.4945054945055,91
pooled_2,P1,occurrence,p_disp,170,4.3956043956044,91
pooled_2,P1,occurrence,p_disp,180,4.3956043956044,91
pooled_2,P1,occurrence,p_disp,190,4.3956043956044,91
pooled_2,P1,occurrence,p_disp,200,4.3956043956044,91
pooled_2,P1,occurrence,p_disp,210,4.3956043956044,91
pooled_2,P1,occurrence,p_disp,220,4.3956043956044,91
pooled_2,P1,occurrence,p_disp,230,4.3956043956044,91
pooled_2,P1,occurrence,p_disp,240,4.3956043956044,91
pooled_2,P1,occurrence,p_disp,250,4.3956043956044,91
pooled_2,P3,biomass,p_disp,10,3.15789473684211,95
pooled_2,P3,biomass,p_disp,20,3.15789473684211,95
pooled_2,P3,biomass,p_disp,30,3.15789473684211,95
pooled_2,P3,biomass,p_disp,40,3.15789473684211,95
pooled_2,P3,biomass,p_disp,50,4.21052631578947,95
pooled_2,P3,biomass,p_disp,60,4.21052631578947,95
pooled_2,P3,biomass,p_disp,70,3.15789473684211,95
pooled_2,P3,biomass,p_disp,80,4.21052631578947,95
pooled_2,P3,biomass,p_disp,90,3.15789473684211,95
pooled_2,P3,biomass,p_disp,100,3.15789473684211,95
pooled_2,P3,biomass,p_disp,110,3.15789473684211,95
pooled_2,P3,biomass,p_disp,120,4.21052631578947,95
pooled_2,P3,biomass,p_disp,130,3.15789473684211,95
pooled_2,P3,biomass,p_disp,140,4.21052631578947,95
pooled_2,P3,biomass,p_disp,150,3.15789473684211,95
pooled_2,P3,biomass,p_disp,160,3.15789473684211,95
pooled_2,P3,biomass,p_disp,170,3.15789473684211,95
pooled_2,P3,biomass,p_disp,180,3.15789473684211,95
pooled_2,P3,biomass,p_disp,190,3.15789473684211,95
pooled_2,P3,biomass,p_disp,200,3.15789473684211,95
pooled_2,P3,biomass,p_disp,210,3.15789473684211,95
pooled_2,P3,biomass,p_disp,220,3.15789473684211,95
pooled_2,P3,biomass,p_disp,230,3.15789473684211,95
pooled_2,P3,biomass,p_disp,240,3.15789473684211,95
pooled_2,P3,biomass,p_disp,250,3.15789473684211,95
pooled_2,P3,occurrence,p_disp,10,1.05263157894737,95
pooled_2,P3,occurrence,p_disp,20,1.05263157894737,95
pooled_2,P3,occurrence,p_disp,30,1.05263157894737,95
pooled_2,P3,occurrence,p_disp,40,1.05263157894737,95
pooled_2,P3,occurrence,p_disp,50,1.05263157894737,95
pooled_2,P3,occurrence,p_disp,60,1.05263157894737,95
pooled_2,P3,occurrence,p_disp,70,1.05263157894737,95
pooled_2,P3,occurrence,p_disp,80,1.05263157894737,95
pooled_2,P3,occurrence,p_disp,90,1.05263157894737,95
pooled_2,P3,occurrence,p_disp,100,1.05263157894737,95
pooled_2,P3,occurrence,p_disp,110,1.05263157894737,95
pooled_2,P3,occurrence,p_disp,120,1.05263157894737,95
pooled_2,P3,occurrence,p_disp,130,1.05263157894737,95
pooled_2,P3,occurrence,p_disp,140,1.05263157894737,95
pooled_2,P3,occurrence,p_disp,150,1.05263157894737,95
pooled_2,P3,occurrence,p_disp,160,3.15789473684211,95
pooled_2,P3,occurrence,p_disp,170,1.05263157894737,95
pooled_2,P3,occurrence,p_disp,180,1.05263157894737,95
pooled_2,P3,occurrence,p_disp,190,1.05263157894737,95
pooled_2,P3,occurrence,p_disp,200,2.10526315789474,95
pooled_2,P3,occurrence,p_disp,210,1.05263157894737,95
pooled_2,P3,occurrence,p_disp,220,2.10526315789474,95
pooled_2,P3,occurrence,p_disp,230,2.10526315789474,95
pooled_2,P3,occurrence,p_disp,240,1.05263157894737,95
pooled_2,P3,occurrence,p_disp,250,1.05263157894737,95
pooled_2,PT,biomass,p_disp,10,20,100
pooled_2,PT,biomass,p_disp,20,18,100
pooled_2,PT,biomass,p_disp,30,18,100
pooled_2,PT,biomass,p_disp,40,19,100
pooled_2,PT,biomass,p_disp,50,18,100
pooled_2,PT,biomass,p_disp,60,16,100
pooled_2,PT,biomass,p_disp,70,17,100
pooled_2,PT,biomass,p_disp,80,18,100
pooled_2,PT,biomass,p_disp,90,16,100
pooled_2,PT,biomass,p_disp,100,17,100
pooled_2,PT,biomass,p_disp,110,16,100
pooled_2,PT,biomass,p_disp,120,17,100
pooled_2,PT,biomass,p_disp,130,17,100
pooled_2,PT,biomass,p_disp,140,16,100
pooled_2,PT,biomass,p_disp,150,16,100
pooled_2,PT,biomass,p_disp,160,15,100
pooled_2,PT,biomass,p_disp,170,16,100
pooled_2,PT,biomass,p_disp,180,16,100
pooled_2,PT,biomass,p_disp,190,16,100
pooled_2,PT,biomass,p_disp,200,17,100
pooled_2,PT,biomass,p_disp,210,16,100
pooled_2,PT,biomass,p_disp,220,16,100
pooled_2,PT,biomass,p_disp,230,16,100
pooled_2,PT,biomass,p_disp,240,17,100
pooled_2,PT,biomass,p_disp,250,14,100
pooled_2,PT,occurrence,p_disp,10,30,100
pooled_2,PT,occurrence,p_disp,20,30,100
pooled_2,PT,occurrence,p_disp,30,29,100
pooled_2,PT,occurrence,p_disp,40,28,100
pooled_2,PT,occurrence,p_disp,50,30,100
pooled_2,PT,occurrence,p_disp,60,28,100
pooled_2,PT,occurrence,p_disp,70,27,100
pooled_2,PT,occurrence,p_disp,80,28,100
pooled_2,PT,occurrence,p_disp,90,27,100
pooled_2,PT,occurrence,p_disp,100,28,100
pooled_2,PT,occurrence,p_disp,110,26,100
pooled_2,PT,occurrence,p_disp,120,27,100
pooled_2,PT,occurrence,p_disp,130,28,100
pooled_2,PT,occurrence,p_disp,140,27,100
pooled_2,PT,occurrence,p_disp,150,27,100
pooled_2,PT,occurrence,p_disp,160,27,100
pooled_2,PT,occurrence,p_disp,170,28,100
pooled_2,PT,occurrence,p_disp,180,27,100
pooled_2,PT,occurrence,p_disp,190,27,100
pooled_2,PT,occurrence,p_disp,200,23,100
pooled_2,PT,occurrence,p_disp,210,24,100
pooled_2,PT,occurrence,p_disp,220,24,100
pooled_2,PT,occurrence,p_disp,230,24,100
pooled_2,PT,occurrence,p_disp,240,23,100
pooled_2,PT,occurrence,p_disp,250,22,100
pooled_2,P4,biomass,p_disp,10,13.3333333333333,75
pooled_2,P4,biomass,p_disp,20,13.3333333333333,75
pooled_2,P4,biomass,p_disp,30,13.3333333333333,75
pooled_2,P4,biomass,p_disp,40,13.3333333333333,75
pooled_2,P4,biomass,p_disp,50,12,75
pooled_2,P4,biomass,p_disp,60,10.6666666666667,75
pooled_2,P4,biomass,p_disp,70,10.6666666666667,75
pooled_2,P4,biomass,p_disp,80,12,75
pooled_2,P4,biomass,p_disp,90,12,75
pooled_2,P4,biomass,p_disp,100,12,75
pooled_2,P4,biomass,p_disp,110,13.3333333333333,75
pooled_2,P4,biomass,p_disp,120,12,75
pooled_2,P4,biomass,p_disp,130,13.3333333333333,75
pooled_2,P4,biomass,p_disp,140,10.6666666666667,75
pooled_2,P4,biomass,p_disp,150,13.3333333333333,75
pooled_2,P4,biomass,p_disp,160,10.6666666666667,75
pooled_2,P4,biomass,p_disp,170,12,75
pooled_2,P4,biomass,p_disp,180,12,75
pooled_2,P4,biomass,p_disp,190,13.3333333333333,75
pooled_2,P4,biomass,p_disp,200,12,75
pooled_2,P4,biomass,p_disp,210,10.6666666666667,75
pooled_2,P4,biomass,p_disp,220,12,75
pooled_2,P4,biomass,p_disp,230,12,75
pooled_2,P4,biomass,p_disp,240,12,75
pooled_2,P4,biomass,p_disp,250,12,75
pooled_2,P4,occurrence,p_disp,10,16,75
pooled_2,P4,occurrence,p_disp,20,16,75
pooled_2,P4,occurrence,p_disp,30,17.3333333333333,75
pooled_2,P4,occurrence,p_disp,40,16,75
pooled_2,P4,occurrence,p_disp,50,18.6666666666667,75
pooled_2,P4,occurrence,p_disp,60,17.3333333333333,75
pooled_2,P4,occurrence,p_disp,70,17.3333333333333,75
pooled_2,P4,occurrence,p_disp,80,17.3333333333333,75
pooled_2,P4,occurrence,p_disp,90,16,75
pooled_2,P4,occurrence,p_disp,100,16,75
pooled_2,P4,occurrence,p_disp,110,16,75
pooled_2,P4,occurrence,p_disp,120,16,75
pooled_2,P4,occurrence,p_disp,130,17.3333333333333,75
pooled_2,P4,occurrence,p_disp,140,14.6666666666667,75
pooled_2,P4,occurrence,p_disp,150,13.3333333333333,75
pooled_2,P4,occurrence,p_disp,160,16,75
pooled_2,P4,occurrence,p_disp,170,14.6666666666667,75
pooled_2,P4,occurrence,p_disp,180,14.6666666666667,75
pooled_2,P4,occurrence,p_disp,190,16,75
pooled_2,P4,occurrence,p_disp,200,14.6666666666667,75
pooled_2,P4,occurrence,p_disp,210,14.6666666666667,75
pooled_2,P4,occurrence,p_disp,220,14.6666666666667,75
pooled_2,P4,occurrence,p_disp,230,16,75
pooled_2,P4,occurrence,p_disp,240,14.6666666666667,75
pooled_2,P4,occurrence,p_disp,250,13.3333333333333,75
pooled_2,P2,biomass,p_disp,10,8.06451612903226,62
pooled_2,P2,biomass,p_disp,20,8.06451612903226,62
pooled_2,P2,biomass,p_disp,30,8.06451612903226,62
pooled_2,P2,biomass,p_disp,40,8.06451612903226,62
pooled_2,P2,biomass,p_disp,50,8.06451612903226,62
pooled_2,P2,biomass,p_disp,60,9.67741935483871,62
pooled_2,P2,biomass,p_disp,70,9.67741935483871,62
pooled_2,P2,biomass,p_disp,80,9.67741935483871,62
pooled_2,P2,biomass,p_disp,90,9.67741935483871,62
pooled_2,P2,biomass,p_disp,100,9.67741935483871,62
pooled_2,P2,biomass,p_disp,110,9.67741935483871,62
pooled_2,P2,biomass,p_disp,120,11.2903225806452,62
pooled_2,P2,biomass,p_disp,130,9.67741935483871,62
pooled_2,P2,biomass,p_disp,140,9.67741935483871,62
pooled_2,P2,biomass,p_disp,150,9.67741935483871,62
pooled_2,P2,biomass,p_disp,160,9.67741935483871,62
pooled_2,P2,biomass,p_disp,170,11.2903225806452,62
pooled_2,P2,biomass,p_disp,180,9.67741935483871,62
pooled_2,P2,biomass,p_disp,190,9.67741935483871,62
pooled_2,P2,biomass,p_disp,200,9.67741935483871,62
pooled_2,P2,biomass,p_disp,210,9.67741935483871,62
pooled_2,P2,biomass,p_disp,220,9.67741935483871,62
pooled_2,P2,biomass,p_disp,230,9.67741935483871,62
pooled_2,P2,biomass,p_disp,240,9.67741935483871,62
pooled_2,P2,biomass,p_disp,250,8.06451612903226,62
pooled_2,P2,occurrence,p_disp,10,8.06451612903226,62
pooled_2,P2,occurrence,p_disp,20,6.45161290322581,62
pooled_2,P2,occurrence,p_disp,30,8.06451612903226,62
pooled_2,P2,occurrence,p_disp,40,6.45161290322581,62
pooled_2,P2,occurrence,p_disp,50,6.45161290322581,62
pooled_2,P2,occurrence,p_disp,60,8.06451612903226,62
pooled_2,P2,occurrence,p_disp,70,6.45161290322581,62
pooled_2,P2,occurrence,p_disp,80,8.06451612903226,62
pooled_2,P2,occurrence,p_disp,90,9.67741935483871,62
pooled_2,P2,occurrence,p_disp,100,6.45161290322581,62
pooled_2,P2,occurrence,p_disp,110,8.06451612903226,62
pooled_2,P2,occurrence,p_disp,120,8.06451612903226,62
pooled_2,P2,occurrence,p_disp,130,8.06451612903226,62
pooled_2,P2,occurrence,p_disp,140,6.45161290322581,62
pooled_2,P2,occurrence,p_disp,150,8.06451612903226,62
pooled_2,P2,occurrence,p_disp,160,6.45161290322581,62
pooled_2,P2,occurrence,p_disp,170,8.06451612903226,62
pooled_2,P2,occurrence,p_disp,180,6.45161290322581,62
pooled_2,P2,occurrence,p_disp,190,8.06451612903226,62
pooled_2,P2,occurrence,p_disp,200,8.06451612903226,62
pooled_2,P2,occurrence,p_disp,210,8.06451612903226,62
pooled_2,P2,occurrence,p_disp,220,8.06451612903226,62
pooled_2,P2,occurrence,p_disp,230,6.45161290322581,62
pooled_2,P2,occurrence,p_disp,240,6.45161290322581,62
pooled_2,P2,occurrence,p_disp,250,6.45161290322581,62
pooled_1,P1,biomass,p_disp,10,6.59340659340659,91
pooled_1,P1,biomass,p_disp,20,5.4945054945055,91
pooled_1,P1,biomass,p_disp,30,6.59340659340659,91
pooled_1,P1,biomass,p_disp,40,6.59340659340659,91
pooled_1,P1,biomass,p_disp,50,7.69230769230769,91
pooled_1,P1,biomass,p_disp,60,6.59340659340659,91
pooled_1,P1,biomass,p_disp,70,6.59340659340659,91
pooled_1,P1,biomass,p_disp,80,6.59340659340659,91
pooled_1,P1,biomass,p_disp,90,7.69230769230769,91
pooled_1,P1,biomass,p_disp,100,7.69230769230769,91
pooled_1,P1,biomass,p_disp,110,6.59340659340659,91
pooled_1,P1,biomass,p_disp,120,7.69230769230769,91
pooled_1,P1,biomass,p_disp,130,7.69230769230769,91
pooled_1,P1,biomass,p_disp,140,7.69230769230769,91
pooled_1,P1,biomass,p_disp,150,7.69230769230769,91
pooled_1,P1,biomass,p_disp,160,6.59340659340659,91
pooled_1,P1,biomass,p_disp,170,6.59340659340659,91
pooled_1,P1,biomass,p_disp,180,6.59340659340659,91
pooled_1,P1,biomass,p_disp,190,6.59340659340659,91
pooled_1,P1,biomass,p_disp,200,7.69230769230769,91
pooled_1,P1,biomass,p_disp,210,6.59340659340659,91
pooled_1,P1,biomass,p_disp,220,6.59340659340659,91
pooled_1,P1,biomass,p_disp,230,6.59340659340659,91
pooled_1,P1,biomass,p_disp,240,6.59340659340659,91
pooled_1,P1,biomass,p_disp,250,6.59340659340659,91
pooled_1,P1,occurrence,p_disp,10,4.3956043956044,91
pooled_1,P1,occurrence,p_disp,20,4.3956043956044,91
pooled_1,P1,occurrence,p_disp,30,4.3956043956044,91
pooled_1,P1,occurrence,p_disp,40,4.3956043956044,91
pooled_1,P1,occurrence,p_disp,50,4.3956043956044,91
pooled_1,P1,occurrence,p_disp,60,4.3956043956044,91
pooled_1,P1,occurrence,p_disp,70,4.3956043956044,91
pooled_1,P1,occurrence,p_disp,80,4.3956043956044,91
pooled_1,P1,occurrence,p_disp,90,4.3956043956044,91
pooled_1,P1,occurrence,p_disp,100,4.3956043956044,91
pooled_1,P1,occurrence,p_disp,110,4.3956043956044,91
pooled_1,P1,occurrence,p_disp,120,4.3956043956044,91
pooled_1,P1,occurrence,p_disp,130,4.3956043956044,91
pooled_1,P1,occurrence,p_disp,140,4.3956043956044,91
pooled_1,P1,occurrence,p_disp,150,4.3956043956044,91
pooled_1,P1,occurrence,p_disp,160,5.4945054945055,91
pooled_1,P1,occurrence,p_disp,170,4.3956043956044,91
pooled_1,P1,occurrence,p_disp,180,4.3956043956044,91
pooled_1,P1,occurrence,p_disp,190,4.3956043956044,91
pooled_1,P1,occurrence,p_disp,200,4.3956043956044,91
pooled_1,P1,occurrence,p_disp,210,4.3956043956044,91
pooled_1,P1,occurrence,p_disp,220,4.3956043956044,91
pooled_1,P1,occurrence,p_disp,230,4.3956043956044,91
pooled_1,P1,occurrence,p_disp,240,4.3956043956044,91
pooled_1,P1,occurrence,p_disp,250,4.3956043956044,91
pooled_1,P3,biomass,p_disp,10,3.15789473684211,95
pooled_1,P3,biomass,p_disp,20,3.15789473684211,95
pooled_1,P3,biomass,p_disp,30,3.15789473684211,95
pooled_1,P3,biomass,p_disp,40,3.15789473684211,95
pooled_1,P3,biomass,p_disp,50,4.21052631578947,95
pooled_1,P3,biomass,p_disp,60,4.21052631578947,95
pooled_1,P3,biomass,p_disp,70,4.21052631578947,95
pooled_1,P3,biomass,p_disp,80,4.21052631578947,95
pooled_1,P3,biomass,p_disp,90,4.21052631578947,95
pooled_1,P3,biomass,p_disp,100,4.21052631578947,95
pooled_1,P3,biomass,p_disp,110,4.21052631578947,95
pooled_1,P3,biomass,p_disp,120,4.21052631578947,95
pooled_1,P3,biomass,p_disp,130,4.21052631578947,95
pooled_1,P3,biomass,p_disp,140,4.21052631578947,95
pooled_1,P3,biomass,p_disp,150,4.21052631578947,95
pooled_1,P3,biomass,p_disp,160,3.15789473684211,95
pooled_1,P3,biomass,p_disp,170,3.15789473684211,95
pooled_1,P3,biomass,p_disp,180,3.15789473684211,95
pooled_1,P3,biomass,p_disp,190,3.15789473684211,95
pooled_1,P3,biomass,p_disp,200,3.15789473684211,95
pooled_1,P3,biomass,p_disp,210,3.15789473684211,95
pooled_1,P3,biomass,p_disp,220,3.15789473684211,95
pooled_1,P3,biomass,p_disp,230,3.15789473684211,95
pooled_1,P3,biomass,p_disp,240,3.15789473684211,95
pooled_1,P3,biomass,p_disp,250,3.15789473684211,95
pooled_1,P3,occurrence,p_disp,10,1.05263157894737,95
pooled_1,P3,occurrence,p_disp,20,1.05263157894737,95
pooled_1,P3,occurrence,p_disp,30,1.05263157894737,95
pooled_1,P3,occurrence,p_disp,40,1.05263157894737,95
pooled_1,P3,occurrence,p_disp,50,1.05263157894737,95
pooled_1,P3,occurrence,p_disp,60,1.05263157894737,95
pooled_1,P3,occurrence,p_disp,70,2.10526315789474,95
pooled_1,P3,occurrence,p_disp,80,1.05263157894737,95
pooled_1,P3,occurrence,p_disp,90,2.10526315789474,95
pooled_1,P3,occurrence,p_disp,100,1.05263157894737,95
pooled_1,P3,occurrence,p_disp,110,2.10526315789474,95
pooled_1,P3,occurrence,p_disp,120,1.05263157894737,95
pooled_1,P3,occurrence,p_disp,130,1.05263157894737,95
pooled_1,P3,occurrence,p_disp,140,1.05263157894737,95
pooled_1,P3,occurrence,p_disp,150,1.05263157894737,95
pooled_1,P3,occurrence,p_disp,160,3.15789473684211,95
pooled_1,P3,occurrence,p_disp,170,1.05263157894737,95
pooled_1,P3,occurrence,p_disp,180,1.05263157894737,95
pooled_1,P3,occurrence,p_disp,190,2.10526315789474,95
pooled_1,P3,occurrence,p_disp,200,2.10526315789474,95
pooled_1,P3,occurrence,p_disp,210,2.10526315789474,95
pooled_1,P3,occurrence,p_disp,220,2.10526315789474,95
pooled_1,P3,occurrence,p_disp,230,2.10526315789474,95
pooled_1,P3,occurrence,p_disp,240,1.05263157894737,95
pooled_1,P3,occurrence,p_disp,250,1.05263157894737,95
pooled_1,PT,biomass,p_disp,10,20,100
pooled_1,PT,biomass,p_disp,20,18,100
pooled_1,PT,biomass,p_disp,30,18,100
pooled_1,PT,biomass,p_disp,40,19,100
pooled_1,PT,biomass,p_disp,50,18,100
pooled_1,PT,biomass,p_disp,60,17,100
pooled_1,PT,biomass,p_disp,70,18,100
pooled_1,PT,biomass,p_disp,80,18,100
pooled_1,PT,biomass,p_disp,90,17,100
pooled_1,PT,biomass,p_disp,100,17,100
pooled_1,PT,biomass,p_disp,110,16,100
pooled_1,PT,biomass,p_disp,120,18,100
pooled_1,PT,biomass,p_disp,130,18,100
pooled_1,PT,biomass,p_disp,140,17,100
pooled_1,PT,biomass,p_disp,150,17,100
pooled_1,PT,biomass,p_disp,160,15,100
pooled_1,PT,biomass,p_disp,170,16,100
pooled_1,PT,biomass,p_disp,180,16,100
pooled_1,PT,biomass,p_disp,190,16,100
pooled_1,PT,biomass,p_disp,200,17,100
pooled_1,PT,biomass,p_disp,210,16,100
pooled_1,PT,biomass,p_disp,220,16,100
pooled_1,PT,biomass,p_disp,230,16,100
pooled_1,PT,biomass,p_disp,240,16,100
pooled_1,PT,biomass,p_disp,250,14,100
pooled_1,PT,occurrence,p_disp,10,30,100
pooled_1,PT,occurrence,p_disp,20,30,100
pooled_1,PT,occurrence,p_disp,30,30,100
pooled_1,PT,occurrence,p_disp,40,28,100
pooled_1,PT,occurrence,p_disp,50,30,100
pooled_1,PT,occurrence,p_disp,60,27,100
pooled_1,PT,occurrence,p_disp,70,26,100
pooled_1,PT,occurrence,p_disp,80,27,100
pooled_1,PT,occurrence,p_disp,90,27,100
pooled_1,PT,occurrence,p_disp,100,27,100
pooled_1,PT,occurrence,p_disp,110,26,100
pooled_1,PT,occurrence,p_disp,120,27,100
pooled_1,PT,occurrence,p_disp,130,28,100
pooled_1,PT,occurrence,p_disp,140,27,100
pooled_1,PT,occurrence,p_disp,150,27,100
pooled_1,PT,occurrence,p_disp,160,27,100
pooled_1,PT,occurrence,p_disp,170,28,100
pooled_1,PT,occurrence,p_disp,180,27,100
pooled_1,PT,occurrence,p_disp,190,27,100
pooled_1,PT,occurrence,p_disp,200,23,100
pooled_1,PT,occurrence,p_disp,210,24,100
pooled_1,PT,occurrence,p_disp,220,24,100
pooled_1,PT,occurrence,p_disp,230,24,100
pooled_1,PT,occurrence,p_disp,240,23,100
pooled_1,PT,occurrence,p_disp,250,21,100
pooled_1,P4,biomass,p_disp,10,13.3333333333333,75
pooled_1,P4,biomass,p_disp,20,13.3333333333333,75
pooled_1,P4,biomass,p_disp,30,13.3333333333333,75
pooled_1,P4,biomass,p_disp,40,13.3333333333333,75
pooled_1,P4,biomass,p_disp,50,12,75
pooled_1,P4,biomass,p_disp,60,10.6666666666667,75
pooled_1,P4,biomass,p_disp,70,12,75
pooled_1,P4,biomass,p_disp,80,13.3333333333333,75
pooled_1,P4,biomass,p_disp,90,13.3333333333333,75
pooled_1,P4,biomass,p_disp,100,13.3333333333333,75
pooled_1,P4,biomass,p_disp,110,14.6666666666667,75
pooled_1,P4,biomass,p_disp,120,13.3333333333333,75
pooled_1,P4,biomass,p_disp,130,14.6666666666667,75
pooled_1,P4,biomass,p_disp,140,12,75
pooled_1,P4,biomass,p_disp,150,14.6666666666667,75
pooled_1,P4,biomass,p_disp,160,10.6666666666667,75
pooled_1,P4,biomass,p_disp,170,12,75
pooled_1,P4,biomass,p_disp,180,12,75
pooled_1,P4,biomass,p_disp,190,13.3333333333333,75
pooled_1,P4,biomass,p_disp,200,12,75
pooled_1,P4,biomass,p_disp,210,10.6666666666667,75
pooled_1,P4,biomass,p_disp,220,12,75
pooled_1,P4,biomass,p_disp,230,12,75
pooled_1,P4,biomass,p_disp,240,12,75
pooled_1,P4,biomass,p_disp,250,12,75
pooled_1,P4,occurrence,p_disp,10,16,75
pooled_1,P4,occurrence,p_disp,20,16,75
pooled_1,P4,occurrence,p_disp,30,17.3333333333333,75
pooled_1,P4,occurrence,p_disp,40,16,75
pooled_1,P4,occurrence,p_disp,50,18.6666666666667,75
pooled_1,P4,occurrence,p_disp,60,17.3333333333333,75
pooled_1,P4,occurrence,p_disp,70,17.3333333333333,75
pooled_1,P4,occurrence,p_disp,80,18.6666666666667,75
pooled_1,P4,occurrence,p_disp,90,17.3333333333333,75
pooled_1,P4,occurrence,p_disp,100,16,75
pooled_1,P4,occurrence,p_disp,110,17.3333333333333,75
pooled_1,P4,occurrence,p_disp,120,17.3333333333333,75
pooled_1,P4,occurrence,p_disp,130,18.6666666666667,75
pooled_1,P4,occurrence,p_disp,140,16,75
pooled_1,P4,occurrence,p_disp,150,14.6666666666667,75
pooled_1,P4,occurrence,p_disp,160,16,75
pooled_1,P4,occurrence,p_disp,170,14.6666666666667,75
pooled_1,P4,occurrence,p_disp,180,14.6666666666667,75
pooled_1,P4,occurrence,p_disp,190,16,75
pooled_1,P4,occurrence,p_disp,200,14.6666666666667,75
pooled_1,P4,occurrence,p_disp,210,14.6666666666667,75
pooled_1,P4,occurrence,p_disp,220,14.6666666666667,75
pooled_1,P4,occurrence,p_disp,230,16,75
pooled_1,P4,occurrence,p_disp,240,14.6666666666667,75
pooled_1,P4,occurrence,p_disp,250,13.3333333333333,75
pooled_1,P2,biomass,p_disp,10,8.06451612903226,62
pooled_1,P2,biomass,p_disp,20,8.06451612903226,62
pooled_1,P2,biomass,p_disp,30,8.06451612903226,62
pooled_1,P2,biomass,p_disp,40,8.06451612903226,62
pooled_1,P2,biomass,p_disp,50,8.06451612903226,62
pooled_1,P2,biomass,p_disp,60,9.67741935483871,62
pooled_1,P2,biomass,p_disp,70,9.67741935483871,62
pooled_1,P2,biomass,p_disp,80,9.67741935483871,62
pooled_1,P2,biomass,p_disp,90,9.67741935483871,62
pooled_1,P2,biomass,p_disp,100,8.06451612903226,62
pooled_1,P2,biomass,p_disp,110,9.67741935483871,62
pooled_1,P2,biomass,p_disp,120,11.2903225806452,62
pooled_1,P2,biomass,p_disp,130,9.67741935483871,62
pooled_1,P2,biomass,p_disp,140,9.67741935483871,62
pooled_1,P2,biomass,p_disp,150,9.67741935483871,62
pooled_1,P2,biomass,p_disp,160,8.06451612903226,62
pooled_1,P2,biomass,p_disp,170,11.2903225806452,62
pooled_1,P2,biomass,p_disp,180,8.06451612903226,62
pooled_1,P2,biomass,p_disp,190,8.06451612903226,62
pooled_1,P2,biomass,p_disp,200,8.06451612903226,62
pooled_1,P2,biomass,p_disp,210,9.67741935483871,62
pooled_1,P2,biomass,p_disp,220,8.06451612903226,62
pooled_1,P2,biomass,p_disp,230,8.06451612903226,62
pooled_1,P2,biomass,p_disp,240,8.06451612903226,62
pooled_1,P2,biomass,p_disp,250,6.45161290322581,62
pooled_1,P2,occurrence,p_disp,10,8.06451612903226,62
pooled_1,P2,occurrence,p_disp,20,6.45161290322581,62
pooled_1,P2,occurrence,p_disp,30,6.45161290322581,62
pooled_1,P2,occurrence,p_disp,40,6.45161290322581,62
pooled_1,P2,occurrence,p_disp,50,6.45161290322581,62
pooled_1,P2,occurrence,p_disp,60,6.45161290322581,62
pooled_1,P2,occurrence,p_disp,70,6.45161290322581,62
pooled_1,P2,occurrence,p_disp,80,8.06451612903226,62
pooled_1,P2,occurrence,p_disp,90,9.67741935483871,62
pooled_1,P2,occurrence,p_disp,100,6.45161290322581,62
pooled_1,P2,occurrence,p_disp,110,8.06451612903226,62
pooled_1,P2,occurrence,p_disp,120,8.06451612903226,62
pooled_1,P2,occurrence,p_disp,130,8.06451612903226,62
pooled_1,P2,occurrence,p_disp,140,6.45161290322581,62
pooled_1,P2,occurrence,p_disp,150,8.06451612903226,62
pooled_1,P2,occurrence,p_disp,160,6.45161290322581,62
pooled_1,P2,occurrence,p_disp,170,8.06451612903226,62
pooled_1,P2,occurrence,p_disp,180,6.45161290322581,62
pooled_1,P2,occurrence,p_disp,190,8.06451612903226,62
pooled_1,P2,occurrence,p_disp,200,8.06451612903226,62
pooled_1,P2,occurrence,p_disp,210,8.06451612903226,62
pooled_1,P2,occurrence,p_disp,220,8.06451612903226,62
pooled_1,P2,occurrence,p_disp,230,6.45161290322581,62
pooled_1,P2,occurrence,p_disp,240,6.45161290322581,62
pooled_1,P2,occurrence,p_disp,250,6.45161290322581,62
per_predator,P1,biomass,p_disp,10,5.55555555555556,90
per_predator,P1,biomass,p_disp,20,5.55555555555556,90
per_predator,P1,biomass,p_disp,30,6.66666666666667,90
per_predator,P1,biomass,p_disp,40,10,90
per_predator,P1,biomass,p_disp,50,10,90
per_predator,P1,biomass,p_disp,60,7.77777777777778,90
per_predator,P1,biomass,p_disp,70,10,90
per_predator,P1,biomass,p_disp,80,11.1111111111111,90
per_predator,P1,biomass,p_disp,90,10,90
per_predator,P1,biomass,p_disp,100,8.88888888888889,90
per_predator,P1,biomass,p_disp,110,7.77777777777778,90
per_predator,P1,biomass,p_disp,120,6.66666666666667,90
per_predator,P1,biomass,p_disp,130,6.66666666666667,90
per_predator,P1,biomass,p_disp,140,7.95454545454545,88
per_predator,P1,biomass,p_disp,150,6.97674418604651,86
per_predator,P1,biomass,p_disp,160,6.97674418604651,86
per_predator,P1,biomass,p_disp,170,10.4651162790698,86
per_predator,P1,biomass,p_disp,180,11.6279069767442,86
per_predator,P1,biomass,p_disp,190,10.4651162790698,86
per_predator,P1,biomass,p_disp,200,10.5882352941176,85
per_predator,P1,biomass,p_disp,210,10.5882352941176,85
per_predator,P1,biomass,p_disp,220,8.43373493975904,83
per_predator,P1,biomass,p_disp,230,9.63855421686747,83
per_predator,P1,biomass,p_disp,240,9.63855421686747,83
per_predator,P1,biomass,p_disp,250,9.63855421686747,83
per_predator,P1,occurrence,p_disp,10,4.44444444444444,90
per_predator,P1,occurrence,p_disp,20,4.44444444444444,90
per_predator,P1,occurrence,p_disp,30,4.44444444444444,90
per_predator,P1,occurrence,p_disp,40,5.55555555555556,90
per_predator,P1,occurrence,p_disp,50,6.66666666666667,90
per_predator,P1,occurrence,p_disp,60,7.77777777777778,90
per_predator,P1,occurrence,p_disp,70,7.77777777777778,90
per_predator,P1,occurrence,p_disp,80,7.77777777777778,90
per_predator,P1,occurrence,p_disp,90,8.88888888888889,90
per_predator,P1,occurrence,p_disp,100,7.77777777777778,90
per_predator,P1,occurrence,p_disp,110,6.66666666666667,90
per_predator,P1,occurrence,p_disp,120,5.55555555555556,90
per_predator,P1,occurrence,p_disp,130,5.55555555555556,90
per_predator,P1,occurrence,p_disp,140,5.68181818181818,88
per_predator,P1,occurrence,p_disp,150,6.97674418604651,86
per_predator,P1,occurrence,p_disp,160,6.97674418604651,86
per_predator,P1,occurrence,p_disp,170,9.30232558139535,86
per_predator,P1,occurrence,p_disp,180,9.30232558139535,86
per_predator,P1,occurrence,p_disp,190,8.13953488372093,86
per_predator,P1,occurrence,p_disp,200,9.41176470588235,85
per_predator,P1,occurrence,p_disp,210,7.05882352941176,85
per_predator,P1,occurrence,p_disp,220,7.2289156626506,83
per_predator,P1,occurrence,p_disp,230,8.43373493975904,83
per_predator,P1,occurrence,p_disp,240,8.43373493975904,83
per_predator,P1,occurrence,p_disp,250,7.2289156626506,83
per_predator,P3,biomass,p_disp,10,3.19148936170213,94
per_predator,P3,biomass,p_disp,20,3.19148936170213,94
per_predator,P3,biomass,p_disp,30,4.25531914893617,94
per_predator,P3,biomass,p_disp,40,6.38297872340426,94
per_predator,P3,biomass,p_disp,50,6.38297872340426,94
per_predator,P3,biomass,p_disp,60,5.31914893617021,94
per_predator,P3,biomass,p_disp,70,8.51063829787234,94
per_predator,P3,biomass,p_disp,80,5.31914893617021,94
per_predator,P3,biomass,p_disp,90,5.31914893617021,94
per_predator,P3,biomass,p_disp,100,5.31914893617021,94
per_predator,P3,biomass,p_disp,110,5.31914893617021,94
per_predator,P3,biomass,p_disp,120,4.25531914893617,94
per_predator,P3,biomass,p_disp,130,3.19148936170213,94
per_predator,P3,biomass,p_disp,140,4.25531914893617,94
per_predator,P3,biomass,p_disp,150,7.60869565217391,92
per_predator,P3,biomass,p_disp,160,6.52173913043478,92
per_predator,P3,biomass,p_disp,170,8.69565217391304,92
per_predator,P3,biomass,p_disp,180,11.9565217391304,92
per_predator,P3,biomass,p_disp,190,11.9565217391304,92
per_predator,P3,biomass,p_disp,200,10.989010989011,91
per_predator,P3,biomass,p_disp,210,9.89010989010989,91
per_predator,P3,biomass,p_disp,220,6.97674418604651,86
per_predator,P3,biomass,p_disp,230,6.97674418604651,86
per_predator,P3,biomass,p_disp,240,9.30232558139535,86
per_predator,P3,biomass,p_disp,250,8.13953488372093,86
per_predator,P3,occurrence,p_disp,10,1.06382978723404,94
per_predator,P3,occurrence,p_disp,20,1.06382978723404,94
per_predator,P3,occurrence,p_disp,30,1.06382978723404,94
per_predator,P3,occurrence,p_disp,40,3.19148936170213,94
per_predator,P3,occurrence,p_disp,50,5.31914893617021,94
per_predator,P3,occurrence,p_disp,60,6.38297872340426,94
per_predator,P3,occurrence,p_disp,70,7.4468085106383,94
per_predator,P3,occurrence,p_disp,80,7.4468085106383,94
per_predator,P3,occurrence,p_disp,90,7.4468085106383,94
per_predator,P3,occurrence,p_disp,100,6.38297872340426,94
per_predator,P3,occurrence,p_disp,110,6.38297872340426,94
per_predator,P3,occurrence,p_disp,120,6.38297872340426,94
per_predator,P3,occurrence,p_disp,130,7.4468085106383,94
per_predator,P3,occurrence,p_disp,140,7.4468085106383,94
per_predator,P3,occurrence,p_disp,150,8.69565217391304,92
per_predator,P3,occurrence,p_disp,160,7.60869565217391,92
per_predator,P3,occurrence,p_disp,170,7.60869565217391,92
per_predator,P3,occurrence,p_disp,180,9.78260869565217,92
per_predator,P3,occurrence,p_disp,190,9.78260869565217,92
per_predator,P3,occurrence,p_disp,200,8.79120879120879,91
per_predator,P3,occurrence,p_disp,210,6.59340659340659,91
per_predator,P3,occurrence,p_disp,220,9.30232558139535,86
per_predator,P3,occurrence,p_disp,230,9.30232558139535,86
per_predator,P3,occurrence,p_disp,240,9.30232558139535,86
per_predator,P3,occurrence,p_disp,250,6.97674418604651,86
per_predator,PT,biomass,p_disp,10,16.1616161616162,99
per_predator,PT,biomass,p_disp,20,16.1616161616162,99
per_predator,PT,biomass,p_disp,30,13.1313131313131,99
per_predator,PT,biomass,p_disp,40,13.1313131313131,99
per_predator,PT,biomass,p_disp,50,14.1414141414141,99
per_predator,PT,biomass,p_disp,60,12.1212121212121,99
per_predator,PT,biomass,p_disp,70,12.1212121212121,99
per_predator,PT,biomass,p_disp,80,9.09090909090909,99
per_predator,PT,biomass,p_disp,90,7.14285714285714,98
per_predator,PT,biomass,p_disp,100,9.18367346938776,98
per_predator,PT,biomass,p_disp,110,11.2244897959184,98
per_predator,PT,biomass,p_disp,120,10.2040816326531,98
per_predator,PT,biomass,p_disp,130,12.2448979591837,98
per_predator,PT,biomass,p_disp,140,11.340206185567,97
per_predator,PT,biomass,p_disp,150,12.7659574468085,94
per_predator,PT,biomass,p_disp,160,13.8297872340426,94
per_predator,PT,biomass,p_disp,170,9.57446808510638,94
per_predator,PT,biomass,p_disp,180,9.57446808510638,94
per_predator,PT,biomass,p_disp,190,10.6382978723404,94
per_predator,PT,biomass,p_disp,200,13.8297872340426,94
per_predator,PT,biomass,p_disp,210,14.8936170212766,94
per_predator,PT,biomass,p_disp,220,12.0879120879121,91
per_predator,PT,biomass,p_disp,230,10.989010989011,91
per_predator,PT,biomass,p_disp,240,12.0879120879121,91
per_predator,PT,biomass,p_disp,250,9.89010989010989,91
per_predator,PT,occurrence,p_disp,10,25.2525252525253,99
per_predator,PT,occurrence,p_disp,20,23.2323232323232,99
per_predator,PT,occurrence,p_disp,30,18.1818181818182,99
per_predator,PT,occurrence,p_disp,40,17.1717171717172,99
per_predator,PT,occurrence,p_disp,50,16.1616161616162,99
per_predator,PT,occurrence,p_disp,60,13.1313131313131,99
per_predator,PT,occurrence,p_disp,70,11.1111111111111,99
per_predator,PT,occurrence,p_disp,80,11.1111111111111,99
per_predator,PT,occurrence,p_disp,90,9.09090909090909,99
per_predator,PT,occurrence,p_disp,100,10.1010101010101,99
per_predator,PT,occurrence,p_disp,110,12.1212121212121,99
per_predator,PT,occurrence,p_disp,120,11.1111111111111,99
per_predator,PT,occurrence,p_disp,130,12.1212121212121,99
per_predator,PT,occurrence,p_disp,140,12.2448979591837,98
per_predator,PT,occurrence,p_disp,150,14.7368421052632,95
per_predator,PT,occurrence,p_disp,160,15.7894736842105,95
per_predator,PT,occurrence,p_disp,170,17.8947368421053,95
per_predator,PT,occurrence,p_disp,180,15.7894736842105,95
per_predator,PT,occurrence,p_disp,190,16.8421052631579,95
per_predator,PT,occurrence,p_disp,200,17.8947368421053,95
per_predator,PT,occurrence,p_disp,210,17.8947368421053,95
per_predator,PT,occurrence,p_disp,220,15.2173913043478,92
per_predator,PT,occurrence,p_disp,230,15.2173913043478,92
per_predator,PT,occurrence,p_disp,240,17.3913043478261,92
per_predator,PT,occurrence,p_disp,250,15.2173913043478,92
per_predator,P4,biomass,p_disp,10,9.45945945945946,74
per_predator,P4,biomass,p_disp,20,12.1621621621622,74
per_predator,P4,biomass,p_disp,30,10.8108108108108,74
per_predator,P4,biomass,p_disp,40,9.45945945945946,74
per_predator,P4,biomass,p_disp,50,5.40540540540541,74
per_predator,P4,biomass,p_disp,60,5.40540540540541,74
per_predator,P4,biomass,p_disp,70,5.40540540540541,74
per_predator,P4,biomass,p_disp,80,4.05405405405405,74
per_predator,P4,biomass,p_disp,90,5.47945205479452,73
per_predator,P4,biomass,p_disp,100,2.73972602739726,73
per_predator,P4,biomass,p_disp,110,5.47945205479452,73
per_predator,P4,biomass,p_disp,120,4.16666666666667,72
per_predator,P4,biomass,p_disp,130,5.55555555555556,72
per_predator,P4,biomass,p_disp,140,6.94444444444445,72
per_predator,P4,biomass,p_disp,150,4.28571428571429,70
per_predator,P4,biomass,p_disp,160,5.71428571428571,70
per_predator,P4,biomass,p_disp,170,4.28571428571429,70
per_predator,P4,biomass,p_disp,180,8.57142857142857,70
per_predator,P4,biomass,p_disp,190,7.14285714285714,70
per_predator,P4,biomass,p_disp,200,10,70
per_predator,P4,biomass,p_disp,210,10,70
per_predator,P4,biomass,p_disp,220,7.35294117647059,68
per_predator,P4,biomass,p_disp,230,7.35294117647059,68
per_predator,P4,biomass,p_disp,240,7.35294117647059,68
per_predator,P4,biomass,p_disp,250,5.88235294117647,68
per_predator,P4,occurrence,p_disp,10,14.8648648648649,74
per_predator,P4,occurrence,p_disp,20,14.8648648648649,74
per_predator,P4,occurrence,p_disp,30,10.8108108108108,74
per_predator,P4,occurrence,p_disp,40,10.8108108108108,74
per_predator,P4,occurrence,p_disp,50,8.10810810810811,74
per_predator,P4,occurrence,p_disp,60,8.10810810810811,74
per_predator,P4,occurrence,p_disp,70,8.10810810810811,74
per_predator,P4,occurrence,p_disp,80,8.10810810810811,74
per_predator,P4,occurrence,p_disp,90,8.21917808219178,73
per_predator,P4,occurrence,p_disp,100,5.47945205479452,73
per_predator,P4,occurrence,p_disp,110,6.84931506849315,73
per_predator,P4,occurrence,p_disp,120,8.33333333333333,72
per_predator,P4,occurrence,p_disp,130,8.33333333333333,72
per_predator,P4,occurrence,p_disp,140,8.33333333333333,72
per_predator,P4,occurrence,p_disp,150,10,70
per_predator,P4,occurrence,p_disp,160,8.57142857142857,70
per_predator,P4,occurrence,p_disp,170,8.57142857142857,70
per_predator,P4,occurrence,p_disp,180,10,70
per_predator,P4,occurrence,p_disp,190,8.57142857142857,70
per_predator,P4,occurrence,p_disp,200,10,70
per_predator,P4,occurrence,p_disp,210,10,70
per_predator,P4,occurrence,p_disp,220,10.2941176470588,68
per_predator,P4,occurrence,p_disp,230,10.2941176470588,68
per_predator,P4,occurrence,p_disp,240,10.2941176470588,68
per_predator,P4,occurrence,p_disp,250,11.7647058823529,68
per_predator,P2,biomass,p_disp,10,10,60
per_predator,P2,biomass,p_disp,20,8.33333333333333,60
per_predator,P2,biomass,p_disp,30,5,60
per_predator,P2,biomass,p_disp,40,6.66666666666667,60
per_predator,P2,biomass,p_disp,50,5,60
per_predator,P2,biomass,p_disp,60,3.33333333333333,60
per_predator,P2,biomass,p_disp,70,5,60
per_predator,P2,biomass,p_disp,80,5,60
per_predator,P2,biomass,p_disp,90,6.77966101694915,59
per_predator,P2,biomass,p_disp,100,6.77966101694915,59
per_predator,P2,biomass,p_disp,110,6.77966101694915,59
per_predator,P2,biomass,p_disp,120,8.62068965517242,58
per_predator,P2,biomass,p_disp,130,6.89655172413793,58
per_predator,P2,biomass,p_disp,140,7.01754385964912,57
per_predator,P2,biomass,p_disp,150,7.01754385964912,57
per_predator,P2,biomass,p_disp,160,5.26315789473684,57
per_predator,P2,biomass,p_disp,170,3.50877192982456,57
per_predator,P2,biomass,p_disp,180,3.50877192982456,57
per_predator,P2,biomass,p_disp,190,3.50877192982456,57
per_predator,P2,biomass,p_disp,200,1.75438596491228,57
per_predator,P2,biomass,p_disp,210,1.75438596491228,57
per_predator,P2,biomass,p_disp,220,1.81818181818182,55
per_predator,P2,biomass,p_disp,230,1.81818181818182,55
per_predator,P2,biomass,p_disp,240,1.81818181818182,55
per_predator,P2,biomass,p_disp,250,1.85185185185185,54
per_predator,P2,occurrence,p_disp,10,6.66666666666667,60
per_predator,P2,occurrence,p_disp,20,8.33333333333333,60
per_predator,P2,occurrence,p_disp,30,8.33333333333333,60
per_predator,P2,occurrence,p_disp,40,10,60
per_predator,P2,occurrence,p_disp,50,8.33333333333333,60
per_predator,P2,occurrence,p_disp,60,6.66666666666667,60
per_predator,P2,occurrence,p_disp,70,6.66666666666667,60
per_predator,P2,occurrence,p_disp,80,8.33333333333333,60
per_predator,P2,occurrence,p_disp,90,6.77966101694915,59
per_predator,P2,occurrence,p_disp,100,10.1694915254237,59
per_predator,P2,occurrence,p_disp,110,6.77966101694915,59
per_predator,P2,occurrence,p_disp,120,6.89655172413793,58
per_predator,P2,occurrence,p_disp,130,5.17241379310345,58
per_predator,P2,occurrence,p_disp,140,5.26315789473684,57
per_predator,P2,occurrence,p_disp,150,8.7719298245614,57
per_predator,P2,occurrence,p_disp,160,7.01754385964912,57
per_predator,P2,occurrence,p_disp,170,3.50877192982456,57
per_predator,P2,occurrence,p_disp,180,3.50877192982456,57
per_predator,P2,occurrence,p_disp,190,3.50877192982456,57
per_predator,P2,occurrence,p_disp,200,1.75438596491228,57
per_predator,P2,occurrence,p_disp,210,3.50877192982456,57
per_predator,P2,occurrence,p_disp,220,3.63636363636364,55
per_predator,P2,occurrence,p_disp,230,1.81818181818182,55
per_predator,P2,occurrence,p_disp,240,1.81818181818182,55
per_predator,P2,occurrence,p_disp,250,3.7037037037037,54
