cruise_name,cruise_number,cruise_year,set,strata,fish_number,samplers,processing_date,processing_year,predator_id,stomach_id,predator_species_code,predator_species_common_name,predator_species_latin_name,somatic_length_cm,stomach_wt_g,content_wt_g,predator_comments,predator_invalid_reason,prey_id,prey_species_code,prey_species_common_name,prey_species_latin_name,digestion_level_id,digestion_level_description,somatic_length_mm,length_comment,number_of_prey,somatic_wt_g,otolith_length_mm,prey_comments
"4T Southern Gulf of St. Lawrence Ecosystem Trawl Survey (RV Survey, Needler)",glf4t2005,2005,1,,1098,S. C.,2008-04-02,2008,49026,SC49026,10,Atlantic cod,Gadus morhua,43.0,31.7,,,,130318,70,Atlantic mackerel,Scomber scombrus,2,Slight,180.0,,1,31.7,,
"4T Southern Gulf of St. Lawrence Ecosystem Trawl Survey (RV Survey, Needler)",glf4t2005,2005,38,,,S. B.,2006-02-13,2006,49044,SB49044,23,Redfish unidentified,Sebastes,9.0,0.0378,,,,130399,9100,Mucus,Mucus,,,,,1,0.0378,,
"4T Southern Gulf of St. Lawrence Ecosystem Trawl Survey (RV Survey, Needler)",glf4t2005,2005,72,,,S. L.,2006-03-21,2006,49118,SL49118,616,Fish doctor,Gymnelus viridis,14.0,0.0257,,,,130893,9100,Mucus,Mucus,,,,,1,0.0257,,
"4T Southern Gulf of St. Lawrence Ecosystem Trawl Survey (RV Survey, Needler)",glf4t2005,2005,72,,,S. L.,2006-03-10,2006,49120,SL49120,880,Atlantic hookear sculpin,Artediellus atlanticus,5.8,0.0154,,,,130896,9100,Mucus,Mucus,,,,,1,0.0154,,
"4T Southern Gulf of St. Lawrence Ecosystem Trawl Survey (RV Survey, Needler)",glf4t2005,2005,72,,,S. L.,2006-03-10,2006,49123,SL49123,880,Atlantic hookear sculpin,Artediellus atlanticus,4.3,0.004,,,,130902,9100,Mucus,Mucus,,,,,1,0.004,,
"4T Southern Gulf of St. Lawrence Ecosystem Trawl Survey (RV Survey, Needler)",glf4t2005,2005,83,,898,S. C.,2006-10-18,2006,49125,SC49125,10,Atlantic cod,Gadus morhua,38.0,1.0816,,,,130909,2331,Greenland shrimp,Eualus macilentus,2,Slight,,,1,1.0816,,
"4T Southern Gulf of St. Lawrence Ecosystem Trawl Survey (RV Survey, Needler)",glf4t2005,2005,107,,,S. B.,2006-03-15,2006,49131,SB49131,623,Daubed shanny,Leptoclinus maculatus,13.7,0.0128,,,,130925,9100,Mucus,Mucus,,,,,1,0.0128,,
"4T Southern Gulf of St. Lawrence Ecosystem Trawl Survey (RV Survey, Needler)",glf4t2005,2005,107,,,S. L.,2006-03-01,2006,49136,SL49136,647,Vahl's eelpout,Lycodes vahlii,28.5,0.1915,,,,130940,9100,Mucus,Mucus,,,,,1,0.1915,,
"4T Southern Gulf of St. Lawrence Ecosystem Trawl Survey (RV Survey, Needler)",glf4t2005,2005,112,,,S. B.,2005-12-19,2005,49145,SB49145,314,Spatulate sculpin,Icelus spatula,7.1,0.1519,,,,130968,2700,Mysid shrimp,Mysidacea (o.),2,Slight,,,1,0.1519,,
"4T Southern Gulf of St. Lawrence Ecosystem Trawl Survey (RV Survey, Needler)",glf4t2005,2005,112,,,S. B.,2006-02-21,2006,49165,SB49165,647,Vahl's eelpout,Lycodes vahlii,15.2,0.1416,,,,131035,9100,Mucus,Mucus,,,,,1,0.1416,,
"4T Southern Gulf of St. Lawrence Ecosystem Trawl Survey (RV Survey, Needler)",glf4t2005,2005,112,,,S. B.,2006-02-21,2006,49166,SB49166,647,Vahl's eelpout,Lycodes vahlii,14.8,0.1155,,,,131036,9100,Mucus,Mucus,,,,,1,0.1155,,
"4T Southern Gulf of St. Lawrence Ecosystem Trawl Survey (RV Survey, Needler)",glf4t2005,2005,112,,,S. B.,2006-02-21,2006,49167,SB49167,647,Vahl's eelpout,Lycodes vahlii,24.5,0.3434,,,,131037,9100,Mucus,Mucus,,,,,1,0.3434,,
"4T Southern Gulf of St. Lawrence Ecosystem Trawl Survey (RV Survey, Needler)",glf4t2005,2005,119,,2,S. L.,2005-12-21,2005,49178,SL49178,202,Smooth skate,Malacoraja senta,54.0,18.2478,,,,131094,2211,Northern shrimp,Pandalus borealis,3,Intermediate,,,1,18.2478,,
"4T Southern Gulf of St. Lawrence Ecosystem Trawl Survey (RV Survey, Needler)",glf4t2005,2005,123,,77,S. L.,2006-01-06,2006,49198,SL49198,201,Thorny skate,Amblyraja radiata,26.0,4.8464,,,,131173,9100,Mucus,Mucus,,,,,1,4.8464,,
"4T Southern Gulf of St. Lawrence Ecosystem Trawl Survey (RV Survey, Needler)",glf4t2005,2005,124,,88,S. L.,2006-01-04,2006,49203,SL49203,201,Thorny skate,Amblyraja radiata,43.0,1.8169,,,,131195,9100,Mucus,Mucus,,,,,1,1.8169,,
"4T Southern Gulf of St. Lawrence Ecosystem Trawl Survey (RV Survey, Needler)",glf4t2005,2005,139,,,S. L.,2006-02-28,2006,49269,SL49269,302,Arctic staghorn sculpin,Gymnocanthus tricuspis,19.3,2.1606,,,,131505,2212,Aesop shrimp,Pandalus montagui,2,Slight,,,1,1.4731,,
"4T Southern Gulf of St. Lawrence Ecosystem Trawl Survey (RV Survey, Needler)",glf4t2005,2005,147,,137,S. L.,2006-01-11,2006,49289,SL49289,201,Thorny skate,Amblyraja radiata,12.7,0.0509,,,,131614,9100,Mucus,Mucus,,,,,1,0.0509,,
"4T Southern Gulf of St. Lawrence Ecosystem Trawl Survey (RV Survey, Needler)",glf4t2005,2005,147,,138,S. L.,2006-01-11,2006,49290,SL49290,201,Thorny skate,Amblyraja radiata,11.3,0.0242,,,,131615,9100,Mucus,Mucus,,,,,1,0.0242,,
"4T Southern Gulf of St. Lawrence Ecosystem Trawl Survey (RV Survey, Needler)",glf4t2005,2005,147,,139,S. L.,2006-01-09,2006,49291,SL49291,201,Thorny skate,Amblyraja radiata,12.8,0.0,,,,131616,,,,,,,,1,,,
"4T Southern Gulf of St. Lawrence Ecosystem Trawl Survey (RV Survey, Needler)",glf4t2005,2005,150,,188,S. L.,2005-12-19,2005,49353,SL49353,201,Thorny skate,Amblyraja radiata,46.0,0.894,,,,131984,9100,Mucus,Mucus,,,,,1,0.894,,
"4T Southern Gulf of St. Lawrence Ecosystem Trawl Survey (RV Survey, Needler)",glf4t2005,2005,150,,189,S. L.,2005-12-20,2005,49354,SL49354,201,Thorny skate,Amblyraja radiata,54.0,5.8084,,,,131985,64,Capelin,Mallotus villosus,4,Advanced,,,1,5.8084,,
"4T Southern Gulf of St. Lawrence Ecosystem Trawl Survey (RV Survey, Needler)",glf4t2005,2005,1,,1079,A. M.,2008-03-12,2008,49401,AM49401,10,Atlantic cod,Gadus morhua,33.0,1.596,,,,132226,2811,Gammaridae unidentified,Gammaridae,3,Intermediate,,,1,0.843,,
"4T Southern Gulf of St. Lawrence Ecosystem Trawl Survey (RV Survey, Needler)",glf4t2005,2005,1,,1079,A. M.,2008-03-12,2008,49401,AM49401,10,Atlantic cod,Gadus morhua,33.0,1.596,,,,132227,3100,Bristle worm unidentified,Polychaeta,3,Intermediate,,,1,0.21,,
"4T Southern Gulf of St. Lawrence Ecosystem Trawl Survey (RV Survey, Needler)",glf4t2005,2005,1,,1079,A. M.,2008-03-12,2008,49401,AM49401,10,Atlantic cod,Gadus morhua,33.0,1.596,,,,132228,2846,Rhachotropis unidentified,Rhachotropis,1,Undigested/freshly eaten,,,1,0.012,,
"4T Southern Gulf of St. Lawrence Ecosystem Trawl Survey (RV Survey, Needler)",glf4t2005,2005,1,,1079,A. M.,2008-03-12,2008,49401,AM49401,10,Atlantic cod,Gadus morhua,33.0,1.596,,,,132229,2000,Crustacean unidentified,Crustacea,4,Advanced,,,1,0.077,,
"4T Southern Gulf of St. Lawrence Ecosystem Trawl Survey (RV Survey, Needler)",glf4t2005,2005,1,,1080,A. M.,2008-03-12,2008,49402,AM49402,10,Atlantic cod,Gadus morhua,33.0,0.726,,,,132230,9100,Mucus,Mucus,4,Advanced,,,1,0.023,,
"4T Southern Gulf of St. Lawrence Ecosystem Trawl Survey (RV Survey, Needler)",glf4t2005,2005,1,,1080,A. M.,2008-03-12,2008,49402,AM49402,10,Atlantic cod,Gadus morhua,33.0,0.726,,,,132231,3100,Bristle worm unidentified,Polychaeta,2,Slight,,,1,0.127,,
"4T Southern Gulf of St. Lawrence Ecosystem Trawl Survey (RV Survey, Needler)",glf4t2005,2005,1,,1080,A. M.,2008-03-12,2008,49402,AM49402,10,Atlantic cod,Gadus morhua,33.0,0.726,,,,132232,2100,Decapod unidentified,Decapoda,3,Intermediate,,,1,0.29,,
"4T Southern Gulf of St. Lawrence Ecosystem Trawl Survey (RV Survey, Needler)",glf4t2005,2005,1,,1080,A. M.,2008-03-12,2008,49402,AM49402,10,Atlantic cod,Gadus morhua,33.0,0.726,,,,132233,2811,Gammaridae unidentified,Gammaridae,1,Undigested/freshly eaten,,,1,0.189,,
"4T Southern Gulf of St. Lawrence Ecosystem Trawl Survey (RV Survey, Needler)",glf4t2005,2005,1,,1080,A. M.,2008-03-12,2008,49402,AM49402,10,Atlantic cod,Gadus morhua,33.0,0.726,,,,132234,2700,Mysid shrimp,Mysidacea (o.),2,Slight,,,1,0.013,,
"4T Southern Gulf of St. Lawrence Ecosystem Trawl Survey (RV Survey, Needler)",glf4t2005,2005,1,,1081,A. M.,2008-03-12,2008,49403,AM49403,10,Atlantic cod,Gadus morhua,29.0,1.123,,,,132235,3100,Bristle worm unidentified,Polychaeta,3,Intermediate,,,1,0.244,,
"4T Southern Gulf of St. Lawrence Ecosystem Trawl Survey (RV Survey, Needler)",glf4t2005,2005,1,,1081,A. M.,2008-03-12,2008,49403,AM49403,10,Atlantic cod,Gadus morhua,29.0,1.123,,,,132236,2811,Gammaridae unidentified,Gammaridae,3,Intermediate,,,1,0.66,,
"4T Southern Gulf of St. Lawrence Ecosystem Trawl Survey (RV Survey, Needler)",glf4t2005,2005,1,,1083,A. M.,2008-03-14,2008,49404,AM49404,10,Atlantic cod,Gadus morhua,36.0,2.097,,,,132237,2700,Mysid shrimp,Mysidacea (o.),3,Intermediate,,,1,0.007,,
"4T Southern Gulf of St. Lawrence Ecosystem Trawl Survey (RV Survey, Needler)",glf4t2005,2005,1,,1083,A. M.,2008-03-14,2008,49404,AM49404,10,Atlantic cod,Gadus morhua,36.0,2.097,,,,132238,2811,Gammaridae unidentified,Gammaridae,3,Intermediate,,,1,0.143,,
"4T Southern Gulf of St. Lawrence Ecosystem Trawl Survey (RV Survey, Needler)",glf4t2005,2005,1,,1083,A. M.,2008-03-14,2008,49404,AM49404,10,Atlantic cod,Gadus morhua,36.0,2.097,,,,132239,2520,Toad crab unidentified,Hyas,3,Intermediate,9.0,,1,0.264,,
"4T Southern Gulf of St. Lawrence Ecosystem Trawl Survey (RV Survey, Needler)",glf4t2005,2005,1,,1083,A. M.,2008-03-14,2008,49404,AM49404,10,Atlantic cod,Gadus morhua,36.0,2.097,,,,132240,3100,Bristle worm unidentified,Polychaeta,4,Advanced,,,1,0.563,,
"4T Southern Gulf of St. Lawrence Ecosystem Trawl Survey (RV Survey, Needler)",glf4t2005,2005,1,,1083,A. M.,2008-03-14,2008,49404,AM49404,10,Atlantic cod,Gadus morhua,36.0,2.097,,,,132241,2331,Greenland shrimp,Eualus macilentus,1,Undigested/freshly eaten,,,1,0.202,,
"4T Southern Gulf of St. Lawrence Ecosystem Trawl Survey (RV Survey, Needler)",glf4t2005,2005,1,,1083,A. M.,2008-03-14,2008,49404,AM49404,10,Atlantic cod,Gadus morhua,36.0,2.097,,,,132242,9100,Mucus,Mucus,4,Advanced,,,1,0.067,,
"4T Southern Gulf of St. Lawrence Ecosystem Trawl Survey (RV Survey, Needler)",glf4t2005,2005,1,,1083,A. M.,2008-03-14,2008,49404,AM49404,10,Atlantic cod,Gadus morhua,36.0,2.097,,,,132243,2000,Crustacean unidentified,Crustacea,4,Advanced,,,1,0.338,,
"4T Southern Gulf of St. Lawrence Ecosystem Trawl Survey (RV Survey, Needler)",glf4t2005,2005,1,,1084,A. M.,2008-03-12,2008,49405,AM49405,10,Atlantic cod,Gadus morhua,32.0,1.127,,,,132244,2811,Gammaridae unidentified,Gammaridae,3,Intermediate,,,1,0.317,,
"4T Southern Gulf of St. Lawrence Ecosystem Trawl Survey (RV Survey, Needler)",glf4t2005,2005,1,,1084,A. M.,2008-03-12,2008,49405,AM49405,10,Atlantic cod,Gadus morhua,32.0,1.127,,,,132245,2000,Crustacean unidentified,Crustacea,4,Advanced,,,1,0.32,,
"4T Southern Gulf of St. Lawrence Ecosystem Trawl Survey (RV Survey, Needler)",glf4t2005,2005,1,,1084,A. M.,2008-03-12,2008,49405,AM49405,10,Atlantic cod,Gadus morhua,32.0,1.127,,,,132246,1100,Eggs - unidentified,Eggs - Unid.,2,Slight,,,1,0.172,,
"4T Southern Gulf of St. Lawrence Ecosystem Trawl Survey (RV Survey, Needler)",glf4t2005,2005,1,,1084,A. M.,2008-03-12,2008,49405,AM49405,10,Atlantic cod,Gadus morhua,32.0,1.127,,,,132247,3100,Bristle worm unidentified,Polychaeta,3,Intermediate,,,1,0.05,,
"4T Southern Gulf of St. Lawrence Ecosystem Trawl Survey (RV Survey, Needler)",glf4t2005,2005,1,,1084,A. M.,2008-03-12,2008,49405,AM49405,10,Atlantic cod,Gadus morhua,32.0,1.127,,,,132248,2971,Diastylis sp.,Diastylis,3,Intermediate,,,1,0.027,,
"4T Southern Gulf of St. Lawrence Ecosystem Trawl Survey (RV Survey, Needler)",glf4t2005,2005,1,,1084,A. M.,2008-03-12,2008,49405,AM49405,10,Atlantic cod,Gadus morhua,32.0,1.127,,,,132249,6500,Sand dollar unidentified,Clypeasteroida,4,Advanced,,,1,0.013,,
"4T Southern Gulf of St. Lawrence Ecosystem Trawl Survey (RV Survey, Needler)",glf4t2005,2005,32,,1,S. L.,2005-12-22,2005,49406,SL49406,204,Winter skate,Leucoraja ocellata,38.0,1.2204,,,,132250,2971,Diastylis sp.,Diastylis,2,Slight,,,1,0.0467,,
"4T Southern Gulf of St. Lawrence Ecosystem Trawl Survey (RV Survey, Needler)",glf4t2005,2005,32,,1,S. L.,2005-12-22,2005,49406,SL49406,204,Winter skate,Leucoraja ocellata,38.0,1.2204,,,,132251,2811,Gammaridae unidentified,Gammaridae,2,Slight,,,1,0.0228,,
"4T Southern Gulf of St. Lawrence Ecosystem Trawl Survey (RV Survey, Needler)",glf4t2005,2005,32,,1,S. L.,2005-12-22,2005,49406,SL49406,204,Winter skate,Leucoraja ocellata,38.0,1.2204,,,,132252,3100,Bristle worm unidentified,Polychaeta,3,Intermediate,,,1,0.1853,,
"4T Southern Gulf of St. Lawrence Ecosystem Trawl Survey (RV Survey, Needler)",glf4t2005,2005,32,,1,S. L.,2005-12-22,2005,49406,SL49406,204,Winter skate,Leucoraja ocellata,38.0,1.2204,,,,132253,9100,Mucus,Mucus,,,,,1,0.8129,,
"4T Southern Gulf of St. Lawrence Ecosystem Trawl Survey (RV Survey, Needler)",glf4t2005,2005,32,,1,S. L.,2005-12-22,2005,49406,SL49406,204,Winter skate,Leucoraja ocellata,38.0,1.2204,,,,132254,2417,Sevenspine bay shrimp,Crangon septemspinosa,2,Slight,,,1,0.1527,,
"4T Southern Gulf of St. Lawrence Ecosystem Trawl Survey (RV Survey, Needler)",glf4t2005,2005,32,,2,S. L.,2005-12-22,2005,49407,SL49407,204,Winter skate,Leucoraja ocellata,39.0,4.9207,,,,132255,2417,Sevenspine bay shrimp,Crangon septemspinosa,2,Slight,,,1,2.0484,,
"4T Southern Gulf of St. Lawrence Ecosystem Trawl Survey (RV Survey, Needler)",glf4t2005,2005,32,,2,S. L.,2005-12-22,2005,49407,SL49407,204,Winter skate,Leucoraja ocellata,39.0,4.9207,,,,132256,3100,Bristle worm unidentified,Polychaeta,3,Intermediate,,,1,0.087,,
"4T Southern Gulf of St. Lawrence Ecosystem Trawl Survey (RV Survey, Needler)",glf4t2005,2005,32,,2,S. L.,2005-12-22,2005,49407,SL49407,204,Winter skate,Leucoraja ocellata,39.0,4.9207,,,,132257,2811,Gammaridae unidentified,Gammaridae,2,Slight,,,1,0.0058,,
"4T Southern Gulf of St. Lawrence Ecosystem Trawl Survey (RV Survey, Needler)",glf4t2005,2005,32,,2,S. L.,2005-12-22,2005,49407,SL49407,204,Winter skate,Leucoraja ocellata,39.0,4.9207,,,,132258,2513,Atlantic rock crab,Cancer irroratus,3,Intermediate,,,1,0.6938,,
"4T Southern Gulf of St. Lawrence Ecosystem Trawl Survey (RV Survey, Needler)",glf4t2005,2005,32,,2,S. L.,2005-12-22,2005,49407,SL49407,204,Winter skate,Leucoraja ocellata,39.0,4.9207,,,,132259,9200,Stones/Rocks,Stones and rocks,,,,,1,0.0683,,
"4T Southern Gulf of St. Lawrence Ecosystem Trawl Survey (RV Survey, Needler)",glf4t2005,2005,32,,2,S. L.,2005-12-22,2005,49407,SL49407,204,Winter skate,Leucoraja ocellata,39.0,4.9207,,,,132260,9100,Mucus,Mucus,,,,,1,2.0174,,
"4T Southern Gulf of St. Lawrence Ecosystem Trawl Survey (RV Survey, Needler)",glf4t2005,2005,32,,3,S. L.,2005-12-22,2005,49408,SL49408,204,Winter skate,Leucoraja ocellata,40.0,2.0569,,,,132261,2513,Atlantic rock crab,Cancer irroratus,3,Intermediate,,,1,0.6841,,
"4T Southern Gulf of St. Lawrence Ecosystem Trawl Survey (RV Survey, Needler)",glf4t2005,2005,32,,3,S. L.,2005-12-22,2005,49408,SL49408,204,Winter skate,Leucoraja ocellata,40.0,2.0569,,,,132262,2971,Diastylis sp.,Diastylis,2,Slight,,,1,0.0138,,
"4T Southern Gulf of St. Lawrence Ecosystem Trawl Survey (RV Survey, Needler)",glf4t2005,2005,32,,3,S. L.,2005-12-22,2005,49408,SL49408,204,Winter skate,Leucoraja ocellata,40.0,2.0569,,,,132263,2811,Gammaridae unidentified,Gammaridae,2,Slight,,,1,0.0105,,
"4T Southern Gulf of St. Lawrence Ecosystem Trawl Survey (RV Survey, Needler)",glf4t2005,2005,32,,3,S. L.,2005-12-22,2005,49408,SL49408,204,Winter skate,Leucoraja ocellata,40.0,2.0569,,,,132264,3100,Bristle worm unidentified,Polychaeta,3,Intermediate,,,1,0.061,,
"4T Southern Gulf of St. Lawrence Ecosystem Trawl Survey (RV Survey, Needler)",glf4t2005,2005,32,,3,S. L.,2005-12-22,2005,49408,SL49408,204,Winter skate,Leucoraja ocellata,40.0,2.0569,,,,132265,7100,Round worm unidentified,Nematoda,1,Undigested/freshly eaten,,,1,0.0045,,
"4T Southern Gulf of St. Lawrence Ecosystem Trawl Survey (RV Survey, Needler)",glf4t2005,2005,32,,3,S. L.,2005-12-22,2005,49408,SL49408,204,Winter skate,Leucoraja ocellata,40.0,2.0569,,,,132266,9300,Seaweed/Algae/Kelp unidentified,Obsolete,1,Undigested/freshly eaten,,,1,0.019,,
"4T Southern Gulf of St. Lawrence Ecosystem Trawl Survey (RV Survey, Needler)",glf4t2005,2005,32,,3,S. L.,2005-12-22,2005,49408,SL49408,204,Winter skate,Leucoraja ocellata,40.0,2.0569,,,,132267,2980,Isopoda unidentified,Isopoda,2,Slight,,,1,0.2588,,
"4T Southern Gulf of St. Lawrence Ecosystem Trawl Survey (RV Survey, Needler)",glf4t2005,2005,32,,3,S. L.,2005-12-22,2005,49408,SL49408,204,Winter skate,Leucoraja ocellata,40.0,2.0569,,,,132268,9100,Mucus,Mucus,,,,,1,1.0052,,
"4T Southern Gulf of St. Lawrence Ecosystem Trawl Survey (RV Survey, Needler)",glf4t2005,2005,32,,4,S. L.,2006-01-04,2006,49409,SL49409,204,Winter skate,Leucoraja ocellata,51.0,2.8169,,,,132269,4300,Bivalve unidentified,Bivalvia,3,Intermediate,,,1,0.0689,,
"4T Southern Gulf of St. Lawrence Ecosystem Trawl Survey (RV Survey, Needler)",glf4t2005,2005,32,,4,S. L.,2006-01-04,2006,49409,SL49409,204,Winter skate,Leucoraja ocellata,51.0,2.8169,,,,132270,7100,Round worm unidentified,Nematoda,1,Undigested/freshly eaten,,,1,0.0851,,
"4T Southern Gulf of St. Lawrence Ecosystem Trawl Survey (RV Survey, Needler)",glf4t2005,2005,32,,4,S. L.,2006-01-04,2006,49409,SL49409,204,Winter skate,Leucoraja ocellata,51.0,2.8169,,,,132271,2700,Mysid shrimp,Mysidacea (o.),3,Intermediate,,,1,0.0113,,
"4T Southern Gulf of St. Lawrence Ecosystem Trawl Survey (RV Survey, Needler)",glf4t2005,2005,32,,4,S. L.,2006-01-04,2006,49409,SL49409,204,Winter skate,Leucoraja ocellata,51.0,2.8169,,,,132272,90,Fish unidentified,"Unid. fish (larvae,juvenile and adults)",,,,,1,0.003,,
"4T Southern Gulf of St. Lawrence Ecosystem Trawl Survey (RV Survey, Needler)",glf4t2005,2005,32,,4,S. L.,2006-01-04,2006,49409,SL49409,204,Winter skate,Leucoraja ocellata,51.0,2.8169,,,,132273,90,Fish unidentified,"Unid. fish (larvae,juvenile and adults)",,,,,1,0.0963,,
"4T Southern Gulf of St. Lawrence Ecosystem Trawl Survey (RV Survey, Needler)",glf4t2005,2005,32,,4,S. L.,2006-01-04,2006,49409,SL49409,204,Winter skate,Leucoraja ocellata,51.0,2.8169,,,,132274,9100,Mucus,Mucus,,,,,1,2.5523,,
"4T Southern Gulf of St. Lawrence Ecosystem Trawl Survey (RV Survey, Needler)",glf4t2005,2005,32,,4,S. C.,2008-02-26,2008,49410,SC49410,204,Winter skate,Leucoraja ocellata,51.0,0.6036,,,,132275,2417,Sevenspine bay shrimp,Crangon septemspinosa,3,Intermediate,,,1,0.0824,,
"4T Southern Gulf of St. Lawrence Ecosystem Trawl Survey (RV Survey, Needler)",glf4t2005,2005,32,,4,S. C.,2008-02-26,2008,49410,SC49410,204,Winter skate,Leucoraja ocellata,51.0,0.6036,,,,132276,3100,Bristle worm unidentified,Polychaeta,3,Intermediate,,,1,0.4558,,
"4T Southern Gulf of St. Lawrence Ecosystem Trawl Survey (RV Survey, Needler)",glf4t2005,2005,32,,4,S. C.,2008-02-26,2008,49410,SC49410,204,Winter skate,Leucoraja ocellata,51.0,0.6036,,,,132277,2000,Crustacean unidentified,Crustacea,4,Advanced,,,1,0.0654,,
"4T Southern Gulf of St. Lawrence Ecosystem Trawl Survey (RV Survey, Needler)",glf4t2005,2005,32,,5,S. L.,2005-12-22,2005,49411,SL49411,204,Winter skate,Leucoraja ocellata,44.0,1.5557,,,,132278,2417,Sevenspine bay shrimp,Crangon septemspinosa,2,Slight,,,1,1.3737,,
"4T Southern Gulf of St. Lawrence Ecosystem Trawl Survey (RV Survey, Needler)",glf4t2005,2005,32,,5,S. L.,2005-12-22,2005,49411,SL49411,204,Winter skate,Leucoraja ocellata,44.0,1.5557,,,,132279,2100,Decapod unidentified,Decapoda,4,Advanced,,,1,0.182,,
"4T Southern Gulf of St. Lawrence Ecosystem Trawl Survey (RV Survey, Needler)",glf4t2005,2005,32,,5,S. C.,2008-02-26,2008,49412,SC49412,204,Winter skate,Leucoraja ocellata,33.0,1.259,,,,132280,2417,Sevenspine bay shrimp,Crangon septemspinosa,3,Intermediate,,,1,0.2084,,
"4T Southern Gulf of St. Lawrence Ecosystem Trawl Survey (RV Survey, Needler)",glf4t2005,2005,32,,5,S. C.,2008-02-26,2008,49412,SC49412,204,Winter skate,Leucoraja ocellata,33.0,1.259,,,,132281,2980,Isopoda unidentified,Isopoda,2,Slight,,,1,0.0005,,
"4T Southern Gulf of St. Lawrence Ecosystem Trawl Survey (RV Survey, Needler)",glf4t2005,2005,32,,5,S. C.,2008-02-26,2008,49412,SC49412,204,Winter skate,Leucoraja ocellata,33.0,1.259,,,,132282,3100,Bristle worm unidentified,Polychaeta,3,Intermediate,,,1,0.0345,,
"4T Southern Gulf of St. Lawrence Ecosystem Trawl Survey (RV Survey, Needler)",glf4t2005,2005,32,,5,S. C.,2008-02-26,2008,49412,SC49412,204,Winter skate,Leucoraja ocellata,33.0,1.259,,,,132283,49,Flounder unidentified (f.),Pleuronectidae (f.),4,Advanced,,,1,0.2489,,
"4T Southern Gulf of St. Lawrence Ecosystem Trawl Survey (RV Survey, Needler)",glf4t2005,2005,32,,5,S. C.,2008-02-26,2008,49412,SC49412,204,Winter skate,Leucoraja ocellata,33.0,1.259,,,,132284,9000,Digested remains unidentified,"Unid remains,digested",4,Advanced,,,1,0.4124,,
"4T Southern Gulf of St. Lawrence Ecosystem Trawl Survey (RV Survey, Needler)",glf4t2005,2005,32,,6,S. L.,2005-12-22,2005,49413,SL49413,204,Winter skate,Leucoraja ocellata,50.0,14.5803,,,,132285,2417,Sevenspine bay shrimp,Crangon septemspinosa,2,Slight,,,1,0.0858,,
"4T Southern Gulf of St. Lawrence Ecosystem Trawl Survey (RV Survey, Needler)",glf4t2005,2005,32,,6,S. L.,2005-12-22,2005,49413,SL49413,204,Winter skate,Leucoraja ocellata,50.0,14.5803,,,,132286,3100,Bristle worm unidentified,Polychaeta,3,Intermediate,,,1,5.5765,,
"4T Southern Gulf of St. Lawrence Ecosystem Trawl Survey (RV Survey, Needler)",glf4t2005,2005,32,,6,S. L.,2005-12-22,2005,49413,SL49413,204,Winter skate,Leucoraja ocellata,50.0,14.5803,,,,132287,90,Fish unidentified,"Unid. fish (larvae,juvenile and adults)",4,Advanced,,,1,0.5917,,
"4T Southern Gulf of St. Lawrence Ecosystem Trawl Survey (RV Survey, Needler)",glf4t2005,2005,32,,6,S. L.,2005-12-22,2005,49413,SL49413,204,Winter skate,Leucoraja ocellata,50.0,14.5803,,,,132288,611,Sand Lances unidentified (Ammodytes sp.),Ammodytes,2,Slight,155.0,,1,6.3515,,
"4T Southern Gulf of St. Lawrence Ecosystem Trawl Survey (RV Survey, Needler)",glf4t2005,2005,32,,6,S. L.,2005-12-22,2005,49413,SL49413,204,Winter skate,Leucoraja ocellata,50.0,14.5803,,,,132289,7100,Round worm unidentified,Nematoda,1,Undigested/freshly eaten,,,1,0.0066,,
"4T Southern Gulf of St. Lawrence Ecosystem Trawl Survey (RV Survey, Needler)",glf4t2005,2005,32,,6,S. L.,2005-12-22,2005,49413,SL49413,204,Winter skate,Leucoraja ocellata,50.0,14.5803,,,,132290,9100,Mucus,Mucus,,,,,1,1.9682,,
"4T Southern Gulf of St. Lawrence Ecosystem Trawl Survey (RV Survey, Needler)",glf4t2005,2005,32,,6,S. C.,2008-02-26,2008,49414,SC49414,204,Winter skate,Leucoraja ocellata,27.0,2.7319,,,,132291,2417,Sevenspine bay shrimp,Crangon septemspinosa,3,Intermediate,,,1,2.001,,
"4T Southern Gulf of St. Lawrence Ecosystem Trawl Survey (RV Survey, Needler)",glf4t2005,2005,32,,6,S. C.,2008-02-26,2008,49414,SC49414,204,Winter skate,Leucoraja ocellata,27.0,2.7319,,,,132292,2971,Diastylis sp.,Diastylis,3,Intermediate,,,1,0.1747,,
"4T Southern Gulf of St. Lawrence Ecosystem Trawl Survey (RV Survey, Needler)",glf4t2005,2005,32,,6,S. C.,2008-02-26,2008,49414,SC49414,204,Winter skate,Leucoraja ocellata,27.0,2.7319,,,,132293,90,Fish unidentified,"Unid. fish (larvae,juvenile and adults)",4,Advanced,,,1,0.0403,,
"4T Southern Gulf of St. Lawrence Ecosystem Trawl Survey (RV Survey, Needler)",glf4t2005,2005,32,,6,S. C.,2008-02-26,2008,49414,SC49414,204,Winter skate,Leucoraja ocellata,27.0,2.7319,,,,132294,2811,Gammaridae unidentified,Gammaridae,3,Intermediate,,,1,0.0032,,
"4T Southern Gulf of St. Lawrence Ecosystem Trawl Survey (RV Survey, Needler)",glf4t2005,2005,32,,6,S. C.,2008-02-26,2008,49414,SC49414,204,Winter skate,Leucoraja ocellata,27.0,2.7319,,,,132295,3100,Bristle worm unidentified,Polychaeta,4,Advanced,,,1,0.0145,,
"4T Southern Gulf of St. Lawrence Ecosystem Trawl Survey (RV Survey, Needler)",glf4t2005,2005,32,,7,S. L.,2005-12-21,2005,49415,SL49415,204,Winter skate,Leucoraja ocellata,34.0,2.275,,,,132296,2513,Atlantic rock crab,Cancer irroratus,3,Intermediate,,,1,0.2276,,
"4T Southern Gulf of St. Lawrence Ecosystem Trawl Survey (RV Survey, Needler)",glf4t2005,2005,32,,7,S. L.,2005-12-21,2005,49415,SL49415,204,Winter skate,Leucoraja ocellata,34.0,2.275,,,,132297,2417,Sevenspine bay shrimp,Crangon septemspinosa,2,Slight,,,1,0.0739,,
"4T Southern Gulf of St. Lawrence Ecosystem Trawl Survey (RV Survey, Needler)",glf4t2005,2005,32,,7,S. L.,2005-12-21,2005,49415,SL49415,204,Winter skate,Leucoraja ocellata,34.0,2.275,,,,132298,2811,Gammaridae unidentified,Gammaridae,2,Slight,,,1,0.0181,,
"4T Southern Gulf of St. Lawrence Ecosystem Trawl Survey (RV Survey, Needler)",glf4t2005,2005,32,,7,S. L.,2005-12-21,2005,49415,SL49415,204,Winter skate,Leucoraja ocellata,34.0,2.275,,,,132299,40,American plaice,Hippoglossoides platessoides,3,Intermediate,60.0,,1,1.1595,,
"4T Southern Gulf of St. Lawrence Ecosystem Trawl Survey (RV Survey, Needler)",glf4t2005,2005,32,,7,S. L.,2005-12-21,2005,49415,SL49415,204,Winter skate,Leucoraja ocellata,34.0,2.275,,,,132300,9100,Mucus,Mucus,,,,,1,0.7959,,
"4T Southern Gulf of St. Lawrence Ecosystem Trawl Survey (RV Survey, Needler)",glf4t2005,2005,32,,7,S. C.,2008-02-26,2008,49416,SC49416,204,Winter skate,Leucoraja ocellata,53.0,0.999,,,,132301,2417,Sevenspine bay shrimp,Crangon septemspinosa,3,Intermediate,,,1,0.0253,,
"4T Southern Gulf of St. Lawrence Ecosystem Trawl Survey (RV Survey, Needler)",glf4t2005,2005,32,,7,S. C.,2008-02-26,2008,49416,SC49416,204,Winter skate,Leucoraja ocellata,53.0,0.999,,,,132302,2513,Atlantic rock crab,Cancer irroratus,3,Intermediate,,,1,0.5744,,
"4T Southern Gulf of St. Lawrence Ecosystem Trawl Survey (RV Survey, Needler)",glf4t2005,2005,32,,7,S. C.,2008-02-26,2008,49416,SC49416,204,Winter skate,Leucoraja ocellata,53.0,0.999,,,,132303,4354,Yoldia unidentified,Yoldia,3,Intermediate,,,1,0.1753,,
"4T Southern Gulf of St. Lawrence Ecosystem Trawl Survey (RV Survey, Needler)",glf4t2005,2005,32,,7,S. C.,2008-02-26,2008,49416,SC49416,204,Winter skate,Leucoraja ocellata,53.0,0.999,,,,132304,9300,Seaweed/Algae/Kelp unidentified,Obsolete,2,Slight,,,1,0.0091,,
"4T Southern Gulf of St. Lawrence Ecosystem Trawl Survey (RV Survey, Needler)",glf4t2005,2005,32,,7,S. C.,2008-02-26,2008,49416,SC49416,204,Winter skate,Leucoraja ocellata,53.0,0.999,,,,132305,7100,Round worm unidentified,Nematoda,2,Slight,,,1,0.0293,,
"4T Southern Gulf of St. Lawrence Ecosystem Trawl Survey (RV Survey, Needler)",glf4t2005,2005,32,,8,S. L.,2005-12-22,2005,49417,SL49417,204,Winter skate,Leucoraja ocellata,33.0,0.671,,,,132306,2513,Atlantic rock crab,Cancer irroratus,2,Slight,13.0,,1,0.3789,,
"4T Southern Gulf of St. Lawrence Ecosystem Trawl Survey (RV Survey, Needler)",glf4t2005,2005,32,,8,S. L.,2005-12-22,2005,49417,SL49417,204,Winter skate,Leucoraja ocellata,33.0,0.671,,,,132307,2417,Sevenspine bay shrimp,Crangon septemspinosa,2,Slight,,,1,0.0427,,
"4T Southern Gulf of St. Lawrence Ecosystem Trawl Survey (RV Survey, Needler)",glf4t2005,2005,32,,8,S. L.,2005-12-22,2005,49417,SL49417,204,Winter skate,Leucoraja ocellata,33.0,0.671,,,,132308,3100,Bristle worm unidentified,Polychaeta,3,Intermediate,,,1,0.1841,,
"4T Southern Gulf of St. Lawrence Ecosystem Trawl Survey (RV Survey, Needler)",glf4t2005,2005,32,,8,S. L.,2005-12-22,2005,49417,SL49417,204,Winter skate,Leucoraja ocellata,33.0,0.671,,,,132309,2100,Decapod unidentified,Decapoda,4,Advanced,,,1,0.0653,,
"4T Southern Gulf of St. Lawrence Ecosystem Trawl Survey (RV Survey, Needler)",glf4t2005,2005,32,,9,S. B.,2005-12-21,2005,49418,SB49418,204,Winter skate,Leucoraja ocellata,55.0,1.7054,,,,132310,3100,Bristle worm unidentified,Polychaeta,3,Intermediate,,,1,0.3722,,
"4T Southern Gulf of St. Lawrence Ecosystem Trawl Survey (RV Survey, Needler)",glf4t2005,2005,32,,9,S. B.,2005-12-21,2005,49418,SB49418,204,Winter skate,Leucoraja ocellata,55.0,1.7054,,,,132311,49,Flounder unidentified (f.),Pleuronectidae (f.),3,Intermediate,,,1,0.2644,,
"4T Southern Gulf of St. Lawrence Ecosystem Trawl Survey (RV Survey, Needler)",glf4t2005,2005,32,,9,S. B.,2005-12-21,2005,49418,SB49418,204,Winter skate,Leucoraja ocellata,55.0,1.7054,,,,132312,2417,Sevenspine bay shrimp,Crangon septemspinosa,2,Slight,,,1,0.0376,,
"4T Southern Gulf of St. Lawrence Ecosystem Trawl Survey (RV Survey, Needler)",glf4t2005,2005,32,,9,S. B.,2005-12-21,2005,49418,SB49418,204,Winter skate,Leucoraja ocellata,55.0,1.7054,,,,132313,9200,Stones/Rocks,Stones and rocks,1,Undigested/freshly eaten,,,1,0.0098,,
"4T Southern Gulf of St. Lawrence Ecosystem Trawl Survey (RV Survey, Needler)",glf4t2005,2005,32,,9,S. B.,2005-12-21,2005,49418,SB49418,204,Winter skate,Leucoraja ocellata,55.0,1.7054,,,,132314,9100,Mucus,Mucus,4,Advanced,,,1,0.4996,,
"4T Southern Gulf of St. Lawrence Ecosystem Trawl Survey (RV Survey, Needler)",glf4t2005,2005,32,,10,S. L.,2005-12-22,2005,49419,SL49419,204,Winter skate,Leucoraja ocellata,52.0,1.3692,,,,132315,2417,Sevenspine bay shrimp,Crangon septemspinosa,2,Slight,,,1,0.7698,,
"4T Southern Gulf of St. Lawrence Ecosystem Trawl Survey (RV Survey, Needler)",glf4t2005,2005,32,,10,S. L.,2005-12-22,2005,49419,SL49419,204,Winter skate,Leucoraja ocellata,52.0,1.3692,,,,132316,4300,Bivalve unidentified,Bivalvia,2,Slight,,,1,0.2303,,
"4T Southern Gulf of St. Lawrence Ecosystem Trawl Survey (RV Survey, Needler)",glf4t2005,2005,32,,10,S. L.,2005-12-22,2005,49419,SL49419,204,Winter skate,Leucoraja ocellata,52.0,1.3692,,,,132317,7100,Round worm unidentified,Nematoda,1,Undigested/freshly eaten,,,1,0.0539,,
"4T Southern Gulf of St. Lawrence Ecosystem Trawl Survey (RV Survey, Needler)",glf4t2005,2005,32,,10,S. L.,2005-12-22,2005,49419,SL49419,204,Winter skate,Leucoraja ocellata,52.0,1.3692,,,,132318,3100,Bristle worm unidentified,Polychaeta,3,Intermediate,,,1,0.1148,,
"4T Southern Gulf of St. Lawrence Ecosystem Trawl Survey (RV Survey, Needler)",glf4t2005,2005,32,,10,S. L.,2005-12-22,2005,49419,SL49419,204,Winter skate,Leucoraja ocellata,52.0,1.3692,,,,132319,2400,Crangonid shrimp unidentified,Crangonidae,4,Advanced,,,1,0.1246,,
"4T Southern Gulf of St. Lawrence Ecosystem Trawl Survey (RV Survey, Needler)",glf4t2005,2005,32,,10,S. L.,2005-12-22,2005,49419,SL49419,204,Winter skate,Leucoraja ocellata,52.0,1.3692,,,,132320,2513,Atlantic rock crab,Cancer irroratus,3,Intermediate,8.0,,1,0.0758,,
"4T Southern Gulf of St. Lawrence Ecosystem Trawl Survey (RV Survey, Needler)",glf4t2005,2005,32,,11,S. L.,2005-12-21,2005,49420,SL49420,204,Winter skate,Leucoraja ocellata,45.0,8.29,,,,132321,40,American plaice,Hippoglossoides platessoides,3,Intermediate,90.0,,1,8.1676,,
"4T Southern Gulf of St. Lawrence Ecosystem Trawl Survey (RV Survey, Needler)",glf4t2005,2005,32,,11,S. L.,2005-12-21,2005,49420,SL49420,204,Winter skate,Leucoraja ocellata,45.0,8.29,,,,132322,2417,Sevenspine bay shrimp,Crangon septemspinosa,2,Slight,,,1,0.1129,,
"4T Southern Gulf of St. Lawrence Ecosystem Trawl Survey (RV Survey, Needler)",glf4t2005,2005,32,,11,S. L.,2005-12-21,2005,49420,SL49420,204,Winter skate,Leucoraja ocellata,45.0,8.29,,,,132323,2811,Gammaridae unidentified,Gammaridae,2,Slight,,,1,0.0121,,
"4T Southern Gulf of St. Lawrence Ecosystem Trawl Survey (RV Survey, Needler)",glf4t2005,2005,32,,12,S. L.,2005-12-21,2005,49421,SL49421,204,Winter skate,Leucoraja ocellata,36.0,0.4991,,,,132324,2417,Sevenspine bay shrimp,Crangon septemspinosa,2,Slight,,,1,0.2133,,
"4T Southern Gulf of St. Lawrence Ecosystem Trawl Survey (RV Survey, Needler)",glf4t2005,2005,32,,12,S. L.,2005-12-21,2005,49421,SL49421,204,Winter skate,Leucoraja ocellata,36.0,0.4991,,,,132325,2971,Diastylis sp.,Diastylis,2,Slight,,,1,0.182,,
"4T Southern Gulf of St. Lawrence Ecosystem Trawl Survey (RV Survey, Needler)",glf4t2005,2005,32,,12,S. L.,2005-12-21,2005,49421,SL49421,204,Winter skate,Leucoraja ocellata,36.0,0.4991,,,,132326,2811,Gammaridae unidentified,Gammaridae,2,Slight,,,1,0.079,,
"4T Southern Gulf of St. Lawrence Ecosystem Trawl Survey (RV Survey, Needler)",glf4t2005,2005,32,,12,S. L.,2005-12-21,2005,49421,SL49421,204,Winter skate,Leucoraja ocellata,36.0,0.4991,,,,132327,3100,Bristle worm unidentified,Polychaeta,3,Intermediate,,,1,0.0248,,
"4T Southern Gulf of St. Lawrence Ecosystem Trawl Survey (RV Survey, Needler)",glf4t2005,2005,38,,,S. B.,2006-02-13,2006,49422,SB49422,23,Redfish unidentified,Sebastes,8.4,0.0875,,,,132328,2700,Mysid shrimp,Mysidacea (o.),2,Slight,,,1,0.057,,
"4T Southern Gulf of St. Lawrence Ecosystem Trawl Survey (RV Survey, Needler)",glf4t2005,2005,38,,,S. B.,2006-02-13,2006,49422,SB49422,23,Redfish unidentified,Sebastes,8.4,0.0875,,,,132329,9100,Mucus,Mucus,,,,,1,0.0305,,
"4T Southern Gulf of St. Lawrence Ecosystem Trawl Survey (RV Survey, Needler)",glf4t2005,2005,38,,,S. B.,2006-02-13,2006,49423,SB49423,23,Redfish unidentified,Sebastes,8.1,0.0308,,,,132330,2811,Gammaridae unidentified,Gammaridae,3,Intermediate,,,1,0.0086,,
"4T Southern Gulf of St. Lawrence Ecosystem Trawl Survey (RV Survey, Needler)",glf4t2005,2005,38,,,S. B.,2006-02-13,2006,49423,SB49423,23,Redfish unidentified,Sebastes,8.1,0.0308,,,,132331,9100,Mucus,Mucus,,,,,1,0.0222,,
"4T Southern Gulf of St. Lawrence Ecosystem Trawl Survey (RV Survey, Needler)",glf4t2005,2005,38,,,S. B.,2006-02-13,2006,49424,SB49424,23,Redfish unidentified,Sebastes,8.6,0.086,,,,132332,2700,Mysid shrimp,Mysidacea (o.),3,Intermediate,,,1,0.043,,
"4T Southern Gulf of St. Lawrence Ecosystem Trawl Survey (RV Survey, Needler)",glf4t2005,2005,38,,,S. B.,2006-02-13,2006,49424,SB49424,23,Redfish unidentified,Sebastes,8.6,0.086,,,,132333,2902,Copepods - 3 mm or less,Copepoda (s.c) - Small,2,Slight,,,1,0.0052,,
"4T Southern Gulf of St. Lawrence Ecosystem Trawl Survey (RV Survey, Needler)",glf4t2005,2005,38,,,S. B.,2006-02-13,2006,49424,SB49424,23,Redfish unidentified,Sebastes,8.6,0.086,,,,132334,9100,Mucus,Mucus,,,,,1,0.0264,,
"4T Southern Gulf of St. Lawrence Ecosystem Trawl Survey (RV Survey, Needler)",glf4t2005,2005,38,,,S. B.,2006-02-13,2006,49425,SB49425,23,Redfish unidentified,Sebastes,9.1,0.0391,,,,132335,2902,Copepods - 3 mm or less,Copepoda (s.c) - Small,1,Undigested/freshly eaten,,,1,0.0024,,
"4T Southern Gulf of St. Lawrence Ecosystem Trawl Survey (RV Survey, Needler)",glf4t2005,2005,38,,,S. B.,2006-02-13,2006,49425,SB49425,23,Redfish unidentified,Sebastes,9.1,0.0391,,,,132336,2000,Crustacean unidentified,Crustacea,3,Intermediate,,,1,0.0009,,
"4T Southern Gulf of St. Lawrence Ecosystem Trawl Survey (RV Survey, Needler)",glf4t2005,2005,38,,,S. B.,2006-02-13,2006,49425,SB49425,23,Redfish unidentified,Sebastes,9.1,0.0391,,,,132337,9100,Mucus,Mucus,,,,,1,0.0217,,
"4T Southern Gulf of St. Lawrence Ecosystem Trawl Survey (RV Survey, Needler)",glf4t2005,2005,38,,,S. B.,2006-02-13,2006,49426,SB49426,23,Redfish unidentified,Sebastes,9.3,0.1094,,,,132338,2902,Copepods - 3 mm or less,Copepoda (s.c) - Small,1,Undigested/freshly eaten,,,1,0.0027,,
"4T Southern Gulf of St. Lawrence Ecosystem Trawl Survey (RV Survey, Needler)",glf4t2005,2005,38,,,S. B.,2006-02-13,2006,49426,SB49426,23,Redfish unidentified,Sebastes,9.3,0.1094,,,,132339,2700,Mysid shrimp,Mysidacea (o.),2,Slight,,,1,0.0476,,
"4T Southern Gulf of St. Lawrence Ecosystem Trawl Survey (RV Survey, Needler)",glf4t2005,2005,38,,,S. B.,2006-02-13,2006,49426,SB49426,23,Redfish unidentified,Sebastes,9.3,0.1094,,,,132340,2000,Crustacean unidentified,Crustacea,4,Advanced,,,1,0.0101,,
"4T Southern Gulf of St. Lawrence Ecosystem Trawl Survey (RV Survey, Needler)",glf4t2005,2005,38,,,S. B.,2006-02-13,2006,49426,SB49426,23,Redfish unidentified,Sebastes,9.3,0.1094,,,,132341,9100,Mucus,Mucus,,,,,1,0.0294,,
"4T Southern Gulf of St. Lawrence Ecosystem Trawl Survey (RV Survey, Needler)",glf4t2005,2005,38,,,S. B.,2006-02-15,2006,49427,SB49427,41,Witch flounder,Glyptocephalus cynoglossus,39.0,2.7774,,,,132342,9200,Stones/Rocks,Stones and rocks,1,Undigested/freshly eaten,,,1,0.0096,,
"4T Southern Gulf of St. Lawrence Ecosystem Trawl Survey (RV Survey, Needler)",glf4t2005,2005,38,,,S. B.,2006-02-15,2006,49427,SB49427,41,Witch flounder,Glyptocephalus cynoglossus,39.0,2.7774,,,,132343,4200,Snails/Slugs unidentified,Gastropoda,3,Intermediate,,,1,0.0355,,
"4T Southern Gulf of St. Lawrence Ecosystem Trawl Survey (RV Survey, Needler)",glf4t2005,2005,38,,,S. B.,2006-02-15,2006,49427,SB49427,41,Witch flounder,Glyptocephalus cynoglossus,39.0,2.7774,,,,132344,2971,Diastylis sp.,Diastylis,3,Intermediate,,,1,0.0885,,
"4T Southern Gulf of St. Lawrence Ecosystem Trawl Survey (RV Survey, Needler)",glf4t2005,2005,38,,,S. B.,2006-02-15,2006,49427,SB49427,41,Witch flounder,Glyptocephalus cynoglossus,39.0,2.7774,,,,132345,2811,Gammaridae unidentified,Gammaridae,2,Slight,,,1,0.3132,,
"4T Southern Gulf of St. Lawrence Ecosystem Trawl Survey (RV Survey, Needler)",glf4t2005,2005,38,,,S. B.,2006-02-15,2006,49427,SB49427,41,Witch flounder,Glyptocephalus cynoglossus,39.0,2.7774,,,,132346,3100,Bristle worm unidentified,Polychaeta,2,Slight,,,1,1.5791,,
"4T Southern Gulf of St. Lawrence Ecosystem Trawl Survey (RV Survey, Needler)",glf4t2005,2005,38,,,S. B.,2006-02-15,2006,49427,SB49427,41,Witch flounder,Glyptocephalus cynoglossus,39.0,2.7774,,,,132347,9000,Digested remains unidentified,"Unid remains,digested",,,,,1,0.0548,,
"4T Southern Gulf of St. Lawrence Ecosystem Trawl Survey (RV Survey, Needler)",glf4t2005,2005,38,,,S. B.,2006-02-15,2006,49427,SB49427,41,Witch flounder,Glyptocephalus cynoglossus,39.0,2.7774,,,,132348,9100,Mucus,Mucus,,,,,1,0.4356,,
"4T Southern Gulf of St. Lawrence Ecosystem Trawl Survey (RV Survey, Needler)",glf4t2005,2005,38,,1,S. L.,2006-01-19,2006,49428,SL49428,201,Thorny skate,Amblyraja radiata,29.5,7.1699,,,,132349,2526,Snow crab,Chionoecetes opilio,2,Slight,10.0,,1,0.2247,,
"4T Southern Gulf of St. Lawrence Ecosystem Trawl Survey (RV Survey, Needler)",glf4t2005,2005,38,,1,S. L.,2006-01-19,2006,49428,SL49428,201,Thorny skate,Amblyraja radiata,29.5,7.1699,,,,132350,2411,Arctic argid,Argis dentata,2,Slight,,,1,3.1913,,
"4T Southern Gulf of St. Lawrence Ecosystem Trawl Survey (RV Survey, Needler)",glf4t2005,2005,38,,1,S. L.,2006-01-19,2006,49428,SL49428,201,Thorny skate,Amblyraja radiata,29.5,7.1699,,,,132351,2700,Mysid shrimp,Mysidacea (o.),3,Intermediate,,,1,0.02,,
"4T Southern Gulf of St. Lawrence Ecosystem Trawl Survey (RV Survey, Needler)",glf4t2005,2005,38,,1,S. L.,2006-01-19,2006,49428,SL49428,201,Thorny skate,Amblyraja radiata,29.5,7.1699,,,,132352,2811,Gammaridae unidentified,Gammaridae,2,Slight,,,1,1.1295,,
"4T Southern Gulf of St. Lawrence Ecosystem Trawl Survey (RV Survey, Needler)",glf4t2005,2005,38,,1,S. L.,2006-01-19,2006,49428,SL49428,201,Thorny skate,Amblyraja radiata,29.5,7.1699,,,,132353,7100,Round worm unidentified,Nematoda,1,Undigested/freshly eaten,,,1,0.0131,,
"4T Southern Gulf of St. Lawrence Ecosystem Trawl Survey (RV Survey, Needler)",glf4t2005,2005,38,,1,S. L.,2006-01-19,2006,49428,SL49428,201,Thorny skate,Amblyraja radiata,29.5,7.1699,,,,132354,3100,Bristle worm unidentified,Polychaeta,3,Intermediate,,,1,0.2692,,
"4T Southern Gulf of St. Lawrence Ecosystem Trawl Survey (RV Survey, Needler)",glf4t2005,2005,38,,1,S. L.,2006-01-19,2006,49428,SL49428,201,Thorny skate,Amblyraja radiata,29.5,7.1699,,,,132355,2559,Hermit Crabs (sf.),Paguridae,2,Slight,,,1,0.079,,
"4T Southern Gulf of St. Lawrence Ecosystem Trawl Survey (RV Survey, Needler)",glf4t2005,2005,38,,1,S. L.,2006-01-19,2006,49428,SL49428,201,Thorny skate,Amblyraja radiata,29.5,7.1699,,,,132356,9000,Digested remains unidentified,"Unid remains,digested",4,Advanced,,,1,0.6848,,
"4T Southern Gulf of St. Lawrence Ecosystem Trawl Survey (RV Survey, Needler)",glf4t2005,2005,38,,1,S. L.,2006-01-19,2006,49428,SL49428,201,Thorny skate,Amblyraja radiata,29.5,7.1699,,,,132357,9100,Mucus,Mucus,,,,,1,1.5583,,
"4T Southern Gulf of St. Lawrence Ecosystem Trawl Survey (RV Survey, Needler)",glf4t2005,2005,39,,13,S. L.,2006-02-10,2006,49429,SL49429,201,Thorny skate,Amblyraja radiata,27.6,10.0857,,,,132358,2700,Mysid shrimp,Mysidacea (o.),2,Slight,,,1,0.0027,,
"4T Southern Gulf of St. Lawrence Ecosystem Trawl Survey (RV Survey, Needler)",glf4t2005,2005,39,,13,S. L.,2006-02-10,2006,49429,SL49429,201,Thorny skate,Amblyraja radiata,27.6,10.0857,,,,132359,2100,Decapod unidentified,Decapoda,3,Intermediate,,,1,0.0092,,
"4T Southern Gulf of St. Lawrence Ecosystem Trawl Survey (RV Survey, Needler)",glf4t2005,2005,39,,13,S. L.,2006-02-10,2006,49429,SL49429,201,Thorny skate,Amblyraja radiata,27.6,10.0857,,,,132360,7100,Round worm unidentified,Nematoda,1,Undigested/freshly eaten,,,1,0.0595,,
"4T Southern Gulf of St. Lawrence Ecosystem Trawl Survey (RV Survey, Needler)",glf4t2005,2005,39,,13,S. L.,2006-02-10,2006,49429,SL49429,201,Thorny skate,Amblyraja radiata,27.6,10.0857,,,,132361,2971,Diastylis sp.,Diastylis,2,Slight,,,1,0.1514,,
"4T Southern Gulf of St. Lawrence Ecosystem Trawl Survey (RV Survey, Needler)",glf4t2005,2005,39,,13,S. L.,2006-02-10,2006,49429,SL49429,201,Thorny skate,Amblyraja radiata,27.6,10.0857,,,,132362,3100,Bristle worm unidentified,Polychaeta,3,Intermediate,,,1,0.5918,,
"4T Southern Gulf of St. Lawrence Ecosystem Trawl Survey (RV Survey, Needler)",glf4t2005,2005,39,,13,S. L.,2006-02-10,2006,49429,SL49429,201,Thorny skate,Amblyraja radiata,27.6,10.0857,,,,132363,2331,Greenland shrimp,Eualus macilentus,2,Slight,,,1,0.2203,,
"4T Southern Gulf of St. Lawrence Ecosystem Trawl Survey (RV Survey, Needler)",glf4t2005,2005,39,,13,S. L.,2006-02-10,2006,49429,SL49429,201,Thorny skate,Amblyraja radiata,27.6,10.0857,,,,132364,2211,Northern shrimp,Pandalus borealis,1,Undigested/freshly eaten,,,1,1.2995,,
"4T Southern Gulf of St. Lawrence Ecosystem Trawl Survey (RV Survey, Needler)",glf4t2005,2005,39,,13,S. L.,2006-02-10,2006,49429,SL49429,201,Thorny skate,Amblyraja radiata,27.6,10.0857,,,,132365,2811,Gammaridae unidentified,Gammaridae,2,Slight,,,1,4.8194,,
"4T Southern Gulf of St. Lawrence Ecosystem Trawl Survey (RV Survey, Needler)",glf4t2005,2005,39,,13,S. L.,2006-02-10,2006,49429,SL49429,201,Thorny skate,Amblyraja radiata,27.6,10.0857,,,,132366,2000,Crustacean unidentified,Crustacea,4,Advanced,,,1,1.2799,,
"4T Southern Gulf of St. Lawrence Ecosystem Trawl Survey (RV Survey, Needler)",glf4t2005,2005,39,,13,S. L.,2006-02-10,2006,49429,SL49429,201,Thorny skate,Amblyraja radiata,27.6,10.0857,,,,132367,9100,Mucus,Mucus,,,,,1,1.652,,
"4T Southern Gulf of St. Lawrence Ecosystem Trawl Survey (RV Survey, Needler)",glf4t2005,2005,39,,7,S. L.,2005-12-21,2005,49430,SL49430,201,Thorny skate,Amblyraja radiata,47.0,4.9943,,,,132368,3100,Bristle worm unidentified,Polychaeta,3,Intermediate,,,1,2.3586,,
"4T Southern Gulf of St. Lawrence Ecosystem Trawl Survey (RV Survey, Needler)",glf4t2005,2005,39,,7,S. L.,2005-12-21,2005,49430,SL49430,201,Thorny skate,Amblyraja radiata,47.0,4.9943,,,,132369,2811,Gammaridae unidentified,Gammaridae,2,Slight,,,1,0.1917,,
"4T Southern Gulf of St. Lawrence Ecosystem Trawl Survey (RV Survey, Needler)",glf4t2005,2005,39,,7,S. L.,2005-12-21,2005,49430,SL49430,201,Thorny skate,Amblyraja radiata,47.0,4.9943,,,,132370,9100,Mucus,Mucus,,,,,1,2.444,,
"4T Southern Gulf of St. Lawrence Ecosystem Trawl Survey (RV Survey, Needler)",glf4t2005,2005,39,,4,S. L.,2005-12-21,2005,49431,SL49431,201,Thorny skate,Amblyraja radiata,36.0,7.0835,,,,132371,2700,Mysid shrimp,Mysidacea (o.),2,Slight,,,1,0.0638,,
"4T Southern Gulf of St. Lawrence Ecosystem Trawl Survey (RV Survey, Needler)",glf4t2005,2005,39,,4,S. L.,2005-12-21,2005,49431,SL49431,201,Thorny skate,Amblyraja radiata,36.0,7.0835,,,,132372,2411,Arctic argid,Argis dentata,2,Slight,,,1,1.1806,,
"4T Southern Gulf of St. Lawrence Ecosystem Trawl Survey (RV Survey, Needler)",glf4t2005,2005,39,,4,S. L.,2005-12-21,2005,49431,SL49431,201,Thorny skate,Amblyraja radiata,36.0,7.0835,,,,132373,2811,Gammaridae unidentified,Gammaridae,3,Intermediate,,,1,3.4447,,
"4T Southern Gulf of St. Lawrence Ecosystem Trawl Survey (RV Survey, Needler)",glf4t2005,2005,39,,4,S. L.,2005-12-21,2005,49431,SL49431,201,Thorny skate,Amblyraja radiata,36.0,7.0835,,,,132374,2559,Hermit Crabs (sf.),Paguridae,3,Intermediate,,,1,0.4049,,
"4T Southern Gulf of St. Lawrence Ecosystem Trawl Survey (RV Survey, Needler)",glf4t2005,2005,39,,4,S. L.,2005-12-21,2005,49431,SL49431,201,Thorny skate,Amblyraja radiata,36.0,7.0835,,,,132375,3100,Bristle worm unidentified,Polychaeta,3,Intermediate,,,1,0.8232,,
"4T Southern Gulf of St. Lawrence Ecosystem Trawl Survey (RV Survey, Needler)",glf4t2005,2005,39,,4,S. L.,2005-12-21,2005,49431,SL49431,201,Thorny skate,Amblyraja radiata,36.0,7.0835,,,,132376,9100,Mucus,Mucus,,,,,1,1.1663,,
"4T Southern Gulf of St. Lawrence Ecosystem Trawl Survey (RV Survey, Needler)",glf4t2005,2005,39,,14,S. L.,2005-12-21,2005,49432,SL49432,201,Thorny skate,Amblyraja radiata,44.0,6.9499,,,,132377,8300,Anthozoa unidentified,Anthozoa,2,Slight,,,1,0.0103,,
"4T Southern Gulf of St. Lawrence Ecosystem Trawl Survey (RV Survey, Needler)",glf4t2005,2005,39,,14,S. L.,2005-12-21,2005,49432,SL49432,201,Thorny skate,Amblyraja radiata,44.0,6.9499,,,,132378,2700,Mysid shrimp,Mysidacea (o.),2,Slight,,,1,0.0202,,
"4T Southern Gulf of St. Lawrence Ecosystem Trawl Survey (RV Survey, Needler)",glf4t2005,2005,39,,14,S. L.,2005-12-21,2005,49432,SL49432,201,Thorny skate,Amblyraja radiata,44.0,6.9499,,,,132379,2811,Gammaridae unidentified,Gammaridae,2,Slight,,,1,1.2356,,
"4T Southern Gulf of St. Lawrence Ecosystem Trawl Survey (RV Survey, Needler)",glf4t2005,2005,39,,14,S. L.,2005-12-21,2005,49432,SL49432,201,Thorny skate,Amblyraja radiata,44.0,6.9499,,,,132380,2316,Parrot bladed shrimp,Spirontocaris spinus,3,Intermediate,,,1,0.853,,
"4T Southern Gulf of St. Lawrence Ecosystem Trawl Survey (RV Survey, Needler)",glf4t2005,2005,39,,14,S. L.,2005-12-21,2005,49432,SL49432,201,Thorny skate,Amblyraja radiata,44.0,6.9499,,,,132381,2312,Polar shrimp,Lebbeus polaris,2,Slight,,,1,0.64,,
"4T Southern Gulf of St. Lawrence Ecosystem Trawl Survey (RV Survey, Needler)",glf4t2005,2005,39,,14,S. L.,2005-12-21,2005,49432,SL49432,201,Thorny skate,Amblyraja radiata,44.0,6.9499,,,,132382,3100,Bristle worm unidentified,Polychaeta,2,Slight,,,1,1.6046,,
"4T Southern Gulf of St. Lawrence Ecosystem Trawl Survey (RV Survey, Needler)",glf4t2005,2005,39,,14,S. L.,2005-12-21,2005,49432,SL49432,201,Thorny skate,Amblyraja radiata,44.0,6.9499,,,,132383,2411,Arctic argid,Argis dentata,2,Slight,,,1,0.6576,,
"4T Southern Gulf of St. Lawrence Ecosystem Trawl Survey (RV Survey, Needler)",glf4t2005,2005,39,,14,S. L.,2005-12-21,2005,49432,SL49432,201,Thorny skate,Amblyraja radiata,44.0,6.9499,,,,132384,9100,Mucus,Mucus,,,,,1,1.9286,,
"4T Southern Gulf of St. Lawrence Ecosystem Trawl Survey (RV Survey, Needler)",glf4t2005,2005,39,,13,S. L.,2005-12-22,2005,49433,SL49433,201,Thorny skate,Amblyraja radiata,42.0,33.1741,,,,132385,2526,Snow crab,Chionoecetes opilio,3,Intermediate,18.0,,1,1.5381,,
"4T Southern Gulf of St. Lawrence Ecosystem Trawl Survey (RV Survey, Needler)",glf4t2005,2005,39,,13,S. L.,2005-12-22,2005,49433,SL49433,201,Thorny skate,Amblyraja radiata,42.0,33.1741,,,,132386,3100,Bristle worm unidentified,Polychaeta,2,Slight,,,1,3.5513,,
"4T Southern Gulf of St. Lawrence Ecosystem Trawl Survey (RV Survey, Needler)",glf4t2005,2005,39,,13,S. L.,2005-12-22,2005,49433,SL49433,201,Thorny skate,Amblyraja radiata,42.0,33.1741,,,,132387,2700,Mysid shrimp,Mysidacea (o.),2,Slight,,,1,0.0359,,
"4T Southern Gulf of St. Lawrence Ecosystem Trawl Survey (RV Survey, Needler)",glf4t2005,2005,39,,13,S. L.,2005-12-22,2005,49433,SL49433,201,Thorny skate,Amblyraja radiata,42.0,33.1741,,,,132388,2411,Arctic argid,Argis dentata,3,Intermediate,,,1,19.7275,,
"4T Southern Gulf of St. Lawrence Ecosystem Trawl Survey (RV Survey, Needler)",glf4t2005,2005,39,,13,S. L.,2005-12-22,2005,49433,SL49433,201,Thorny skate,Amblyraja radiata,42.0,33.1741,,,,132389,2811,Gammaridae unidentified,Gammaridae,3,Intermediate,,,1,0.6272,,
"4T Southern Gulf of St. Lawrence Ecosystem Trawl Survey (RV Survey, Needler)",glf4t2005,2005,39,,13,S. L.,2005-12-22,2005,49433,SL49433,201,Thorny skate,Amblyraja radiata,42.0,33.1741,,,,132390,9000,Digested remains unidentified,"Unid remains,digested",4,Advanced,,,1,1.7593,,
"4T Southern Gulf of St. Lawrence Ecosystem Trawl Survey (RV Survey, Needler)",glf4t2005,2005,39,,13,S. L.,2005-12-22,2005,49433,SL49433,201,Thorny skate,Amblyraja radiata,42.0,33.1741,,,,132391,9100,Mucus,Mucus,,,,,1,5.8168,,
"4T Southern Gulf of St. Lawrence Ecosystem Trawl Survey (RV Survey, Needler)",glf4t2005,2005,39,,13,S. L.,2005-12-22,2005,49433,SL49433,201,Thorny skate,Amblyraja radiata,42.0,33.1741,,,,132392,2000,Crustacean unidentified,Crustacea,4,Advanced,,,1,0.118,,
"4T Southern Gulf of St. Lawrence Ecosystem Trawl Survey (RV Survey, Needler)",glf4t2005,2005,39,,2,S. L.,2005-12-22,2005,49434,SL49434,201,Thorny skate,Amblyraja radiata,35.0,5.3868,,,,132393,9300,Seaweed/Algae/Kelp unidentified,Obsolete,1,Undigested/freshly eaten,,,1,0.0409,,
"4T Southern Gulf of St. Lawrence Ecosystem Trawl Survey (RV Survey, Needler)",glf4t2005,2005,39,,2,S. L.,2005-12-22,2005,49434,SL49434,201,Thorny skate,Amblyraja radiata,35.0,5.3868,,,,132394,7600,Trematoda unidentified,Trematoda,1,Undigested/freshly eaten,,,1,0.0068,,
"4T Southern Gulf of St. Lawrence Ecosystem Trawl Survey (RV Survey, Needler)",glf4t2005,2005,39,,2,S. L.,2005-12-22,2005,49434,SL49434,201,Thorny skate,Amblyraja radiata,35.0,5.3868,,,,132395,2700,Mysid shrimp,Mysidacea (o.),2,Slight,,,1,0.1227,,
"4T Southern Gulf of St. Lawrence Ecosystem Trawl Survey (RV Survey, Needler)",glf4t2005,2005,39,,2,S. L.,2005-12-22,2005,49434,SL49434,201,Thorny skate,Amblyraja radiata,35.0,5.3868,,,,132396,2811,Gammaridae unidentified,Gammaridae,2,Slight,,,1,1.1923,,
"4T Southern Gulf of St. Lawrence Ecosystem Trawl Survey (RV Survey, Needler)",glf4t2005,2005,39,,2,S. L.,2005-12-22,2005,49434,SL49434,201,Thorny skate,Amblyraja radiata,35.0,5.3868,,,,132397,2000,Crustacean unidentified,Crustacea,4,Advanced,,,1,0.2134,,
"4T Southern Gulf of St. Lawrence Ecosystem Trawl Survey (RV Survey, Needler)",glf4t2005,2005,39,,2,S. L.,2005-12-22,2005,49434,SL49434,201,Thorny skate,Amblyraja radiata,35.0,5.3868,,,,132398,3100,Bristle worm unidentified,Polychaeta,3,Intermediate,,,1,0.1373,,
"4T Southern Gulf of St. Lawrence Ecosystem Trawl Survey (RV Survey, Needler)",glf4t2005,2005,39,,2,S. L.,2005-12-22,2005,49434,SL49434,201,Thorny skate,Amblyraja radiata,35.0,5.3868,,,,132399,9000,Digested remains unidentified,"Unid remains,digested",,,,,1,1.8256,,
"4T Southern Gulf of St. Lawrence Ecosystem Trawl Survey (RV Survey, Needler)",glf4t2005,2005,39,,2,S. L.,2005-12-22,2005,49434,SL49434,201,Thorny skate,Amblyraja radiata,35.0,5.3868,,,,132400,9100,Mucus,Mucus,,,,,1,1.8478,,
"4T Southern Gulf of St. Lawrence Ecosystem Trawl Survey (RV Survey, Needler)",glf4t2005,2005,39,,3,S. L.,2006-01-03,2006,49435,SL49435,201,Thorny skate,Amblyraja radiata,49.0,44.1192,,,,132401,2500,Crab sp.,Crab sp.,3,Intermediate,6.0,,1,0.0697,,
"4T Southern Gulf of St. Lawrence Ecosystem Trawl Survey (RV Survey, Needler)",glf4t2005,2005,39,,3,S. L.,2006-01-03,2006,49435,SL49435,201,Thorny skate,Amblyraja radiata,49.0,44.1192,,,,132402,2526,Snow crab,Chionoecetes opilio,2,Slight,18.0,,1,2.3804,,
"4T Southern Gulf of St. Lawrence Ecosystem Trawl Survey (RV Survey, Needler)",glf4t2005,2005,39,,3,S. L.,2006-01-03,2006,49435,SL49435,201,Thorny skate,Amblyraja radiata,49.0,44.1192,,,,132403,2526,Snow crab,Chionoecetes opilio,3,Intermediate,24.0,,1,6.0566,,
"4T Southern Gulf of St. Lawrence Ecosystem Trawl Survey (RV Survey, Needler)",glf4t2005,2005,39,,3,S. L.,2006-01-03,2006,49435,SL49435,201,Thorny skate,Amblyraja radiata,49.0,44.1192,,,,132404,2526,Snow crab,Chionoecetes opilio,4,Advanced,,,1,1.8622,,
"4T Southern Gulf of St. Lawrence Ecosystem Trawl Survey (RV Survey, Needler)",glf4t2005,2005,39,,3,S. L.,2006-01-03,2006,49435,SL49435,201,Thorny skate,Amblyraja radiata,49.0,44.1192,,,,132405,2411,Arctic argid,Argis dentata,2,Slight,,,1,1.4256,,
"4T Southern Gulf of St. Lawrence Ecosystem Trawl Survey (RV Survey, Needler)",glf4t2005,2005,39,,3,S. L.,2006-01-03,2006,49435,SL49435,201,Thorny skate,Amblyraja radiata,49.0,44.1192,,,,132406,2333,Circumpolar shrimp,Eualus gaimardii,2,Slight,,,1,20.6502,,
"4T Southern Gulf of St. Lawrence Ecosystem Trawl Survey (RV Survey, Needler)",glf4t2005,2005,39,,3,S. L.,2006-01-03,2006,49435,SL49435,201,Thorny skate,Amblyraja radiata,49.0,44.1192,,,,132407,2100,Decapod unidentified,Decapoda,4,Advanced,,,1,4.0197,,
"4T Southern Gulf of St. Lawrence Ecosystem Trawl Survey (RV Survey, Needler)",glf4t2005,2005,39,,3,S. L.,2006-01-03,2006,49435,SL49435,201,Thorny skate,Amblyraja radiata,49.0,44.1192,,,,132408,2980,Isopoda unidentified,Isopoda,1,Undigested/freshly eaten,,,1,0.3787,,
"4T Southern Gulf of St. Lawrence Ecosystem Trawl Survey (RV Survey, Needler)",glf4t2005,2005,39,,3,S. L.,2006-01-03,2006,49435,SL49435,201,Thorny skate,Amblyraja radiata,49.0,44.1192,,,,132409,3100,Bristle worm unidentified,Polychaeta,2,Slight,,,1,3.3351,,
"4T Southern Gulf of St. Lawrence Ecosystem Trawl Survey (RV Survey, Needler)",glf4t2005,2005,39,,3,S. L.,2006-01-03,2006,49435,SL49435,201,Thorny skate,Amblyraja radiata,49.0,44.1192,,,,132410,2811,Gammaridae unidentified,Gammaridae,2,Slight,,,1,0.0244,,
"4T Southern Gulf of St. Lawrence Ecosystem Trawl Survey (RV Survey, Needler)",glf4t2005,2005,39,,3,S. L.,2006-01-03,2006,49435,SL49435,201,Thorny skate,Amblyraja radiata,49.0,44.1192,,,,132411,90,Fish unidentified,"Unid. fish (larvae,juvenile and adults)",4,Advanced,,,1,0.0947,,
"4T Southern Gulf of St. Lawrence Ecosystem Trawl Survey (RV Survey, Needler)",glf4t2005,2005,39,,3,S. L.,2006-01-03,2006,49435,SL49435,201,Thorny skate,Amblyraja radiata,49.0,44.1192,,,,132412,9100,Mucus,Mucus,,,,,1,3.8219,,
"4T Southern Gulf of St. Lawrence Ecosystem Trawl Survey (RV Survey, Needler)",glf4t2005,2005,39,,16,S. L.,2006-01-17,2006,49436,SL49436,201,Thorny skate,Amblyraja radiata,17.3,1.9521,,,,132413,2902,Copepods - 3 mm or less,Copepoda (s.c) - Small,1,Undigested/freshly eaten,,,1,0.0075,,
"4T Southern Gulf of St. Lawrence Ecosystem Trawl Survey (RV Survey, Needler)",glf4t2005,2005,39,,16,S. L.,2006-01-17,2006,49436,SL49436,201,Thorny skate,Amblyraja radiata,17.3,1.9521,,,,132414,2700,Mysid shrimp,Mysidacea (o.),2,Slight,,,1,0.0909,,
"4T Southern Gulf of St. Lawrence Ecosystem Trawl Survey (RV Survey, Needler)",glf4t2005,2005,39,,16,S. L.,2006-01-17,2006,49436,SL49436,201,Thorny skate,Amblyraja radiata,17.3,1.9521,,,,132415,2971,Diastylis sp.,Diastylis,2,Slight,,,1,0.0464,,
"4T Southern Gulf of St. Lawrence Ecosystem Trawl Survey (RV Survey, Needler)",glf4t2005,2005,39,,16,S. L.,2006-01-17,2006,49436,SL49436,201,Thorny skate,Amblyraja radiata,17.3,1.9521,,,,132416,2811,Gammaridae unidentified,Gammaridae,2,Slight,,,1,0.9973,,
"4T Southern Gulf of St. Lawrence Ecosystem Trawl Survey (RV Survey, Needler)",glf4t2005,2005,39,,16,S. L.,2006-01-17,2006,49436,SL49436,201,Thorny skate,Amblyraja radiata,17.3,1.9521,,,,132417,2000,Crustacean unidentified,Crustacea,4,Advanced,,,1,0.3484,,
"4T Southern Gulf of St. Lawrence Ecosystem Trawl Survey (RV Survey, Needler)",glf4t2005,2005,39,,16,S. L.,2006-01-17,2006,49436,SL49436,201,Thorny skate,Amblyraja radiata,17.3,1.9521,,,,132418,9100,Mucus,Mucus,,,,,1,0.4916,,
"4T Southern Gulf of St. Lawrence Ecosystem Trawl Survey (RV Survey, Needler)",glf4t2005,2005,39,,20,S. L.,2006-01-18,2006,49437,SL49437,201,Thorny skate,Amblyraja radiata,30.0,8.0071,,,,132419,2700,Mysid shrimp,Mysidacea (o.),2,Slight,,,1,0.0973,,
"4T Southern Gulf of St. Lawrence Ecosystem Trawl Survey (RV Survey, Needler)",glf4t2005,2005,39,,20,S. L.,2006-01-18,2006,49437,SL49437,201,Thorny skate,Amblyraja radiata,30.0,8.0071,,,,132420,2971,Diastylis sp.,Diastylis,2,Slight,,,1,0.0261,,
"4T Southern Gulf of St. Lawrence Ecosystem Trawl Survey (RV Survey, Needler)",glf4t2005,2005,39,,20,S. L.,2006-01-18,2006,49437,SL49437,201,Thorny skate,Amblyraja radiata,30.0,8.0071,,,,132421,3100,Bristle worm unidentified,Polychaeta,1,Undigested/freshly eaten,,,1,0.1834,,
"4T Southern Gulf of St. Lawrence Ecosystem Trawl Survey (RV Survey, Needler)",glf4t2005,2005,39,,20,S. L.,2006-01-18,2006,49437,SL49437,201,Thorny skate,Amblyraja radiata,30.0,8.0071,,,,132422,2421,Sevenline shrimp,Sabinea septemcarinata,2,Slight,,,1,0.0376,,
"4T Southern Gulf of St. Lawrence Ecosystem Trawl Survey (RV Survey, Needler)",glf4t2005,2005,39,,20,S. L.,2006-01-18,2006,49437,SL49437,201,Thorny skate,Amblyraja radiata,30.0,8.0071,,,,132423,2811,Gammaridae unidentified,Gammaridae,2,Slight,,,1,5.8362,,
"4T Southern Gulf of St. Lawrence Ecosystem Trawl Survey (RV Survey, Needler)",glf4t2005,2005,39,,20,S. L.,2006-01-18,2006,49437,SL49437,201,Thorny skate,Amblyraja radiata,30.0,8.0071,,,,132424,2000,Crustacean unidentified,Crustacea,4,Advanced,,,1,0.9437,,
"4T Southern Gulf of St. Lawrence Ecosystem Trawl Survey (RV Survey, Needler)",glf4t2005,2005,39,,20,S. L.,2006-01-18,2006,49437,SL49437,201,Thorny skate,Amblyraja radiata,30.0,8.0071,,,,132425,9100,Mucus,Mucus,,,,,1,0.8828,,
"4T Southern Gulf of St. Lawrence Ecosystem Trawl Survey (RV Survey, Needler)",glf4t2005,2005,39,,17,S. L.,2006-01-18,2006,49438,SL49438,201,Thorny skate,Amblyraja radiata,26.1,5.3037,,,,132426,2900,Copepods,Copepoda,1,Undigested/freshly eaten,,,1,0.0155,,
"4T Southern Gulf of St. Lawrence Ecosystem Trawl Survey (RV Survey, Needler)",glf4t2005,2005,39,,17,S. L.,2006-01-18,2006,49438,SL49438,201,Thorny skate,Amblyraja radiata,26.1,5.3037,,,,132427,2971,Diastylis sp.,Diastylis,2,Slight,,,1,0.0373,,
"4T Southern Gulf of St. Lawrence Ecosystem Trawl Survey (RV Survey, Needler)",glf4t2005,2005,39,,17,S. L.,2006-01-18,2006,49438,SL49438,201,Thorny skate,Amblyraja radiata,26.1,5.3037,,,,132428,2700,Mysid shrimp,Mysidacea (o.),2,Slight,,,1,0.1702,,
"4T Southern Gulf of St. Lawrence Ecosystem Trawl Survey (RV Survey, Needler)",glf4t2005,2005,39,,17,S. L.,2006-01-18,2006,49438,SL49438,201,Thorny skate,Amblyraja radiata,26.1,5.3037,,,,132429,2811,Gammaridae unidentified,Gammaridae,2,Slight,,,1,3.3306,,
"4T Southern Gulf of St. Lawrence Ecosystem Trawl Survey (RV Survey, Needler)",glf4t2005,2005,39,,17,S. L.,2006-01-18,2006,49438,SL49438,201,Thorny skate,Amblyraja radiata,26.1,5.3037,,,,132430,2000,Crustacean unidentified,Crustacea,4,Advanced,,,1,0.9363,,
"4T Southern Gulf of St. Lawrence Ecosystem Trawl Survey (RV Survey, Needler)",glf4t2005,2005,39,,17,S. L.,2006-01-18,2006,49438,SL49438,201,Thorny skate,Amblyraja radiata,26.1,5.3037,,,,132431,9100,Mucus,Mucus,,,,,1,0.8138,,
"4T Southern Gulf of St. Lawrence Ecosystem Trawl Survey (RV Survey, Needler)",glf4t2005,2005,39,,5,S. L.,2006-01-18,2006,49439,SL49439,201,Thorny skate,Amblyraja radiata,30.0,7.0622,,,,132432,2521,Arctic Lyre Crab/Lesser toad crab,Hyas coarctatus,3,Intermediate,8.0,,1,0.1385,,
"4T Southern Gulf of St. Lawrence Ecosystem Trawl Survey (RV Survey, Needler)",glf4t2005,2005,39,,5,S. L.,2006-01-18,2006,49439,SL49439,201,Thorny skate,Amblyraja radiata,30.0,7.0622,,,,132433,2331,Greenland shrimp,Eualus macilentus,2,Slight,,,1,0.0674,,
"4T Southern Gulf of St. Lawrence Ecosystem Trawl Survey (RV Survey, Needler)",glf4t2005,2005,39,,5,S. L.,2006-01-18,2006,49439,SL49439,201,Thorny skate,Amblyraja radiata,30.0,7.0622,,,,132434,2411,Arctic argid,Argis dentata,2,Slight,,,1,0.2559,,
"4T Southern Gulf of St. Lawrence Ecosystem Trawl Survey (RV Survey, Needler)",glf4t2005,2005,39,,5,S. L.,2006-01-18,2006,49439,SL49439,201,Thorny skate,Amblyraja radiata,30.0,7.0622,,,,132435,2400,Crangonid shrimp unidentified,Crangonidae,3,Intermediate,,,1,0.0534,,
"4T Southern Gulf of St. Lawrence Ecosystem Trawl Survey (RV Survey, Needler)",glf4t2005,2005,39,,5,S. L.,2006-01-18,2006,49439,SL49439,201,Thorny skate,Amblyraja radiata,30.0,7.0622,,,,132436,2971,Diastylis sp.,Diastylis,2,Slight,,,1,0.0475,,
"4T Southern Gulf of St. Lawrence Ecosystem Trawl Survey (RV Survey, Needler)",glf4t2005,2005,39,,5,S. L.,2006-01-18,2006,49439,SL49439,201,Thorny skate,Amblyraja radiata,30.0,7.0622,,,,132437,2700,Mysid shrimp,Mysidacea (o.),2,Slight,,,1,0.2918,,
"4T Southern Gulf of St. Lawrence Ecosystem Trawl Survey (RV Survey, Needler)",glf4t2005,2005,39,,5,S. L.,2006-01-18,2006,49439,SL49439,201,Thorny skate,Amblyraja radiata,30.0,7.0622,,,,132438,3100,Bristle worm unidentified,Polychaeta,2,Slight,,,1,1.3027,,
"4T Southern Gulf of St. Lawrence Ecosystem Trawl Survey (RV Survey, Needler)",glf4t2005,2005,39,,5,S. L.,2006-01-18,2006,49439,SL49439,201,Thorny skate,Amblyraja radiata,30.0,7.0622,,,,132439,2811,Gammaridae unidentified,Gammaridae,2,Slight,,,1,3.4569,,
"4T Southern Gulf of St. Lawrence Ecosystem Trawl Survey (RV Survey, Needler)",glf4t2005,2005,39,,5,S. L.,2006-01-18,2006,49439,SL49439,201,Thorny skate,Amblyraja radiata,30.0,7.0622,,,,132440,90,Fish unidentified,"Unid. fish (larvae,juvenile and adults)",3,Intermediate,,,1,0.1003,,
"4T Southern Gulf of St. Lawrence Ecosystem Trawl Survey (RV Survey, Needler)",glf4t2005,2005,39,,5,S. L.,2006-01-18,2006,49439,SL49439,201,Thorny skate,Amblyraja radiata,30.0,7.0622,,,,132441,9100,Mucus,Mucus,,,,,1,1.3478,,
"4T Southern Gulf of St. Lawrence Ecosystem Trawl Survey (RV Survey, Needler)",glf4t2005,2005,39,,6,S. L.,2006-01-18,2006,49440,SL49440,201,Thorny skate,Amblyraja radiata,23.1,5.111,,,,132442,7100,Round worm unidentified,Nematoda,1,Undigested/freshly eaten,,,1,0.1597,,
"4T Southern Gulf of St. Lawrence Ecosystem Trawl Survey (RV Survey, Needler)",glf4t2005,2005,39,,6,S. L.,2006-01-18,2006,49440,SL49440,201,Thorny skate,Amblyraja radiata,23.1,5.111,,,,132443,2700,Mysid shrimp,Mysidacea (o.),2,Slight,,,1,0.0302,,
"4T Southern Gulf of St. Lawrence Ecosystem Trawl Survey (RV Survey, Needler)",glf4t2005,2005,39,,6,S. L.,2006-01-18,2006,49440,SL49440,201,Thorny skate,Amblyraja radiata,23.1,5.111,,,,132444,2900,Copepods,Copepoda,2,Slight,,,1,0.0117,,
"4T Southern Gulf of St. Lawrence Ecosystem Trawl Survey (RV Survey, Needler)",glf4t2005,2005,39,,6,S. L.,2006-01-18,2006,49440,SL49440,201,Thorny skate,Amblyraja radiata,23.1,5.111,,,,132445,2400,Crangonid shrimp unidentified,Crangonidae,3,Intermediate,,,1,0.0157,,
"4T Southern Gulf of St. Lawrence Ecosystem Trawl Survey (RV Survey, Needler)",glf4t2005,2005,39,,6,S. L.,2006-01-18,2006,49440,SL49440,201,Thorny skate,Amblyraja radiata,23.1,5.111,,,,132446,3100,Bristle worm unidentified,Polychaeta,3,Intermediate,,,1,0.2483,,
"4T Southern Gulf of St. Lawrence Ecosystem Trawl Survey (RV Survey, Needler)",glf4t2005,2005,39,,6,S. L.,2006-01-18,2006,49440,SL49440,201,Thorny skate,Amblyraja radiata,23.1,5.111,,,,132447,2811,Gammaridae unidentified,Gammaridae,2,Slight,,,1,3.7277,,
"4T Southern Gulf of St. Lawrence Ecosystem Trawl Survey (RV Survey, Needler)",glf4t2005,2005,39,,6,S. L.,2006-01-18,2006,49440,SL49440,201,Thorny skate,Amblyraja radiata,23.1,5.111,,,,132448,2000,Crustacean unidentified,Crustacea,4,Advanced,,,1,0.5675,,
"4T Southern Gulf of St. Lawrence Ecosystem Trawl Survey (RV Survey, Needler)",glf4t2005,2005,39,,6,S. L.,2006-01-18,2006,49440,SL49440,201,Thorny skate,Amblyraja radiata,23.1,5.111,,,,132449,9100,Mucus,Mucus,,,,,1,0.3089,,
"4T Southern Gulf of St. Lawrence Ecosystem Trawl Survey (RV Survey, Needler)",glf4t2005,2005,39,,6,S. L.,2006-01-18,2006,49440,SL49440,201,Thorny skate,Amblyraja radiata,23.1,5.111,,,,132450,41,Witch flounder,Glyptocephalus cynoglossus,3,Intermediate,16.0,,1,0.0413,,
"4T Southern Gulf of St. Lawrence Ecosystem Trawl Survey (RV Survey, Needler)",glf4t2005,2005,39,,9,S. L.,2006-01-18,2006,49441,SL49441,201,Thorny skate,Amblyraja radiata,20.7,3.1976,,,,132451,2971,Diastylis sp.,Diastylis,1,Undigested/freshly eaten,,,1,0.0204,,
"4T Southern Gulf of St. Lawrence Ecosystem Trawl Survey (RV Survey, Needler)",glf4t2005,2005,39,,9,S. L.,2006-01-18,2006,49441,SL49441,201,Thorny skate,Amblyraja radiata,20.7,3.1976,,,,132452,2700,Mysid shrimp,Mysidacea (o.),2,Slight,,,1,0.0941,,
"4T Southern Gulf of St. Lawrence Ecosystem Trawl Survey (RV Survey, Needler)",glf4t2005,2005,39,,9,S. L.,2006-01-18,2006,49441,SL49441,201,Thorny skate,Amblyraja radiata,20.7,3.1976,,,,132453,2900,Copepods,Copepoda,1,Undigested/freshly eaten,,,1,0.0561,,
"4T Southern Gulf of St. Lawrence Ecosystem Trawl Survey (RV Survey, Needler)",glf4t2005,2005,39,,9,S. L.,2006-01-18,2006,49441,SL49441,201,Thorny skate,Amblyraja radiata,20.7,3.1976,,,,132454,2811,Gammaridae unidentified,Gammaridae,2,Slight,,,1,1.7759,,
"4T Southern Gulf of St. Lawrence Ecosystem Trawl Survey (RV Survey, Needler)",glf4t2005,2005,39,,9,S. L.,2006-01-18,2006,49441,SL49441,201,Thorny skate,Amblyraja radiata,20.7,3.1976,,,,132455,2000,Crustacean unidentified,Crustacea,4,Advanced,,,1,0.5641,,
"4T Southern Gulf of St. Lawrence Ecosystem Trawl Survey (RV Survey, Needler)",glf4t2005,2005,39,,9,S. L.,2006-01-18,2006,49441,SL49441,201,Thorny skate,Amblyraja radiata,20.7,3.1976,,,,132456,3100,Bristle worm unidentified,Polychaeta,3,Intermediate,,,1,0.071,,
"4T Southern Gulf of St. Lawrence Ecosystem Trawl Survey (RV Survey, Needler)",glf4t2005,2005,39,,9,S. L.,2006-01-18,2006,49441,SL49441,201,Thorny skate,Amblyraja radiata,20.7,3.1976,,,,132457,9630,Organic debris,Organic debris,1,Undigested/freshly eaten,,,1,0.0181,,
"4T Southern Gulf of St. Lawrence Ecosystem Trawl Survey (RV Survey, Needler)",glf4t2005,2005,39,,9,S. L.,2006-01-18,2006,49441,SL49441,201,Thorny skate,Amblyraja radiata,20.7,3.1976,,,,132458,9100,Mucus,Mucus,,,,,1,0.498,,
"4T Southern Gulf of St. Lawrence Ecosystem Trawl Survey (RV Survey, Needler)",glf4t2005,2005,39,,9,S. L.,2006-01-18,2006,49441,SL49441,201,Thorny skate,Amblyraja radiata,20.7,3.1976,,,,132459,90,Fish unidentified,"Unid. fish (larvae,juvenile and adults)",1,Undigested/freshly eaten,,,1,0.0999,,
"4T Southern Gulf of St. Lawrence Ecosystem Trawl Survey (RV Survey, Needler)",glf4t2005,2005,39,,18,S. L.,2006-01-18,2006,49442,SL49442,201,Thorny skate,Amblyraja radiata,21.1,4.7974,,,,132460,2971,Diastylis sp.,Diastylis,2,Slight,,,1,0.0641,,
"4T Southern Gulf of St. Lawrence Ecosystem Trawl Survey (RV Survey, Needler)",glf4t2005,2005,39,,18,S. L.,2006-01-18,2006,49442,SL49442,201,Thorny skate,Amblyraja radiata,21.1,4.7974,,,,132461,2700,Mysid shrimp,Mysidacea (o.),2,Slight,,,1,0.0286,,
"4T Southern Gulf of St. Lawrence Ecosystem Trawl Survey (RV Survey, Needler)",glf4t2005,2005,39,,18,S. L.,2006-01-18,2006,49442,SL49442,201,Thorny skate,Amblyraja radiata,21.1,4.7974,,,,132462,2900,Copepods,Copepoda,1,Undigested/freshly eaten,,,1,0.0049,,
"4T Southern Gulf of St. Lawrence Ecosystem Trawl Survey (RV Survey, Needler)",glf4t2005,2005,39,,18,S. L.,2006-01-18,2006,49442,SL49442,201,Thorny skate,Amblyraja radiata,21.1,4.7974,,,,132463,2411,Arctic argid,Argis dentata,3,Intermediate,,,1,0.0432,,
"4T Southern Gulf of St. Lawrence Ecosystem Trawl Survey (RV Survey, Needler)",glf4t2005,2005,39,,18,S. L.,2006-01-18,2006,49442,SL49442,201,Thorny skate,Amblyraja radiata,21.1,4.7974,,,,132464,2811,Gammaridae unidentified,Gammaridae,2,Slight,,,1,3.555,,
"4T Southern Gulf of St. Lawrence Ecosystem Trawl Survey (RV Survey, Needler)",glf4t2005,2005,39,,18,S. L.,2006-01-18,2006,49442,SL49442,201,Thorny skate,Amblyraja radiata,21.1,4.7974,,,,132465,2000,Crustacean unidentified,Crustacea,4,Advanced,,,1,0.6745,,
"4T Southern Gulf of St. Lawrence Ecosystem Trawl Survey (RV Survey, Needler)",glf4t2005,2005,39,,18,S. L.,2006-01-18,2006,49442,SL49442,201,Thorny skate,Amblyraja radiata,21.1,4.7974,,,,132466,9100,Mucus,Mucus,,,,,1,0.4271,,
"4T Southern Gulf of St. Lawrence Ecosystem Trawl Survey (RV Survey, Needler)",glf4t2005,2005,39,,11,S. L.,2006-01-19,2006,49443,SL49443,201,Thorny skate,Amblyraja radiata,19.7,3.4369,,,,132467,2700,Mysid shrimp,Mysidacea (o.),2,Slight,,,1,0.0753,,
"4T Southern Gulf of St. Lawrence Ecosystem Trawl Survey (RV Survey, Needler)",glf4t2005,2005,39,,11,S. L.,2006-01-19,2006,49443,SL49443,201,Thorny skate,Amblyraja radiata,19.7,3.4369,,,,132468,7100,Round worm unidentified,Nematoda,1,Undigested/freshly eaten,,,1,0.1436,,
"4T Southern Gulf of St. Lawrence Ecosystem Trawl Survey (RV Survey, Needler)",glf4t2005,2005,39,,11,S. L.,2006-01-19,2006,49443,SL49443,201,Thorny skate,Amblyraja radiata,19.7,3.4369,,,,132469,3100,Bristle worm unidentified,Polychaeta,2,Slight,,,1,0.0443,,
"4T Southern Gulf of St. Lawrence Ecosystem Trawl Survey (RV Survey, Needler)",glf4t2005,2005,39,,11,S. L.,2006-01-19,2006,49443,SL49443,201,Thorny skate,Amblyraja radiata,19.7,3.4369,,,,132470,2811,Gammaridae unidentified,Gammaridae,2,Slight,,,1,2.0947,,
"4T Southern Gulf of St. Lawrence Ecosystem Trawl Survey (RV Survey, Needler)",glf4t2005,2005,39,,11,S. L.,2006-01-19,2006,49443,SL49443,201,Thorny skate,Amblyraja radiata,19.7,3.4369,,,,132471,2000,Crustacean unidentified,Crustacea,4,Advanced,,,1,0.641,,
"4T Southern Gulf of St. Lawrence Ecosystem Trawl Survey (RV Survey, Needler)",glf4t2005,2005,39,,11,S. L.,2006-01-19,2006,49443,SL49443,201,Thorny skate,Amblyraja radiata,19.7,3.4369,,,,132472,2902,Copepods - 3 mm or less,Copepoda (s.c) - Small,1,Undigested/freshly eaten,,,1,0.0287,,
"4T Southern Gulf of St. Lawrence Ecosystem Trawl Survey (RV Survey, Needler)",glf4t2005,2005,39,,11,S. L.,2006-01-19,2006,49443,SL49443,201,Thorny skate,Amblyraja radiata,19.7,3.4369,,,,132473,9100,Mucus,Mucus,,,,,1,0.4093,,
"4T Southern Gulf of St. Lawrence Ecosystem Trawl Survey (RV Survey, Needler)",glf4t2005,2005,39,,10,S. L.,2006-01-19,2006,49444,SL49444,201,Thorny skate,Amblyraja radiata,24.7,4.2455,,,,132474,7100,Round worm unidentified,Nematoda,1,Undigested/freshly eaten,,,1,0.005,,
"4T Southern Gulf of St. Lawrence Ecosystem Trawl Survey (RV Survey, Needler)",glf4t2005,2005,39,,10,S. L.,2006-01-19,2006,49444,SL49444,201,Thorny skate,Amblyraja radiata,24.7,4.2455,,,,132475,3100,Bristle worm unidentified,Polychaeta,1,Undigested/freshly eaten,,,1,0.0195,,
"4T Southern Gulf of St. Lawrence Ecosystem Trawl Survey (RV Survey, Needler)",glf4t2005,2005,39,,10,S. L.,2006-01-19,2006,49444,SL49444,201,Thorny skate,Amblyraja radiata,24.7,4.2455,,,,132476,2700,Mysid shrimp,Mysidacea (o.),2,Slight,,,1,0.1558,,
"4T Southern Gulf of St. Lawrence Ecosystem Trawl Survey (RV Survey, Needler)",glf4t2005,2005,39,,10,S. L.,2006-01-19,2006,49444,SL49444,201,Thorny skate,Amblyraja radiata,24.7,4.2455,,,,132477,2902,Copepods - 3 mm or less,Copepoda (s.c) - Small,1,Undigested/freshly eaten,,,1,0.0136,,
"4T Southern Gulf of St. Lawrence Ecosystem Trawl Survey (RV Survey, Needler)",glf4t2005,2005,39,,10,S. L.,2006-01-19,2006,49444,SL49444,201,Thorny skate,Amblyraja radiata,24.7,4.2455,,,,132478,2330,Eualus unidentified,Eualus,2,Slight,,,1,0.0321,,
"4T Southern Gulf of St. Lawrence Ecosystem Trawl Survey (RV Survey, Needler)",glf4t2005,2005,39,,10,S. L.,2006-01-19,2006,49444,SL49444,201,Thorny skate,Amblyraja radiata,24.7,4.2455,,,,132479,2811,Gammaridae unidentified,Gammaridae,2,Slight,,,1,2.6394,,
"4T Southern Gulf of St. Lawrence Ecosystem Trawl Survey (RV Survey, Needler)",glf4t2005,2005,39,,10,S. L.,2006-01-19,2006,49444,SL49444,201,Thorny skate,Amblyraja radiata,24.7,4.2455,,,,132480,2000,Crustacean unidentified,Crustacea,4,Advanced,,,1,0.8505,,
"4T Southern Gulf of St. Lawrence Ecosystem Trawl Survey (RV Survey, Needler)",glf4t2005,2005,39,,10,S. L.,2006-01-19,2006,49444,SL49444,201,Thorny skate,Amblyraja radiata,24.7,4.2455,,,,132481,9100,Mucus,Mucus,,,,,1,0.4532,,
"4T Southern Gulf of St. Lawrence Ecosystem Trawl Survey (RV Survey, Needler)",glf4t2005,2005,39,,10,S. L.,2006-01-19,2006,49444,SL49444,201,Thorny skate,Amblyraja radiata,24.7,4.2455,,,,132482,2971,Diastylis sp.,Diastylis,2,Slight,,,1,0.0559,,
"4T Southern Gulf of St. Lawrence Ecosystem Trawl Survey (RV Survey, Needler)",glf4t2005,2005,39,,10,S. L.,2006-01-19,2006,49444,SL49444,201,Thorny skate,Amblyraja radiata,24.7,4.2455,,,,132483,9300,Seaweed/Algae/Kelp unidentified,Obsolete,1,Undigested/freshly eaten,,,1,0.0205,,
"4T Southern Gulf of St. Lawrence Ecosystem Trawl Survey (RV Survey, Needler)",glf4t2005,2005,39,,8,S. L.,2006-01-19,2006,49445,SL49445,201,Thorny skate,Amblyraja radiata,25.2,6.3741,,,,132484,2411,Arctic argid,Argis dentata,2,Slight,,,1,0.3058,,
"4T Southern Gulf of St. Lawrence Ecosystem Trawl Survey (RV Survey, Needler)",glf4t2005,2005,39,,8,S. L.,2006-01-19,2006,49445,SL49445,201,Thorny skate,Amblyraja radiata,25.2,6.3741,,,,132485,2421,Sevenline shrimp,Sabinea septemcarinata,2,Slight,,,1,0.0518,,
"4T Southern Gulf of St. Lawrence Ecosystem Trawl Survey (RV Survey, Needler)",glf4t2005,2005,39,,8,S. L.,2006-01-19,2006,49445,SL49445,201,Thorny skate,Amblyraja radiata,25.2,6.3741,,,,132486,2700,Mysid shrimp,Mysidacea (o.),2,Slight,,,1,0.1263,,
"4T Southern Gulf of St. Lawrence Ecosystem Trawl Survey (RV Survey, Needler)",glf4t2005,2005,39,,8,S. L.,2006-01-19,2006,49445,SL49445,201,Thorny skate,Amblyraja radiata,25.2,6.3741,,,,132487,2971,Diastylis sp.,Diastylis,2,Slight,,,1,0.0278,,
"4T Southern Gulf of St. Lawrence Ecosystem Trawl Survey (RV Survey, Needler)",glf4t2005,2005,39,,8,S. L.,2006-01-19,2006,49445,SL49445,201,Thorny skate,Amblyraja radiata,25.2,6.3741,,,,132488,3100,Bristle worm unidentified,Polychaeta,3,Intermediate,,,1,0.0359,,
"4T Southern Gulf of St. Lawrence Ecosystem Trawl Survey (RV Survey, Needler)",glf4t2005,2005,39,,8,S. L.,2006-01-19,2006,49445,SL49445,201,Thorny skate,Amblyraja radiata,25.2,6.3741,,,,132489,2902,Copepods - 3 mm or less,Copepoda (s.c) - Small,1,Undigested/freshly eaten,,,1,0.0074,,
"4T Southern Gulf of St. Lawrence Ecosystem Trawl Survey (RV Survey, Needler)",glf4t2005,2005,39,,8,S. L.,2006-01-19,2006,49445,SL49445,201,Thorny skate,Amblyraja radiata,25.2,6.3741,,,,132490,2811,Gammaridae unidentified,Gammaridae,2,Slight,,,1,3.9747,,
"4T Southern Gulf of St. Lawrence Ecosystem Trawl Survey (RV Survey, Needler)",glf4t2005,2005,39,,8,S. L.,2006-01-19,2006,49445,SL49445,201,Thorny skate,Amblyraja radiata,25.2,6.3741,,,,132491,2000,Crustacean unidentified,Crustacea,4,Advanced,,,1,0.7719,,
"4T Southern Gulf of St. Lawrence Ecosystem Trawl Survey (RV Survey, Needler)",glf4t2005,2005,39,,8,S. L.,2006-01-19,2006,49445,SL49445,201,Thorny skate,Amblyraja radiata,25.2,6.3741,,,,132492,9100,Mucus,Mucus,,,,,1,1.0725,,
"4T Southern Gulf of St. Lawrence Ecosystem Trawl Survey (RV Survey, Needler)",glf4t2005,2005,39,,21,S. L.,2006-01-19,2006,49446,SL49446,201,Thorny skate,Amblyraja radiata,26.5,4.9471,,,,132493,7100,Round worm unidentified,Nematoda,1,Undigested/freshly eaten,,,1,0.0222,,
"4T Southern Gulf of St. Lawrence Ecosystem Trawl Survey (RV Survey, Needler)",glf4t2005,2005,39,,21,S. L.,2006-01-19,2006,49446,SL49446,201,Thorny skate,Amblyraja radiata,26.5,4.9471,,,,132494,2971,Diastylis sp.,Diastylis,2,Slight,,,1,0.0344,,
"4T Southern Gulf of St. Lawrence Ecosystem Trawl Survey (RV Survey, Needler)",glf4t2005,2005,39,,21,S. L.,2006-01-19,2006,49446,SL49446,201,Thorny skate,Amblyraja radiata,26.5,4.9471,,,,132495,3100,Bristle worm unidentified,Polychaeta,3,Intermediate,,,1,0.0966,,
"4T Southern Gulf of St. Lawrence Ecosystem Trawl Survey (RV Survey, Needler)",glf4t2005,2005,39,,21,S. L.,2006-01-19,2006,49446,SL49446,201,Thorny skate,Amblyraja radiata,26.5,4.9471,,,,132496,2902,Copepods - 3 mm or less,Copepoda (s.c) - Small,1,Undigested/freshly eaten,,,1,0.0297,,
"4T Southern Gulf of St. Lawrence Ecosystem Trawl Survey (RV Survey, Needler)",glf4t2005,2005,39,,21,S. L.,2006-01-19,2006,49446,SL49446,201,Thorny skate,Amblyraja radiata,26.5,4.9471,,,,132497,2700,Mysid shrimp,Mysidacea (o.),2,Slight,,,1,0.1082,,
"4T Southern Gulf of St. Lawrence Ecosystem Trawl Survey (RV Survey, Needler)",glf4t2005,2005,39,,21,S. L.,2006-01-19,2006,49446,SL49446,201,Thorny skate,Amblyraja radiata,26.5,4.9471,,,,132498,2411,Arctic argid,Argis dentata,3,Intermediate,,,1,0.687,,
"4T Southern Gulf of St. Lawrence Ecosystem Trawl Survey (RV Survey, Needler)",glf4t2005,2005,39,,21,S. L.,2006-01-19,2006,49446,SL49446,201,Thorny skate,Amblyraja radiata,26.5,4.9471,,,,132499,2811,Gammaridae unidentified,Gammaridae,2,Slight,,,1,2.4639,,
"4T Southern Gulf of St. Lawrence Ecosystem Trawl Survey (RV Survey, Needler)",glf4t2005,2005,39,,21,S. L.,2006-01-19,2006,49446,SL49446,201,Thorny skate,Amblyraja radiata,26.5,4.9471,,,,132500,2000,Crustacean unidentified,Crustacea,4,Advanced,,,1,0.5196,,
"4T Southern Gulf of St. Lawrence Ecosystem Trawl Survey (RV Survey, Needler)",glf4t2005,2005,39,,21,S. L.,2006-01-19,2006,49446,SL49446,201,Thorny skate,Amblyraja radiata,26.5,4.9471,,,,132501,9100,Mucus,Mucus,,,,,1,0.9855,,
"4T Southern Gulf of St. Lawrence Ecosystem Trawl Survey (RV Survey, Needler)",glf4t2005,2005,39,,12,S. L.,2006-01-23,2006,49447,SL49447,201,Thorny skate,Amblyraja radiata,25.8,5.6311,,,,132502,2421,Sevenline shrimp,Sabinea septemcarinata,2,Slight,,,1,0.0428,,
"4T Southern Gulf of St. Lawrence Ecosystem Trawl Survey (RV Survey, Needler)",glf4t2005,2005,39,,12,S. L.,2006-01-23,2006,49447,SL49447,201,Thorny skate,Amblyraja radiata,25.8,5.6311,,,,132503,3100,Bristle worm unidentified,Polychaeta,3,Intermediate,,,1,0.0756,,
"4T Southern Gulf of St. Lawrence Ecosystem Trawl Survey (RV Survey, Needler)",glf4t2005,2005,39,,12,S. L.,2006-01-23,2006,49447,SL49447,201,Thorny skate,Amblyraja radiata,25.8,5.6311,,,,132504,2700,Mysid shrimp,Mysidacea (o.),2,Slight,,,1,0.0753,,
"4T Southern Gulf of St. Lawrence Ecosystem Trawl Survey (RV Survey, Needler)",glf4t2005,2005,39,,12,S. L.,2006-01-23,2006,49447,SL49447,201,Thorny skate,Amblyraja radiata,25.8,5.6311,,,,132505,2811,Gammaridae unidentified,Gammaridae,2,Slight,,,1,3.8561,,
"4T Southern Gulf of St. Lawrence Ecosystem Trawl Survey (RV Survey, Needler)",glf4t2005,2005,39,,12,S. L.,2006-01-23,2006,49447,SL49447,201,Thorny skate,Amblyraja radiata,25.8,5.6311,,,,132506,2000,Crustacean unidentified,Crustacea,4,Advanced,,,1,0.5367,,
"4T Southern Gulf of St. Lawrence Ecosystem Trawl Survey (RV Survey, Needler)",glf4t2005,2005,39,,12,S. L.,2006-01-23,2006,49447,SL49447,201,Thorny skate,Amblyraja radiata,25.8,5.6311,,,,132507,9100,Mucus,Mucus,,,,,1,1.034,,
"4T Southern Gulf of St. Lawrence Ecosystem Trawl Survey (RV Survey, Needler)",glf4t2005,2005,39,,12,S. L.,2006-01-23,2006,49447,SL49447,201,Thorny skate,Amblyraja radiata,25.8,5.6311,,,,132508,2971,Diastylis sp.,Diastylis,3,Intermediate,,,1,0.0106,,
"4T Southern Gulf of St. Lawrence Ecosystem Trawl Survey (RV Survey, Needler)",glf4t2005,2005,39,,19,S. L.,2006-01-24,2006,49448,SL49448,201,Thorny skate,Amblyraja radiata,27.4,7.6702,,,,132509,2902,Copepods - 3 mm or less,Copepoda (s.c) - Small,1,Undigested/freshly eaten,,,1,0.0009,,
"4T Southern Gulf of St. Lawrence Ecosystem Trawl Survey (RV Survey, Needler)",glf4t2005,2005,39,,19,S. L.,2006-01-24,2006,49448,SL49448,201,Thorny skate,Amblyraja radiata,27.4,7.6702,,,,132510,2700,Mysid shrimp,Mysidacea (o.),2,Slight,,,1,0.057,,
"4T Southern Gulf of St. Lawrence Ecosystem Trawl Survey (RV Survey, Needler)",glf4t2005,2005,39,,19,S. L.,2006-01-24,2006,49448,SL49448,201,Thorny skate,Amblyraja radiata,27.4,7.6702,,,,132511,2411,Arctic argid,Argis dentata,2,Slight,,,1,1.2743,,
"4T Southern Gulf of St. Lawrence Ecosystem Trawl Survey (RV Survey, Needler)",glf4t2005,2005,39,,19,S. L.,2006-01-24,2006,49448,SL49448,201,Thorny skate,Amblyraja radiata,27.4,7.6702,,,,132512,2971,Diastylis sp.,Diastylis,2,Slight,,,1,0.3247,,
"4T Southern Gulf of St. Lawrence Ecosystem Trawl Survey (RV Survey, Needler)",glf4t2005,2005,39,,19,S. L.,2006-01-24,2006,49448,SL49448,201,Thorny skate,Amblyraja radiata,27.4,7.6702,,,,132513,3100,Bristle worm unidentified,Polychaeta,2,Slight,,,1,0.4023,,
"4T Southern Gulf of St. Lawrence Ecosystem Trawl Survey (RV Survey, Needler)",glf4t2005,2005,39,,19,S. L.,2006-01-24,2006,49448,SL49448,201,Thorny skate,Amblyraja radiata,27.4,7.6702,,,,132514,2811,Gammaridae unidentified,Gammaridae,3,Intermediate,,,1,4.345,,
"4T Southern Gulf of St. Lawrence Ecosystem Trawl Survey (RV Survey, Needler)",glf4t2005,2005,39,,19,S. L.,2006-01-24,2006,49448,SL49448,201,Thorny skate,Amblyraja radiata,27.4,7.6702,,,,132515,2000,Crustacean unidentified,Crustacea,4,Advanced,,,1,0.6238,,
"4T Southern Gulf of St. Lawrence Ecosystem Trawl Survey (RV Survey, Needler)",glf4t2005,2005,39,,19,S. L.,2006-01-24,2006,49448,SL49448,201,Thorny skate,Amblyraja radiata,27.4,7.6702,,,,132516,9100,Mucus,Mucus,,,,,1,0.6317,,
"4T Southern Gulf of St. Lawrence Ecosystem Trawl Survey (RV Survey, Needler)",glf4t2005,2005,39,,19,S. L.,2006-01-24,2006,49448,SL49448,201,Thorny skate,Amblyraja radiata,27.4,7.6702,,,,132517,2100,Decapod unidentified,Decapoda,4,Advanced,,,1,0.0105,,
"4T Southern Gulf of St. Lawrence Ecosystem Trawl Survey (RV Survey, Needler)",glf4t2005,2005,39,,23,S. L.,2006-01-24,2006,49449,SL49449,201,Thorny skate,Amblyraja radiata,27.1,7.6188,,,,132518,2700,Mysid shrimp,Mysidacea (o.),2,Slight,,,1,0.221,,
"4T Southern Gulf of St. Lawrence Ecosystem Trawl Survey (RV Survey, Needler)",glf4t2005,2005,39,,23,S. L.,2006-01-24,2006,49449,SL49449,201,Thorny skate,Amblyraja radiata,27.1,7.6188,,,,132519,2971,Diastylis sp.,Diastylis,3,Intermediate,,,1,0.0362,,
"4T Southern Gulf of St. Lawrence Ecosystem Trawl Survey (RV Survey, Needler)",glf4t2005,2005,39,,23,S. L.,2006-01-24,2006,49449,SL49449,201,Thorny skate,Amblyraja radiata,27.1,7.6188,,,,132520,7100,Round worm unidentified,Nematoda,1,Undigested/freshly eaten,,,1,0.0264,,
"4T Southern Gulf of St. Lawrence Ecosystem Trawl Survey (RV Survey, Needler)",glf4t2005,2005,39,,23,S. L.,2006-01-24,2006,49449,SL49449,201,Thorny skate,Amblyraja radiata,27.1,7.6188,,,,132521,3100,Bristle worm unidentified,Polychaeta,2,Slight,,,1,0.1495,,
"4T Southern Gulf of St. Lawrence Ecosystem Trawl Survey (RV Survey, Needler)",glf4t2005,2005,39,,23,S. L.,2006-01-24,2006,49449,SL49449,201,Thorny skate,Amblyraja radiata,27.1,7.6188,,,,132522,2902,Copepods - 3 mm or less,Copepoda (s.c) - Small,2,Slight,,,1,0.0451,,
"4T Southern Gulf of St. Lawrence Ecosystem Trawl Survey (RV Survey, Needler)",glf4t2005,2005,39,,23,S. L.,2006-01-24,2006,49449,SL49449,201,Thorny skate,Amblyraja radiata,27.1,7.6188,,,,132523,2811,Gammaridae unidentified,Gammaridae,2,Slight,,,1,5.089,,
"4T Southern Gulf of St. Lawrence Ecosystem Trawl Survey (RV Survey, Needler)",glf4t2005,2005,39,,23,S. L.,2006-01-24,2006,49449,SL49449,201,Thorny skate,Amblyraja radiata,27.1,7.6188,,,,132524,2000,Crustacean unidentified,Crustacea,4,Advanced,,,1,1.279,,
"4T Southern Gulf of St. Lawrence Ecosystem Trawl Survey (RV Survey, Needler)",glf4t2005,2005,39,,23,S. L.,2006-01-24,2006,49449,SL49449,201,Thorny skate,Amblyraja radiata,27.1,7.6188,,,,132525,9100,Mucus,Mucus,,,,,1,0.7726,,
"4T Southern Gulf of St. Lawrence Ecosystem Trawl Survey (RV Survey, Needler)",glf4t2005,2005,39,,15,S. L.,2006-01-24,2006,49450,SL49450,201,Thorny skate,Amblyraja radiata,29.0,6.8592,,,,132526,3100,Bristle worm unidentified,Polychaeta,2,Slight,,,1,0.3851,,
"4T Southern Gulf of St. Lawrence Ecosystem Trawl Survey (RV Survey, Needler)",glf4t2005,2005,39,,15,S. L.,2006-01-24,2006,49450,SL49450,201,Thorny skate,Amblyraja radiata,29.0,6.8592,,,,132527,2700,Mysid shrimp,Mysidacea (o.),2,Slight,,,1,0.1038,,
"4T Southern Gulf of St. Lawrence Ecosystem Trawl Survey (RV Survey, Needler)",glf4t2005,2005,39,,15,S. L.,2006-01-24,2006,49450,SL49450,201,Thorny skate,Amblyraja radiata,29.0,6.8592,,,,132528,2811,Gammaridae unidentified,Gammaridae,2,Slight,,,1,3.7282,,
"4T Southern Gulf of St. Lawrence Ecosystem Trawl Survey (RV Survey, Needler)",glf4t2005,2005,39,,15,S. L.,2006-01-24,2006,49450,SL49450,201,Thorny skate,Amblyraja radiata,29.0,6.8592,,,,132529,2902,Copepods - 3 mm or less,Copepoda (s.c) - Small,1,Undigested/freshly eaten,,,1,0.0051,,
"4T Southern Gulf of St. Lawrence Ecosystem Trawl Survey (RV Survey, Needler)",glf4t2005,2005,39,,15,S. L.,2006-01-24,2006,49450,SL49450,201,Thorny skate,Amblyraja radiata,29.0,6.8592,,,,132530,2526,Snow crab,Chionoecetes opilio,2,Slight,13.0,,1,0.2214,,
"4T Southern Gulf of St. Lawrence Ecosystem Trawl Survey (RV Survey, Needler)",glf4t2005,2005,39,,15,S. L.,2006-01-24,2006,49450,SL49450,201,Thorny skate,Amblyraja radiata,29.0,6.8592,,,,132531,2000,Crustacean unidentified,Crustacea,4,Advanced,,,1,0.8513,,
"4T Southern Gulf of St. Lawrence Ecosystem Trawl Survey (RV Survey, Needler)",glf4t2005,2005,39,,15,S. L.,2006-01-24,2006,49450,SL49450,201,Thorny skate,Amblyraja radiata,29.0,6.8592,,,,132532,9100,Mucus,Mucus,,,,,1,1.5643,,
"4T Southern Gulf of St. Lawrence Ecosystem Trawl Survey (RV Survey, Needler)",glf4t2005,2005,39,,22,S. L.,2006-01-24,2006,49451,SL49451,201,Thorny skate,Amblyraja radiata,30.5,12.0112,,,,132533,2811,Gammaridae unidentified,Gammaridae,2,Slight,,,1,0.2773,,
"4T Southern Gulf of St. Lawrence Ecosystem Trawl Survey (RV Survey, Needler)",glf4t2005,2005,39,,22,S. L.,2006-01-24,2006,49451,SL49451,201,Thorny skate,Amblyraja radiata,30.5,12.0112,,,,132534,3100,Bristle worm unidentified,Polychaeta,2,Slight,,,1,2.2328,,
"4T Southern Gulf of St. Lawrence Ecosystem Trawl Survey (RV Survey, Needler)",glf4t2005,2005,39,,22,S. L.,2006-01-24,2006,49451,SL49451,201,Thorny skate,Amblyraja radiata,30.5,12.0112,,,,132535,2411,Arctic argid,Argis dentata,2,Slight,,,1,2.1857,,
"4T Southern Gulf of St. Lawrence Ecosystem Trawl Survey (RV Survey, Needler)",glf4t2005,2005,39,,22,S. L.,2006-01-24,2006,49451,SL49451,201,Thorny skate,Amblyraja radiata,30.5,12.0112,,,,132536,2700,Mysid shrimp,Mysidacea (o.),2,Slight,,,1,0.0591,,
"4T Southern Gulf of St. Lawrence Ecosystem Trawl Survey (RV Survey, Needler)",glf4t2005,2005,39,,22,S. L.,2006-01-24,2006,49451,SL49451,201,Thorny skate,Amblyraja radiata,30.5,12.0112,,,,132537,2100,Decapod unidentified,Decapoda,3,Intermediate,,,1,0.0534,,
"4T Southern Gulf of St. Lawrence Ecosystem Trawl Survey (RV Survey, Needler)",glf4t2005,2005,39,,22,S. L.,2006-01-24,2006,49451,SL49451,201,Thorny skate,Amblyraja radiata,30.5,12.0112,,,,132538,7100,Round worm unidentified,Nematoda,1,Undigested/freshly eaten,,,1,0.0039,,
"4T Southern Gulf of St. Lawrence Ecosystem Trawl Survey (RV Survey, Needler)",glf4t2005,2005,39,,22,S. L.,2006-01-24,2006,49451,SL49451,201,Thorny skate,Amblyraja radiata,30.5,12.0112,,,,132539,2400,Crangonid shrimp unidentified,Crangonidae,4,Advanced,,,1,1.1623,,
"4T Southern Gulf of St. Lawrence Ecosystem Trawl Survey (RV Survey, Needler)",glf4t2005,2005,39,,22,S. L.,2006-01-24,2006,49451,SL49451,201,Thorny skate,Amblyraja radiata,30.5,12.0112,,,,132540,2526,Snow crab,Chionoecetes opilio,2,Slight,15.0,,1,0.9031,,
"4T Southern Gulf of St. Lawrence Ecosystem Trawl Survey (RV Survey, Needler)",glf4t2005,2005,39,,22,S. L.,2006-01-24,2006,49451,SL49451,201,Thorny skate,Amblyraja radiata,30.5,12.0112,,,,132541,2526,Snow crab,Chionoecetes opilio,2,Slight,18.0,,1,2.3339,,
"4T Southern Gulf of St. Lawrence Ecosystem Trawl Survey (RV Survey, Needler)",glf4t2005,2005,39,,22,S. L.,2006-01-24,2006,49451,SL49451,201,Thorny skate,Amblyraja radiata,30.5,12.0112,,,,132542,2526,Snow crab,Chionoecetes opilio,3,Intermediate,11.0,,1,0.4299,,
"4T Southern Gulf of St. Lawrence Ecosystem Trawl Survey (RV Survey, Needler)",glf4t2005,2005,39,,22,S. L.,2006-01-24,2006,49451,SL49451,201,Thorny skate,Amblyraja radiata,30.5,12.0112,,,,132543,2526,Snow crab,Chionoecetes opilio,2,Slight,,,1,0.1427,,
"4T Southern Gulf of St. Lawrence Ecosystem Trawl Survey (RV Survey, Needler)",glf4t2005,2005,39,,22,S. L.,2006-01-24,2006,49451,SL49451,201,Thorny skate,Amblyraja radiata,30.5,12.0112,,,,132544,2000,Crustacean unidentified,Crustacea,4,Advanced,,,1,0.9557,,
"4T Southern Gulf of St. Lawrence Ecosystem Trawl Survey (RV Survey, Needler)",glf4t2005,2005,39,,22,S. L.,2006-01-24,2006,49451,SL49451,201,Thorny skate,Amblyraja radiata,30.5,12.0112,,,,132545,9000,Digested remains unidentified,"Unid remains,digested",,,,,1,1.2714,,
"4T Southern Gulf of St. Lawrence Ecosystem Trawl Survey (RV Survey, Needler)",glf4t2005,2005,39,,17,S. L.,2006-01-26,2006,49452,SL49452,201,Thorny skate,Amblyraja radiata,23.6,4.1955,,,,132546,2421,Sevenline shrimp,Sabinea septemcarinata,2,Slight,,,1,0.5995,,
"4T Southern Gulf of St. Lawrence Ecosystem Trawl Survey (RV Survey, Needler)",glf4t2005,2005,39,,17,S. L.,2006-01-26,2006,49452,SL49452,201,Thorny skate,Amblyraja radiata,23.6,4.1955,,,,132547,2900,Copepods,Copepoda,1,Undigested/freshly eaten,,,1,0.0027,,
"4T Southern Gulf of St. Lawrence Ecosystem Trawl Survey (RV Survey, Needler)",glf4t2005,2005,39,,17,S. L.,2006-01-26,2006,49452,SL49452,201,Thorny skate,Amblyraja radiata,23.6,4.1955,,,,132548,2971,Diastylis sp.,Diastylis,2,Slight,,,1,0.0731,,
"4T Southern Gulf of St. Lawrence Ecosystem Trawl Survey (RV Survey, Needler)",glf4t2005,2005,39,,17,S. L.,2006-01-26,2006,49452,SL49452,201,Thorny skate,Amblyraja radiata,23.6,4.1955,,,,132549,3100,Bristle worm unidentified,Polychaeta,3,Intermediate,,,1,0.1294,,
"4T Southern Gulf of St. Lawrence Ecosystem Trawl Survey (RV Survey, Needler)",glf4t2005,2005,39,,17,S. L.,2006-01-26,2006,49452,SL49452,201,Thorny skate,Amblyraja radiata,23.6,4.1955,,,,132550,2811,Gammaridae unidentified,Gammaridae,2,Slight,,,1,2.1016,,
"4T Southern Gulf of St. Lawrence Ecosystem Trawl Survey (RV Survey, Needler)",glf4t2005,2005,39,,17,S. L.,2006-01-26,2006,49452,SL49452,201,Thorny skate,Amblyraja radiata,23.6,4.1955,,,,132551,2000,Crustacean unidentified,Crustacea,4,Advanced,,,1,0.6854,,
"4T Southern Gulf of St. Lawrence Ecosystem Trawl Survey (RV Survey, Needler)",glf4t2005,2005,39,,17,S. L.,2006-01-26,2006,49452,SL49452,201,Thorny skate,Amblyraja radiata,23.6,4.1955,,,,132552,9100,Mucus,Mucus,,,,,1,0.6038,,
"4T Southern Gulf of St. Lawrence Ecosystem Trawl Survey (RV Survey, Needler)",glf4t2005,2005,39,,15,S. L.,2006-01-26,2006,49453,SL49453,201,Thorny skate,Amblyraja radiata,20.1,4.1689,,,,132553,2900,Copepods,Copepoda,1,Undigested/freshly eaten,,,1,0.0021,,
"4T Southern Gulf of St. Lawrence Ecosystem Trawl Survey (RV Survey, Needler)",glf4t2005,2005,39,,15,S. L.,2006-01-26,2006,49453,SL49453,201,Thorny skate,Amblyraja radiata,20.1,4.1689,,,,132554,2971,Diastylis sp.,Diastylis,2,Slight,,,1,0.1273,,
"4T Southern Gulf of St. Lawrence Ecosystem Trawl Survey (RV Survey, Needler)",glf4t2005,2005,39,,15,S. L.,2006-01-26,2006,49453,SL49453,201,Thorny skate,Amblyraja radiata,20.1,4.1689,,,,132555,3100,Bristle worm unidentified,Polychaeta,3,Intermediate,,,1,0.4249,,
"4T Southern Gulf of St. Lawrence Ecosystem Trawl Survey (RV Survey, Needler)",glf4t2005,2005,39,,15,S. L.,2006-01-26,2006,49453,SL49453,201,Thorny skate,Amblyraja radiata,20.1,4.1689,,,,132556,2811,Gammaridae unidentified,Gammaridae,2,Slight,,,1,3.2995,,
"4T Southern Gulf of St. Lawrence Ecosystem Trawl Survey (RV Survey, Needler)",glf4t2005,2005,39,,15,S. L.,2006-01-26,2006,49453,SL49453,201,Thorny skate,Amblyraja radiata,20.1,4.1689,,,,132557,9100,Mucus,Mucus,,,,,1,0.3151,,
"4T Southern Gulf of St. Lawrence Ecosystem Trawl Survey (RV Survey, Needler)",glf4t2005,2005,39,,16,S. L.,2006-01-27,2006,49454,SL49454,201,Thorny skate,Amblyraja radiata,28.7,11.9685,,,,132558,2500,Crab sp.,Crab sp.,3,Intermediate,4.0,,1,0.0388,,
"4T Southern Gulf of St. Lawrence Ecosystem Trawl Survey (RV Survey, Needler)",glf4t2005,2005,39,,16,S. L.,2006-01-27,2006,49454,SL49454,201,Thorny skate,Amblyraja radiata,28.7,11.9685,,,,132559,2971,Diastylis sp.,Diastylis,2,Slight,,,1,0.0789,,
"4T Southern Gulf of St. Lawrence Ecosystem Trawl Survey (RV Survey, Needler)",glf4t2005,2005,39,,16,S. L.,2006-01-27,2006,49454,SL49454,201,Thorny skate,Amblyraja radiata,28.7,11.9685,,,,132560,3100,Bristle worm unidentified,Polychaeta,2,Slight,,,1,1.5273,,
"4T Southern Gulf of St. Lawrence Ecosystem Trawl Survey (RV Survey, Needler)",glf4t2005,2005,39,,16,S. L.,2006-01-27,2006,49454,SL49454,201,Thorny skate,Amblyraja radiata,28.7,11.9685,,,,132561,2411,Arctic argid,Argis dentata,3,Intermediate,,,1,1.651,,
"4T Southern Gulf of St. Lawrence Ecosystem Trawl Survey (RV Survey, Needler)",glf4t2005,2005,39,,16,S. L.,2006-01-27,2006,49454,SL49454,201,Thorny skate,Amblyraja radiata,28.7,11.9685,,,,132562,2811,Gammaridae unidentified,Gammaridae,2,Slight,,,1,4.3642,,
"4T Southern Gulf of St. Lawrence Ecosystem Trawl Survey (RV Survey, Needler)",glf4t2005,2005,39,,16,S. L.,2006-01-27,2006,49454,SL49454,201,Thorny skate,Amblyraja radiata,28.7,11.9685,,,,132563,2900,Copepods,Copepoda,1,Undigested/freshly eaten,,,1,0.0013,,
"4T Southern Gulf of St. Lawrence Ecosystem Trawl Survey (RV Survey, Needler)",glf4t2005,2005,39,,16,S. L.,2006-01-27,2006,49454,SL49454,201,Thorny skate,Amblyraja radiata,28.7,11.9685,,,,132564,2400,Crangonid shrimp unidentified,Crangonidae,4,Advanced,,,1,3.1645,,
"4T Southern Gulf of St. Lawrence Ecosystem Trawl Survey (RV Survey, Needler)",glf4t2005,2005,39,,16,S. L.,2006-01-27,2006,49454,SL49454,201,Thorny skate,Amblyraja radiata,28.7,11.9685,,,,132565,9100,Mucus,Mucus,,,,,1,1.1025,,
"4T Southern Gulf of St. Lawrence Ecosystem Trawl Survey (RV Survey, Needler)",glf4t2005,2005,39,,16,S. L.,2006-01-27,2006,49454,SL49454,201,Thorny skate,Amblyraja radiata,28.7,11.9685,,,,132566,2330,Eualus unidentified,Eualus,2,Slight,,,1,0.04,,
"4T Southern Gulf of St. Lawrence Ecosystem Trawl Survey (RV Survey, Needler)",glf4t2005,2005,39,,14,S. L.,2006-01-30,2006,49455,SL49455,201,Thorny skate,Amblyraja radiata,27.4,8.8848,,,,132567,2971,Diastylis sp.,Diastylis,2,Slight,,,1,0.0764,,
"4T Southern Gulf of St. Lawrence Ecosystem Trawl Survey (RV Survey, Needler)",glf4t2005,2005,39,,14,S. L.,2006-01-30,2006,49455,SL49455,201,Thorny skate,Amblyraja radiata,27.4,8.8848,,,,132568,2700,Mysid shrimp,Mysidacea (o.),2,Slight,,,1,0.0785,,
"4T Southern Gulf of St. Lawrence Ecosystem Trawl Survey (RV Survey, Needler)",glf4t2005,2005,39,,14,S. L.,2006-01-30,2006,49455,SL49455,201,Thorny skate,Amblyraja radiata,27.4,8.8848,,,,132569,3100,Bristle worm unidentified,Polychaeta,3,Intermediate,,,1,0.0442,,
"4T Southern Gulf of St. Lawrence Ecosystem Trawl Survey (RV Survey, Needler)",glf4t2005,2005,39,,14,S. L.,2006-01-30,2006,49455,SL49455,201,Thorny skate,Amblyraja radiata,27.4,8.8848,,,,132570,2411,Arctic argid,Argis dentata,2,Slight,,,1,1.6307,,
"4T Southern Gulf of St. Lawrence Ecosystem Trawl Survey (RV Survey, Needler)",glf4t2005,2005,39,,14,S. L.,2006-01-30,2006,49455,SL49455,201,Thorny skate,Amblyraja radiata,27.4,8.8848,,,,132571,2811,Gammaridae unidentified,Gammaridae,1,Undigested/freshly eaten,,,1,5.561,,
"4T Southern Gulf of St. Lawrence Ecosystem Trawl Survey (RV Survey, Needler)",glf4t2005,2005,39,,14,S. L.,2006-01-30,2006,49455,SL49455,201,Thorny skate,Amblyraja radiata,27.4,8.8848,,,,132572,2000,Crustacean unidentified,Crustacea,4,Advanced,,,1,0.6697,,
"4T Southern Gulf of St. Lawrence Ecosystem Trawl Survey (RV Survey, Needler)",glf4t2005,2005,39,,14,S. L.,2006-01-30,2006,49455,SL49455,201,Thorny skate,Amblyraja radiata,27.4,8.8848,,,,132573,9100,Mucus,Mucus,,,,,1,0.8243,,
"4T Southern Gulf of St. Lawrence Ecosystem Trawl Survey (RV Survey, Needler)",glf4t2005,2005,39,,20,S. L.,2006-01-30,2006,49456,SL49456,201,Thorny skate,Amblyraja radiata,31.1,10.0142,,,,132574,3100,Bristle worm unidentified,Polychaeta,2,Slight,,,1,1.836,,
"4T Southern Gulf of St. Lawrence Ecosystem Trawl Survey (RV Survey, Needler)",glf4t2005,2005,39,,20,S. L.,2006-01-30,2006,49456,SL49456,201,Thorny skate,Amblyraja radiata,31.1,10.0142,,,,132575,2526,Snow crab,Chionoecetes opilio,2,Slight,8.0,,1,0.3224,,
"4T Southern Gulf of St. Lawrence Ecosystem Trawl Survey (RV Survey, Needler)",glf4t2005,2005,39,,20,S. L.,2006-01-30,2006,49456,SL49456,201,Thorny skate,Amblyraja radiata,31.1,10.0142,,,,132576,2700,Mysid shrimp,Mysidacea (o.),2,Slight,,,1,0.0279,,
"4T Southern Gulf of St. Lawrence Ecosystem Trawl Survey (RV Survey, Needler)",glf4t2005,2005,39,,20,S. L.,2006-01-30,2006,49456,SL49456,201,Thorny skate,Amblyraja radiata,31.1,10.0142,,,,132577,,,,2,Slight,,,1,0.0431,,
"4T Southern Gulf of St. Lawrence Ecosystem Trawl Survey (RV Survey, Needler)",glf4t2005,2005,39,,20,S. L.,2006-01-30,2006,49456,SL49456,201,Thorny skate,Amblyraja radiata,31.1,10.0142,,,,132578,2811,Gammaridae unidentified,Gammaridae,2,Slight,,,1,4.7125,,
"4T Southern Gulf of St. Lawrence Ecosystem Trawl Survey (RV Survey, Needler)",glf4t2005,2005,39,,20,S. L.,2006-01-30,2006,49456,SL49456,201,Thorny skate,Amblyraja radiata,31.1,10.0142,,,,132579,2559,Hermit Crabs (sf.),Paguridae,3,Intermediate,,,1,0.2801,,
"4T Southern Gulf of St. Lawrence Ecosystem Trawl Survey (RV Survey, Needler)",glf4t2005,2005,39,,20,S. L.,2006-01-30,2006,49456,SL49456,201,Thorny skate,Amblyraja radiata,31.1,10.0142,,,,132580,2000,Crustacean unidentified,Crustacea,4,Advanced,,,1,0.9331,,
"4T Southern Gulf of St. Lawrence Ecosystem Trawl Survey (RV Survey, Needler)",glf4t2005,2005,39,,20,S. L.,2006-01-30,2006,49456,SL49456,201,Thorny skate,Amblyraja radiata,31.1,10.0142,,,,132581,9100,Mucus,Mucus,,,,,1,1.8591,,
"4T Southern Gulf of St. Lawrence Ecosystem Trawl Survey (RV Survey, Needler)",glf4t2005,2005,39,,18,S. L.,2006-01-30,2006,49457,SL49457,201,Thorny skate,Amblyraja radiata,28.1,9.2584,,,,132582,2526,Snow crab,Chionoecetes opilio,2,Slight,9.0,,1,0.2329,,
"4T Southern Gulf of St. Lawrence Ecosystem Trawl Survey (RV Survey, Needler)",glf4t2005,2005,39,,18,S. L.,2006-01-30,2006,49457,SL49457,201,Thorny skate,Amblyraja radiata,28.1,9.2584,,,,132583,7100,Round worm unidentified,Nematoda,1,Undigested/freshly eaten,,,1,0.0923,,
"4T Southern Gulf of St. Lawrence Ecosystem Trawl Survey (RV Survey, Needler)",glf4t2005,2005,39,,18,S. L.,2006-01-30,2006,49457,SL49457,201,Thorny skate,Amblyraja radiata,28.1,9.2584,,,,132584,2971,Diastylis sp.,Diastylis,2,Slight,,,1,0.0234,,
"4T Southern Gulf of St. Lawrence Ecosystem Trawl Survey (RV Survey, Needler)",glf4t2005,2005,39,,18,S. L.,2006-01-30,2006,49457,SL49457,201,Thorny skate,Amblyraja radiata,28.1,9.2584,,,,132585,2100,Decapod unidentified,Decapoda,3,Intermediate,,,1,0.0165,,
"4T Southern Gulf of St. Lawrence Ecosystem Trawl Survey (RV Survey, Needler)",glf4t2005,2005,39,,18,S. L.,2006-01-30,2006,49457,SL49457,201,Thorny skate,Amblyraja radiata,28.1,9.2584,,,,132586,2411,Arctic argid,Argis dentata,2,Slight,,,1,2.0248,,
"4T Southern Gulf of St. Lawrence Ecosystem Trawl Survey (RV Survey, Needler)",glf4t2005,2005,39,,18,S. L.,2006-01-30,2006,49457,SL49457,201,Thorny skate,Amblyraja radiata,28.1,9.2584,,,,132587,2811,Gammaridae unidentified,Gammaridae,2,Slight,,,1,5.696,,
"4T Southern Gulf of St. Lawrence Ecosystem Trawl Survey (RV Survey, Needler)",glf4t2005,2005,39,,18,S. L.,2006-01-30,2006,49457,SL49457,201,Thorny skate,Amblyraja radiata,28.1,9.2584,,,,132588,3100,Bristle worm unidentified,Polychaeta,3,Intermediate,,,1,0.3384,,
"4T Southern Gulf of St. Lawrence Ecosystem Trawl Survey (RV Survey, Needler)",glf4t2005,2005,39,,18,S. L.,2006-01-30,2006,49457,SL49457,201,Thorny skate,Amblyraja radiata,28.1,9.2584,,,,132589,9000,Digested remains unidentified,"Unid remains,digested",,,,,1,0.8391,,
"4T Southern Gulf of St. Lawrence Ecosystem Trawl Survey (RV Survey, Needler)",glf4t2005,2005,39,,22,S. L.,2006-01-31,2006,49458,SL49458,201,Thorny skate,Amblyraja radiata,52.5,34.2414,,,,132590,2526,Snow crab,Chionoecetes opilio,1,Undigested/freshly eaten,20.0,,1,4.0991,,
"4T Southern Gulf of St. Lawrence Ecosystem Trawl Survey (RV Survey, Needler)",glf4t2005,2005,39,,22,S. L.,2006-01-31,2006,49458,SL49458,201,Thorny skate,Amblyraja radiata,52.5,34.2414,,,,132591,2411,Arctic argid,Argis dentata,2,Slight,,,1,14.919,,
"4T Southern Gulf of St. Lawrence Ecosystem Trawl Survey (RV Survey, Needler)",glf4t2005,2005,39,,22,S. L.,2006-01-31,2006,49458,SL49458,201,Thorny skate,Amblyraja radiata,52.5,34.2414,,,,132592,2500,Crab sp.,Crab sp.,4,Advanced,,,1,6.1601,,
"4T Southern Gulf of St. Lawrence Ecosystem Trawl Survey (RV Survey, Needler)",glf4t2005,2005,39,,22,S. L.,2006-01-31,2006,49458,SL49458,201,Thorny skate,Amblyraja radiata,52.5,34.2414,,,,132593,2000,Crustacean unidentified,Crustacea,4,Advanced,,,1,2.0835,,
"4T Southern Gulf of St. Lawrence Ecosystem Trawl Survey (RV Survey, Needler)",glf4t2005,2005,39,,22,S. L.,2006-01-31,2006,49458,SL49458,201,Thorny skate,Amblyraja radiata,52.5,34.2414,,,,132594,9100,Mucus,Mucus,,,,,1,6.9797,,
"4T Southern Gulf of St. Lawrence Ecosystem Trawl Survey (RV Survey, Needler)",glf4t2005,2005,39,,21,S. L.,2006-02-10,2006,49459,SL49459,201,Thorny skate,Amblyraja radiata,30.2,20.0185,,,,132595,2526,Snow crab,Chionoecetes opilio,3,Intermediate,8.0,,1,0.1216,,
"4T Southern Gulf of St. Lawrence Ecosystem Trawl Survey (RV Survey, Needler)",glf4t2005,2005,39,,21,S. L.,2006-02-10,2006,49459,SL49459,201,Thorny skate,Amblyraja radiata,30.2,20.0185,,,,132596,2500,Crab sp.,Crab sp.,4,Advanced,,,1,0.6029,,
"4T Southern Gulf of St. Lawrence Ecosystem Trawl Survey (RV Survey, Needler)",glf4t2005,2005,39,,21,S. L.,2006-02-10,2006,49459,SL49459,201,Thorny skate,Amblyraja radiata,30.2,20.0185,,,,132597,2400,Crangonid shrimp unidentified,Crangonidae,4,Advanced,,,1,1.63,,
"4T Southern Gulf of St. Lawrence Ecosystem Trawl Survey (RV Survey, Needler)",glf4t2005,2005,39,,21,S. L.,2006-02-10,2006,49459,SL49459,201,Thorny skate,Amblyraja radiata,30.2,20.0185,,,,132598,7100,Round worm unidentified,Nematoda,1,Undigested/freshly eaten,,,1,0.0067,,
"4T Southern Gulf of St. Lawrence Ecosystem Trawl Survey (RV Survey, Needler)",glf4t2005,2005,39,,21,S. L.,2006-02-10,2006,49459,SL49459,201,Thorny skate,Amblyraja radiata,30.2,20.0185,,,,132599,2700,Mysid shrimp,Mysidacea (o.),3,Intermediate,,,1,0.0046,,
"4T Southern Gulf of St. Lawrence Ecosystem Trawl Survey (RV Survey, Needler)",glf4t2005,2005,39,,21,S. L.,2006-02-10,2006,49459,SL49459,201,Thorny skate,Amblyraja radiata,30.2,20.0185,,,,132600,2811,Gammaridae unidentified,Gammaridae,2,Slight,,,1,2.4293,,
"4T Southern Gulf of St. Lawrence Ecosystem Trawl Survey (RV Survey, Needler)",glf4t2005,2005,39,,21,S. L.,2006-02-10,2006,49459,SL49459,201,Thorny skate,Amblyraja radiata,30.2,20.0185,,,,132601,2411,Arctic argid,Argis dentata,2,Slight,,,1,3.1755,,
"4T Southern Gulf of St. Lawrence Ecosystem Trawl Survey (RV Survey, Needler)",glf4t2005,2005,39,,21,S. L.,2006-02-10,2006,49459,SL49459,201,Thorny skate,Amblyraja radiata,30.2,20.0185,,,,132602,2421,Sevenline shrimp,Sabinea septemcarinata,2,Slight,,,1,3.9393,,
"4T Southern Gulf of St. Lawrence Ecosystem Trawl Survey (RV Survey, Needler)",glf4t2005,2005,39,,21,S. L.,2006-02-10,2006,49459,SL49459,201,Thorny skate,Amblyraja radiata,30.2,20.0185,,,,132603,3100,Bristle worm unidentified,Polychaeta,3,Intermediate,,,1,2.91112,,
"4T Southern Gulf of St. Lawrence Ecosystem Trawl Survey (RV Survey, Needler)",glf4t2005,2005,39,,21,S. L.,2006-02-10,2006,49459,SL49459,201,Thorny skate,Amblyraja radiata,30.2,20.0185,,,,132604,2000,Crustacean unidentified,Crustacea,4,Advanced,,,1,2.81,,
"4T Southern Gulf of St. Lawrence Ecosystem Trawl Survey (RV Survey, Needler)",glf4t2005,2005,39,,21,S. L.,2006-02-10,2006,49459,SL49459,201,Thorny skate,Amblyraja radiata,30.2,20.0185,,,,132605,9000,Digested remains unidentified,"Unid remains,digested",,,,,1,2.3877,,
"4T Southern Gulf of St. Lawrence Ecosystem Trawl Survey (RV Survey, Needler)",glf4t2005,2005,39,,19,S. L.,2006-02-10,2006,49460,SL49460,201,Thorny skate,Amblyraja radiata,32.7,14.8888,,,,132606,2500,Crab sp.,Crab sp.,3,Intermediate,,,1,0.0899,,
"4T Southern Gulf of St. Lawrence Ecosystem Trawl Survey (RV Survey, Needler)",glf4t2005,2005,39,,19,S. L.,2006-02-10,2006,49460,SL49460,201,Thorny skate,Amblyraja radiata,32.7,14.8888,,,,132607,2500,Crab sp.,Crab sp.,3,Intermediate,,,1,0.0462,,
"4T Southern Gulf of St. Lawrence Ecosystem Trawl Survey (RV Survey, Needler)",glf4t2005,2005,39,,19,S. L.,2006-02-10,2006,49460,SL49460,201,Thorny skate,Amblyraja radiata,32.7,14.8888,,,,132608,2411,Arctic argid,Argis dentata,1,Undigested/freshly eaten,,,1,0.6079,,
"4T Southern Gulf of St. Lawrence Ecosystem Trawl Survey (RV Survey, Needler)",glf4t2005,2005,39,,19,S. L.,2006-02-10,2006,49460,SL49460,201,Thorny skate,Amblyraja radiata,32.7,14.8888,,,,132609,2421,Sevenline shrimp,Sabinea septemcarinata,1,Undigested/freshly eaten,,,1,2.8212,,
"4T Southern Gulf of St. Lawrence Ecosystem Trawl Survey (RV Survey, Needler)",glf4t2005,2005,39,,19,S. L.,2006-02-10,2006,49460,SL49460,201,Thorny skate,Amblyraja radiata,32.7,14.8888,,,,132610,2971,Diastylis sp.,Diastylis,2,Slight,,,1,0.0655,,
"4T Southern Gulf of St. Lawrence Ecosystem Trawl Survey (RV Survey, Needler)",glf4t2005,2005,39,,19,S. L.,2006-02-10,2006,49460,SL49460,201,Thorny skate,Amblyraja radiata,32.7,14.8888,,,,132611,3100,Bristle worm unidentified,Polychaeta,4,Advanced,,,1,0.6131,,
"4T Southern Gulf of St. Lawrence Ecosystem Trawl Survey (RV Survey, Needler)",glf4t2005,2005,39,,19,S. L.,2006-02-10,2006,49460,SL49460,201,Thorny skate,Amblyraja radiata,32.7,14.8888,,,,132612,2811,Gammaridae unidentified,Gammaridae,2,Slight,,,1,8.3932,,
"4T Southern Gulf of St. Lawrence Ecosystem Trawl Survey (RV Survey, Needler)",glf4t2005,2005,39,,19,S. L.,2006-02-10,2006,49460,SL49460,201,Thorny skate,Amblyraja radiata,32.7,14.8888,,,,132613,9100,Mucus,Mucus,,,,,1,2.2518,,
"4T Southern Gulf of St. Lawrence Ecosystem Trawl Survey (RV Survey, Needler)",glf4t2005,2005,40,,3,S. L.,2006-01-30,2006,49461,SL49461,201,Thorny skate,Amblyraja radiata,33.1,8.5841,,,,132614,2700,Mysid shrimp,Mysidacea (o.),2,Slight,,,1,0.0792,,
"4T Southern Gulf of St. Lawrence Ecosystem Trawl Survey (RV Survey, Needler)",glf4t2005,2005,40,,3,S. L.,2006-01-30,2006,49461,SL49461,201,Thorny skate,Amblyraja radiata,33.1,8.5841,,,,132615,2811,Gammaridae unidentified,Gammaridae,2,Slight,,,1,1.9287,,
"4T Southern Gulf of St. Lawrence Ecosystem Trawl Survey (RV Survey, Needler)",glf4t2005,2005,40,,3,S. L.,2006-01-30,2006,49461,SL49461,201,Thorny skate,Amblyraja radiata,33.1,8.5841,,,,132616,3100,Bristle worm unidentified,Polychaeta,3,Intermediate,,,1,2.2717,,
"4T Southern Gulf of St. Lawrence Ecosystem Trawl Survey (RV Survey, Needler)",glf4t2005,2005,40,,3,S. L.,2006-01-30,2006,49461,SL49461,201,Thorny skate,Amblyraja radiata,33.1,8.5841,,,,132617,90,Fish unidentified,"Unid. fish (larvae,juvenile and adults)",3,Intermediate,70.0,,1,1.1334,,
"4T Southern Gulf of St. Lawrence Ecosystem Trawl Survey (RV Survey, Needler)",glf4t2005,2005,40,,3,S. L.,2006-01-30,2006,49461,SL49461,201,Thorny skate,Amblyraja radiata,33.1,8.5841,,,,132618,9000,Digested remains unidentified,"Unid remains,digested",4,Advanced,,,1,1.0858,,
"4T Southern Gulf of St. Lawrence Ecosystem Trawl Survey (RV Survey, Needler)",glf4t2005,2005,40,,3,S. L.,2006-01-30,2006,49461,SL49461,201,Thorny skate,Amblyraja radiata,33.1,8.5841,,,,132619,9100,Mucus,Mucus,,,,,1,2.0853,,
"4T Southern Gulf of St. Lawrence Ecosystem Trawl Survey (RV Survey, Needler)",glf4t2005,2005,40,,2,S. L.,2006-02-10,2006,49462,SL49462,201,Thorny skate,Amblyraja radiata,29.0,12.9334,,,,132620,2330,Eualus unidentified,Eualus,2,Slight,,,1,0.0503,,
"4T Southern Gulf of St. Lawrence Ecosystem Trawl Survey (RV Survey, Needler)",glf4t2005,2005,40,,2,S. L.,2006-02-10,2006,49462,SL49462,201,Thorny skate,Amblyraja radiata,29.0,12.9334,,,,132621,2211,Northern shrimp,Pandalus borealis,2,Slight,,,1,0.0358,,
"4T Southern Gulf of St. Lawrence Ecosystem Trawl Survey (RV Survey, Needler)",glf4t2005,2005,40,,2,S. L.,2006-02-10,2006,49462,SL49462,201,Thorny skate,Amblyraja radiata,29.0,12.9334,,,,132622,2526,Snow crab,Chionoecetes opilio,2,Slight,14.0,,1,1.5242,,
"4T Southern Gulf of St. Lawrence Ecosystem Trawl Survey (RV Survey, Needler)",glf4t2005,2005,40,,2,S. L.,2006-02-10,2006,49462,SL49462,201,Thorny skate,Amblyraja radiata,29.0,12.9334,,,,132623,7100,Round worm unidentified,Nematoda,1,Undigested/freshly eaten,,,1,0.0007,,
"4T Southern Gulf of St. Lawrence Ecosystem Trawl Survey (RV Survey, Needler)",glf4t2005,2005,40,,2,S. L.,2006-02-10,2006,49462,SL49462,201,Thorny skate,Amblyraja radiata,29.0,12.9334,,,,132624,2700,Mysid shrimp,Mysidacea (o.),2,Slight,,,1,0.0447,,
"4T Southern Gulf of St. Lawrence Ecosystem Trawl Survey (RV Survey, Needler)",glf4t2005,2005,40,,2,S. L.,2006-02-10,2006,49462,SL49462,201,Thorny skate,Amblyraja radiata,29.0,12.9334,,,,132625,2411,Arctic argid,Argis dentata,1,Undigested/freshly eaten,,,1,1.7857,,
"4T Southern Gulf of St. Lawrence Ecosystem Trawl Survey (RV Survey, Needler)",glf4t2005,2005,40,,2,S. L.,2006-02-10,2006,49462,SL49462,201,Thorny skate,Amblyraja radiata,29.0,12.9334,,,,132626,2421,Sevenline shrimp,Sabinea septemcarinata,1,Undigested/freshly eaten,,,1,1.4026,,
"4T Southern Gulf of St. Lawrence Ecosystem Trawl Survey (RV Survey, Needler)",glf4t2005,2005,40,,2,S. L.,2006-02-10,2006,49462,SL49462,201,Thorny skate,Amblyraja radiata,29.0,12.9334,,,,132627,2971,Diastylis sp.,Diastylis,2,Slight,,,1,0.3324,,
"4T Southern Gulf of St. Lawrence Ecosystem Trawl Survey (RV Survey, Needler)",glf4t2005,2005,40,,2,S. L.,2006-02-10,2006,49462,SL49462,201,Thorny skate,Amblyraja radiata,29.0,12.9334,,,,132628,3100,Bristle worm unidentified,Polychaeta,3,Intermediate,,,1,0.0324,,
"4T Southern Gulf of St. Lawrence Ecosystem Trawl Survey (RV Survey, Needler)",glf4t2005,2005,40,,2,S. L.,2006-02-10,2006,49462,SL49462,201,Thorny skate,Amblyraja radiata,29.0,12.9334,,,,132629,2811,Gammaridae unidentified,Gammaridae,2,Slight,,,1,2.9888,,
"4T Southern Gulf of St. Lawrence Ecosystem Trawl Survey (RV Survey, Needler)",glf4t2005,2005,40,,2,S. L.,2006-02-10,2006,49462,SL49462,201,Thorny skate,Amblyraja radiata,29.0,12.9334,,,,132630,2000,Crustacean unidentified,Crustacea,4,Advanced,,,1,2.2901,,
"4T Southern Gulf of St. Lawrence Ecosystem Trawl Survey (RV Survey, Needler)",glf4t2005,2005,40,,2,S. L.,2006-02-10,2006,49462,SL49462,201,Thorny skate,Amblyraja radiata,29.0,12.9334,,,,132631,9100,Mucus,Mucus,,,,,1,1.6438,,
"4T Southern Gulf of St. Lawrence Ecosystem Trawl Survey (RV Survey, Needler)",glf4t2005,2005,40,,2,S. L.,2006-02-10,2006,49462,SL49462,201,Thorny skate,Amblyraja radiata,29.0,12.9334,,,,132632,2500,Crab sp.,Crab sp.,4,Advanced,,,1,0.8019,,
"4T Southern Gulf of St. Lawrence Ecosystem Trawl Survey (RV Survey, Needler)",glf4t2005,2005,40,,1,S. L.,2006-02-21,2006,49463,SL49463,201,Thorny skate,Amblyraja radiata,40.0,26.5861,,,,132633,2526,Snow crab,Chionoecetes opilio,3,Intermediate,15.0,,1,1.7596,,
"4T Southern Gulf of St. Lawrence Ecosystem Trawl Survey (RV Survey, Needler)",glf4t2005,2005,40,,1,S. L.,2006-02-21,2006,49463,SL49463,201,Thorny skate,Amblyraja radiata,40.0,26.5861,,,,132634,2526,Snow crab,Chionoecetes opilio,3,Intermediate,15.0,,1,0.897,,
"4T Southern Gulf of St. Lawrence Ecosystem Trawl Survey (RV Survey, Needler)",glf4t2005,2005,40,,1,S. L.,2006-02-21,2006,49463,SL49463,201,Thorny skate,Amblyraja radiata,40.0,26.5861,,,,132635,2526,Snow crab,Chionoecetes opilio,3,Intermediate,13.0,,1,1.714,,
"4T Southern Gulf of St. Lawrence Ecosystem Trawl Survey (RV Survey, Needler)",glf4t2005,2005,40,,1,S. L.,2006-02-21,2006,49463,SL49463,201,Thorny skate,Amblyraja radiata,40.0,26.5861,,,,132636,2333,Circumpolar shrimp,Eualus gaimardii,3,Intermediate,,,1,0.2416,,
"4T Southern Gulf of St. Lawrence Ecosystem Trawl Survey (RV Survey, Needler)",glf4t2005,2005,40,,1,S. L.,2006-02-21,2006,49463,SL49463,201,Thorny skate,Amblyraja radiata,40.0,26.5861,,,,132637,2811,Gammaridae unidentified,Gammaridae,2,Slight,,,1,0.9285,,
"4T Southern Gulf of St. Lawrence Ecosystem Trawl Survey (RV Survey, Needler)",glf4t2005,2005,40,,1,S. L.,2006-02-21,2006,49463,SL49463,201,Thorny skate,Amblyraja radiata,40.0,26.5861,,,,132638,3100,Bristle worm unidentified,Polychaeta,2,Slight,,,1,13.6273,,
"4T Southern Gulf of St. Lawrence Ecosystem Trawl Survey (RV Survey, Needler)",glf4t2005,2005,40,,1,S. L.,2006-02-21,2006,49463,SL49463,201,Thorny skate,Amblyraja radiata,40.0,26.5861,,,,132639,9500,Mud,,,,,,1,1.8157,,
"4T Southern Gulf of St. Lawrence Ecosystem Trawl Survey (RV Survey, Needler)",glf4t2005,2005,40,,1,S. L.,2006-02-21,2006,49463,SL49463,201,Thorny skate,Amblyraja radiata,40.0,26.5861,,,,132640,9100,Mucus,Mucus,,,,,1,5.5641,,
"4T Southern Gulf of St. Lawrence Ecosystem Trawl Survey (RV Survey, Needler)",glf4t2005,2005,40,,1,S. L.,2006-02-21,2006,49463,SL49463,201,Thorny skate,Amblyraja radiata,40.0,26.5861,,,,132641,2559,Hermit Crabs (sf.),Paguridae,3,Intermediate,,,1,0.0383,,
"4T Southern Gulf of St. Lawrence Ecosystem Trawl Survey (RV Survey, Needler)",glf4t2005,2005,40,,25,S. L.,2005-12-22,2005,49464,SL49464,201,Thorny skate,Amblyraja radiata,62.0,40.2266,,,,132642,623,Daubed shanny,Leptoclinus maculatus,2,Slight,60.0,,1,0.4849,,
"4T Southern Gulf of St. Lawrence Ecosystem Trawl Survey (RV Survey, Needler)",glf4t2005,2005,40,,25,S. L.,2005-12-22,2005,49464,SL49464,201,Thorny skate,Amblyraja radiata,62.0,40.2266,,,,132643,2411,Arctic argid,Argis dentata,2,Slight,,,1,11.8979,,
"4T Southern Gulf of St. Lawrence Ecosystem Trawl Survey (RV Survey, Needler)",glf4t2005,2005,40,,25,S. L.,2005-12-22,2005,49464,SL49464,201,Thorny skate,Amblyraja radiata,62.0,40.2266,,,,132644,2526,Snow crab,Chionoecetes opilio,3,Intermediate,16.0,,1,1.3247,,
"4T Southern Gulf of St. Lawrence Ecosystem Trawl Survey (RV Survey, Needler)",glf4t2005,2005,40,,25,S. L.,2005-12-22,2005,49464,SL49464,201,Thorny skate,Amblyraja radiata,62.0,40.2266,,,,132645,2526,Snow crab,Chionoecetes opilio,3,Intermediate,,,1,2.1651,,
"4T Southern Gulf of St. Lawrence Ecosystem Trawl Survey (RV Survey, Needler)",glf4t2005,2005,40,,25,S. L.,2005-12-22,2005,49464,SL49464,201,Thorny skate,Amblyraja radiata,62.0,40.2266,,,,132646,2700,Mysid shrimp,Mysidacea (o.),2,Slight,,,1,0.0105,,
"4T Southern Gulf of St. Lawrence Ecosystem Trawl Survey (RV Survey, Needler)",glf4t2005,2005,40,,25,S. L.,2005-12-22,2005,49464,SL49464,201,Thorny skate,Amblyraja radiata,62.0,40.2266,,,,132647,2811,Gammaridae unidentified,Gammaridae,3,Intermediate,,,1,0.405,,
"4T Southern Gulf of St. Lawrence Ecosystem Trawl Survey (RV Survey, Needler)",glf4t2005,2005,40,,25,S. L.,2005-12-22,2005,49464,SL49464,201,Thorny skate,Amblyraja radiata,62.0,40.2266,,,,132648,3100,Bristle worm unidentified,Polychaeta,2,Slight,,,1,21.6085,,
"4T Southern Gulf of St. Lawrence Ecosystem Trawl Survey (RV Survey, Needler)",glf4t2005,2005,40,,25,S. L.,2005-12-22,2005,49464,SL49464,201,Thorny skate,Amblyraja radiata,62.0,40.2266,,,,132649,9100,Mucus,Mucus,,,,,1,2.33,,
"4T Southern Gulf of St. Lawrence Ecosystem Trawl Survey (RV Survey, Needler)",glf4t2005,2005,40,,24,S. L.,2005-12-22,2005,49465,SL49465,201,Thorny skate,Amblyraja radiata,49.0,18.7836,,,,132650,90,Fish unidentified,"Unid. fish (larvae,juvenile and adults)",4,Advanced,,,1,0.2753,,
"4T Southern Gulf of St. Lawrence Ecosystem Trawl Survey (RV Survey, Needler)",glf4t2005,2005,40,,24,S. L.,2005-12-22,2005,49465,SL49465,201,Thorny skate,Amblyraja radiata,49.0,18.7836,,,,132651,2000,Crustacean unidentified,Crustacea,4,Advanced,,,1,0.6678,,
"4T Southern Gulf of St. Lawrence Ecosystem Trawl Survey (RV Survey, Needler)",glf4t2005,2005,40,,24,S. L.,2005-12-22,2005,49465,SL49465,201,Thorny skate,Amblyraja radiata,49.0,18.7836,,,,132652,2212,Aesop shrimp,Pandalus montagui,2,Slight,,,1,0.5756,,
"4T Southern Gulf of St. Lawrence Ecosystem Trawl Survey (RV Survey, Needler)",glf4t2005,2005,40,,24,S. L.,2005-12-22,2005,49465,SL49465,201,Thorny skate,Amblyraja radiata,49.0,18.7836,,,,132653,2331,Greenland shrimp,Eualus macilentus,3,Intermediate,,,1,0.0725,,
"4T Southern Gulf of St. Lawrence Ecosystem Trawl Survey (RV Survey, Needler)",glf4t2005,2005,40,,24,S. L.,2005-12-22,2005,49465,SL49465,201,Thorny skate,Amblyraja radiata,49.0,18.7836,,,,132654,2500,Crab sp.,Crab sp.,4,Advanced,,,1,0.3016,,
"4T Southern Gulf of St. Lawrence Ecosystem Trawl Survey (RV Survey, Needler)",glf4t2005,2005,40,,24,S. L.,2005-12-22,2005,49465,SL49465,201,Thorny skate,Amblyraja radiata,49.0,18.7836,,,,132655,2526,Snow crab,Chionoecetes opilio,2,Slight,21.0,,1,2.9778,,
"4T Southern Gulf of St. Lawrence Ecosystem Trawl Survey (RV Survey, Needler)",glf4t2005,2005,40,,24,S. L.,2005-12-22,2005,49465,SL49465,201,Thorny skate,Amblyraja radiata,49.0,18.7836,,,,132656,2526,Snow crab,Chionoecetes opilio,3,Intermediate,11.0,,1,0.0863,,
"4T Southern Gulf of St. Lawrence Ecosystem Trawl Survey (RV Survey, Needler)",glf4t2005,2005,40,,24,S. L.,2005-12-22,2005,49465,SL49465,201,Thorny skate,Amblyraja radiata,49.0,18.7836,,,,132657,2559,Hermit Crabs (sf.),Paguridae,2,Slight,,,1,1.0273,,
"4T Southern Gulf of St. Lawrence Ecosystem Trawl Survey (RV Survey, Needler)",glf4t2005,2005,40,,24,S. L.,2005-12-22,2005,49465,SL49465,201,Thorny skate,Amblyraja radiata,49.0,18.7836,,,,132658,3100,Bristle worm unidentified,Polychaeta,2,Slight,,,1,5.0397,,
"4T Southern Gulf of St. Lawrence Ecosystem Trawl Survey (RV Survey, Needler)",glf4t2005,2005,40,,24,S. L.,2005-12-22,2005,49465,SL49465,201,Thorny skate,Amblyraja radiata,49.0,18.7836,,,,132659,7600,Trematoda unidentified,Trematoda,1,Undigested/freshly eaten,,,1,0.8607,,
"4T Southern Gulf of St. Lawrence Ecosystem Trawl Survey (RV Survey, Needler)",glf4t2005,2005,40,,24,S. L.,2005-12-22,2005,49465,SL49465,201,Thorny skate,Amblyraja radiata,49.0,18.7836,,,,132660,9000,Digested remains unidentified,"Unid remains,digested",4,Advanced,,,1,1.691,,
"4T Southern Gulf of St. Lawrence Ecosystem Trawl Survey (RV Survey, Needler)",glf4t2005,2005,40,,24,S. L.,2005-12-22,2005,49465,SL49465,201,Thorny skate,Amblyraja radiata,49.0,18.7836,,,,132661,9100,Mucus,Mucus,,,,,1,5.208,,
"4T Southern Gulf of St. Lawrence Ecosystem Trawl Survey (RV Survey, Needler)",glf4t2005,2005,40,,27,S. L.,2006-02-20,2006,49466,SL49466,201,Thorny skate,Amblyraja radiata,29.8,7.9799,,,,132662,2971,Diastylis sp.,Diastylis,3,Intermediate,,,1,0.0299,,
"4T Southern Gulf of St. Lawrence Ecosystem Trawl Survey (RV Survey, Needler)",glf4t2005,2005,40,,27,S. L.,2006-02-20,2006,49466,SL49466,201,Thorny skate,Amblyraja radiata,29.8,7.9799,,,,132663,2700,Mysid shrimp,Mysidacea (o.),2,Slight,,,1,0.0381,,
"4T Southern Gulf of St. Lawrence Ecosystem Trawl Survey (RV Survey, Needler)",glf4t2005,2005,40,,27,S. L.,2006-02-20,2006,49466,SL49466,201,Thorny skate,Amblyraja radiata,29.8,7.9799,,,,132664,2411,Arctic argid,Argis dentata,2,Slight,,,1,3.8603,,
"4T Southern Gulf of St. Lawrence Ecosystem Trawl Survey (RV Survey, Needler)",glf4t2005,2005,40,,27,S. L.,2006-02-20,2006,49466,SL49466,201,Thorny skate,Amblyraja radiata,29.8,7.9799,,,,132665,2902,Copepods - 3 mm or less,Copepoda (s.c) - Small,1,Undigested/freshly eaten,,,1,0.0014,,
"4T Southern Gulf of St. Lawrence Ecosystem Trawl Survey (RV Survey, Needler)",glf4t2005,2005,40,,27,S. L.,2006-02-20,2006,49466,SL49466,201,Thorny skate,Amblyraja radiata,29.8,7.9799,,,,132666,2811,Gammaridae unidentified,Gammaridae,2,Slight,,,1,0.6889,,
"4T Southern Gulf of St. Lawrence Ecosystem Trawl Survey (RV Survey, Needler)",glf4t2005,2005,40,,27,S. L.,2006-02-20,2006,49466,SL49466,201,Thorny skate,Amblyraja radiata,29.8,7.9799,,,,132667,,,,2,Slight,,,1,0.0089,,
"4T Southern Gulf of St. Lawrence Ecosystem Trawl Survey (RV Survey, Needler)",glf4t2005,2005,40,,27,S. L.,2006-02-20,2006,49466,SL49466,201,Thorny skate,Amblyraja radiata,29.8,7.9799,,,,132668,3100,Bristle worm unidentified,Polychaeta,2,Slight,,,1,1.7242,,
"4T Southern Gulf of St. Lawrence Ecosystem Trawl Survey (RV Survey, Needler)",glf4t2005,2005,40,,27,S. L.,2006-02-20,2006,49466,SL49466,201,Thorny skate,Amblyraja radiata,29.8,7.9799,,,,132669,9100,Mucus,Mucus,,,,,1,1.6282,,
"4T Southern Gulf of St. Lawrence Ecosystem Trawl Survey (RV Survey, Needler)",glf4t2005,2005,40,,26,S. L.,2006-02-21,2006,49467,SL49467,201,Thorny skate,Amblyraja radiata,32.7,6.2369,,,,132670,2411,Arctic argid,Argis dentata,1,Undigested/freshly eaten,,,1,0.7,,
"4T Southern Gulf of St. Lawrence Ecosystem Trawl Survey (RV Survey, Needler)",glf4t2005,2005,40,,26,S. L.,2006-02-21,2006,49467,SL49467,201,Thorny skate,Amblyraja radiata,32.7,6.2369,,,,132671,2421,Sevenline shrimp,Sabinea septemcarinata,2,Slight,,,1,1.0399,,
"4T Southern Gulf of St. Lawrence Ecosystem Trawl Survey (RV Survey, Needler)",glf4t2005,2005,40,,26,S. L.,2006-02-21,2006,49467,SL49467,201,Thorny skate,Amblyraja radiata,32.7,6.2369,,,,132672,2811,Gammaridae unidentified,Gammaridae,2,Slight,,,1,0.8916,,
"4T Southern Gulf of St. Lawrence Ecosystem Trawl Survey (RV Survey, Needler)",glf4t2005,2005,40,,26,S. L.,2006-02-21,2006,49467,SL49467,201,Thorny skate,Amblyraja radiata,32.7,6.2369,,,,132673,2902,Copepods - 3 mm or less,Copepoda (s.c) - Small,1,Undigested/freshly eaten,,,1,0.0052,,
"4T Southern Gulf of St. Lawrence Ecosystem Trawl Survey (RV Survey, Needler)",glf4t2005,2005,40,,26,S. L.,2006-02-21,2006,49467,SL49467,201,Thorny skate,Amblyraja radiata,32.7,6.2369,,,,132674,2700,Mysid shrimp,Mysidacea (o.),2,Slight,,,1,0.0448,,
"4T Southern Gulf of St. Lawrence Ecosystem Trawl Survey (RV Survey, Needler)",glf4t2005,2005,40,,26,S. L.,2006-02-21,2006,49467,SL49467,201,Thorny skate,Amblyraja radiata,32.7,6.2369,,,,132675,3100,Bristle worm unidentified,Polychaeta,2,Slight,,,1,1.1897,,
"4T Southern Gulf of St. Lawrence Ecosystem Trawl Survey (RV Survey, Needler)",glf4t2005,2005,40,,26,S. L.,2006-02-21,2006,49467,SL49467,201,Thorny skate,Amblyraja radiata,32.7,6.2369,,,,132676,9100,Mucus,Mucus,,,,,1,2.3446,,
"4T Southern Gulf of St. Lawrence Ecosystem Trawl Survey (RV Survey, Needler)",glf4t2005,2005,40,,26,S. L.,2006-02-21,2006,49467,SL49467,201,Thorny skate,Amblyraja radiata,32.7,6.2369,,,,132677,2971,Diastylis sp.,Diastylis,2,Slight,,,1,0.0211,,
"4T Southern Gulf of St. Lawrence Ecosystem Trawl Survey (RV Survey, Needler)",glf4t2005,2005,44,,29,S. L.,2005-12-23,2005,49468,SL49468,201,Thorny skate,Amblyraja radiata,51.0,25.4887,,,,132678,2559,Hermit Crabs (sf.),Paguridae,2,Slight,,,1,1.7155,,
"4T Southern Gulf of St. Lawrence Ecosystem Trawl Survey (RV Survey, Needler)",glf4t2005,2005,44,,29,S. L.,2005-12-23,2005,49468,SL49468,201,Thorny skate,Amblyraja radiata,51.0,25.4887,,,,132679,2811,Gammaridae unidentified,Gammaridae,2,Slight,,,1,0.5688,,
"4T Southern Gulf of St. Lawrence Ecosystem Trawl Survey (RV Survey, Needler)",glf4t2005,2005,44,,29,S. L.,2005-12-23,2005,49468,SL49468,201,Thorny skate,Amblyraja radiata,51.0,25.4887,,,,132680,2411,Arctic argid,Argis dentata,1,Undigested/freshly eaten,,,1,4.7103,,
"4T Southern Gulf of St. Lawrence Ecosystem Trawl Survey (RV Survey, Needler)",glf4t2005,2005,44,,29,S. L.,2005-12-23,2005,49468,SL49468,201,Thorny skate,Amblyraja radiata,51.0,25.4887,,,,132681,3100,Bristle worm unidentified,Polychaeta,2,Slight,,,1,11.1188,,
"4T Southern Gulf of St. Lawrence Ecosystem Trawl Survey (RV Survey, Needler)",glf4t2005,2005,44,,29,S. L.,2005-12-23,2005,49468,SL49468,201,Thorny skate,Amblyraja radiata,51.0,25.4887,,,,132682,9100,Mucus,Mucus,,,,,1,7.3753,,
"4T Southern Gulf of St. Lawrence Ecosystem Trawl Survey (RV Survey, Needler)",glf4t2005,2005,44,,30,S. L.,2006-01-24,2006,49469,SL49469,201,Thorny skate,Amblyraja radiata,29.9,3.3825,,,,132683,2330,Eualus unidentified,Eualus,2,Slight,,,1,0.0175,,
"4T Southern Gulf of St. Lawrence Ecosystem Trawl Survey (RV Survey, Needler)",glf4t2005,2005,44,,30,S. L.,2006-01-24,2006,49469,SL49469,201,Thorny skate,Amblyraja radiata,29.9,3.3825,,,,132684,2411,Arctic argid,Argis dentata,2,Slight,,,1,0.0522,,
"4T Southern Gulf of St. Lawrence Ecosystem Trawl Survey (RV Survey, Needler)",glf4t2005,2005,44,,30,S. L.,2006-01-24,2006,49469,SL49469,201,Thorny skate,Amblyraja radiata,29.9,3.3825,,,,132685,2811,Gammaridae unidentified,Gammaridae,1,Undigested/freshly eaten,,,1,0.1792,,
"4T Southern Gulf of St. Lawrence Ecosystem Trawl Survey (RV Survey, Needler)",glf4t2005,2005,44,,30,S. L.,2006-01-24,2006,49469,SL49469,201,Thorny skate,Amblyraja radiata,29.9,3.3825,,,,132686,2400,Crangonid shrimp unidentified,Crangonidae,4,Advanced,,,1,0.3258,,
"4T Southern Gulf of St. Lawrence Ecosystem Trawl Survey (RV Survey, Needler)",glf4t2005,2005,44,,30,S. L.,2006-01-24,2006,49469,SL49469,201,Thorny skate,Amblyraja radiata,29.9,3.3825,,,,132687,3100,Bristle worm unidentified,Polychaeta,3,Intermediate,,,1,1.8688,,
"4T Southern Gulf of St. Lawrence Ecosystem Trawl Survey (RV Survey, Needler)",glf4t2005,2005,44,,30,S. L.,2006-01-24,2006,49469,SL49469,201,Thorny skate,Amblyraja radiata,29.9,3.3825,,,,132688,,,,3,Intermediate,,,1,0.016,,
"4T Southern Gulf of St. Lawrence Ecosystem Trawl Survey (RV Survey, Needler)",glf4t2005,2005,44,,30,S. L.,2006-01-24,2006,49469,SL49469,201,Thorny skate,Amblyraja radiata,29.9,3.3825,,,,132689,9100,Mucus,Mucus,,,,,1,0.923,,
"4T Southern Gulf of St. Lawrence Ecosystem Trawl Survey (RV Survey, Needler)",glf4t2005,2005,45,,31,S. L.,2005-12-21,2005,49470,SL49470,201,Thorny skate,Amblyraja radiata,49.0,5.7392,,,,132690,3100,Bristle worm unidentified,Polychaeta,3,Intermediate,,,1,1.3444,,
"4T Southern Gulf of St. Lawrence Ecosystem Trawl Survey (RV Survey, Needler)",glf4t2005,2005,45,,31,S. L.,2005-12-21,2005,49470,SL49470,201,Thorny skate,Amblyraja radiata,49.0,5.7392,,,,132691,90,Fish unidentified,"Unid. fish (larvae,juvenile and adults)",4,Advanced,,,1,0.2043,,
"4T Southern Gulf of St. Lawrence Ecosystem Trawl Survey (RV Survey, Needler)",glf4t2005,2005,45,,31,S. L.,2005-12-21,2005,49470,SL49470,201,Thorny skate,Amblyraja radiata,49.0,5.7392,,,,132692,2811,Gammaridae unidentified,Gammaridae,2,Slight,,,1,0.0177,,
"4T Southern Gulf of St. Lawrence Ecosystem Trawl Survey (RV Survey, Needler)",glf4t2005,2005,45,,31,S. L.,2005-12-21,2005,49470,SL49470,201,Thorny skate,Amblyraja radiata,49.0,5.7392,,,,132693,9100,Mucus,Mucus,,,,,1,4.1728,,
"4T Southern Gulf of St. Lawrence Ecosystem Trawl Survey (RV Survey, Needler)",glf4t2005,2005,46,,32,S. L.,2005-12-20,2005,49471,SL49471,201,Thorny skate,Amblyraja radiata,31.0,2.8898,,,,132694,2811,Gammaridae unidentified,Gammaridae,2,Slight,,,1,1.0148,,
"4T Southern Gulf of St. Lawrence Ecosystem Trawl Survey (RV Survey, Needler)",glf4t2005,2005,46,,32,S. L.,2005-12-20,2005,49471,SL49471,201,Thorny skate,Amblyraja radiata,31.0,2.8898,,,,132695,3100,Bristle worm unidentified,Polychaeta,3,Intermediate,,,1,1.0267,,
"4T Southern Gulf of St. Lawrence Ecosystem Trawl Survey (RV Survey, Needler)",glf4t2005,2005,46,,32,S. L.,2005-12-20,2005,49471,SL49471,201,Thorny skate,Amblyraja radiata,31.0,2.8898,,,,132696,7100,Round worm unidentified,Nematoda,1,Undigested/freshly eaten,,,1,0.0594,,
"4T Southern Gulf of St. Lawrence Ecosystem Trawl Survey (RV Survey, Needler)",glf4t2005,2005,46,,32,S. L.,2005-12-20,2005,49471,SL49471,201,Thorny skate,Amblyraja radiata,31.0,2.8898,,,,132697,49,Flounder unidentified (f.),Pleuronectidae (f.),3,Intermediate,,,1,0.3024,,
"4T Southern Gulf of St. Lawrence Ecosystem Trawl Survey (RV Survey, Needler)",glf4t2005,2005,46,,33,S. L.,2005-12-22,2005,49472,SL49472,201,Thorny skate,Amblyraja radiata,31.0,2.5022,,,,132698,2811,Gammaridae unidentified,Gammaridae,2,Slight,,,1,0.7449,,
"4T Southern Gulf of St. Lawrence Ecosystem Trawl Survey (RV Survey, Needler)",glf4t2005,2005,46,,33,S. L.,2005-12-22,2005,49472,SL49472,201,Thorny skate,Amblyraja radiata,31.0,2.5022,,,,132699,3100,Bristle worm unidentified,Polychaeta,2,Slight,,,1,0.8714,,
"4T Southern Gulf of St. Lawrence Ecosystem Trawl Survey (RV Survey, Needler)",glf4t2005,2005,46,,33,S. L.,2005-12-22,2005,49472,SL49472,201,Thorny skate,Amblyraja radiata,31.0,2.5022,,,,132700,9100,Mucus,Mucus,,,,,1,0.8859,,
"4T Southern Gulf of St. Lawrence Ecosystem Trawl Survey (RV Survey, Needler)",glf4t2005,2005,49,,36,S. L.,2005-12-23,2005,49473,SL49473,201,Thorny skate,Amblyraja radiata,51.0,34.4032,,,,132701,500,Snailfish unidentified,Liparidae,3,Intermediate,25.0,,1,0.1587,,
"4T Southern Gulf of St. Lawrence Ecosystem Trawl Survey (RV Survey, Needler)",glf4t2005,2005,49,,36,S. L.,2005-12-23,2005,49473,SL49473,201,Thorny skate,Amblyraja radiata,51.0,34.4032,,,,132702,90,Fish unidentified,"Unid. fish (larvae,juvenile and adults)",4,Advanced,,,1,0.2284,,
"4T Southern Gulf of St. Lawrence Ecosystem Trawl Survey (RV Survey, Needler)",glf4t2005,2005,49,,36,S. L.,2005-12-23,2005,49473,SL49473,201,Thorny skate,Amblyraja radiata,51.0,34.4032,,,,132703,2500,Crab sp.,Crab sp.,4,Advanced,,,1,0.6983,,
"4T Southern Gulf of St. Lawrence Ecosystem Trawl Survey (RV Survey, Needler)",glf4t2005,2005,49,,36,S. L.,2005-12-23,2005,49473,SL49473,201,Thorny skate,Amblyraja radiata,51.0,34.4032,,,,132704,2526,Snow crab,Chionoecetes opilio,3,Intermediate,,,1,0.4336,,
"4T Southern Gulf of St. Lawrence Ecosystem Trawl Survey (RV Survey, Needler)",glf4t2005,2005,49,,36,S. L.,2005-12-23,2005,49473,SL49473,201,Thorny skate,Amblyraja radiata,51.0,34.4032,,,,132705,2811,Gammaridae unidentified,Gammaridae,2,Slight,,,1,1.6244,,
"4T Southern Gulf of St. Lawrence Ecosystem Trawl Survey (RV Survey, Needler)",glf4t2005,2005,49,,36,S. L.,2005-12-23,2005,49473,SL49473,201,Thorny skate,Amblyraja radiata,51.0,34.4032,,,,132706,2411,Arctic argid,Argis dentata,3,Intermediate,,,1,20.4878,,
"4T Southern Gulf of St. Lawrence Ecosystem Trawl Survey (RV Survey, Needler)",glf4t2005,2005,49,,36,S. L.,2005-12-23,2005,49473,SL49473,201,Thorny skate,Amblyraja radiata,51.0,34.4032,,,,132707,3100,Bristle worm unidentified,Polychaeta,3,Intermediate,,,1,4.1954,,
"4T Southern Gulf of St. Lawrence Ecosystem Trawl Survey (RV Survey, Needler)",glf4t2005,2005,49,,36,S. L.,2005-12-23,2005,49473,SL49473,201,Thorny skate,Amblyraja radiata,51.0,34.4032,,,,132708,2526,Snow crab,Chionoecetes opilio,3,Intermediate,13.0,,1,1.1609,,
"4T Southern Gulf of St. Lawrence Ecosystem Trawl Survey (RV Survey, Needler)",glf4t2005,2005,49,,36,S. L.,2005-12-23,2005,49473,SL49473,201,Thorny skate,Amblyraja radiata,51.0,34.4032,,,,132709,9300,Seaweed/Algae/Kelp unidentified,Obsolete,1,Undigested/freshly eaten,,,1,0.0245,,
"4T Southern Gulf of St. Lawrence Ecosystem Trawl Survey (RV Survey, Needler)",glf4t2005,2005,49,,36,S. L.,2005-12-23,2005,49473,SL49473,201,Thorny skate,Amblyraja radiata,51.0,34.4032,,,,132710,7600,Trematoda unidentified,Trematoda,1,Undigested/freshly eaten,,,1,0.0515,,
"4T Southern Gulf of St. Lawrence Ecosystem Trawl Survey (RV Survey, Needler)",glf4t2005,2005,49,,36,S. L.,2005-12-23,2005,49473,SL49473,201,Thorny skate,Amblyraja radiata,51.0,34.4032,,,,132711,9100,Mucus,Mucus,,,,,1,5.3397,,
"4T Southern Gulf of St. Lawrence Ecosystem Trawl Survey (RV Survey, Needler)",glf4t2005,2005,49,,35,S. L.,2005-12-23,2005,49474,SL49474,201,Thorny skate,Amblyraja radiata,42.0,28.2263,,,,132712,3100,Bristle worm unidentified,Polychaeta,3,Intermediate,,,1,1.7894,,
"4T Southern Gulf of St. Lawrence Ecosystem Trawl Survey (RV Survey, Needler)",glf4t2005,2005,49,,35,S. L.,2005-12-23,2005,49474,SL49474,201,Thorny skate,Amblyraja radiata,42.0,28.2263,,,,132713,2811,Gammaridae unidentified,Gammaridae,2,Slight,,,1,0.9504,,
"4T Southern Gulf of St. Lawrence Ecosystem Trawl Survey (RV Survey, Needler)",glf4t2005,2005,49,,35,S. L.,2005-12-23,2005,49474,SL49474,201,Thorny skate,Amblyraja radiata,42.0,28.2263,,,,132714,2411,Arctic argid,Argis dentata,2,Slight,,,1,16.5534,,
"4T Southern Gulf of St. Lawrence Ecosystem Trawl Survey (RV Survey, Needler)",glf4t2005,2005,49,,35,S. L.,2005-12-23,2005,49474,SL49474,201,Thorny skate,Amblyraja radiata,42.0,28.2263,,,,132715,340,Alligatorfish,Aspidophoroides monopterygius,2,Slight,115.0,,1,2.1838,,
"4T Southern Gulf of St. Lawrence Ecosystem Trawl Survey (RV Survey, Needler)",glf4t2005,2005,49,,35,S. L.,2005-12-23,2005,49474,SL49474,201,Thorny skate,Amblyraja radiata,42.0,28.2263,,,,132716,2526,Snow crab,Chionoecetes opilio,2,Slight,15.0,,1,1.1998,,
"4T Southern Gulf of St. Lawrence Ecosystem Trawl Survey (RV Survey, Needler)",glf4t2005,2005,49,,35,S. L.,2005-12-23,2005,49474,SL49474,201,Thorny skate,Amblyraja radiata,42.0,28.2263,,,,132717,2526,Snow crab,Chionoecetes opilio,2,Slight,16.0,,1,0.906,,
"4T Southern Gulf of St. Lawrence Ecosystem Trawl Survey (RV Survey, Needler)",glf4t2005,2005,49,,35,S. L.,2005-12-23,2005,49474,SL49474,201,Thorny skate,Amblyraja radiata,42.0,28.2263,,,,132718,2526,Snow crab,Chionoecetes opilio,2,Slight,19.0,,1,1.4036,,
"4T Southern Gulf of St. Lawrence Ecosystem Trawl Survey (RV Survey, Needler)",glf4t2005,2005,49,,35,S. L.,2005-12-23,2005,49474,SL49474,201,Thorny skate,Amblyraja radiata,42.0,28.2263,,,,132719,9100,Mucus,Mucus,,,,,1,3.1991,,
"4T Southern Gulf of St. Lawrence Ecosystem Trawl Survey (RV Survey, Needler)",glf4t2005,2005,49,,35,S. L.,2005-12-23,2005,49474,SL49474,201,Thorny skate,Amblyraja radiata,42.0,28.2263,,,,132720,2700,Mysid shrimp,Mysidacea (o.),2,Slight,,,1,0.0408,,
"4T Southern Gulf of St. Lawrence Ecosystem Trawl Survey (RV Survey, Needler)",glf4t2005,2005,49,,37,S. L.,2006-01-03,2006,49475,SL49475,201,Thorny skate,Amblyraja radiata,47.0,34.5491,,,,132721,2411,Arctic argid,Argis dentata,2,Slight,,,1,23.0384,,
"4T Southern Gulf of St. Lawrence Ecosystem Trawl Survey (RV Survey, Needler)",glf4t2005,2005,49,,37,S. L.,2006-01-03,2006,49475,SL49475,201,Thorny skate,Amblyraja radiata,47.0,34.5491,,,,132722,3100,Bristle worm unidentified,Polychaeta,2,Slight,,,1,3.6087,,
"4T Southern Gulf of St. Lawrence Ecosystem Trawl Survey (RV Survey, Needler)",glf4t2005,2005,49,,37,S. L.,2006-01-03,2006,49475,SL49475,201,Thorny skate,Amblyraja radiata,47.0,34.5491,,,,132723,9300,Seaweed/Algae/Kelp unidentified,Obsolete,1,Undigested/freshly eaten,,,1,0.5644,,
"4T Southern Gulf of St. Lawrence Ecosystem Trawl Survey (RV Survey, Needler)",glf4t2005,2005,49,,37,S. L.,2006-01-03,2006,49475,SL49475,201,Thorny skate,Amblyraja radiata,47.0,34.5491,,,,132724,7600,Trematoda unidentified,Trematoda,1,Undigested/freshly eaten,,,1,0.317,,
"4T Southern Gulf of St. Lawrence Ecosystem Trawl Survey (RV Survey, Needler)",glf4t2005,2005,49,,37,S. L.,2006-01-03,2006,49475,SL49475,201,Thorny skate,Amblyraja radiata,47.0,34.5491,,,,132725,2333,Circumpolar shrimp,Eualus gaimardii,2,Slight,,,1,0.2311,,
"4T Southern Gulf of St. Lawrence Ecosystem Trawl Survey (RV Survey, Needler)",glf4t2005,2005,49,,37,S. L.,2006-01-03,2006,49475,SL49475,201,Thorny skate,Amblyraja radiata,47.0,34.5491,,,,132726,90,Fish unidentified,"Unid. fish (larvae,juvenile and adults)",4,Advanced,,,1,0.1771,,
"4T Southern Gulf of St. Lawrence Ecosystem Trawl Survey (RV Survey, Needler)",glf4t2005,2005,49,,37,S. L.,2006-01-03,2006,49475,SL49475,201,Thorny skate,Amblyraja radiata,47.0,34.5491,,,,132727,9100,Mucus,Mucus,,,,,1,6.6124,,
"4T Southern Gulf of St. Lawrence Ecosystem Trawl Survey (RV Survey, Needler)",glf4t2005,2005,49,,34,S. L.,2006-01-04,2006,49476,SL49476,201,Thorny skate,Amblyraja radiata,57.0,38.7144,,,,132728,2526,Snow crab,Chionoecetes opilio,2,Slight,10.0,,1,0.4577,,
"4T Southern Gulf of St. Lawrence Ecosystem Trawl Survey (RV Survey, Needler)",glf4t2005,2005,49,,34,S. L.,2006-01-04,2006,49476,SL49476,201,Thorny skate,Amblyraja radiata,57.0,38.7144,,,,132729,2500,Crab sp.,Crab sp.,4,Advanced,,,1,0.6736,,
"4T Southern Gulf of St. Lawrence Ecosystem Trawl Survey (RV Survey, Needler)",glf4t2005,2005,49,,34,S. L.,2006-01-04,2006,49476,SL49476,201,Thorny skate,Amblyraja radiata,57.0,38.7144,,,,132730,3100,Bristle worm unidentified,Polychaeta,2,Slight,,,1,1.3358,,
"4T Southern Gulf of St. Lawrence Ecosystem Trawl Survey (RV Survey, Needler)",glf4t2005,2005,49,,34,S. L.,2006-01-04,2006,49476,SL49476,201,Thorny skate,Amblyraja radiata,57.0,38.7144,,,,132731,7600,Trematoda unidentified,Trematoda,1,Undigested/freshly eaten,,,1,0.0374,,
"4T Southern Gulf of St. Lawrence Ecosystem Trawl Survey (RV Survey, Needler)",glf4t2005,2005,49,,34,S. L.,2006-01-04,2006,49476,SL49476,201,Thorny skate,Amblyraja radiata,57.0,38.7144,,,,132732,7000,Parasitic roundworm unidentified,"Parasites,round worms",1,Undigested/freshly eaten,,,1,0.0169,,
"4T Southern Gulf of St. Lawrence Ecosystem Trawl Survey (RV Survey, Needler)",glf4t2005,2005,49,,34,S. L.,2006-01-04,2006,49476,SL49476,201,Thorny skate,Amblyraja radiata,57.0,38.7144,,,,132733,2312,Polar shrimp,Lebbeus polaris,2,Slight,,,1,4.8121,,
"4T Southern Gulf of St. Lawrence Ecosystem Trawl Survey (RV Survey, Needler)",glf4t2005,2005,49,,34,S. L.,2006-01-04,2006,49476,SL49476,201,Thorny skate,Amblyraja radiata,57.0,38.7144,,,,132734,2212,Aesop shrimp,Pandalus montagui,2,Slight,,,1,1.1137,,
"4T Southern Gulf of St. Lawrence Ecosystem Trawl Survey (RV Survey, Needler)",glf4t2005,2005,49,,34,S. L.,2006-01-04,2006,49476,SL49476,201,Thorny skate,Amblyraja radiata,57.0,38.7144,,,,132735,2421,Sevenline shrimp,Sabinea septemcarinata,2,Slight,,,1,1.0672,,
"4T Southern Gulf of St. Lawrence Ecosystem Trawl Survey (RV Survey, Needler)",glf4t2005,2005,49,,34,S. L.,2006-01-04,2006,49476,SL49476,201,Thorny skate,Amblyraja radiata,57.0,38.7144,,,,132736,2811,Gammaridae unidentified,Gammaridae,2,Slight,,,1,0.4521,,
"4T Southern Gulf of St. Lawrence Ecosystem Trawl Survey (RV Survey, Needler)",glf4t2005,2005,49,,34,S. L.,2006-01-04,2006,49476,SL49476,201,Thorny skate,Amblyraja radiata,57.0,38.7144,,,,132737,2411,Arctic argid,Argis dentata,2,Slight,,,1,13.3803,,
"4T Southern Gulf of St. Lawrence Ecosystem Trawl Survey (RV Survey, Needler)",glf4t2005,2005,49,,34,S. L.,2006-01-04,2006,49476,SL49476,201,Thorny skate,Amblyraja radiata,57.0,38.7144,,,,132738,40,American plaice,Hippoglossoides platessoides,3,Intermediate,111.0,,1,9.059,,
"4T Southern Gulf of St. Lawrence Ecosystem Trawl Survey (RV Survey, Needler)",glf4t2005,2005,49,,34,S. L.,2006-01-04,2006,49476,SL49476,201,Thorny skate,Amblyraja radiata,57.0,38.7144,,,,132739,2000,Crustacean unidentified,Crustacea,4,Advanced,,,1,0.4348,,
"4T Southern Gulf of St. Lawrence Ecosystem Trawl Survey (RV Survey, Needler)",glf4t2005,2005,49,,34,S. L.,2006-01-04,2006,49476,SL49476,201,Thorny skate,Amblyraja radiata,57.0,38.7144,,,,132740,7100,Round worm unidentified,Nematoda,1,Undigested/freshly eaten,,,1,0.0052,,
"4T Southern Gulf of St. Lawrence Ecosystem Trawl Survey (RV Survey, Needler)",glf4t2005,2005,49,,34,S. L.,2006-01-04,2006,49476,SL49476,201,Thorny skate,Amblyraja radiata,57.0,38.7144,,,,132741,9100,Mucus,Mucus,,,,,1,5.8686,,
"4T Southern Gulf of St. Lawrence Ecosystem Trawl Survey (RV Survey, Needler)",glf4t2005,2005,50,,,S. B.,2005-12-19,2005,49477,SB49477,42,Yellowtail flounder,Limanda ferruginea,24.0,2.4019,,,,132742,2971,Diastylis sp.,Diastylis,2,Slight,,,1,0.1086,,
"4T Southern Gulf of St. Lawrence Ecosystem Trawl Survey (RV Survey, Needler)",glf4t2005,2005,50,,,S. B.,2005-12-19,2005,49477,SB49477,42,Yellowtail flounder,Limanda ferruginea,24.0,2.4019,,,,132743,2811,Gammaridae unidentified,Gammaridae,2,Slight,,,1,0.2304,,
"4T Southern Gulf of St. Lawrence Ecosystem Trawl Survey (RV Survey, Needler)",glf4t2005,2005,50,,,S. B.,2005-12-19,2005,49477,SB49477,42,Yellowtail flounder,Limanda ferruginea,24.0,2.4019,,,,132744,3100,Bristle worm unidentified,Polychaeta,3,Intermediate,,,1,0.1335,,
"4T Southern Gulf of St. Lawrence Ecosystem Trawl Survey (RV Survey, Needler)",glf4t2005,2005,50,,,S. B.,2005-12-19,2005,49477,SB49477,42,Yellowtail flounder,Limanda ferruginea,24.0,2.4019,,,,132745,2940,Tanaidae f.,Tanaidae f.,2,Slight,,,1,0.0011,,
"4T Southern Gulf of St. Lawrence Ecosystem Trawl Survey (RV Survey, Needler)",glf4t2005,2005,50,,,S. B.,2005-12-19,2005,49477,SB49477,42,Yellowtail flounder,Limanda ferruginea,24.0,2.4019,,,,132746,2500,Crab sp.,Crab sp.,3,Intermediate,,,1,0.0198,,
"4T Southern Gulf of St. Lawrence Ecosystem Trawl Survey (RV Survey, Needler)",glf4t2005,2005,50,,,S. B.,2005-12-19,2005,49477,SB49477,42,Yellowtail flounder,Limanda ferruginea,24.0,2.4019,,,,132747,9000,Digested remains unidentified,"Unid remains,digested",,,,,1,1.1156,,
"4T Southern Gulf of St. Lawrence Ecosystem Trawl Survey (RV Survey, Needler)",glf4t2005,2005,50,,,S. B.,2005-12-19,2005,49477,SB49477,42,Yellowtail flounder,Limanda ferruginea,24.0,2.4019,,,,132748,9100,Mucus,Mucus,4,Advanced,,,1,0.1574,,
"4T Southern Gulf of St. Lawrence Ecosystem Trawl Survey (RV Survey, Needler)",glf4t2005,2005,50,,210,S. L.,2005-12-19,2005,49478,SL49478,42,Yellowtail flounder,Limanda ferruginea,26.8,3.4744,,,,132749,2940,Tanaidae f.,Tanaidae f.,1,Undigested/freshly eaten,,,1,0.0042,,
"4T Southern Gulf of St. Lawrence Ecosystem Trawl Survey (RV Survey, Needler)",glf4t2005,2005,50,,210,S. L.,2005-12-19,2005,49478,SL49478,42,Yellowtail flounder,Limanda ferruginea,26.8,3.4744,,,,132750,2971,Diastylis sp.,Diastylis,2,Slight,,,1,0.0599,,
"4T Southern Gulf of St. Lawrence Ecosystem Trawl Survey (RV Survey, Needler)",glf4t2005,2005,50,,210,S. L.,2005-12-19,2005,49478,SL49478,42,Yellowtail flounder,Limanda ferruginea,26.8,3.4744,,,,132751,2811,Gammaridae unidentified,Gammaridae,2,Slight,,,1,3.3348,,
"4T Southern Gulf of St. Lawrence Ecosystem Trawl Survey (RV Survey, Needler)",glf4t2005,2005,50,,210,S. L.,2005-12-19,2005,49478,SL49478,42,Yellowtail flounder,Limanda ferruginea,26.8,3.4744,,,,132752,3100,Bristle worm unidentified,Polychaeta,2,Slight,,,1,0.0388,,
"4T Southern Gulf of St. Lawrence Ecosystem Trawl Survey (RV Survey, Needler)",glf4t2005,2005,50,,210,S. L.,2005-12-19,2005,49478,SL49478,42,Yellowtail flounder,Limanda ferruginea,26.8,3.4744,,,,132753,2700,Mysid shrimp,Mysidacea (o.),1,Undigested/freshly eaten,,,1,0.0367,,
"4T Southern Gulf of St. Lawrence Ecosystem Trawl Survey (RV Survey, Needler)",glf4t2005,2005,72,,,S. L.,2006-03-16,2006,49479,SL49479,42,Yellowtail flounder,Limanda ferruginea,22.0,2.5148,,,,132754,7100,Round worm unidentified,Nematoda,1,Undigested/freshly eaten,,,1,0.0015,,
"4T Southern Gulf of St. Lawrence Ecosystem Trawl Survey (RV Survey, Needler)",glf4t2005,2005,72,,,S. L.,2006-03-16,2006,49479,SL49479,42,Yellowtail flounder,Limanda ferruginea,22.0,2.5148,,,,132755,4300,Bivalve unidentified,Bivalvia,1,Undigested/freshly eaten,,,1,0.0017,,
"4T Southern Gulf of St. Lawrence Ecosystem Trawl Survey (RV Survey, Needler)",glf4t2005,2005,72,,,S. L.,2006-03-16,2006,49479,SL49479,42,Yellowtail flounder,Limanda ferruginea,22.0,2.5148,,,,132756,2940,Tanaidae f.,Tanaidae f.,1,Undigested/freshly eaten,,,1,0.0137,,
"4T Southern Gulf of St. Lawrence Ecosystem Trawl Survey (RV Survey, Needler)",glf4t2005,2005,72,,,S. L.,2006-03-16,2006,49479,SL49479,42,Yellowtail flounder,Limanda ferruginea,22.0,2.5148,,,,132757,2811,Gammaridae unidentified,Gammaridae,2,Slight,,,1,0.2611,,
"4T Southern Gulf of St. Lawrence Ecosystem Trawl Survey (RV Survey, Needler)",glf4t2005,2005,72,,,S. L.,2006-03-16,2006,49479,SL49479,42,Yellowtail flounder,Limanda ferruginea,22.0,2.5148,,,,132758,2971,Diastylis sp.,Diastylis,1,Undigested/freshly eaten,,,1,0.0649,,
"4T Southern Gulf of St. Lawrence Ecosystem Trawl Survey (RV Survey, Needler)",glf4t2005,2005,72,,,S. L.,2006-03-16,2006,49479,SL49479,42,Yellowtail flounder,Limanda ferruginea,22.0,2.5148,,,,132759,3100,Bristle worm unidentified,Polychaeta,2,Slight,,,1,1.6322,,
"4T Southern Gulf of St. Lawrence Ecosystem Trawl Survey (RV Survey, Needler)",glf4t2005,2005,72,,,S. L.,2006-03-16,2006,49479,SL49479,42,Yellowtail flounder,Limanda ferruginea,22.0,2.5148,,,,132760,9100,Mucus,Mucus,,,,,1,0.5397,,
"4T Southern Gulf of St. Lawrence Ecosystem Trawl Survey (RV Survey, Needler)",glf4t2005,2005,72,,,S. L.,2006-03-16,2006,49480,SL49480,42,Yellowtail flounder,Limanda ferruginea,26.3,3.6002,,,,132761,2940,Tanaidae f.,Tanaidae f.,1,Undigested/freshly eaten,,,1,0.0022,,
"4T Southern Gulf of St. Lawrence Ecosystem Trawl Survey (RV Survey, Needler)",glf4t2005,2005,72,,,S. L.,2006-03-16,2006,49480,SL49480,42,Yellowtail flounder,Limanda ferruginea,26.3,3.6002,,,,132762,2600,Krill,Euphausiacea,3,Intermediate,,,1,0.001,,
"4T Southern Gulf of St. Lawrence Ecosystem Trawl Survey (RV Survey, Needler)",glf4t2005,2005,72,,,S. L.,2006-03-16,2006,49480,SL49480,42,Yellowtail flounder,Limanda ferruginea,26.3,3.6002,,,,132763,4300,Bivalve unidentified,Bivalvia,2,Slight,,,1,0.0022,,
"4T Southern Gulf of St. Lawrence Ecosystem Trawl Survey (RV Survey, Needler)",glf4t2005,2005,72,,,S. L.,2006-03-16,2006,49480,SL49480,42,Yellowtail flounder,Limanda ferruginea,26.3,3.6002,,,,132764,7100,Round worm unidentified,Nematoda,1,Undigested/freshly eaten,,,1,0.0001,,
"4T Southern Gulf of St. Lawrence Ecosystem Trawl Survey (RV Survey, Needler)",glf4t2005,2005,72,,,S. L.,2006-03-16,2006,49480,SL49480,42,Yellowtail flounder,Limanda ferruginea,26.3,3.6002,,,,132765,2971,Diastylis sp.,Diastylis,1,Undigested/freshly eaten,,,1,0.0028,,
"4T Southern Gulf of St. Lawrence Ecosystem Trawl Survey (RV Survey, Needler)",glf4t2005,2005,72,,,S. L.,2006-03-16,2006,49480,SL49480,42,Yellowtail flounder,Limanda ferruginea,26.3,3.6002,,,,132766,2811,Gammaridae unidentified,Gammaridae,2,Slight,,,1,0.3344,,
"4T Southern Gulf of St. Lawrence Ecosystem Trawl Survey (RV Survey, Needler)",glf4t2005,2005,72,,,S. L.,2006-03-16,2006,49480,SL49480,42,Yellowtail flounder,Limanda ferruginea,26.3,3.6002,,,,132767,9100,Mucus,Mucus,,,,,1,0.3774,,
"4T Southern Gulf of St. Lawrence Ecosystem Trawl Survey (RV Survey, Needler)",glf4t2005,2005,72,,,S. L.,2006-03-16,2006,49480,SL49480,42,Yellowtail flounder,Limanda ferruginea,26.3,3.6002,,,,132768,3100,Bristle worm unidentified,Polychaeta,2,Slight,,,1,2.8802,,
"4T Southern Gulf of St. Lawrence Ecosystem Trawl Survey (RV Survey, Needler)",glf4t2005,2005,72,,,S. L.,2006-03-16,2006,49481,SL49481,42,Yellowtail flounder,Limanda ferruginea,17.0,0.3944,,,,132769,2940,Tanaidae f.,Tanaidae f.,1,Undigested/freshly eaten,,,1,0.0043,,
"4T Southern Gulf of St. Lawrence Ecosystem Trawl Survey (RV Survey, Needler)",glf4t2005,2005,72,,,S. L.,2006-03-16,2006,49481,SL49481,42,Yellowtail flounder,Limanda ferruginea,17.0,0.3944,,,,132770,4300,Bivalve unidentified,Bivalvia,2,Slight,,,1,0.0015,,
"4T Southern Gulf of St. Lawrence Ecosystem Trawl Survey (RV Survey, Needler)",glf4t2005,2005,72,,,S. L.,2006-03-16,2006,49481,SL49481,42,Yellowtail flounder,Limanda ferruginea,17.0,0.3944,,,,132771,2700,Mysid shrimp,Mysidacea (o.),2,Slight,,,1,0.0201,,
"4T Southern Gulf of St. Lawrence Ecosystem Trawl Survey (RV Survey, Needler)",glf4t2005,2005,72,,,S. L.,2006-03-16,2006,49481,SL49481,42,Yellowtail flounder,Limanda ferruginea,17.0,0.3944,,,,132772,7100,Round worm unidentified,Nematoda,1,Undigested/freshly eaten,,,1,0.0018,,
"4T Southern Gulf of St. Lawrence Ecosystem Trawl Survey (RV Survey, Needler)",glf4t2005,2005,72,,,S. L.,2006-03-16,2006,49481,SL49481,42,Yellowtail flounder,Limanda ferruginea,17.0,0.3944,,,,132773,2600,Krill,Euphausiacea,3,Intermediate,,,1,0.0048,,
"4T Southern Gulf of St. Lawrence Ecosystem Trawl Survey (RV Survey, Needler)",glf4t2005,2005,72,,,S. L.,2006-03-16,2006,49481,SL49481,42,Yellowtail flounder,Limanda ferruginea,17.0,0.3944,,,,132774,2811,Gammaridae unidentified,Gammaridae,2,Slight,,,1,0.0815,,
"4T Southern Gulf of St. Lawrence Ecosystem Trawl Survey (RV Survey, Needler)",glf4t2005,2005,72,,,S. L.,2006-03-16,2006,49481,SL49481,42,Yellowtail flounder,Limanda ferruginea,17.0,0.3944,,,,132775,3100,Bristle worm unidentified,Polychaeta,2,Slight,,,1,0.1884,,
"4T Southern Gulf of St. Lawrence Ecosystem Trawl Survey (RV Survey, Needler)",glf4t2005,2005,72,,,S. L.,2006-03-16,2006,49481,SL49481,42,Yellowtail flounder,Limanda ferruginea,17.0,0.3944,,,,132776,9100,Mucus,Mucus,,,,,1,0.092,,
"4T Southern Gulf of St. Lawrence Ecosystem Trawl Survey (RV Survey, Needler)",glf4t2005,2005,72,,,S. L.,2006-03-16,2006,49482,SL49482,42,Yellowtail flounder,Limanda ferruginea,21.0,1.7747,,,,132777,4300,Bivalve unidentified,Bivalvia,2,Slight,,,1,0.0173,,
"4T Southern Gulf of St. Lawrence Ecosystem Trawl Survey (RV Survey, Needler)",glf4t2005,2005,72,,,S. L.,2006-03-16,2006,49482,SL49482,42,Yellowtail flounder,Limanda ferruginea,21.0,1.7747,,,,132778,2940,Tanaidae f.,Tanaidae f.,1,Undigested/freshly eaten,,,1,0.0129,,
"4T Southern Gulf of St. Lawrence Ecosystem Trawl Survey (RV Survey, Needler)",glf4t2005,2005,72,,,S. L.,2006-03-16,2006,49482,SL49482,42,Yellowtail flounder,Limanda ferruginea,21.0,1.7747,,,,132779,2971,Diastylis sp.,Diastylis,1,Undigested/freshly eaten,,,1,0.0031,,
"4T Southern Gulf of St. Lawrence Ecosystem Trawl Survey (RV Survey, Needler)",glf4t2005,2005,72,,,S. L.,2006-03-16,2006,49482,SL49482,42,Yellowtail flounder,Limanda ferruginea,21.0,1.7747,,,,132780,7100,Round worm unidentified,Nematoda,1,Undigested/freshly eaten,,,1,0.0007,,
"4T Southern Gulf of St. Lawrence Ecosystem Trawl Survey (RV Survey, Needler)",glf4t2005,2005,72,,,S. L.,2006-03-16,2006,49482,SL49482,42,Yellowtail flounder,Limanda ferruginea,21.0,1.7747,,,,132781,2811,Gammaridae unidentified,Gammaridae,1,Undigested/freshly eaten,,,1,0.1682,,
"4T Southern Gulf of St. Lawrence Ecosystem Trawl Survey (RV Survey, Needler)",glf4t2005,2005,72,,,S. L.,2006-03-16,2006,49482,SL49482,42,Yellowtail flounder,Limanda ferruginea,21.0,1.7747,,,,132782,3100,Bristle worm unidentified,Polychaeta,2,Slight,,,1,1.3353,,
"4T Southern Gulf of St. Lawrence Ecosystem Trawl Survey (RV Survey, Needler)",glf4t2005,2005,72,,,S. L.,2006-03-16,2006,49482,SL49482,42,Yellowtail flounder,Limanda ferruginea,21.0,1.7747,,,,132783,9100,Mucus,Mucus,,,,,1,0.2372,,
"4T Southern Gulf of St. Lawrence Ecosystem Trawl Survey (RV Survey, Needler)",glf4t2005,2005,72,,,S. L.,2006-03-22,2006,49483,SL49483,42,Yellowtail flounder,Limanda ferruginea,21.6,2.1972,,,,132784,9100,Mucus,Mucus,,,,,1,0.0773,,
"4T Southern Gulf of St. Lawrence Ecosystem Trawl Survey (RV Survey, Needler)",glf4t2005,2005,72,,,S. L.,2006-03-22,2006,49483,SL49483,42,Yellowtail flounder,Limanda ferruginea,21.6,2.1972,,,,132785,2411,Arctic argid,Argis dentata,1,Undigested/freshly eaten,,,1,0.2551,,
"4T Southern Gulf of St. Lawrence Ecosystem Trawl Survey (RV Survey, Needler)",glf4t2005,2005,72,,,S. L.,2006-03-22,2006,49483,SL49483,42,Yellowtail flounder,Limanda ferruginea,21.6,2.1972,,,,132786,2811,Gammaridae unidentified,Gammaridae,2,Slight,,,1,0.0992,,
"4T Southern Gulf of St. Lawrence Ecosystem Trawl Survey (RV Survey, Needler)",glf4t2005,2005,72,,,S. L.,2006-03-22,2006,49483,SL49483,42,Yellowtail flounder,Limanda ferruginea,21.6,2.1972,,,,132787,2971,Diastylis sp.,Diastylis,2,Slight,,,1,0.0214,,
"4T Southern Gulf of St. Lawrence Ecosystem Trawl Survey (RV Survey, Needler)",glf4t2005,2005,72,,,S. L.,2006-03-22,2006,49483,SL49483,42,Yellowtail flounder,Limanda ferruginea,21.6,2.1972,,,,132788,2940,Tanaidae f.,Tanaidae f.,1,Undigested/freshly eaten,,,1,0.0069,,
"4T Southern Gulf of St. Lawrence Ecosystem Trawl Survey (RV Survey, Needler)",glf4t2005,2005,72,,,S. L.,2006-03-22,2006,49483,SL49483,42,Yellowtail flounder,Limanda ferruginea,21.6,2.1972,,,,132789,7100,Round worm unidentified,Nematoda,1,Undigested/freshly eaten,,,1,0.0013,,
"4T Southern Gulf of St. Lawrence Ecosystem Trawl Survey (RV Survey, Needler)",glf4t2005,2005,72,,,S. L.,2006-03-22,2006,49483,SL49483,42,Yellowtail flounder,Limanda ferruginea,21.6,2.1972,,,,132790,4300,Bivalve unidentified,Bivalvia,2,Slight,,,1,0.0325,,
"4T Southern Gulf of St. Lawrence Ecosystem Trawl Survey (RV Survey, Needler)",glf4t2005,2005,72,,,S. L.,2006-03-22,2006,49483,SL49483,42,Yellowtail flounder,Limanda ferruginea,21.6,2.1972,,,,132791,3100,Bristle worm unidentified,Polychaeta,3,Intermediate,,,1,1.7035,,
"4T Southern Gulf of St. Lawrence Ecosystem Trawl Survey (RV Survey, Needler)",glf4t2005,2005,72,,,S. B.,2006-03-10,2006,49484,SB49484,301,Shorthorn sculpin,Myoxocephalus scorpius,10.9,0.7809,,,,132792,2312,Polar shrimp,Lebbeus polaris,3,Intermediate,,,1,0.665,,
"4T Southern Gulf of St. Lawrence Ecosystem Trawl Survey (RV Survey, Needler)",glf4t2005,2005,72,,,S. B.,2006-03-10,2006,49484,SB49484,301,Shorthorn sculpin,Myoxocephalus scorpius,10.9,0.7809,,,,132793,9100,Mucus,Mucus,,,,,1,0.1159,,
"4T Southern Gulf of St. Lawrence Ecosystem Trawl Survey (RV Survey, Needler)",glf4t2005,2005,72,,,S. L.,2006-03-10,2006,49485,SL49485,306,Arctic hookear sculpin,Artediellus uncinatus,6.3,0.0077,,,,132794,1700,foraminiferans / forams / hole bearers,Foraminifera,1,Undigested/freshly eaten,,,1,0.0001,,
"4T Southern Gulf of St. Lawrence Ecosystem Trawl Survey (RV Survey, Needler)",glf4t2005,2005,72,,,S. L.,2006-03-10,2006,49485,SL49485,306,Arctic hookear sculpin,Artediellus uncinatus,6.3,0.0077,,,,132795,9200,Stones/Rocks,Stones and rocks,,,,,1,0.0009,,
"4T Southern Gulf of St. Lawrence Ecosystem Trawl Survey (RV Survey, Needler)",glf4t2005,2005,72,,,S. L.,2006-03-10,2006,49485,SL49485,306,Arctic hookear sculpin,Artediellus uncinatus,6.3,0.0077,,,,132796,9100,Mucus,Mucus,,,,,1,0.0067,,
"4T Southern Gulf of St. Lawrence Ecosystem Trawl Survey (RV Survey, Needler)",glf4t2005,2005,72,,,S. L.,2006-03-10,2006,49486,SL49486,306,Arctic hookear sculpin,Artediellus uncinatus,5.8,0.1647,,,,132797,2811,Gammaridae unidentified,Gammaridae,2,Slight,,,1,0.1061,,
"4T Southern Gulf of St. Lawrence Ecosystem Trawl Survey (RV Survey, Needler)",glf4t2005,2005,72,,,S. L.,2006-03-10,2006,49486,SL49486,306,Arctic hookear sculpin,Artediellus uncinatus,5.8,0.1647,,,,132798,3100,Bristle worm unidentified,Polychaeta,3,Intermediate,,,1,0.0187,,
"4T Southern Gulf of St. Lawrence Ecosystem Trawl Survey (RV Survey, Needler)",glf4t2005,2005,72,,,S. L.,2006-03-10,2006,49486,SL49486,306,Arctic hookear sculpin,Artediellus uncinatus,5.8,0.1647,,,,132799,9200,Stones/Rocks,Stones and rocks,,,,,1,0.0025,,
"4T Southern Gulf of St. Lawrence Ecosystem Trawl Survey (RV Survey, Needler)",glf4t2005,2005,72,,,S. L.,2006-03-10,2006,49486,SL49486,306,Arctic hookear sculpin,Artediellus uncinatus,5.8,0.1647,,,,132800,2100,Decapod unidentified,Decapoda,3,Intermediate,,,1,0.0062,,
"4T Southern Gulf of St. Lawrence Ecosystem Trawl Survey (RV Survey, Needler)",glf4t2005,2005,72,,,S. L.,2006-03-10,2006,49486,SL49486,306,Arctic hookear sculpin,Artediellus uncinatus,5.8,0.1647,,,,132801,9100,Mucus,Mucus,,,,,1,0.0312,,
"4T Southern Gulf of St. Lawrence Ecosystem Trawl Survey (RV Survey, Needler)",glf4t2005,2005,72,,,S. L.,2006-03-10,2006,49487,SL49487,314,Spatulate sculpin,Icelus spatula,9.0,0.0412,,,,132802,2700,Mysid shrimp,Mysidacea (o.),3,Intermediate,,,1,0.0168,,
"4T Southern Gulf of St. Lawrence Ecosystem Trawl Survey (RV Survey, Needler)",glf4t2005,2005,72,,,S. L.,2006-03-10,2006,49487,SL49487,314,Spatulate sculpin,Icelus spatula,9.0,0.0412,,,,132803,9100,Mucus,Mucus,,,,,1,0.0244,,
"4T Southern Gulf of St. Lawrence Ecosystem Trawl Survey (RV Survey, Needler)",glf4t2005,2005,72,,,S. B.,2006-03-15,2006,49488,SB49488,350,Atlantic poacher,Leptagonus decagonus,18.9,0.1285,,,,132804,2971,Diastylis sp.,Diastylis,3,Intermediate,,,1,0.0144,,
"4T Southern Gulf of St. Lawrence Ecosystem Trawl Survey (RV Survey, Needler)",glf4t2005,2005,72,,,S. B.,2006-03-15,2006,49488,SB49488,350,Atlantic poacher,Leptagonus decagonus,18.9,0.1285,,,,132805,2000,Crustacean unidentified,Crustacea,4,Advanced,,,1,0.0734,,
"4T Southern Gulf of St. Lawrence Ecosystem Trawl Survey (RV Survey, Needler)",glf4t2005,2005,72,,,S. B.,2006-03-15,2006,49488,SB49488,350,Atlantic poacher,Leptagonus decagonus,18.9,0.1285,,,,132806,9100,Mucus,Mucus,,,,,1,0.008,,
"4T Southern Gulf of St. Lawrence Ecosystem Trawl Survey (RV Survey, Needler)",glf4t2005,2005,72,,,S. B.,2006-03-15,2006,49488,SB49488,350,Atlantic poacher,Leptagonus decagonus,18.9,0.1285,,,,132807,2811,Gammaridae unidentified,Gammaridae,2,Slight,,,1,0.02,,
"4T Southern Gulf of St. Lawrence Ecosystem Trawl Survey (RV Survey, Needler)",glf4t2005,2005,72,,,S. B.,2006-03-15,2006,49488,SB49488,350,Atlantic poacher,Leptagonus decagonus,18.9,0.1285,,,,132808,3100,Bristle worm unidentified,Polychaeta,3,Intermediate,,,1,0.0003,,
"4T Southern Gulf of St. Lawrence Ecosystem Trawl Survey (RV Survey, Needler)",glf4t2005,2005,72,,,S. B.,2006-03-22,2006,49489,SB49489,350,Atlantic poacher,Leptagonus decagonus,20.7,0.3583,,,,132809,2902,Copepods - 3 mm or less,Copepoda (s.c) - Small,1,Undigested/freshly eaten,,,1,0.0016,,
"4T Southern Gulf of St. Lawrence Ecosystem Trawl Survey (RV Survey, Needler)",glf4t2005,2005,72,,,S. B.,2006-03-22,2006,49489,SB49489,350,Atlantic poacher,Leptagonus decagonus,20.7,0.3583,,,,132810,2700,Mysid shrimp,Mysidacea (o.),2,Slight,,,1,0.0097,,
"4T Southern Gulf of St. Lawrence Ecosystem Trawl Survey (RV Survey, Needler)",glf4t2005,2005,72,,,S. B.,2006-03-22,2006,49489,SB49489,350,Atlantic poacher,Leptagonus decagonus,20.7,0.3583,,,,132811,2811,Gammaridae unidentified,Gammaridae,2,Slight,,,1,0.0572,,
"4T Southern Gulf of St. Lawrence Ecosystem Trawl Survey (RV Survey, Needler)",glf4t2005,2005,72,,,S. B.,2006-03-22,2006,49489,SB49489,350,Atlantic poacher,Leptagonus decagonus,20.7,0.3583,,,,132812,2000,Crustacean unidentified,Crustacea,4,Advanced,,,1,0.1649,,
"4T Southern Gulf of St. Lawrence Ecosystem Trawl Survey (RV Survey, Needler)",glf4t2005,2005,72,,,S. L.,2006-03-03,2006,49490,SL49490,502,Atlantic spiny lumpsucker,Eumicrotremus spinosus,3.7,0.0603,,,,132813,2940,Tanaidae f.,Tanaidae f.,2,Slight,,,1,0.011,,
"4T Southern Gulf of St. Lawrence Ecosystem Trawl Survey (RV Survey, Needler)",glf4t2005,2005,72,,,S. L.,2006-03-03,2006,49490,SL49490,502,Atlantic spiny lumpsucker,Eumicrotremus spinosus,3.7,0.0603,,,,132814,3100,Bristle worm unidentified,Polychaeta,1,Undigested/freshly eaten,,,1,0.0014,,
"4T Southern Gulf of St. Lawrence Ecosystem Trawl Survey (RV Survey, Needler)",glf4t2005,2005,72,,,S. L.,2006-03-03,2006,49490,SL49490,502,Atlantic spiny lumpsucker,Eumicrotremus spinosus,3.7,0.0603,,,,132815,9100,Mucus,Mucus,,,,,1,0.0479,,
"4T Southern Gulf of St. Lawrence Ecosystem Trawl Survey (RV Survey, Needler)",glf4t2005,2005,72,,,S. L.,2006-03-03,2006,49491,SL49491,502,Atlantic spiny lumpsucker,Eumicrotremus spinosus,8.0,0.6191,,,,132816,2906,Hyperiidae unidentified,Hyperiidae,4,Advanced,,,1,0.0285,,
"4T Southern Gulf of St. Lawrence Ecosystem Trawl Survey (RV Survey, Needler)",glf4t2005,2005,72,,,S. L.,2006-03-03,2006,49491,SL49491,502,Atlantic spiny lumpsucker,Eumicrotremus spinosus,8.0,0.6191,,,,132817,6400,Sea urchin unidentified,Strongylocentrotus,1,Undigested/freshly eaten,,,1,0.0139,,
"4T Southern Gulf of St. Lawrence Ecosystem Trawl Survey (RV Survey, Needler)",glf4t2005,2005,72,,,S. L.,2006-03-03,2006,49491,SL49491,502,Atlantic spiny lumpsucker,Eumicrotremus spinosus,8.0,0.6191,,,,132818,,,,3,Intermediate,,,1,0.004,,
"4T Southern Gulf of St. Lawrence Ecosystem Trawl Survey (RV Survey, Needler)",glf4t2005,2005,72,,,S. L.,2006-03-03,2006,49491,SL49491,502,Atlantic spiny lumpsucker,Eumicrotremus spinosus,8.0,0.6191,,,,132819,9000,Digested remains unidentified,"Unid remains,digested",4,Advanced,,,1,0.0123,,
"4T Southern Gulf of St. Lawrence Ecosystem Trawl Survey (RV Survey, Needler)",glf4t2005,2005,72,,,S. L.,2006-03-03,2006,49491,SL49491,502,Atlantic spiny lumpsucker,Eumicrotremus spinosus,8.0,0.6191,,,,132820,9100,Mucus,Mucus,,,,,1,0.5604,,
"4T Southern Gulf of St. Lawrence Ecosystem Trawl Survey (RV Survey, Needler)",glf4t2005,2005,72,,,S. L.,2006-03-03,2006,49492,SL49492,610,Northern sand lance,Ammodytes dubius,17.8,0.0195,,,,132821,2902,Copepods - 3 mm or less,Copepoda (s.c) - Small,2,Slight,,,1,0.0001,,
"4T Southern Gulf of St. Lawrence Ecosystem Trawl Survey (RV Survey, Needler)",glf4t2005,2005,72,,,S. L.,2006-03-03,2006,49492,SL49492,610,Northern sand lance,Ammodytes dubius,17.8,0.0195,,,,132822,9100,Mucus,Mucus,,,,,1,0.0195,,
"4T Southern Gulf of St. Lawrence Ecosystem Trawl Survey (RV Survey, Needler)",glf4t2005,2005,72,,,S. L.,2006-03-10,2006,49493,SL49493,880,Atlantic hookear sculpin,Artediellus atlanticus,5.6,0.0156,,,,132823,3100,Bristle worm unidentified,Polychaeta,4,Advanced,,,1,0.0007,,
"4T Southern Gulf of St. Lawrence Ecosystem Trawl Survey (RV Survey, Needler)",glf4t2005,2005,72,,,S. L.,2006-03-10,2006,49493,SL49493,880,Atlantic hookear sculpin,Artediellus atlanticus,5.6,0.0156,,,,132824,9100,Mucus,Mucus,,,,,1,0.0149,,
"4T Southern Gulf of St. Lawrence Ecosystem Trawl Survey (RV Survey, Needler)",glf4t2005,2005,72,,,S. L.,2006-03-10,2006,49494,SL49494,880,Atlantic hookear sculpin,Artediellus atlanticus,5.5,0.0153,,,,132825,2902,Copepods - 3 mm or less,Copepoda (s.c) - Small,1,Undigested/freshly eaten,,,1,0.0001,,
"4T Southern Gulf of St. Lawrence Ecosystem Trawl Survey (RV Survey, Needler)",glf4t2005,2005,72,,,S. L.,2006-03-10,2006,49494,SL49494,880,Atlantic hookear sculpin,Artediellus atlanticus,5.5,0.0153,,,,132826,3100,Bristle worm unidentified,Polychaeta,4,Advanced,,,1,0.0002,,
"4T Southern Gulf of St. Lawrence Ecosystem Trawl Survey (RV Survey, Needler)",glf4t2005,2005,72,,,S. L.,2006-03-10,2006,49494,SL49494,880,Atlantic hookear sculpin,Artediellus atlanticus,5.5,0.0153,,,,132827,9100,Mucus,Mucus,,,,,1,0.015,,
"4T Southern Gulf of St. Lawrence Ecosystem Trawl Survey (RV Survey, Needler)",glf4t2005,2005,72,,,S. L.,2006-03-10,2006,49495,SL49495,880,Atlantic hookear sculpin,Artediellus atlanticus,5.4,0.0071,,,,132828,2811,Gammaridae unidentified,Gammaridae,1,Undigested/freshly eaten,,,1,0.0019,,
"4T Southern Gulf of St. Lawrence Ecosystem Trawl Survey (RV Survey, Needler)",glf4t2005,2005,72,,,S. L.,2006-03-10,2006,49495,SL49495,880,Atlantic hookear sculpin,Artediellus atlanticus,5.4,0.0071,,,,132829,9100,Mucus,Mucus,,,,,1,0.0052,,
"4T Southern Gulf of St. Lawrence Ecosystem Trawl Survey (RV Survey, Needler)",glf4t2005,2005,73,,97,S. L.,2006-11-01,2006,49496,SL49496,620,Laval's eelpout,Lycodes lavalaei,48.0,6.9448,,,,132830,2811,Gammaridae unidentified,Gammaridae,2,Slight,,,1,0.4088,,
"4T Southern Gulf of St. Lawrence Ecosystem Trawl Survey (RV Survey, Needler)",glf4t2005,2005,73,,97,S. L.,2006-11-01,2006,49496,SL49496,620,Laval's eelpout,Lycodes lavalaei,48.0,6.9448,,,,132831,3100,Bristle worm unidentified,Polychaeta,2,Slight,,,1,1.769,,
"4T Southern Gulf of St. Lawrence Ecosystem Trawl Survey (RV Survey, Needler)",glf4t2005,2005,73,,97,S. L.,2006-11-01,2006,49496,SL49496,620,Laval's eelpout,Lycodes lavalaei,48.0,6.9448,,,,132832,2332,Arctic eualid,Eualus fabricii,3,Intermediate,,,1,0.3491,,
"4T Southern Gulf of St. Lawrence Ecosystem Trawl Survey (RV Survey, Needler)",glf4t2005,2005,73,,97,S. L.,2006-11-01,2006,49496,SL49496,620,Laval's eelpout,Lycodes lavalaei,48.0,6.9448,,,,132833,2100,Decapod unidentified,Decapoda,4,Advanced,,,1,1.5001,,
"4T Southern Gulf of St. Lawrence Ecosystem Trawl Survey (RV Survey, Needler)",glf4t2005,2005,73,,97,S. L.,2006-11-01,2006,49496,SL49496,620,Laval's eelpout,Lycodes lavalaei,48.0,6.9448,,,,132834,4300,Bivalve unidentified,Bivalvia,2,Slight,,,1,0.0141,,
"4T Southern Gulf of St. Lawrence Ecosystem Trawl Survey (RV Survey, Needler)",glf4t2005,2005,73,,97,S. L.,2006-11-01,2006,49496,SL49496,620,Laval's eelpout,Lycodes lavalaei,48.0,6.9448,,,,132835,9100,Mucus,Mucus,4,Advanced,,,1,2.9037,,
"4T Southern Gulf of St. Lawrence Ecosystem Trawl Survey (RV Survey, Needler)",glf4t2005,2005,107,,,S. B.,2005-12-14,2005,49497,SB49497,314,Spatulate sculpin,Icelus spatula,13.5,0.82,,,,132836,2210,Boreal red shrimp unidentified,Pandalus,3,Intermediate,,,1,0.6852,,
"4T Southern Gulf of St. Lawrence Ecosystem Trawl Survey (RV Survey, Needler)",glf4t2005,2005,107,,,S. B.,2005-12-14,2005,49497,SB49497,314,Spatulate sculpin,Icelus spatula,13.5,0.82,,,,132837,9100,Mucus,Mucus,4,Advanced,,,1,0.0921,,
"4T Southern Gulf of St. Lawrence Ecosystem Trawl Survey (RV Survey, Needler)",glf4t2005,2005,107,,,S. L.,2006-03-06,2006,49498,SL49498,350,Atlantic poacher,Leptagonus decagonus,13.4,0.1931,,,,132838,2811,Gammaridae unidentified,Gammaridae,3,Intermediate,,,1,0.004,,
"4T Southern Gulf of St. Lawrence Ecosystem Trawl Survey (RV Survey, Needler)",glf4t2005,2005,107,,,S. L.,2006-03-06,2006,49498,SL49498,350,Atlantic poacher,Leptagonus decagonus,13.4,0.1931,,,,132839,2700,Mysid shrimp,Mysidacea (o.),3,Intermediate,,,1,0.0024,,
"4T Southern Gulf of St. Lawrence Ecosystem Trawl Survey (RV Survey, Needler)",glf4t2005,2005,107,,,S. L.,2006-03-06,2006,49498,SL49498,350,Atlantic poacher,Leptagonus decagonus,13.4,0.1931,,,,132840,2000,Crustacean unidentified,Crustacea,4,Advanced,,,1,0.129,,
"4T Southern Gulf of St. Lawrence Ecosystem Trawl Survey (RV Survey, Needler)",glf4t2005,2005,107,,,S. L.,2006-03-06,2006,49498,SL49498,350,Atlantic poacher,Leptagonus decagonus,13.4,0.1931,,,,132841,9100,Mucus,Mucus,,,,,1,0.0577,,
"4T Southern Gulf of St. Lawrence Ecosystem Trawl Survey (RV Survey, Needler)",glf4t2005,2005,107,,,S. B.,2006-03-15,2006,49499,SB49499,623,Daubed shanny,Leptoclinus maculatus,13.4,0.0869,,,,132842,9000,Digested remains unidentified,"Unid remains,digested",,,,,1,0.0025,,
"4T Southern Gulf of St. Lawrence Ecosystem Trawl Survey (RV Survey, Needler)",glf4t2005,2005,107,,,S. B.,2006-03-15,2006,49499,SB49499,623,Daubed shanny,Leptoclinus maculatus,13.4,0.0869,,,,132843,3100,Bristle worm unidentified,Polychaeta,3,Intermediate,,,1,0.0067,,
"4T Southern Gulf of St. Lawrence Ecosystem Trawl Survey (RV Survey, Needler)",glf4t2005,2005,107,,,S. B.,2006-03-15,2006,49499,SB49499,623,Daubed shanny,Leptoclinus maculatus,13.4,0.0869,,,,132844,9100,Mucus,Mucus,,,,,1,0.0582,,
"4T Southern Gulf of St. Lawrence Ecosystem Trawl Survey (RV Survey, Needler)",glf4t2005,2005,107,,,S. B.,2006-03-15,2006,49500,SB49500,623,Daubed shanny,Leptoclinus maculatus,12.5,0.0933,,,,132845,3100,Bristle worm unidentified,Polychaeta,3,Intermediate,,,1,0.0261,,
"4T Southern Gulf of St. Lawrence Ecosystem Trawl Survey (RV Survey, Needler)",glf4t2005,2005,107,,,S. B.,2006-03-15,2006,49500,SB49500,623,Daubed shanny,Leptoclinus maculatus,12.5,0.0933,,,,132846,9000,Digested remains unidentified,"Unid remains,digested",,,,,1,0.0136,,
"4T Southern Gulf of St. Lawrence Ecosystem Trawl Survey (RV Survey, Needler)",glf4t2005,2005,107,,,S. B.,2006-03-15,2006,49500,SB49500,623,Daubed shanny,Leptoclinus maculatus,12.5,0.0933,,,,132847,9100,Mucus,Mucus,,,,,1,0.0405,,
"4T Southern Gulf of St. Lawrence Ecosystem Trawl Survey (RV Survey, Needler)",glf4t2005,2005,107,,,S. B.,2006-03-15,2006,49501,SB49501,623,Daubed shanny,Leptoclinus maculatus,12.6,0.1081,,,,132848,2000,Crustacean unidentified,Crustacea,4,Advanced,,,1,0.0041,,
"4T Southern Gulf of St. Lawrence Ecosystem Trawl Survey (RV Survey, Needler)",glf4t2005,2005,107,,,S. B.,2006-03-15,2006,49501,SB49501,623,Daubed shanny,Leptoclinus maculatus,12.6,0.1081,,,,132849,3100,Bristle worm unidentified,Polychaeta,3,Intermediate,,,1,0.0871,,
"4T Southern Gulf of St. Lawrence Ecosystem Trawl Survey (RV Survey, Needler)",glf4t2005,2005,107,,,S. B.,2006-03-15,2006,49501,SB49501,623,Daubed shanny,Leptoclinus maculatus,12.6,0.1081,,,,132850,9100,Mucus,Mucus,,,,,1,0.0165,,
"4T Southern Gulf of St. Lawrence Ecosystem Trawl Survey (RV Survey, Needler)",glf4t2005,2005,107,,,S. B.,2006-03-02,2006,49502,SB49502,632,Stout eelblenny,Anisarchus medius,14.3,0.0728,,,,132851,3100,Bristle worm unidentified,Polychaeta,3,Intermediate,,,1,0.0211,,
"4T Southern Gulf of St. Lawrence Ecosystem Trawl Survey (RV Survey, Needler)",glf4t2005,2005,107,,,S. B.,2006-03-02,2006,49502,SB49502,632,Stout eelblenny,Anisarchus medius,14.3,0.0728,,,,132852,9000,Digested remains unidentified,"Unid remains,digested",,,,,1,0.0174,,
"4T Southern Gulf of St. Lawrence Ecosystem Trawl Survey (RV Survey, Needler)",glf4t2005,2005,107,,,S. B.,2006-03-02,2006,49502,SB49502,632,Stout eelblenny,Anisarchus medius,14.3,0.0728,,,,132853,9100,Mucus,Mucus,,,,,1,0.0219,,
"4T Southern Gulf of St. Lawrence Ecosystem Trawl Survey (RV Survey, Needler)",glf4t2005,2005,107,,,S. L.,2006-03-21,2006,49503,SL49503,632,Stout eelblenny,Anisarchus medius,12.1,0.0271,,,,132854,9100,Mucus,Mucus,,,,,1,0.013,,
"4T Southern Gulf of St. Lawrence Ecosystem Trawl Survey (RV Survey, Needler)",glf4t2005,2005,107,,,S. L.,2006-03-21,2006,49503,SL49503,632,Stout eelblenny,Anisarchus medius,12.1,0.0271,,,,132855,2902,Copepods - 3 mm or less,Copepoda (s.c) - Small,1,Undigested/freshly eaten,,,1,0.0001,,
"4T Southern Gulf of St. Lawrence Ecosystem Trawl Survey (RV Survey, Needler)",glf4t2005,2005,107,,,S. L.,2006-03-21,2006,49503,SL49503,632,Stout eelblenny,Anisarchus medius,12.1,0.0271,,,,132856,7100,Round worm unidentified,Nematoda,1,Undigested/freshly eaten,,,1,0.0001,,
"4T Southern Gulf of St. Lawrence Ecosystem Trawl Survey (RV Survey, Needler)",glf4t2005,2005,107,,,S. L.,2006-03-21,2006,49503,SL49503,632,Stout eelblenny,Anisarchus medius,12.1,0.0271,,,,132857,2000,Crustacean unidentified,Crustacea,4,Advanced,,,1,0.0005,,
"4T Southern Gulf of St. Lawrence Ecosystem Trawl Survey (RV Survey, Needler)",glf4t2005,2005,107,,,S. L.,2006-03-21,2006,49503,SL49503,632,Stout eelblenny,Anisarchus medius,12.1,0.0271,,,,132858,9000,Digested remains unidentified,"Unid remains,digested",,,,,1,0.012,,
"4T Southern Gulf of St. Lawrence Ecosystem Trawl Survey (RV Survey, Needler)",glf4t2005,2005,107,,,S. L.,2006-03-21,2006,49503,SL49503,632,Stout eelblenny,Anisarchus medius,12.1,0.0271,,,,132859,3100,Bristle worm unidentified,Polychaeta,3,Intermediate,,,1,0.0015,,
"4T Southern Gulf of St. Lawrence Ecosystem Trawl Survey (RV Survey, Needler)",glf4t2005,2005,107,,,S. L.,2006-03-01,2006,49504,SL49504,647,Vahl's eelpout,Lycodes vahlii,15.0,0.0928,,,,132860,2971,Diastylis sp.,Diastylis,3,Intermediate,,,1,0.0242,,
"4T Southern Gulf of St. Lawrence Ecosystem Trawl Survey (RV Survey, Needler)",glf4t2005,2005,107,,,S. L.,2006-03-01,2006,49504,SL49504,647,Vahl's eelpout,Lycodes vahlii,15.0,0.0928,,,,132861,2811,Gammaridae unidentified,Gammaridae,3,Intermediate,,,1,0.0232,,
"4T Southern Gulf of St. Lawrence Ecosystem Trawl Survey (RV Survey, Needler)",glf4t2005,2005,107,,,S. L.,2006-03-01,2006,49504,SL49504,647,Vahl's eelpout,Lycodes vahlii,15.0,0.0928,,,,132862,9100,Mucus,Mucus,,,,,1,0.0454,,
"4T Southern Gulf of St. Lawrence Ecosystem Trawl Survey (RV Survey, Needler)",glf4t2005,2005,107,,,S. L.,2006-03-01,2006,49505,SL49505,647,Vahl's eelpout,Lycodes vahlii,31.7,1.6157,,,,132863,2811,Gammaridae unidentified,Gammaridae,1,Undigested/freshly eaten,,,1,1.5537,,
"4T Southern Gulf of St. Lawrence Ecosystem Trawl Survey (RV Survey, Needler)",glf4t2005,2005,107,,,S. L.,2006-03-01,2006,49505,SL49505,647,Vahl's eelpout,Lycodes vahlii,31.7,1.6157,,,,132864,9100,Mucus,Mucus,,,,,1,0.062,,
"4T Southern Gulf of St. Lawrence Ecosystem Trawl Survey (RV Survey, Needler)",glf4t2005,2005,109,,13,S. L.,2006-01-23,2006,49506,SL49506,204,Winter skate,Leucoraja ocellata,37.0,1.2002,,,,132865,2811,Gammaridae unidentified,Gammaridae,2,Slight,,,1,0.0024,,
"4T Southern Gulf of St. Lawrence Ecosystem Trawl Survey (RV Survey, Needler)",glf4t2005,2005,109,,13,S. L.,2006-01-23,2006,49506,SL49506,204,Winter skate,Leucoraja ocellata,37.0,1.2002,,,,132866,9630,Organic debris,Organic debris,1,Undigested/freshly eaten,,,1,0.0185,,
"4T Southern Gulf of St. Lawrence Ecosystem Trawl Survey (RV Survey, Needler)",glf4t2005,2005,109,,13,S. L.,2006-01-23,2006,49506,SL49506,204,Winter skate,Leucoraja ocellata,37.0,1.2002,,,,132867,9100,Mucus,Mucus,,,,,1,1.1793,,
"4T Southern Gulf of St. Lawrence Ecosystem Trawl Survey (RV Survey, Needler)",glf4t2005,2005,112,,,S. L.,2006-03-17,2006,49507,SL49507,301,Shorthorn sculpin,Myoxocephalus scorpius,18.1,0.6904,,,,132868,2811,Gammaridae unidentified,Gammaridae,1,Undigested/freshly eaten,,,1,0.03,,
"4T Southern Gulf of St. Lawrence Ecosystem Trawl Survey (RV Survey, Needler)",glf4t2005,2005,112,,,S. L.,2006-03-17,2006,49507,SL49507,301,Shorthorn sculpin,Myoxocephalus scorpius,18.1,0.6904,,,,132869,9100,Mucus,Mucus,,,,,1,0.6604,,
"4T Southern Gulf of St. Lawrence Ecosystem Trawl Survey (RV Survey, Needler)",glf4t2005,2005,112,,,S. L.,2006-03-17,2006,49508,SL49508,301,Shorthorn sculpin,Myoxocephalus scorpius,25.0,4.1253,,,,132870,2316,Parrot bladed shrimp,Spirontocaris spinus,2,Slight,,,1,1.3385,,
"4T Southern Gulf of St. Lawrence Ecosystem Trawl Survey (RV Survey, Needler)",glf4t2005,2005,112,,,S. L.,2006-03-17,2006,49508,SL49508,301,Shorthorn sculpin,Myoxocephalus scorpius,25.0,4.1253,,,,132871,2520,Toad crab unidentified,Hyas,3,Intermediate,,,1,1.7593,,
"4T Southern Gulf of St. Lawrence Ecosystem Trawl Survey (RV Survey, Needler)",glf4t2005,2005,112,,,S. L.,2006-03-17,2006,49508,SL49508,301,Shorthorn sculpin,Myoxocephalus scorpius,25.0,4.1253,,,,132872,9100,Mucus,Mucus,,,,,1,1.0275,,
"4T Southern Gulf of St. Lawrence Ecosystem Trawl Survey (RV Survey, Needler)",glf4t2005,2005,112,,,S. L.,2006-03-22,2006,49509,SL49509,301,Shorthorn sculpin,Myoxocephalus scorpius,25.7,15.3438,,,,132873,2527,Atlantic lyre crab/Greater toad crab,Hyas araneus,1,Undigested/freshly eaten,9.0,,1,0.59,,
"4T Southern Gulf of St. Lawrence Ecosystem Trawl Survey (RV Survey, Needler)",glf4t2005,2005,112,,,S. L.,2006-03-22,2006,49509,SL49509,301,Shorthorn sculpin,Myoxocephalus scorpius,25.7,15.3438,,,,132874,2212,Aesop shrimp,Pandalus montagui,1,Undigested/freshly eaten,,,1,0.6859,,
"4T Southern Gulf of St. Lawrence Ecosystem Trawl Survey (RV Survey, Needler)",glf4t2005,2005,112,,,S. L.,2006-03-22,2006,49509,SL49509,301,Shorthorn sculpin,Myoxocephalus scorpius,25.7,15.3438,,,,132875,2411,Arctic argid,Argis dentata,2,Slight,,,1,8.2954,,
"4T Southern Gulf of St. Lawrence Ecosystem Trawl Survey (RV Survey, Needler)",glf4t2005,2005,112,,,S. L.,2006-03-22,2006,49509,SL49509,301,Shorthorn sculpin,Myoxocephalus scorpius,25.7,15.3438,,,,132876,2331,Greenland shrimp,Eualus macilentus,2,Slight,,,1,4.0721,,
"4T Southern Gulf of St. Lawrence Ecosystem Trawl Survey (RV Survey, Needler)",glf4t2005,2005,112,,,S. L.,2006-03-22,2006,49509,SL49509,301,Shorthorn sculpin,Myoxocephalus scorpius,25.7,15.3438,,,,132877,2700,Mysid shrimp,Mysidacea (o.),2,Slight,,,1,0.6093,,
"4T Southern Gulf of St. Lawrence Ecosystem Trawl Survey (RV Survey, Needler)",glf4t2005,2005,112,,,S. L.,2006-03-22,2006,49509,SL49509,301,Shorthorn sculpin,Myoxocephalus scorpius,25.7,15.3438,,,,132878,9100,Mucus,Mucus,,,,,1,1.1411,,
"4T Southern Gulf of St. Lawrence Ecosystem Trawl Survey (RV Survey, Needler)",glf4t2005,2005,112,,,S. B.,2005-12-19,2005,49510,SB49510,314,Spatulate sculpin,Icelus spatula,11.5,0.6162,,,,132879,2811,Gammaridae unidentified,Gammaridae,2,Slight,,,1,0.0497,,
"4T Southern Gulf of St. Lawrence Ecosystem Trawl Survey (RV Survey, Needler)",glf4t2005,2005,112,,,S. B.,2005-12-19,2005,49510,SB49510,314,Spatulate sculpin,Icelus spatula,11.5,0.6162,,,,132880,2100,Decapod unidentified,Decapoda,3,Intermediate,,,1,0.2923,,
"4T Southern Gulf of St. Lawrence Ecosystem Trawl Survey (RV Survey, Needler)",glf4t2005,2005,112,,,S. B.,2005-12-19,2005,49510,SB49510,314,Spatulate sculpin,Icelus spatula,11.5,0.6162,,,,132881,2906,Hyperiidae unidentified,Hyperiidae,3,Intermediate,,,1,0.0186,,
"4T Southern Gulf of St. Lawrence Ecosystem Trawl Survey (RV Survey, Needler)",glf4t2005,2005,112,,,S. B.,2005-12-19,2005,49510,SB49510,314,Spatulate sculpin,Icelus spatula,11.5,0.6162,,,,132882,2100,Decapod unidentified,Decapoda,4,Advanced,,,1,0.0602,,
"4T Southern Gulf of St. Lawrence Ecosystem Trawl Survey (RV Survey, Needler)",glf4t2005,2005,112,,,S. B.,2005-12-19,2005,49511,SB49511,314,Spatulate sculpin,Icelus spatula,12.4,0.5738,,,,132883,2811,Gammaridae unidentified,Gammaridae,2,Slight,,,1,0.0249,,
"4T Southern Gulf of St. Lawrence Ecosystem Trawl Survey (RV Survey, Needler)",glf4t2005,2005,112,,,S. B.,2005-12-19,2005,49511,SB49511,314,Spatulate sculpin,Icelus spatula,12.4,0.5738,,,,132884,2700,Mysid shrimp,Mysidacea (o.),2,Slight,,,1,0.015,,
"4T Southern Gulf of St. Lawrence Ecosystem Trawl Survey (RV Survey, Needler)",glf4t2005,2005,112,,,S. B.,2005-12-19,2005,49511,SB49511,314,Spatulate sculpin,Icelus spatula,12.4,0.5738,,,,132885,9100,Mucus,Mucus,,,,,1,0.0163,,
"4T Southern Gulf of St. Lawrence Ecosystem Trawl Survey (RV Survey, Needler)",glf4t2005,2005,112,,,S. B.,2005-12-19,2005,49511,SB49511,314,Spatulate sculpin,Icelus spatula,12.4,0.5738,,,,132886,2100,Decapod unidentified,Decapoda,3,Intermediate,,,1,0.3568,,
"4T Southern Gulf of St. Lawrence Ecosystem Trawl Survey (RV Survey, Needler)",glf4t2005,2005,112,,,S. B.,2005-12-19,2005,49512,SB49512,314,Spatulate sculpin,Icelus spatula,9.5,0.4168,,,,132887,2000,Crustacean unidentified,Crustacea,3,Intermediate,,,1,0.0003,,
"4T Southern Gulf of St. Lawrence Ecosystem Trawl Survey (RV Survey, Needler)",glf4t2005,2005,112,,,S. B.,2005-12-19,2005,49512,SB49512,314,Spatulate sculpin,Icelus spatula,9.5,0.4168,,,,132888,2700,Mysid shrimp,Mysidacea (o.),2,Slight,,,1,0.0284,,
"4T Southern Gulf of St. Lawrence Ecosystem Trawl Survey (RV Survey, Needler)",glf4t2005,2005,112,,,S. B.,2005-12-19,2005,49512,SB49512,314,Spatulate sculpin,Icelus spatula,9.5,0.4168,,,,132889,2100,Decapod unidentified,Decapoda,3,Intermediate,,,1,0.2864,,
"4T Southern Gulf of St. Lawrence Ecosystem Trawl Survey (RV Survey, Needler)",glf4t2005,2005,112,,,S. B.,2005-12-19,2005,49513,SB49513,314,Spatulate sculpin,Icelus spatula,7.7,0.0929,,,,132890,9000,Digested remains unidentified,"Unid remains,digested",,,,,1,0.0559,,
"4T Southern Gulf of St. Lawrence Ecosystem Trawl Survey (RV Survey, Needler)",glf4t2005,2005,112,,,S. B.,2005-12-19,2005,49513,SB49513,314,Spatulate sculpin,Icelus spatula,7.7,0.0929,,,,132891,9000,Digested remains unidentified,"Unid remains,digested",4,Advanced,,,1,0.0102,,
"4T Southern Gulf of St. Lawrence Ecosystem Trawl Survey (RV Survey, Needler)",glf4t2005,2005,112,,,S. B.,2005-12-19,2005,49514,SB49514,314,Spatulate sculpin,Icelus spatula,11.5,0.8589,,,,132892,2700,Mysid shrimp,Mysidacea (o.),2,Slight,,,1,0.0446,,
"4T Southern Gulf of St. Lawrence Ecosystem Trawl Survey (RV Survey, Needler)",glf4t2005,2005,112,,,S. B.,2005-12-19,2005,49514,SB49514,314,Spatulate sculpin,Icelus spatula,11.5,0.8589,,,,132893,2331,Greenland shrimp,Eualus macilentus,2,Slight,,,1,0.7751,,
"4T Southern Gulf of St. Lawrence Ecosystem Trawl Survey (RV Survey, Needler)",glf4t2005,2005,112,,,S. B.,2005-12-19,2005,49514,SB49514,314,Spatulate sculpin,Icelus spatula,11.5,0.8589,,,,132894,9100,Mucus,Mucus,4,Advanced,,,1,0.0064,,
"4T Southern Gulf of St. Lawrence Ecosystem Trawl Survey (RV Survey, Needler)",glf4t2005,2005,112,,,S. B.,2006-02-21,2006,49515,SB49515,350,Atlantic poacher,Leptagonus decagonus,11.7,0.0461,,,,132895,2902,Copepods - 3 mm or less,Copepoda (s.c) - Small,2,Slight,,,1,0.0013,,
"4T Southern Gulf of St. Lawrence Ecosystem Trawl Survey (RV Survey, Needler)",glf4t2005,2005,112,,,S. B.,2006-02-21,2006,49515,SB49515,350,Atlantic poacher,Leptagonus decagonus,11.7,0.0461,,,,132896,2000,Crustacean unidentified,Crustacea,4,Advanced,,,1,0.012,,
"4T Southern Gulf of St. Lawrence Ecosystem Trawl Survey (RV Survey, Needler)",glf4t2005,2005,112,,,S. B.,2006-02-21,2006,49515,SB49515,350,Atlantic poacher,Leptagonus decagonus,11.7,0.0461,,,,132897,9100,Mucus,Mucus,,,,,1,0.0016,,
"4T Southern Gulf of St. Lawrence Ecosystem Trawl Survey (RV Survey, Needler)",glf4t2005,2005,112,,,S. B.,2006-02-21,2006,49516,SB49516,350,Atlantic poacher,Leptagonus decagonus,18.6,0.1003,,,,132898,2000,Crustacean unidentified,Crustacea,4,Advanced,,,1,0.0043,,
"4T Southern Gulf of St. Lawrence Ecosystem Trawl Survey (RV Survey, Needler)",glf4t2005,2005,112,,,S. B.,2006-02-21,2006,49516,SB49516,350,Atlantic poacher,Leptagonus decagonus,18.6,0.1003,,,,132899,2811,Gammaridae unidentified,Gammaridae,3,Intermediate,,,1,0.0025,,
"4T Southern Gulf of St. Lawrence Ecosystem Trawl Survey (RV Survey, Needler)",glf4t2005,2005,112,,,S. B.,2006-02-21,2006,49516,SB49516,350,Atlantic poacher,Leptagonus decagonus,18.6,0.1003,,,,132900,2902,Copepods - 3 mm or less,Copepoda (s.c) - Small,1,Undigested/freshly eaten,,,1,0.04,,
"4T Southern Gulf of St. Lawrence Ecosystem Trawl Survey (RV Survey, Needler)",glf4t2005,2005,112,,,S. B.,2006-02-21,2006,49516,SB49516,350,Atlantic poacher,Leptagonus decagonus,18.6,0.1003,,,,132901,9100,Mucus,Mucus,,,,,1,0.0098,,
"4T Southern Gulf of St. Lawrence Ecosystem Trawl Survey (RV Survey, Needler)",glf4t2005,2005,112,,,S. B.,2006-02-21,2006,49517,SB49517,350,Atlantic poacher,Leptagonus decagonus,10.1,0.0648,,,,132902,2902,Copepods - 3 mm or less,Copepoda (s.c) - Small,1,Undigested/freshly eaten,,,1,0.0122,,
"4T Southern Gulf of St. Lawrence Ecosystem Trawl Survey (RV Survey, Needler)",glf4t2005,2005,112,,,S. B.,2006-02-21,2006,49517,SB49517,350,Atlantic poacher,Leptagonus decagonus,10.1,0.0648,,,,132903,2811,Gammaridae unidentified,Gammaridae,2,Slight,,,1,0.0071,,
"4T Southern Gulf of St. Lawrence Ecosystem Trawl Survey (RV Survey, Needler)",glf4t2005,2005,112,,,S. B.,2006-02-21,2006,49517,SB49517,350,Atlantic poacher,Leptagonus decagonus,10.1,0.0648,,,,132904,2000,Crustacean unidentified,Crustacea,4,Advanced,,,1,0.0012,,
"4T Southern Gulf of St. Lawrence Ecosystem Trawl Survey (RV Survey, Needler)",glf4t2005,2005,112,,,S. B.,2006-02-21,2006,49517,SB49517,350,Atlantic poacher,Leptagonus decagonus,10.1,0.0648,,,,132905,2700,Mysid shrimp,Mysidacea (o.),2,Slight,,,1,0.0287,,
"4T Southern Gulf of St. Lawrence Ecosystem Trawl Survey (RV Survey, Needler)",glf4t2005,2005,112,,,S. B.,2006-02-21,2006,49518,SB49518,350,Atlantic poacher,Leptagonus decagonus,20.9,0.195,,,,132906,2902,Copepods - 3 mm or less,Copepoda (s.c) - Small,1,Undigested/freshly eaten,,,1,0.0157,,
"4T Southern Gulf of St. Lawrence Ecosystem Trawl Survey (RV Survey, Needler)",glf4t2005,2005,112,,,S. B.,2006-02-21,2006,49518,SB49518,350,Atlantic poacher,Leptagonus decagonus,20.9,0.195,,,,132907,2811,Gammaridae unidentified,Gammaridae,2,Slight,,,1,0.0225,,
"4T Southern Gulf of St. Lawrence Ecosystem Trawl Survey (RV Survey, Needler)",glf4t2005,2005,112,,,S. B.,2006-02-21,2006,49518,SB49518,350,Atlantic poacher,Leptagonus decagonus,20.9,0.195,,,,132908,2700,Mysid shrimp,Mysidacea (o.),3,Intermediate,,,1,0.0137,,
"4T Southern Gulf of St. Lawrence Ecosystem Trawl Survey (RV Survey, Needler)",glf4t2005,2005,112,,,S. B.,2006-02-21,2006,49518,SB49518,350,Atlantic poacher,Leptagonus decagonus,20.9,0.195,,,,132909,2000,Crustacean unidentified,Crustacea,4,Advanced,,,1,0.0436,,
"4T Southern Gulf of St. Lawrence Ecosystem Trawl Survey (RV Survey, Needler)",glf4t2005,2005,112,,,S. B.,2006-02-21,2006,49518,SB49518,350,Atlantic poacher,Leptagonus decagonus,20.9,0.195,,,,132910,9100,Mucus,Mucus,,,,,1,0.0543,,
"4T Southern Gulf of St. Lawrence Ecosystem Trawl Survey (RV Survey, Needler)",glf4t2005,2005,112,,,S. B.,2006-02-21,2006,49519,SB49519,350,Atlantic poacher,Leptagonus decagonus,15.3,0.2041,,,,132911,9200,Stones/Rocks,Stones and rocks,1,Undigested/freshly eaten,,,1,0.0198,,
"4T Southern Gulf of St. Lawrence Ecosystem Trawl Survey (RV Survey, Needler)",glf4t2005,2005,112,,,S. B.,2006-02-21,2006,49519,SB49519,350,Atlantic poacher,Leptagonus decagonus,15.3,0.2041,,,,132912,2902,Copepods - 3 mm or less,Copepoda (s.c) - Small,1,Undigested/freshly eaten,,,1,0.0266,,
"4T Southern Gulf of St. Lawrence Ecosystem Trawl Survey (RV Survey, Needler)",glf4t2005,2005,112,,,S. B.,2006-02-21,2006,49519,SB49519,350,Atlantic poacher,Leptagonus decagonus,15.3,0.2041,,,,132913,2700,Mysid shrimp,Mysidacea (o.),3,Intermediate,,,1,0.0069,,
"4T Southern Gulf of St. Lawrence Ecosystem Trawl Survey (RV Survey, Needler)",glf4t2005,2005,112,,,S. B.,2006-02-21,2006,49519,SB49519,350,Atlantic poacher,Leptagonus decagonus,15.3,0.2041,,,,132914,2811,Gammaridae unidentified,Gammaridae,2,Slight,,,1,0.015,,
"4T Southern Gulf of St. Lawrence Ecosystem Trawl Survey (RV Survey, Needler)",glf4t2005,2005,112,,,S. B.,2006-02-21,2006,49519,SB49519,350,Atlantic poacher,Leptagonus decagonus,15.3,0.2041,,,,132915,2000,Crustacean unidentified,Crustacea,4,Advanced,,,1,0.0513,,
"4T Southern Gulf of St. Lawrence Ecosystem Trawl Survey (RV Survey, Needler)",glf4t2005,2005,112,,,S. B.,2006-02-21,2006,49519,SB49519,350,Atlantic poacher,Leptagonus decagonus,15.3,0.2041,,,,132916,9100,Mucus,Mucus,,,,,1,0.0416,,
"4T Southern Gulf of St. Lawrence Ecosystem Trawl Survey (RV Survey, Needler)",glf4t2005,2005,112,,,S. B.,2006-02-21,2006,49520,SB49520,350,Atlantic poacher,Leptagonus decagonus,15.0,0.1465,,,,132917,9200,Stones/Rocks,Stones and rocks,1,Undigested/freshly eaten,,,1,0.0006,,
"4T Southern Gulf of St. Lawrence Ecosystem Trawl Survey (RV Survey, Needler)",glf4t2005,2005,112,,,S. B.,2006-02-21,2006,49520,SB49520,350,Atlantic poacher,Leptagonus decagonus,15.0,0.1465,,,,132918,2902,Copepods - 3 mm or less,Copepoda (s.c) - Small,1,Undigested/freshly eaten,,,1,0.0156,,
"4T Southern Gulf of St. Lawrence Ecosystem Trawl Survey (RV Survey, Needler)",glf4t2005,2005,112,,,S. B.,2006-02-21,2006,49520,SB49520,350,Atlantic poacher,Leptagonus decagonus,15.0,0.1465,,,,132919,2811,Gammaridae unidentified,Gammaridae,3,Intermediate,,,1,0.0103,,
"4T Southern Gulf of St. Lawrence Ecosystem Trawl Survey (RV Survey, Needler)",glf4t2005,2005,112,,,S. B.,2006-02-21,2006,49520,SB49520,350,Atlantic poacher,Leptagonus decagonus,15.0,0.1465,,,,132920,2000,Crustacean unidentified,Crustacea,4,Advanced,,,1,0.0733,,
"4T Southern Gulf of St. Lawrence Ecosystem Trawl Survey (RV Survey, Needler)",glf4t2005,2005,112,,,S. L.,2006-03-22,2006,49521,SL49521,502,Atlantic spiny lumpsucker,Eumicrotremus spinosus,9.0,3.9641,,,,132921,,,,1,Undigested/freshly eaten,,,1,0.0151,,
"4T Southern Gulf of St. Lawrence Ecosystem Trawl Survey (RV Survey, Needler)",glf4t2005,2005,112,,,S. L.,2006-03-22,2006,49521,SL49521,502,Atlantic spiny lumpsucker,Eumicrotremus spinosus,9.0,3.9641,,,,132922,2000,Crustacean unidentified,Crustacea,4,Advanced,,,1,3.949,,
"4T Southern Gulf of St. Lawrence Ecosystem Trawl Survey (RV Survey, Needler)",glf4t2005,2005,112,,,S. B.,2006-02-10,2006,49522,SB49522,512,Dusky snailfish,Liparis gibbus,31.6,16.4094,,,,132923,2331,Greenland shrimp,Eualus macilentus,2,Slight,,,1,9.1037,,
"4T Southern Gulf of St. Lawrence Ecosystem Trawl Survey (RV Survey, Needler)",glf4t2005,2005,112,,,S. B.,2006-02-10,2006,49522,SB49522,512,Dusky snailfish,Liparis gibbus,31.6,16.4094,,,,132924,2316,Parrot bladed shrimp,Spirontocaris spinus,1,Undigested/freshly eaten,,,1,1.2528,,
"4T Southern Gulf of St. Lawrence Ecosystem Trawl Survey (RV Survey, Needler)",glf4t2005,2005,112,,,S. B.,2006-02-10,2006,49522,SB49522,512,Dusky snailfish,Liparis gibbus,31.6,16.4094,,,,132925,2100,Decapod unidentified,Decapoda,3,Intermediate,,,1,1.0871,,
"4T Southern Gulf of St. Lawrence Ecosystem Trawl Survey (RV Survey, Needler)",glf4t2005,2005,112,,,S. B.,2006-02-10,2006,49522,SB49522,512,Dusky snailfish,Liparis gibbus,31.6,16.4094,,,,132926,90,Fish unidentified,"Unid. fish (larvae,juvenile and adults)",3,Intermediate,,,1,0.297,,
"4T Southern Gulf of St. Lawrence Ecosystem Trawl Survey (RV Survey, Needler)",glf4t2005,2005,112,,,S. B.,2006-02-10,2006,49522,SB49522,512,Dusky snailfish,Liparis gibbus,31.6,16.4094,,,,132927,9000,Digested remains unidentified,"Unid remains,digested",4,Advanced,,,1,2.7259,,
"4T Southern Gulf of St. Lawrence Ecosystem Trawl Survey (RV Survey, Needler)",glf4t2005,2005,112,,,S. B.,2006-02-10,2006,49522,SB49522,512,Dusky snailfish,Liparis gibbus,31.6,16.4094,,,,132928,9100,Mucus,Mucus,,,,,1,0.5287,,
"4T Southern Gulf of St. Lawrence Ecosystem Trawl Survey (RV Survey, Needler)",glf4t2005,2005,112,,,S. B.,2006-02-10,2006,49522,SB49522,512,Dusky snailfish,Liparis gibbus,31.6,16.4094,,,,132929,2811,Gammaridae unidentified,Gammaridae,2,Slight,,,1,0.0277,,
"4T Southern Gulf of St. Lawrence Ecosystem Trawl Survey (RV Survey, Needler)",glf4t2005,2005,112,,,S. L.,2006-03-21,2006,49523,SL49523,512,Dusky snailfish,Liparis gibbus,12.6,1.4219,,,,132930,2811,Gammaridae unidentified,Gammaridae,2,Slight,,,1,0.2621,,
"4T Southern Gulf of St. Lawrence Ecosystem Trawl Survey (RV Survey, Needler)",glf4t2005,2005,112,,,S. L.,2006-03-21,2006,49523,SL49523,512,Dusky snailfish,Liparis gibbus,12.6,1.4219,,,,132931,2331,Greenland shrimp,Eualus macilentus,2,Slight,,,1,0.7578,,
"4T Southern Gulf of St. Lawrence Ecosystem Trawl Survey (RV Survey, Needler)",glf4t2005,2005,112,,,S. L.,2006-03-21,2006,49523,SL49523,512,Dusky snailfish,Liparis gibbus,12.6,1.4219,,,,132932,9100,Mucus,Mucus,,,,,1,0.402,,
"4T Southern Gulf of St. Lawrence Ecosystem Trawl Survey (RV Survey, Needler)",glf4t2005,2005,112,,,S. L.,2006-03-21,2006,49524,SL49524,512,Dusky snailfish,Liparis gibbus,19.5,7.3059,,,,132933,9100,Mucus,Mucus,,,,,1,1.5131,,
"4T Southern Gulf of St. Lawrence Ecosystem Trawl Survey (RV Survey, Needler)",glf4t2005,2005,112,,,S. L.,2006-03-21,2006,49524,SL49524,512,Dusky snailfish,Liparis gibbus,19.5,7.3059,,,,132934,2331,Greenland shrimp,Eualus macilentus,3,Intermediate,,,1,5.7923,,
"4T Southern Gulf of St. Lawrence Ecosystem Trawl Survey (RV Survey, Needler)",glf4t2005,2005,112,,,S. L.,2006-03-21,2006,49525,SL49525,512,Dusky snailfish,Liparis gibbus,13.5,1.9443,,,,132935,2811,Gammaridae unidentified,Gammaridae,1,Undigested/freshly eaten,,,1,0.036,,
"4T Southern Gulf of St. Lawrence Ecosystem Trawl Survey (RV Survey, Needler)",glf4t2005,2005,112,,,S. L.,2006-03-21,2006,49525,SL49525,512,Dusky snailfish,Liparis gibbus,13.5,1.9443,,,,132936,2331,Greenland shrimp,Eualus macilentus,1,Undigested/freshly eaten,,,1,1.6895,,
"4T Southern Gulf of St. Lawrence Ecosystem Trawl Survey (RV Survey, Needler)",glf4t2005,2005,112,,,S. L.,2006-03-21,2006,49525,SL49525,512,Dusky snailfish,Liparis gibbus,13.5,1.9443,,,,132937,9100,Mucus,Mucus,,,,,1,0.2188,,
"4T Southern Gulf of St. Lawrence Ecosystem Trawl Survey (RV Survey, Needler)",glf4t2005,2005,112,,,S. L.,2006-03-21,2006,49526,SL49526,512,Dusky snailfish,Liparis gibbus,9.0,0.2073,,,,132938,2700,Mysid shrimp,Mysidacea (o.),1,Undigested/freshly eaten,,,1,0.0359,,
"4T Southern Gulf of St. Lawrence Ecosystem Trawl Survey (RV Survey, Needler)",glf4t2005,2005,112,,,S. L.,2006-03-21,2006,49526,SL49526,512,Dusky snailfish,Liparis gibbus,9.0,0.2073,,,,132939,9100,Mucus,Mucus,,,,,1,0.1714,,
"4T Southern Gulf of St. Lawrence Ecosystem Trawl Survey (RV Survey, Needler)",glf4t2005,2005,112,,,S. B.,2006-02-23,2006,49527,SB49527,632,Stout eelblenny,Anisarchus medius,11.2,0.035,,,,132940,2902,Copepods - 3 mm or less,Copepoda (s.c) - Small,3,Intermediate,,,1,0.0007,,
"4T Southern Gulf of St. Lawrence Ecosystem Trawl Survey (RV Survey, Needler)",glf4t2005,2005,112,,,S. B.,2006-02-23,2006,49527,SB49527,632,Stout eelblenny,Anisarchus medius,11.2,0.035,,,,132941,9000,Digested remains unidentified,"Unid remains,digested",,,,,1,0.0076,,
"4T Southern Gulf of St. Lawrence Ecosystem Trawl Survey (RV Survey, Needler)",glf4t2005,2005,112,,,S. B.,2006-02-23,2006,49527,SB49527,632,Stout eelblenny,Anisarchus medius,11.2,0.035,,,,132942,9100,Mucus,Mucus,,,,,1,0.0144,,
"4T Southern Gulf of St. Lawrence Ecosystem Trawl Survey (RV Survey, Needler)",glf4t2005,2005,112,,,S. B.,2006-02-23,2006,49528,SB49528,632,Stout eelblenny,Anisarchus medius,11.2,0.0335,,,,132943,7100,Round worm unidentified,Nematoda,1,Undigested/freshly eaten,,,1,0.0005,,
"4T Southern Gulf of St. Lawrence Ecosystem Trawl Survey (RV Survey, Needler)",glf4t2005,2005,112,,,S. B.,2006-02-23,2006,49528,SB49528,632,Stout eelblenny,Anisarchus medius,11.2,0.0335,,,,132944,9000,Digested remains unidentified,"Unid remains,digested",,,,,1,0.0074,,
"4T Southern Gulf of St. Lawrence Ecosystem Trawl Survey (RV Survey, Needler)",glf4t2005,2005,112,,,S. B.,2006-02-23,2006,49528,SB49528,632,Stout eelblenny,Anisarchus medius,11.2,0.0335,,,,132945,9100,Mucus,Mucus,,,,,1,0.0131,,
"4T Southern Gulf of St. Lawrence Ecosystem Trawl Survey (RV Survey, Needler)",glf4t2005,2005,112,,,S. B.,2006-02-23,2006,49529,SB49529,632,Stout eelblenny,Anisarchus medius,13.8,0.0702,,,,132946,9000,Digested remains unidentified,"Unid remains,digested",,,,,1,0.0088,,
"4T Southern Gulf of St. Lawrence Ecosystem Trawl Survey (RV Survey, Needler)",glf4t2005,2005,112,,,S. B.,2006-02-23,2006,49529,SB49529,632,Stout eelblenny,Anisarchus medius,13.8,0.0702,,,,132947,9100,Mucus,Mucus,,,,,1,0.0614,,
"4T Southern Gulf of St. Lawrence Ecosystem Trawl Survey (RV Survey, Needler)",glf4t2005,2005,112,,,S. B.,2006-02-23,2006,49530,SB49530,632,Stout eelblenny,Anisarchus medius,12.6,0.0559,,,,132948,7100,Round worm unidentified,Nematoda,1,Undigested/freshly eaten,,,1,0.0015,,
"4T Southern Gulf of St. Lawrence Ecosystem Trawl Survey (RV Survey, Needler)",glf4t2005,2005,112,,,S. B.,2006-02-23,2006,49530,SB49530,632,Stout eelblenny,Anisarchus medius,12.6,0.0559,,,,132949,2000,Crustacean unidentified,Crustacea,4,Advanced,,,1,0.0031,,
"4T Southern Gulf of St. Lawrence Ecosystem Trawl Survey (RV Survey, Needler)",glf4t2005,2005,112,,,S. B.,2006-02-23,2006,49530,SB49530,632,Stout eelblenny,Anisarchus medius,12.6,0.0559,,,,132950,9000,Digested remains unidentified,"Unid remains,digested",,,,,1,0.0078,,
"4T Southern Gulf of St. Lawrence Ecosystem Trawl Survey (RV Survey, Needler)",glf4t2005,2005,112,,,S. B.,2006-02-23,2006,49530,SB49530,632,Stout eelblenny,Anisarchus medius,12.6,0.0559,,,,132951,9100,Mucus,Mucus,,,,,1,0.0308,,
"4T Southern Gulf of St. Lawrence Ecosystem Trawl Survey (RV Survey, Needler)",glf4t2005,2005,112,,,S. B.,2006-02-23,2006,49531,SB49531,632,Stout eelblenny,Anisarchus medius,12.7,0.0752,,,,132952,7100,Round worm unidentified,Nematoda,1,Undigested/freshly eaten,,,1,0.001,,
"4T Southern Gulf of St. Lawrence Ecosystem Trawl Survey (RV Survey, Needler)",glf4t2005,2005,112,,,S. B.,2006-02-23,2006,49531,SB49531,632,Stout eelblenny,Anisarchus medius,12.7,0.0752,,,,132953,3100,Bristle worm unidentified,Polychaeta,2,Slight,,,1,0.002,,
"4T Southern Gulf of St. Lawrence Ecosystem Trawl Survey (RV Survey, Needler)",glf4t2005,2005,112,,,S. B.,2006-02-23,2006,49531,SB49531,632,Stout eelblenny,Anisarchus medius,12.7,0.0752,,,,132954,9000,Digested remains unidentified,"Unid remains,digested",,,,,1,0.0237,,
"4T Southern Gulf of St. Lawrence Ecosystem Trawl Survey (RV Survey, Needler)",glf4t2005,2005,112,,,S. B.,2006-02-23,2006,49531,SB49531,632,Stout eelblenny,Anisarchus medius,12.7,0.0752,,,,132955,9100,Mucus,Mucus,,,,,1,0.0213,,
"4T Southern Gulf of St. Lawrence Ecosystem Trawl Survey (RV Survey, Needler)",glf4t2005,2005,112,,,S. B.,2006-02-21,2006,49532,SB49532,647,Vahl's eelpout,Lycodes vahlii,18.8,0.1863,,,,132956,2000,Crustacean unidentified,Crustacea,3,Intermediate,,,1,0.0018,,
"4T Southern Gulf of St. Lawrence Ecosystem Trawl Survey (RV Survey, Needler)",glf4t2005,2005,112,,,S. B.,2006-02-21,2006,49532,SB49532,647,Vahl's eelpout,Lycodes vahlii,18.8,0.1863,,,,132957,9100,Mucus,Mucus,,,,,1,0.1845,,
"4T Southern Gulf of St. Lawrence Ecosystem Trawl Survey (RV Survey, Needler)",glf4t2005,2005,112,,,S. B.,2006-02-21,2006,49533,SB49533,647,Vahl's eelpout,Lycodes vahlii,9.8,0.046,,,,132958,3100,Bristle worm unidentified,Polychaeta,3,Intermediate,,,1,0.0006,,
"4T Southern Gulf of St. Lawrence Ecosystem Trawl Survey (RV Survey, Needler)",glf4t2005,2005,112,,,S. B.,2006-02-21,2006,49533,SB49533,647,Vahl's eelpout,Lycodes vahlii,9.8,0.046,,,,132959,9100,Mucus,Mucus,,,,,1,0.0454,,
"4T Southern Gulf of St. Lawrence Ecosystem Trawl Survey (RV Survey, Needler)",glf4t2005,2005,116,,39,S. L.,2006-01-17,2006,49534,SL49534,201,Thorny skate,Amblyraja radiata,19.1,3.6414,,,,132960,2411,Arctic argid,Argis dentata,2,Slight,,,1,1.4204,,
"4T Southern Gulf of St. Lawrence Ecosystem Trawl Survey (RV Survey, Needler)",glf4t2005,2005,116,,39,S. L.,2006-01-17,2006,49534,SL49534,201,Thorny skate,Amblyraja radiata,19.1,3.6414,,,,132961,2811,Gammaridae unidentified,Gammaridae,3,Intermediate,,,1,0.4689,,
"4T Southern Gulf of St. Lawrence Ecosystem Trawl Survey (RV Survey, Needler)",glf4t2005,2005,116,,39,S. L.,2006-01-17,2006,49534,SL49534,201,Thorny skate,Amblyraja radiata,19.1,3.6414,,,,132962,3100,Bristle worm unidentified,Polychaeta,3,Intermediate,,,1,0.0075,,
"4T Southern Gulf of St. Lawrence Ecosystem Trawl Survey (RV Survey, Needler)",glf4t2005,2005,116,,39,S. L.,2006-01-17,2006,49534,SL49534,201,Thorny skate,Amblyraja radiata,19.1,3.6414,,,,132963,2700,Mysid shrimp,Mysidacea (o.),2,Slight,,,1,0.0112,,
"4T Southern Gulf of St. Lawrence Ecosystem Trawl Survey (RV Survey, Needler)",glf4t2005,2005,116,,39,S. L.,2006-01-17,2006,49534,SL49534,201,Thorny skate,Amblyraja radiata,19.1,3.6414,,,,132964,2902,Copepods - 3 mm or less,Copepoda (s.c) - Small,2,Slight,,,1,0.0018,,
"4T Southern Gulf of St. Lawrence Ecosystem Trawl Survey (RV Survey, Needler)",glf4t2005,2005,116,,39,S. L.,2006-01-17,2006,49534,SL49534,201,Thorny skate,Amblyraja radiata,19.1,3.6414,,,,132965,2000,Crustacean unidentified,Crustacea,4,Advanced,,,1,0.9567,,
"4T Southern Gulf of St. Lawrence Ecosystem Trawl Survey (RV Survey, Needler)",glf4t2005,2005,116,,39,S. L.,2006-01-17,2006,49534,SL49534,201,Thorny skate,Amblyraja radiata,19.1,3.6414,,,,132966,9000,Digested remains unidentified,"Unid remains,digested",1,Undigested/freshly eaten,,,1,0.0092,,
"4T Southern Gulf of St. Lawrence Ecosystem Trawl Survey (RV Survey, Needler)",glf4t2005,2005,116,,39,S. L.,2006-01-17,2006,49534,SL49534,201,Thorny skate,Amblyraja radiata,19.1,3.6414,,,,132967,9100,Mucus,Mucus,,,,,1,0.7657,,
"4T Southern Gulf of St. Lawrence Ecosystem Trawl Survey (RV Survey, Needler)",glf4t2005,2005,116,,38,S. L.,2006-01-19,2006,49535,SL49535,201,Thorny skate,Amblyraja radiata,16.0,1.6007,,,,132968,3100,Bristle worm unidentified,Polychaeta,3,Intermediate,,,1,0.006,,
"4T Southern Gulf of St. Lawrence Ecosystem Trawl Survey (RV Survey, Needler)",glf4t2005,2005,116,,38,S. L.,2006-01-19,2006,49535,SL49535,201,Thorny skate,Amblyraja radiata,16.0,1.6007,,,,132969,2902,Copepods - 3 mm or less,Copepoda (s.c) - Small,1,Undigested/freshly eaten,,,1,0.0946,,
"4T Southern Gulf of St. Lawrence Ecosystem Trawl Survey (RV Survey, Needler)",glf4t2005,2005,116,,38,S. L.,2006-01-19,2006,49535,SL49535,201,Thorny skate,Amblyraja radiata,16.0,1.6007,,,,132970,2811,Gammaridae unidentified,Gammaridae,2,Slight,,,1,0.7004,,
"4T Southern Gulf of St. Lawrence Ecosystem Trawl Survey (RV Survey, Needler)",glf4t2005,2005,116,,38,S. L.,2006-01-19,2006,49535,SL49535,201,Thorny skate,Amblyraja radiata,16.0,1.6007,,,,132971,2000,Crustacean unidentified,Crustacea,4,Advanced,,,1,0.5052,,
"4T Southern Gulf of St. Lawrence Ecosystem Trawl Survey (RV Survey, Needler)",glf4t2005,2005,116,,38,S. L.,2006-01-19,2006,49535,SL49535,201,Thorny skate,Amblyraja radiata,16.0,1.6007,,,,132972,9100,Mucus,Mucus,,,,,1,0.2945,,
"4T Southern Gulf of St. Lawrence Ecosystem Trawl Survey (RV Survey, Needler)",glf4t2005,2005,118,,41,S. L.,2006-02-20,2006,49536,SL49536,201,Thorny skate,Amblyraja radiata,21.5,2.2021,,,,132973,2600,Krill,Euphausiacea,3,Intermediate,,,1,0.3197,,
"4T Southern Gulf of St. Lawrence Ecosystem Trawl Survey (RV Survey, Needler)",glf4t2005,2005,118,,41,S. L.,2006-02-20,2006,49536,SL49536,201,Thorny skate,Amblyraja radiata,21.5,2.2021,,,,132974,2900,Copepods,Copepoda,1,Undigested/freshly eaten,,,1,0.0702,,
"4T Southern Gulf of St. Lawrence Ecosystem Trawl Survey (RV Survey, Needler)",glf4t2005,2005,118,,41,S. L.,2006-02-20,2006,49536,SL49536,201,Thorny skate,Amblyraja radiata,21.5,2.2021,,,,132975,2811,Gammaridae unidentified,Gammaridae,3,Intermediate,,,1,0.6635,,
"4T Southern Gulf of St. Lawrence Ecosystem Trawl Survey (RV Survey, Needler)",glf4t2005,2005,118,,41,S. L.,2006-02-20,2006,49536,SL49536,201,Thorny skate,Amblyraja radiata,21.5,2.2021,,,,132976,3100,Bristle worm unidentified,Polychaeta,3,Intermediate,,,1,0.3727,,
"4T Southern Gulf of St. Lawrence Ecosystem Trawl Survey (RV Survey, Needler)",glf4t2005,2005,118,,41,S. L.,2006-02-20,2006,49536,SL49536,201,Thorny skate,Amblyraja radiata,21.5,2.2021,,,,132977,9630,Organic debris,Organic debris,1,Undigested/freshly eaten,,,1,0.0096,,
"4T Southern Gulf of St. Lawrence Ecosystem Trawl Survey (RV Survey, Needler)",glf4t2005,2005,118,,41,S. L.,2006-02-20,2006,49536,SL49536,201,Thorny skate,Amblyraja radiata,21.5,2.2021,,,,132978,9100,Mucus,Mucus,,,,,1,0.7664,,
"4T Southern Gulf of St. Lawrence Ecosystem Trawl Survey (RV Survey, Needler)",glf4t2005,2005,118,,42,S. L.,2006-02-20,2006,49537,SL49537,201,Thorny skate,Amblyraja radiata,17.0,1.4834,,,,132979,2811,Gammaridae unidentified,Gammaridae,2,Slight,,,1,0.2725,,
"4T Southern Gulf of St. Lawrence Ecosystem Trawl Survey (RV Survey, Needler)",glf4t2005,2005,118,,42,S. L.,2006-02-20,2006,49537,SL49537,201,Thorny skate,Amblyraja radiata,17.0,1.4834,,,,132980,2700,Mysid shrimp,Mysidacea (o.),2,Slight,,,1,0.0402,,
"4T Southern Gulf of St. Lawrence Ecosystem Trawl Survey (RV Survey, Needler)",glf4t2005,2005,118,,42,S. L.,2006-02-20,2006,49537,SL49537,201,Thorny skate,Amblyraja radiata,17.0,1.4834,,,,132981,2971,Diastylis sp.,Diastylis,3,Intermediate,,,1,0.0019,,
"4T Southern Gulf of St. Lawrence Ecosystem Trawl Survey (RV Survey, Needler)",glf4t2005,2005,118,,42,S. L.,2006-02-20,2006,49537,SL49537,201,Thorny skate,Amblyraja radiata,17.0,1.4834,,,,132982,3100,Bristle worm unidentified,Polychaeta,3,Intermediate,,,1,0.0262,,
"4T Southern Gulf of St. Lawrence Ecosystem Trawl Survey (RV Survey, Needler)",glf4t2005,2005,118,,42,S. L.,2006-02-20,2006,49537,SL49537,201,Thorny skate,Amblyraja radiata,17.0,1.4834,,,,132983,2902,Copepods - 3 mm or less,Copepoda (s.c) - Small,2,Slight,,,1,0.3146,,
"4T Southern Gulf of St. Lawrence Ecosystem Trawl Survey (RV Survey, Needler)",glf4t2005,2005,118,,42,S. L.,2006-02-20,2006,49537,SL49537,201,Thorny skate,Amblyraja radiata,17.0,1.4834,,,,132984,2000,Crustacean unidentified,Crustacea,4,Advanced,,,1,0.4463,,
"4T Southern Gulf of St. Lawrence Ecosystem Trawl Survey (RV Survey, Needler)",glf4t2005,2005,118,,42,S. L.,2006-02-20,2006,49537,SL49537,201,Thorny skate,Amblyraja radiata,17.0,1.4834,,,,132985,9100,Mucus,Mucus,,,,,1,0.3817,,
"4T Southern Gulf of St. Lawrence Ecosystem Trawl Survey (RV Survey, Needler)",glf4t2005,2005,118,,43,S. L.,2006-02-20,2006,49538,SL49538,201,Thorny skate,Amblyraja radiata,22.2,2.1385,,,,132986,2526,Snow crab,Chionoecetes opilio,2,Slight,4.0,,1,0.0379,,
"4T Southern Gulf of St. Lawrence Ecosystem Trawl Survey (RV Survey, Needler)",glf4t2005,2005,118,,43,S. L.,2006-02-20,2006,49538,SL49538,201,Thorny skate,Amblyraja radiata,22.2,2.1385,,,,132987,,,,2,Slight,,,1,0.0179,,
"4T Southern Gulf of St. Lawrence Ecosystem Trawl Survey (RV Survey, Needler)",glf4t2005,2005,118,,43,S. L.,2006-02-20,2006,49538,SL49538,201,Thorny skate,Amblyraja radiata,22.2,2.1385,,,,132988,7100,Round worm unidentified,Nematoda,1,Undigested/freshly eaten,,,1,0.0199,,
"4T Southern Gulf of St. Lawrence Ecosystem Trawl Survey (RV Survey, Needler)",glf4t2005,2005,118,,43,S. L.,2006-02-20,2006,49538,SL49538,201,Thorny skate,Amblyraja radiata,22.2,2.1385,,,,132989,3100,Bristle worm unidentified,Polychaeta,3,Intermediate,,,1,0.2701,,
"4T Southern Gulf of St. Lawrence Ecosystem Trawl Survey (RV Survey, Needler)",glf4t2005,2005,118,,43,S. L.,2006-02-20,2006,49538,SL49538,201,Thorny skate,Amblyraja radiata,22.2,2.1385,,,,132990,2700,Mysid shrimp,Mysidacea (o.),3,Intermediate,,,1,0.0073,,
"4T Southern Gulf of St. Lawrence Ecosystem Trawl Survey (RV Survey, Needler)",glf4t2005,2005,118,,43,S. L.,2006-02-20,2006,49538,SL49538,201,Thorny skate,Amblyraja radiata,22.2,2.1385,,,,132991,2902,Copepods - 3 mm or less,Copepoda (s.c) - Small,2,Slight,,,1,0.0469,,
"4T Southern Gulf of St. Lawrence Ecosystem Trawl Survey (RV Survey, Needler)",glf4t2005,2005,118,,43,S. L.,2006-02-20,2006,49538,SL49538,201,Thorny skate,Amblyraja radiata,22.2,2.1385,,,,132992,2811,Gammaridae unidentified,Gammaridae,2,Slight,,,1,0.7491,,
"4T Southern Gulf of St. Lawrence Ecosystem Trawl Survey (RV Survey, Needler)",glf4t2005,2005,118,,43,S. L.,2006-02-20,2006,49538,SL49538,201,Thorny skate,Amblyraja radiata,22.2,2.1385,,,,132993,2000,Crustacean unidentified,Crustacea,4,Advanced,,,1,0.1478,,
"4T Southern Gulf of St. Lawrence Ecosystem Trawl Survey (RV Survey, Needler)",glf4t2005,2005,118,,43,S. L.,2006-02-20,2006,49538,SL49538,201,Thorny skate,Amblyraja radiata,22.2,2.1385,,,,132994,9100,Mucus,Mucus,,,,,1,0.8416,,
"4T Southern Gulf of St. Lawrence Ecosystem Trawl Survey (RV Survey, Needler)",glf4t2005,2005,118,,45,S. L.,2006-02-20,2006,49539,SL49539,201,Thorny skate,Amblyraja radiata,12.4,0.6346,,,,132995,2902,Copepods - 3 mm or less,Copepoda (s.c) - Small,1,Undigested/freshly eaten,,,1,0.03,,
"4T Southern Gulf of St. Lawrence Ecosystem Trawl Survey (RV Survey, Needler)",glf4t2005,2005,118,,45,S. L.,2006-02-20,2006,49539,SL49539,201,Thorny skate,Amblyraja radiata,12.4,0.6346,,,,132996,2811,Gammaridae unidentified,Gammaridae,3,Intermediate,,,1,0.4525,,
"4T Southern Gulf of St. Lawrence Ecosystem Trawl Survey (RV Survey, Needler)",glf4t2005,2005,118,,45,S. L.,2006-02-20,2006,49539,SL49539,201,Thorny skate,Amblyraja radiata,12.4,0.6346,,,,132997,,,,3,Intermediate,,,1,0.0141,,
"4T Southern Gulf of St. Lawrence Ecosystem Trawl Survey (RV Survey, Needler)",glf4t2005,2005,118,,45,S. L.,2006-02-20,2006,49539,SL49539,201,Thorny skate,Amblyraja radiata,12.4,0.6346,,,,132998,9000,Digested remains unidentified,"Unid remains,digested",4,Advanced,,,1,0.0618,,
"4T Southern Gulf of St. Lawrence Ecosystem Trawl Survey (RV Survey, Needler)",glf4t2005,2005,118,,45,S. L.,2006-02-20,2006,49539,SL49539,201,Thorny skate,Amblyraja radiata,12.4,0.6346,,,,132999,9100,Mucus,Mucus,,,,,1,0.0762,,
"4T Southern Gulf of St. Lawrence Ecosystem Trawl Survey (RV Survey, Needler)",glf4t2005,2005,118,,40,S. L.,2006-02-20,2006,49540,SL49540,201,Thorny skate,Amblyraja radiata,24.0,2.0084,,,,133000,2902,Copepods - 3 mm or less,Copepoda (s.c) - Small,1,Undigested/freshly eaten,,,1,0.0134,,
"4T Southern Gulf of St. Lawrence Ecosystem Trawl Survey (RV Survey, Needler)",glf4t2005,2005,118,,40,S. L.,2006-02-20,2006,49540,SL49540,201,Thorny skate,Amblyraja radiata,24.0,2.0084,,,,133001,2811,Gammaridae unidentified,Gammaridae,2,Slight,,,1,0.1627,,
"4T Southern Gulf of St. Lawrence Ecosystem Trawl Survey (RV Survey, Needler)",glf4t2005,2005,118,,40,S. L.,2006-02-20,2006,49540,SL49540,201,Thorny skate,Amblyraja radiata,24.0,2.0084,,,,133002,,,,2,Slight,,,1,0.0483,,
"4T Southern Gulf of St. Lawrence Ecosystem Trawl Survey (RV Survey, Needler)",glf4t2005,2005,118,,40,S. L.,2006-02-20,2006,49540,SL49540,201,Thorny skate,Amblyraja radiata,24.0,2.0084,,,,133003,2500,Crab sp.,Crab sp.,3,Intermediate,,,1,0.064,,
"4T Southern Gulf of St. Lawrence Ecosystem Trawl Survey (RV Survey, Needler)",glf4t2005,2005,118,,40,S. L.,2006-02-20,2006,49540,SL49540,201,Thorny skate,Amblyraja radiata,24.0,2.0084,,,,133004,3100,Bristle worm unidentified,Polychaeta,3,Intermediate,,,1,0.9294,,
"4T Southern Gulf of St. Lawrence Ecosystem Trawl Survey (RV Survey, Needler)",glf4t2005,2005,118,,40,S. L.,2006-02-20,2006,49540,SL49540,201,Thorny skate,Amblyraja radiata,24.0,2.0084,,,,133005,2000,Crustacean unidentified,Crustacea,4,Advanced,,,1,0.0605,,
"4T Southern Gulf of St. Lawrence Ecosystem Trawl Survey (RV Survey, Needler)",glf4t2005,2005,118,,40,S. L.,2006-02-20,2006,49540,SL49540,201,Thorny skate,Amblyraja radiata,24.0,2.0084,,,,133006,9100,Mucus,Mucus,,,,,1,0.7038,,
"4T Southern Gulf of St. Lawrence Ecosystem Trawl Survey (RV Survey, Needler)",glf4t2005,2005,118,,40,S. L.,2006-02-20,2006,49540,SL49540,201,Thorny skate,Amblyraja radiata,24.0,2.0084,,,,133007,2700,Mysid shrimp,Mysidacea (o.),2,Slight,,,1,0.0263,,
"4T Southern Gulf of St. Lawrence Ecosystem Trawl Survey (RV Survey, Needler)",glf4t2005,2005,119,,46,S. L.,2006-01-03,2006,49541,SL49541,201,Thorny skate,Amblyraja radiata,49.0,10.7439,,,,133008,2211,Northern shrimp,Pandalus borealis,2,Slight,,,1,7.9922,,
"4T Southern Gulf of St. Lawrence Ecosystem Trawl Survey (RV Survey, Needler)",glf4t2005,2005,119,,46,S. L.,2006-01-03,2006,49541,SL49541,201,Thorny skate,Amblyraja radiata,49.0,10.7439,,,,133009,2811,Gammaridae unidentified,Gammaridae,2,Slight,,,1,0.6356,,
"4T Southern Gulf of St. Lawrence Ecosystem Trawl Survey (RV Survey, Needler)",glf4t2005,2005,119,,46,S. L.,2006-01-03,2006,49541,SL49541,201,Thorny skate,Amblyraja radiata,49.0,10.7439,,,,133010,3100,Bristle worm unidentified,Polychaeta,3,Intermediate,,,1,0.1063,,
"4T Southern Gulf of St. Lawrence Ecosystem Trawl Survey (RV Survey, Needler)",glf4t2005,2005,119,,46,S. L.,2006-01-03,2006,49541,SL49541,201,Thorny skate,Amblyraja radiata,49.0,10.7439,,,,133011,9100,Mucus,Mucus,,,,,1,2.0098,,
"4T Southern Gulf of St. Lawrence Ecosystem Trawl Survey (RV Survey, Needler)",glf4t2005,2005,119,,1,S. L.,2005-12-20,2005,49542,SL49542,202,Smooth skate,Malacoraja senta,50.0,6.3622,,,,133012,2211,Northern shrimp,Pandalus borealis,3,Intermediate,,,1,4.4009,,
"4T Southern Gulf of St. Lawrence Ecosystem Trawl Survey (RV Survey, Needler)",glf4t2005,2005,119,,1,S. L.,2005-12-20,2005,49542,SL49542,202,Smooth skate,Malacoraja senta,50.0,6.3622,,,,133013,2100,Decapod unidentified,Decapoda,4,Advanced,,,1,1.9613,,
"4T Southern Gulf of St. Lawrence Ecosystem Trawl Survey (RV Survey, Needler)",glf4t2005,2005,119,,3,S. L.,2005-12-21,2005,49543,SL49543,202,Smooth skate,Malacoraja senta,53.0,14.7518,,,,133014,2211,Northern shrimp,Pandalus borealis,2,Slight,,,1,12.3371,,
"4T Southern Gulf of St. Lawrence Ecosystem Trawl Survey (RV Survey, Needler)",glf4t2005,2005,119,,3,S. L.,2005-12-21,2005,49543,SL49543,202,Smooth skate,Malacoraja senta,53.0,14.7518,,,,133015,9300,Seaweed/Algae/Kelp unidentified,Obsolete,1,Undigested/freshly eaten,,,1,0.0206,,
"4T Southern Gulf of St. Lawrence Ecosystem Trawl Survey (RV Survey, Needler)",glf4t2005,2005,119,,3,S. L.,2005-12-21,2005,49543,SL49543,202,Smooth skate,Malacoraja senta,53.0,14.7518,,,,133016,9100,Mucus,Mucus,,,,,1,2.3941,,
"4T Southern Gulf of St. Lawrence Ecosystem Trawl Survey (RV Survey, Needler)",glf4t2005,2005,120,,47,S. L.,2005-12-22,2005,49544,SL49544,201,Thorny skate,Amblyraja radiata,47.0,2.7446,,,,133017,2811,Gammaridae unidentified,Gammaridae,2,Slight,,,1,0.7305,,
"4T Southern Gulf of St. Lawrence Ecosystem Trawl Survey (RV Survey, Needler)",glf4t2005,2005,120,,47,S. L.,2005-12-22,2005,49544,SL49544,201,Thorny skate,Amblyraja radiata,47.0,2.7446,,,,133018,2700,Mysid shrimp,Mysidacea (o.),3,Intermediate,,,1,0.0054,,
"4T Southern Gulf of St. Lawrence Ecosystem Trawl Survey (RV Survey, Needler)",glf4t2005,2005,120,,47,S. L.,2005-12-22,2005,49544,SL49544,201,Thorny skate,Amblyraja radiata,47.0,2.7446,,,,133019,9100,Mucus,Mucus,,,,,1,2.0087,,
"4T Southern Gulf of St. Lawrence Ecosystem Trawl Survey (RV Survey, Needler)",glf4t2005,2005,120,,47,S. L.,2005-12-22,2005,49545,SL49545,201,Thorny skate,Amblyraja radiata,54.0,6.4043,,,,133020,2221,Pink glass shrimp,Pasiphaea multidentata,3,Intermediate,,,1,1.0436,,
"4T Southern Gulf of St. Lawrence Ecosystem Trawl Survey (RV Survey, Needler)",glf4t2005,2005,120,,47,S. L.,2005-12-22,2005,49545,SL49545,201,Thorny skate,Amblyraja radiata,54.0,6.4043,,,,133021,2221,Pink glass shrimp,Pasiphaea multidentata,3,Intermediate,,,1,1.5896,,
"4T Southern Gulf of St. Lawrence Ecosystem Trawl Survey (RV Survey, Needler)",glf4t2005,2005,120,,47,S. L.,2005-12-22,2005,49545,SL49545,201,Thorny skate,Amblyraja radiata,54.0,6.4043,,,,133022,2906,Hyperiidae unidentified,Hyperiidae,3,Intermediate,,,1,0.1425,,
"4T Southern Gulf of St. Lawrence Ecosystem Trawl Survey (RV Survey, Needler)",glf4t2005,2005,120,,47,S. L.,2005-12-22,2005,49545,SL49545,201,Thorny skate,Amblyraja radiata,54.0,6.4043,,,,133023,7600,Trematoda unidentified,Trematoda,1,Undigested/freshly eaten,,,1,0.3013,,
"4T Southern Gulf of St. Lawrence Ecosystem Trawl Survey (RV Survey, Needler)",glf4t2005,2005,120,,47,S. L.,2005-12-22,2005,49545,SL49545,201,Thorny skate,Amblyraja radiata,54.0,6.4043,,,,133024,9100,Mucus,Mucus,,,,,1,3.3273,,
"4T Southern Gulf of St. Lawrence Ecosystem Trawl Survey (RV Survey, Needler)",glf4t2005,2005,120,,49,S. L.,2006-02-20,2006,49546,SL49546,201,Thorny skate,Amblyraja radiata,12.9,0.2198,,,,133025,2700,Mysid shrimp,Mysidacea (o.),2,Slight,,,1,0.0134,,
"4T Southern Gulf of St. Lawrence Ecosystem Trawl Survey (RV Survey, Needler)",glf4t2005,2005,120,,49,S. L.,2006-02-20,2006,49546,SL49546,201,Thorny skate,Amblyraja radiata,12.9,0.2198,,,,133026,2900,Copepods,Copepoda,1,Undigested/freshly eaten,,,1,0.0143,,
"4T Southern Gulf of St. Lawrence Ecosystem Trawl Survey (RV Survey, Needler)",glf4t2005,2005,120,,49,S. L.,2006-02-20,2006,49546,SL49546,201,Thorny skate,Amblyraja radiata,12.9,0.2198,,,,133027,9100,Mucus,Mucus,,,,,1,0.1921,,
"4T Southern Gulf of St. Lawrence Ecosystem Trawl Survey (RV Survey, Needler)",glf4t2005,2005,120,,50,S. L.,2006-02-21,2006,49547,SL49547,201,Thorny skate,Amblyraja radiata,12.2,0.1646,,,,133028,2902,Copepods - 3 mm or less,Copepoda (s.c) - Small,3,Intermediate,,,1,0.0378,,
"4T Southern Gulf of St. Lawrence Ecosystem Trawl Survey (RV Survey, Needler)",glf4t2005,2005,120,,50,S. L.,2006-02-21,2006,49547,SL49547,201,Thorny skate,Amblyraja radiata,12.2,0.1646,,,,133029,9100,Mucus,Mucus,,,,,1,0.1268,,
"4T Southern Gulf of St. Lawrence Ecosystem Trawl Survey (RV Survey, Needler)",glf4t2005,2005,120,,4,S. L.,2006-02-21,2006,49548,SL49548,202,Smooth skate,Malacoraja senta,29.2,1.205,,,,133030,,,,2,Slight,,,1,0.0185,,
"4T Southern Gulf of St. Lawrence Ecosystem Trawl Survey (RV Survey, Needler)",glf4t2005,2005,120,,4,S. L.,2006-02-21,2006,49548,SL49548,202,Smooth skate,Malacoraja senta,29.2,1.205,,,,133031,2700,Mysid shrimp,Mysidacea (o.),1,Undigested/freshly eaten,,,1,0.0843,,
"4T Southern Gulf of St. Lawrence Ecosystem Trawl Survey (RV Survey, Needler)",glf4t2005,2005,120,,4,S. L.,2006-02-21,2006,49548,SL49548,202,Smooth skate,Malacoraja senta,29.2,1.205,,,,133032,2902,Copepods - 3 mm or less,Copepoda (s.c) - Small,1,Undigested/freshly eaten,,,1,0.0014,,
"4T Southern Gulf of St. Lawrence Ecosystem Trawl Survey (RV Survey, Needler)",glf4t2005,2005,120,,4,S. L.,2006-02-21,2006,49548,SL49548,202,Smooth skate,Malacoraja senta,29.2,1.205,,,,133033,2811,Gammaridae unidentified,Gammaridae,3,Intermediate,,,1,0.2362,,
"4T Southern Gulf of St. Lawrence Ecosystem Trawl Survey (RV Survey, Needler)",glf4t2005,2005,120,,4,S. L.,2006-02-21,2006,49548,SL49548,202,Smooth skate,Malacoraja senta,29.2,1.205,,,,133034,2000,Crustacean unidentified,Crustacea,4,Advanced,,,1,0.1499,,
"4T Southern Gulf of St. Lawrence Ecosystem Trawl Survey (RV Survey, Needler)",glf4t2005,2005,120,,4,S. L.,2006-02-21,2006,49548,SL49548,202,Smooth skate,Malacoraja senta,29.2,1.205,,,,133035,9100,Mucus,Mucus,,,,,1,0.7147,,
"4T Southern Gulf of St. Lawrence Ecosystem Trawl Survey (RV Survey, Needler)",glf4t2005,2005,122,,73,S. L.,2006-01-04,2006,49549,SL49549,201,Thorny skate,Amblyraja radiata,38.0,3.9306,,,,133036,3100,Bristle worm unidentified,Polychaeta,3,Intermediate,,,1,1.5655,,
"4T Southern Gulf of St. Lawrence Ecosystem Trawl Survey (RV Survey, Needler)",glf4t2005,2005,122,,73,S. L.,2006-01-04,2006,49549,SL49549,201,Thorny skate,Amblyraja radiata,38.0,3.9306,,,,133037,2211,Northern shrimp,Pandalus borealis,3,Intermediate,,,1,1.2677,,
"4T Southern Gulf of St. Lawrence Ecosystem Trawl Survey (RV Survey, Needler)",glf4t2005,2005,122,,73,S. L.,2006-01-04,2006,49549,SL49549,201,Thorny skate,Amblyraja radiata,38.0,3.9306,,,,133038,2000,Crustacean unidentified,Crustacea,4,Advanced,,,1,0.1199,,
"4T Southern Gulf of St. Lawrence Ecosystem Trawl Survey (RV Survey, Needler)",glf4t2005,2005,122,,73,S. L.,2006-01-04,2006,49549,SL49549,201,Thorny skate,Amblyraja radiata,38.0,3.9306,,,,133039,9100,Mucus,Mucus,,,,,1,0.9775,,
"4T Southern Gulf of St. Lawrence Ecosystem Trawl Survey (RV Survey, Needler)",glf4t2005,2005,122,,71,S. L.,2006-01-03,2006,49550,SL49550,201,Thorny skate,Amblyraja radiata,38.5,3.5954,,,,133040,7600,Trematoda unidentified,Trematoda,1,Undigested/freshly eaten,,,1,0.0835,,
"4T Southern Gulf of St. Lawrence Ecosystem Trawl Survey (RV Survey, Needler)",glf4t2005,2005,122,,71,S. L.,2006-01-03,2006,49550,SL49550,201,Thorny skate,Amblyraja radiata,38.5,3.5954,,,,133041,2811,Gammaridae unidentified,Gammaridae,3,Intermediate,,,1,0.6078,,
"4T Southern Gulf of St. Lawrence Ecosystem Trawl Survey (RV Survey, Needler)",glf4t2005,2005,122,,71,S. L.,2006-01-03,2006,49550,SL49550,201,Thorny skate,Amblyraja radiata,38.5,3.5954,,,,133042,3100,Bristle worm unidentified,Polychaeta,3,Intermediate,,,1,0.0657,,
"4T Southern Gulf of St. Lawrence Ecosystem Trawl Survey (RV Survey, Needler)",glf4t2005,2005,122,,71,S. L.,2006-01-03,2006,49550,SL49550,201,Thorny skate,Amblyraja radiata,38.5,3.5954,,,,133043,2906,Hyperiidae unidentified,Hyperiidae,3,Intermediate,,,1,0.566,,
"4T Southern Gulf of St. Lawrence Ecosystem Trawl Survey (RV Survey, Needler)",glf4t2005,2005,122,,71,S. L.,2006-01-03,2006,49550,SL49550,201,Thorny skate,Amblyraja radiata,38.5,3.5954,,,,133044,9100,Mucus,Mucus,,,,,1,2.2724,,
"4T Southern Gulf of St. Lawrence Ecosystem Trawl Survey (RV Survey, Needler)",glf4t2005,2005,122,,72,S. L.,2006-01-04,2006,49551,SL49551,201,Thorny skate,Amblyraja radiata,49.0,6.9622,,,,133045,2221,Pink glass shrimp,Pasiphaea multidentata,2,Slight,,,1,2.495,,
"4T Southern Gulf of St. Lawrence Ecosystem Trawl Survey (RV Survey, Needler)",glf4t2005,2005,122,,72,S. L.,2006-01-04,2006,49551,SL49551,201,Thorny skate,Amblyraja radiata,49.0,6.9622,,,,133046,2700,Mysid shrimp,Mysidacea (o.),2,Slight,,,1,1.7812,,
"4T Southern Gulf of St. Lawrence Ecosystem Trawl Survey (RV Survey, Needler)",glf4t2005,2005,122,,72,S. L.,2006-01-04,2006,49551,SL49551,201,Thorny skate,Amblyraja radiata,49.0,6.9622,,,,133047,3100,Bristle worm unidentified,Polychaeta,3,Intermediate,,,1,0.1321,,
"4T Southern Gulf of St. Lawrence Ecosystem Trawl Survey (RV Survey, Needler)",glf4t2005,2005,122,,72,S. L.,2006-01-04,2006,49551,SL49551,201,Thorny skate,Amblyraja radiata,49.0,6.9622,,,,133048,90,Fish unidentified,"Unid. fish (larvae,juvenile and adults)",3,Intermediate,,,1,0.1597,,
"4T Southern Gulf of St. Lawrence Ecosystem Trawl Survey (RV Survey, Needler)",glf4t2005,2005,122,,72,S. L.,2006-01-04,2006,49551,SL49551,201,Thorny skate,Amblyraja radiata,49.0,6.9622,,,,133049,9000,Digested remains unidentified,"Unid remains,digested",4,Advanced,,,1,0.9633,,
"4T Southern Gulf of St. Lawrence Ecosystem Trawl Survey (RV Survey, Needler)",glf4t2005,2005,122,,72,S. L.,2006-01-04,2006,49551,SL49551,201,Thorny skate,Amblyraja radiata,49.0,6.9622,,,,133050,9100,Mucus,Mucus,,,,,1,1.4309,,
"4T Southern Gulf of St. Lawrence Ecosystem Trawl Survey (RV Survey, Needler)",glf4t2005,2005,122,,70,S. L.,2006-01-06,2006,49552,SL49552,201,Thorny skate,Amblyraja radiata,48.0,4.8127,,,,133051,2700,Mysid shrimp,Mysidacea (o.),2,Slight,,,1,0.0769,,
"4T Southern Gulf of St. Lawrence Ecosystem Trawl Survey (RV Survey, Needler)",glf4t2005,2005,122,,70,S. L.,2006-01-06,2006,49552,SL49552,201,Thorny skate,Amblyraja radiata,48.0,4.8127,,,,133052,3100,Bristle worm unidentified,Polychaeta,3,Intermediate,,,1,1.8822,,
"4T Southern Gulf of St. Lawrence Ecosystem Trawl Survey (RV Survey, Needler)",glf4t2005,2005,122,,70,S. L.,2006-01-06,2006,49552,SL49552,201,Thorny skate,Amblyraja radiata,48.0,4.8127,,,,133053,9100,Mucus,Mucus,,,,,1,2.8536,,
"4T Southern Gulf of St. Lawrence Ecosystem Trawl Survey (RV Survey, Needler)",glf4t2005,2005,122,,74,S. L.,2006-01-17,2006,49553,SL49553,201,Thorny skate,Amblyraja radiata,24.8,0.9677,,,,133054,2700,Mysid shrimp,Mysidacea (o.),3,Intermediate,,,1,0.2565,,
"4T Southern Gulf of St. Lawrence Ecosystem Trawl Survey (RV Survey, Needler)",glf4t2005,2005,122,,74,S. L.,2006-01-17,2006,49553,SL49553,201,Thorny skate,Amblyraja radiata,24.8,0.9677,,,,133055,9100,Mucus,Mucus,,,,,1,0.7112,,
"4T Southern Gulf of St. Lawrence Ecosystem Trawl Survey (RV Survey, Needler)",glf4t2005,2005,122,,75,S. L.,2006-01-17,2006,49554,SL49554,201,Thorny skate,Amblyraja radiata,18.0,2.7916,,,,133056,2700,Mysid shrimp,Mysidacea (o.),2,Slight,,,1,1.2977,,
"4T Southern Gulf of St. Lawrence Ecosystem Trawl Survey (RV Survey, Needler)",glf4t2005,2005,122,,75,S. L.,2006-01-17,2006,49554,SL49554,201,Thorny skate,Amblyraja radiata,18.0,2.7916,,,,133057,3100,Bristle worm unidentified,Polychaeta,3,Intermediate,,,1,0.0339,,
"4T Southern Gulf of St. Lawrence Ecosystem Trawl Survey (RV Survey, Needler)",glf4t2005,2005,122,,75,S. L.,2006-01-17,2006,49554,SL49554,201,Thorny skate,Amblyraja radiata,18.0,2.7916,,,,133058,9000,Digested remains unidentified,"Unid remains,digested",4,Advanced,,,1,0.8903,,
"4T Southern Gulf of St. Lawrence Ecosystem Trawl Survey (RV Survey, Needler)",glf4t2005,2005,122,,75,S. L.,2006-01-17,2006,49554,SL49554,201,Thorny skate,Amblyraja radiata,18.0,2.7916,,,,133059,9100,Mucus,Mucus,,,,,1,0.5697,,
"4T Southern Gulf of St. Lawrence Ecosystem Trawl Survey (RV Survey, Needler)",glf4t2005,2005,122,,76,S. L.,2006-01-17,2006,49555,SL49555,201,Thorny skate,Amblyraja radiata,14.5,0.8988,,,,133060,2700,Mysid shrimp,Mysidacea (o.),3,Intermediate,,,1,0.2058,,
"4T Southern Gulf of St. Lawrence Ecosystem Trawl Survey (RV Survey, Needler)",glf4t2005,2005,122,,76,S. L.,2006-01-17,2006,49555,SL49555,201,Thorny skate,Amblyraja radiata,14.5,0.8988,,,,133061,2811,Gammaridae unidentified,Gammaridae,2,Slight,,,1,0.004,,
"4T Southern Gulf of St. Lawrence Ecosystem Trawl Survey (RV Survey, Needler)",glf4t2005,2005,122,,76,S. L.,2006-01-17,2006,49555,SL49555,201,Thorny skate,Amblyraja radiata,14.5,0.8988,,,,133062,2000,Crustacean unidentified,Crustacea,4,Advanced,,,1,0.5254,,
"4T Southern Gulf of St. Lawrence Ecosystem Trawl Survey (RV Survey, Needler)",glf4t2005,2005,122,,76,S. L.,2006-01-17,2006,49555,SL49555,201,Thorny skate,Amblyraja radiata,14.5,0.8988,,,,133063,9100,Mucus,Mucus,,,,,1,0.1636,,
"4T Southern Gulf of St. Lawrence Ecosystem Trawl Survey (RV Survey, Needler)",glf4t2005,2005,122,,69,S. L.,2006-01-03,2006,49556,SL49556,201,Thorny skate,Amblyraja radiata,38.0,1.7915,,,,133064,3100,Bristle worm unidentified,Polychaeta,2,Slight,,,1,0.7152,,
"4T Southern Gulf of St. Lawrence Ecosystem Trawl Survey (RV Survey, Needler)",glf4t2005,2005,122,,69,S. L.,2006-01-03,2006,49556,SL49556,201,Thorny skate,Amblyraja radiata,38.0,1.7915,,,,133065,2500,Crab sp.,Crab sp.,4,Advanced,,,1,0.5195,,
"4T Southern Gulf of St. Lawrence Ecosystem Trawl Survey (RV Survey, Needler)",glf4t2005,2005,122,,69,S. L.,2006-01-03,2006,49556,SL49556,201,Thorny skate,Amblyraja radiata,38.0,1.7915,,,,133066,9100,Mucus,Mucus,,,,,1,0.5568,,
"4T Southern Gulf of St. Lawrence Ecosystem Trawl Survey (RV Survey, Needler)",glf4t2005,2005,122,,6,S. L.,2006-01-03,2006,49557,SL49557,202,Smooth skate,Malacoraja senta,43.0,10.5,,,,133067,2211,Northern shrimp,Pandalus borealis,3,Intermediate,,,1,8.9663,,
"4T Southern Gulf of St. Lawrence Ecosystem Trawl Survey (RV Survey, Needler)",glf4t2005,2005,122,,6,S. L.,2006-01-03,2006,49557,SL49557,202,Smooth skate,Malacoraja senta,43.0,10.5,,,,133068,2500,Crab sp.,Crab sp.,4,Advanced,,,1,0.7664,,
"4T Southern Gulf of St. Lawrence Ecosystem Trawl Survey (RV Survey, Needler)",glf4t2005,2005,122,,6,S. L.,2006-01-03,2006,49557,SL49557,202,Smooth skate,Malacoraja senta,43.0,10.5,,,,133069,9100,Mucus,Mucus,,,,,1,0.7673,,
"4T Southern Gulf of St. Lawrence Ecosystem Trawl Survey (RV Survey, Needler)",glf4t2005,2005,122,,7,S. L.,2006-01-18,2006,49558,SL49558,202,Smooth skate,Malacoraja senta,24.6,0.6441,,,,133070,2700,Mysid shrimp,Mysidacea (o.),3,Intermediate,,,1,0.0094,,
"4T Southern Gulf of St. Lawrence Ecosystem Trawl Survey (RV Survey, Needler)",glf4t2005,2005,122,,7,S. L.,2006-01-18,2006,49558,SL49558,202,Smooth skate,Malacoraja senta,24.6,0.6441,,,,133071,2811,Gammaridae unidentified,Gammaridae,2,Slight,,,1,0.2607,,
"4T Southern Gulf of St. Lawrence Ecosystem Trawl Survey (RV Survey, Needler)",glf4t2005,2005,122,,7,S. L.,2006-01-18,2006,49558,SL49558,202,Smooth skate,Malacoraja senta,24.6,0.6441,,,,133072,2980,Isopoda unidentified,Isopoda,2,Slight,,,1,0.0106,,
"4T Southern Gulf of St. Lawrence Ecosystem Trawl Survey (RV Survey, Needler)",glf4t2005,2005,122,,7,S. L.,2006-01-18,2006,49558,SL49558,202,Smooth skate,Malacoraja senta,24.6,0.6441,,,,133073,2900,Copepods,Copepoda,2,Slight,,,1,0.0053,,
"4T Southern Gulf of St. Lawrence Ecosystem Trawl Survey (RV Survey, Needler)",glf4t2005,2005,122,,7,S. L.,2006-01-18,2006,49558,SL49558,202,Smooth skate,Malacoraja senta,24.6,0.6441,,,,133074,9100,Mucus,Mucus,,,,,1,0.3581,,
"4T Southern Gulf of St. Lawrence Ecosystem Trawl Survey (RV Survey, Needler)",glf4t2005,2005,122,,8,S. L.,2006-01-17,2006,49559,SL49559,202,Smooth skate,Malacoraja senta,29.0,1.4703,,,,133075,2811,Gammaridae unidentified,Gammaridae,3,Intermediate,,,1,0.2646,,
"4T Southern Gulf of St. Lawrence Ecosystem Trawl Survey (RV Survey, Needler)",glf4t2005,2005,122,,8,S. L.,2006-01-17,2006,49559,SL49559,202,Smooth skate,Malacoraja senta,29.0,1.4703,,,,133076,2700,Mysid shrimp,Mysidacea (o.),2,Slight,,,1,0.0391,,
"4T Southern Gulf of St. Lawrence Ecosystem Trawl Survey (RV Survey, Needler)",glf4t2005,2005,122,,8,S. L.,2006-01-17,2006,49559,SL49559,202,Smooth skate,Malacoraja senta,29.0,1.4703,,,,133077,2500,Crab sp.,Crab sp.,3,Intermediate,,,1,0.014,,
"4T Southern Gulf of St. Lawrence Ecosystem Trawl Survey (RV Survey, Needler)",glf4t2005,2005,122,,8,S. L.,2006-01-17,2006,49559,SL49559,202,Smooth skate,Malacoraja senta,29.0,1.4703,,,,133078,3100,Bristle worm unidentified,Polychaeta,3,Intermediate,,,1,0.0894,,
"4T Southern Gulf of St. Lawrence Ecosystem Trawl Survey (RV Survey, Needler)",glf4t2005,2005,122,,8,S. L.,2006-01-17,2006,49559,SL49559,202,Smooth skate,Malacoraja senta,29.0,1.4703,,,,133079,2000,Crustacean unidentified,Crustacea,4,Advanced,,,1,0.263,,
"4T Southern Gulf of St. Lawrence Ecosystem Trawl Survey (RV Survey, Needler)",glf4t2005,2005,122,,8,S. L.,2006-01-17,2006,49559,SL49559,202,Smooth skate,Malacoraja senta,29.0,1.4703,,,,133080,9100,Mucus,Mucus,,,,,1,0.8002,,
"4T Southern Gulf of St. Lawrence Ecosystem Trawl Survey (RV Survey, Needler)",glf4t2005,2005,123,,80,S. L.,2006-01-05,2006,49560,SL49560,201,Thorny skate,Amblyraja radiata,62.0,10.6594,,,,133081,2221,Pink glass shrimp,Pasiphaea multidentata,2,Slight,,,1,1.4552,,
"4T Southern Gulf of St. Lawrence Ecosystem Trawl Survey (RV Survey, Needler)",glf4t2005,2005,123,,80,S. L.,2006-01-05,2006,49560,SL49560,201,Thorny skate,Amblyraja radiata,62.0,10.6594,,,,133082,2221,Pink glass shrimp,Pasiphaea multidentata,2,Slight,,,1,1.7429,,
"4T Southern Gulf of St. Lawrence Ecosystem Trawl Survey (RV Survey, Needler)",glf4t2005,2005,123,,80,S. L.,2006-01-05,2006,49560,SL49560,201,Thorny skate,Amblyraja radiata,62.0,10.6594,,,,133083,7600,Trematoda unidentified,Trematoda,1,Undigested/freshly eaten,,,1,0.0728,,
"4T Southern Gulf of St. Lawrence Ecosystem Trawl Survey (RV Survey, Needler)",glf4t2005,2005,123,,80,S. L.,2006-01-05,2006,49560,SL49560,201,Thorny skate,Amblyraja radiata,62.0,10.6594,,,,133084,2100,Decapod unidentified,Decapoda,4,Advanced,,,1,2.9476,,
"4T Southern Gulf of St. Lawrence Ecosystem Trawl Survey (RV Survey, Needler)",glf4t2005,2005,123,,80,S. L.,2006-01-05,2006,49560,SL49560,201,Thorny skate,Amblyraja radiata,62.0,10.6594,,,,133085,90,Fish unidentified,"Unid. fish (larvae,juvenile and adults)",4,Advanced,,,1,0.2588,,
"4T Southern Gulf of St. Lawrence Ecosystem Trawl Survey (RV Survey, Needler)",glf4t2005,2005,123,,80,S. L.,2006-01-05,2006,49560,SL49560,201,Thorny skate,Amblyraja radiata,62.0,10.6594,,,,133086,9100,Mucus,Mucus,,,,,1,4.1821,,
"4T Southern Gulf of St. Lawrence Ecosystem Trawl Survey (RV Survey, Needler)",glf4t2005,2005,123,,78,S. B.,2006-01-05,2006,49561,SB49561,201,Thorny skate,Amblyraja radiata,57.0,8.467,,,,133087,7100,Round worm unidentified,Nematoda,1,Undigested/freshly eaten,,,1,0.0623,,
"4T Southern Gulf of St. Lawrence Ecosystem Trawl Survey (RV Survey, Needler)",glf4t2005,2005,123,,78,S. B.,2006-01-05,2006,49561,SB49561,201,Thorny skate,Amblyraja radiata,57.0,8.467,,,,133088,2211,Northern shrimp,Pandalus borealis,3,Intermediate,,,1,6.4044,,
"4T Southern Gulf of St. Lawrence Ecosystem Trawl Survey (RV Survey, Needler)",glf4t2005,2005,123,,78,S. B.,2006-01-05,2006,49561,SB49561,201,Thorny skate,Amblyraja radiata,57.0,8.467,,,,133089,3100,Bristle worm unidentified,Polychaeta,3,Intermediate,,,1,0.1537,,
"4T Southern Gulf of St. Lawrence Ecosystem Trawl Survey (RV Survey, Needler)",glf4t2005,2005,123,,78,S. B.,2006-01-05,2006,49561,SB49561,201,Thorny skate,Amblyraja radiata,57.0,8.467,,,,133090,9000,Digested remains unidentified,"Unid remains,digested",,,,,1,0.9961,,
"4T Southern Gulf of St. Lawrence Ecosystem Trawl Survey (RV Survey, Needler)",glf4t2005,2005,123,,78,S. B.,2006-01-05,2006,49561,SB49561,201,Thorny skate,Amblyraja radiata,57.0,8.467,,,,133091,9100,Mucus,Mucus,,,,,1,0.8505,,
"4T Southern Gulf of St. Lawrence Ecosystem Trawl Survey (RV Survey, Needler)",glf4t2005,2005,123,,79,S. L.,2006-01-06,2006,49562,SL49562,201,Thorny skate,Amblyraja radiata,59.0,10.4053,,,,133092,2221,Pink glass shrimp,Pasiphaea multidentata,2,Slight,,,1,3.3502,,
"4T Southern Gulf of St. Lawrence Ecosystem Trawl Survey (RV Survey, Needler)",glf4t2005,2005,123,,79,S. L.,2006-01-06,2006,49562,SL49562,201,Thorny skate,Amblyraja radiata,59.0,10.4053,,,,133093,2700,Mysid shrimp,Mysidacea (o.),2,Slight,,,1,0.0656,,
"4T Southern Gulf of St. Lawrence Ecosystem Trawl Survey (RV Survey, Needler)",glf4t2005,2005,123,,79,S. L.,2006-01-06,2006,49562,SL49562,201,Thorny skate,Amblyraja radiata,59.0,10.4053,,,,133094,2100,Decapod unidentified,Decapoda,4,Advanced,,,1,0.4789,,
"4T Southern Gulf of St. Lawrence Ecosystem Trawl Survey (RV Survey, Needler)",glf4t2005,2005,123,,79,S. L.,2006-01-06,2006,49562,SL49562,201,Thorny skate,Amblyraja radiata,59.0,10.4053,,,,133095,9100,Mucus,Mucus,,,,,1,6.5106,,
"4T Southern Gulf of St. Lawrence Ecosystem Trawl Survey (RV Survey, Needler)",glf4t2005,2005,123,,81,S. L.,2006-01-23,2006,49563,SL49563,201,Thorny skate,Amblyraja radiata,30.9,2.8411,,,,133096,2910,Calanus sp.,Calanus sp.,2,Slight,,,1,0.0094,,
"4T Southern Gulf of St. Lawrence Ecosystem Trawl Survey (RV Survey, Needler)",glf4t2005,2005,123,,81,S. L.,2006-01-23,2006,49563,SL49563,201,Thorny skate,Amblyraja radiata,30.9,2.8411,,,,133097,2902,Copepods - 3 mm or less,Copepoda (s.c) - Small,1,Undigested/freshly eaten,,,1,0.0035,,
"4T Southern Gulf of St. Lawrence Ecosystem Trawl Survey (RV Survey, Needler)",glf4t2005,2005,123,,81,S. L.,2006-01-23,2006,49563,SL49563,201,Thorny skate,Amblyraja radiata,30.9,2.8411,,,,133098,3100,Bristle worm unidentified,Polychaeta,2,Slight,,,1,0.241,,
"4T Southern Gulf of St. Lawrence Ecosystem Trawl Survey (RV Survey, Needler)",glf4t2005,2005,123,,81,S. L.,2006-01-23,2006,49563,SL49563,201,Thorny skate,Amblyraja radiata,30.9,2.8411,,,,133099,9100,Mucus,Mucus,,,,,1,2.5872,,
"4T Southern Gulf of St. Lawrence Ecosystem Trawl Survey (RV Survey, Needler)",glf4t2005,2005,124,,92,S. L.,2006-01-05,2006,49564,SL49564,201,Thorny skate,Amblyraja radiata,42.0,11.7126,,,,133100,2211,Northern shrimp,Pandalus borealis,1,Undigested/freshly eaten,,,1,9.6571,,
"4T Southern Gulf of St. Lawrence Ecosystem Trawl Survey (RV Survey, Needler)",glf4t2005,2005,124,,92,S. L.,2006-01-05,2006,49564,SL49564,201,Thorny skate,Amblyraja radiata,42.0,11.7126,,,,133101,7100,Round worm unidentified,Nematoda,1,Undigested/freshly eaten,,,1,0.012,,
"4T Southern Gulf of St. Lawrence Ecosystem Trawl Survey (RV Survey, Needler)",glf4t2005,2005,124,,92,S. L.,2006-01-05,2006,49564,SL49564,201,Thorny skate,Amblyraja radiata,42.0,11.7126,,,,133102,2700,Mysid shrimp,Mysidacea (o.),3,Intermediate,,,1,0.0123,,
"4T Southern Gulf of St. Lawrence Ecosystem Trawl Survey (RV Survey, Needler)",glf4t2005,2005,124,,92,S. L.,2006-01-05,2006,49564,SL49564,201,Thorny skate,Amblyraja radiata,42.0,11.7126,,,,133103,2906,Hyperiidae unidentified,Hyperiidae,4,Advanced,,,1,0.9456,,
"4T Southern Gulf of St. Lawrence Ecosystem Trawl Survey (RV Survey, Needler)",glf4t2005,2005,124,,92,S. L.,2006-01-05,2006,49564,SL49564,201,Thorny skate,Amblyraja radiata,42.0,11.7126,,,,133104,9000,Digested remains unidentified,"Unid remains,digested",,,,,1,0.061,,
"4T Southern Gulf of St. Lawrence Ecosystem Trawl Survey (RV Survey, Needler)",glf4t2005,2005,124,,92,S. L.,2006-01-05,2006,49564,SL49564,201,Thorny skate,Amblyraja radiata,42.0,11.7126,,,,133105,9100,Mucus,Mucus,,,,,1,1.0246,,
"4T Southern Gulf of St. Lawrence Ecosystem Trawl Survey (RV Survey, Needler)",glf4t2005,2005,124,,93,S. L.,2006-01-05,2006,49565,SL49565,201,Thorny skate,Amblyraja radiata,33.0,3.3051,,,,133106,2811,Gammaridae unidentified,Gammaridae,3,Intermediate,,,1,0.0697,,
"4T Southern Gulf of St. Lawrence Ecosystem Trawl Survey (RV Survey, Needler)",glf4t2005,2005,124,,93,S. L.,2006-01-05,2006,49565,SL49565,201,Thorny skate,Amblyraja radiata,33.0,3.3051,,,,133107,2900,Copepods,Copepoda,1,Undigested/freshly eaten,,,1,0.0025,,
"4T Southern Gulf of St. Lawrence Ecosystem Trawl Survey (RV Survey, Needler)",glf4t2005,2005,124,,93,S. L.,2006-01-05,2006,49565,SL49565,201,Thorny skate,Amblyraja radiata,33.0,3.3051,,,,133108,2100,Decapod unidentified,Decapoda,4,Advanced,,,1,0.0799,,
"4T Southern Gulf of St. Lawrence Ecosystem Trawl Survey (RV Survey, Needler)",glf4t2005,2005,124,,93,S. L.,2006-01-05,2006,49565,SL49565,201,Thorny skate,Amblyraja radiata,33.0,3.3051,,,,133109,3100,Bristle worm unidentified,Polychaeta,2,Slight,,,1,1.582,,
"4T Southern Gulf of St. Lawrence Ecosystem Trawl Survey (RV Survey, Needler)",glf4t2005,2005,124,,93,S. L.,2006-01-05,2006,49565,SL49565,201,Thorny skate,Amblyraja radiata,33.0,3.3051,,,,133110,2700,Mysid shrimp,Mysidacea (o.),2,Slight,,,1,0.1749,,
"4T Southern Gulf of St. Lawrence Ecosystem Trawl Survey (RV Survey, Needler)",glf4t2005,2005,124,,93,S. L.,2006-01-05,2006,49565,SL49565,201,Thorny skate,Amblyraja radiata,33.0,3.3051,,,,133111,9100,Mucus,Mucus,,,,,1,1.395,,
"4T Southern Gulf of St. Lawrence Ecosystem Trawl Survey (RV Survey, Needler)",glf4t2005,2005,124,,93,S. L.,2006-01-05,2006,49565,SL49565,201,Thorny skate,Amblyraja radiata,33.0,3.3051,,,,133112,7100,Round worm unidentified,Nematoda,1,Undigested/freshly eaten,,,1,0.0011,,
"4T Southern Gulf of St. Lawrence Ecosystem Trawl Survey (RV Survey, Needler)",glf4t2005,2005,124,,82,S. L.,2006-01-04,2006,49566,SL49566,201,Thorny skate,Amblyraja radiata,46.0,5.6612,,,,133113,2221,Pink glass shrimp,Pasiphaea multidentata,2,Slight,,,1,2.4542,,
"4T Southern Gulf of St. Lawrence Ecosystem Trawl Survey (RV Survey, Needler)",glf4t2005,2005,124,,82,S. L.,2006-01-04,2006,49566,SL49566,201,Thorny skate,Amblyraja radiata,46.0,5.6612,,,,133114,2700,Mysid shrimp,Mysidacea (o.),2,Slight,,,1,0.0285,,
"4T Southern Gulf of St. Lawrence Ecosystem Trawl Survey (RV Survey, Needler)",glf4t2005,2005,124,,82,S. L.,2006-01-04,2006,49566,SL49566,201,Thorny skate,Amblyraja radiata,46.0,5.6612,,,,133115,2811,Gammaridae unidentified,Gammaridae,2,Slight,,,1,0.0045,,
"4T Southern Gulf of St. Lawrence Ecosystem Trawl Survey (RV Survey, Needler)",glf4t2005,2005,124,,82,S. L.,2006-01-04,2006,49566,SL49566,201,Thorny skate,Amblyraja radiata,46.0,5.6612,,,,133116,3100,Bristle worm unidentified,Polychaeta,3,Intermediate,,,1,0.1366,,
"4T Southern Gulf of St. Lawrence Ecosystem Trawl Survey (RV Survey, Needler)",glf4t2005,2005,124,,82,S. L.,2006-01-04,2006,49566,SL49566,201,Thorny skate,Amblyraja radiata,46.0,5.6612,,,,133117,7600,Trematoda unidentified,Trematoda,1,Undigested/freshly eaten,,,1,0.1634,,
"4T Southern Gulf of St. Lawrence Ecosystem Trawl Survey (RV Survey, Needler)",glf4t2005,2005,124,,82,S. L.,2006-01-04,2006,49566,SL49566,201,Thorny skate,Amblyraja radiata,46.0,5.6612,,,,133118,9100,Mucus,Mucus,,,,,1,2.874,,
"4T Southern Gulf of St. Lawrence Ecosystem Trawl Survey (RV Survey, Needler)",glf4t2005,2005,124,,84,S. L.,2006-01-04,2006,49567,SL49567,201,Thorny skate,Amblyraja radiata,42.0,15.4578,,,,133119,2211,Northern shrimp,Pandalus borealis,2,Slight,,,1,12.0797,,
"4T Southern Gulf of St. Lawrence Ecosystem Trawl Survey (RV Survey, Needler)",glf4t2005,2005,124,,84,S. L.,2006-01-04,2006,49567,SL49567,201,Thorny skate,Amblyraja radiata,42.0,15.4578,,,,133120,3100,Bristle worm unidentified,Polychaeta,3,Intermediate,,,1,0.0156,,
"4T Southern Gulf of St. Lawrence Ecosystem Trawl Survey (RV Survey, Needler)",glf4t2005,2005,124,,84,S. L.,2006-01-04,2006,49567,SL49567,201,Thorny skate,Amblyraja radiata,42.0,15.4578,,,,133121,9100,Mucus,Mucus,,,,,1,3.3625,,
"4T Southern Gulf of St. Lawrence Ecosystem Trawl Survey (RV Survey, Needler)",glf4t2005,2005,124,,85,S. L.,2006-01-04,2006,49568,SL49568,201,Thorny skate,Amblyraja radiata,51.0,5.913,,,,133122,2211,Northern shrimp,Pandalus borealis,3,Intermediate,,,1,3.782,,
"4T Southern Gulf of St. Lawrence Ecosystem Trawl Survey (RV Survey, Needler)",glf4t2005,2005,124,,85,S. L.,2006-01-04,2006,49568,SL49568,201,Thorny skate,Amblyraja radiata,51.0,5.913,,,,133123,2811,Gammaridae unidentified,Gammaridae,2,Slight,,,1,0.0809,,
"4T Southern Gulf of St. Lawrence Ecosystem Trawl Survey (RV Survey, Needler)",glf4t2005,2005,124,,85,S. L.,2006-01-04,2006,49568,SL49568,201,Thorny skate,Amblyraja radiata,51.0,5.913,,,,133124,3100,Bristle worm unidentified,Polychaeta,3,Intermediate,,,1,0.0638,,
"4T Southern Gulf of St. Lawrence Ecosystem Trawl Survey (RV Survey, Needler)",glf4t2005,2005,124,,85,S. L.,2006-01-04,2006,49568,SL49568,201,Thorny skate,Amblyraja radiata,51.0,5.913,,,,133125,9100,Mucus,Mucus,,,,,1,1.9863,,
"4T Southern Gulf of St. Lawrence Ecosystem Trawl Survey (RV Survey, Needler)",glf4t2005,2005,124,,83,S. L.,2006-01-05,2006,49569,SL49569,201,Thorny skate,Amblyraja radiata,50.0,9.9216,,,,133126,2211,Northern shrimp,Pandalus borealis,1,Undigested/freshly eaten,,,1,4.5102,,
"4T Southern Gulf of St. Lawrence Ecosystem Trawl Survey (RV Survey, Needler)",glf4t2005,2005,124,,83,S. L.,2006-01-05,2006,49569,SL49569,201,Thorny skate,Amblyraja radiata,50.0,9.9216,,,,133127,7600,Trematoda unidentified,Trematoda,1,Undigested/freshly eaten,,,1,0.021,,
"4T Southern Gulf of St. Lawrence Ecosystem Trawl Survey (RV Survey, Needler)",glf4t2005,2005,124,,83,S. L.,2006-01-05,2006,49569,SL49569,201,Thorny skate,Amblyraja radiata,50.0,9.9216,,,,133128,9000,Digested remains unidentified,"Unid remains,digested",4,Advanced,,,1,0.0873,,
"4T Southern Gulf of St. Lawrence Ecosystem Trawl Survey (RV Survey, Needler)",glf4t2005,2005,124,,83,S. L.,2006-01-05,2006,49569,SL49569,201,Thorny skate,Amblyraja radiata,50.0,9.9216,,,,133129,9100,Mucus,Mucus,,,,,1,5.3031,,
"4T Southern Gulf of St. Lawrence Ecosystem Trawl Survey (RV Survey, Needler)",glf4t2005,2005,124,,90,S. L.,2006-01-05,2006,49570,SL49570,201,Thorny skate,Amblyraja radiata,45.0,11.4979,,,,133130,2211,Northern shrimp,Pandalus borealis,2,Slight,,,1,10.2659,,
"4T Southern Gulf of St. Lawrence Ecosystem Trawl Survey (RV Survey, Needler)",glf4t2005,2005,124,,90,S. L.,2006-01-05,2006,49570,SL49570,201,Thorny skate,Amblyraja radiata,45.0,11.4979,,,,133131,9100,Mucus,Mucus,,,,,1,1.232,,
"4T Southern Gulf of St. Lawrence Ecosystem Trawl Survey (RV Survey, Needler)",glf4t2005,2005,124,,86,S. L.,2006-01-05,2006,49571,SL49571,201,Thorny skate,Amblyraja radiata,38.0,6.1635,,,,133132,2211,Northern shrimp,Pandalus borealis,3,Intermediate,,,1,4.3081,,
"4T Southern Gulf of St. Lawrence Ecosystem Trawl Survey (RV Survey, Needler)",glf4t2005,2005,124,,86,S. L.,2006-01-05,2006,49571,SL49571,201,Thorny skate,Amblyraja radiata,38.0,6.1635,,,,133133,3100,Bristle worm unidentified,Polychaeta,2,Slight,,,1,0.4429,,
"4T Southern Gulf of St. Lawrence Ecosystem Trawl Survey (RV Survey, Needler)",glf4t2005,2005,124,,86,S. L.,2006-01-05,2006,49571,SL49571,201,Thorny skate,Amblyraja radiata,38.0,6.1635,,,,133134,2811,Gammaridae unidentified,Gammaridae,2,Slight,,,1,0.0096,,
"4T Southern Gulf of St. Lawrence Ecosystem Trawl Survey (RV Survey, Needler)",glf4t2005,2005,124,,86,S. L.,2006-01-05,2006,49571,SL49571,201,Thorny skate,Amblyraja radiata,38.0,6.1635,,,,133135,7100,Round worm unidentified,Nematoda,1,Undigested/freshly eaten,,,1,0.0009,,
"4T Southern Gulf of St. Lawrence Ecosystem Trawl Survey (RV Survey, Needler)",glf4t2005,2005,124,,86,S. L.,2006-01-05,2006,49571,SL49571,201,Thorny skate,Amblyraja radiata,38.0,6.1635,,,,133136,9100,Mucus,Mucus,,,,,1,1.402,,
"4T Southern Gulf of St. Lawrence Ecosystem Trawl Survey (RV Survey, Needler)",glf4t2005,2005,124,,94,S. L.,2006-02-20,2006,49572,SL49572,201,Thorny skate,Amblyraja radiata,26.0,1.7238,,,,133137,2221,Pink glass shrimp,Pasiphaea multidentata,2,Slight,,,1,0.0591,,
"4T Southern Gulf of St. Lawrence Ecosystem Trawl Survey (RV Survey, Needler)",glf4t2005,2005,124,,94,S. L.,2006-02-20,2006,49572,SL49572,201,Thorny skate,Amblyraja radiata,26.0,1.7238,,,,133138,,,,2,Slight,,,1,0.0142,,
"4T Southern Gulf of St. Lawrence Ecosystem Trawl Survey (RV Survey, Needler)",glf4t2005,2005,124,,94,S. L.,2006-02-20,2006,49572,SL49572,201,Thorny skate,Amblyraja radiata,26.0,1.7238,,,,133139,2700,Mysid shrimp,Mysidacea (o.),2,Slight,,,1,0.1322,,
"4T Southern Gulf of St. Lawrence Ecosystem Trawl Survey (RV Survey, Needler)",glf4t2005,2005,124,,94,S. L.,2006-02-20,2006,49572,SL49572,201,Thorny skate,Amblyraja radiata,26.0,1.7238,,,,133140,2811,Gammaridae unidentified,Gammaridae,1,Undigested/freshly eaten,,,1,0.006,,
"4T Southern Gulf of St. Lawrence Ecosystem Trawl Survey (RV Survey, Needler)",glf4t2005,2005,124,,94,S. L.,2006-02-20,2006,49572,SL49572,201,Thorny skate,Amblyraja radiata,26.0,1.7238,,,,133141,2900,Copepods,Copepoda,1,Undigested/freshly eaten,,,1,0.0034,,
"4T Southern Gulf of St. Lawrence Ecosystem Trawl Survey (RV Survey, Needler)",glf4t2005,2005,124,,94,S. L.,2006-02-20,2006,49572,SL49572,201,Thorny skate,Amblyraja radiata,26.0,1.7238,,,,133142,2906,Hyperiidae unidentified,Hyperiidae,2,Slight,,,1,0.3355,,
"4T Southern Gulf of St. Lawrence Ecosystem Trawl Survey (RV Survey, Needler)",glf4t2005,2005,124,,94,S. L.,2006-02-20,2006,49572,SL49572,201,Thorny skate,Amblyraja radiata,26.0,1.7238,,,,133143,9100,Mucus,Mucus,,,,,1,1.1734,,
"4T Southern Gulf of St. Lawrence Ecosystem Trawl Survey (RV Survey, Needler)",glf4t2005,2005,124,,91,S. L.,2006-01-05,2006,49573,SL49573,201,Thorny skate,Amblyraja radiata,34.0,4.8412,,,,133144,2811,Gammaridae unidentified,Gammaridae,2,Slight,,,1,0.3731,,
"4T Southern Gulf of St. Lawrence Ecosystem Trawl Survey (RV Survey, Needler)",glf4t2005,2005,124,,91,S. L.,2006-01-05,2006,49573,SL49573,201,Thorny skate,Amblyraja radiata,34.0,4.8412,,,,133145,2526,Snow crab,Chionoecetes opilio,1,Undigested/freshly eaten,,,1,0.0868,,
"4T Southern Gulf of St. Lawrence Ecosystem Trawl Survey (RV Survey, Needler)",glf4t2005,2005,124,,91,S. L.,2006-01-05,2006,49573,SL49573,201,Thorny skate,Amblyraja radiata,34.0,4.8412,,,,133146,2100,Decapod unidentified,Decapoda,4,Advanced,,,1,0.1235,,
"4T Southern Gulf of St. Lawrence Ecosystem Trawl Survey (RV Survey, Needler)",glf4t2005,2005,124,,91,S. L.,2006-01-05,2006,49573,SL49573,201,Thorny skate,Amblyraja radiata,34.0,4.8412,,,,133147,2906,Hyperiidae unidentified,Hyperiidae,4,Advanced,,,1,3.1942,,
"4T Southern Gulf of St. Lawrence Ecosystem Trawl Survey (RV Survey, Needler)",glf4t2005,2005,124,,91,S. L.,2006-01-05,2006,49573,SL49573,201,Thorny skate,Amblyraja radiata,34.0,4.8412,,,,133148,9100,Mucus,Mucus,,,,,1,1.0636,,
"4T Southern Gulf of St. Lawrence Ecosystem Trawl Survey (RV Survey, Needler)",glf4t2005,2005,128,,,S. L.,2006-02-24,2006,49574,SL49574,632,Stout eelblenny,Anisarchus medius,12.2,0.065,,,,133149,2902,Copepods - 3 mm or less,Copepoda (s.c) - Small,1,Undigested/freshly eaten,,,1,0.0004,,
"4T Southern Gulf of St. Lawrence Ecosystem Trawl Survey (RV Survey, Needler)",glf4t2005,2005,128,,,S. L.,2006-02-24,2006,49574,SL49574,632,Stout eelblenny,Anisarchus medius,12.2,0.065,,,,133150,2971,Diastylis sp.,Diastylis,2,Slight,,,1,0.002,,
"4T Southern Gulf of St. Lawrence Ecosystem Trawl Survey (RV Survey, Needler)",glf4t2005,2005,128,,,S. L.,2006-02-24,2006,49574,SL49574,632,Stout eelblenny,Anisarchus medius,12.2,0.065,,,,133151,9700,Sand,Sand,,,,,1,0.0175,,
"4T Southern Gulf of St. Lawrence Ecosystem Trawl Survey (RV Survey, Needler)",glf4t2005,2005,128,,,S. L.,2006-02-24,2006,49574,SL49574,632,Stout eelblenny,Anisarchus medius,12.2,0.065,,,,133152,9100,Mucus,Mucus,,,,,1,0.0451,,
"4T Southern Gulf of St. Lawrence Ecosystem Trawl Survey (RV Survey, Needler)",glf4t2005,2005,128,,,S. L.,2006-02-24,2006,49575,SL49575,632,Stout eelblenny,Anisarchus medius,13.4,0.0888,,,,133153,2902,Copepods - 3 mm or less,Copepoda (s.c) - Small,1,Undigested/freshly eaten,,,1,0.0016,,
"4T Southern Gulf of St. Lawrence Ecosystem Trawl Survey (RV Survey, Needler)",glf4t2005,2005,128,,,S. L.,2006-02-24,2006,49575,SL49575,632,Stout eelblenny,Anisarchus medius,13.4,0.0888,,,,133154,3100,Bristle worm unidentified,Polychaeta,2,Slight,,,1,0.0157,,
"4T Southern Gulf of St. Lawrence Ecosystem Trawl Survey (RV Survey, Needler)",glf4t2005,2005,128,,,S. L.,2006-02-24,2006,49575,SL49575,632,Stout eelblenny,Anisarchus medius,13.4,0.0888,,,,133155,7100,Round worm unidentified,Nematoda,1,Undigested/freshly eaten,,,1,0.0001,,
"4T Southern Gulf of St. Lawrence Ecosystem Trawl Survey (RV Survey, Needler)",glf4t2005,2005,128,,,S. L.,2006-02-24,2006,49575,SL49575,632,Stout eelblenny,Anisarchus medius,13.4,0.0888,,,,133156,9700,Sand,Sand,,,,,1,0.0445,,
"4T Southern Gulf of St. Lawrence Ecosystem Trawl Survey (RV Survey, Needler)",glf4t2005,2005,128,,,S. L.,2006-02-24,2006,49575,SL49575,632,Stout eelblenny,Anisarchus medius,13.4,0.0888,,,,133157,9100,Mucus,Mucus,,,,,1,0.027,,
"4T Southern Gulf of St. Lawrence Ecosystem Trawl Survey (RV Survey, Needler)",glf4t2005,2005,128,,,S. L.,2006-02-24,2006,49576,SL49576,632,Stout eelblenny,Anisarchus medius,10.5,0.0667,,,,133158,2902,Copepods - 3 mm or less,Copepoda (s.c) - Small,1,Undigested/freshly eaten,,,1,0.0016,,
"4T Southern Gulf of St. Lawrence Ecosystem Trawl Survey (RV Survey, Needler)",glf4t2005,2005,128,,,S. L.,2006-02-24,2006,49576,SL49576,632,Stout eelblenny,Anisarchus medius,10.5,0.0667,,,,133159,3100,Bristle worm unidentified,Polychaeta,3,Intermediate,,,1,0.008,,
"4T Southern Gulf of St. Lawrence Ecosystem Trawl Survey (RV Survey, Needler)",glf4t2005,2005,128,,,S. L.,2006-02-24,2006,49576,SL49576,632,Stout eelblenny,Anisarchus medius,10.5,0.0667,,,,133160,9700,Sand,Sand,,,,,1,0.0443,,
"4T Southern Gulf of St. Lawrence Ecosystem Trawl Survey (RV Survey, Needler)",glf4t2005,2005,128,,,S. L.,2006-02-24,2006,49576,SL49576,632,Stout eelblenny,Anisarchus medius,10.5,0.0667,,,,133161,9100,Mucus,Mucus,,,,,1,0.0128,,
"4T Southern Gulf of St. Lawrence Ecosystem Trawl Survey (RV Survey, Needler)",glf4t2005,2005,128,,,S. L.,2006-02-24,2006,49576,SL49576,632,Stout eelblenny,Anisarchus medius,10.5,0.0667,,,,133162,7100,Round worm unidentified,Nematoda,1,Undigested/freshly eaten,,,1,0.0001,,
"4T Southern Gulf of St. Lawrence Ecosystem Trawl Survey (RV Survey, Needler)",glf4t2005,2005,128,,,S. L.,2006-02-24,2006,49577,SL49577,632,Stout eelblenny,Anisarchus medius,13.7,0.0943,,,,133163,2902,Copepods - 3 mm or less,Copepoda (s.c) - Small,1,Undigested/freshly eaten,,,1,0.0006,,
"4T Southern Gulf of St. Lawrence Ecosystem Trawl Survey (RV Survey, Needler)",glf4t2005,2005,128,,,S. L.,2006-02-24,2006,49577,SL49577,632,Stout eelblenny,Anisarchus medius,13.7,0.0943,,,,133164,2940,Tanaidae f.,Tanaidae f.,1,Undigested/freshly eaten,,,1,0.0005,,
"4T Southern Gulf of St. Lawrence Ecosystem Trawl Survey (RV Survey, Needler)",glf4t2005,2005,128,,,S. L.,2006-02-24,2006,49577,SL49577,632,Stout eelblenny,Anisarchus medius,13.7,0.0943,,,,133165,6400,Sea urchin unidentified,Strongylocentrotus,1,Undigested/freshly eaten,,,1,0.003,,
"4T Southern Gulf of St. Lawrence Ecosystem Trawl Survey (RV Survey, Needler)",glf4t2005,2005,128,,,S. L.,2006-02-24,2006,49577,SL49577,632,Stout eelblenny,Anisarchus medius,13.7,0.0943,,,,133166,2811,Gammaridae unidentified,Gammaridae,2,Slight,,,1,0.0151,,
"4T Southern Gulf of St. Lawrence Ecosystem Trawl Survey (RV Survey, Needler)",glf4t2005,2005,128,,,S. L.,2006-02-24,2006,49577,SL49577,632,Stout eelblenny,Anisarchus medius,13.7,0.0943,,,,133167,3100,Bristle worm unidentified,Polychaeta,3,Intermediate,,,1,0.0149,,
"4T Southern Gulf of St. Lawrence Ecosystem Trawl Survey (RV Survey, Needler)",glf4t2005,2005,128,,,S. L.,2006-02-24,2006,49577,SL49577,632,Stout eelblenny,Anisarchus medius,13.7,0.0943,,,,133168,9700,Sand,Sand,,,,,1,0.0274,,
"4T Southern Gulf of St. Lawrence Ecosystem Trawl Survey (RV Survey, Needler)",glf4t2005,2005,128,,,S. L.,2006-02-24,2006,49577,SL49577,632,Stout eelblenny,Anisarchus medius,13.7,0.0943,,,,133169,7100,Round worm unidentified,Nematoda,1,Undigested/freshly eaten,,,1,0.0001,,
"4T Southern Gulf of St. Lawrence Ecosystem Trawl Survey (RV Survey, Needler)",glf4t2005,2005,128,,,S. L.,2006-02-24,2006,49577,SL49577,632,Stout eelblenny,Anisarchus medius,13.7,0.0943,,,,133170,4310,Clam unidentified,Protobranchia/Heteroconchia,,,,,1,0.0247,,
"4T Southern Gulf of St. Lawrence Ecosystem Trawl Survey (RV Survey, Needler)",glf4t2005,2005,128,,,S. L.,2006-02-24,2006,49577,SL49577,632,Stout eelblenny,Anisarchus medius,13.7,0.0943,,,,133171,9100,Mucus,Mucus,,,,,1,0.0081,,
"4T Southern Gulf of St. Lawrence Ecosystem Trawl Survey (RV Survey, Needler)",glf4t2005,2005,128,,,S. L.,2006-02-24,2006,49578,SL49578,632,Stout eelblenny,Anisarchus medius,11.6,0.0425,,,,133172,2940,Tanaidae f.,Tanaidae f.,1,Undigested/freshly eaten,,,1,0.0011,,
"4T Southern Gulf of St. Lawrence Ecosystem Trawl Survey (RV Survey, Needler)",glf4t2005,2005,128,,,S. L.,2006-02-24,2006,49578,SL49578,632,Stout eelblenny,Anisarchus medius,11.6,0.0425,,,,133173,3100,Bristle worm unidentified,Polychaeta,3,Intermediate,,,1,0.0058,,
"4T Southern Gulf of St. Lawrence Ecosystem Trawl Survey (RV Survey, Needler)",glf4t2005,2005,128,,,S. L.,2006-02-24,2006,49578,SL49578,632,Stout eelblenny,Anisarchus medius,11.6,0.0425,,,,133174,9100,Mucus,Mucus,,,,,1,0.0064,,
"4T Southern Gulf of St. Lawrence Ecosystem Trawl Survey (RV Survey, Needler)",glf4t2005,2005,128,,,S. L.,2006-02-24,2006,49578,SL49578,632,Stout eelblenny,Anisarchus medius,11.6,0.0425,,,,133175,9700,Sand,Sand,,,,,1,0.0292,,
"4T Southern Gulf of St. Lawrence Ecosystem Trawl Survey (RV Survey, Needler)",glf4t2005,2005,128,,,S. L.,2006-02-24,2006,49578,SL49578,632,Stout eelblenny,Anisarchus medius,11.6,0.0425,,,,133176,7100,Round worm unidentified,Nematoda,1,Undigested/freshly eaten,,,1,0.0001,,
"4T Southern Gulf of St. Lawrence Ecosystem Trawl Survey (RV Survey, Needler)",glf4t2005,2005,129,,,S. B.,2006-02-02,2006,49579,SB49579,314,Spatulate sculpin,Icelus spatula,6.5,0.1233,,,,133177,2700,Mysid shrimp,Mysidacea (o.),2,Slight,,,1,0.0748,,
"4T Southern Gulf of St. Lawrence Ecosystem Trawl Survey (RV Survey, Needler)",glf4t2005,2005,129,,,S. B.,2006-02-02,2006,49579,SB49579,314,Spatulate sculpin,Icelus spatula,6.5,0.1233,,,,133178,2000,Crustacean unidentified,Crustacea,4,Advanced,,,1,0.0104,,
"4T Southern Gulf of St. Lawrence Ecosystem Trawl Survey (RV Survey, Needler)",glf4t2005,2005,129,,,S. B.,2006-02-02,2006,49579,SB49579,314,Spatulate sculpin,Icelus spatula,6.5,0.1233,,,,133179,9100,Mucus,Mucus,,,,,1,0.0118,,
"4T Southern Gulf of St. Lawrence Ecosystem Trawl Survey (RV Survey, Needler)",glf4t2005,2005,129,,,S. B.,2006-02-02,2006,49580,SB49580,314,Spatulate sculpin,Icelus spatula,6.8,0.2195,,,,133180,2700,Mysid shrimp,Mysidacea (o.),2,Slight,,,1,0.1772,,
"4T Southern Gulf of St. Lawrence Ecosystem Trawl Survey (RV Survey, Needler)",glf4t2005,2005,129,,,S. B.,2006-02-02,2006,49580,SB49580,314,Spatulate sculpin,Icelus spatula,6.8,0.2195,,,,133181,9100,Mucus,Mucus,,,,,1,0.0423,,
"4T Southern Gulf of St. Lawrence Ecosystem Trawl Survey (RV Survey, Needler)",glf4t2005,2005,130,,,S. B.,2006-02-06,2006,49581,SB49581,314,Spatulate sculpin,Icelus spatula,6.1,0.064,,,,133182,2700,Mysid shrimp,Mysidacea (o.),2,Slight,,,1,0.0267,,
"4T Southern Gulf of St. Lawrence Ecosystem Trawl Survey (RV Survey, Needler)",glf4t2005,2005,130,,,S. B.,2006-02-06,2006,49581,SB49581,314,Spatulate sculpin,Icelus spatula,6.1,0.064,,,,133183,2000,Crustacean unidentified,Crustacea,4,Advanced,,,1,0.0074,,
"4T Southern Gulf of St. Lawrence Ecosystem Trawl Survey (RV Survey, Needler)",glf4t2005,2005,130,,,S. B.,2006-02-06,2006,49581,SB49581,314,Spatulate sculpin,Icelus spatula,6.1,0.064,,,,133184,9100,Mucus,Mucus,,,,,1,0.0029,,
"4T Southern Gulf of St. Lawrence Ecosystem Trawl Survey (RV Survey, Needler)",glf4t2005,2005,130,,,S. B.,2006-02-06,2006,49582,SB49582,314,Spatulate sculpin,Icelus spatula,7.6,0.1188,,,,133185,2700,Mysid shrimp,Mysidacea (o.),2,Slight,,,1,0.0855,,
"4T Southern Gulf of St. Lawrence Ecosystem Trawl Survey (RV Survey, Needler)",glf4t2005,2005,130,,,S. B.,2006-02-06,2006,49582,SB49582,314,Spatulate sculpin,Icelus spatula,7.6,0.1188,,,,133186,2811,Gammaridae unidentified,Gammaridae,3,Intermediate,,,1,0.0034,,
"4T Southern Gulf of St. Lawrence Ecosystem Trawl Survey (RV Survey, Needler)",glf4t2005,2005,130,,,S. B.,2006-02-06,2006,49582,SB49582,314,Spatulate sculpin,Icelus spatula,7.6,0.1188,,,,133187,2000,Crustacean unidentified,Crustacea,4,Advanced,,,1,0.0006,,
"4T Southern Gulf of St. Lawrence Ecosystem Trawl Survey (RV Survey, Needler)",glf4t2005,2005,130,,,S. B.,2006-02-06,2006,49582,SB49582,314,Spatulate sculpin,Icelus spatula,7.6,0.1188,,,,133188,9100,Mucus,Mucus,,,,,1,0.0059,,
"4T Southern Gulf of St. Lawrence Ecosystem Trawl Survey (RV Survey, Needler)",glf4t2005,2005,130,,,S. B.,2006-02-06,2006,49583,SB49583,314,Spatulate sculpin,Icelus spatula,8.5,0.1342,,,,133189,2700,Mysid shrimp,Mysidacea (o.),2,Slight,,,1,0.1033,,
"4T Southern Gulf of St. Lawrence Ecosystem Trawl Survey (RV Survey, Needler)",glf4t2005,2005,130,,,S. B.,2006-02-06,2006,49583,SB49583,314,Spatulate sculpin,Icelus spatula,8.5,0.1342,,,,133190,9100,Mucus,Mucus,,,,,1,0.0309,,
"4T Southern Gulf of St. Lawrence Ecosystem Trawl Survey (RV Survey, Needler)",glf4t2005,2005,130,,,S. B.,2006-02-06,2006,49584,SB49584,314,Spatulate sculpin,Icelus spatula,10.3,0.2159,,,,133191,2700,Mysid shrimp,Mysidacea (o.),2,Slight,,,1,0.1418,,
"4T Southern Gulf of St. Lawrence Ecosystem Trawl Survey (RV Survey, Needler)",glf4t2005,2005,130,,,S. B.,2006-02-06,2006,49584,SB49584,314,Spatulate sculpin,Icelus spatula,10.3,0.2159,,,,133192,2000,Crustacean unidentified,Crustacea,4,Advanced,,,1,0.013,,
"4T Southern Gulf of St. Lawrence Ecosystem Trawl Survey (RV Survey, Needler)",glf4t2005,2005,130,,,S. B.,2006-02-06,2006,49584,SB49584,314,Spatulate sculpin,Icelus spatula,10.3,0.2159,,,,133193,9100,Mucus,Mucus,,,,,1,0.0273,,
"4T Southern Gulf of St. Lawrence Ecosystem Trawl Survey (RV Survey, Needler)",glf4t2005,2005,130,,,S. B.,2006-02-06,2006,49585,SB49585,314,Spatulate sculpin,Icelus spatula,10.0,0.3497,,,,133194,2700,Mysid shrimp,Mysidacea (o.),2,Slight,,,1,0.1551,,
"4T Southern Gulf of St. Lawrence Ecosystem Trawl Survey (RV Survey, Needler)",glf4t2005,2005,130,,,S. B.,2006-02-06,2006,49585,SB49585,314,Spatulate sculpin,Icelus spatula,10.0,0.3497,,,,133195,2811,Gammaridae unidentified,Gammaridae,1,Undigested/freshly eaten,,,1,0.1014,,
"4T Southern Gulf of St. Lawrence Ecosystem Trawl Survey (RV Survey, Needler)",glf4t2005,2005,130,,,S. B.,2006-02-06,2006,49585,SB49585,314,Spatulate sculpin,Icelus spatula,10.0,0.3497,,,,133196,9100,Mucus,Mucus,,,,,1,0.0391,,
"4T Southern Gulf of St. Lawrence Ecosystem Trawl Survey (RV Survey, Needler)",glf4t2005,2005,130,,,S. B.,2006-02-10,2006,49586,SB49586,314,Spatulate sculpin,Icelus spatula,6.6,0.0525,,,,133197,2811,Gammaridae unidentified,Gammaridae,2,Slight,,,1,0.0145,,
"4T Southern Gulf of St. Lawrence Ecosystem Trawl Survey (RV Survey, Needler)",glf4t2005,2005,130,,,S. B.,2006-02-10,2006,49586,SB49586,314,Spatulate sculpin,Icelus spatula,6.6,0.0525,,,,133198,,,,2,Slight,,,1,0.0125,,
"4T Southern Gulf of St. Lawrence Ecosystem Trawl Survey (RV Survey, Needler)",glf4t2005,2005,130,,,S. B.,2006-02-10,2006,49586,SB49586,314,Spatulate sculpin,Icelus spatula,6.6,0.0525,,,,133199,9100,Mucus,Mucus,,,,,1,0.0118,,
"4T Southern Gulf of St. Lawrence Ecosystem Trawl Survey (RV Survey, Needler)",glf4t2005,2005,130,,,S. B.,2006-01-12,2006,49587,SB49587,350,Atlantic poacher,Leptagonus decagonus,18.2,0.2454,,,,133200,2700,Mysid shrimp,Mysidacea (o.),2,Slight,,,1,0.0688,,
"4T Southern Gulf of St. Lawrence Ecosystem Trawl Survey (RV Survey, Needler)",glf4t2005,2005,130,,,S. B.,2006-01-12,2006,49587,SB49587,350,Atlantic poacher,Leptagonus decagonus,18.2,0.2454,,,,133201,2910,Calanus sp.,Calanus sp.,2,Slight,,,1,0.0009,,
"4T Southern Gulf of St. Lawrence Ecosystem Trawl Survey (RV Survey, Needler)",glf4t2005,2005,130,,,S. B.,2006-01-12,2006,49587,SB49587,350,Atlantic poacher,Leptagonus decagonus,18.2,0.2454,,,,133202,3100,Bristle worm unidentified,Polychaeta,3,Intermediate,,,1,0.0012,,
"4T Southern Gulf of St. Lawrence Ecosystem Trawl Survey (RV Survey, Needler)",glf4t2005,2005,130,,,S. B.,2006-01-12,2006,49587,SB49587,350,Atlantic poacher,Leptagonus decagonus,18.2,0.2454,,,,133203,2000,Crustacean unidentified,Crustacea,4,Advanced,,,1,0.1745,,
"4T Southern Gulf of St. Lawrence Ecosystem Trawl Survey (RV Survey, Needler)",glf4t2005,2005,130,,,S. B.,2006-02-10,2006,49588,SB49588,502,Atlantic spiny lumpsucker,Eumicrotremus spinosus,4.2,0.1417,,,,133204,2906,Hyperiidae unidentified,Hyperiidae,3,Intermediate,,,1,0.0167,,
"4T Southern Gulf of St. Lawrence Ecosystem Trawl Survey (RV Survey, Needler)",glf4t2005,2005,130,,,S. B.,2006-02-10,2006,49588,SB49588,502,Atlantic spiny lumpsucker,Eumicrotremus spinosus,4.2,0.1417,,,,133205,,,,3,Intermediate,,,1,0.0108,,
"4T Southern Gulf of St. Lawrence Ecosystem Trawl Survey (RV Survey, Needler)",glf4t2005,2005,130,,,S. B.,2006-02-10,2006,49588,SB49588,502,Atlantic spiny lumpsucker,Eumicrotremus spinosus,4.2,0.1417,,,,133206,2000,Crustacean unidentified,Crustacea,4,Advanced,,,1,0.0146,,
"4T Southern Gulf of St. Lawrence Ecosystem Trawl Survey (RV Survey, Needler)",glf4t2005,2005,130,,,S. B.,2006-02-10,2006,49588,SB49588,502,Atlantic spiny lumpsucker,Eumicrotremus spinosus,4.2,0.1417,,,,133207,9100,Mucus,Mucus,,,,,1,0.0425,,
"4T Southern Gulf of St. Lawrence Ecosystem Trawl Survey (RV Survey, Needler)",glf4t2005,2005,130,,,S. B.,2006-02-10,2006,49589,SB49589,502,Atlantic spiny lumpsucker,Eumicrotremus spinosus,4.2,0.4224,,,,133208,2902,Copepods - 3 mm or less,Copepoda (s.c) - Small,1,Undigested/freshly eaten,,,1,0.0072,,
"4T Southern Gulf of St. Lawrence Ecosystem Trawl Survey (RV Survey, Needler)",glf4t2005,2005,130,,,S. B.,2006-02-10,2006,49589,SB49589,502,Atlantic spiny lumpsucker,Eumicrotremus spinosus,4.2,0.4224,,,,133209,2906,Hyperiidae unidentified,Hyperiidae,3,Intermediate,,,1,0.1094,,
"4T Southern Gulf of St. Lawrence Ecosystem Trawl Survey (RV Survey, Needler)",glf4t2005,2005,130,,,S. B.,2006-02-10,2006,49589,SB49589,502,Atlantic spiny lumpsucker,Eumicrotremus spinosus,4.2,0.4224,,,,133210,,,,2,Slight,,,1,0.0204,,
"4T Southern Gulf of St. Lawrence Ecosystem Trawl Survey (RV Survey, Needler)",glf4t2005,2005,130,,,S. B.,2006-02-10,2006,49589,SB49589,502,Atlantic spiny lumpsucker,Eumicrotremus spinosus,4.2,0.4224,,,,133211,2700,Mysid shrimp,Mysidacea (o.),3,Intermediate,,,1,0.0187,,
"4T Southern Gulf of St. Lawrence Ecosystem Trawl Survey (RV Survey, Needler)",glf4t2005,2005,130,,,S. B.,2006-02-10,2006,49589,SB49589,502,Atlantic spiny lumpsucker,Eumicrotremus spinosus,4.2,0.4224,,,,133212,2100,Decapod unidentified,Decapoda,4,Advanced,,,1,0.0426,,
"4T Southern Gulf of St. Lawrence Ecosystem Trawl Survey (RV Survey, Needler)",glf4t2005,2005,130,,,S. B.,2006-02-10,2006,49589,SB49589,502,Atlantic spiny lumpsucker,Eumicrotremus spinosus,4.2,0.4224,,,,133213,9100,Mucus,Mucus,,,,,1,0.0716,,
"4T Southern Gulf of St. Lawrence Ecosystem Trawl Survey (RV Survey, Needler)",glf4t2005,2005,130,,,S. B.,2006-02-10,2006,49590,SB49590,502,Atlantic spiny lumpsucker,Eumicrotremus spinosus,8.0,0.365,,,,133214,2910,Calanus sp.,Calanus sp.,1,Undigested/freshly eaten,,,1,0.0065,,
"4T Southern Gulf of St. Lawrence Ecosystem Trawl Survey (RV Survey, Needler)",glf4t2005,2005,130,,,S. B.,2006-02-10,2006,49590,SB49590,502,Atlantic spiny lumpsucker,Eumicrotremus spinosus,8.0,0.365,,,,133215,,,,2,Slight,,,1,0.0062,,
"4T Southern Gulf of St. Lawrence Ecosystem Trawl Survey (RV Survey, Needler)",glf4t2005,2005,130,,,S. B.,2006-02-10,2006,49590,SB49590,502,Atlantic spiny lumpsucker,Eumicrotremus spinosus,8.0,0.365,,,,133216,2000,Crustacean unidentified,Crustacea,4,Advanced,,,1,0.0122,,
"4T Southern Gulf of St. Lawrence Ecosystem Trawl Survey (RV Survey, Needler)",glf4t2005,2005,130,,,S. B.,2006-02-10,2006,49590,SB49590,502,Atlantic spiny lumpsucker,Eumicrotremus spinosus,8.0,0.365,,,,133217,9100,Mucus,Mucus,,,,,1,0.248,,
"4T Southern Gulf of St. Lawrence Ecosystem Trawl Survey (RV Survey, Needler)",glf4t2005,2005,130,,,S. B.,2006-02-07,2006,49591,SB49591,616,Fish doctor,Gymnelus viridis,11.4,0.2642,,,,133218,2700,Mysid shrimp,Mysidacea (o.),2,Slight,,,1,0.1693,,
"4T Southern Gulf of St. Lawrence Ecosystem Trawl Survey (RV Survey, Needler)",glf4t2005,2005,130,,,S. B.,2006-02-07,2006,49591,SB49591,616,Fish doctor,Gymnelus viridis,11.4,0.2642,,,,133219,2000,Crustacean unidentified,Crustacea,3,Intermediate,,,1,0.0299,,
"4T Southern Gulf of St. Lawrence Ecosystem Trawl Survey (RV Survey, Needler)",glf4t2005,2005,130,,,S. B.,2006-02-07,2006,49591,SB49591,616,Fish doctor,Gymnelus viridis,11.4,0.2642,,,,133220,9100,Mucus,Mucus,,,,,1,0.0058,,
"4T Southern Gulf of St. Lawrence Ecosystem Trawl Survey (RV Survey, Needler)",glf4t2005,2005,130,,,S. B.,2006-02-07,2006,49591,SB49591,616,Fish doctor,Gymnelus viridis,11.4,0.2642,,,,133221,2910,Calanus sp.,Calanus sp.,3,Intermediate,,,1,0.0049,,
"4T Southern Gulf of St. Lawrence Ecosystem Trawl Survey (RV Survey, Needler)",glf4t2005,2005,130,,,S. B.,2006-02-09,2006,49592,SB49592,616,Fish doctor,Gymnelus viridis,14.4,0.0698,,,,133222,2000,Crustacean unidentified,Crustacea,3,Intermediate,,,1,0.023,,
"4T Southern Gulf of St. Lawrence Ecosystem Trawl Survey (RV Survey, Needler)",glf4t2005,2005,130,,,S. B.,2006-02-09,2006,49592,SB49592,616,Fish doctor,Gymnelus viridis,14.4,0.0698,,,,133223,9100,Mucus,Mucus,,,,,1,0.0468,,
"4T Southern Gulf of St. Lawrence Ecosystem Trawl Survey (RV Survey, Needler)",glf4t2005,2005,130,,,S. B.,2006-03-10,2006,49593,SB49593,880,Atlantic hookear sculpin,Artediellus atlanticus,4.1,0.0117,,,,133224,1700,foraminiferans / forams / hole bearers,Foraminifera,1,Undigested/freshly eaten,,,1,0.0001,,
"4T Southern Gulf of St. Lawrence Ecosystem Trawl Survey (RV Survey, Needler)",glf4t2005,2005,130,,,S. B.,2006-03-10,2006,49593,SB49593,880,Atlantic hookear sculpin,Artediellus atlanticus,4.1,0.0117,,,,133225,9000,Digested remains unidentified,"Unid remains,digested",4,Advanced,,,1,0.0041,,
"4T Southern Gulf of St. Lawrence Ecosystem Trawl Survey (RV Survey, Needler)",glf4t2005,2005,130,,,S. B.,2006-03-10,2006,49593,SB49593,880,Atlantic hookear sculpin,Artediellus atlanticus,4.1,0.0117,,,,133226,9100,Mucus,Mucus,,,,,1,0.0026,,
"4T Southern Gulf of St. Lawrence Ecosystem Trawl Survey (RV Survey, Needler)",glf4t2005,2005,130,,,S. B.,2006-03-10,2006,49594,SB49594,880,Atlantic hookear sculpin,Artediellus atlanticus,5.3,0.0152,,,,133227,2811,Gammaridae unidentified,Gammaridae,2,Slight,,,1,0.0074,,
"4T Southern Gulf of St. Lawrence Ecosystem Trawl Survey (RV Survey, Needler)",glf4t2005,2005,130,,,S. B.,2006-03-10,2006,49594,SB49594,880,Atlantic hookear sculpin,Artediellus atlanticus,5.3,0.0152,,,,133228,9100,Mucus,Mucus,,,,,1,0.0078,,
"4T Southern Gulf of St. Lawrence Ecosystem Trawl Survey (RV Survey, Needler)",glf4t2005,2005,130,,,S. B.,2006-03-10,2006,49595,SB49595,880,Atlantic hookear sculpin,Artediellus atlanticus,4.4,0.0294,,,,133229,,,,2,Slight,,,1,0.0005,,
"4T Southern Gulf of St. Lawrence Ecosystem Trawl Survey (RV Survey, Needler)",glf4t2005,2005,130,,,S. B.,2006-03-10,2006,49595,SB49595,880,Atlantic hookear sculpin,Artediellus atlanticus,4.4,0.0294,,,,133230,2811,Gammaridae unidentified,Gammaridae,1,Undigested/freshly eaten,,,1,0.0172,,
"4T Southern Gulf of St. Lawrence Ecosystem Trawl Survey (RV Survey, Needler)",glf4t2005,2005,130,,,S. B.,2006-03-10,2006,49595,SB49595,880,Atlantic hookear sculpin,Artediellus atlanticus,4.4,0.0294,,,,133231,9100,Mucus,Mucus,,,,,1,0.0029,,
"4T Southern Gulf of St. Lawrence Ecosystem Trawl Survey (RV Survey, Needler)",glf4t2005,2005,134,,96,S. L.,2006-01-03,2006,49596,SL49596,201,Thorny skate,Amblyraja radiata,42.0,5.8419,,,,133232,2906,Hyperiidae unidentified,Hyperiidae,3,Intermediate,,,1,0.3132,,
"4T Southern Gulf of St. Lawrence Ecosystem Trawl Survey (RV Survey, Needler)",glf4t2005,2005,134,,96,S. L.,2006-01-03,2006,49596,SL49596,201,Thorny skate,Amblyraja radiata,42.0,5.8419,,,,133233,2221,Pink glass shrimp,Pasiphaea multidentata,2,Slight,,,1,4.1729,,
"4T Southern Gulf of St. Lawrence Ecosystem Trawl Survey (RV Survey, Needler)",glf4t2005,2005,134,,96,S. L.,2006-01-03,2006,49596,SL49596,201,Thorny skate,Amblyraja radiata,42.0,5.8419,,,,133234,2221,Pink glass shrimp,Pasiphaea multidentata,2,Slight,,,1,0.5553,,
"4T Southern Gulf of St. Lawrence Ecosystem Trawl Survey (RV Survey, Needler)",glf4t2005,2005,134,,96,S. L.,2006-01-03,2006,49596,SL49596,201,Thorny skate,Amblyraja radiata,42.0,5.8419,,,,133235,9100,Mucus,Mucus,,,,,1,0.8005,,
"4T Southern Gulf of St. Lawrence Ecosystem Trawl Survey (RV Survey, Needler)",glf4t2005,2005,134,,9,S. L.,2006-01-03,2006,49597,SL49597,202,Smooth skate,Malacoraja senta,54.0,7.2399,,,,133236,2221,Pink glass shrimp,Pasiphaea multidentata,2,Slight,,,1,1.8841,,
"4T Southern Gulf of St. Lawrence Ecosystem Trawl Survey (RV Survey, Needler)",glf4t2005,2005,134,,9,S. L.,2006-01-03,2006,49597,SL49597,202,Smooth skate,Malacoraja senta,54.0,7.2399,,,,133237,2411,Arctic argid,Argis dentata,2,Slight,,,1,0.5811,,
"4T Southern Gulf of St. Lawrence Ecosystem Trawl Survey (RV Survey, Needler)",glf4t2005,2005,134,,9,S. L.,2006-01-03,2006,49597,SL49597,202,Smooth skate,Malacoraja senta,54.0,7.2399,,,,133238,2906,Hyperiidae unidentified,Hyperiidae,3,Intermediate,,,1,0.148,,
"4T Southern Gulf of St. Lawrence Ecosystem Trawl Survey (RV Survey, Needler)",glf4t2005,2005,134,,9,S. L.,2006-01-03,2006,49597,SL49597,202,Smooth skate,Malacoraja senta,54.0,7.2399,,,,133239,2210,Boreal red shrimp unidentified,Pandalus,4,Advanced,,,1,3.5802,,
"4T Southern Gulf of St. Lawrence Ecosystem Trawl Survey (RV Survey, Needler)",glf4t2005,2005,134,,9,S. L.,2006-01-03,2006,49597,SL49597,202,Smooth skate,Malacoraja senta,54.0,7.2399,,,,133240,9100,Mucus,Mucus,,,,,1,1.0465,,
"4T Southern Gulf of St. Lawrence Ecosystem Trawl Survey (RV Survey, Needler)",glf4t2005,2005,134,,10,S. L.,2006-01-19,2006,49598,SL49598,202,Smooth skate,Malacoraja senta,14.0,0.3631,,,,133241,2811,Gammaridae unidentified,Gammaridae,3,Intermediate,,,1,0.108,,
"4T Southern Gulf of St. Lawrence Ecosystem Trawl Survey (RV Survey, Needler)",glf4t2005,2005,134,,10,S. L.,2006-01-19,2006,49598,SL49598,202,Smooth skate,Malacoraja senta,14.0,0.3631,,,,133242,2980,Isopoda unidentified,Isopoda,2,Slight,,,1,0.0039,,
"4T Southern Gulf of St. Lawrence Ecosystem Trawl Survey (RV Survey, Needler)",glf4t2005,2005,134,,10,S. L.,2006-01-19,2006,49598,SL49598,202,Smooth skate,Malacoraja senta,14.0,0.3631,,,,133243,2906,Hyperiidae unidentified,Hyperiidae,4,Advanced,,,1,0.1368,,
"4T Southern Gulf of St. Lawrence Ecosystem Trawl Survey (RV Survey, Needler)",glf4t2005,2005,134,,10,S. L.,2006-01-19,2006,49598,SL49598,202,Smooth skate,Malacoraja senta,14.0,0.3631,,,,133244,2902,Copepods - 3 mm or less,Copepoda (s.c) - Small,1,Undigested/freshly eaten,,,1,0.0002,,
"4T Southern Gulf of St. Lawrence Ecosystem Trawl Survey (RV Survey, Needler)",glf4t2005,2005,134,,10,S. L.,2006-01-19,2006,49598,SL49598,202,Smooth skate,Malacoraja senta,14.0,0.3631,,,,133245,9100,Mucus,Mucus,,,,,1,0.1142,,
"4T Southern Gulf of St. Lawrence Ecosystem Trawl Survey (RV Survey, Needler)",glf4t2005,2005,134,,14,S. L.,2006-01-04,2006,49599,SL49599,204,Winter skate,Leucoraja ocellata,38.0,2.4192,,,,133246,2100,Decapod unidentified,Decapoda,1,Undigested/freshly eaten,,,1,0.0828,,
"4T Southern Gulf of St. Lawrence Ecosystem Trawl Survey (RV Survey, Needler)",glf4t2005,2005,134,,14,S. L.,2006-01-04,2006,49599,SL49599,204,Winter skate,Leucoraja ocellata,38.0,2.4192,,,,133247,2700,Mysid shrimp,Mysidacea (o.),1,Undigested/freshly eaten,,,1,0.0412,,
"4T Southern Gulf of St. Lawrence Ecosystem Trawl Survey (RV Survey, Needler)",glf4t2005,2005,134,,14,S. L.,2006-01-04,2006,49599,SL49599,204,Winter skate,Leucoraja ocellata,38.0,2.4192,,,,133248,9100,Mucus,Mucus,,,,,1,2.2952,,
"4T Southern Gulf of St. Lawrence Ecosystem Trawl Survey (RV Survey, Needler)",glf4t2005,2005,134,,15,S. L.,2006-01-23,2006,49600,SL49600,204,Winter skate,Leucoraja ocellata,10.3,0.1648,,,,133249,2811,Gammaridae unidentified,Gammaridae,3,Intermediate,,,1,0.0354,,
"4T Southern Gulf of St. Lawrence Ecosystem Trawl Survey (RV Survey, Needler)",glf4t2005,2005,134,,15,S. L.,2006-01-23,2006,49600,SL49600,204,Winter skate,Leucoraja ocellata,10.3,0.1648,,,,133250,9000,Digested remains unidentified,"Unid remains,digested",4,Advanced,,,1,0.0969,,
"4T Southern Gulf of St. Lawrence Ecosystem Trawl Survey (RV Survey, Needler)",glf4t2005,2005,134,,15,S. L.,2006-01-23,2006,49600,SL49600,204,Winter skate,Leucoraja ocellata,10.3,0.1648,,,,133251,2902,Copepods - 3 mm or less,Copepoda (s.c) - Small,2,Slight,,,1,0.0169,,
"4T Southern Gulf of St. Lawrence Ecosystem Trawl Survey (RV Survey, Needler)",glf4t2005,2005,134,,15,S. L.,2006-01-23,2006,49600,SL49600,204,Winter skate,Leucoraja ocellata,10.3,0.1648,,,,133252,9100,Mucus,Mucus,,,,,1,0.0157,,
"4T Southern Gulf of St. Lawrence Ecosystem Trawl Survey (RV Survey, Needler)",glf4t2005,2005,135,,,S. L.,2006-02-28,2006,49601,SL49601,41,Witch flounder,Glyptocephalus cynoglossus,34.4,1.5823,,,,133253,3100,Bristle worm unidentified,Polychaeta,2,Slight,,,1,1.2743,,
"4T Southern Gulf of St. Lawrence Ecosystem Trawl Survey (RV Survey, Needler)",glf4t2005,2005,135,,,S. L.,2006-02-28,2006,49601,SL49601,41,Witch flounder,Glyptocephalus cynoglossus,34.4,1.5823,,,,133254,9100,Mucus,Mucus,,,,,1,0.308,,
"4T Southern Gulf of St. Lawrence Ecosystem Trawl Survey (RV Survey, Needler)",glf4t2005,2005,135,,,S. L.,2006-02-28,2006,49602,SL49602,41,Witch flounder,Glyptocephalus cynoglossus,36.0,1.8112,,,,133255,2811,Gammaridae unidentified,Gammaridae,2,Slight,,,1,0.1215,,
"4T Southern Gulf of St. Lawrence Ecosystem Trawl Survey (RV Survey, Needler)",glf4t2005,2005,135,,,S. L.,2006-02-28,2006,49602,SL49602,41,Witch flounder,Glyptocephalus cynoglossus,36.0,1.8112,,,,133256,3100,Bristle worm unidentified,Polychaeta,3,Intermediate,,,1,0.4035,,
"4T Southern Gulf of St. Lawrence Ecosystem Trawl Survey (RV Survey, Needler)",glf4t2005,2005,135,,,S. L.,2006-02-28,2006,49602,SL49602,41,Witch flounder,Glyptocephalus cynoglossus,36.0,1.8112,,,,133257,9700,Sand,Sand,,,,,1,0.3707,,
"4T Southern Gulf of St. Lawrence Ecosystem Trawl Survey (RV Survey, Needler)",glf4t2005,2005,135,,,S. L.,2006-02-28,2006,49602,SL49602,41,Witch flounder,Glyptocephalus cynoglossus,36.0,1.8112,,,,133258,9100,Mucus,Mucus,,,,,1,0.9155,,
"4T Southern Gulf of St. Lawrence Ecosystem Trawl Survey (RV Survey, Needler)",glf4t2005,2005,135,,11,S. L.,2006-01-19,2006,49603,SL49603,202,Smooth skate,Malacoraja senta,23.9,0.6848,,,,133259,2811,Gammaridae unidentified,Gammaridae,3,Intermediate,,,1,0.1567,,
"4T Southern Gulf of St. Lawrence Ecosystem Trawl Survey (RV Survey, Needler)",glf4t2005,2005,135,,11,S. L.,2006-01-19,2006,49603,SL49603,202,Smooth skate,Malacoraja senta,23.9,0.6848,,,,133260,2906,Hyperiidae unidentified,Hyperiidae,3,Intermediate,,,1,0.0975,,
"4T Southern Gulf of St. Lawrence Ecosystem Trawl Survey (RV Survey, Needler)",glf4t2005,2005,135,,11,S. L.,2006-01-19,2006,49603,SL49603,202,Smooth skate,Malacoraja senta,23.9,0.6848,,,,133261,2902,Copepods - 3 mm or less,Copepoda (s.c) - Small,1,Undigested/freshly eaten,,,1,0.0009,,
"4T Southern Gulf of St. Lawrence Ecosystem Trawl Survey (RV Survey, Needler)",glf4t2005,2005,135,,11,S. L.,2006-01-19,2006,49603,SL49603,202,Smooth skate,Malacoraja senta,23.9,0.6848,,,,133262,2000,Crustacean unidentified,Crustacea,4,Advanced,,,1,0.1387,,
"4T Southern Gulf of St. Lawrence Ecosystem Trawl Survey (RV Survey, Needler)",glf4t2005,2005,135,,11,S. L.,2006-01-19,2006,49603,SL49603,202,Smooth skate,Malacoraja senta,23.9,0.6848,,,,133263,9100,Mucus,Mucus,,,,,1,0.291,,
"4T Southern Gulf of St. Lawrence Ecosystem Trawl Survey (RV Survey, Needler)",glf4t2005,2005,135,,16,S. L.,2006-01-05,2006,49604,SL49604,204,Winter skate,Leucoraja ocellata,67.0,31.9754,,,,133264,611,Sand Lances unidentified (Ammodytes sp.),Ammodytes,3,Intermediate,175.0,,1,12.8192,,
"4T Southern Gulf of St. Lawrence Ecosystem Trawl Survey (RV Survey, Needler)",glf4t2005,2005,135,,16,S. L.,2006-01-05,2006,49604,SL49604,204,Winter skate,Leucoraja ocellata,67.0,31.9754,,,,133265,611,Sand Lances unidentified (Ammodytes sp.),Ammodytes,4,Advanced,,,1,13.8172,,
"4T Southern Gulf of St. Lawrence Ecosystem Trawl Survey (RV Survey, Needler)",glf4t2005,2005,135,,16,S. L.,2006-01-05,2006,49604,SL49604,204,Winter skate,Leucoraja ocellata,67.0,31.9754,,,,133266,9100,Mucus,Mucus,,,,,1,5.339,,
"4T Southern Gulf of St. Lawrence Ecosystem Trawl Survey (RV Survey, Needler)",glf4t2005,2005,137,,97,S. L.,2006-01-19,2006,49605,SL49605,201,Thorny skate,Amblyraja radiata,21.5,3.5337,,,,133267,2971,Diastylis sp.,Diastylis,,,,,1,0.0544,,
"4T Southern Gulf of St. Lawrence Ecosystem Trawl Survey (RV Survey, Needler)",glf4t2005,2005,137,,97,S. L.,2006-01-19,2006,49605,SL49605,201,Thorny skate,Amblyraja radiata,21.5,3.5337,,,,133268,2902,Copepods - 3 mm or less,Copepoda (s.c) - Small,,,,,1,0.0028,,
"4T Southern Gulf of St. Lawrence Ecosystem Trawl Survey (RV Survey, Needler)",glf4t2005,2005,137,,97,S. L.,2006-01-19,2006,49605,SL49605,201,Thorny skate,Amblyraja radiata,21.5,3.5337,,,,133269,2811,Gammaridae unidentified,Gammaridae,,,,,1,2.134,,
"4T Southern Gulf of St. Lawrence Ecosystem Trawl Survey (RV Survey, Needler)",glf4t2005,2005,137,,97,S. L.,2006-01-19,2006,49605,SL49605,201,Thorny skate,Amblyraja radiata,21.5,3.5337,,,,133270,3100,Bristle worm unidentified,Polychaeta,,,,,1,0.1434,,
"4T Southern Gulf of St. Lawrence Ecosystem Trawl Survey (RV Survey, Needler)",glf4t2005,2005,137,,97,S. L.,2006-01-19,2006,49605,SL49605,201,Thorny skate,Amblyraja radiata,21.5,3.5337,,,,133271,2000,Crustacean unidentified,Crustacea,,,,,1,0.2956,,
"4T Southern Gulf of St. Lawrence Ecosystem Trawl Survey (RV Survey, Needler)",glf4t2005,2005,137,,97,S. L.,2006-01-19,2006,49605,SL49605,201,Thorny skate,Amblyraja radiata,21.5,3.5337,,,,133272,9000,Digested remains unidentified,"Unid remains,digested",,,,,1,0.9035,,
"4T Southern Gulf of St. Lawrence Ecosystem Trawl Survey (RV Survey, Needler)",glf4t2005,2005,137,,98,S. L.,2006-01-23,2006,49606,SL49606,201,Thorny skate,Amblyraja radiata,17.5,2.1154,,,,133273,2811,Gammaridae unidentified,Gammaridae,2,Slight,,,1,0.5507,,
"4T Southern Gulf of St. Lawrence Ecosystem Trawl Survey (RV Survey, Needler)",glf4t2005,2005,137,,98,S. L.,2006-01-23,2006,49606,SL49606,201,Thorny skate,Amblyraja radiata,17.5,2.1154,,,,133274,3100,Bristle worm unidentified,Polychaeta,3,Intermediate,,,1,0.0561,,
"4T Southern Gulf of St. Lawrence Ecosystem Trawl Survey (RV Survey, Needler)",glf4t2005,2005,137,,98,S. L.,2006-01-23,2006,49606,SL49606,201,Thorny skate,Amblyraja radiata,17.5,2.1154,,,,133275,2411,Arctic argid,Argis dentata,3,Intermediate,,,1,0.0086,,
"4T Southern Gulf of St. Lawrence Ecosystem Trawl Survey (RV Survey, Needler)",glf4t2005,2005,137,,98,S. L.,2006-01-23,2006,49606,SL49606,201,Thorny skate,Amblyraja radiata,17.5,2.1154,,,,133276,2000,Crustacean unidentified,Crustacea,4,Advanced,,,1,0.5605,,
"4T Southern Gulf of St. Lawrence Ecosystem Trawl Survey (RV Survey, Needler)",glf4t2005,2005,137,,98,S. L.,2006-01-23,2006,49606,SL49606,201,Thorny skate,Amblyraja radiata,17.5,2.1154,,,,133277,9100,Mucus,Mucus,,,,,1,0.9374,,
"4T Southern Gulf of St. Lawrence Ecosystem Trawl Survey (RV Survey, Needler)",glf4t2005,2005,137,,98,S. L.,2006-01-23,2006,49606,SL49606,201,Thorny skate,Amblyraja radiata,17.5,2.1154,,,,133278,2900,Copepods,Copepoda,2,Slight,,,1,0.0021,,
"4T Southern Gulf of St. Lawrence Ecosystem Trawl Survey (RV Survey, Needler)",glf4t2005,2005,137,,100,S. L.,2006-01-23,2006,49607,SL49607,201,Thorny skate,Amblyraja radiata,21.9,2.928,,,,133279,2411,Arctic argid,Argis dentata,2,Slight,,,1,0.4111,,
"4T Southern Gulf of St. Lawrence Ecosystem Trawl Survey (RV Survey, Needler)",glf4t2005,2005,137,,100,S. L.,2006-01-23,2006,49607,SL49607,201,Thorny skate,Amblyraja radiata,21.9,2.928,,,,133280,2700,Mysid shrimp,Mysidacea (o.),2,Slight,,,1,0.0456,,
"4T Southern Gulf of St. Lawrence Ecosystem Trawl Survey (RV Survey, Needler)",glf4t2005,2005,137,,100,S. L.,2006-01-23,2006,49607,SL49607,201,Thorny skate,Amblyraja radiata,21.9,2.928,,,,133281,2971,Diastylis sp.,Diastylis,2,Slight,,,1,0.0421,,
"4T Southern Gulf of St. Lawrence Ecosystem Trawl Survey (RV Survey, Needler)",glf4t2005,2005,137,,100,S. L.,2006-01-23,2006,49607,SL49607,201,Thorny skate,Amblyraja radiata,21.9,2.928,,,,133282,2811,Gammaridae unidentified,Gammaridae,2,Slight,,,1,1.1928,,
"4T Southern Gulf of St. Lawrence Ecosystem Trawl Survey (RV Survey, Needler)",glf4t2005,2005,137,,100,S. L.,2006-01-23,2006,49607,SL49607,201,Thorny skate,Amblyraja radiata,21.9,2.928,,,,133283,3100,Bristle worm unidentified,Polychaeta,3,Intermediate,,,1,0.3981,,
"4T Southern Gulf of St. Lawrence Ecosystem Trawl Survey (RV Survey, Needler)",glf4t2005,2005,137,,100,S. L.,2006-01-23,2006,49607,SL49607,201,Thorny skate,Amblyraja radiata,21.9,2.928,,,,133284,2000,Crustacean unidentified,Crustacea,4,Advanced,,,1,0.3065,,
"4T Southern Gulf of St. Lawrence Ecosystem Trawl Survey (RV Survey, Needler)",glf4t2005,2005,137,,100,S. L.,2006-01-23,2006,49607,SL49607,201,Thorny skate,Amblyraja radiata,21.9,2.928,,,,133285,9100,Mucus,Mucus,,,,,1,0.5318,,
"4T Southern Gulf of St. Lawrence Ecosystem Trawl Survey (RV Survey, Needler)",glf4t2005,2005,137,,99,S. L.,2006-01-24,2006,49608,SL49608,201,Thorny skate,Amblyraja radiata,24.0,5.7382,,,,133286,2811,Gammaridae unidentified,Gammaridae,2,Slight,,,1,3.7189,,
"4T Southern Gulf of St. Lawrence Ecosystem Trawl Survey (RV Survey, Needler)",glf4t2005,2005,137,,99,S. L.,2006-01-24,2006,49608,SL49608,201,Thorny skate,Amblyraja radiata,24.0,5.7382,,,,133287,3100,Bristle worm unidentified,Polychaeta,3,Intermediate,,,1,0.3603,,
"4T Southern Gulf of St. Lawrence Ecosystem Trawl Survey (RV Survey, Needler)",glf4t2005,2005,137,,99,S. L.,2006-01-24,2006,49608,SL49608,201,Thorny skate,Amblyraja radiata,24.0,5.7382,,,,133288,2000,Crustacean unidentified,Crustacea,4,Advanced,,,1,0.74,,
"4T Southern Gulf of St. Lawrence Ecosystem Trawl Survey (RV Survey, Needler)",glf4t2005,2005,137,,99,S. L.,2006-01-24,2006,49608,SL49608,201,Thorny skate,Amblyraja radiata,24.0,5.7382,,,,133289,9100,Mucus,Mucus,,,,,1,0.919,,
"4T Southern Gulf of St. Lawrence Ecosystem Trawl Survey (RV Survey, Needler)",glf4t2005,2005,138,,105,S. L.,2006-02-21,2006,49609,SL49609,201,Thorny skate,Amblyraja radiata,27.0,7.1296,,,,133290,7100,Round worm unidentified,Nematoda,1,Undigested/freshly eaten,,,1,0.0085,,
"4T Southern Gulf of St. Lawrence Ecosystem Trawl Survey (RV Survey, Needler)",glf4t2005,2005,138,,105,S. L.,2006-02-21,2006,49609,SL49609,201,Thorny skate,Amblyraja radiata,27.0,7.1296,,,,133291,3100,Bristle worm unidentified,Polychaeta,3,Intermediate,,,1,0.3937,,
"4T Southern Gulf of St. Lawrence Ecosystem Trawl Survey (RV Survey, Needler)",glf4t2005,2005,138,,105,S. L.,2006-02-21,2006,49609,SL49609,201,Thorny skate,Amblyraja radiata,27.0,7.1296,,,,133292,2500,Crab sp.,Crab sp.,3,Intermediate,4.0,,1,0.0421,,
"4T Southern Gulf of St. Lawrence Ecosystem Trawl Survey (RV Survey, Needler)",glf4t2005,2005,138,,105,S. L.,2006-02-21,2006,49609,SL49609,201,Thorny skate,Amblyraja radiata,27.0,7.1296,,,,133293,2811,Gammaridae unidentified,Gammaridae,3,Intermediate,,,1,4.2036,,
"4T Southern Gulf of St. Lawrence Ecosystem Trawl Survey (RV Survey, Needler)",glf4t2005,2005,138,,105,S. L.,2006-02-21,2006,49609,SL49609,201,Thorny skate,Amblyraja radiata,27.0,7.1296,,,,133294,2000,Crustacean unidentified,Crustacea,4,Advanced,,,1,1.5994,,
"4T Southern Gulf of St. Lawrence Ecosystem Trawl Survey (RV Survey, Needler)",glf4t2005,2005,138,,105,S. L.,2006-02-21,2006,49609,SL49609,201,Thorny skate,Amblyraja radiata,27.0,7.1296,,,,133295,90,Fish unidentified,"Unid. fish (larvae,juvenile and adults)",2,Slight,,,1,0.0579,,
"4T Southern Gulf of St. Lawrence Ecosystem Trawl Survey (RV Survey, Needler)",glf4t2005,2005,138,,105,S. L.,2006-02-21,2006,49609,SL49609,201,Thorny skate,Amblyraja radiata,27.0,7.1296,,,,133296,9100,Mucus,Mucus,,,,,1,0.8244,,
"4T Southern Gulf of St. Lawrence Ecosystem Trawl Survey (RV Survey, Needler)",glf4t2005,2005,138,,109,S. L.,2006-02-21,2006,49610,SL49610,201,Thorny skate,Amblyraja radiata,24.4,5.6558,,,,133297,2700,Mysid shrimp,Mysidacea (o.),2,Slight,,,1,0.0476,,
"4T Southern Gulf of St. Lawrence Ecosystem Trawl Survey (RV Survey, Needler)",glf4t2005,2005,138,,109,S. L.,2006-02-21,2006,49610,SL49610,201,Thorny skate,Amblyraja radiata,24.4,5.6558,,,,133298,2902,Copepods - 3 mm or less,Copepoda (s.c) - Small,1,Undigested/freshly eaten,,,1,0.0044,,
"4T Southern Gulf of St. Lawrence Ecosystem Trawl Survey (RV Survey, Needler)",glf4t2005,2005,138,,109,S. L.,2006-02-21,2006,49610,SL49610,201,Thorny skate,Amblyraja radiata,24.4,5.6558,,,,133299,2811,Gammaridae unidentified,Gammaridae,2,Slight,,,1,3.4615,,
"4T Southern Gulf of St. Lawrence Ecosystem Trawl Survey (RV Survey, Needler)",glf4t2005,2005,138,,109,S. L.,2006-02-21,2006,49610,SL49610,201,Thorny skate,Amblyraja radiata,24.4,5.6558,,,,133300,3100,Bristle worm unidentified,Polychaeta,3,Intermediate,,,1,0.3121,,
"4T Southern Gulf of St. Lawrence Ecosystem Trawl Survey (RV Survey, Needler)",glf4t2005,2005,138,,109,S. L.,2006-02-21,2006,49610,SL49610,201,Thorny skate,Amblyraja radiata,24.4,5.6558,,,,133301,2000,Crustacean unidentified,Crustacea,4,Advanced,,,1,0.3805,,
"4T Southern Gulf of St. Lawrence Ecosystem Trawl Survey (RV Survey, Needler)",glf4t2005,2005,138,,109,S. L.,2006-02-21,2006,49610,SL49610,201,Thorny skate,Amblyraja radiata,24.4,5.6558,,,,133302,9100,Mucus,Mucus,,,,,1,1.4497,,
"4T Southern Gulf of St. Lawrence Ecosystem Trawl Survey (RV Survey, Needler)",glf4t2005,2005,138,,113,S. L.,2006-02-10,2006,49611,SL49611,201,Thorny skate,Amblyraja radiata,25.0,5.4546,,,,133303,2700,Mysid shrimp,Mysidacea (o.),2,Slight,,,1,0.0131,,
"4T Southern Gulf of St. Lawrence Ecosystem Trawl Survey (RV Survey, Needler)",glf4t2005,2005,138,,113,S. L.,2006-02-10,2006,49611,SL49611,201,Thorny skate,Amblyraja radiata,25.0,5.4546,,,,133304,2971,Diastylis sp.,Diastylis,2,Slight,,,1,0.0395,,
"4T Southern Gulf of St. Lawrence Ecosystem Trawl Survey (RV Survey, Needler)",glf4t2005,2005,138,,113,S. L.,2006-02-10,2006,49611,SL49611,201,Thorny skate,Amblyraja radiata,25.0,5.4546,,,,133305,3100,Bristle worm unidentified,Polychaeta,2,Slight,,,1,1.7334,,
"4T Southern Gulf of St. Lawrence Ecosystem Trawl Survey (RV Survey, Needler)",glf4t2005,2005,138,,113,S. L.,2006-02-10,2006,49611,SL49611,201,Thorny skate,Amblyraja radiata,25.0,5.4546,,,,133306,2411,Arctic argid,Argis dentata,2,Slight,,,1,0.4562,,
"4T Southern Gulf of St. Lawrence Ecosystem Trawl Survey (RV Survey, Needler)",glf4t2005,2005,138,,113,S. L.,2006-02-10,2006,49611,SL49611,201,Thorny skate,Amblyraja radiata,25.0,5.4546,,,,133307,2400,Crangonid shrimp unidentified,Crangonidae,3,Intermediate,,,1,0.4719,,
"4T Southern Gulf of St. Lawrence Ecosystem Trawl Survey (RV Survey, Needler)",glf4t2005,2005,138,,113,S. L.,2006-02-10,2006,49611,SL49611,201,Thorny skate,Amblyraja radiata,25.0,5.4546,,,,133308,2811,Gammaridae unidentified,Gammaridae,2,Slight,,,1,1.2084,,
"4T Southern Gulf of St. Lawrence Ecosystem Trawl Survey (RV Survey, Needler)",glf4t2005,2005,138,,113,S. L.,2006-02-10,2006,49611,SL49611,201,Thorny skate,Amblyraja radiata,25.0,5.4546,,,,133309,9000,Digested remains unidentified,"Unid remains,digested",4,Advanced,,,1,1.1721,,
"4T Southern Gulf of St. Lawrence Ecosystem Trawl Survey (RV Survey, Needler)",glf4t2005,2005,138,,113,S. L.,2006-02-10,2006,49611,SL49611,201,Thorny skate,Amblyraja radiata,25.0,5.4546,,,,133310,9100,Mucus,Mucus,,,,,1,0.36,,
"4T Southern Gulf of St. Lawrence Ecosystem Trawl Survey (RV Survey, Needler)",glf4t2005,2005,138,,116,S. L.,2006-02-13,2006,49612,SL49612,201,Thorny skate,Amblyraja radiata,23.6,3.5751,,,,133311,2971,Diastylis sp.,Diastylis,2,Slight,,,1,0.0109,,
"4T Southern Gulf of St. Lawrence Ecosystem Trawl Survey (RV Survey, Needler)",glf4t2005,2005,138,,116,S. L.,2006-02-13,2006,49612,SL49612,201,Thorny skate,Amblyraja radiata,23.6,3.5751,,,,133312,2902,Copepods - 3 mm or less,Copepoda (s.c) - Small,2,Slight,,,1,0.0108,,
"4T Southern Gulf of St. Lawrence Ecosystem Trawl Survey (RV Survey, Needler)",glf4t2005,2005,138,,116,S. L.,2006-02-13,2006,49612,SL49612,201,Thorny skate,Amblyraja radiata,23.6,3.5751,,,,133313,2700,Mysid shrimp,Mysidacea (o.),2,Slight,,,1,0.0208,,
"4T Southern Gulf of St. Lawrence Ecosystem Trawl Survey (RV Survey, Needler)",glf4t2005,2005,138,,116,S. L.,2006-02-13,2006,49612,SL49612,201,Thorny skate,Amblyraja radiata,23.6,3.5751,,,,133314,2500,Crab sp.,Crab sp.,2,Slight,,,1,0.0185,,
"4T Southern Gulf of St. Lawrence Ecosystem Trawl Survey (RV Survey, Needler)",glf4t2005,2005,138,,116,S. L.,2006-02-13,2006,49612,SL49612,201,Thorny skate,Amblyraja radiata,23.6,3.5751,,,,133315,2811,Gammaridae unidentified,Gammaridae,2,Slight,,,1,2.3443,,
"4T Southern Gulf of St. Lawrence Ecosystem Trawl Survey (RV Survey, Needler)",glf4t2005,2005,138,,116,S. L.,2006-02-13,2006,49612,SL49612,201,Thorny skate,Amblyraja radiata,23.6,3.5751,,,,133316,3100,Bristle worm unidentified,Polychaeta,3,Intermediate,,,1,0.594,,
"4T Southern Gulf of St. Lawrence Ecosystem Trawl Survey (RV Survey, Needler)",glf4t2005,2005,138,,116,S. L.,2006-02-13,2006,49612,SL49612,201,Thorny skate,Amblyraja radiata,23.6,3.5751,,,,133317,9100,Mucus,Mucus,,,,,1,0.5758,,
"4T Southern Gulf of St. Lawrence Ecosystem Trawl Survey (RV Survey, Needler)",glf4t2005,2005,138,,110,S. L.,2006-02-14,2006,49613,SL49613,201,Thorny skate,Amblyraja radiata,19.5,1.9058,,,,133318,2900,Copepods,Copepoda,1,Undigested/freshly eaten,,,1,0.028,,
"4T Southern Gulf of St. Lawrence Ecosystem Trawl Survey (RV Survey, Needler)",glf4t2005,2005,138,,110,S. L.,2006-02-14,2006,49613,SL49613,201,Thorny skate,Amblyraja radiata,19.5,1.9058,,,,133319,3100,Bristle worm unidentified,Polychaeta,3,Intermediate,,,1,0.421,,
"4T Southern Gulf of St. Lawrence Ecosystem Trawl Survey (RV Survey, Needler)",glf4t2005,2005,138,,110,S. L.,2006-02-14,2006,49613,SL49613,201,Thorny skate,Amblyraja radiata,19.5,1.9058,,,,133320,2811,Gammaridae unidentified,Gammaridae,2,Slight,,,1,0.9039,,
"4T Southern Gulf of St. Lawrence Ecosystem Trawl Survey (RV Survey, Needler)",glf4t2005,2005,138,,110,S. L.,2006-02-14,2006,49613,SL49613,201,Thorny skate,Amblyraja radiata,19.5,1.9058,,,,133321,2400,Crangonid shrimp unidentified,Crangonidae,3,Intermediate,,,1,0.0174,,
"4T Southern Gulf of St. Lawrence Ecosystem Trawl Survey (RV Survey, Needler)",glf4t2005,2005,138,,110,S. L.,2006-02-14,2006,49613,SL49613,201,Thorny skate,Amblyraja radiata,19.5,1.9058,,,,133322,9100,Mucus,Mucus,,,,,1,0.5355,,
"4T Southern Gulf of St. Lawrence Ecosystem Trawl Survey (RV Survey, Needler)",glf4t2005,2005,138,,110,S. L.,2006-02-14,2006,49614,SL49614,201,Thorny skate,Amblyraja radiata,22.9,3.4271,,,,133323,2411,Arctic argid,Argis dentata,2,Slight,,,1,0.3454,,
"4T Southern Gulf of St. Lawrence Ecosystem Trawl Survey (RV Survey, Needler)",glf4t2005,2005,138,,110,S. L.,2006-02-14,2006,49614,SL49614,201,Thorny skate,Amblyraja radiata,22.9,3.4271,,,,133324,2811,Gammaridae unidentified,Gammaridae,3,Intermediate,,,1,1.8921,,
"4T Southern Gulf of St. Lawrence Ecosystem Trawl Survey (RV Survey, Needler)",glf4t2005,2005,138,,110,S. L.,2006-02-14,2006,49614,SL49614,201,Thorny skate,Amblyraja radiata,22.9,3.4271,,,,133325,3100,Bristle worm unidentified,Polychaeta,3,Intermediate,,,1,0.2507,,
"4T Southern Gulf of St. Lawrence Ecosystem Trawl Survey (RV Survey, Needler)",glf4t2005,2005,138,,110,S. L.,2006-02-14,2006,49614,SL49614,201,Thorny skate,Amblyraja radiata,22.9,3.4271,,,,133326,2000,Crustacean unidentified,Crustacea,4,Advanced,,,1,0.2687,,
"4T Southern Gulf of St. Lawrence Ecosystem Trawl Survey (RV Survey, Needler)",glf4t2005,2005,138,,110,S. L.,2006-02-14,2006,49614,SL49614,201,Thorny skate,Amblyraja radiata,22.9,3.4271,,,,133327,9100,Mucus,Mucus,,,,,1,0.6702,,
"4T Southern Gulf of St. Lawrence Ecosystem Trawl Survey (RV Survey, Needler)",glf4t2005,2005,138,,104,S. L.,2006-02-14,2006,49615,SL49615,201,Thorny skate,Amblyraja radiata,22.2,4.1509,,,,133328,2900,Copepods,Copepoda,2,Slight,,,1,0.0168,,
"4T Southern Gulf of St. Lawrence Ecosystem Trawl Survey (RV Survey, Needler)",glf4t2005,2005,138,,104,S. L.,2006-02-14,2006,49615,SL49615,201,Thorny skate,Amblyraja radiata,22.2,4.1509,,,,133329,2700,Mysid shrimp,Mysidacea (o.),2,Slight,,,1,0.0078,,
"4T Southern Gulf of St. Lawrence Ecosystem Trawl Survey (RV Survey, Needler)",glf4t2005,2005,138,,104,S. L.,2006-02-14,2006,49615,SL49615,201,Thorny skate,Amblyraja radiata,22.2,4.1509,,,,133330,,,,2,Slight,,,1,0.0169,,
"4T Southern Gulf of St. Lawrence Ecosystem Trawl Survey (RV Survey, Needler)",glf4t2005,2005,138,,104,S. L.,2006-02-14,2006,49615,SL49615,201,Thorny skate,Amblyraja radiata,22.2,4.1509,,,,133331,2811,Gammaridae unidentified,Gammaridae,2,Slight,,,1,2.5976,,
"4T Southern Gulf of St. Lawrence Ecosystem Trawl Survey (RV Survey, Needler)",glf4t2005,2005,138,,104,S. L.,2006-02-14,2006,49615,SL49615,201,Thorny skate,Amblyraja radiata,22.2,4.1509,,,,133332,3100,Bristle worm unidentified,Polychaeta,2,Slight,,,1,0.9539,,
"4T Southern Gulf of St. Lawrence Ecosystem Trawl Survey (RV Survey, Needler)",glf4t2005,2005,138,,104,S. L.,2006-02-14,2006,49615,SL49615,201,Thorny skate,Amblyraja radiata,22.2,4.1509,,,,133333,2330,Eualus unidentified,Eualus,2,Slight,,,1,0.0359,,
"4T Southern Gulf of St. Lawrence Ecosystem Trawl Survey (RV Survey, Needler)",glf4t2005,2005,138,,104,S. L.,2006-02-14,2006,49615,SL49615,201,Thorny skate,Amblyraja radiata,22.2,4.1509,,,,133334,9100,Mucus,Mucus,,,,,1,0.522,,
"4T Southern Gulf of St. Lawrence Ecosystem Trawl Survey (RV Survey, Needler)",glf4t2005,2005,138,,118,S. L.,2006-02-16,2006,49616,SL49616,201,Thorny skate,Amblyraja radiata,18.2,1.7212,,,,133335,2902,Copepods - 3 mm or less,Copepoda (s.c) - Small,1,Undigested/freshly eaten,,,1,0.0059,,
"4T Southern Gulf of St. Lawrence Ecosystem Trawl Survey (RV Survey, Needler)",glf4t2005,2005,138,,118,S. L.,2006-02-16,2006,49616,SL49616,201,Thorny skate,Amblyraja radiata,18.2,1.7212,,,,133336,3100,Bristle worm unidentified,Polychaeta,2,Slight,,,1,0.057,,
"4T Southern Gulf of St. Lawrence Ecosystem Trawl Survey (RV Survey, Needler)",glf4t2005,2005,138,,118,S. L.,2006-02-16,2006,49616,SL49616,201,Thorny skate,Amblyraja radiata,18.2,1.7212,,,,133337,2811,Gammaridae unidentified,Gammaridae,2,Slight,,,1,1.0594,,
"4T Southern Gulf of St. Lawrence Ecosystem Trawl Survey (RV Survey, Needler)",glf4t2005,2005,138,,118,S. L.,2006-02-16,2006,49616,SL49616,201,Thorny skate,Amblyraja radiata,18.2,1.7212,,,,133338,2000,Crustacean unidentified,Crustacea,4,Advanced,,,1,0.3219,,
"4T Southern Gulf of St. Lawrence Ecosystem Trawl Survey (RV Survey, Needler)",glf4t2005,2005,138,,118,S. L.,2006-02-16,2006,49616,SL49616,201,Thorny skate,Amblyraja radiata,18.2,1.7212,,,,133339,9100,Mucus,Mucus,,,,,1,0.277,,
"4T Southern Gulf of St. Lawrence Ecosystem Trawl Survey (RV Survey, Needler)",glf4t2005,2005,138,,106,S. L.,2006-02-20,2006,49617,SL49617,201,Thorny skate,Amblyraja radiata,22.5,4.2205,,,,133340,2902,Copepods - 3 mm or less,Copepoda (s.c) - Small,1,Undigested/freshly eaten,,,1,0.0144,,
"4T Southern Gulf of St. Lawrence Ecosystem Trawl Survey (RV Survey, Needler)",glf4t2005,2005,138,,106,S. L.,2006-02-20,2006,49617,SL49617,201,Thorny skate,Amblyraja radiata,22.5,4.2205,,,,133341,2700,Mysid shrimp,Mysidacea (o.),3,Intermediate,,,1,0.0108,,
"4T Southern Gulf of St. Lawrence Ecosystem Trawl Survey (RV Survey, Needler)",glf4t2005,2005,138,,106,S. L.,2006-02-20,2006,49617,SL49617,201,Thorny skate,Amblyraja radiata,22.5,4.2205,,,,133342,3100,Bristle worm unidentified,Polychaeta,3,Intermediate,,,1,0.0133,,
"4T Southern Gulf of St. Lawrence Ecosystem Trawl Survey (RV Survey, Needler)",glf4t2005,2005,138,,106,S. L.,2006-02-20,2006,49617,SL49617,201,Thorny skate,Amblyraja radiata,22.5,4.2205,,,,133343,2312,Polar shrimp,Lebbeus polaris,2,Slight,,,1,0.0231,,
"4T Southern Gulf of St. Lawrence Ecosystem Trawl Survey (RV Survey, Needler)",glf4t2005,2005,138,,106,S. L.,2006-02-20,2006,49617,SL49617,201,Thorny skate,Amblyraja radiata,22.5,4.2205,,,,133344,2400,Crangonid shrimp unidentified,Crangonidae,3,Intermediate,,,1,0.1626,,
"4T Southern Gulf of St. Lawrence Ecosystem Trawl Survey (RV Survey, Needler)",glf4t2005,2005,138,,106,S. L.,2006-02-20,2006,49617,SL49617,201,Thorny skate,Amblyraja radiata,22.5,4.2205,,,,133345,2811,Gammaridae unidentified,Gammaridae,2,Slight,,,1,2.2966,,
"4T Southern Gulf of St. Lawrence Ecosystem Trawl Survey (RV Survey, Needler)",glf4t2005,2005,138,,106,S. L.,2006-02-20,2006,49617,SL49617,201,Thorny skate,Amblyraja radiata,22.5,4.2205,,,,133346,2000,Crustacean unidentified,Crustacea,4,Advanced,,,1,0.8877,,
"4T Southern Gulf of St. Lawrence Ecosystem Trawl Survey (RV Survey, Needler)",glf4t2005,2005,138,,106,S. L.,2006-02-20,2006,49617,SL49617,201,Thorny skate,Amblyraja radiata,22.5,4.2205,,,,133347,9100,Mucus,Mucus,,,,,1,0.812,,
"4T Southern Gulf of St. Lawrence Ecosystem Trawl Survey (RV Survey, Needler)",glf4t2005,2005,138,,112,S. L.,2006-02-20,2006,49618,SL49618,201,Thorny skate,Amblyraja radiata,25.3,4.4153,,,,133348,2902,Copepods - 3 mm or less,Copepoda (s.c) - Small,1,Undigested/freshly eaten,,,1,0.0044,,
"4T Southern Gulf of St. Lawrence Ecosystem Trawl Survey (RV Survey, Needler)",glf4t2005,2005,138,,112,S. L.,2006-02-20,2006,49618,SL49618,201,Thorny skate,Amblyraja radiata,25.3,4.4153,,,,133349,3100,Bristle worm unidentified,Polychaeta,3,Intermediate,,,1,0.0698,,
"4T Southern Gulf of St. Lawrence Ecosystem Trawl Survey (RV Survey, Needler)",glf4t2005,2005,138,,112,S. L.,2006-02-20,2006,49618,SL49618,201,Thorny skate,Amblyraja radiata,25.3,4.4153,,,,133350,2811,Gammaridae unidentified,Gammaridae,3,Intermediate,,,1,2.9695,,
"4T Southern Gulf of St. Lawrence Ecosystem Trawl Survey (RV Survey, Needler)",glf4t2005,2005,138,,112,S. L.,2006-02-20,2006,49618,SL49618,201,Thorny skate,Amblyraja radiata,25.3,4.4153,,,,133351,2000,Crustacean unidentified,Crustacea,4,Advanced,,,1,0.6356,,
"4T Southern Gulf of St. Lawrence Ecosystem Trawl Survey (RV Survey, Needler)",glf4t2005,2005,138,,112,S. L.,2006-02-20,2006,49618,SL49618,201,Thorny skate,Amblyraja radiata,25.3,4.4153,,,,133352,9100,Mucus,Mucus,,,,,1,0.736,,
"4T Southern Gulf of St. Lawrence Ecosystem Trawl Survey (RV Survey, Needler)",glf4t2005,2005,138,,101,S. L.,2006-02-20,2006,49619,SL49619,201,Thorny skate,Amblyraja radiata,37.1,8.6707,,,,133353,2411,Arctic argid,Argis dentata,3,Intermediate,,,1,1.5698,,
"4T Southern Gulf of St. Lawrence Ecosystem Trawl Survey (RV Survey, Needler)",glf4t2005,2005,138,,101,S. L.,2006-02-20,2006,49619,SL49619,201,Thorny skate,Amblyraja radiata,37.1,8.6707,,,,133354,2811,Gammaridae unidentified,Gammaridae,2,Slight,,,1,0.2185,,
"4T Southern Gulf of St. Lawrence Ecosystem Trawl Survey (RV Survey, Needler)",glf4t2005,2005,138,,101,S. L.,2006-02-20,2006,49619,SL49619,201,Thorny skate,Amblyraja radiata,37.1,8.6707,,,,133355,3100,Bristle worm unidentified,Polychaeta,3,Intermediate,,,1,4.3136,,
"4T Southern Gulf of St. Lawrence Ecosystem Trawl Survey (RV Survey, Needler)",glf4t2005,2005,138,,101,S. L.,2006-02-20,2006,49619,SL49619,201,Thorny skate,Amblyraja radiata,37.1,8.6707,,,,133356,9100,Mucus,Mucus,,,,,1,2.5688,,
"4T Southern Gulf of St. Lawrence Ecosystem Trawl Survey (RV Survey, Needler)",glf4t2005,2005,138,,108,S. L.,2006-02-20,2006,49620,SL49620,201,Thorny skate,Amblyraja radiata,24.7,2.6144,,,,133357,2411,Arctic argid,Argis dentata,2,Slight,,,1,1.0312,,
"4T Southern Gulf of St. Lawrence Ecosystem Trawl Survey (RV Survey, Needler)",glf4t2005,2005,138,,108,S. L.,2006-02-20,2006,49620,SL49620,201,Thorny skate,Amblyraja radiata,24.7,2.6144,,,,133358,2811,Gammaridae unidentified,Gammaridae,2,Slight,,,1,1.0613,,
"4T Southern Gulf of St. Lawrence Ecosystem Trawl Survey (RV Survey, Needler)",glf4t2005,2005,138,,108,S. L.,2006-02-20,2006,49620,SL49620,201,Thorny skate,Amblyraja radiata,24.7,2.6144,,,,133359,2000,Crustacean unidentified,Crustacea,4,Advanced,,,1,0.1114,,
"4T Southern Gulf of St. Lawrence Ecosystem Trawl Survey (RV Survey, Needler)",glf4t2005,2005,138,,108,S. L.,2006-02-20,2006,49620,SL49620,201,Thorny skate,Amblyraja radiata,24.7,2.6144,,,,133360,9100,Mucus,Mucus,,,,,1,0.4105,,
"4T Southern Gulf of St. Lawrence Ecosystem Trawl Survey (RV Survey, Needler)",glf4t2005,2005,138,,107,S. L.,2006-02-20,2006,49621,SL49621,201,Thorny skate,Amblyraja radiata,24.7,5.6314,,,,133361,7100,Round worm unidentified,Nematoda,1,Undigested/freshly eaten,,,1,0.0265,,
"4T Southern Gulf of St. Lawrence Ecosystem Trawl Survey (RV Survey, Needler)",glf4t2005,2005,138,,107,S. L.,2006-02-20,2006,49621,SL49621,201,Thorny skate,Amblyraja radiata,24.7,5.6314,,,,133362,3100,Bristle worm unidentified,Polychaeta,3,Intermediate,,,1,0.7583,,
"4T Southern Gulf of St. Lawrence Ecosystem Trawl Survey (RV Survey, Needler)",glf4t2005,2005,138,,107,S. L.,2006-02-20,2006,49621,SL49621,201,Thorny skate,Amblyraja radiata,24.7,5.6314,,,,133363,2811,Gammaridae unidentified,Gammaridae,2,Slight,,,1,2.4852,,
"4T Southern Gulf of St. Lawrence Ecosystem Trawl Survey (RV Survey, Needler)",glf4t2005,2005,138,,107,S. L.,2006-02-20,2006,49621,SL49621,201,Thorny skate,Amblyraja radiata,24.7,5.6314,,,,133364,2000,Crustacean unidentified,Crustacea,4,Advanced,,,1,0.9049,,
"4T Southern Gulf of St. Lawrence Ecosystem Trawl Survey (RV Survey, Needler)",glf4t2005,2005,138,,107,S. L.,2006-02-20,2006,49621,SL49621,201,Thorny skate,Amblyraja radiata,24.7,5.6314,,,,133365,9100,Mucus,Mucus,,,,,1,1.4565,,
"4T Southern Gulf of St. Lawrence Ecosystem Trawl Survey (RV Survey, Needler)",glf4t2005,2005,138,,115,S. L.,2006-02-20,2006,49622,SL49622,201,Thorny skate,Amblyraja radiata,23.1,4.5649,,,,133366,2902,Copepods - 3 mm or less,Copepoda (s.c) - Small,1,Undigested/freshly eaten,,,1,0.0089,,
"4T Southern Gulf of St. Lawrence Ecosystem Trawl Survey (RV Survey, Needler)",glf4t2005,2005,138,,115,S. L.,2006-02-20,2006,49622,SL49622,201,Thorny skate,Amblyraja radiata,23.1,4.5649,,,,133367,3100,Bristle worm unidentified,Polychaeta,2,Slight,,,1,0.8481,,
"4T Southern Gulf of St. Lawrence Ecosystem Trawl Survey (RV Survey, Needler)",glf4t2005,2005,138,,115,S. L.,2006-02-20,2006,49622,SL49622,201,Thorny skate,Amblyraja radiata,23.1,4.5649,,,,133368,2811,Gammaridae unidentified,Gammaridae,2,Slight,,,1,2.5511,,
"4T Southern Gulf of St. Lawrence Ecosystem Trawl Survey (RV Survey, Needler)",glf4t2005,2005,138,,115,S. L.,2006-02-20,2006,49622,SL49622,201,Thorny skate,Amblyraja radiata,23.1,4.5649,,,,133369,2000,Crustacean unidentified,Crustacea,4,Advanced,,,1,0.5556,,
"4T Southern Gulf of St. Lawrence Ecosystem Trawl Survey (RV Survey, Needler)",glf4t2005,2005,138,,115,S. L.,2006-02-20,2006,49622,SL49622,201,Thorny skate,Amblyraja radiata,23.1,4.5649,,,,133370,9100,Mucus,Mucus,,,,,1,0.6012,,
"4T Southern Gulf of St. Lawrence Ecosystem Trawl Survey (RV Survey, Needler)",glf4t2005,2005,138,,114,S. L.,2006-02-20,2006,49623,SL49623,201,Thorny skate,Amblyraja radiata,26.4,5.4341,,,,133371,2700,Mysid shrimp,Mysidacea (o.),2,Slight,,,1,0.0116,,
"4T Southern Gulf of St. Lawrence Ecosystem Trawl Survey (RV Survey, Needler)",glf4t2005,2005,138,,114,S. L.,2006-02-20,2006,49623,SL49623,201,Thorny skate,Amblyraja radiata,26.4,5.4341,,,,133372,2902,Copepods - 3 mm or less,Copepoda (s.c) - Small,1,Undigested/freshly eaten,,,1,0.0107,,
"4T Southern Gulf of St. Lawrence Ecosystem Trawl Survey (RV Survey, Needler)",glf4t2005,2005,138,,114,S. L.,2006-02-20,2006,49623,SL49623,201,Thorny skate,Amblyraja radiata,26.4,5.4341,,,,133373,3100,Bristle worm unidentified,Polychaeta,2,Slight,,,1,0.0284,,
"4T Southern Gulf of St. Lawrence Ecosystem Trawl Survey (RV Survey, Needler)",glf4t2005,2005,138,,114,S. L.,2006-02-20,2006,49623,SL49623,201,Thorny skate,Amblyraja radiata,26.4,5.4341,,,,133374,2811,Gammaridae unidentified,Gammaridae,2,Slight,,,1,3.4762,,
"4T Southern Gulf of St. Lawrence Ecosystem Trawl Survey (RV Survey, Needler)",glf4t2005,2005,138,,114,S. L.,2006-02-20,2006,49623,SL49623,201,Thorny skate,Amblyraja radiata,26.4,5.4341,,,,133375,2000,Crustacean unidentified,Crustacea,4,Advanced,,,1,0.6447,,
"4T Southern Gulf of St. Lawrence Ecosystem Trawl Survey (RV Survey, Needler)",glf4t2005,2005,138,,114,S. L.,2006-02-20,2006,49623,SL49623,201,Thorny skate,Amblyraja radiata,26.4,5.4341,,,,133376,9100,Mucus,Mucus,,,,,1,1.2625,,
"4T Southern Gulf of St. Lawrence Ecosystem Trawl Survey (RV Survey, Needler)",glf4t2005,2005,138,,103,S. L.,2006-02-20,2006,49624,SL49624,201,Thorny skate,Amblyraja radiata,20.1,4.6091,,,,133377,,,,2,Slight,,,1,0.0233,,
"4T Southern Gulf of St. Lawrence Ecosystem Trawl Survey (RV Survey, Needler)",glf4t2005,2005,138,,103,S. L.,2006-02-20,2006,49624,SL49624,201,Thorny skate,Amblyraja radiata,20.1,4.6091,,,,133378,2902,Copepods - 3 mm or less,Copepoda (s.c) - Small,1,Undigested/freshly eaten,,,1,0.0062,,
"4T Southern Gulf of St. Lawrence Ecosystem Trawl Survey (RV Survey, Needler)",glf4t2005,2005,138,,103,S. L.,2006-02-20,2006,49624,SL49624,201,Thorny skate,Amblyraja radiata,20.1,4.6091,,,,133379,2700,Mysid shrimp,Mysidacea (o.),2,Slight,,,1,0.0126,,
"4T Southern Gulf of St. Lawrence Ecosystem Trawl Survey (RV Survey, Needler)",glf4t2005,2005,138,,103,S. L.,2006-02-20,2006,49624,SL49624,201,Thorny skate,Amblyraja radiata,20.1,4.6091,,,,133380,3100,Bristle worm unidentified,Polychaeta,2,Slight,,,1,0.4385,,
"4T Southern Gulf of St. Lawrence Ecosystem Trawl Survey (RV Survey, Needler)",glf4t2005,2005,138,,103,S. L.,2006-02-20,2006,49624,SL49624,201,Thorny skate,Amblyraja radiata,20.1,4.6091,,,,133381,2411,Arctic argid,Argis dentata,2,Slight,,,1,0.8468,,
"4T Southern Gulf of St. Lawrence Ecosystem Trawl Survey (RV Survey, Needler)",glf4t2005,2005,138,,103,S. L.,2006-02-20,2006,49624,SL49624,201,Thorny skate,Amblyraja radiata,20.1,4.6091,,,,133382,2811,Gammaridae unidentified,Gammaridae,2,Slight,,,1,2.6724,,
"4T Southern Gulf of St. Lawrence Ecosystem Trawl Survey (RV Survey, Needler)",glf4t2005,2005,138,,103,S. L.,2006-02-20,2006,49624,SL49624,201,Thorny skate,Amblyraja radiata,20.1,4.6091,,,,133383,2000,Crustacean unidentified,Crustacea,4,Advanced,,,1,0.2758,,
"4T Southern Gulf of St. Lawrence Ecosystem Trawl Survey (RV Survey, Needler)",glf4t2005,2005,138,,103,S. L.,2006-02-20,2006,49624,SL49624,201,Thorny skate,Amblyraja radiata,20.1,4.6091,,,,133384,9100,Mucus,Mucus,,,,,1,0.3335,,
"4T Southern Gulf of St. Lawrence Ecosystem Trawl Survey (RV Survey, Needler)",glf4t2005,2005,138,,117,S. L.,2006-02-20,2006,49625,SL49625,201,Thorny skate,Amblyraja radiata,22.0,3.696,,,,133385,90,Fish unidentified,"Unid. fish (larvae,juvenile and adults)",4,Advanced,,,1,0.0181,,
"4T Southern Gulf of St. Lawrence Ecosystem Trawl Survey (RV Survey, Needler)",glf4t2005,2005,138,,117,S. L.,2006-02-20,2006,49625,SL49625,201,Thorny skate,Amblyraja radiata,22.0,3.696,,,,133386,2902,Copepods - 3 mm or less,Copepoda (s.c) - Small,1,Undigested/freshly eaten,,,1,0.0089,,
"4T Southern Gulf of St. Lawrence Ecosystem Trawl Survey (RV Survey, Needler)",glf4t2005,2005,138,,117,S. L.,2006-02-20,2006,49625,SL49625,201,Thorny skate,Amblyraja radiata,22.0,3.696,,,,133387,7000,Parasitic roundworm unidentified,"Parasites,round worms",1,Undigested/freshly eaten,,,1,0.0039,,
"4T Southern Gulf of St. Lawrence Ecosystem Trawl Survey (RV Survey, Needler)",glf4t2005,2005,138,,117,S. L.,2006-02-20,2006,49625,SL49625,201,Thorny skate,Amblyraja radiata,22.0,3.696,,,,133388,3100,Bristle worm unidentified,Polychaeta,2,Slight,,,1,0.1043,,
"4T Southern Gulf of St. Lawrence Ecosystem Trawl Survey (RV Survey, Needler)",glf4t2005,2005,138,,117,S. L.,2006-02-20,2006,49625,SL49625,201,Thorny skate,Amblyraja radiata,22.0,3.696,,,,133389,2330,Eualus unidentified,Eualus,2,Slight,,,1,0.0292,,
"4T Southern Gulf of St. Lawrence Ecosystem Trawl Survey (RV Survey, Needler)",glf4t2005,2005,138,,117,S. L.,2006-02-20,2006,49625,SL49625,201,Thorny skate,Amblyraja radiata,22.0,3.696,,,,133390,2811,Gammaridae unidentified,Gammaridae,2,Slight,,,1,2.3679,,
"4T Southern Gulf of St. Lawrence Ecosystem Trawl Survey (RV Survey, Needler)",glf4t2005,2005,138,,117,S. L.,2006-02-20,2006,49625,SL49625,201,Thorny skate,Amblyraja radiata,22.0,3.696,,,,133391,2000,Crustacean unidentified,Crustacea,4,Advanced,,,1,0.6386,,
"4T Southern Gulf of St. Lawrence Ecosystem Trawl Survey (RV Survey, Needler)",glf4t2005,2005,138,,117,S. L.,2006-02-20,2006,49625,SL49625,201,Thorny skate,Amblyraja radiata,22.0,3.696,,,,133392,9100,Mucus,Mucus,,,,,1,0.5251,,
"4T Southern Gulf of St. Lawrence Ecosystem Trawl Survey (RV Survey, Needler)",glf4t2005,2005,138,,102,S. L.,2006-02-21,2006,49626,SL49626,201,Thorny skate,Amblyraja radiata,31.3,7.567,,,,133393,2971,Diastylis sp.,Diastylis,3,Intermediate,,,1,0.0093,,
"4T Southern Gulf of St. Lawrence Ecosystem Trawl Survey (RV Survey, Needler)",glf4t2005,2005,138,,102,S. L.,2006-02-21,2006,49626,SL49626,201,Thorny skate,Amblyraja radiata,31.3,7.567,,,,133394,2906,Hyperiidae unidentified,Hyperiidae,3,Intermediate,,,1,0.059,,
"4T Southern Gulf of St. Lawrence Ecosystem Trawl Survey (RV Survey, Needler)",glf4t2005,2005,138,,102,S. L.,2006-02-21,2006,49626,SL49626,201,Thorny skate,Amblyraja radiata,31.3,7.567,,,,133395,,,,3,Intermediate,,,1,0.0014,,
"4T Southern Gulf of St. Lawrence Ecosystem Trawl Survey (RV Survey, Needler)",glf4t2005,2005,138,,102,S. L.,2006-02-21,2006,49626,SL49626,201,Thorny skate,Amblyraja radiata,31.3,7.567,,,,133396,90,Fish unidentified,"Unid. fish (larvae,juvenile and adults)",3,Intermediate,,,1,0.0637,,
"4T Southern Gulf of St. Lawrence Ecosystem Trawl Survey (RV Survey, Needler)",glf4t2005,2005,138,,102,S. L.,2006-02-21,2006,49626,SL49626,201,Thorny skate,Amblyraja radiata,31.3,7.567,,,,133397,2411,Arctic argid,Argis dentata,2,Slight,,,1,1.6494,,
"4T Southern Gulf of St. Lawrence Ecosystem Trawl Survey (RV Survey, Needler)",glf4t2005,2005,138,,102,S. L.,2006-02-21,2006,49626,SL49626,201,Thorny skate,Amblyraja radiata,31.3,7.567,,,,133398,3100,Bristle worm unidentified,Polychaeta,3,Intermediate,,,1,0.5617,,
"4T Southern Gulf of St. Lawrence Ecosystem Trawl Survey (RV Survey, Needler)",glf4t2005,2005,138,,102,S. L.,2006-02-21,2006,49626,SL49626,201,Thorny skate,Amblyraja radiata,31.3,7.567,,,,133399,2811,Gammaridae unidentified,Gammaridae,2,Slight,,,1,1.8937,,
"4T Southern Gulf of St. Lawrence Ecosystem Trawl Survey (RV Survey, Needler)",glf4t2005,2005,138,,102,S. L.,2006-02-21,2006,49626,SL49626,201,Thorny skate,Amblyraja radiata,31.3,7.567,,,,133400,9100,Mucus,Mucus,,,,,1,3.3288,,
"4T Southern Gulf of St. Lawrence Ecosystem Trawl Survey (RV Survey, Needler)",glf4t2005,2005,138,,12,S. L.,2006-01-05,2006,49627,SL49627,202,Smooth skate,Malacoraja senta,51.0,7.5983,,,,133401,2559,Hermit Crabs (sf.),Paguridae,1,Undigested/freshly eaten,,,1,0.9364,,
"4T Southern Gulf of St. Lawrence Ecosystem Trawl Survey (RV Survey, Needler)",glf4t2005,2005,138,,12,S. L.,2006-01-05,2006,49627,SL49627,202,Smooth skate,Malacoraja senta,51.0,7.5983,,,,133402,2700,Mysid shrimp,Mysidacea (o.),2,Slight,,,1,0.6584,,
"4T Southern Gulf of St. Lawrence Ecosystem Trawl Survey (RV Survey, Needler)",glf4t2005,2005,138,,12,S. L.,2006-01-05,2006,49627,SL49627,202,Smooth skate,Malacoraja senta,51.0,7.5983,,,,133403,2331,Greenland shrimp,Eualus macilentus,2,Slight,,,1,0.2032,,
"4T Southern Gulf of St. Lawrence Ecosystem Trawl Survey (RV Survey, Needler)",glf4t2005,2005,138,,12,S. L.,2006-01-05,2006,49627,SL49627,202,Smooth skate,Malacoraja senta,51.0,7.5983,,,,133404,2400,Crangonid shrimp unidentified,Crangonidae,4,Advanced,,,1,0.2366,,
"4T Southern Gulf of St. Lawrence Ecosystem Trawl Survey (RV Survey, Needler)",glf4t2005,2005,138,,12,S. L.,2006-01-05,2006,49627,SL49627,202,Smooth skate,Malacoraja senta,51.0,7.5983,,,,133405,2411,Arctic argid,Argis dentata,2,Slight,,,1,2.824,,
"4T Southern Gulf of St. Lawrence Ecosystem Trawl Survey (RV Survey, Needler)",glf4t2005,2005,138,,12,S. L.,2006-01-05,2006,49627,SL49627,202,Smooth skate,Malacoraja senta,51.0,7.5983,,,,133406,9100,Mucus,Mucus,,,,,1,2.5083,,
"4T Southern Gulf of St. Lawrence Ecosystem Trawl Survey (RV Survey, Needler)",glf4t2005,2005,138,,12,S. L.,2006-01-05,2006,49627,SL49627,202,Smooth skate,Malacoraja senta,51.0,7.5983,,,,133407,2421,Sevenline shrimp,Sabinea septemcarinata,3,Intermediate,,,1,0.2314,,
"4T Southern Gulf of St. Lawrence Ecosystem Trawl Survey (RV Survey, Needler)",glf4t2005,2005,139,,,S. L.,2006-01-17,2006,49628,SL49628,201,Thorny skate,Amblyraja radiata,19.5,1.9343,,,,133408,2411,Arctic argid,Argis dentata,1,Undigested/freshly eaten,,,1,0.0448,,
"4T Southern Gulf of St. Lawrence Ecosystem Trawl Survey (RV Survey, Needler)",glf4t2005,2005,139,,,S. L.,2006-01-17,2006,49628,SL49628,201,Thorny skate,Amblyraja radiata,19.5,1.9343,,,,133409,2421,Sevenline shrimp,Sabinea septemcarinata,2,Slight,,,1,0.0363,,
"4T Southern Gulf of St. Lawrence Ecosystem Trawl Survey (RV Survey, Needler)",glf4t2005,2005,139,,,S. L.,2006-01-17,2006,49628,SL49628,201,Thorny skate,Amblyraja radiata,19.5,1.9343,,,,133410,2902,Copepods - 3 mm or less,Copepoda (s.c) - Small,1,Undigested/freshly eaten,,,1,0.0137,,
"4T Southern Gulf of St. Lawrence Ecosystem Trawl Survey (RV Survey, Needler)",glf4t2005,2005,139,,,S. L.,2006-01-17,2006,49628,SL49628,201,Thorny skate,Amblyraja radiata,19.5,1.9343,,,,133411,2811,Gammaridae unidentified,Gammaridae,3,Intermediate,,,1,0.8494,,
"4T Southern Gulf of St. Lawrence Ecosystem Trawl Survey (RV Survey, Needler)",glf4t2005,2005,139,,,S. L.,2006-01-17,2006,49628,SL49628,201,Thorny skate,Amblyraja radiata,19.5,1.9343,,,,133412,2700,Mysid shrimp,Mysidacea (o.),2,Slight,,,1,0.0257,,
"4T Southern Gulf of St. Lawrence Ecosystem Trawl Survey (RV Survey, Needler)",glf4t2005,2005,139,,,S. L.,2006-01-17,2006,49628,SL49628,201,Thorny skate,Amblyraja radiata,19.5,1.9343,,,,133413,3100,Bristle worm unidentified,Polychaeta,2,Slight,,,1,0.2319,,
"4T Southern Gulf of St. Lawrence Ecosystem Trawl Survey (RV Survey, Needler)",glf4t2005,2005,139,,,S. L.,2006-01-17,2006,49628,SL49628,201,Thorny skate,Amblyraja radiata,19.5,1.9343,,,,133414,2000,Crustacean unidentified,Crustacea,4,Advanced,,,1,0.2104,,
"4T Southern Gulf of St. Lawrence Ecosystem Trawl Survey (RV Survey, Needler)",glf4t2005,2005,139,,,S. L.,2006-01-17,2006,49628,SL49628,201,Thorny skate,Amblyraja radiata,19.5,1.9343,,,,133415,9100,Mucus,Mucus,,,,,1,0.5221,,
"4T Southern Gulf of St. Lawrence Ecosystem Trawl Survey (RV Survey, Needler)",glf4t2005,2005,139,,13,S. L.,2006-01-05,2006,49629,SL49629,202,Smooth skate,Malacoraja senta,42.0,9.3958,,,,133416,2411,Arctic argid,Argis dentata,2,Slight,,,1,6.4339,,
"4T Southern Gulf of St. Lawrence Ecosystem Trawl Survey (RV Survey, Needler)",glf4t2005,2005,139,,13,S. L.,2006-01-05,2006,49629,SL49629,202,Smooth skate,Malacoraja senta,42.0,9.3958,,,,133417,2212,Aesop shrimp,Pandalus montagui,3,Intermediate,,,1,0.0849,,
"4T Southern Gulf of St. Lawrence Ecosystem Trawl Survey (RV Survey, Needler)",glf4t2005,2005,139,,13,S. L.,2006-01-05,2006,49629,SL49629,202,Smooth skate,Malacoraja senta,42.0,9.3958,,,,133418,2316,Parrot bladed shrimp,Spirontocaris spinus,2,Slight,,,1,0.5314,,
"4T Southern Gulf of St. Lawrence Ecosystem Trawl Survey (RV Survey, Needler)",glf4t2005,2005,139,,13,S. L.,2006-01-05,2006,49629,SL49629,202,Smooth skate,Malacoraja senta,42.0,9.3958,,,,133419,2100,Decapod unidentified,Decapoda,3,Intermediate,,,1,0.2766,,
"4T Southern Gulf of St. Lawrence Ecosystem Trawl Survey (RV Survey, Needler)",glf4t2005,2005,139,,13,S. L.,2006-01-05,2006,49629,SL49629,202,Smooth skate,Malacoraja senta,42.0,9.3958,,,,133420,2100,Decapod unidentified,Decapoda,4,Advanced,,,1,1.1171,,
"4T Southern Gulf of St. Lawrence Ecosystem Trawl Survey (RV Survey, Needler)",glf4t2005,2005,139,,13,S. L.,2006-01-05,2006,49629,SL49629,202,Smooth skate,Malacoraja senta,42.0,9.3958,,,,133421,9100,Mucus,Mucus,,,,,1,0.9519,,
"4T Southern Gulf of St. Lawrence Ecosystem Trawl Survey (RV Survey, Needler)",glf4t2005,2005,140,,120,S. L.,2006-01-05,2006,49630,SL49630,201,Thorny skate,Amblyraja radiata,48.0,6.7409,,,,133422,2421,Sevenline shrimp,Sabinea septemcarinata,2,Slight,,,1,2.098,,
"4T Southern Gulf of St. Lawrence Ecosystem Trawl Survey (RV Survey, Needler)",glf4t2005,2005,140,,120,S. L.,2006-01-05,2006,49630,SL49630,201,Thorny skate,Amblyraja radiata,48.0,6.7409,,,,133423,2811,Gammaridae unidentified,Gammaridae,1,Undigested/freshly eaten,,,1,0.1961,,
"4T Southern Gulf of St. Lawrence Ecosystem Trawl Survey (RV Survey, Needler)",glf4t2005,2005,140,,120,S. L.,2006-01-05,2006,49630,SL49630,201,Thorny skate,Amblyraja radiata,48.0,6.7409,,,,133424,3100,Bristle worm unidentified,Polychaeta,2,Slight,,,1,3.2894,,
"4T Southern Gulf of St. Lawrence Ecosystem Trawl Survey (RV Survey, Needler)",glf4t2005,2005,140,,120,S. L.,2006-01-05,2006,49630,SL49630,201,Thorny skate,Amblyraja radiata,48.0,6.7409,,,,133425,9100,Mucus,Mucus,,,,,1,1.1574,,
"4T Southern Gulf of St. Lawrence Ecosystem Trawl Survey (RV Survey, Needler)",glf4t2005,2005,140,,121,S. L.,2006-01-06,2006,49631,SL49631,201,Thorny skate,Amblyraja radiata,60.0,40.8453,,,,133426,2520,Toad crab unidentified,Hyas,3,Intermediate,22.0,,1,5.7393,,
"4T Southern Gulf of St. Lawrence Ecosystem Trawl Survey (RV Survey, Needler)",glf4t2005,2005,140,,121,S. L.,2006-01-06,2006,49631,SL49631,201,Thorny skate,Amblyraja radiata,60.0,40.8453,,,,133427,2421,Sevenline shrimp,Sabinea septemcarinata,2,Slight,,,1,1.2927,,
"4T Southern Gulf of St. Lawrence Ecosystem Trawl Survey (RV Survey, Needler)",glf4t2005,2005,140,,121,S. L.,2006-01-06,2006,49631,SL49631,201,Thorny skate,Amblyraja radiata,60.0,40.8453,,,,133428,2316,Parrot bladed shrimp,Spirontocaris spinus,2,Slight,,,1,0.4186,,
"4T Southern Gulf of St. Lawrence Ecosystem Trawl Survey (RV Survey, Needler)",glf4t2005,2005,140,,121,S. L.,2006-01-06,2006,49631,SL49631,201,Thorny skate,Amblyraja radiata,60.0,40.8453,,,,133429,2400,Crangonid shrimp unidentified,Crangonidae,3,Intermediate,,,1,1.1312,,
"4T Southern Gulf of St. Lawrence Ecosystem Trawl Survey (RV Survey, Needler)",glf4t2005,2005,140,,121,S. L.,2006-01-06,2006,49631,SL49631,201,Thorny skate,Amblyraja radiata,60.0,40.8453,,,,133430,3100,Bristle worm unidentified,Polychaeta,3,Intermediate,,,1,0.1248,,
"4T Southern Gulf of St. Lawrence Ecosystem Trawl Survey (RV Survey, Needler)",glf4t2005,2005,140,,121,S. L.,2006-01-06,2006,49631,SL49631,201,Thorny skate,Amblyraja radiata,60.0,40.8453,,,,133431,2500,Crab sp.,Crab sp.,3,Intermediate,,,1,0.2303,,
"4T Southern Gulf of St. Lawrence Ecosystem Trawl Survey (RV Survey, Needler)",glf4t2005,2005,140,,121,S. L.,2006-01-06,2006,49631,SL49631,201,Thorny skate,Amblyraja radiata,60.0,40.8453,,,,133432,2100,Decapod unidentified,Decapoda,4,Advanced,,,1,4.3073,,
"4T Southern Gulf of St. Lawrence Ecosystem Trawl Survey (RV Survey, Needler)",glf4t2005,2005,140,,121,S. L.,2006-01-06,2006,49631,SL49631,201,Thorny skate,Amblyraja radiata,60.0,40.8453,,,,133433,2500,Crab sp.,Crab sp.,4,Advanced,,,1,0.4477,,
"4T Southern Gulf of St. Lawrence Ecosystem Trawl Survey (RV Survey, Needler)",glf4t2005,2005,140,,121,S. L.,2006-01-06,2006,49631,SL49631,201,Thorny skate,Amblyraja radiata,60.0,40.8453,,,,133434,2000,Crustacean unidentified,Crustacea,4,Advanced,,,1,0.0704,,
"4T Southern Gulf of St. Lawrence Ecosystem Trawl Survey (RV Survey, Needler)",glf4t2005,2005,140,,121,S. L.,2006-01-06,2006,49631,SL49631,201,Thorny skate,Amblyraja radiata,60.0,40.8453,,,,133435,23,Redfish unidentified,Sebastes,4,Advanced,,,1,21.7756,,
"4T Southern Gulf of St. Lawrence Ecosystem Trawl Survey (RV Survey, Needler)",glf4t2005,2005,140,,121,S. L.,2006-01-06,2006,49631,SL49631,201,Thorny skate,Amblyraja radiata,60.0,40.8453,,,,133436,9100,Mucus,Mucus,,,,,1,5.3074,,
"4T Southern Gulf of St. Lawrence Ecosystem Trawl Survey (RV Survey, Needler)",glf4t2005,2005,141,,122,S. L.,2006-01-13,2006,49632,SL49632,201,Thorny skate,Amblyraja radiata,27.0,5.4693,,,,133437,2330,Eualus unidentified,Eualus,2,Slight,,,1,0.0174,,
"4T Southern Gulf of St. Lawrence Ecosystem Trawl Survey (RV Survey, Needler)",glf4t2005,2005,141,,122,S. L.,2006-01-13,2006,49632,SL49632,201,Thorny skate,Amblyraja radiata,27.0,5.4693,,,,133438,314,Spatulate sculpin,Icelus spatula,2,Slight,,,1,0.128,,
"4T Southern Gulf of St. Lawrence Ecosystem Trawl Survey (RV Survey, Needler)",glf4t2005,2005,141,,122,S. L.,2006-01-13,2006,49632,SL49632,201,Thorny skate,Amblyraja radiata,27.0,5.4693,,,,133439,3100,Bristle worm unidentified,Polychaeta,3,Intermediate,,,1,1.1648,,
"4T Southern Gulf of St. Lawrence Ecosystem Trawl Survey (RV Survey, Needler)",glf4t2005,2005,141,,122,S. L.,2006-01-13,2006,49632,SL49632,201,Thorny skate,Amblyraja radiata,27.0,5.4693,,,,133440,2559,Hermit Crabs (sf.),Paguridae,3,Intermediate,,,1,0.2012,,
"4T Southern Gulf of St. Lawrence Ecosystem Trawl Survey (RV Survey, Needler)",glf4t2005,2005,141,,122,S. L.,2006-01-13,2006,49632,SL49632,201,Thorny skate,Amblyraja radiata,27.0,5.4693,,,,133441,2811,Gammaridae unidentified,Gammaridae,2,Slight,,,1,2.6339,,
"4T Southern Gulf of St. Lawrence Ecosystem Trawl Survey (RV Survey, Needler)",glf4t2005,2005,141,,122,S. L.,2006-01-13,2006,49632,SL49632,201,Thorny skate,Amblyraja radiata,27.0,5.4693,,,,133442,9000,Digested remains unidentified,"Unid remains,digested",,,,,1,0.5327,,
"4T Southern Gulf of St. Lawrence Ecosystem Trawl Survey (RV Survey, Needler)",glf4t2005,2005,141,,122,S. L.,2006-01-13,2006,49632,SL49632,201,Thorny skate,Amblyraja radiata,27.0,5.4693,,,,133443,9100,Mucus,Mucus,,,,,1,0.7913,,
"4T Southern Gulf of St. Lawrence Ecosystem Trawl Survey (RV Survey, Needler)",glf4t2005,2005,142,,124,S. L.,2006-01-03,2006,49633,SL49633,201,Thorny skate,Amblyraja radiata,51.0,15.9568,,,,133444,2411,Arctic argid,Argis dentata,3,Intermediate,,,1,12.0446,,
"4T Southern Gulf of St. Lawrence Ecosystem Trawl Survey (RV Survey, Needler)",glf4t2005,2005,142,,124,S. L.,2006-01-03,2006,49633,SL49633,201,Thorny skate,Amblyraja radiata,51.0,15.9568,,,,133445,2811,Gammaridae unidentified,Gammaridae,2,Slight,,,1,0.7619,,
"4T Southern Gulf of St. Lawrence Ecosystem Trawl Survey (RV Survey, Needler)",glf4t2005,2005,142,,124,S. L.,2006-01-03,2006,49633,SL49633,201,Thorny skate,Amblyraja radiata,51.0,15.9568,,,,133446,3100,Bristle worm unidentified,Polychaeta,3,Intermediate,,,1,0.8446,,
"4T Southern Gulf of St. Lawrence Ecosystem Trawl Survey (RV Survey, Needler)",glf4t2005,2005,142,,124,S. L.,2006-01-03,2006,49633,SL49633,201,Thorny skate,Amblyraja radiata,51.0,15.9568,,,,133447,7100,Round worm unidentified,Nematoda,1,Undigested/freshly eaten,,,1,0.0969,,
"4T Southern Gulf of St. Lawrence Ecosystem Trawl Survey (RV Survey, Needler)",glf4t2005,2005,142,,124,S. L.,2006-01-03,2006,49633,SL49633,201,Thorny skate,Amblyraja radiata,51.0,15.9568,,,,133448,2333,Circumpolar shrimp,Eualus gaimardii,3,Intermediate,,,1,0.1421,,
"4T Southern Gulf of St. Lawrence Ecosystem Trawl Survey (RV Survey, Needler)",glf4t2005,2005,142,,124,S. L.,2006-01-03,2006,49633,SL49633,201,Thorny skate,Amblyraja radiata,51.0,15.9568,,,,133449,9100,Mucus,Mucus,,,,,1,2.0667,,
"4T Southern Gulf of St. Lawrence Ecosystem Trawl Survey (RV Survey, Needler)",glf4t2005,2005,142,,123,S. L.,2006-01-05,2006,49634,SL49634,201,Thorny skate,Amblyraja radiata,20.0,2.1277,,,,133450,3100,Bristle worm unidentified,Polychaeta,3,Intermediate,,,1,0.6046,,
"4T Southern Gulf of St. Lawrence Ecosystem Trawl Survey (RV Survey, Needler)",glf4t2005,2005,142,,123,S. L.,2006-01-05,2006,49634,SL49634,201,Thorny skate,Amblyraja radiata,20.0,2.1277,,,,133451,9100,Mucus,Mucus,,,,,1,1.5231,,
"4T Southern Gulf of St. Lawrence Ecosystem Trawl Survey (RV Survey, Needler)",glf4t2005,2005,142,,125,S. L.,2006-01-10,2006,49635,SL49635,201,Thorny skate,Amblyraja radiata,18.0,2.1934,,,,133452,2811,Gammaridae unidentified,Gammaridae,2,Slight,,,1,1.3739,,
"4T Southern Gulf of St. Lawrence Ecosystem Trawl Survey (RV Survey, Needler)",glf4t2005,2005,142,,125,S. L.,2006-01-10,2006,49635,SL49635,201,Thorny skate,Amblyraja radiata,18.0,2.1934,,,,133453,3100,Bristle worm unidentified,Polychaeta,3,Intermediate,,,1,0.0318,,
"4T Southern Gulf of St. Lawrence Ecosystem Trawl Survey (RV Survey, Needler)",glf4t2005,2005,142,,125,S. L.,2006-01-10,2006,49635,SL49635,201,Thorny skate,Amblyraja radiata,18.0,2.1934,,,,133454,2000,Crustacean unidentified,Crustacea,4,Advanced,,,1,0.4671,,
"4T Southern Gulf of St. Lawrence Ecosystem Trawl Survey (RV Survey, Needler)",glf4t2005,2005,142,,125,S. L.,2006-01-10,2006,49635,SL49635,201,Thorny skate,Amblyraja radiata,18.0,2.1934,,,,133455,9100,Mucus,Mucus,,,,,1,0.3206,,
"4T Southern Gulf of St. Lawrence Ecosystem Trawl Survey (RV Survey, Needler)",glf4t2005,2005,142,,128,S. L.,2006-01-10,2006,49636,SL49636,201,Thorny skate,Amblyraja radiata,19.0,2.8617,,,,133456,2811,Gammaridae unidentified,Gammaridae,2,Slight,,,1,1.3059,,
"4T Southern Gulf of St. Lawrence Ecosystem Trawl Survey (RV Survey, Needler)",glf4t2005,2005,142,,128,S. L.,2006-01-10,2006,49636,SL49636,201,Thorny skate,Amblyraja radiata,19.0,2.8617,,,,133457,7100,Round worm unidentified,Nematoda,1,Undigested/freshly eaten,,,1,0.1061,,
"4T Southern Gulf of St. Lawrence Ecosystem Trawl Survey (RV Survey, Needler)",glf4t2005,2005,142,,128,S. L.,2006-01-10,2006,49636,SL49636,201,Thorny skate,Amblyraja radiata,19.0,2.8617,,,,133458,3100,Bristle worm unidentified,Polychaeta,3,Intermediate,,,1,0.1183,,
"4T Southern Gulf of St. Lawrence Ecosystem Trawl Survey (RV Survey, Needler)",glf4t2005,2005,142,,128,S. L.,2006-01-10,2006,49636,SL49636,201,Thorny skate,Amblyraja radiata,19.0,2.8617,,,,133459,2000,Crustacean unidentified,Crustacea,4,Advanced,,,1,0.9158,,
"4T Southern Gulf of St. Lawrence Ecosystem Trawl Survey (RV Survey, Needler)",glf4t2005,2005,142,,128,S. L.,2006-01-10,2006,49636,SL49636,201,Thorny skate,Amblyraja radiata,19.0,2.8617,,,,133460,9100,Mucus,Mucus,,,,,1,0.4156,,
"4T Southern Gulf of St. Lawrence Ecosystem Trawl Survey (RV Survey, Needler)",glf4t2005,2005,142,,129,S. L.,2006-01-11,2006,49637,SL49637,201,Thorny skate,Amblyraja radiata,13.8,0.9682,,,,133461,2971,Diastylis sp.,Diastylis,1,Undigested/freshly eaten,,,1,0.0011,,
"4T Southern Gulf of St. Lawrence Ecosystem Trawl Survey (RV Survey, Needler)",glf4t2005,2005,142,,129,S. L.,2006-01-11,2006,49637,SL49637,201,Thorny skate,Amblyraja radiata,13.8,0.9682,,,,133462,2902,Copepods - 3 mm or less,Copepoda (s.c) - Small,2,Slight,,,1,0.0012,,
"4T Southern Gulf of St. Lawrence Ecosystem Trawl Survey (RV Survey, Needler)",glf4t2005,2005,142,,129,S. L.,2006-01-11,2006,49637,SL49637,201,Thorny skate,Amblyraja radiata,13.8,0.9682,,,,133463,2700,Mysid shrimp,Mysidacea (o.),3,Intermediate,,,1,0.0004,,
"4T Southern Gulf of St. Lawrence Ecosystem Trawl Survey (RV Survey, Needler)",glf4t2005,2005,142,,129,S. L.,2006-01-11,2006,49637,SL49637,201,Thorny skate,Amblyraja radiata,13.8,0.9682,,,,133464,2811,Gammaridae unidentified,Gammaridae,2,Slight,,,1,0.6044,,
"4T Southern Gulf of St. Lawrence Ecosystem Trawl Survey (RV Survey, Needler)",glf4t2005,2005,142,,129,S. L.,2006-01-11,2006,49637,SL49637,201,Thorny skate,Amblyraja radiata,13.8,0.9682,,,,133465,3100,Bristle worm unidentified,Polychaeta,3,Intermediate,,,1,0.0086,,
"4T Southern Gulf of St. Lawrence Ecosystem Trawl Survey (RV Survey, Needler)",glf4t2005,2005,142,,129,S. L.,2006-01-11,2006,49637,SL49637,201,Thorny skate,Amblyraja radiata,13.8,0.9682,,,,133466,2000,Crustacean unidentified,Crustacea,4,Advanced,,,1,0.0966,,
"4T Southern Gulf of St. Lawrence Ecosystem Trawl Survey (RV Survey, Needler)",glf4t2005,2005,142,,129,S. L.,2006-01-11,2006,49637,SL49637,201,Thorny skate,Amblyraja radiata,13.8,0.9682,,,,133467,9100,Mucus,Mucus,,,,,1,0.2559,,
"4T Southern Gulf of St. Lawrence Ecosystem Trawl Survey (RV Survey, Needler)",glf4t2005,2005,142,,127,S. L.,2006-01-13,2006,49638,SL49638,201,Thorny skate,Amblyraja radiata,19.8,4.7084,,,,133468,2811,Gammaridae unidentified,Gammaridae,2,Slight,,,1,2.0607,,
"4T Southern Gulf of St. Lawrence Ecosystem Trawl Survey (RV Survey, Needler)",glf4t2005,2005,142,,127,S. L.,2006-01-13,2006,49638,SL49638,201,Thorny skate,Amblyraja radiata,19.8,4.7084,,,,133469,3100,Bristle worm unidentified,Polychaeta,,,,,1,0.0572,,
"4T Southern Gulf of St. Lawrence Ecosystem Trawl Survey (RV Survey, Needler)",glf4t2005,2005,142,,127,S. L.,2006-01-13,2006,49638,SL49638,201,Thorny skate,Amblyraja radiata,19.8,4.7084,,,,133470,2900,Copepods,Copepoda,,,,,1,0.0006,,
"4T Southern Gulf of St. Lawrence Ecosystem Trawl Survey (RV Survey, Needler)",glf4t2005,2005,142,,127,S. L.,2006-01-13,2006,49638,SL49638,201,Thorny skate,Amblyraja radiata,19.8,4.7084,,,,133471,2000,Crustacean unidentified,Crustacea,,,,,1,2.2878,,
"4T Southern Gulf of St. Lawrence Ecosystem Trawl Survey (RV Survey, Needler)",glf4t2005,2005,142,,127,S. L.,2006-01-13,2006,49638,SL49638,201,Thorny skate,Amblyraja radiata,19.8,4.7084,,,,133472,9100,Mucus,Mucus,,,,,1,0.3021,,
"4T Southern Gulf of St. Lawrence Ecosystem Trawl Survey (RV Survey, Needler)",glf4t2005,2005,142,,126,S. L.,2006-01-10,2006,49639,SL49639,201,Thorny skate,Amblyraja radiata,17.6,1.7888,,,,133473,2811,Gammaridae unidentified,Gammaridae,1,Undigested/freshly eaten,,,1,1.0208,,
"4T Southern Gulf of St. Lawrence Ecosystem Trawl Survey (RV Survey, Needler)",glf4t2005,2005,142,,126,S. L.,2006-01-10,2006,49639,SL49639,201,Thorny skate,Amblyraja radiata,17.6,1.7888,,,,133474,2411,Arctic argid,Argis dentata,2,Slight,,,1,0.0474,,
"4T Southern Gulf of St. Lawrence Ecosystem Trawl Survey (RV Survey, Needler)",glf4t2005,2005,142,,126,S. L.,2006-01-10,2006,49639,SL49639,201,Thorny skate,Amblyraja radiata,17.6,1.7888,,,,133475,7100,Round worm unidentified,Nematoda,1,Undigested/freshly eaten,,,1,0.017,,
"4T Southern Gulf of St. Lawrence Ecosystem Trawl Survey (RV Survey, Needler)",glf4t2005,2005,142,,126,S. L.,2006-01-10,2006,49639,SL49639,201,Thorny skate,Amblyraja radiata,17.6,1.7888,,,,133476,2000,Crustacean unidentified,Crustacea,4,Advanced,,,1,0.3872,,
"4T Southern Gulf of St. Lawrence Ecosystem Trawl Survey (RV Survey, Needler)",glf4t2005,2005,142,,126,S. L.,2006-01-10,2006,49639,SL49639,201,Thorny skate,Amblyraja radiata,17.6,1.7888,,,,133477,9100,Mucus,Mucus,,,,,1,0.3133,,
"4T Southern Gulf of St. Lawrence Ecosystem Trawl Survey (RV Survey, Needler)",glf4t2005,2005,142,,126,S. L.,2006-01-10,2006,49639,SL49639,201,Thorny skate,Amblyraja radiata,17.6,1.7888,,,,133478,3100,Bristle worm unidentified,Polychaeta,3,Intermediate,,,1,0.0031,,
"4T Southern Gulf of St. Lawrence Ecosystem Trawl Survey (RV Survey, Needler)",glf4t2005,2005,143,,130,S. L.,2006-01-13,2006,49640,SL49640,201,Thorny skate,Amblyraja radiata,27.7,4.033,,,,133479,2600,Krill,Euphausiacea,2,Slight,,,1,1.0045,,
"4T Southern Gulf of St. Lawrence Ecosystem Trawl Survey (RV Survey, Needler)",glf4t2005,2005,143,,130,S. L.,2006-01-13,2006,49640,SL49640,201,Thorny skate,Amblyraja radiata,27.7,4.033,,,,133480,2811,Gammaridae unidentified,Gammaridae,1,Undigested/freshly eaten,,,1,0.1324,,
"4T Southern Gulf of St. Lawrence Ecosystem Trawl Survey (RV Survey, Needler)",glf4t2005,2005,143,,130,S. L.,2006-01-13,2006,49640,SL49640,201,Thorny skate,Amblyraja radiata,27.7,4.033,,,,133481,3100,Bristle worm unidentified,Polychaeta,2,Slight,,,1,0.4305,,
"4T Southern Gulf of St. Lawrence Ecosystem Trawl Survey (RV Survey, Needler)",glf4t2005,2005,143,,130,S. L.,2006-01-13,2006,49640,SL49640,201,Thorny skate,Amblyraja radiata,27.7,4.033,,,,133482,90,Fish unidentified,"Unid. fish (larvae,juvenile and adults)",2,Slight,,,1,0.0982,,
"4T Southern Gulf of St. Lawrence Ecosystem Trawl Survey (RV Survey, Needler)",glf4t2005,2005,143,,130,S. L.,2006-01-13,2006,49640,SL49640,201,Thorny skate,Amblyraja radiata,27.7,4.033,,,,133483,2000,Crustacean unidentified,Crustacea,4,Advanced,,,1,0.6658,,
"4T Southern Gulf of St. Lawrence Ecosystem Trawl Survey (RV Survey, Needler)",glf4t2005,2005,143,,130,S. L.,2006-01-13,2006,49640,SL49640,201,Thorny skate,Amblyraja radiata,27.7,4.033,,,,133484,9100,Mucus,Mucus,,,,,1,1.7016,,
"4T Southern Gulf of St. Lawrence Ecosystem Trawl Survey (RV Survey, Needler)",glf4t2005,2005,144,,134,S. L.,2006-01-09,2006,49641,SL49641,201,Thorny skate,Amblyraja radiata,14.0,0.6264,,,,133485,2811,Gammaridae unidentified,Gammaridae,3,Intermediate,,,1,0.1201,,
"4T Southern Gulf of St. Lawrence Ecosystem Trawl Survey (RV Survey, Needler)",glf4t2005,2005,144,,134,S. L.,2006-01-09,2006,49641,SL49641,201,Thorny skate,Amblyraja radiata,14.0,0.6264,,,,133486,2900,Copepods,Copepoda,2,Slight,,,1,0.1086,,
"4T Southern Gulf of St. Lawrence Ecosystem Trawl Survey (RV Survey, Needler)",glf4t2005,2005,144,,134,S. L.,2006-01-09,2006,49641,SL49641,201,Thorny skate,Amblyraja radiata,14.0,0.6264,,,,133487,2700,Mysid shrimp,Mysidacea (o.),3,Intermediate,,,1,0.0134,,
"4T Southern Gulf of St. Lawrence Ecosystem Trawl Survey (RV Survey, Needler)",glf4t2005,2005,144,,134,S. L.,2006-01-09,2006,49641,SL49641,201,Thorny skate,Amblyraja radiata,14.0,0.6264,,,,133488,3100,Bristle worm unidentified,Polychaeta,3,Intermediate,,,1,0.0112,,
"4T Southern Gulf of St. Lawrence Ecosystem Trawl Survey (RV Survey, Needler)",glf4t2005,2005,144,,134,S. L.,2006-01-09,2006,49641,SL49641,201,Thorny skate,Amblyraja radiata,14.0,0.6264,,,,133489,2000,Crustacean unidentified,Crustacea,4,Advanced,,,1,0.2087,,
"4T Southern Gulf of St. Lawrence Ecosystem Trawl Survey (RV Survey, Needler)",glf4t2005,2005,144,,134,S. L.,2006-01-09,2006,49641,SL49641,201,Thorny skate,Amblyraja radiata,14.0,0.6264,,,,133490,9100,Mucus,Mucus,,,,,1,0.1644,,
"4T Southern Gulf of St. Lawrence Ecosystem Trawl Survey (RV Survey, Needler)",glf4t2005,2005,144,,133,S. L.,2006-01-10,2006,49642,SL49642,201,Thorny skate,Amblyraja radiata,14.2,0.7601,,,,133491,2811,Gammaridae unidentified,Gammaridae,3,Intermediate,,,1,0.0314,,
"4T Southern Gulf of St. Lawrence Ecosystem Trawl Survey (RV Survey, Needler)",glf4t2005,2005,144,,133,S. L.,2006-01-10,2006,49642,SL49642,201,Thorny skate,Amblyraja radiata,14.2,0.7601,,,,133492,2700,Mysid shrimp,Mysidacea (o.),2,Slight,,,1,0.1183,,
"4T Southern Gulf of St. Lawrence Ecosystem Trawl Survey (RV Survey, Needler)",glf4t2005,2005,144,,133,S. L.,2006-01-10,2006,49642,SL49642,201,Thorny skate,Amblyraja radiata,14.2,0.7601,,,,133493,2902,Copepods - 3 mm or less,Copepoda (s.c) - Small,2,Slight,,,1,0.0153,,
"4T Southern Gulf of St. Lawrence Ecosystem Trawl Survey (RV Survey, Needler)",glf4t2005,2005,144,,133,S. L.,2006-01-10,2006,49642,SL49642,201,Thorny skate,Amblyraja radiata,14.2,0.7601,,,,133494,3100,Bristle worm unidentified,Polychaeta,3,Intermediate,,,1,0.023,,
"4T Southern Gulf of St. Lawrence Ecosystem Trawl Survey (RV Survey, Needler)",glf4t2005,2005,144,,133,S. L.,2006-01-10,2006,49642,SL49642,201,Thorny skate,Amblyraja radiata,14.2,0.7601,,,,133495,2000,Crustacean unidentified,Crustacea,4,Advanced,,,1,0.379,,
"4T Southern Gulf of St. Lawrence Ecosystem Trawl Survey (RV Survey, Needler)",glf4t2005,2005,144,,133,S. L.,2006-01-10,2006,49642,SL49642,201,Thorny skate,Amblyraja radiata,14.2,0.7601,,,,133496,9100,Mucus,Mucus,,,,,1,0.1931,,
"4T Southern Gulf of St. Lawrence Ecosystem Trawl Survey (RV Survey, Needler)",glf4t2005,2005,144,,131,S. L.,2006-01-13,2006,49643,SL49643,201,Thorny skate,Amblyraja radiata,26.4,2.5508,,,,133497,,,,2,Slight,,,1,0.0329,,
"4T Southern Gulf of St. Lawrence Ecosystem Trawl Survey (RV Survey, Needler)",glf4t2005,2005,144,,131,S. L.,2006-01-13,2006,49643,SL49643,201,Thorny skate,Amblyraja radiata,26.4,2.5508,,,,133498,2500,Crab sp.,Crab sp.,3,Intermediate,,,1,0.0879,,
"4T Southern Gulf of St. Lawrence Ecosystem Trawl Survey (RV Survey, Needler)",glf4t2005,2005,144,,131,S. L.,2006-01-13,2006,49643,SL49643,201,Thorny skate,Amblyraja radiata,26.4,2.5508,,,,133499,3100,Bristle worm unidentified,Polychaeta,2,Slight,,,1,0.1792,,
"4T Southern Gulf of St. Lawrence Ecosystem Trawl Survey (RV Survey, Needler)",glf4t2005,2005,144,,131,S. L.,2006-01-13,2006,49643,SL49643,201,Thorny skate,Amblyraja radiata,26.4,2.5508,,,,133500,2811,Gammaridae unidentified,Gammaridae,2,Slight,,,1,0.501,,
"4T Southern Gulf of St. Lawrence Ecosystem Trawl Survey (RV Survey, Needler)",glf4t2005,2005,144,,131,S. L.,2006-01-13,2006,49643,SL49643,201,Thorny skate,Amblyraja radiata,26.4,2.5508,,,,133501,2906,Hyperiidae unidentified,Hyperiidae,3,Intermediate,,,1,0.0519,,
"4T Southern Gulf of St. Lawrence Ecosystem Trawl Survey (RV Survey, Needler)",glf4t2005,2005,144,,131,S. L.,2006-01-13,2006,49643,SL49643,201,Thorny skate,Amblyraja radiata,26.4,2.5508,,,,133502,2000,Crustacean unidentified,Crustacea,4,Advanced,,,1,0.6041,,
"4T Southern Gulf of St. Lawrence Ecosystem Trawl Survey (RV Survey, Needler)",glf4t2005,2005,144,,131,S. L.,2006-01-13,2006,49643,SL49643,201,Thorny skate,Amblyraja radiata,26.4,2.5508,,,,133503,9100,Mucus,Mucus,,,,,1,1.0938,,
"4T Southern Gulf of St. Lawrence Ecosystem Trawl Survey (RV Survey, Needler)",glf4t2005,2005,144,,132,S. L.,2006-01-13,2006,49644,SL49644,201,Thorny skate,Amblyraja radiata,23.8,2.3504,,,,133504,2700,Mysid shrimp,Mysidacea (o.),1,Undigested/freshly eaten,,,1,0.0088,,
"4T Southern Gulf of St. Lawrence Ecosystem Trawl Survey (RV Survey, Needler)",glf4t2005,2005,144,,132,S. L.,2006-01-13,2006,49644,SL49644,201,Thorny skate,Amblyraja radiata,23.8,2.3504,,,,133505,2811,Gammaridae unidentified,Gammaridae,2,Slight,,,1,0.4532,,
"4T Southern Gulf of St. Lawrence Ecosystem Trawl Survey (RV Survey, Needler)",glf4t2005,2005,144,,132,S. L.,2006-01-13,2006,49644,SL49644,201,Thorny skate,Amblyraja radiata,23.8,2.3504,,,,133506,2400,Crangonid shrimp unidentified,Crangonidae,3,Intermediate,,,1,0.2526,,
"4T Southern Gulf of St. Lawrence Ecosystem Trawl Survey (RV Survey, Needler)",glf4t2005,2005,144,,132,S. L.,2006-01-13,2006,49644,SL49644,201,Thorny skate,Amblyraja radiata,23.8,2.3504,,,,133507,2000,Crustacean unidentified,Crustacea,4,Advanced,,,1,0.5046,,
"4T Southern Gulf of St. Lawrence Ecosystem Trawl Survey (RV Survey, Needler)",glf4t2005,2005,144,,132,S. L.,2006-01-13,2006,49644,SL49644,201,Thorny skate,Amblyraja radiata,23.8,2.3504,,,,133508,9100,Mucus,Mucus,,,,,1,0.9609,,
"4T Southern Gulf of St. Lawrence Ecosystem Trawl Survey (RV Survey, Needler)",glf4t2005,2005,144,,132,S. L.,2006-01-13,2006,49644,SL49644,201,Thorny skate,Amblyraja radiata,23.8,2.3504,,,,133509,3100,Bristle worm unidentified,Polychaeta,,,,,1,0.1703,,
"4T Southern Gulf of St. Lawrence Ecosystem Trawl Survey (RV Survey, Needler)",glf4t2005,2005,148,,166,S. L.,2006-01-10,2006,49645,SL49645,201,Thorny skate,Amblyraja radiata,13.6,0.7415,,,,133510,2811,Gammaridae unidentified,Gammaridae,2,Slight,,,1,0.4096,,
"4T Southern Gulf of St. Lawrence Ecosystem Trawl Survey (RV Survey, Needler)",glf4t2005,2005,148,,166,S. L.,2006-01-10,2006,49645,SL49645,201,Thorny skate,Amblyraja radiata,13.6,0.7415,,,,133511,2700,Mysid shrimp,Mysidacea (o.),2,Slight,,,1,0.0237,,
"4T Southern Gulf of St. Lawrence Ecosystem Trawl Survey (RV Survey, Needler)",glf4t2005,2005,148,,166,S. L.,2006-01-10,2006,49645,SL49645,201,Thorny skate,Amblyraja radiata,13.6,0.7415,,,,133512,2902,Copepods - 3 mm or less,Copepoda (s.c) - Small,2,Slight,,,1,0.0021,,
"4T Southern Gulf of St. Lawrence Ecosystem Trawl Survey (RV Survey, Needler)",glf4t2005,2005,148,,166,S. L.,2006-01-10,2006,49645,SL49645,201,Thorny skate,Amblyraja radiata,13.6,0.7415,,,,133513,3100,Bristle worm unidentified,Polychaeta,3,Intermediate,,,1,0.0032,,
"4T Southern Gulf of St. Lawrence Ecosystem Trawl Survey (RV Survey, Needler)",glf4t2005,2005,148,,166,S. L.,2006-01-10,2006,49645,SL49645,201,Thorny skate,Amblyraja radiata,13.6,0.7415,,,,133514,2000,Crustacean unidentified,Crustacea,4,Advanced,,,1,0.1505,,
"4T Southern Gulf of St. Lawrence Ecosystem Trawl Survey (RV Survey, Needler)",glf4t2005,2005,148,,166,S. L.,2006-01-10,2006,49645,SL49645,201,Thorny skate,Amblyraja radiata,13.6,0.7415,,,,133515,9100,Mucus,Mucus,,,,,1,0.1524,,
"4T Southern Gulf of St. Lawrence Ecosystem Trawl Survey (RV Survey, Needler)",glf4t2005,2005,144,,14,S. L.,2006-01-06,2006,49646,SL49646,202,Smooth skate,Malacoraja senta,19.8,0.5787,,,,133516,2700,Mysid shrimp,Mysidacea (o.),2,Slight,,,1,0.1541,,
"4T Southern Gulf of St. Lawrence Ecosystem Trawl Survey (RV Survey, Needler)",glf4t2005,2005,144,,14,S. L.,2006-01-06,2006,49646,SL49646,202,Smooth skate,Malacoraja senta,19.8,0.5787,,,,133517,2811,Gammaridae unidentified,Gammaridae,2,Slight,,,1,0.1085,,
"4T Southern Gulf of St. Lawrence Ecosystem Trawl Survey (RV Survey, Needler)",glf4t2005,2005,144,,14,S. L.,2006-01-06,2006,49646,SL49646,202,Smooth skate,Malacoraja senta,19.8,0.5787,,,,133518,2000,Crustacean unidentified,Crustacea,4,Advanced,,,1,0.1593,,
"4T Southern Gulf of St. Lawrence Ecosystem Trawl Survey (RV Survey, Needler)",glf4t2005,2005,144,,14,S. L.,2006-01-06,2006,49646,SL49646,202,Smooth skate,Malacoraja senta,19.8,0.5787,,,,133519,9100,Mucus,Mucus,,,,,1,0.1565,,
"4T Southern Gulf of St. Lawrence Ecosystem Trawl Survey (RV Survey, Needler)",glf4t2005,2005,145,,135,S. L.,2006-01-09,2006,49647,SL49647,201,Thorny skate,Amblyraja radiata,10.8,0.0909,,,,133520,2811,Gammaridae unidentified,Gammaridae,3,Intermediate,,,1,0.0332,,
"4T Southern Gulf of St. Lawrence Ecosystem Trawl Survey (RV Survey, Needler)",glf4t2005,2005,145,,135,S. L.,2006-01-09,2006,49647,SL49647,201,Thorny skate,Amblyraja radiata,10.8,0.0909,,,,133521,2700,Mysid shrimp,Mysidacea (o.),2,Slight,,,1,0.0016,,
"4T Southern Gulf of St. Lawrence Ecosystem Trawl Survey (RV Survey, Needler)",glf4t2005,2005,145,,135,S. L.,2006-01-09,2006,49647,SL49647,201,Thorny skate,Amblyraja radiata,10.8,0.0909,,,,133522,2900,Copepods,Copepoda,2,Slight,,,1,0.0024,,
"4T Southern Gulf of St. Lawrence Ecosystem Trawl Survey (RV Survey, Needler)",glf4t2005,2005,145,,135,S. L.,2006-01-09,2006,49647,SL49647,201,Thorny skate,Amblyraja radiata,10.8,0.0909,,,,133523,2000,Crustacean unidentified,Crustacea,4,Advanced,,,1,0.0162,,
"4T Southern Gulf of St. Lawrence Ecosystem Trawl Survey (RV Survey, Needler)",glf4t2005,2005,145,,135,S. L.,2006-01-09,2006,49647,SL49647,201,Thorny skate,Amblyraja radiata,10.8,0.0909,,,,133524,9100,Mucus,Mucus,,,,,1,0.0375,,
"4T Southern Gulf of St. Lawrence Ecosystem Trawl Survey (RV Survey, Needler)",glf4t2005,2005,147,,136,S. L.,2006-01-05,2006,49648,SL49648,201,Thorny skate,Amblyraja radiata,56.1,14.9825,,,,133525,4514,Squid unidentified,"Loliginidae,ommastrephidae f.",,,,,1,0.2784,,
"4T Southern Gulf of St. Lawrence Ecosystem Trawl Survey (RV Survey, Needler)",glf4t2005,2005,147,,136,S. L.,2006-01-05,2006,49648,SL49648,201,Thorny skate,Amblyraja radiata,56.1,14.9825,,,,133526,2212,Aesop shrimp,Pandalus montagui,2,Slight,,,1,2.3772,,
"4T Southern Gulf of St. Lawrence Ecosystem Trawl Survey (RV Survey, Needler)",glf4t2005,2005,147,,136,S. L.,2006-01-05,2006,49648,SL49648,201,Thorny skate,Amblyraja radiata,56.1,14.9825,,,,133527,2221,Pink glass shrimp,Pasiphaea multidentata,2,Slight,,,1,1.9692,,
"4T Southern Gulf of St. Lawrence Ecosystem Trawl Survey (RV Survey, Needler)",glf4t2005,2005,147,,136,S. L.,2006-01-05,2006,49648,SL49648,201,Thorny skate,Amblyraja radiata,56.1,14.9825,,,,133528,90,Fish unidentified,"Unid. fish (larvae,juvenile and adults)",4,Advanced,,,1,1.702,,
"4T Southern Gulf of St. Lawrence Ecosystem Trawl Survey (RV Survey, Needler)",glf4t2005,2005,147,,136,S. L.,2006-01-05,2006,49648,SL49648,201,Thorny skate,Amblyraja radiata,56.1,14.9825,,,,133529,9100,Mucus,Mucus,,,,,1,8.6557,,
"4T Southern Gulf of St. Lawrence Ecosystem Trawl Survey (RV Survey, Needler)",glf4t2005,2005,148,,140,S. B.,2006-01-05,2006,49649,SB49649,201,Thorny skate,Amblyraja radiata,59.0,17.0435,,,,133530,90,Fish unidentified,"Unid. fish (larvae,juvenile and adults)",,,,,1,0.1842,,
"4T Southern Gulf of St. Lawrence Ecosystem Trawl Survey (RV Survey, Needler)",glf4t2005,2005,148,,140,S. B.,2006-01-05,2006,49649,SB49649,201,Thorny skate,Amblyraja radiata,59.0,17.0435,,,,133531,2221,Pink glass shrimp,Pasiphaea multidentata,3,Intermediate,,,1,0.4134,,
"4T Southern Gulf of St. Lawrence Ecosystem Trawl Survey (RV Survey, Needler)",glf4t2005,2005,148,,140,S. B.,2006-01-05,2006,49649,SB49649,201,Thorny skate,Amblyraja radiata,59.0,17.0435,,,,133532,9300,Seaweed/Algae/Kelp unidentified,Obsolete,1,Undigested/freshly eaten,,,1,0.0484,,
"4T Southern Gulf of St. Lawrence Ecosystem Trawl Survey (RV Survey, Needler)",glf4t2005,2005,148,,140,S. B.,2006-01-05,2006,49649,SB49649,201,Thorny skate,Amblyraja radiata,59.0,17.0435,,,,133533,2600,Krill,Euphausiacea,3,Intermediate,,,1,0.5626,,
"4T Southern Gulf of St. Lawrence Ecosystem Trawl Survey (RV Survey, Needler)",glf4t2005,2005,148,,140,S. B.,2006-01-05,2006,49649,SB49649,201,Thorny skate,Amblyraja radiata,59.0,17.0435,,,,133534,2700,Mysid shrimp,Mysidacea (o.),2,Slight,,,1,0.0269,,
"4T Southern Gulf of St. Lawrence Ecosystem Trawl Survey (RV Survey, Needler)",glf4t2005,2005,148,,140,S. B.,2006-01-05,2006,49649,SB49649,201,Thorny skate,Amblyraja radiata,59.0,17.0435,,,,133535,2811,Gammaridae unidentified,Gammaridae,2,Slight,,,1,0.5332,,
"4T Southern Gulf of St. Lawrence Ecosystem Trawl Survey (RV Survey, Needler)",glf4t2005,2005,148,,140,S. B.,2006-01-05,2006,49649,SB49649,201,Thorny skate,Amblyraja radiata,59.0,17.0435,,,,133536,3100,Bristle worm unidentified,Polychaeta,2,Slight,,,1,4.833,,
"4T Southern Gulf of St. Lawrence Ecosystem Trawl Survey (RV Survey, Needler)",glf4t2005,2005,148,,140,S. B.,2006-01-05,2006,49649,SB49649,201,Thorny skate,Amblyraja radiata,59.0,17.0435,,,,133537,2100,Decapod unidentified,Decapoda,4,Advanced,,,1,1.5377,,
"4T Southern Gulf of St. Lawrence Ecosystem Trawl Survey (RV Survey, Needler)",glf4t2005,2005,148,,140,S. B.,2006-01-05,2006,49649,SB49649,201,Thorny skate,Amblyraja radiata,59.0,17.0435,,,,133538,2526,Snow crab,Chionoecetes opilio,2,Slight,10.0,,1,0.3675,,
"4T Southern Gulf of St. Lawrence Ecosystem Trawl Survey (RV Survey, Needler)",glf4t2005,2005,148,,140,S. B.,2006-01-05,2006,49649,SB49649,201,Thorny skate,Amblyraja radiata,59.0,17.0435,,,,133539,2526,Snow crab,Chionoecetes opilio,2,Slight,11.0,,1,0.4144,,
"4T Southern Gulf of St. Lawrence Ecosystem Trawl Survey (RV Survey, Needler)",glf4t2005,2005,148,,140,S. B.,2006-01-05,2006,49649,SB49649,201,Thorny skate,Amblyraja radiata,59.0,17.0435,,,,133540,2526,Snow crab,Chionoecetes opilio,2,Slight,5.0,,1,0.039,,
"4T Southern Gulf of St. Lawrence Ecosystem Trawl Survey (RV Survey, Needler)",glf4t2005,2005,148,,140,S. B.,2006-01-05,2006,49649,SB49649,201,Thorny skate,Amblyraja radiata,59.0,17.0435,,,,133541,2526,Snow crab,Chionoecetes opilio,3,Intermediate,10.0,,1,0.263,,
"4T Southern Gulf of St. Lawrence Ecosystem Trawl Survey (RV Survey, Needler)",glf4t2005,2005,148,,140,S. B.,2006-01-05,2006,49649,SB49649,201,Thorny skate,Amblyraja radiata,59.0,17.0435,,,,133542,2526,Snow crab,Chionoecetes opilio,2,Slight,,,1,0.7057,,
"4T Southern Gulf of St. Lawrence Ecosystem Trawl Survey (RV Survey, Needler)",glf4t2005,2005,148,,140,S. B.,2006-01-05,2006,49649,SB49649,201,Thorny skate,Amblyraja radiata,59.0,17.0435,,,,133543,8300,Anthozoa unidentified,Anthozoa,2,Slight,,,1,0.0186,,
"4T Southern Gulf of St. Lawrence Ecosystem Trawl Survey (RV Survey, Needler)",glf4t2005,2005,148,,140,S. B.,2006-01-05,2006,49649,SB49649,201,Thorny skate,Amblyraja radiata,59.0,17.0435,,,,133544,7100,Round worm unidentified,Nematoda,1,Undigested/freshly eaten,,,1,0.0007,,
"4T Southern Gulf of St. Lawrence Ecosystem Trawl Survey (RV Survey, Needler)",glf4t2005,2005,148,,140,S. B.,2006-01-05,2006,49649,SB49649,201,Thorny skate,Amblyraja radiata,59.0,17.0435,,,,133545,4300,Bivalve unidentified,Bivalvia,2,Slight,,,1,0.021,,
"4T Southern Gulf of St. Lawrence Ecosystem Trawl Survey (RV Survey, Needler)",glf4t2005,2005,148,,140,S. B.,2006-01-05,2006,49649,SB49649,201,Thorny skate,Amblyraja radiata,59.0,17.0435,,,,133546,9100,Mucus,Mucus,,,,,1,7.0742,,
"4T Southern Gulf of St. Lawrence Ecosystem Trawl Survey (RV Survey, Needler)",glf4t2005,2005,148,,141,S. L.,2006-01-16,2006,49650,SL49650,201,Thorny skate,Amblyraja radiata,28.1,2.1356,,,,133547,2811,Gammaridae unidentified,Gammaridae,1,Undigested/freshly eaten,,,1,0.6134,,
"4T Southern Gulf of St. Lawrence Ecosystem Trawl Survey (RV Survey, Needler)",glf4t2005,2005,148,,141,S. L.,2006-01-16,2006,49650,SL49650,201,Thorny skate,Amblyraja radiata,28.1,2.1356,,,,133548,9100,Mucus,Mucus,,,,,1,0.7834,,
"4T Southern Gulf of St. Lawrence Ecosystem Trawl Survey (RV Survey, Needler)",glf4t2005,2005,148,,141,S. L.,2006-01-16,2006,49650,SL49650,201,Thorny skate,Amblyraja radiata,28.1,2.1356,,,,133549,3100,Bristle worm unidentified,Polychaeta,1,Undigested/freshly eaten,,,1,0.7388,,
"4T Southern Gulf of St. Lawrence Ecosystem Trawl Survey (RV Survey, Needler)",glf4t2005,2005,148,,142,S. L.,2006-02-23,2006,49651,SL49651,201,Thorny skate,Amblyraja radiata,13.8,0.5327,,,,133550,2811,Gammaridae unidentified,Gammaridae,2,Slight,,,1,0.2699,,
"4T Southern Gulf of St. Lawrence Ecosystem Trawl Survey (RV Survey, Needler)",glf4t2005,2005,148,,142,S. L.,2006-02-23,2006,49651,SL49651,201,Thorny skate,Amblyraja radiata,13.8,0.5327,,,,133551,2000,Crustacean unidentified,Crustacea,4,Advanced,,,1,0.1787,,
"4T Southern Gulf of St. Lawrence Ecosystem Trawl Survey (RV Survey, Needler)",glf4t2005,2005,148,,142,S. L.,2006-02-23,2006,49651,SL49651,201,Thorny skate,Amblyraja radiata,13.8,0.5327,,,,133552,9100,Mucus,Mucus,,,,,1,0.0841,,
"4T Southern Gulf of St. Lawrence Ecosystem Trawl Survey (RV Survey, Needler)",glf4t2005,2005,148,,143,S. L.,2006-01-16,2006,49652,SL49652,201,Thorny skate,Amblyraja radiata,27.5,6.9663,,,,133553,2600,Krill,Euphausiacea,3,Intermediate,,,1,0.3452,,
"4T Southern Gulf of St. Lawrence Ecosystem Trawl Survey (RV Survey, Needler)",glf4t2005,2005,148,,143,S. L.,2006-01-16,2006,49652,SL49652,201,Thorny skate,Amblyraja radiata,27.5,6.9663,,,,133554,2700,Mysid shrimp,Mysidacea (o.),2,Slight,,,1,0.0249,,
"4T Southern Gulf of St. Lawrence Ecosystem Trawl Survey (RV Survey, Needler)",glf4t2005,2005,148,,143,S. L.,2006-01-16,2006,49652,SL49652,201,Thorny skate,Amblyraja radiata,27.5,6.9663,,,,133555,3100,Bristle worm unidentified,Polychaeta,3,Intermediate,,,1,2.7,,
"4T Southern Gulf of St. Lawrence Ecosystem Trawl Survey (RV Survey, Needler)",glf4t2005,2005,148,,143,S. L.,2006-01-16,2006,49652,SL49652,201,Thorny skate,Amblyraja radiata,27.5,6.9663,,,,133556,2526,Snow crab,Chionoecetes opilio,3,Intermediate,12.0,,1,0.4343,,
"4T Southern Gulf of St. Lawrence Ecosystem Trawl Survey (RV Survey, Needler)",glf4t2005,2005,148,,143,S. L.,2006-01-16,2006,49652,SL49652,201,Thorny skate,Amblyraja radiata,27.5,6.9663,,,,133557,2811,Gammaridae unidentified,Gammaridae,2,Slight,,,1,2.1499,,
"4T Southern Gulf of St. Lawrence Ecosystem Trawl Survey (RV Survey, Needler)",glf4t2005,2005,148,,143,S. L.,2006-01-16,2006,49652,SL49652,201,Thorny skate,Amblyraja radiata,27.5,6.9663,,,,133558,7100,Round worm unidentified,Nematoda,1,Undigested/freshly eaten,,,1,0.0053,,
"4T Southern Gulf of St. Lawrence Ecosystem Trawl Survey (RV Survey, Needler)",glf4t2005,2005,148,,143,S. L.,2006-01-16,2006,49652,SL49652,201,Thorny skate,Amblyraja radiata,27.5,6.9663,,,,133559,9100,Mucus,Mucus,,,,,1,1.3067,,
"4T Southern Gulf of St. Lawrence Ecosystem Trawl Survey (RV Survey, Needler)",glf4t2005,2005,148,,144,S. L.,2006-01-10,2006,49653,SL49653,201,Thorny skate,Amblyraja radiata,9.3,0.9144,,,,133560,2811,Gammaridae unidentified,Gammaridae,2,Slight,,,1,0.6021,,
"4T Southern Gulf of St. Lawrence Ecosystem Trawl Survey (RV Survey, Needler)",glf4t2005,2005,148,,144,S. L.,2006-01-10,2006,49653,SL49653,201,Thorny skate,Amblyraja radiata,9.3,0.9144,,,,133561,2700,Mysid shrimp,Mysidacea (o.),2,Slight,,,1,0.0089,,
"4T Southern Gulf of St. Lawrence Ecosystem Trawl Survey (RV Survey, Needler)",glf4t2005,2005,148,,144,S. L.,2006-01-10,2006,49653,SL49653,201,Thorny skate,Amblyraja radiata,9.3,0.9144,,,,133562,2902,Copepods - 3 mm or less,Copepoda (s.c) - Small,2,Slight,,,1,0.0016,,
"4T Southern Gulf of St. Lawrence Ecosystem Trawl Survey (RV Survey, Needler)",glf4t2005,2005,148,,144,S. L.,2006-01-10,2006,49653,SL49653,201,Thorny skate,Amblyraja radiata,9.3,0.9144,,,,133563,3100,Bristle worm unidentified,Polychaeta,3,Intermediate,,,1,0.0117,,
"4T Southern Gulf of St. Lawrence Ecosystem Trawl Survey (RV Survey, Needler)",glf4t2005,2005,148,,144,S. L.,2006-01-10,2006,49653,SL49653,201,Thorny skate,Amblyraja radiata,9.3,0.9144,,,,133564,2000,Crustacean unidentified,Crustacea,4,Advanced,,,1,0.1139,,
"4T Southern Gulf of St. Lawrence Ecosystem Trawl Survey (RV Survey, Needler)",glf4t2005,2005,148,,144,S. L.,2006-01-10,2006,49653,SL49653,201,Thorny skate,Amblyraja radiata,9.3,0.9144,,,,133565,9100,Mucus,Mucus,,,,,1,0.1762,,
"4T Southern Gulf of St. Lawrence Ecosystem Trawl Survey (RV Survey, Needler)",glf4t2005,2005,148,,145,S. L.,2006-01-10,2006,49654,SL49654,201,Thorny skate,Amblyraja radiata,12.4,0.2453,,,,133566,2811,Gammaridae unidentified,Gammaridae,2,Slight,,,1,0.1198,,
"4T Southern Gulf of St. Lawrence Ecosystem Trawl Survey (RV Survey, Needler)",glf4t2005,2005,148,,145,S. L.,2006-01-10,2006,49654,SL49654,201,Thorny skate,Amblyraja radiata,12.4,0.2453,,,,133567,9000,Digested remains unidentified,"Unid remains,digested",4,Advanced,,,1,0.048,,
"4T Southern Gulf of St. Lawrence Ecosystem Trawl Survey (RV Survey, Needler)",glf4t2005,2005,148,,145,S. L.,2006-01-10,2006,49654,SL49654,201,Thorny skate,Amblyraja radiata,12.4,0.2453,,,,133568,9100,Mucus,Mucus,,,,,1,0.0775,,
"4T Southern Gulf of St. Lawrence Ecosystem Trawl Survey (RV Survey, Needler)",glf4t2005,2005,148,,146,S. L.,2006-01-09,2006,49655,SL49655,201,Thorny skate,Amblyraja radiata,12.2,0.4725,,,,133569,2700,Mysid shrimp,Mysidacea (o.),3,Intermediate,,,1,0.0052,,
"4T Southern Gulf of St. Lawrence Ecosystem Trawl Survey (RV Survey, Needler)",glf4t2005,2005,148,,146,S. L.,2006-01-09,2006,49655,SL49655,201,Thorny skate,Amblyraja radiata,12.2,0.4725,,,,133570,2811,Gammaridae unidentified,Gammaridae,2,Slight,,,1,0.2233,,
"4T Southern Gulf of St. Lawrence Ecosystem Trawl Survey (RV Survey, Needler)",glf4t2005,2005,148,,146,S. L.,2006-01-09,2006,49655,SL49655,201,Thorny skate,Amblyraja radiata,12.2,0.4725,,,,133571,3100,Bristle worm unidentified,Polychaeta,3,Intermediate,,,1,0.0914,,
"4T Southern Gulf of St. Lawrence Ecosystem Trawl Survey (RV Survey, Needler)",glf4t2005,2005,148,,146,S. L.,2006-01-09,2006,49655,SL49655,201,Thorny skate,Amblyraja radiata,12.2,0.4725,,,,133572,9100,Mucus,Mucus,,,,,1,0.1526,,
"4T Southern Gulf of St. Lawrence Ecosystem Trawl Survey (RV Survey, Needler)",glf4t2005,2005,148,,147,S. L.,2006-01-06,2006,49656,SL49656,201,Thorny skate,Amblyraja radiata,13.0,0.5516,,,,133573,2811,Gammaridae unidentified,Gammaridae,2,Slight,,,1,0.2572,,
"4T Southern Gulf of St. Lawrence Ecosystem Trawl Survey (RV Survey, Needler)",glf4t2005,2005,148,,147,S. L.,2006-01-06,2006,49656,SL49656,201,Thorny skate,Amblyraja radiata,13.0,0.5516,,,,133574,2000,Crustacean unidentified,Crustacea,4,Advanced,,,1,0.0971,,
"4T Southern Gulf of St. Lawrence Ecosystem Trawl Survey (RV Survey, Needler)",glf4t2005,2005,148,,147,S. L.,2006-01-06,2006,49656,SL49656,201,Thorny skate,Amblyraja radiata,13.0,0.5516,,,,133575,7100,Round worm unidentified,Nematoda,1,Undigested/freshly eaten,,,1,0.0006,,
"4T Southern Gulf of St. Lawrence Ecosystem Trawl Survey (RV Survey, Needler)",glf4t2005,2005,148,,147,S. L.,2006-01-06,2006,49656,SL49656,201,Thorny skate,Amblyraja radiata,13.0,0.5516,,,,133576,9100,Mucus,Mucus,,,,,1,0.1967,,
"4T Southern Gulf of St. Lawrence Ecosystem Trawl Survey (RV Survey, Needler)",glf4t2005,2005,148,,148,S. L.,2006-02-22,2006,49657,SL49657,201,Thorny skate,Amblyraja radiata,12.6,0.9887,,,,133577,2902,Copepods - 3 mm or less,Copepoda (s.c) - Small,1,Undigested/freshly eaten,,,1,0.0023,,
"4T Southern Gulf of St. Lawrence Ecosystem Trawl Survey (RV Survey, Needler)",glf4t2005,2005,148,,148,S. L.,2006-02-22,2006,49657,SL49657,201,Thorny skate,Amblyraja radiata,12.6,0.9887,,,,133578,2700,Mysid shrimp,Mysidacea (o.),2,Slight,,,1,0.0426,,
"4T Southern Gulf of St. Lawrence Ecosystem Trawl Survey (RV Survey, Needler)",glf4t2005,2005,148,,148,S. L.,2006-02-22,2006,49657,SL49657,201,Thorny skate,Amblyraja radiata,12.6,0.9887,,,,133579,2811,Gammaridae unidentified,Gammaridae,2,Slight,,,1,0.4806,,
"4T Southern Gulf of St. Lawrence Ecosystem Trawl Survey (RV Survey, Needler)",glf4t2005,2005,148,,148,S. L.,2006-02-22,2006,49657,SL49657,201,Thorny skate,Amblyraja radiata,12.6,0.9887,,,,133580,2000,Crustacean unidentified,Crustacea,4,Advanced,,,1,0.3787,,
"4T Southern Gulf of St. Lawrence Ecosystem Trawl Survey (RV Survey, Needler)",glf4t2005,2005,148,,148,S. L.,2006-02-22,2006,49657,SL49657,201,Thorny skate,Amblyraja radiata,12.6,0.9887,,,,133581,9100,Mucus,Mucus,,,,,1,0.0845,,
"4T Southern Gulf of St. Lawrence Ecosystem Trawl Survey (RV Survey, Needler)",glf4t2005,2005,148,,149,S. L.,2006-01-09,2006,49658,SL49658,201,Thorny skate,Amblyraja radiata,15.2,1.2864,,,,133582,2700,Mysid shrimp,Mysidacea (o.),2,Slight,,,1,0.0272,,
"4T Southern Gulf of St. Lawrence Ecosystem Trawl Survey (RV Survey, Needler)",glf4t2005,2005,148,,149,S. L.,2006-01-09,2006,49658,SL49658,201,Thorny skate,Amblyraja radiata,15.2,1.2864,,,,133583,2811,Gammaridae unidentified,Gammaridae,2,Slight,,,1,0.6828,,
"4T Southern Gulf of St. Lawrence Ecosystem Trawl Survey (RV Survey, Needler)",glf4t2005,2005,148,,149,S. L.,2006-01-09,2006,49658,SL49658,201,Thorny skate,Amblyraja radiata,15.2,1.2864,,,,133584,3100,Bristle worm unidentified,Polychaeta,3,Intermediate,,,1,0.0149,,
"4T Southern Gulf of St. Lawrence Ecosystem Trawl Survey (RV Survey, Needler)",glf4t2005,2005,148,,149,S. L.,2006-01-09,2006,49658,SL49658,201,Thorny skate,Amblyraja radiata,15.2,1.2864,,,,133585,2000,Crustacean unidentified,Crustacea,4,Advanced,,,1,0.3512,,
"4T Southern Gulf of St. Lawrence Ecosystem Trawl Survey (RV Survey, Needler)",glf4t2005,2005,148,,149,S. L.,2006-01-09,2006,49658,SL49658,201,Thorny skate,Amblyraja radiata,15.2,1.2864,,,,133586,9100,Mucus,Mucus,,,,,1,0.2103,,
"4T Southern Gulf of St. Lawrence Ecosystem Trawl Survey (RV Survey, Needler)",glf4t2005,2005,148,,150,S. L.,2006-02-23,2006,49659,SL49659,201,Thorny skate,Amblyraja radiata,13.5,0.7206,,,,133587,2902,Copepods - 3 mm or less,Copepoda (s.c) - Small,1,Undigested/freshly eaten,,,1,0.0021,,
"4T Southern Gulf of St. Lawrence Ecosystem Trawl Survey (RV Survey, Needler)",glf4t2005,2005,148,,150,S. L.,2006-02-23,2006,49659,SL49659,201,Thorny skate,Amblyraja radiata,13.5,0.7206,,,,133588,2811,Gammaridae unidentified,Gammaridae,2,Slight,,,1,0.1539,,
"4T Southern Gulf of St. Lawrence Ecosystem Trawl Survey (RV Survey, Needler)",glf4t2005,2005,148,,150,S. L.,2006-02-23,2006,49659,SL49659,201,Thorny skate,Amblyraja radiata,13.5,0.7206,,,,133589,3100,Bristle worm unidentified,Polychaeta,2,Slight,,,1,0.0619,,
"4T Southern Gulf of St. Lawrence Ecosystem Trawl Survey (RV Survey, Needler)",glf4t2005,2005,148,,150,S. L.,2006-02-23,2006,49659,SL49659,201,Thorny skate,Amblyraja radiata,13.5,0.7206,,,,133590,2000,Crustacean unidentified,Crustacea,4,Advanced,,,1,0.0787,,
"4T Southern Gulf of St. Lawrence Ecosystem Trawl Survey (RV Survey, Needler)",glf4t2005,2005,148,,150,S. L.,2006-02-23,2006,49659,SL49659,201,Thorny skate,Amblyraja radiata,13.5,0.7206,,,,133591,9100,Mucus,Mucus,,,,,1,0.424,,
"4T Southern Gulf of St. Lawrence Ecosystem Trawl Survey (RV Survey, Needler)",glf4t2005,2005,148,,151,S. L.,2006-02-23,2006,49660,SL49660,201,Thorny skate,Amblyraja radiata,13.1,0.7166,,,,133592,2902,Copepods - 3 mm or less,Copepoda (s.c) - Small,1,Undigested/freshly eaten,,,1,0.0019,,
"4T Southern Gulf of St. Lawrence Ecosystem Trawl Survey (RV Survey, Needler)",glf4t2005,2005,148,,151,S. L.,2006-02-23,2006,49660,SL49660,201,Thorny skate,Amblyraja radiata,13.1,0.7166,,,,133593,2700,Mysid shrimp,Mysidacea (o.),3,Intermediate,,,1,0.0012,,
"4T Southern Gulf of St. Lawrence Ecosystem Trawl Survey (RV Survey, Needler)",glf4t2005,2005,148,,151,S. L.,2006-02-23,2006,49660,SL49660,201,Thorny skate,Amblyraja radiata,13.1,0.7166,,,,133594,3100,Bristle worm unidentified,Polychaeta,3,Intermediate,,,1,0.0236,,
"4T Southern Gulf of St. Lawrence Ecosystem Trawl Survey (RV Survey, Needler)",glf4t2005,2005,148,,151,S. L.,2006-02-23,2006,49660,SL49660,201,Thorny skate,Amblyraja radiata,13.1,0.7166,,,,133595,2811,Gammaridae unidentified,Gammaridae,2,Slight,,,1,0.5112,,
"4T Southern Gulf of St. Lawrence Ecosystem Trawl Survey (RV Survey, Needler)",glf4t2005,2005,148,,151,S. L.,2006-02-23,2006,49660,SL49660,201,Thorny skate,Amblyraja radiata,13.1,0.7166,,,,133596,2000,Crustacean unidentified,Crustacea,4,Advanced,,,1,0.0407,,
"4T Southern Gulf of St. Lawrence Ecosystem Trawl Survey (RV Survey, Needler)",glf4t2005,2005,148,,151,S. L.,2006-02-23,2006,49660,SL49660,201,Thorny skate,Amblyraja radiata,13.1,0.7166,,,,133597,9100,Mucus,Mucus,,,,,1,0.138,,
"4T Southern Gulf of St. Lawrence Ecosystem Trawl Survey (RV Survey, Needler)",glf4t2005,2005,148,,152,S. L.,2006-02-22,2006,49661,SL49661,201,Thorny skate,Amblyraja radiata,15.3,1.0982,,,,133598,2902,Copepods - 3 mm or less,Copepoda (s.c) - Small,1,Undigested/freshly eaten,,,1,0.0029,,
"4T Southern Gulf of St. Lawrence Ecosystem Trawl Survey (RV Survey, Needler)",glf4t2005,2005,148,,152,S. L.,2006-02-22,2006,49661,SL49661,201,Thorny skate,Amblyraja radiata,15.3,1.0982,,,,133599,2700,Mysid shrimp,Mysidacea (o.),2,Slight,,,1,0.0416,,
"4T Southern Gulf of St. Lawrence Ecosystem Trawl Survey (RV Survey, Needler)",glf4t2005,2005,148,,152,S. L.,2006-02-22,2006,49661,SL49661,201,Thorny skate,Amblyraja radiata,15.3,1.0982,,,,133600,3100,Bristle worm unidentified,Polychaeta,3,Intermediate,,,1,0.0193,,
"4T Southern Gulf of St. Lawrence Ecosystem Trawl Survey (RV Survey, Needler)",glf4t2005,2005,148,,152,S. L.,2006-02-22,2006,49661,SL49661,201,Thorny skate,Amblyraja radiata,15.3,1.0982,,,,133601,2811,Gammaridae unidentified,Gammaridae,2,Slight,,,1,0.5658,,
"4T Southern Gulf of St. Lawrence Ecosystem Trawl Survey (RV Survey, Needler)",glf4t2005,2005,148,,152,S. L.,2006-02-22,2006,49661,SL49661,201,Thorny skate,Amblyraja radiata,15.3,1.0982,,,,133602,2000,Crustacean unidentified,Crustacea,4,Advanced,,,1,0.3154,,
"4T Southern Gulf of St. Lawrence Ecosystem Trawl Survey (RV Survey, Needler)",glf4t2005,2005,148,,152,S. L.,2006-02-22,2006,49661,SL49661,201,Thorny skate,Amblyraja radiata,15.3,1.0982,,,,133603,9100,Mucus,Mucus,,,,,1,0.1532,,
"4T Southern Gulf of St. Lawrence Ecosystem Trawl Survey (RV Survey, Needler)",glf4t2005,2005,148,,153,S. L.,2006-02-22,2006,49662,SL49662,201,Thorny skate,Amblyraja radiata,13.6,0.8755,,,,133604,2902,Copepods - 3 mm or less,Copepoda (s.c) - Small,1,Undigested/freshly eaten,,,1,0.002,,
"4T Southern Gulf of St. Lawrence Ecosystem Trawl Survey (RV Survey, Needler)",glf4t2005,2005,148,,153,S. L.,2006-02-22,2006,49662,SL49662,201,Thorny skate,Amblyraja radiata,13.6,0.8755,,,,133605,2700,Mysid shrimp,Mysidacea (o.),2,Slight,,,1,0.0276,,
"4T Southern Gulf of St. Lawrence Ecosystem Trawl Survey (RV Survey, Needler)",glf4t2005,2005,148,,153,S. L.,2006-02-22,2006,49662,SL49662,201,Thorny skate,Amblyraja radiata,13.6,0.8755,,,,133606,3100,Bristle worm unidentified,Polychaeta,3,Intermediate,,,1,0.0325,,
"4T Southern Gulf of St. Lawrence Ecosystem Trawl Survey (RV Survey, Needler)",glf4t2005,2005,148,,153,S. L.,2006-02-22,2006,49662,SL49662,201,Thorny skate,Amblyraja radiata,13.6,0.8755,,,,133607,2811,Gammaridae unidentified,Gammaridae,2,Slight,,,1,0.4846,,
"4T Southern Gulf of St. Lawrence Ecosystem Trawl Survey (RV Survey, Needler)",glf4t2005,2005,148,,153,S. L.,2006-02-22,2006,49662,SL49662,201,Thorny skate,Amblyraja radiata,13.6,0.8755,,,,133608,2000,Crustacean unidentified,Crustacea,4,Advanced,,,1,0.2128,,
"4T Southern Gulf of St. Lawrence Ecosystem Trawl Survey (RV Survey, Needler)",glf4t2005,2005,148,,153,S. L.,2006-02-22,2006,49662,SL49662,201,Thorny skate,Amblyraja radiata,13.6,0.8755,,,,133609,9100,Mucus,Mucus,,,,,1,0.116,,
"4T Southern Gulf of St. Lawrence Ecosystem Trawl Survey (RV Survey, Needler)",glf4t2005,2005,148,,154,S. L.,2006-02-23,2006,49663,SL49663,201,Thorny skate,Amblyraja radiata,12.8,0.4132,,,,133610,2902,Copepods - 3 mm or less,Copepoda (s.c) - Small,1,Undigested/freshly eaten,,,1,0.0017,,
"4T Southern Gulf of St. Lawrence Ecosystem Trawl Survey (RV Survey, Needler)",glf4t2005,2005,148,,154,S. L.,2006-02-23,2006,49663,SL49663,201,Thorny skate,Amblyraja radiata,12.8,0.4132,,,,133611,2700,Mysid shrimp,Mysidacea (o.),3,Intermediate,,,1,0.0026,,
"4T Southern Gulf of St. Lawrence Ecosystem Trawl Survey (RV Survey, Needler)",glf4t2005,2005,148,,154,S. L.,2006-02-23,2006,49663,SL49663,201,Thorny skate,Amblyraja radiata,12.8,0.4132,,,,133612,2811,Gammaridae unidentified,Gammaridae,2,Slight,,,1,0.1944,,
"4T Southern Gulf of St. Lawrence Ecosystem Trawl Survey (RV Survey, Needler)",glf4t2005,2005,148,,154,S. L.,2006-02-23,2006,49663,SL49663,201,Thorny skate,Amblyraja radiata,12.8,0.4132,,,,133613,3100,Bristle worm unidentified,Polychaeta,3,Intermediate,,,1,0.0466,,
"4T Southern Gulf of St. Lawrence Ecosystem Trawl Survey (RV Survey, Needler)",glf4t2005,2005,148,,154,S. L.,2006-02-23,2006,49663,SL49663,201,Thorny skate,Amblyraja radiata,12.8,0.4132,,,,133614,2000,Crustacean unidentified,Crustacea,4,Advanced,,,1,0.0515,,
"4T Southern Gulf of St. Lawrence Ecosystem Trawl Survey (RV Survey, Needler)",glf4t2005,2005,148,,154,S. L.,2006-02-23,2006,49663,SL49663,201,Thorny skate,Amblyraja radiata,12.8,0.4132,,,,133615,9100,Mucus,Mucus,,,,,1,0.1164,,
"4T Southern Gulf of St. Lawrence Ecosystem Trawl Survey (RV Survey, Needler)",glf4t2005,2005,148,,155,S. L.,2006-01-10,2006,49664,SL49664,201,Thorny skate,Amblyraja radiata,16.0,1.6344,,,,133616,2811,Gammaridae unidentified,Gammaridae,2,Slight,,,1,0.9168,,
"4T Southern Gulf of St. Lawrence Ecosystem Trawl Survey (RV Survey, Needler)",glf4t2005,2005,148,,155,S. L.,2006-01-10,2006,49664,SL49664,201,Thorny skate,Amblyraja radiata,16.0,1.6344,,,,133617,2700,Mysid shrimp,Mysidacea (o.),2,Slight,,,1,0.0418,,
"4T Southern Gulf of St. Lawrence Ecosystem Trawl Survey (RV Survey, Needler)",glf4t2005,2005,148,,155,S. L.,2006-01-10,2006,49664,SL49664,201,Thorny skate,Amblyraja radiata,16.0,1.6344,,,,133618,2902,Copepods - 3 mm or less,Copepoda (s.c) - Small,2,Slight,,,1,0.002,,
"4T Southern Gulf of St. Lawrence Ecosystem Trawl Survey (RV Survey, Needler)",glf4t2005,2005,148,,155,S. L.,2006-01-10,2006,49664,SL49664,201,Thorny skate,Amblyraja radiata,16.0,1.6344,,,,133619,3100,Bristle worm unidentified,Polychaeta,3,Intermediate,,,1,0.0122,,
"4T Southern Gulf of St. Lawrence Ecosystem Trawl Survey (RV Survey, Needler)",glf4t2005,2005,148,,155,S. L.,2006-01-10,2006,49664,SL49664,201,Thorny skate,Amblyraja radiata,16.0,1.6344,,,,133620,2000,Crustacean unidentified,Crustacea,4,Advanced,,,1,0.3839,,
"4T Southern Gulf of St. Lawrence Ecosystem Trawl Survey (RV Survey, Needler)",glf4t2005,2005,148,,155,S. L.,2006-01-10,2006,49664,SL49664,201,Thorny skate,Amblyraja radiata,16.0,1.6344,,,,133621,9100,Mucus,Mucus,,,,,1,0.2777,,
"4T Southern Gulf of St. Lawrence Ecosystem Trawl Survey (RV Survey, Needler)",glf4t2005,2005,148,,156,S. L.,2006-02-23,2006,49665,SL49665,201,Thorny skate,Amblyraja radiata,14.4,1.1362,,,,133622,2700,Mysid shrimp,Mysidacea (o.),2,Slight,,,1,0.0078,,
"4T Southern Gulf of St. Lawrence Ecosystem Trawl Survey (RV Survey, Needler)",glf4t2005,2005,148,,156,S. L.,2006-02-23,2006,49665,SL49665,201,Thorny skate,Amblyraja radiata,14.4,1.1362,,,,133623,3100,Bristle worm unidentified,Polychaeta,3,Intermediate,,,1,0.0119,,
"4T Southern Gulf of St. Lawrence Ecosystem Trawl Survey (RV Survey, Needler)",glf4t2005,2005,148,,156,S. L.,2006-02-23,2006,49665,SL49665,201,Thorny skate,Amblyraja radiata,14.4,1.1362,,,,133624,2811,Gammaridae unidentified,Gammaridae,2,Slight,,,1,0.6864,,
"4T Southern Gulf of St. Lawrence Ecosystem Trawl Survey (RV Survey, Needler)",glf4t2005,2005,148,,156,S. L.,2006-02-23,2006,49665,SL49665,201,Thorny skate,Amblyraja radiata,14.4,1.1362,,,,133625,2000,Crustacean unidentified,Crustacea,4,Advanced,,,1,0.2131,,
"4T Southern Gulf of St. Lawrence Ecosystem Trawl Survey (RV Survey, Needler)",glf4t2005,2005,148,,156,S. L.,2006-02-23,2006,49665,SL49665,201,Thorny skate,Amblyraja radiata,14.4,1.1362,,,,133626,9000,Digested remains unidentified,"Unid remains,digested",4,Advanced,,,1,0.0326,,
"4T Southern Gulf of St. Lawrence Ecosystem Trawl Survey (RV Survey, Needler)",glf4t2005,2005,148,,156,S. L.,2006-02-23,2006,49665,SL49665,201,Thorny skate,Amblyraja radiata,14.4,1.1362,,,,133627,9100,Mucus,Mucus,,,,,1,0.1844,,
"4T Southern Gulf of St. Lawrence Ecosystem Trawl Survey (RV Survey, Needler)",glf4t2005,2005,148,,157,S. L.,2006-02-23,2006,49666,SL49666,201,Thorny skate,Amblyraja radiata,13.6,1.4162,,,,133628,2902,Copepods - 3 mm or less,Copepoda (s.c) - Small,1,Undigested/freshly eaten,,,1,0.0043,,
"4T Southern Gulf of St. Lawrence Ecosystem Trawl Survey (RV Survey, Needler)",glf4t2005,2005,148,,157,S. L.,2006-02-23,2006,49666,SL49666,201,Thorny skate,Amblyraja radiata,13.6,1.4162,,,,133629,2700,Mysid shrimp,Mysidacea (o.),2,Slight,,,1,0.005,,
"4T Southern Gulf of St. Lawrence Ecosystem Trawl Survey (RV Survey, Needler)",glf4t2005,2005,148,,157,S. L.,2006-02-23,2006,49666,SL49666,201,Thorny skate,Amblyraja radiata,13.6,1.4162,,,,133630,7100,Round worm unidentified,Nematoda,1,Undigested/freshly eaten,,,1,0.0046,,
"4T Southern Gulf of St. Lawrence Ecosystem Trawl Survey (RV Survey, Needler)",glf4t2005,2005,148,,157,S. L.,2006-02-23,2006,49666,SL49666,201,Thorny skate,Amblyraja radiata,13.6,1.4162,,,,133631,3100,Bristle worm unidentified,Polychaeta,2,Slight,,,1,0.1473,,
"4T Southern Gulf of St. Lawrence Ecosystem Trawl Survey (RV Survey, Needler)",glf4t2005,2005,148,,157,S. L.,2006-02-23,2006,49666,SL49666,201,Thorny skate,Amblyraja radiata,13.6,1.4162,,,,133632,2811,Gammaridae unidentified,Gammaridae,2,Slight,,,1,0.6965,,
"4T Southern Gulf of St. Lawrence Ecosystem Trawl Survey (RV Survey, Needler)",glf4t2005,2005,148,,157,S. L.,2006-02-23,2006,49666,SL49666,201,Thorny skate,Amblyraja radiata,13.6,1.4162,,,,133633,2000,Crustacean unidentified,Crustacea,4,Advanced,,,1,0.2222,,
"4T Southern Gulf of St. Lawrence Ecosystem Trawl Survey (RV Survey, Needler)",glf4t2005,2005,148,,157,S. L.,2006-02-23,2006,49666,SL49666,201,Thorny skate,Amblyraja radiata,13.6,1.4162,,,,133634,9100,Mucus,Mucus,,,,,1,0.3363,,
"4T Southern Gulf of St. Lawrence Ecosystem Trawl Survey (RV Survey, Needler)",glf4t2005,2005,148,,158,S. L.,2006-01-09,2006,49667,SL49667,201,Thorny skate,Amblyraja radiata,13.7,1.2653,,,,133635,2700,Mysid shrimp,Mysidacea (o.),3,Intermediate,,,1,0.0275,,
"4T Southern Gulf of St. Lawrence Ecosystem Trawl Survey (RV Survey, Needler)",glf4t2005,2005,148,,158,S. L.,2006-01-09,2006,49667,SL49667,201,Thorny skate,Amblyraja radiata,13.7,1.2653,,,,133636,2971,Diastylis sp.,Diastylis,2,Slight,,,1,0.0207,,
"4T Southern Gulf of St. Lawrence Ecosystem Trawl Survey (RV Survey, Needler)",glf4t2005,2005,148,,158,S. L.,2006-01-09,2006,49667,SL49667,201,Thorny skate,Amblyraja radiata,13.7,1.2653,,,,133637,2811,Gammaridae unidentified,Gammaridae,2,Slight,,,1,0.525,,
"4T Southern Gulf of St. Lawrence Ecosystem Trawl Survey (RV Survey, Needler)",glf4t2005,2005,148,,158,S. L.,2006-01-09,2006,49667,SL49667,201,Thorny skate,Amblyraja radiata,13.7,1.2653,,,,133638,3100,Bristle worm unidentified,Polychaeta,3,Intermediate,,,1,0.0676,,
"4T Southern Gulf of St. Lawrence Ecosystem Trawl Survey (RV Survey, Needler)",glf4t2005,2005,148,,158,S. L.,2006-01-09,2006,49667,SL49667,201,Thorny skate,Amblyraja radiata,13.7,1.2653,,,,133639,2000,Crustacean unidentified,Crustacea,4,Advanced,,,1,0.4085,,
"4T Southern Gulf of St. Lawrence Ecosystem Trawl Survey (RV Survey, Needler)",glf4t2005,2005,148,,158,S. L.,2006-01-09,2006,49667,SL49667,201,Thorny skate,Amblyraja radiata,13.7,1.2653,,,,133640,9100,Mucus,Mucus,,,,,1,0.216,,
"4T Southern Gulf of St. Lawrence Ecosystem Trawl Survey (RV Survey, Needler)",glf4t2005,2005,148,,159,S. L.,2006-01-10,2006,49668,SL49668,201,Thorny skate,Amblyraja radiata,13.1,0.8068,,,,133641,2700,Mysid shrimp,Mysidacea (o.),2,Slight,,,1,0.0135,,
"4T Southern Gulf of St. Lawrence Ecosystem Trawl Survey (RV Survey, Needler)",glf4t2005,2005,148,,159,S. L.,2006-01-10,2006,49668,SL49668,201,Thorny skate,Amblyraja radiata,13.1,0.8068,,,,133642,2811,Gammaridae unidentified,Gammaridae,2,Slight,,,1,0.452,,
"4T Southern Gulf of St. Lawrence Ecosystem Trawl Survey (RV Survey, Needler)",glf4t2005,2005,148,,159,S. L.,2006-01-10,2006,49668,SL49668,201,Thorny skate,Amblyraja radiata,13.1,0.8068,,,,133643,2000,Crustacean unidentified,Crustacea,4,Advanced,,,1,0.1961,,
"4T Southern Gulf of St. Lawrence Ecosystem Trawl Survey (RV Survey, Needler)",glf4t2005,2005,148,,159,S. L.,2006-01-10,2006,49668,SL49668,201,Thorny skate,Amblyraja radiata,13.1,0.8068,,,,133644,9100,Mucus,Mucus,,,,,1,0.1452,,
"4T Southern Gulf of St. Lawrence Ecosystem Trawl Survey (RV Survey, Needler)",glf4t2005,2005,148,,160,S. L.,2006-01-09,2006,49669,SL49669,201,Thorny skate,Amblyraja radiata,14.5,0.9417,,,,133645,2700,Mysid shrimp,Mysidacea (o.),2,Slight,,,1,0.0493,,
"4T Southern Gulf of St. Lawrence Ecosystem Trawl Survey (RV Survey, Needler)",glf4t2005,2005,148,,160,S. L.,2006-01-09,2006,49669,SL49669,201,Thorny skate,Amblyraja radiata,14.5,0.9417,,,,133646,2811,Gammaridae unidentified,Gammaridae,2,Slight,,,1,0.4009,,
"4T Southern Gulf of St. Lawrence Ecosystem Trawl Survey (RV Survey, Needler)",glf4t2005,2005,148,,160,S. L.,2006-01-09,2006,49669,SL49669,201,Thorny skate,Amblyraja radiata,14.5,0.9417,,,,133647,2000,Crustacean unidentified,Crustacea,4,Advanced,,,1,0.2476,,
"4T Southern Gulf of St. Lawrence Ecosystem Trawl Survey (RV Survey, Needler)",glf4t2005,2005,148,,160,S. L.,2006-01-09,2006,49669,SL49669,201,Thorny skate,Amblyraja radiata,14.5,0.9417,,,,133648,9100,Mucus,Mucus,,,,,1,0.2439,,
"4T Southern Gulf of St. Lawrence Ecosystem Trawl Survey (RV Survey, Needler)",glf4t2005,2005,148,,161,S. L.,2006-02-23,2006,49670,SL49670,201,Thorny skate,Amblyraja radiata,13.1,0.8017,,,,133649,2902,Copepods - 3 mm or less,Copepoda (s.c) - Small,1,Undigested/freshly eaten,,,1,0.0016,,
"4T Southern Gulf of St. Lawrence Ecosystem Trawl Survey (RV Survey, Needler)",glf4t2005,2005,148,,161,S. L.,2006-02-23,2006,49670,SL49670,201,Thorny skate,Amblyraja radiata,13.1,0.8017,,,,133650,2700,Mysid shrimp,Mysidacea (o.),2,Slight,,,1,0.038,,
"4T Southern Gulf of St. Lawrence Ecosystem Trawl Survey (RV Survey, Needler)",glf4t2005,2005,148,,161,S. L.,2006-02-23,2006,49670,SL49670,201,Thorny skate,Amblyraja radiata,13.1,0.8017,,,,133651,2811,Gammaridae unidentified,Gammaridae,2,Slight,,,1,0.2522,,
"4T Southern Gulf of St. Lawrence Ecosystem Trawl Survey (RV Survey, Needler)",glf4t2005,2005,148,,161,S. L.,2006-02-23,2006,49670,SL49670,201,Thorny skate,Amblyraja radiata,13.1,0.8017,,,,133652,2000,Crustacean unidentified,Crustacea,4,Advanced,,,1,0.4209,,
"4T Southern Gulf of St. Lawrence Ecosystem Trawl Survey (RV Survey, Needler)",glf4t2005,2005,148,,161,S. L.,2006-02-23,2006,49670,SL49670,201,Thorny skate,Amblyraja radiata,13.1,0.8017,,,,133653,9100,Mucus,Mucus,,,,,1,0.089,,
"4T Southern Gulf of St. Lawrence Ecosystem Trawl Survey (RV Survey, Needler)",glf4t2005,2005,148,,162,S. L.,2006-01-06,2006,49671,SL49671,201,Thorny skate,Amblyraja radiata,13.0,0.8784,,,,133654,2811,Gammaridae unidentified,Gammaridae,2,Slight,,,1,0.6038,,
"4T Southern Gulf of St. Lawrence Ecosystem Trawl Survey (RV Survey, Needler)",glf4t2005,2005,148,,162,S. L.,2006-01-06,2006,49671,SL49671,201,Thorny skate,Amblyraja radiata,13.0,0.8784,,,,133655,2000,Crustacean unidentified,Crustacea,4,Advanced,,,1,0.1863,,
"4T Southern Gulf of St. Lawrence Ecosystem Trawl Survey (RV Survey, Needler)",glf4t2005,2005,148,,162,S. L.,2006-01-06,2006,49671,SL49671,201,Thorny skate,Amblyraja radiata,13.0,0.8784,,,,133656,9100,Mucus,Mucus,,,,,1,0.0883,,
"4T Southern Gulf of St. Lawrence Ecosystem Trawl Survey (RV Survey, Needler)",glf4t2005,2005,148,,163,S. L.,2006-02-23,2006,49672,SL49672,201,Thorny skate,Amblyraja radiata,13.3,0.4555,,,,133657,2902,Copepods - 3 mm or less,Copepoda (s.c) - Small,1,Undigested/freshly eaten,,,1,0.0025,,
"4T Southern Gulf of St. Lawrence Ecosystem Trawl Survey (RV Survey, Needler)",glf4t2005,2005,148,,163,S. L.,2006-02-23,2006,49672,SL49672,201,Thorny skate,Amblyraja radiata,13.3,0.4555,,,,133658,2971,Diastylis sp.,Diastylis,2,Slight,,,1,0.0083,,
"4T Southern Gulf of St. Lawrence Ecosystem Trawl Survey (RV Survey, Needler)",glf4t2005,2005,148,,163,S. L.,2006-02-23,2006,49672,SL49672,201,Thorny skate,Amblyraja radiata,13.3,0.4555,,,,133659,2700,Mysid shrimp,Mysidacea (o.),2,Slight,,,1,0.0129,,
"4T Southern Gulf of St. Lawrence Ecosystem Trawl Survey (RV Survey, Needler)",glf4t2005,2005,148,,163,S. L.,2006-02-23,2006,49672,SL49672,201,Thorny skate,Amblyraja radiata,13.3,0.4555,,,,133660,2811,Gammaridae unidentified,Gammaridae,2,Slight,,,1,0.2587,,
"4T Southern Gulf of St. Lawrence Ecosystem Trawl Survey (RV Survey, Needler)",glf4t2005,2005,148,,163,S. L.,2006-02-23,2006,49672,SL49672,201,Thorny skate,Amblyraja radiata,13.3,0.4555,,,,133661,9100,Mucus,Mucus,,,,,1,0.1731,,
"4T Southern Gulf of St. Lawrence Ecosystem Trawl Survey (RV Survey, Needler)",glf4t2005,2005,148,,164,S. L.,2006-01-06,2006,49673,SL49673,201,Thorny skate,Amblyraja radiata,14.4,0.5616,,,,133662,2811,Gammaridae unidentified,Gammaridae,2,Slight,,,1,0.2743,,
"4T Southern Gulf of St. Lawrence Ecosystem Trawl Survey (RV Survey, Needler)",glf4t2005,2005,148,,164,S. L.,2006-01-06,2006,49673,SL49673,201,Thorny skate,Amblyraja radiata,14.4,0.5616,,,,133663,2700,Mysid shrimp,Mysidacea (o.),2,Slight,,,1,0.0205,,
"4T Southern Gulf of St. Lawrence Ecosystem Trawl Survey (RV Survey, Needler)",glf4t2005,2005,148,,164,S. L.,2006-01-06,2006,49673,SL49673,201,Thorny skate,Amblyraja radiata,14.4,0.5616,,,,133664,9000,Digested remains unidentified,"Unid remains,digested",4,Advanced,,,1,0.0813,,
"4T Southern Gulf of St. Lawrence Ecosystem Trawl Survey (RV Survey, Needler)",glf4t2005,2005,148,,164,S. L.,2006-01-06,2006,49673,SL49673,201,Thorny skate,Amblyraja radiata,14.4,0.5616,,,,133665,9100,Mucus,Mucus,,,,,1,0.1855,,
"4T Southern Gulf of St. Lawrence Ecosystem Trawl Survey (RV Survey, Needler)",glf4t2005,2005,148,,165,S. L.,2006-01-06,2006,49674,SL49674,201,Thorny skate,Amblyraja radiata,14.0,1.2074,,,,133666,2811,Gammaridae unidentified,Gammaridae,3,Intermediate,,,1,0.8475,,
"4T Southern Gulf of St. Lawrence Ecosystem Trawl Survey (RV Survey, Needler)",glf4t2005,2005,148,,165,S. L.,2006-01-06,2006,49674,SL49674,201,Thorny skate,Amblyraja radiata,14.0,1.2074,,,,133667,2700,Mysid shrimp,Mysidacea (o.),3,Intermediate,,,1,0.0402,,
"4T Southern Gulf of St. Lawrence Ecosystem Trawl Survey (RV Survey, Needler)",glf4t2005,2005,148,,165,S. L.,2006-01-06,2006,49674,SL49674,201,Thorny skate,Amblyraja radiata,14.0,1.2074,,,,133668,2000,Crustacean unidentified,Crustacea,4,Advanced,,,1,0.1472,,
"4T Southern Gulf of St. Lawrence Ecosystem Trawl Survey (RV Survey, Needler)",glf4t2005,2005,148,,165,S. L.,2006-01-06,2006,49674,SL49674,201,Thorny skate,Amblyraja radiata,14.0,1.2074,,,,133669,9100,Mucus,Mucus,,,,,1,0.1725,,
"4T Southern Gulf of St. Lawrence Ecosystem Trawl Survey (RV Survey, Needler)",glf4t2005,2005,148,,167,S. L.,2006-01-10,2006,49675,SL49675,201,Thorny skate,Amblyraja radiata,12.7,0.9457,,,,133670,2811,Gammaridae unidentified,Gammaridae,2,Slight,,,1,0.5152,,
"4T Southern Gulf of St. Lawrence Ecosystem Trawl Survey (RV Survey, Needler)",glf4t2005,2005,148,,167,S. L.,2006-01-10,2006,49675,SL49675,201,Thorny skate,Amblyraja radiata,12.7,0.9457,,,,133671,2700,Mysid shrimp,Mysidacea (o.),2,Slight,,,1,0.0404,,
"4T Southern Gulf of St. Lawrence Ecosystem Trawl Survey (RV Survey, Needler)",glf4t2005,2005,148,,167,S. L.,2006-01-10,2006,49675,SL49675,201,Thorny skate,Amblyraja radiata,12.7,0.9457,,,,133672,2902,Copepods - 3 mm or less,Copepoda (s.c) - Small,2,Slight,,,1,0.0016,,
"4T Southern Gulf of St. Lawrence Ecosystem Trawl Survey (RV Survey, Needler)",glf4t2005,2005,148,,167,S. L.,2006-01-10,2006,49675,SL49675,201,Thorny skate,Amblyraja radiata,12.7,0.9457,,,,133673,3100,Bristle worm unidentified,Polychaeta,3,Intermediate,,,1,0.0025,,
"4T Southern Gulf of St. Lawrence Ecosystem Trawl Survey (RV Survey, Needler)",glf4t2005,2005,148,,167,S. L.,2006-01-10,2006,49675,SL49675,201,Thorny skate,Amblyraja radiata,12.7,0.9457,,,,133674,2000,Crustacean unidentified,Crustacea,4,Advanced,,,1,0.2458,,
"4T Southern Gulf of St. Lawrence Ecosystem Trawl Survey (RV Survey, Needler)",glf4t2005,2005,148,,167,S. L.,2006-01-10,2006,49675,SL49675,201,Thorny skate,Amblyraja radiata,12.7,0.9457,,,,133675,9100,Mucus,Mucus,,,,,1,0.1402,,
"4T Southern Gulf of St. Lawrence Ecosystem Trawl Survey (RV Survey, Needler)",glf4t2005,2005,148,,168,S. L.,2006-01-06,2006,49676,SL49676,201,Thorny skate,Amblyraja radiata,14.1,0.3791,,,,133676,2811,Gammaridae unidentified,Gammaridae,2,Slight,,,1,0.0875,,
"4T Southern Gulf of St. Lawrence Ecosystem Trawl Survey (RV Survey, Needler)",glf4t2005,2005,148,,168,S. L.,2006-01-06,2006,49676,SL49676,201,Thorny skate,Amblyraja radiata,14.1,0.3791,,,,133677,2910,Calanus sp.,Calanus sp.,2,Slight,,,1,0.0024,,
"4T Southern Gulf of St. Lawrence Ecosystem Trawl Survey (RV Survey, Needler)",glf4t2005,2005,148,,168,S. L.,2006-01-06,2006,49676,SL49676,201,Thorny skate,Amblyraja radiata,14.1,0.3791,,,,133678,2000,Crustacean unidentified,Crustacea,4,Advanced,,,1,0.0972,,
"4T Southern Gulf of St. Lawrence Ecosystem Trawl Survey (RV Survey, Needler)",glf4t2005,2005,148,,168,S. L.,2006-01-06,2006,49676,SL49676,201,Thorny skate,Amblyraja radiata,14.1,0.3791,,,,133679,9100,Mucus,Mucus,,,,,1,0.192,,
"4T Southern Gulf of St. Lawrence Ecosystem Trawl Survey (RV Survey, Needler)",glf4t2005,2005,148,,169,S. L.,2006-01-06,2006,49677,SL49677,201,Thorny skate,Amblyraja radiata,13.2,1.2321,,,,133680,2811,Gammaridae unidentified,Gammaridae,3,Intermediate,,,1,0.7363,,
"4T Southern Gulf of St. Lawrence Ecosystem Trawl Survey (RV Survey, Needler)",glf4t2005,2005,148,,169,S. L.,2006-01-06,2006,49677,SL49677,201,Thorny skate,Amblyraja radiata,13.2,1.2321,,,,133681,2000,Crustacean unidentified,Crustacea,4,Advanced,,,1,0.3929,,
"4T Southern Gulf of St. Lawrence Ecosystem Trawl Survey (RV Survey, Needler)",glf4t2005,2005,148,,169,S. L.,2006-01-06,2006,49677,SL49677,201,Thorny skate,Amblyraja radiata,13.2,1.2321,,,,133682,9100,Mucus,Mucus,,,,,1,0.1029,,
"4T Southern Gulf of St. Lawrence Ecosystem Trawl Survey (RV Survey, Needler)",glf4t2005,2005,148,,170,S. L.,2006-01-09,2006,49678,SL49678,201,Thorny skate,Amblyraja radiata,13.5,0.859,,,,133683,2700,Mysid shrimp,Mysidacea (o.),2,Slight,,,1,0.0254,,
"4T Southern Gulf of St. Lawrence Ecosystem Trawl Survey (RV Survey, Needler)",glf4t2005,2005,148,,170,S. L.,2006-01-09,2006,49678,SL49678,201,Thorny skate,Amblyraja radiata,13.5,0.859,,,,133684,2421,Sevenline shrimp,Sabinea septemcarinata,2,Slight,,,1,0.0729,,
"4T Southern Gulf of St. Lawrence Ecosystem Trawl Survey (RV Survey, Needler)",glf4t2005,2005,148,,170,S. L.,2006-01-09,2006,49678,SL49678,201,Thorny skate,Amblyraja radiata,13.5,0.859,,,,133685,2811,Gammaridae unidentified,Gammaridae,3,Intermediate,,,1,0.442,,
"4T Southern Gulf of St. Lawrence Ecosystem Trawl Survey (RV Survey, Needler)",glf4t2005,2005,148,,170,S. L.,2006-01-09,2006,49678,SL49678,201,Thorny skate,Amblyraja radiata,13.5,0.859,,,,133686,3100,Bristle worm unidentified,Polychaeta,3,Intermediate,,,1,0.0006,,
"4T Southern Gulf of St. Lawrence Ecosystem Trawl Survey (RV Survey, Needler)",glf4t2005,2005,148,,170,S. L.,2006-01-09,2006,49678,SL49678,201,Thorny skate,Amblyraja radiata,13.5,0.859,,,,133687,2000,Crustacean unidentified,Crustacea,4,Advanced,,,1,0.1805,,
"4T Southern Gulf of St. Lawrence Ecosystem Trawl Survey (RV Survey, Needler)",glf4t2005,2005,148,,170,S. L.,2006-01-09,2006,49678,SL49678,201,Thorny skate,Amblyraja radiata,13.5,0.859,,,,133688,9100,Mucus,Mucus,,,,,1,0.1376,,
"4T Southern Gulf of St. Lawrence Ecosystem Trawl Survey (RV Survey, Needler)",glf4t2005,2005,148,,171,S. L.,2006-01-09,2006,49679,SL49679,201,Thorny skate,Amblyraja radiata,13.4,0.4849,,,,133689,2811,Gammaridae unidentified,Gammaridae,2,Slight,,,1,0.2242,,
"4T Southern Gulf of St. Lawrence Ecosystem Trawl Survey (RV Survey, Needler)",glf4t2005,2005,148,,171,S. L.,2006-01-09,2006,49679,SL49679,201,Thorny skate,Amblyraja radiata,13.4,0.4849,,,,133690,9000,Digested remains unidentified,"Unid remains,digested",4,Advanced,,,1,0.175,,
"4T Southern Gulf of St. Lawrence Ecosystem Trawl Survey (RV Survey, Needler)",glf4t2005,2005,148,,171,S. L.,2006-01-09,2006,49679,SL49679,201,Thorny skate,Amblyraja radiata,13.4,0.4849,,,,133691,9100,Mucus,Mucus,,,,,1,0.0857,,
"4T Southern Gulf of St. Lawrence Ecosystem Trawl Survey (RV Survey, Needler)",glf4t2005,2005,148,,15,S. L.,2006-01-04,2006,49680,SL49680,202,Smooth skate,Malacoraja senta,53.0,6.685,,,,133692,251,Gadidae unidentified,Gadidae,3,Intermediate,33.0,,1,0.3329,,
"4T Southern Gulf of St. Lawrence Ecosystem Trawl Survey (RV Survey, Needler)",glf4t2005,2005,148,,15,S. L.,2006-01-04,2006,49680,SL49680,202,Smooth skate,Malacoraja senta,53.0,6.685,,,,133693,2811,Gammaridae unidentified,Gammaridae,2,Slight,,,1,0.2817,,
"4T Southern Gulf of St. Lawrence Ecosystem Trawl Survey (RV Survey, Needler)",glf4t2005,2005,148,,15,S. L.,2006-01-04,2006,49680,SL49680,202,Smooth skate,Malacoraja senta,53.0,6.685,,,,133694,2600,Krill,Euphausiacea,2,Slight,,,1,0.3361,,
"4T Southern Gulf of St. Lawrence Ecosystem Trawl Survey (RV Survey, Needler)",glf4t2005,2005,148,,15,S. L.,2006-01-04,2006,49680,SL49680,202,Smooth skate,Malacoraja senta,53.0,6.685,,,,133695,2700,Mysid shrimp,Mysidacea (o.),2,Slight,,,1,0.1924,,
"4T Southern Gulf of St. Lawrence Ecosystem Trawl Survey (RV Survey, Needler)",glf4t2005,2005,148,,15,S. L.,2006-01-04,2006,49680,SL49680,202,Smooth skate,Malacoraja senta,53.0,6.685,,,,133696,2210,Boreal red shrimp unidentified,Pandalus,3,Intermediate,,,1,0.1155,,
"4T Southern Gulf of St. Lawrence Ecosystem Trawl Survey (RV Survey, Needler)",glf4t2005,2005,148,,15,S. L.,2006-01-04,2006,49680,SL49680,202,Smooth skate,Malacoraja senta,53.0,6.685,,,,133697,2526,Snow crab,Chionoecetes opilio,3,Intermediate,14.0,,1,1.1402,,
"4T Southern Gulf of St. Lawrence Ecosystem Trawl Survey (RV Survey, Needler)",glf4t2005,2005,148,,15,S. L.,2006-01-04,2006,49680,SL49680,202,Smooth skate,Malacoraja senta,53.0,6.685,,,,133698,2421,Sevenline shrimp,Sabinea septemcarinata,3,Intermediate,,,1,0.9035,,
"4T Southern Gulf of St. Lawrence Ecosystem Trawl Survey (RV Survey, Needler)",glf4t2005,2005,148,,15,S. L.,2006-01-04,2006,49680,SL49680,202,Smooth skate,Malacoraja senta,53.0,6.685,,,,133699,2100,Decapod unidentified,Decapoda,4,Advanced,,,1,1.512,,
"4T Southern Gulf of St. Lawrence Ecosystem Trawl Survey (RV Survey, Needler)",glf4t2005,2005,148,,15,S. L.,2006-01-04,2006,49680,SL49680,202,Smooth skate,Malacoraja senta,53.0,6.685,,,,133700,9100,Mucus,Mucus,,,,,1,1.8707,,
"4T Southern Gulf of St. Lawrence Ecosystem Trawl Survey (RV Survey, Needler)",glf4t2005,2005,148,,16,S. L.,2006-02-23,2006,49681,SL49681,202,Smooth skate,Malacoraja senta,30.6,3.3654,,,,133701,2421,Sevenline shrimp,Sabinea septemcarinata,2,Slight,,,1,0.2838,,
"4T Southern Gulf of St. Lawrence Ecosystem Trawl Survey (RV Survey, Needler)",glf4t2005,2005,148,,16,S. L.,2006-02-23,2006,49681,SL49681,202,Smooth skate,Malacoraja senta,30.6,3.3654,,,,133702,2700,Mysid shrimp,Mysidacea (o.),2,Slight,,,1,0.504,,
"4T Southern Gulf of St. Lawrence Ecosystem Trawl Survey (RV Survey, Needler)",glf4t2005,2005,148,,16,S. L.,2006-02-23,2006,49681,SL49681,202,Smooth skate,Malacoraja senta,30.6,3.3654,,,,133703,2600,Krill,Euphausiacea,3,Intermediate,,,1,0.2236,,
"4T Southern Gulf of St. Lawrence Ecosystem Trawl Survey (RV Survey, Needler)",glf4t2005,2005,148,,16,S. L.,2006-02-23,2006,49681,SL49681,202,Smooth skate,Malacoraja senta,30.6,3.3654,,,,133704,,,,2,Slight,,,1,0.0214,,
"4T Southern Gulf of St. Lawrence Ecosystem Trawl Survey (RV Survey, Needler)",glf4t2005,2005,148,,16,S. L.,2006-02-23,2006,49681,SL49681,202,Smooth skate,Malacoraja senta,30.6,3.3654,,,,133705,2811,Gammaridae unidentified,Gammaridae,2,Slight,,,1,0.482,,
"4T Southern Gulf of St. Lawrence Ecosystem Trawl Survey (RV Survey, Needler)",glf4t2005,2005,148,,16,S. L.,2006-02-23,2006,49681,SL49681,202,Smooth skate,Malacoraja senta,30.6,3.3654,,,,133706,2000,Crustacean unidentified,Crustacea,4,Advanced,,,1,0.994,,
"4T Southern Gulf of St. Lawrence Ecosystem Trawl Survey (RV Survey, Needler)",glf4t2005,2005,148,,16,S. L.,2006-02-23,2006,49681,SL49681,202,Smooth skate,Malacoraja senta,30.6,3.3654,,,,133707,9100,Mucus,Mucus,,,,,1,0.8566,,
"4T Southern Gulf of St. Lawrence Ecosystem Trawl Survey (RV Survey, Needler)",glf4t2005,2005,148,,17,S. L.,2006-01-11,2006,49682,SL49682,202,Smooth skate,Malacoraja senta,30.3,4.2011,,,,133708,2411,Arctic argid,Argis dentata,1,Undigested/freshly eaten,,,1,0.6248,,
"4T Southern Gulf of St. Lawrence Ecosystem Trawl Survey (RV Survey, Needler)",glf4t2005,2005,148,,17,S. L.,2006-01-11,2006,49682,SL49682,202,Smooth skate,Malacoraja senta,30.3,4.2011,,,,133709,2400,Crangonid shrimp unidentified,Crangonidae,4,Advanced,,,1,0.2025,,
"4T Southern Gulf of St. Lawrence Ecosystem Trawl Survey (RV Survey, Needler)",glf4t2005,2005,148,,17,S. L.,2006-01-11,2006,49682,SL49682,202,Smooth skate,Malacoraja senta,30.3,4.2011,,,,133710,2700,Mysid shrimp,Mysidacea (o.),3,Intermediate,,,1,1.0816,,
"4T Southern Gulf of St. Lawrence Ecosystem Trawl Survey (RV Survey, Needler)",glf4t2005,2005,148,,17,S. L.,2006-01-11,2006,49682,SL49682,202,Smooth skate,Malacoraja senta,30.3,4.2011,,,,133711,2811,Gammaridae unidentified,Gammaridae,2,Slight,,,1,0.2801,,
"4T Southern Gulf of St. Lawrence Ecosystem Trawl Survey (RV Survey, Needler)",glf4t2005,2005,148,,17,S. L.,2006-01-11,2006,49682,SL49682,202,Smooth skate,Malacoraja senta,30.3,4.2011,,,,133712,2100,Decapod unidentified,Decapoda,4,Advanced,,,1,0.1326,,
"4T Southern Gulf of St. Lawrence Ecosystem Trawl Survey (RV Survey, Needler)",glf4t2005,2005,148,,17,S. L.,2006-01-11,2006,49682,SL49682,202,Smooth skate,Malacoraja senta,30.3,4.2011,,,,133713,2331,Greenland shrimp,Eualus macilentus,2,Slight,,,1,0.0697,,
"4T Southern Gulf of St. Lawrence Ecosystem Trawl Survey (RV Survey, Needler)",glf4t2005,2005,148,,17,S. L.,2006-01-11,2006,49682,SL49682,202,Smooth skate,Malacoraja senta,30.3,4.2011,,,,133714,2000,Crustacean unidentified,Crustacea,4,Advanced,,,1,1.1539,,
"4T Southern Gulf of St. Lawrence Ecosystem Trawl Survey (RV Survey, Needler)",glf4t2005,2005,148,,17,S. L.,2006-01-11,2006,49682,SL49682,202,Smooth skate,Malacoraja senta,30.3,4.2011,,,,133715,9100,Mucus,Mucus,,,,,1,0.6559,,
"4T Southern Gulf of St. Lawrence Ecosystem Trawl Survey (RV Survey, Needler)",glf4t2005,2005,148,,18,S. L.,2006-01-09,2006,49683,SL49683,202,Smooth skate,Malacoraja senta,23.4,1.5249,,,,133716,2700,Mysid shrimp,Mysidacea (o.),2,Slight,,,1,0.3745,,
"4T Southern Gulf of St. Lawrence Ecosystem Trawl Survey (RV Survey, Needler)",glf4t2005,2005,148,,18,S. L.,2006-01-09,2006,49683,SL49683,202,Smooth skate,Malacoraja senta,23.4,1.5249,,,,133717,2600,Krill,Euphausiacea,2,Slight,,,1,0.3841,,
"4T Southern Gulf of St. Lawrence Ecosystem Trawl Survey (RV Survey, Needler)",glf4t2005,2005,148,,18,S. L.,2006-01-09,2006,49683,SL49683,202,Smooth skate,Malacoraja senta,23.4,1.5249,,,,133718,2811,Gammaridae unidentified,Gammaridae,2,Slight,,,1,0.1221,,
"4T Southern Gulf of St. Lawrence Ecosystem Trawl Survey (RV Survey, Needler)",glf4t2005,2005,148,,18,S. L.,2006-01-09,2006,49683,SL49683,202,Smooth skate,Malacoraja senta,23.4,1.5249,,,,133719,2000,Crustacean unidentified,Crustacea,4,Advanced,,,1,0.2912,,
"4T Southern Gulf of St. Lawrence Ecosystem Trawl Survey (RV Survey, Needler)",glf4t2005,2005,148,,18,S. L.,2006-01-09,2006,49683,SL49683,202,Smooth skate,Malacoraja senta,23.4,1.5249,,,,133720,9100,Mucus,Mucus,,,,,1,0.302,,
"4T Southern Gulf of St. Lawrence Ecosystem Trawl Survey (RV Survey, Needler)",glf4t2005,2005,148,,18,S. L.,2006-01-09,2006,49683,SL49683,202,Smooth skate,Malacoraja senta,23.4,1.5249,,,,133721,9700,Sand,Sand,,,,,1,0.051,,
"4T Southern Gulf of St. Lawrence Ecosystem Trawl Survey (RV Survey, Needler)",glf4t2005,2005,148,,19,S. L.,2006-01-13,2006,49684,SL49684,202,Smooth skate,Malacoraja senta,26.1,1.8922,,,,133722,2811,Gammaridae unidentified,Gammaridae,2,Slight,,,1,0.5436,,
"4T Southern Gulf of St. Lawrence Ecosystem Trawl Survey (RV Survey, Needler)",glf4t2005,2005,148,,19,S. L.,2006-01-13,2006,49684,SL49684,202,Smooth skate,Malacoraja senta,26.1,1.8922,,,,133723,2700,Mysid shrimp,Mysidacea (o.),2,Slight,,,1,0.2189,,
"4T Southern Gulf of St. Lawrence Ecosystem Trawl Survey (RV Survey, Needler)",glf4t2005,2005,148,,19,S. L.,2006-01-13,2006,49684,SL49684,202,Smooth skate,Malacoraja senta,26.1,1.8922,,,,133724,2000,Crustacean unidentified,Crustacea,4,Advanced,,,1,0.5871,,
"4T Southern Gulf of St. Lawrence Ecosystem Trawl Survey (RV Survey, Needler)",glf4t2005,2005,148,,19,S. L.,2006-01-13,2006,49684,SL49684,202,Smooth skate,Malacoraja senta,26.1,1.8922,,,,133725,9100,Mucus,Mucus,,,,,1,0.5426,,
"4T Southern Gulf of St. Lawrence Ecosystem Trawl Survey (RV Survey, Needler)",glf4t2005,2005,148,,20,S. L.,2006-01-11,2006,49685,SL49685,202,Smooth skate,Malacoraja senta,26.5,1.4308,,,,133726,2421,Sevenline shrimp,Sabinea septemcarinata,2,Slight,,,1,0.0773,,
"4T Southern Gulf of St. Lawrence Ecosystem Trawl Survey (RV Survey, Needler)",glf4t2005,2005,148,,20,S. L.,2006-01-11,2006,49685,SL49685,202,Smooth skate,Malacoraja senta,26.5,1.4308,,,,133727,2330,Eualus unidentified,Eualus,2,Slight,,,1,0.0237,,
"4T Southern Gulf of St. Lawrence Ecosystem Trawl Survey (RV Survey, Needler)",glf4t2005,2005,148,,20,S. L.,2006-01-11,2006,49685,SL49685,202,Smooth skate,Malacoraja senta,26.5,1.4308,,,,133728,2500,Crab sp.,Crab sp.,3,Intermediate,4.0,,1,0.0157,,
"4T Southern Gulf of St. Lawrence Ecosystem Trawl Survey (RV Survey, Needler)",glf4t2005,2005,148,,20,S. L.,2006-01-11,2006,49685,SL49685,202,Smooth skate,Malacoraja senta,26.5,1.4308,,,,133729,2700,Mysid shrimp,Mysidacea (o.),2,Slight,,,1,0.3236,,
"4T Southern Gulf of St. Lawrence Ecosystem Trawl Survey (RV Survey, Needler)",glf4t2005,2005,148,,20,S. L.,2006-01-11,2006,49685,SL49685,202,Smooth skate,Malacoraja senta,26.5,1.4308,,,,133730,2811,Gammaridae unidentified,Gammaridae,2,Slight,,,1,0.1117,,
"4T Southern Gulf of St. Lawrence Ecosystem Trawl Survey (RV Survey, Needler)",glf4t2005,2005,148,,20,S. L.,2006-01-11,2006,49685,SL49685,202,Smooth skate,Malacoraja senta,26.5,1.4308,,,,133731,2000,Crustacean unidentified,Crustacea,4,Advanced,,,1,0.3972,,
"4T Southern Gulf of St. Lawrence Ecosystem Trawl Survey (RV Survey, Needler)",glf4t2005,2005,148,,20,S. L.,2006-01-11,2006,49685,SL49685,202,Smooth skate,Malacoraja senta,26.5,1.4308,,,,133732,9100,Mucus,Mucus,,,,,1,0.4816,,
"4T Southern Gulf of St. Lawrence Ecosystem Trawl Survey (RV Survey, Needler)",glf4t2005,2005,148,,21,S. L.,2006-01-11,2006,49686,SL49686,202,Smooth skate,Malacoraja senta,24.4,1.4015,,,,133733,2700,Mysid shrimp,Mysidacea (o.),2,Slight,,,1,0.2741,,
"4T Southern Gulf of St. Lawrence Ecosystem Trawl Survey (RV Survey, Needler)",glf4t2005,2005,148,,21,S. L.,2006-01-11,2006,49686,SL49686,202,Smooth skate,Malacoraja senta,24.4,1.4015,,,,133734,2811,Gammaridae unidentified,Gammaridae,2,Slight,,,1,0.5308,,
"4T Southern Gulf of St. Lawrence Ecosystem Trawl Survey (RV Survey, Needler)",glf4t2005,2005,148,,21,S. L.,2006-01-11,2006,49686,SL49686,202,Smooth skate,Malacoraja senta,24.4,1.4015,,,,133735,2000,Crustacean unidentified,Crustacea,4,Advanced,,,1,0.1848,,
"4T Southern Gulf of St. Lawrence Ecosystem Trawl Survey (RV Survey, Needler)",glf4t2005,2005,148,,21,S. L.,2006-01-11,2006,49686,SL49686,202,Smooth skate,Malacoraja senta,24.4,1.4015,,,,133736,9100,Mucus,Mucus,,,,,1,0.4118,,
"4T Southern Gulf of St. Lawrence Ecosystem Trawl Survey (RV Survey, Needler)",glf4t2005,2005,149,,172,S. L.,2005-12-20,2005,49687,SL49687,201,Thorny skate,Amblyraja radiata,35.0,13.7276,,,,133737,2811,Gammaridae unidentified,Gammaridae,2,Slight,,,1,2.7742,,
"4T Southern Gulf of St. Lawrence Ecosystem Trawl Survey (RV Survey, Needler)",glf4t2005,2005,149,,172,S. L.,2005-12-20,2005,49687,SL49687,201,Thorny skate,Amblyraja radiata,35.0,13.7276,,,,133738,3100,Bristle worm unidentified,Polychaeta,2,Slight,,,1,9.4828,,
"4T Southern Gulf of St. Lawrence Ecosystem Trawl Survey (RV Survey, Needler)",glf4t2005,2005,149,,172,S. L.,2005-12-20,2005,49687,SL49687,201,Thorny skate,Amblyraja radiata,35.0,13.7276,,,,133739,7600,Trematoda unidentified,Trematoda,1,Undigested/freshly eaten,,,1,0.4741,,
"4T Southern Gulf of St. Lawrence Ecosystem Trawl Survey (RV Survey, Needler)",glf4t2005,2005,149,,172,S. L.,2005-12-20,2005,49687,SL49687,201,Thorny skate,Amblyraja radiata,35.0,13.7276,,,,133740,2500,Crab sp.,Crab sp.,4,Advanced,,,1,0.9012,,
"4T Southern Gulf of St. Lawrence Ecosystem Trawl Survey (RV Survey, Needler)",glf4t2005,2005,149,,172,S. L.,2005-12-20,2005,49687,SL49687,201,Thorny skate,Amblyraja radiata,35.0,13.7276,,,,133741,9300,Seaweed/Algae/Kelp unidentified,Obsolete,1,Undigested/freshly eaten,,,1,0.0144,,
"4T Southern Gulf of St. Lawrence Ecosystem Trawl Survey (RV Survey, Needler)",glf4t2005,2005,149,,172,S. L.,2005-12-20,2005,49687,SL49687,201,Thorny skate,Amblyraja radiata,35.0,13.7276,,,,133742,2600,Krill,Euphausiacea,3,Intermediate,,,1,0.0809,,
"4T Southern Gulf of St. Lawrence Ecosystem Trawl Survey (RV Survey, Needler)",glf4t2005,2005,149,,173,S. L.,2005-12-19,2005,49688,SL49688,201,Thorny skate,Amblyraja radiata,33.0,4.6247,,,,133743,2811,Gammaridae unidentified,Gammaridae,1,Undigested/freshly eaten,,,1,0.6575,,
"4T Southern Gulf of St. Lawrence Ecosystem Trawl Survey (RV Survey, Needler)",glf4t2005,2005,149,,173,S. L.,2005-12-19,2005,49688,SL49688,201,Thorny skate,Amblyraja radiata,33.0,4.6247,,,,133744,2600,Krill,Euphausiacea,2,Slight,,,1,0.5816,,
"4T Southern Gulf of St. Lawrence Ecosystem Trawl Survey (RV Survey, Needler)",glf4t2005,2005,149,,173,S. L.,2005-12-19,2005,49688,SL49688,201,Thorny skate,Amblyraja radiata,33.0,4.6247,,,,133745,3100,Bristle worm unidentified,Polychaeta,2,Slight,,,1,1.8482,,
"4T Southern Gulf of St. Lawrence Ecosystem Trawl Survey (RV Survey, Needler)",glf4t2005,2005,149,,173,S. L.,2005-12-19,2005,49688,SL49688,201,Thorny skate,Amblyraja radiata,33.0,4.6247,,,,133746,90,Fish unidentified,"Unid. fish (larvae,juvenile and adults)",3,Intermediate,,,1,0.29,,
"4T Southern Gulf of St. Lawrence Ecosystem Trawl Survey (RV Survey, Needler)",glf4t2005,2005,149,,173,S. L.,2005-12-19,2005,49688,SL49688,201,Thorny skate,Amblyraja radiata,33.0,4.6247,,,,133747,2000,Crustacean unidentified,Crustacea,4,Advanced,,,1,1.2474,,
"4T Southern Gulf of St. Lawrence Ecosystem Trawl Survey (RV Survey, Needler)",glf4t2005,2005,149,,174,S. L.,2005-12-19,2005,49689,SL49689,201,Thorny skate,Amblyraja radiata,29.0,2.2741,,,,133748,2811,Gammaridae unidentified,Gammaridae,2,Slight,,,1,0.3593,,
"4T Southern Gulf of St. Lawrence Ecosystem Trawl Survey (RV Survey, Needler)",glf4t2005,2005,149,,174,S. L.,2005-12-19,2005,49689,SL49689,201,Thorny skate,Amblyraja radiata,29.0,2.2741,,,,133749,3100,Bristle worm unidentified,Polychaeta,2,Slight,,,1,0.0627,,
"4T Southern Gulf of St. Lawrence Ecosystem Trawl Survey (RV Survey, Needler)",glf4t2005,2005,149,,174,S. L.,2005-12-19,2005,49689,SL49689,201,Thorny skate,Amblyraja radiata,29.0,2.2741,,,,133750,2600,Krill,Euphausiacea,2,Slight,,,1,0.5805,,
"4T Southern Gulf of St. Lawrence Ecosystem Trawl Survey (RV Survey, Needler)",glf4t2005,2005,149,,174,S. L.,2005-12-19,2005,49689,SL49689,201,Thorny skate,Amblyraja radiata,29.0,2.2741,,,,133751,2700,Mysid shrimp,Mysidacea (o.),2,Slight,,,1,0.0179,,
"4T Southern Gulf of St. Lawrence Ecosystem Trawl Survey (RV Survey, Needler)",glf4t2005,2005,149,,174,S. L.,2005-12-19,2005,49689,SL49689,201,Thorny skate,Amblyraja radiata,29.0,2.2741,,,,133752,2526,Snow crab,Chionoecetes opilio,3,Intermediate,11.0,,1,0.3653,,
"4T Southern Gulf of St. Lawrence Ecosystem Trawl Survey (RV Survey, Needler)",glf4t2005,2005,149,,174,S. L.,2005-12-19,2005,49689,SL49689,201,Thorny skate,Amblyraja radiata,29.0,2.2741,,,,133753,2500,Crab sp.,Crab sp.,4,Advanced,,,1,0.348,,
"4T Southern Gulf of St. Lawrence Ecosystem Trawl Survey (RV Survey, Needler)",glf4t2005,2005,149,,174,S. L.,2005-12-19,2005,49689,SL49689,201,Thorny skate,Amblyraja radiata,29.0,2.2741,,,,133754,9700,Sand,Sand,,,,,1,0.0444,,
"4T Southern Gulf of St. Lawrence Ecosystem Trawl Survey (RV Survey, Needler)",glf4t2005,2005,149,,174,S. L.,2005-12-19,2005,49689,SL49689,201,Thorny skate,Amblyraja radiata,29.0,2.2741,,,,133755,2000,Crustacean unidentified,Crustacea,4,Advanced,,,1,0.496,,
"4T Southern Gulf of St. Lawrence Ecosystem Trawl Survey (RV Survey, Needler)",glf4t2005,2005,149,,175,S. L.,2005-12-20,2005,49690,SL49690,201,Thorny skate,Amblyraja radiata,30.0,5.6357,,,,133756,2700,Mysid shrimp,Mysidacea (o.),2,Slight,,,1,0.0219,,
"4T Southern Gulf of St. Lawrence Ecosystem Trawl Survey (RV Survey, Needler)",glf4t2005,2005,149,,175,S. L.,2005-12-20,2005,49690,SL49690,201,Thorny skate,Amblyraja radiata,30.0,5.6357,,,,133757,2811,Gammaridae unidentified,Gammaridae,2,Slight,,,1,1.2338,,
"4T Southern Gulf of St. Lawrence Ecosystem Trawl Survey (RV Survey, Needler)",glf4t2005,2005,149,,175,S. L.,2005-12-20,2005,49690,SL49690,201,Thorny skate,Amblyraja radiata,30.0,5.6357,,,,133758,3100,Bristle worm unidentified,Polychaeta,2,Slight,,,1,4.38,,
"4T Southern Gulf of St. Lawrence Ecosystem Trawl Survey (RV Survey, Needler)",glf4t2005,2005,149,,176,S. L.,2005-12-19,2005,49691,SL49691,201,Thorny skate,Amblyraja radiata,43.0,8.2871,,,,133759,49,Flounder unidentified (f.),Pleuronectidae (f.),4,Advanced,19.0,,1,0.0535,,
"4T Southern Gulf of St. Lawrence Ecosystem Trawl Survey (RV Survey, Needler)",glf4t2005,2005,149,,176,S. L.,2005-12-19,2005,49691,SL49691,201,Thorny skate,Amblyraja radiata,43.0,8.2871,,,,133760,3100,Bristle worm unidentified,Polychaeta,3,Intermediate,,,1,1.2592,,
"4T Southern Gulf of St. Lawrence Ecosystem Trawl Survey (RV Survey, Needler)",glf4t2005,2005,149,,176,S. L.,2005-12-19,2005,49691,SL49691,201,Thorny skate,Amblyraja radiata,43.0,8.2871,,,,133761,2500,Crab sp.,Crab sp.,4,Advanced,,,1,0.9852,,
"4T Southern Gulf of St. Lawrence Ecosystem Trawl Survey (RV Survey, Needler)",glf4t2005,2005,149,,176,S. L.,2005-12-19,2005,49691,SL49691,201,Thorny skate,Amblyraja radiata,43.0,8.2871,,,,133762,2521,Arctic Lyre Crab/Lesser toad crab,Hyas coarctatus,3,Intermediate,9.0,,1,0.2368,,
"4T Southern Gulf of St. Lawrence Ecosystem Trawl Survey (RV Survey, Needler)",glf4t2005,2005,149,,176,S. L.,2005-12-19,2005,49691,SL49691,201,Thorny skate,Amblyraja radiata,43.0,8.2871,,,,133763,2526,Snow crab,Chionoecetes opilio,2,Slight,8.0,,1,0.4053,,
"4T Southern Gulf of St. Lawrence Ecosystem Trawl Survey (RV Survey, Needler)",glf4t2005,2005,149,,176,S. L.,2005-12-19,2005,49691,SL49691,201,Thorny skate,Amblyraja radiata,43.0,8.2871,,,,133764,2526,Snow crab,Chionoecetes opilio,3,Intermediate,7.0,,1,0.2265,,
"4T Southern Gulf of St. Lawrence Ecosystem Trawl Survey (RV Survey, Needler)",glf4t2005,2005,149,,176,S. L.,2005-12-19,2005,49691,SL49691,201,Thorny skate,Amblyraja radiata,43.0,8.2871,,,,133765,2526,Snow crab,Chionoecetes opilio,3,Intermediate,10.0,,1,0.406,,
"4T Southern Gulf of St. Lawrence Ecosystem Trawl Survey (RV Survey, Needler)",glf4t2005,2005,149,,176,S. L.,2005-12-19,2005,49691,SL49691,201,Thorny skate,Amblyraja radiata,43.0,8.2871,,,,133766,2526,Snow crab,Chionoecetes opilio,3,Intermediate,10.0,,1,0.33,,
"4T Southern Gulf of St. Lawrence Ecosystem Trawl Survey (RV Survey, Needler)",glf4t2005,2005,149,,176,S. L.,2005-12-19,2005,49691,SL49691,201,Thorny skate,Amblyraja radiata,43.0,8.2871,,,,133767,2811,Gammaridae unidentified,Gammaridae,2,Slight,,,1,1.1032,,
"4T Southern Gulf of St. Lawrence Ecosystem Trawl Survey (RV Survey, Needler)",glf4t2005,2005,149,,176,S. L.,2005-12-19,2005,49691,SL49691,201,Thorny skate,Amblyraja radiata,43.0,8.2871,,,,133768,2600,Krill,Euphausiacea,3,Intermediate,,,1,0.1241,,
"4T Southern Gulf of St. Lawrence Ecosystem Trawl Survey (RV Survey, Needler)",glf4t2005,2005,149,,176,S. L.,2005-12-19,2005,49691,SL49691,201,Thorny skate,Amblyraja radiata,43.0,8.2871,,,,133769,2000,Crustacean unidentified,Crustacea,4,Advanced,,,1,2.32,,
"4T Southern Gulf of St. Lawrence Ecosystem Trawl Survey (RV Survey, Needler)",glf4t2005,2005,149,,176,S. L.,2005-12-19,2005,49691,SL49691,201,Thorny skate,Amblyraja radiata,43.0,8.2871,,,,133770,9100,Mucus,Mucus,,,,,1,0.829,,
"4T Southern Gulf of St. Lawrence Ecosystem Trawl Survey (RV Survey, Needler)",glf4t2005,2005,149,,176,S. L.,2005-12-19,2005,49691,SL49691,201,Thorny skate,Amblyraja radiata,43.0,8.2871,,,,133771,2971,Diastylis sp.,Diastylis,2,Slight,,,1,0.0083,,
"4T Southern Gulf of St. Lawrence Ecosystem Trawl Survey (RV Survey, Needler)",glf4t2005,2005,149,,177,S. L.,2006-02-22,2006,49692,SL49692,201,Thorny skate,Amblyraja radiata,26.9,8.585,,,,133772,90,Fish unidentified,"Unid. fish (larvae,juvenile and adults)",4,Advanced,,,1,0.0258,,
"4T Southern Gulf of St. Lawrence Ecosystem Trawl Survey (RV Survey, Needler)",glf4t2005,2005,149,,177,S. L.,2006-02-22,2006,49692,SL49692,201,Thorny skate,Amblyraja radiata,26.9,8.585,,,,133773,2600,Krill,Euphausiacea,3,Intermediate,,,1,0.3913,,
"4T Southern Gulf of St. Lawrence Ecosystem Trawl Survey (RV Survey, Needler)",glf4t2005,2005,149,,177,S. L.,2006-02-22,2006,49692,SL49692,201,Thorny skate,Amblyraja radiata,26.9,8.585,,,,133774,2700,Mysid shrimp,Mysidacea (o.),2,Slight,,,1,0.2229,,
"4T Southern Gulf of St. Lawrence Ecosystem Trawl Survey (RV Survey, Needler)",glf4t2005,2005,149,,177,S. L.,2006-02-22,2006,49692,SL49692,201,Thorny skate,Amblyraja radiata,26.9,8.585,,,,133775,3100,Bristle worm unidentified,Polychaeta,3,Intermediate,,,1,0.5719,,
"4T Southern Gulf of St. Lawrence Ecosystem Trawl Survey (RV Survey, Needler)",glf4t2005,2005,149,,177,S. L.,2006-02-22,2006,49692,SL49692,201,Thorny skate,Amblyraja radiata,26.9,8.585,,,,133776,2811,Gammaridae unidentified,Gammaridae,2,Slight,,,1,3.3048,,
"4T Southern Gulf of St. Lawrence Ecosystem Trawl Survey (RV Survey, Needler)",glf4t2005,2005,149,,177,S. L.,2006-02-22,2006,49692,SL49692,201,Thorny skate,Amblyraja radiata,26.9,8.585,,,,133777,,,,2,Slight,,,1,0.0145,,
"4T Southern Gulf of St. Lawrence Ecosystem Trawl Survey (RV Survey, Needler)",glf4t2005,2005,149,,177,S. L.,2006-02-22,2006,49692,SL49692,201,Thorny skate,Amblyraja radiata,26.9,8.585,,,,133778,2526,Snow crab,Chionoecetes opilio,1,Undigested/freshly eaten,8.0,,1,0.3737,,
"4T Southern Gulf of St. Lawrence Ecosystem Trawl Survey (RV Survey, Needler)",glf4t2005,2005,149,,177,S. L.,2006-02-22,2006,49692,SL49692,201,Thorny skate,Amblyraja radiata,26.9,8.585,,,,133779,2526,Snow crab,Chionoecetes opilio,1,Undigested/freshly eaten,7.0,,1,0.2371,,
"4T Southern Gulf of St. Lawrence Ecosystem Trawl Survey (RV Survey, Needler)",glf4t2005,2005,149,,177,S. L.,2006-02-22,2006,49692,SL49692,201,Thorny skate,Amblyraja radiata,26.9,8.585,,,,133780,2526,Snow crab,Chionoecetes opilio,1,Undigested/freshly eaten,7.0,,1,0.2164,,
"4T Southern Gulf of St. Lawrence Ecosystem Trawl Survey (RV Survey, Needler)",glf4t2005,2005,149,,177,S. L.,2006-02-22,2006,49692,SL49692,201,Thorny skate,Amblyraja radiata,26.9,8.585,,,,133781,2000,Crustacean unidentified,Crustacea,4,Advanced,,,1,1.7437,,
"4T Southern Gulf of St. Lawrence Ecosystem Trawl Survey (RV Survey, Needler)",glf4t2005,2005,149,,177,S. L.,2006-02-22,2006,49692,SL49692,201,Thorny skate,Amblyraja radiata,26.9,8.585,,,,133782,2210,Boreal red shrimp unidentified,Pandalus,3,Intermediate,,,1,0.0229,,
"4T Southern Gulf of St. Lawrence Ecosystem Trawl Survey (RV Survey, Needler)",glf4t2005,2005,149,,177,S. L.,2006-02-22,2006,49692,SL49692,201,Thorny skate,Amblyraja radiata,26.9,8.585,,,,133783,9100,Mucus,Mucus,,,,,1,1.46,,
"4T Southern Gulf of St. Lawrence Ecosystem Trawl Survey (RV Survey, Needler)",glf4t2005,2005,149,,178,S. L.,2006-02-22,2006,49693,SL49693,201,Thorny skate,Amblyraja radiata,15.0,1.4954,,,,133784,2902,Copepods - 3 mm or less,Copepoda (s.c) - Small,1,Undigested/freshly eaten,,,1,0.0366,,
"4T Southern Gulf of St. Lawrence Ecosystem Trawl Survey (RV Survey, Needler)",glf4t2005,2005,149,,178,S. L.,2006-02-22,2006,49693,SL49693,201,Thorny skate,Amblyraja radiata,15.0,1.4954,,,,133785,2700,Mysid shrimp,Mysidacea (o.),2,Slight,,,1,0.0188,,
"4T Southern Gulf of St. Lawrence Ecosystem Trawl Survey (RV Survey, Needler)",glf4t2005,2005,149,,178,S. L.,2006-02-22,2006,49693,SL49693,201,Thorny skate,Amblyraja radiata,15.0,1.4954,,,,133786,2811,Gammaridae unidentified,Gammaridae,2,Slight,,,1,0.7124,,
"4T Southern Gulf of St. Lawrence Ecosystem Trawl Survey (RV Survey, Needler)",glf4t2005,2005,149,,178,S. L.,2006-02-22,2006,49693,SL49693,201,Thorny skate,Amblyraja radiata,15.0,1.4954,,,,133787,3100,Bristle worm unidentified,Polychaeta,3,Intermediate,,,1,0.0044,,
"4T Southern Gulf of St. Lawrence Ecosystem Trawl Survey (RV Survey, Needler)",glf4t2005,2005,149,,178,S. L.,2006-02-22,2006,49693,SL49693,201,Thorny skate,Amblyraja radiata,15.0,1.4954,,,,133788,2000,Crustacean unidentified,Crustacea,4,Advanced,,,1,0.3927,,
"4T Southern Gulf of St. Lawrence Ecosystem Trawl Survey (RV Survey, Needler)",glf4t2005,2005,149,,178,S. L.,2006-02-22,2006,49693,SL49693,201,Thorny skate,Amblyraja radiata,15.0,1.4954,,,,133789,9100,Mucus,Mucus,,,,,1,0.3305,,
"4T Southern Gulf of St. Lawrence Ecosystem Trawl Survey (RV Survey, Needler)",glf4t2005,2005,149,,179,S. L.,2006-02-23,2006,49694,SL49694,201,Thorny skate,Amblyraja radiata,14.4,0.9576,,,,133790,2902,Copepods - 3 mm or less,Copepoda (s.c) - Small,1,Undigested/freshly eaten,,,1,0.0077,,
"4T Southern Gulf of St. Lawrence Ecosystem Trawl Survey (RV Survey, Needler)",glf4t2005,2005,149,,179,S. L.,2006-02-23,2006,49694,SL49694,201,Thorny skate,Amblyraja radiata,14.4,0.9576,,,,133791,3100,Bristle worm unidentified,Polychaeta,3,Intermediate,,,1,0.0239,,
"4T Southern Gulf of St. Lawrence Ecosystem Trawl Survey (RV Survey, Needler)",glf4t2005,2005,149,,179,S. L.,2006-02-23,2006,49694,SL49694,201,Thorny skate,Amblyraja radiata,14.4,0.9576,,,,133792,2811,Gammaridae unidentified,Gammaridae,2,Slight,,,1,0.5391,,
"4T Southern Gulf of St. Lawrence Ecosystem Trawl Survey (RV Survey, Needler)",glf4t2005,2005,149,,179,S. L.,2006-02-23,2006,49694,SL49694,201,Thorny skate,Amblyraja radiata,14.4,0.9576,,,,133793,2000,Crustacean unidentified,Crustacea,4,Advanced,,,1,0.2289,,
"4T Southern Gulf of St. Lawrence Ecosystem Trawl Survey (RV Survey, Needler)",glf4t2005,2005,149,,179,S. L.,2006-02-23,2006,49694,SL49694,201,Thorny skate,Amblyraja radiata,14.4,0.9576,,,,133794,9100,Mucus,Mucus,,,,,1,0.158,,
"4T Southern Gulf of St. Lawrence Ecosystem Trawl Survey (RV Survey, Needler)",glf4t2005,2005,149,,180,S. L.,2006-02-23,2006,49695,SL49695,201,Thorny skate,Amblyraja radiata,15.5,1.3063,,,,133795,2902,Copepods - 3 mm or less,Copepoda (s.c) - Small,1,Undigested/freshly eaten,,,1,0.0121,,
"4T Southern Gulf of St. Lawrence Ecosystem Trawl Survey (RV Survey, Needler)",glf4t2005,2005,149,,180,S. L.,2006-02-23,2006,49695,SL49695,201,Thorny skate,Amblyraja radiata,15.5,1.3063,,,,133796,2700,Mysid shrimp,Mysidacea (o.),2,Slight,,,1,0.0211,,
"4T Southern Gulf of St. Lawrence Ecosystem Trawl Survey (RV Survey, Needler)",glf4t2005,2005,149,,180,S. L.,2006-02-23,2006,49695,SL49695,201,Thorny skate,Amblyraja radiata,15.5,1.3063,,,,133797,2811,Gammaridae unidentified,Gammaridae,2,Slight,,,1,0.814,,
"4T Southern Gulf of St. Lawrence Ecosystem Trawl Survey (RV Survey, Needler)",glf4t2005,2005,149,,180,S. L.,2006-02-23,2006,49695,SL49695,201,Thorny skate,Amblyraja radiata,15.5,1.3063,,,,133798,9100,Mucus,Mucus,,,,,1,0.4591,,
"4T Southern Gulf of St. Lawrence Ecosystem Trawl Survey (RV Survey, Needler)",glf4t2005,2005,149,,181,S. L.,2006-02-23,2006,49696,SL49696,201,Thorny skate,Amblyraja radiata,13.6,0.4446,,,,133799,2902,Copepods - 3 mm or less,Copepoda (s.c) - Small,1,Undigested/freshly eaten,,,1,0.0058,,
"4T Southern Gulf of St. Lawrence Ecosystem Trawl Survey (RV Survey, Needler)",glf4t2005,2005,149,,181,S. L.,2006-02-23,2006,49696,SL49696,201,Thorny skate,Amblyraja radiata,13.6,0.4446,,,,133800,2700,Mysid shrimp,Mysidacea (o.),1,Undigested/freshly eaten,,,1,0.0087,,
"4T Southern Gulf of St. Lawrence Ecosystem Trawl Survey (RV Survey, Needler)",glf4t2005,2005,149,,181,S. L.,2006-02-23,2006,49696,SL49696,201,Thorny skate,Amblyraja radiata,13.6,0.4446,,,,133801,2811,Gammaridae unidentified,Gammaridae,2,Slight,,,1,0.2368,,
"4T Southern Gulf of St. Lawrence Ecosystem Trawl Survey (RV Survey, Needler)",glf4t2005,2005,149,,181,S. L.,2006-02-23,2006,49696,SL49696,201,Thorny skate,Amblyraja radiata,13.6,0.4446,,,,133802,2000,Crustacean unidentified,Crustacea,4,Advanced,,,1,0.0684,,
"4T Southern Gulf of St. Lawrence Ecosystem Trawl Survey (RV Survey, Needler)",glf4t2005,2005,149,,181,S. L.,2006-02-23,2006,49696,SL49696,201,Thorny skate,Amblyraja radiata,13.6,0.4446,,,,133803,9100,Mucus,Mucus,,,,,1,0.1249,,
"4T Southern Gulf of St. Lawrence Ecosystem Trawl Survey (RV Survey, Needler)",glf4t2005,2005,149,,182,S. L.,2006-02-22,2006,49697,SL49697,201,Thorny skate,Amblyraja radiata,15.0,1.1464,,,,133804,2902,Copepods - 3 mm or less,Copepoda (s.c) - Small,1,Undigested/freshly eaten,,,1,0.0044,,
"4T Southern Gulf of St. Lawrence Ecosystem Trawl Survey (RV Survey, Needler)",glf4t2005,2005,149,,182,S. L.,2006-02-22,2006,49697,SL49697,201,Thorny skate,Amblyraja radiata,15.0,1.1464,,,,133805,2700,Mysid shrimp,Mysidacea (o.),2,Slight,,,1,0.0409,,
"4T Southern Gulf of St. Lawrence Ecosystem Trawl Survey (RV Survey, Needler)",glf4t2005,2005,149,,182,S. L.,2006-02-22,2006,49697,SL49697,201,Thorny skate,Amblyraja radiata,15.0,1.1464,,,,133806,3100,Bristle worm unidentified,Polychaeta,3,Intermediate,,,1,0.0607,,
"4T Southern Gulf of St. Lawrence Ecosystem Trawl Survey (RV Survey, Needler)",glf4t2005,2005,149,,182,S. L.,2006-02-22,2006,49697,SL49697,201,Thorny skate,Amblyraja radiata,15.0,1.1464,,,,133807,2811,Gammaridae unidentified,Gammaridae,2,Slight,,,1,0.5672,,
"4T Southern Gulf of St. Lawrence Ecosystem Trawl Survey (RV Survey, Needler)",glf4t2005,2005,149,,182,S. L.,2006-02-22,2006,49697,SL49697,201,Thorny skate,Amblyraja radiata,15.0,1.1464,,,,133808,2000,Crustacean unidentified,Crustacea,4,Advanced,,,1,0.2422,,
"4T Southern Gulf of St. Lawrence Ecosystem Trawl Survey (RV Survey, Needler)",glf4t2005,2005,149,,182,S. L.,2006-02-22,2006,49697,SL49697,201,Thorny skate,Amblyraja radiata,15.0,1.1464,,,,133809,9100,Mucus,Mucus,,,,,1,0.231,,
"4T Southern Gulf of St. Lawrence Ecosystem Trawl Survey (RV Survey, Needler)",glf4t2005,2005,149,,183,S. L.,2006-02-23,2006,49698,SL49698,201,Thorny skate,Amblyraja radiata,14.3,0.443,,,,133810,2902,Copepods - 3 mm or less,Copepoda (s.c) - Small,1,Undigested/freshly eaten,,,1,0.0018,,
"4T Southern Gulf of St. Lawrence Ecosystem Trawl Survey (RV Survey, Needler)",glf4t2005,2005,149,,183,S. L.,2006-02-23,2006,49698,SL49698,201,Thorny skate,Amblyraja radiata,14.3,0.443,,,,133811,2700,Mysid shrimp,Mysidacea (o.),3,Intermediate,,,1,0.0043,,
"4T Southern Gulf of St. Lawrence Ecosystem Trawl Survey (RV Survey, Needler)",glf4t2005,2005,149,,183,S. L.,2006-02-23,2006,49698,SL49698,201,Thorny skate,Amblyraja radiata,14.3,0.443,,,,133812,2811,Gammaridae unidentified,Gammaridae,2,Slight,,,1,0.1823,,
"4T Southern Gulf of St. Lawrence Ecosystem Trawl Survey (RV Survey, Needler)",glf4t2005,2005,149,,183,S. L.,2006-02-23,2006,49698,SL49698,201,Thorny skate,Amblyraja radiata,14.3,0.443,,,,133813,2000,Crustacean unidentified,Crustacea,4,Advanced,,,1,0.0335,,
"4T Southern Gulf of St. Lawrence Ecosystem Trawl Survey (RV Survey, Needler)",glf4t2005,2005,149,,183,S. L.,2006-02-23,2006,49698,SL49698,201,Thorny skate,Amblyraja radiata,14.3,0.443,,,,133814,9100,Mucus,Mucus,,,,,1,0.2211,,
"4T Southern Gulf of St. Lawrence Ecosystem Trawl Survey (RV Survey, Needler)",glf4t2005,2005,149,,184,S. L.,2006-02-22,2006,49699,SL49699,201,Thorny skate,Amblyraja radiata,15.6,1.7535,,,,133815,2902,Copepods - 3 mm or less,Copepoda (s.c) - Small,1,Undigested/freshly eaten,,,1,0.041,,
"4T Southern Gulf of St. Lawrence Ecosystem Trawl Survey (RV Survey, Needler)",glf4t2005,2005,149,,184,S. L.,2006-02-22,2006,49699,SL49699,201,Thorny skate,Amblyraja radiata,15.6,1.7535,,,,133816,3100,Bristle worm unidentified,Polychaeta,2,Slight,,,1,0.0228,,
"4T Southern Gulf of St. Lawrence Ecosystem Trawl Survey (RV Survey, Needler)",glf4t2005,2005,149,,184,S. L.,2006-02-22,2006,49699,SL49699,201,Thorny skate,Amblyraja radiata,15.6,1.7535,,,,133817,2700,Mysid shrimp,Mysidacea (o.),2,Slight,,,1,0.0481,,
"4T Southern Gulf of St. Lawrence Ecosystem Trawl Survey (RV Survey, Needler)",glf4t2005,2005,149,,184,S. L.,2006-02-22,2006,49699,SL49699,201,Thorny skate,Amblyraja radiata,15.6,1.7535,,,,133818,2100,Decapod unidentified,Decapoda,3,Intermediate,,,1,0.0088,,
"4T Southern Gulf of St. Lawrence Ecosystem Trawl Survey (RV Survey, Needler)",glf4t2005,2005,149,,184,S. L.,2006-02-22,2006,49699,SL49699,201,Thorny skate,Amblyraja radiata,15.6,1.7535,,,,133819,2811,Gammaridae unidentified,Gammaridae,2,Slight,,,1,0.8136,,
"4T Southern Gulf of St. Lawrence Ecosystem Trawl Survey (RV Survey, Needler)",glf4t2005,2005,149,,184,S. L.,2006-02-22,2006,49699,SL49699,201,Thorny skate,Amblyraja radiata,15.6,1.7535,,,,133820,2000,Crustacean unidentified,Crustacea,4,Advanced,,,1,0.5229,,
"4T Southern Gulf of St. Lawrence Ecosystem Trawl Survey (RV Survey, Needler)",glf4t2005,2005,149,,184,S. L.,2006-02-22,2006,49699,SL49699,201,Thorny skate,Amblyraja radiata,15.6,1.7535,,,,133821,9100,Mucus,Mucus,,,,,1,0.2963,,
"4T Southern Gulf of St. Lawrence Ecosystem Trawl Survey (RV Survey, Needler)",glf4t2005,2005,149,,185,S. L.,2006-02-23,2006,49700,SL49700,201,Thorny skate,Amblyraja radiata,15.5,2.208,,,,133822,2902,Copepods - 3 mm or less,Copepoda (s.c) - Small,1,Undigested/freshly eaten,,,1,0.0058,,
"4T Southern Gulf of St. Lawrence Ecosystem Trawl Survey (RV Survey, Needler)",glf4t2005,2005,149,,185,S. L.,2006-02-23,2006,49700,SL49700,201,Thorny skate,Amblyraja radiata,15.5,2.208,,,,133823,2700,Mysid shrimp,Mysidacea (o.),2,Slight,,,1,0.0949,,
"4T Southern Gulf of St. Lawrence Ecosystem Trawl Survey (RV Survey, Needler)",glf4t2005,2005,149,,185,S. L.,2006-02-23,2006,49700,SL49700,201,Thorny skate,Amblyraja radiata,15.5,2.208,,,,133824,3100,Bristle worm unidentified,Polychaeta,3,Intermediate,,,1,0.0012,,
"4T Southern Gulf of St. Lawrence Ecosystem Trawl Survey (RV Survey, Needler)",glf4t2005,2005,149,,185,S. L.,2006-02-23,2006,49700,SL49700,201,Thorny skate,Amblyraja radiata,15.5,2.208,,,,133825,2811,Gammaridae unidentified,Gammaridae,2,Slight,,,1,1.3699,,
"4T Southern Gulf of St. Lawrence Ecosystem Trawl Survey (RV Survey, Needler)",glf4t2005,2005,149,,185,S. L.,2006-02-23,2006,49700,SL49700,201,Thorny skate,Amblyraja radiata,15.5,2.208,,,,133826,2000,Crustacean unidentified,Crustacea,4,Advanced,,,1,0.586,,
"4T Southern Gulf of St. Lawrence Ecosystem Trawl Survey (RV Survey, Needler)",glf4t2005,2005,149,,185,S. L.,2006-02-23,2006,49700,SL49700,201,Thorny skate,Amblyraja radiata,15.5,2.208,,,,133827,9100,Mucus,Mucus,,,,,1,0.1502,,
"4T Southern Gulf of St. Lawrence Ecosystem Trawl Survey (RV Survey, Needler)",glf4t2005,2005,149,,186,S. L.,2006-02-23,2006,49701,SL49701,201,Thorny skate,Amblyraja radiata,12.4,0.5866,,,,133828,2700,Mysid shrimp,Mysidacea (o.),2,Slight,,,1,0.0227,,
"4T Southern Gulf of St. Lawrence Ecosystem Trawl Survey (RV Survey, Needler)",glf4t2005,2005,149,,186,S. L.,2006-02-23,2006,49701,SL49701,201,Thorny skate,Amblyraja radiata,12.4,0.5866,,,,133829,2902,Copepods - 3 mm or less,Copepoda (s.c) - Small,1,Undigested/freshly eaten,,,1,0.0132,,
"4T Southern Gulf of St. Lawrence Ecosystem Trawl Survey (RV Survey, Needler)",glf4t2005,2005,149,,186,S. L.,2006-02-23,2006,49701,SL49701,201,Thorny skate,Amblyraja radiata,12.4,0.5866,,,,133830,2811,Gammaridae unidentified,Gammaridae,2,Slight,,,1,0.3104,,
"4T Southern Gulf of St. Lawrence Ecosystem Trawl Survey (RV Survey, Needler)",glf4t2005,2005,149,,186,S. L.,2006-02-23,2006,49701,SL49701,201,Thorny skate,Amblyraja radiata,12.4,0.5866,,,,133831,2000,Crustacean unidentified,Crustacea,4,Advanced,,,1,0.158,,
"4T Southern Gulf of St. Lawrence Ecosystem Trawl Survey (RV Survey, Needler)",glf4t2005,2005,149,,186,S. L.,2006-02-23,2006,49701,SL49701,201,Thorny skate,Amblyraja radiata,12.4,0.5866,,,,133832,9100,Mucus,Mucus,,,,,1,0.0802,,
"4T Southern Gulf of St. Lawrence Ecosystem Trawl Survey (RV Survey, Needler)",glf4t2005,2005,149,,186,S. L.,2006-02-23,2006,49701,SL49701,201,Thorny skate,Amblyraja radiata,12.4,0.5866,,,,133833,2971,Diastylis sp.,Diastylis,3,Intermediate,,,1,0.0021,,
"4T Southern Gulf of St. Lawrence Ecosystem Trawl Survey (RV Survey, Needler)",glf4t2005,2005,149,,187,S. L.,2006-02-23,2006,49702,SL49702,201,Thorny skate,Amblyraja radiata,14.4,0.8641,,,,133834,2902,Copepods - 3 mm or less,Copepoda (s.c) - Small,1,Undigested/freshly eaten,,,1,0.0122,,
"4T Southern Gulf of St. Lawrence Ecosystem Trawl Survey (RV Survey, Needler)",glf4t2005,2005,149,,187,S. L.,2006-02-23,2006,49702,SL49702,201,Thorny skate,Amblyraja radiata,14.4,0.8641,,,,133835,2700,Mysid shrimp,Mysidacea (o.),3,Intermediate,,,1,0.0248,,
"4T Southern Gulf of St. Lawrence Ecosystem Trawl Survey (RV Survey, Needler)",glf4t2005,2005,149,,187,S. L.,2006-02-23,2006,49702,SL49702,201,Thorny skate,Amblyraja radiata,14.4,0.8641,,,,133836,2811,Gammaridae unidentified,Gammaridae,2,Slight,,,1,0.5458,,
"4T Southern Gulf of St. Lawrence Ecosystem Trawl Survey (RV Survey, Needler)",glf4t2005,2005,149,,187,S. L.,2006-02-23,2006,49702,SL49702,201,Thorny skate,Amblyraja radiata,14.4,0.8641,,,,133837,2000,Crustacean unidentified,Crustacea,4,Advanced,,,1,0.12,,
"4T Southern Gulf of St. Lawrence Ecosystem Trawl Survey (RV Survey, Needler)",glf4t2005,2005,149,,187,S. L.,2006-02-23,2006,49702,SL49702,201,Thorny skate,Amblyraja radiata,14.4,0.8641,,,,133838,9100,Mucus,Mucus,,,,,1,0.1613,,
"4T Southern Gulf of St. Lawrence Ecosystem Trawl Survey (RV Survey, Needler)",glf4t2005,2005,149,,22,S. L.,2005-12-19,2005,49703,SL49703,202,Smooth skate,Malacoraja senta,48.0,5.697,,,,133839,2600,Krill,Euphausiacea,2,Slight,,,1,0.5133,,
"4T Southern Gulf of St. Lawrence Ecosystem Trawl Survey (RV Survey, Needler)",glf4t2005,2005,149,,22,S. L.,2005-12-19,2005,49703,SL49703,202,Smooth skate,Malacoraja senta,48.0,5.697,,,,133840,2211,Northern shrimp,Pandalus borealis,3,Intermediate,,,1,3.4732,,
"4T Southern Gulf of St. Lawrence Ecosystem Trawl Survey (RV Survey, Needler)",glf4t2005,2005,149,,22,S. L.,2005-12-19,2005,49703,SL49703,202,Smooth skate,Malacoraja senta,48.0,5.697,,,,133841,2526,Snow crab,Chionoecetes opilio,3,Intermediate,8.0,,1,0.1852,,
"4T Southern Gulf of St. Lawrence Ecosystem Trawl Survey (RV Survey, Needler)",glf4t2005,2005,149,,22,S. L.,2005-12-19,2005,49703,SL49703,202,Smooth skate,Malacoraja senta,48.0,5.697,,,,133842,2700,Mysid shrimp,Mysidacea (o.),2,Slight,,,1,0.3887,,
"4T Southern Gulf of St. Lawrence Ecosystem Trawl Survey (RV Survey, Needler)",glf4t2005,2005,149,,22,S. L.,2005-12-19,2005,49703,SL49703,202,Smooth skate,Malacoraja senta,48.0,5.697,,,,133843,2100,Decapod unidentified,Decapoda,3,Intermediate,,,1,0.0891,,
"4T Southern Gulf of St. Lawrence Ecosystem Trawl Survey (RV Survey, Needler)",glf4t2005,2005,149,,22,S. L.,2005-12-19,2005,49703,SL49703,202,Smooth skate,Malacoraja senta,48.0,5.697,,,,133844,2210,Boreal red shrimp unidentified,Pandalus,3,Intermediate,,,1,0.0587,,
"4T Southern Gulf of St. Lawrence Ecosystem Trawl Survey (RV Survey, Needler)",glf4t2005,2005,149,,22,S. L.,2005-12-19,2005,49703,SL49703,202,Smooth skate,Malacoraja senta,48.0,5.697,,,,133845,2500,Crab sp.,Crab sp.,4,Advanced,,,1,0.9899,,
"4T Southern Gulf of St. Lawrence Ecosystem Trawl Survey (RV Survey, Needler)",glf4t2005,2005,149,,23,S. L.,2005-12-19,2005,49704,SL49704,202,Smooth skate,Malacoraja senta,52.0,10.969,,,,133846,2600,Krill,Euphausiacea,2,Slight,,,1,0.4049,,
"4T Southern Gulf of St. Lawrence Ecosystem Trawl Survey (RV Survey, Needler)",glf4t2005,2005,149,,23,S. L.,2005-12-19,2005,49704,SL49704,202,Smooth skate,Malacoraja senta,52.0,10.969,,,,133847,2221,Pink glass shrimp,Pasiphaea multidentata,2,Slight,,,1,3.1061,,
"4T Southern Gulf of St. Lawrence Ecosystem Trawl Survey (RV Survey, Needler)",glf4t2005,2005,149,,23,S. L.,2005-12-19,2005,49704,SL49704,202,Smooth skate,Malacoraja senta,52.0,10.969,,,,133848,880,Atlantic hookear sculpin,Artediellus atlanticus,2,Slight,45.0,,1,1.9654,,
"4T Southern Gulf of St. Lawrence Ecosystem Trawl Survey (RV Survey, Needler)",glf4t2005,2005,149,,23,S. L.,2005-12-19,2005,49704,SL49704,202,Smooth skate,Malacoraja senta,52.0,10.969,,,,133849,2526,Snow crab,Chionoecetes opilio,2,Slight,13.0,,1,0.9323,,
"4T Southern Gulf of St. Lawrence Ecosystem Trawl Survey (RV Survey, Needler)",glf4t2005,2005,149,,23,S. L.,2005-12-19,2005,49704,SL49704,202,Smooth skate,Malacoraja senta,52.0,10.969,,,,133850,2526,Snow crab,Chionoecetes opilio,3,Intermediate,9.0,,1,0.4042,,
"4T Southern Gulf of St. Lawrence Ecosystem Trawl Survey (RV Survey, Needler)",glf4t2005,2005,149,,23,S. L.,2005-12-19,2005,49704,SL49704,202,Smooth skate,Malacoraja senta,52.0,10.969,,,,133851,2526,Snow crab,Chionoecetes opilio,3,Intermediate,10.0,,1,0.4261,,
"4T Southern Gulf of St. Lawrence Ecosystem Trawl Survey (RV Survey, Needler)",glf4t2005,2005,149,,23,S. L.,2005-12-19,2005,49704,SL49704,202,Smooth skate,Malacoraja senta,52.0,10.969,,,,133852,2526,Snow crab,Chionoecetes opilio,3,Intermediate,15.0,,1,1.1245,,
"4T Southern Gulf of St. Lawrence Ecosystem Trawl Survey (RV Survey, Needler)",glf4t2005,2005,149,,23,S. L.,2005-12-19,2005,49704,SL49704,202,Smooth skate,Malacoraja senta,52.0,10.969,,,,133853,2000,Crustacean unidentified,Crustacea,4,Advanced,,,1,1.2913,,
"4T Southern Gulf of St. Lawrence Ecosystem Trawl Survey (RV Survey, Needler)",glf4t2005,2005,149,,23,S. L.,2005-12-19,2005,49704,SL49704,202,Smooth skate,Malacoraja senta,52.0,10.969,,,,133854,2500,Crab sp.,Crab sp.,4,Advanced,,,1,0.537,,
"4T Southern Gulf of St. Lawrence Ecosystem Trawl Survey (RV Survey, Needler)",glf4t2005,2005,149,,23,S. L.,2005-12-19,2005,49704,SL49704,202,Smooth skate,Malacoraja senta,52.0,10.969,,,,133855,9000,Digested remains unidentified,"Unid remains,digested",4,Advanced,,,1,0.7758,,
"4T Southern Gulf of St. Lawrence Ecosystem Trawl Survey (RV Survey, Needler)",glf4t2005,2005,149,,23,S. L.,2005-12-19,2005,49704,SL49704,202,Smooth skate,Malacoraja senta,52.0,10.969,,,,133856,90,Fish unidentified,"Unid. fish (larvae,juvenile and adults)",1,Undigested/freshly eaten,,,1,0.0014,,
"4T Southern Gulf of St. Lawrence Ecosystem Trawl Survey (RV Survey, Needler)",glf4t2005,2005,149,,24,S. L.,2005-12-19,2005,49705,SL49705,202,Smooth skate,Malacoraja senta,43.0,5.4747,,,,133857,3100,Bristle worm unidentified,Polychaeta,2,Slight,,,1,0.4754,,
"4T Southern Gulf of St. Lawrence Ecosystem Trawl Survey (RV Survey, Needler)",glf4t2005,2005,149,,24,S. L.,2005-12-19,2005,49705,SL49705,202,Smooth skate,Malacoraja senta,43.0,5.4747,,,,133858,2811,Gammaridae unidentified,Gammaridae,2,Slight,,,1,1.1157,,
"4T Southern Gulf of St. Lawrence Ecosystem Trawl Survey (RV Survey, Needler)",glf4t2005,2005,149,,24,S. L.,2005-12-19,2005,49705,SL49705,202,Smooth skate,Malacoraja senta,43.0,5.4747,,,,133859,2700,Mysid shrimp,Mysidacea (o.),2,Slight,,,1,0.4177,,
"4T Southern Gulf of St. Lawrence Ecosystem Trawl Survey (RV Survey, Needler)",glf4t2005,2005,149,,24,S. L.,2005-12-19,2005,49705,SL49705,202,Smooth skate,Malacoraja senta,43.0,5.4747,,,,133860,2600,Krill,Euphausiacea,2,Slight,,,1,1.3072,,
"4T Southern Gulf of St. Lawrence Ecosystem Trawl Survey (RV Survey, Needler)",glf4t2005,2005,149,,24,S. L.,2005-12-19,2005,49705,SL49705,202,Smooth skate,Malacoraja senta,43.0,5.4747,,,,133861,2500,Crab sp.,Crab sp.,3,Intermediate,,,1,0.1053,,
"4T Southern Gulf of St. Lawrence Ecosystem Trawl Survey (RV Survey, Needler)",glf4t2005,2005,149,,24,S. L.,2005-12-19,2005,49705,SL49705,202,Smooth skate,Malacoraja senta,43.0,5.4747,,,,133862,2000,Crustacean unidentified,Crustacea,4,Advanced,,,1,2.0534,,
"4T Southern Gulf of St. Lawrence Ecosystem Trawl Survey (RV Survey, Needler)",glf4t2005,2005,149,,25,S. L.,2006-02-22,2006,49706,SL49706,202,Smooth skate,Malacoraja senta,33.2,2.1795,,,,133863,2902,Copepods - 3 mm or less,Copepoda (s.c) - Small,1,Undigested/freshly eaten,,,1,0.0065,,
"4T Southern Gulf of St. Lawrence Ecosystem Trawl Survey (RV Survey, Needler)",glf4t2005,2005,149,,25,S. L.,2006-02-22,2006,49706,SL49706,202,Smooth skate,Malacoraja senta,33.2,2.1795,,,,133864,2700,Mysid shrimp,Mysidacea (o.),2,Slight,,,1,0.3837,,
"4T Southern Gulf of St. Lawrence Ecosystem Trawl Survey (RV Survey, Needler)",glf4t2005,2005,149,,25,S. L.,2006-02-22,2006,49706,SL49706,202,Smooth skate,Malacoraja senta,33.2,2.1795,,,,133865,2600,Krill,Euphausiacea,3,Intermediate,,,1,0.5955,,
"4T Southern Gulf of St. Lawrence Ecosystem Trawl Survey (RV Survey, Needler)",glf4t2005,2005,149,,25,S. L.,2006-02-22,2006,49706,SL49706,202,Smooth skate,Malacoraja senta,33.2,2.1795,,,,133866,2421,Sevenline shrimp,Sabinea septemcarinata,2,Slight,,,1,0.0262,,
"4T Southern Gulf of St. Lawrence Ecosystem Trawl Survey (RV Survey, Needler)",glf4t2005,2005,149,,25,S. L.,2006-02-22,2006,49706,SL49706,202,Smooth skate,Malacoraja senta,33.2,2.1795,,,,133867,2330,Eualus unidentified,Eualus,3,Intermediate,,,1,0.0969,,
"4T Southern Gulf of St. Lawrence Ecosystem Trawl Survey (RV Survey, Needler)",glf4t2005,2005,149,,25,S. L.,2006-02-22,2006,49706,SL49706,202,Smooth skate,Malacoraja senta,33.2,2.1795,,,,133868,2811,Gammaridae unidentified,Gammaridae,2,Slight,,,1,0.4614,,
"4T Southern Gulf of St. Lawrence Ecosystem Trawl Survey (RV Survey, Needler)",glf4t2005,2005,149,,25,S. L.,2006-02-22,2006,49706,SL49706,202,Smooth skate,Malacoraja senta,33.2,2.1795,,,,133869,2000,Crustacean unidentified,Crustacea,4,Advanced,,,1,0.1645,,
"4T Southern Gulf of St. Lawrence Ecosystem Trawl Survey (RV Survey, Needler)",glf4t2005,2005,149,,25,S. L.,2006-02-22,2006,49706,SL49706,202,Smooth skate,Malacoraja senta,33.2,2.1795,,,,133870,9100,Mucus,Mucus,,,,,1,0.4448,,
"4T Southern Gulf of St. Lawrence Ecosystem Trawl Survey (RV Survey, Needler)",glf4t2005,2005,149,,26,S. L.,2006-02-22,2006,49707,SL49707,202,Smooth skate,Malacoraja senta,26.7,2.1801,,,,133871,2902,Copepods - 3 mm or less,Copepoda (s.c) - Small,1,Undigested/freshly eaten,,,1,0.0075,,
"4T Southern Gulf of St. Lawrence Ecosystem Trawl Survey (RV Survey, Needler)",glf4t2005,2005,149,,26,S. L.,2006-02-22,2006,49707,SL49707,202,Smooth skate,Malacoraja senta,26.7,2.1801,,,,133872,2700,Mysid shrimp,Mysidacea (o.),2,Slight,,,1,0.3517,,
"4T Southern Gulf of St. Lawrence Ecosystem Trawl Survey (RV Survey, Needler)",glf4t2005,2005,149,,26,S. L.,2006-02-22,2006,49707,SL49707,202,Smooth skate,Malacoraja senta,26.7,2.1801,,,,133873,2600,Krill,Euphausiacea,3,Intermediate,,,1,0.4072,,
"4T Southern Gulf of St. Lawrence Ecosystem Trawl Survey (RV Survey, Needler)",glf4t2005,2005,149,,26,S. L.,2006-02-22,2006,49707,SL49707,202,Smooth skate,Malacoraja senta,26.7,2.1801,,,,133874,2526,Snow crab,Chionoecetes opilio,2,Slight,8.0,,1,0.3745,,
"4T Southern Gulf of St. Lawrence Ecosystem Trawl Survey (RV Survey, Needler)",glf4t2005,2005,149,,26,S. L.,2006-02-22,2006,49707,SL49707,202,Smooth skate,Malacoraja senta,26.7,2.1801,,,,133875,2811,Gammaridae unidentified,Gammaridae,2,Slight,,,1,0.3561,,
"4T Southern Gulf of St. Lawrence Ecosystem Trawl Survey (RV Survey, Needler)",glf4t2005,2005,149,,26,S. L.,2006-02-22,2006,49707,SL49707,202,Smooth skate,Malacoraja senta,26.7,2.1801,,,,133876,2411,Arctic argid,Argis dentata,2,Slight,,,1,0.0788,,
"4T Southern Gulf of St. Lawrence Ecosystem Trawl Survey (RV Survey, Needler)",glf4t2005,2005,149,,26,S. L.,2006-02-22,2006,49707,SL49707,202,Smooth skate,Malacoraja senta,26.7,2.1801,,,,133877,2400,Crangonid shrimp unidentified,Crangonidae,3,Intermediate,,,1,0.0821,,
"4T Southern Gulf of St. Lawrence Ecosystem Trawl Survey (RV Survey, Needler)",glf4t2005,2005,149,,26,S. L.,2006-02-22,2006,49707,SL49707,202,Smooth skate,Malacoraja senta,26.7,2.1801,,,,133878,2330,Eualus unidentified,Eualus,2,Slight,,,1,0.0209,,
"4T Southern Gulf of St. Lawrence Ecosystem Trawl Survey (RV Survey, Needler)",glf4t2005,2005,149,,26,S. L.,2006-02-22,2006,49707,SL49707,202,Smooth skate,Malacoraja senta,26.7,2.1801,,,,133879,2100,Decapod unidentified,Decapoda,3,Intermediate,,,1,0.0216,,
"4T Southern Gulf of St. Lawrence Ecosystem Trawl Survey (RV Survey, Needler)",glf4t2005,2005,149,,26,S. L.,2006-02-22,2006,49707,SL49707,202,Smooth skate,Malacoraja senta,26.7,2.1801,,,,133880,2000,Crustacean unidentified,Crustacea,4,Advanced,,,1,0.4797,,
"4T Southern Gulf of St. Lawrence Ecosystem Trawl Survey (RV Survey, Needler)",glf4t2005,2005,149,,26,S. L.,2006-02-22,2006,49707,SL49707,202,Smooth skate,Malacoraja senta,26.7,2.1801,,,,133881,9100,Mucus,Mucus,,,,,1,0.0001,,
"4T Southern Gulf of St. Lawrence Ecosystem Trawl Survey (RV Survey, Needler)",glf4t2005,2005,149,,27,S. L.,2006-02-22,2006,49708,SL49708,202,Smooth skate,Malacoraja senta,24.6,1.674,,,,133882,2421,Sevenline shrimp,Sabinea septemcarinata,2,Slight,,,1,0.0243,,
"4T Southern Gulf of St. Lawrence Ecosystem Trawl Survey (RV Survey, Needler)",glf4t2005,2005,149,,27,S. L.,2006-02-22,2006,49708,SL49708,202,Smooth skate,Malacoraja senta,24.6,1.674,,,,133883,2700,Mysid shrimp,Mysidacea (o.),2,Slight,,,1,0.1695,,
"4T Southern Gulf of St. Lawrence Ecosystem Trawl Survey (RV Survey, Needler)",glf4t2005,2005,149,,27,S. L.,2006-02-22,2006,49708,SL49708,202,Smooth skate,Malacoraja senta,24.6,1.674,,,,133884,2902,Copepods - 3 mm or less,Copepoda (s.c) - Small,1,Undigested/freshly eaten,,,1,0.0451,,
"4T Southern Gulf of St. Lawrence Ecosystem Trawl Survey (RV Survey, Needler)",glf4t2005,2005,149,,27,S. L.,2006-02-22,2006,49708,SL49708,202,Smooth skate,Malacoraja senta,24.6,1.674,,,,133885,2330,Eualus unidentified,Eualus,2,Slight,,,1,0.0338,,
"4T Southern Gulf of St. Lawrence Ecosystem Trawl Survey (RV Survey, Needler)",glf4t2005,2005,149,,27,S. L.,2006-02-22,2006,49708,SL49708,202,Smooth skate,Malacoraja senta,24.6,1.674,,,,133886,2100,Decapod unidentified,Decapoda,3,Intermediate,,,1,0.0132,,
"4T Southern Gulf of St. Lawrence Ecosystem Trawl Survey (RV Survey, Needler)",glf4t2005,2005,149,,27,S. L.,2006-02-22,2006,49708,SL49708,202,Smooth skate,Malacoraja senta,24.6,1.674,,,,133887,2811,Gammaridae unidentified,Gammaridae,2,Slight,,,1,0.3036,,
"4T Southern Gulf of St. Lawrence Ecosystem Trawl Survey (RV Survey, Needler)",glf4t2005,2005,149,,27,S. L.,2006-02-22,2006,49708,SL49708,202,Smooth skate,Malacoraja senta,24.6,1.674,,,,133888,2500,Crab sp.,Crab sp.,4,Advanced,,,1,0.5576,,
"4T Southern Gulf of St. Lawrence Ecosystem Trawl Survey (RV Survey, Needler)",glf4t2005,2005,149,,27,S. L.,2006-02-22,2006,49708,SL49708,202,Smooth skate,Malacoraja senta,24.6,1.674,,,,133889,2000,Crustacean unidentified,Crustacea,4,Advanced,,,1,0.2204,,
"4T Southern Gulf of St. Lawrence Ecosystem Trawl Survey (RV Survey, Needler)",glf4t2005,2005,149,,27,S. L.,2006-02-22,2006,49708,SL49708,202,Smooth skate,Malacoraja senta,24.6,1.674,,,,133890,9100,Mucus,Mucus,,,,,1,0.3065,,
"4T Southern Gulf of St. Lawrence Ecosystem Trawl Survey (RV Survey, Needler)",glf4t2005,2005,149,,28,S. L.,2006-02-21,2006,49709,SL49709,202,Smooth skate,Malacoraja senta,23.2,1.3916,,,,133891,2700,Mysid shrimp,Mysidacea (o.),2,Slight,,,1,0.6825,,
"4T Southern Gulf of St. Lawrence Ecosystem Trawl Survey (RV Survey, Needler)",glf4t2005,2005,149,,28,S. L.,2006-02-21,2006,49709,SL49709,202,Smooth skate,Malacoraja senta,23.2,1.3916,,,,133892,2811,Gammaridae unidentified,Gammaridae,2,Slight,,,1,0.2999,,
"4T Southern Gulf of St. Lawrence Ecosystem Trawl Survey (RV Survey, Needler)",glf4t2005,2005,149,,28,S. L.,2006-02-21,2006,49709,SL49709,202,Smooth skate,Malacoraja senta,23.2,1.3916,,,,133893,2100,Decapod unidentified,Decapoda,3,Intermediate,,,1,0.0131,,
"4T Southern Gulf of St. Lawrence Ecosystem Trawl Survey (RV Survey, Needler)",glf4t2005,2005,149,,28,S. L.,2006-02-21,2006,49709,SL49709,202,Smooth skate,Malacoraja senta,23.2,1.3916,,,,133894,2902,Copepods - 3 mm or less,Copepoda (s.c) - Small,1,Undigested/freshly eaten,,,1,0.0089,,
"4T Southern Gulf of St. Lawrence Ecosystem Trawl Survey (RV Survey, Needler)",glf4t2005,2005,149,,28,S. L.,2006-02-21,2006,49709,SL49709,202,Smooth skate,Malacoraja senta,23.2,1.3916,,,,133895,2000,Crustacean unidentified,Crustacea,4,Advanced,,,1,0.1275,,
"4T Southern Gulf of St. Lawrence Ecosystem Trawl Survey (RV Survey, Needler)",glf4t2005,2005,149,,28,S. L.,2006-02-21,2006,49709,SL49709,202,Smooth skate,Malacoraja senta,23.2,1.3916,,,,133896,9100,Mucus,Mucus,,,,,1,0.2597,,
"4T Southern Gulf of St. Lawrence Ecosystem Trawl Survey (RV Survey, Needler)",glf4t2005,2005,150,,190,S. L.,2005-12-20,2005,49710,SL49710,201,Thorny skate,Amblyraja radiata,60.0,30.5121,,,,133897,2811,Gammaridae unidentified,Gammaridae,2,Slight,,,1,0.0595,,
"4T Southern Gulf of St. Lawrence Ecosystem Trawl Survey (RV Survey, Needler)",glf4t2005,2005,150,,190,S. L.,2005-12-20,2005,49710,SL49710,201,Thorny skate,Amblyraja radiata,60.0,30.5121,,,,133898,7100,Round worm unidentified,Nematoda,1,Undigested/freshly eaten,,,1,0.0271,,
"4T Southern Gulf of St. Lawrence Ecosystem Trawl Survey (RV Survey, Needler)",glf4t2005,2005,150,,190,S. L.,2005-12-20,2005,49710,SL49710,201,Thorny skate,Amblyraja radiata,60.0,30.5121,,,,133899,7600,Trematoda unidentified,Trematoda,1,Undigested/freshly eaten,,,1,0.0279,,
"4T Southern Gulf of St. Lawrence Ecosystem Trawl Survey (RV Survey, Needler)",glf4t2005,2005,150,,190,S. L.,2005-12-20,2005,49710,SL49710,201,Thorny skate,Amblyraja radiata,60.0,30.5121,,,,133900,3100,Bristle worm unidentified,Polychaeta,3,Intermediate,,,1,4.5424,,
"4T Southern Gulf of St. Lawrence Ecosystem Trawl Survey (RV Survey, Needler)",glf4t2005,2005,150,,190,S. L.,2005-12-20,2005,49710,SL49710,201,Thorny skate,Amblyraja radiata,60.0,30.5121,,,,133901,2221,Pink glass shrimp,Pasiphaea multidentata,2,Slight,,,1,3.6128,,
"4T Southern Gulf of St. Lawrence Ecosystem Trawl Survey (RV Survey, Needler)",glf4t2005,2005,150,,190,S. L.,2005-12-20,2005,49710,SL49710,201,Thorny skate,Amblyraja radiata,60.0,30.5121,,,,133902,2100,Decapod unidentified,Decapoda,4,Advanced,,,1,6.6471,,
"4T Southern Gulf of St. Lawrence Ecosystem Trawl Survey (RV Survey, Needler)",glf4t2005,2005,150,,190,S. L.,2005-12-20,2005,49710,SL49710,201,Thorny skate,Amblyraja radiata,60.0,30.5121,,,,133903,70,Atlantic mackerel,Scomber scombrus,3,Intermediate,,,1,9.1257,,
"4T Southern Gulf of St. Lawrence Ecosystem Trawl Survey (RV Survey, Needler)",glf4t2005,2005,150,,190,S. L.,2005-12-20,2005,49710,SL49710,201,Thorny skate,Amblyraja radiata,60.0,30.5121,,,,133904,2221,Pink glass shrimp,Pasiphaea multidentata,2,Slight,,,1,3.2473,,
"4T Southern Gulf of St. Lawrence Ecosystem Trawl Survey (RV Survey, Needler)",glf4t2005,2005,150,,190,S. L.,2005-12-20,2005,49710,SL49710,201,Thorny skate,Amblyraja radiata,60.0,30.5121,,,,133905,9000,Digested remains unidentified,"Unid remains,digested",4,Advanced,,,1,3.2223,,
"4T Southern Gulf of St. Lawrence Ecosystem Trawl Survey (RV Survey, Needler)",glf4t2005,2005,150,,191,S. L.,2005-12-20,2005,49711,SL49711,201,Thorny skate,Amblyraja radiata,52.0,7.792,,,,133906,2559,Hermit Crabs (sf.),Paguridae,2,Slight,,,1,0.1714,,
"4T Southern Gulf of St. Lawrence Ecosystem Trawl Survey (RV Survey, Needler)",glf4t2005,2005,150,,191,S. L.,2005-12-20,2005,49711,SL49711,201,Thorny skate,Amblyraja radiata,52.0,7.792,,,,133907,2526,Snow crab,Chionoecetes opilio,3,Intermediate,15.0,,1,1.1907,,
"4T Southern Gulf of St. Lawrence Ecosystem Trawl Survey (RV Survey, Needler)",glf4t2005,2005,150,,191,S. L.,2005-12-20,2005,49711,SL49711,201,Thorny skate,Amblyraja radiata,52.0,7.792,,,,133908,3100,Bristle worm unidentified,Polychaeta,3,Intermediate,,,1,0.6541,,
"4T Southern Gulf of St. Lawrence Ecosystem Trawl Survey (RV Survey, Needler)",glf4t2005,2005,150,,191,S. L.,2005-12-20,2005,49711,SL49711,201,Thorny skate,Amblyraja radiata,52.0,7.792,,,,133909,7600,Trematoda unidentified,Trematoda,1,Undigested/freshly eaten,,,1,0.4939,,
"4T Southern Gulf of St. Lawrence Ecosystem Trawl Survey (RV Survey, Needler)",glf4t2005,2005,150,,191,S. L.,2005-12-20,2005,49711,SL49711,201,Thorny skate,Amblyraja radiata,52.0,7.792,,,,133910,2811,Gammaridae unidentified,Gammaridae,2,Slight,,,1,0.2088,,
"4T Southern Gulf of St. Lawrence Ecosystem Trawl Survey (RV Survey, Needler)",glf4t2005,2005,150,,191,S. L.,2005-12-20,2005,49711,SL49711,201,Thorny skate,Amblyraja radiata,52.0,7.792,,,,133911,2000,Crustacean unidentified,Crustacea,4,Advanced,,,1,0.3672,,
"4T Southern Gulf of St. Lawrence Ecosystem Trawl Survey (RV Survey, Needler)",glf4t2005,2005,150,,191,S. L.,2005-12-20,2005,49711,SL49711,201,Thorny skate,Amblyraja radiata,52.0,7.792,,,,133912,2221,Pink glass shrimp,Pasiphaea multidentata,1,Undigested/freshly eaten,,,1,3.3662,,
"4T Southern Gulf of St. Lawrence Ecosystem Trawl Survey (RV Survey, Needler)",glf4t2005,2005,150,,191,S. L.,2005-12-20,2005,49711,SL49711,201,Thorny skate,Amblyraja radiata,52.0,7.792,,,,133913,9100,Mucus,Mucus,,,,,1,1.3397,,
"4T Southern Gulf of St. Lawrence Ecosystem Trawl Survey (RV Survey, Needler)",glf4t2005,2005,150,,192,S. L.,2006-02-22,2006,49712,SL49712,201,Thorny skate,Amblyraja radiata,12.5,0.1299,,,,133914,9000,Digested remains unidentified,"Unid remains,digested",4,Advanced,,,1,0.0397,,
"4T Southern Gulf of St. Lawrence Ecosystem Trawl Survey (RV Survey, Needler)",glf4t2005,2005,150,,192,S. L.,2006-02-22,2006,49712,SL49712,201,Thorny skate,Amblyraja radiata,12.5,0.1299,,,,133915,9100,Mucus,Mucus,,,,,1,0.0902,,
"4T Southern Gulf of St. Lawrence Ecosystem Trawl Survey (RV Survey, Needler)",glf4t2005,2005,150,,193,S. L.,2006-02-22,2006,49713,SL49713,201,Thorny skate,Amblyraja radiata,14.6,1.2397,,,,133916,2902,Copepods - 3 mm or less,Copepoda (s.c) - Small,1,Undigested/freshly eaten,,,1,0.0061,,
"4T Southern Gulf of St. Lawrence Ecosystem Trawl Survey (RV Survey, Needler)",glf4t2005,2005,150,,193,S. L.,2006-02-22,2006,49713,SL49713,201,Thorny skate,Amblyraja radiata,14.6,1.2397,,,,133917,2700,Mysid shrimp,Mysidacea (o.),2,Slight,,,1,0.0137,,
"4T Southern Gulf of St. Lawrence Ecosystem Trawl Survey (RV Survey, Needler)",glf4t2005,2005,150,,193,S. L.,2006-02-22,2006,49713,SL49713,201,Thorny skate,Amblyraja radiata,14.6,1.2397,,,,133918,2100,Decapod unidentified,Decapoda,1,Undigested/freshly eaten,,,1,0.0016,,
"4T Southern Gulf of St. Lawrence Ecosystem Trawl Survey (RV Survey, Needler)",glf4t2005,2005,150,,193,S. L.,2006-02-22,2006,49713,SL49713,201,Thorny skate,Amblyraja radiata,14.6,1.2397,,,,133919,3100,Bristle worm unidentified,Polychaeta,3,Intermediate,,,1,0.1813,,
"4T Southern Gulf of St. Lawrence Ecosystem Trawl Survey (RV Survey, Needler)",glf4t2005,2005,150,,193,S. L.,2006-02-22,2006,49713,SL49713,201,Thorny skate,Amblyraja radiata,14.6,1.2397,,,,133920,2811,Gammaridae unidentified,Gammaridae,2,Slight,,,1,0.5743,,
"4T Southern Gulf of St. Lawrence Ecosystem Trawl Survey (RV Survey, Needler)",glf4t2005,2005,150,,193,S. L.,2006-02-22,2006,49713,SL49713,201,Thorny skate,Amblyraja radiata,14.6,1.2397,,,,133921,2000,Crustacean unidentified,Crustacea,4,Advanced,,,1,0.2816,,
"4T Southern Gulf of St. Lawrence Ecosystem Trawl Survey (RV Survey, Needler)",glf4t2005,2005,150,,193,S. L.,2006-02-22,2006,49713,SL49713,201,Thorny skate,Amblyraja radiata,14.6,1.2397,,,,133922,9100,Mucus,Mucus,,,,,1,0.1811,,
"4T Southern Gulf of St. Lawrence Ecosystem Trawl Survey (RV Survey, Needler)",glf4t2005,2005,150,,29,S. L.,2005-12-19,2005,49714,SL49714,202,Smooth skate,Malacoraja senta,43.0,8.7665,,,,133923,2700,Mysid shrimp,Mysidacea (o.),3,Intermediate,,,1,0.3268,,
"4T Southern Gulf of St. Lawrence Ecosystem Trawl Survey (RV Survey, Needler)",glf4t2005,2005,150,,29,S. L.,2005-12-19,2005,49714,SL49714,202,Smooth skate,Malacoraja senta,43.0,8.7665,,,,133924,2600,Krill,Euphausiacea,3,Intermediate,,,1,0.1873,,
"4T Southern Gulf of St. Lawrence Ecosystem Trawl Survey (RV Survey, Needler)",glf4t2005,2005,150,,29,S. L.,2005-12-19,2005,49714,SL49714,202,Smooth skate,Malacoraja senta,43.0,8.7665,,,,133925,2811,Gammaridae unidentified,Gammaridae,3,Intermediate,,,1,3.8745,,
"4T Southern Gulf of St. Lawrence Ecosystem Trawl Survey (RV Survey, Needler)",glf4t2005,2005,150,,29,S. L.,2005-12-19,2005,49714,SL49714,202,Smooth skate,Malacoraja senta,43.0,8.7665,,,,133926,2421,Sevenline shrimp,Sabinea septemcarinata,2,Slight,,,1,0.2046,,
"4T Southern Gulf of St. Lawrence Ecosystem Trawl Survey (RV Survey, Needler)",glf4t2005,2005,150,,29,S. L.,2005-12-19,2005,49714,SL49714,202,Smooth skate,Malacoraja senta,43.0,8.7665,,,,133927,2313,Spirontocaris liljeborgii,Spirontocaris liljeborgii,2,Slight,,,1,0.1467,,
"4T Southern Gulf of St. Lawrence Ecosystem Trawl Survey (RV Survey, Needler)",glf4t2005,2005,150,,29,S. L.,2005-12-19,2005,49714,SL49714,202,Smooth skate,Malacoraja senta,43.0,8.7665,,,,133928,2526,Snow crab,Chionoecetes opilio,3,Intermediate,12.0,,1,0.5383,,
"4T Southern Gulf of St. Lawrence Ecosystem Trawl Survey (RV Survey, Needler)",glf4t2005,2005,150,,29,S. L.,2005-12-19,2005,49714,SL49714,202,Smooth skate,Malacoraja senta,43.0,8.7665,,,,133929,2526,Snow crab,Chionoecetes opilio,3,Intermediate,7.0,,1,0.1272,,
"4T Southern Gulf of St. Lawrence Ecosystem Trawl Survey (RV Survey, Needler)",glf4t2005,2005,150,,29,S. L.,2005-12-19,2005,49714,SL49714,202,Smooth skate,Malacoraja senta,43.0,8.7665,,,,133930,2526,Snow crab,Chionoecetes opilio,3,Intermediate,7.0,,1,0.2034,,
"4T Southern Gulf of St. Lawrence Ecosystem Trawl Survey (RV Survey, Needler)",glf4t2005,2005,150,,29,S. L.,2005-12-19,2005,49714,SL49714,202,Smooth skate,Malacoraja senta,43.0,8.7665,,,,133931,2526,Snow crab,Chionoecetes opilio,3,Intermediate,8.0,,1,0.351,,
"4T Southern Gulf of St. Lawrence Ecosystem Trawl Survey (RV Survey, Needler)",glf4t2005,2005,150,,29,S. L.,2005-12-19,2005,49714,SL49714,202,Smooth skate,Malacoraja senta,43.0,8.7665,,,,133932,2500,Crab sp.,Crab sp.,4,Advanced,,,1,0.7894,,
"4T Southern Gulf of St. Lawrence Ecosystem Trawl Survey (RV Survey, Needler)",glf4t2005,2005,150,,29,S. L.,2005-12-19,2005,49714,SL49714,202,Smooth skate,Malacoraja senta,43.0,8.7665,,,,133933,2000,Crustacean unidentified,Crustacea,4,Advanced,,,1,1.8038,,
"4T Southern Gulf of St. Lawrence Ecosystem Trawl Survey (RV Survey, Needler)",glf4t2005,2005,150,,29,S. L.,2005-12-19,2005,49714,SL49714,202,Smooth skate,Malacoraja senta,43.0,8.7665,,,,133934,90,Fish unidentified,"Unid. fish (larvae,juvenile and adults)",4,Advanced,,,1,0.2135,,
"4T Southern Gulf of St. Lawrence Ecosystem Trawl Survey (RV Survey, Needler)",glf4t2005,2005,150,,30,S. L.,2006-02-23,2006,49715,SL49715,202,Smooth skate,Malacoraja senta,11.3,0.2131,,,,133935,2811,Gammaridae unidentified,Gammaridae,3,Intermediate,,,1,0.0765,,
"4T Southern Gulf of St. Lawrence Ecosystem Trawl Survey (RV Survey, Needler)",glf4t2005,2005,150,,30,S. L.,2006-02-23,2006,49715,SL49715,202,Smooth skate,Malacoraja senta,11.3,0.2131,,,,133936,9000,Digested remains unidentified,"Unid remains,digested",,,,,1,0.0827,,
"4T Southern Gulf of St. Lawrence Ecosystem Trawl Survey (RV Survey, Needler)",glf4t2005,2005,150,,30,S. L.,2006-02-23,2006,49715,SL49715,202,Smooth skate,Malacoraja senta,11.3,0.2131,,,,133937,9100,Mucus,Mucus,,,,,1,0.0539,,
"4T Southern Gulf of St. Lawrence Ecosystem Trawl Survey (RV Survey, Needler)",glf4t2005,2005,150,,31,S. L.,2006-02-23,2006,49716,SL49716,202,Smooth skate,Malacoraja senta,9.6,0.0643,,,,133938,2811,Gammaridae unidentified,Gammaridae,2,Slight,,,1,0.0121,,
"4T Southern Gulf of St. Lawrence Ecosystem Trawl Survey (RV Survey, Needler)",glf4t2005,2005,150,,31,S. L.,2006-02-23,2006,49716,SL49716,202,Smooth skate,Malacoraja senta,9.6,0.0643,,,,133939,2000,Crustacean unidentified,Crustacea,4,Advanced,,,1,0.0396,,
"4T Southern Gulf of St. Lawrence Ecosystem Trawl Survey (RV Survey, Needler)",glf4t2005,2005,150,,31,S. L.,2006-02-23,2006,49716,SL49716,202,Smooth skate,Malacoraja senta,9.6,0.0643,,,,133940,9100,Mucus,Mucus,,,,,1,0.0126,,
"4T Southern Gulf of St. Lawrence Ecosystem Trawl Survey (RV Survey, Needler)",glf4t2005,2005,151,,194,S. L.,2006-02-23,2006,49717,SL49717,201,Thorny skate,Amblyraja radiata,15.0,0.7514,,,,133941,2902,Copepods - 3 mm or less,Copepoda (s.c) - Small,1,Undigested/freshly eaten,,,1,0.0321,,
"4T Southern Gulf of St. Lawrence Ecosystem Trawl Survey (RV Survey, Needler)",glf4t2005,2005,151,,194,S. L.,2006-02-23,2006,49717,SL49717,201,Thorny skate,Amblyraja radiata,15.0,0.7514,,,,133942,2811,Gammaridae unidentified,Gammaridae,2,Slight,,,1,0.4791,,
"4T Southern Gulf of St. Lawrence Ecosystem Trawl Survey (RV Survey, Needler)",glf4t2005,2005,151,,194,S. L.,2006-02-23,2006,49717,SL49717,201,Thorny skate,Amblyraja radiata,15.0,0.7514,,,,133943,9100,Mucus,Mucus,,,,,1,0.2402,,
"4T Southern Gulf of St. Lawrence Ecosystem Trawl Survey (RV Survey, Needler)",glf4t2005,2005,152,,32,S. L.,2006-02-22,2006,49718,SL49718,202,Smooth skate,Malacoraja senta,9.6,0.1598,,,,133944,2902,Copepods - 3 mm or less,Copepoda (s.c) - Small,1,Undigested/freshly eaten,,,1,0.0002,,
"4T Southern Gulf of St. Lawrence Ecosystem Trawl Survey (RV Survey, Needler)",glf4t2005,2005,152,,32,S. L.,2006-02-22,2006,49718,SL49718,202,Smooth skate,Malacoraja senta,9.6,0.1598,,,,133945,2700,Mysid shrimp,Mysidacea (o.),2,Slight,,,1,0.0032,,
"4T Southern Gulf of St. Lawrence Ecosystem Trawl Survey (RV Survey, Needler)",glf4t2005,2005,152,,32,S. L.,2006-02-22,2006,49718,SL49718,202,Smooth skate,Malacoraja senta,9.6,0.1598,,,,133946,2971,Diastylis sp.,Diastylis,2,Slight,,,1,0.026,,
"4T Southern Gulf of St. Lawrence Ecosystem Trawl Survey (RV Survey, Needler)",glf4t2005,2005,152,,32,S. L.,2006-02-22,2006,49718,SL49718,202,Smooth skate,Malacoraja senta,9.6,0.1598,,,,133947,2811,Gammaridae unidentified,Gammaridae,2,Slight,,,1,0.087,,
"4T Southern Gulf of St. Lawrence Ecosystem Trawl Survey (RV Survey, Needler)",glf4t2005,2005,152,,32,S. L.,2006-02-22,2006,49718,SL49718,202,Smooth skate,Malacoraja senta,9.6,0.1598,,,,133948,2000,Crustacean unidentified,Crustacea,4,Advanced,,,1,0.0148,,
"4T Southern Gulf of St. Lawrence Ecosystem Trawl Survey (RV Survey, Needler)",glf4t2005,2005,152,,32,S. L.,2006-02-22,2006,49718,SL49718,202,Smooth skate,Malacoraja senta,9.6,0.1598,,,,133949,9100,Mucus,Mucus,,,,,1,0.0286,,
"4T Southern Gulf of St. Lawrence Ecosystem Trawl Survey (RV Survey, Needler)",glf4t2005,2005,152,,32,S. L.,2006-02-02,2006,49719,SL49719,202,Smooth skate,Malacoraja senta,9.0,0.0943,,,,133950,2811,Gammaridae unidentified,Gammaridae,3,Intermediate,,,1,0.0103,,
"4T Southern Gulf of St. Lawrence Ecosystem Trawl Survey (RV Survey, Needler)",glf4t2005,2005,152,,32,S. L.,2006-02-02,2006,49719,SL49719,202,Smooth skate,Malacoraja senta,9.0,0.0943,,,,133951,3100,Bristle worm unidentified,Polychaeta,3,Intermediate,,,1,0.0595,,
"4T Southern Gulf of St. Lawrence Ecosystem Trawl Survey (RV Survey, Needler)",glf4t2005,2005,152,,32,S. L.,2006-02-02,2006,49719,SL49719,202,Smooth skate,Malacoraja senta,9.0,0.0943,,,,133952,9100,Mucus,Mucus,,,,,1,0.0245,,
"4T Southern Gulf of St. Lawrence Ecosystem Trawl Survey (RV Survey, Needler)",glf4t2005,2005,153,,195,S. L.,2006-02-22,2006,49720,SL49720,201,Thorny skate,Amblyraja radiata,24.6,5.2062,,,,133953,2971,Diastylis sp.,Diastylis,2,Slight,,,1,0.0444,,
"4T Southern Gulf of St. Lawrence Ecosystem Trawl Survey (RV Survey, Needler)",glf4t2005,2005,153,,195,S. L.,2006-02-22,2006,49720,SL49720,201,Thorny skate,Amblyraja radiata,24.6,5.2062,,,,133954,9300,Seaweed/Algae/Kelp unidentified,Obsolete,1,Undigested/freshly eaten,,,1,0.015,,
"4T Southern Gulf of St. Lawrence Ecosystem Trawl Survey (RV Survey, Needler)",glf4t2005,2005,153,,195,S. L.,2006-02-22,2006,49720,SL49720,201,Thorny skate,Amblyraja radiata,24.6,5.2062,,,,133955,9630,Organic debris,Organic debris,1,Undigested/freshly eaten,,,1,0.0139,,
"4T Southern Gulf of St. Lawrence Ecosystem Trawl Survey (RV Survey, Needler)",glf4t2005,2005,153,,195,S. L.,2006-02-22,2006,49720,SL49720,201,Thorny skate,Amblyraja radiata,24.6,5.2062,,,,133956,3100,Bristle worm unidentified,Polychaeta,2,Slight,,,1,0.1498,,
"4T Southern Gulf of St. Lawrence Ecosystem Trawl Survey (RV Survey, Needler)",glf4t2005,2005,153,,195,S. L.,2006-02-22,2006,49720,SL49720,201,Thorny skate,Amblyraja radiata,24.6,5.2062,,,,133957,2811,Gammaridae unidentified,Gammaridae,2,Slight,,,1,3.6122,,
"4T Southern Gulf of St. Lawrence Ecosystem Trawl Survey (RV Survey, Needler)",glf4t2005,2005,153,,195,S. L.,2006-02-22,2006,49720,SL49720,201,Thorny skate,Amblyraja radiata,24.6,5.2062,,,,133958,2000,Crustacean unidentified,Crustacea,4,Advanced,,,1,0.3853,,
"4T Southern Gulf of St. Lawrence Ecosystem Trawl Survey (RV Survey, Needler)",glf4t2005,2005,153,,195,S. L.,2006-02-22,2006,49720,SL49720,201,Thorny skate,Amblyraja radiata,24.6,5.2062,,,,133959,9100,Mucus,Mucus,,,,,1,0.9856,,
"4T Southern Gulf of St. Lawrence Ecosystem Trawl Survey (RV Survey, Needler)",glf4t2005,2005,153,,196,S. L.,2006-02-22,2006,49721,SL49721,201,Thorny skate,Amblyraja radiata,24.4,2.4092,,,,133960,2811,Gammaridae unidentified,Gammaridae,2,Slight,,,1,0.3995,,
"4T Southern Gulf of St. Lawrence Ecosystem Trawl Survey (RV Survey, Needler)",glf4t2005,2005,153,,196,S. L.,2006-02-22,2006,49721,SL49721,201,Thorny skate,Amblyraja radiata,24.4,2.4092,,,,133961,2940,Tanaidae f.,Tanaidae f.,1,Undigested/freshly eaten,,,1,0.0953,,
"4T Southern Gulf of St. Lawrence Ecosystem Trawl Survey (RV Survey, Needler)",glf4t2005,2005,153,,196,S. L.,2006-02-22,2006,49721,SL49721,201,Thorny skate,Amblyraja radiata,24.4,2.4092,,,,133962,3100,Bristle worm unidentified,Polychaeta,3,Intermediate,,,1,0.683,,
"4T Southern Gulf of St. Lawrence Ecosystem Trawl Survey (RV Survey, Needler)",glf4t2005,2005,153,,196,S. L.,2006-02-22,2006,49721,SL49721,201,Thorny skate,Amblyraja radiata,24.4,2.4092,,,,133963,9100,Mucus,Mucus,,,,,1,1.2314,,
"4T Southern Gulf of St. Lawrence Ecosystem Trawl Survey (RV Survey, Needler)",glf4t2005,2005,153,,197,S. L.,2006-02-22,2006,49722,SL49722,201,Thorny skate,Amblyraja radiata,24.4,4.1216,,,,133964,7100,Round worm unidentified,Nematoda,1,Undigested/freshly eaten,,,1,0.0125,,
"4T Southern Gulf of St. Lawrence Ecosystem Trawl Survey (RV Survey, Needler)",glf4t2005,2005,153,,197,S. L.,2006-02-22,2006,49722,SL49722,201,Thorny skate,Amblyraja radiata,24.4,4.1216,,,,133965,2811,Gammaridae unidentified,Gammaridae,2,Slight,,,1,1.3049,,
"4T Southern Gulf of St. Lawrence Ecosystem Trawl Survey (RV Survey, Needler)",glf4t2005,2005,153,,197,S. L.,2006-02-22,2006,49722,SL49722,201,Thorny skate,Amblyraja radiata,24.4,4.1216,,,,133966,3100,Bristle worm unidentified,Polychaeta,3,Intermediate,,,1,1.3953,,
"4T Southern Gulf of St. Lawrence Ecosystem Trawl Survey (RV Survey, Needler)",glf4t2005,2005,153,,197,S. L.,2006-02-22,2006,49722,SL49722,201,Thorny skate,Amblyraja radiata,24.4,4.1216,,,,133967,7800,Turban Barnacle,Chirona hameri,2,Slight,,,1,0.469,,
"4T Southern Gulf of St. Lawrence Ecosystem Trawl Survey (RV Survey, Needler)",glf4t2005,2005,153,,197,S. L.,2006-02-22,2006,49722,SL49722,201,Thorny skate,Amblyraja radiata,24.4,4.1216,,,,133968,9100,Mucus,Mucus,,,,,1,0.9399,,
"4T Southern Gulf of St. Lawrence Ecosystem Trawl Survey (RV Survey, Needler)",glf4t2005,2005,153,,198,S. L.,2006-02-23,2006,49723,SL49723,201,Thorny skate,Amblyraja radiata,17.5,1.8647,,,,133969,49,Flounder unidentified (f.),Pleuronectidae (f.),3,Intermediate,23.0,,1,0.074,,
"4T Southern Gulf of St. Lawrence Ecosystem Trawl Survey (RV Survey, Needler)",glf4t2005,2005,153,,198,S. L.,2006-02-23,2006,49723,SL49723,201,Thorny skate,Amblyraja radiata,17.5,1.8647,,,,133970,2971,Diastylis sp.,Diastylis,2,Slight,,,1,0.1803,,
"4T Southern Gulf of St. Lawrence Ecosystem Trawl Survey (RV Survey, Needler)",glf4t2005,2005,153,,198,S. L.,2006-02-23,2006,49723,SL49723,201,Thorny skate,Amblyraja radiata,17.5,1.8647,,,,133971,2600,Krill,Euphausiacea,3,Intermediate,,,1,0.0118,,
"4T Southern Gulf of St. Lawrence Ecosystem Trawl Survey (RV Survey, Needler)",glf4t2005,2005,153,,198,S. L.,2006-02-23,2006,49723,SL49723,201,Thorny skate,Amblyraja radiata,17.5,1.8647,,,,133972,2902,Copepods - 3 mm or less,Copepoda (s.c) - Small,1,Undigested/freshly eaten,,,1,0.0006,,
"4T Southern Gulf of St. Lawrence Ecosystem Trawl Survey (RV Survey, Needler)",glf4t2005,2005,153,,198,S. L.,2006-02-23,2006,49723,SL49723,201,Thorny skate,Amblyraja radiata,17.5,1.8647,,,,133973,3100,Bristle worm unidentified,Polychaeta,3,Intermediate,,,1,0.0182,,
"4T Southern Gulf of St. Lawrence Ecosystem Trawl Survey (RV Survey, Needler)",glf4t2005,2005,153,,198,S. L.,2006-02-23,2006,49723,SL49723,201,Thorny skate,Amblyraja radiata,17.5,1.8647,,,,133974,2811,Gammaridae unidentified,Gammaridae,2,Slight,,,1,0.7712,,
"4T Southern Gulf of St. Lawrence Ecosystem Trawl Survey (RV Survey, Needler)",glf4t2005,2005,153,,198,S. L.,2006-02-23,2006,49723,SL49723,201,Thorny skate,Amblyraja radiata,17.5,1.8647,,,,133975,2100,Decapod unidentified,Decapoda,4,Advanced,,,1,0.3852,,
"4T Southern Gulf of St. Lawrence Ecosystem Trawl Survey (RV Survey, Needler)",glf4t2005,2005,153,,198,S. L.,2006-02-23,2006,49723,SL49723,201,Thorny skate,Amblyraja radiata,17.5,1.8647,,,,133976,9100,Mucus,Mucus,,,,,1,0.4234,,
"4T Southern Gulf of St. Lawrence Ecosystem Trawl Survey (RV Survey, Needler)",glf4t2005,2005,153,,199,S. L.,2006-02-22,2006,49724,SL49724,201,Thorny skate,Amblyraja radiata,25.3,4.1328,,,,133977,2600,Krill,Euphausiacea,2,Slight,,,1,0.0289,,
"4T Southern Gulf of St. Lawrence Ecosystem Trawl Survey (RV Survey, Needler)",glf4t2005,2005,153,,199,S. L.,2006-02-22,2006,49724,SL49724,201,Thorny skate,Amblyraja radiata,25.3,4.1328,,,,133978,2700,Mysid shrimp,Mysidacea (o.),2,Slight,,,1,0.0146,,
"4T Southern Gulf of St. Lawrence Ecosystem Trawl Survey (RV Survey, Needler)",glf4t2005,2005,153,,199,S. L.,2006-02-22,2006,49724,SL49724,201,Thorny skate,Amblyraja radiata,25.3,4.1328,,,,133979,2811,Gammaridae unidentified,Gammaridae,2,Slight,,,1,0.9073,,
"4T Southern Gulf of St. Lawrence Ecosystem Trawl Survey (RV Survey, Needler)",glf4t2005,2005,153,,199,S. L.,2006-02-22,2006,49724,SL49724,201,Thorny skate,Amblyraja radiata,25.3,4.1328,,,,133980,9300,Seaweed/Algae/Kelp unidentified,Obsolete,1,Undigested/freshly eaten,,,1,0.051,,
"4T Southern Gulf of St. Lawrence Ecosystem Trawl Survey (RV Survey, Needler)",glf4t2005,2005,153,,199,S. L.,2006-02-22,2006,49724,SL49724,201,Thorny skate,Amblyraja radiata,25.3,4.1328,,,,133981,3100,Bristle worm unidentified,Polychaeta,3,Intermediate,,,1,2.0128,,
"4T Southern Gulf of St. Lawrence Ecosystem Trawl Survey (RV Survey, Needler)",glf4t2005,2005,153,,199,S. L.,2006-02-22,2006,49724,SL49724,201,Thorny skate,Amblyraja radiata,25.3,4.1328,,,,133982,9100,Mucus,Mucus,,,,,1,1.1182,,
"4T Southern Gulf of St. Lawrence Ecosystem Trawl Survey (RV Survey, Needler)",glf4t2005,2005,153,,200,S. L.,2006-02-22,2006,49725,SL49725,201,Thorny skate,Amblyraja radiata,22.0,2.9324,,,,133983,2971,Diastylis sp.,Diastylis,2,Slight,,,1,0.1179,,
"4T Southern Gulf of St. Lawrence Ecosystem Trawl Survey (RV Survey, Needler)",glf4t2005,2005,153,,200,S. L.,2006-02-22,2006,49725,SL49725,201,Thorny skate,Amblyraja radiata,22.0,2.9324,,,,133984,2700,Mysid shrimp,Mysidacea (o.),2,Slight,,,1,0.0048,,
"4T Southern Gulf of St. Lawrence Ecosystem Trawl Survey (RV Survey, Needler)",glf4t2005,2005,153,,200,S. L.,2006-02-22,2006,49725,SL49725,201,Thorny skate,Amblyraja radiata,22.0,2.9324,,,,133985,2600,Krill,Euphausiacea,3,Intermediate,,,1,0.014,,
"4T Southern Gulf of St. Lawrence Ecosystem Trawl Survey (RV Survey, Needler)",glf4t2005,2005,153,,200,S. L.,2006-02-22,2006,49725,SL49725,201,Thorny skate,Amblyraja radiata,22.0,2.9324,,,,133986,7100,Round worm unidentified,Nematoda,1,Undigested/freshly eaten,,,1,0.0295,,
"4T Southern Gulf of St. Lawrence Ecosystem Trawl Survey (RV Survey, Needler)",glf4t2005,2005,153,,200,S. L.,2006-02-22,2006,49725,SL49725,201,Thorny skate,Amblyraja radiata,22.0,2.9324,,,,133987,6600,Sea cucumber unidentified,Holothuroidea,2,Slight,,,1,0.3452,,
"4T Southern Gulf of St. Lawrence Ecosystem Trawl Survey (RV Survey, Needler)",glf4t2005,2005,153,,200,S. L.,2006-02-22,2006,49725,SL49725,201,Thorny skate,Amblyraja radiata,22.0,2.9324,,,,133988,2811,Gammaridae unidentified,Gammaridae,2,Slight,,,1,0.6877,,
"4T Southern Gulf of St. Lawrence Ecosystem Trawl Survey (RV Survey, Needler)",glf4t2005,2005,153,,200,S. L.,2006-02-22,2006,49725,SL49725,201,Thorny skate,Amblyraja radiata,22.0,2.9324,,,,133989,9630,Organic debris,Organic debris,1,Undigested/freshly eaten,,,1,0.0368,,
"4T Southern Gulf of St. Lawrence Ecosystem Trawl Survey (RV Survey, Needler)",glf4t2005,2005,153,,200,S. L.,2006-02-22,2006,49725,SL49725,201,Thorny skate,Amblyraja radiata,22.0,2.9324,,,,133990,9300,Seaweed/Algae/Kelp unidentified,Obsolete,1,Undigested/freshly eaten,,,1,0.0274,,
"4T Southern Gulf of St. Lawrence Ecosystem Trawl Survey (RV Survey, Needler)",glf4t2005,2005,153,,200,S. L.,2006-02-22,2006,49725,SL49725,201,Thorny skate,Amblyraja radiata,22.0,2.9324,,,,133991,3100,Bristle worm unidentified,Polychaeta,3,Intermediate,,,1,0.8403,,
"4T Southern Gulf of St. Lawrence Ecosystem Trawl Survey (RV Survey, Needler)",glf4t2005,2005,153,,200,S. L.,2006-02-22,2006,49725,SL49725,201,Thorny skate,Amblyraja radiata,22.0,2.9324,,,,133992,9100,Mucus,Mucus,,,,,1,0.8288,,
"4T Southern Gulf of St. Lawrence Ecosystem Trawl Survey (RV Survey, Needler)",glf4t2005,2005,153,,201,S. L.,2006-02-23,2006,49726,SL49726,201,Thorny skate,Amblyraja radiata,16.8,1.2146,,,,133993,2870,Caprellidae unidentified,Caprellidae,2,Slight,,,1,0.0069,,
"4T Southern Gulf of St. Lawrence Ecosystem Trawl Survey (RV Survey, Needler)",glf4t2005,2005,153,,201,S. L.,2006-02-23,2006,49726,SL49726,201,Thorny skate,Amblyraja radiata,16.8,1.2146,,,,133994,2971,Diastylis sp.,Diastylis,2,Slight,,,1,0.0138,,
"4T Southern Gulf of St. Lawrence Ecosystem Trawl Survey (RV Survey, Needler)",glf4t2005,2005,153,,201,S. L.,2006-02-23,2006,49726,SL49726,201,Thorny skate,Amblyraja radiata,16.8,1.2146,,,,133995,3100,Bristle worm unidentified,Polychaeta,3,Intermediate,,,1,0.0073,,
"4T Southern Gulf of St. Lawrence Ecosystem Trawl Survey (RV Survey, Needler)",glf4t2005,2005,153,,201,S. L.,2006-02-23,2006,49726,SL49726,201,Thorny skate,Amblyraja radiata,16.8,1.2146,,,,133996,2811,Gammaridae unidentified,Gammaridae,2,Slight,,,1,0.5905,,
"4T Southern Gulf of St. Lawrence Ecosystem Trawl Survey (RV Survey, Needler)",glf4t2005,2005,153,,201,S. L.,2006-02-23,2006,49726,SL49726,201,Thorny skate,Amblyraja radiata,16.8,1.2146,,,,133997,2000,Crustacean unidentified,Crustacea,4,Advanced,,,1,0.4102,,
"4T Southern Gulf of St. Lawrence Ecosystem Trawl Survey (RV Survey, Needler)",glf4t2005,2005,153,,201,S. L.,2006-02-23,2006,49726,SL49726,201,Thorny skate,Amblyraja radiata,16.8,1.2146,,,,133998,9100,Mucus,Mucus,,,,,1,0.1859,,
"4T Southern Gulf of St. Lawrence Ecosystem Trawl Survey (RV Survey, Needler)",glf4t2005,2005,153,,202,S. L.,2006-02-23,2006,49727,SL49727,201,Thorny skate,Amblyraja radiata,13.5,0.7297,,,,133999,9300,Seaweed/Algae/Kelp unidentified,Obsolete,1,Undigested/freshly eaten,,,1,0.0024,,
"4T Southern Gulf of St. Lawrence Ecosystem Trawl Survey (RV Survey, Needler)",glf4t2005,2005,153,,202,S. L.,2006-02-23,2006,49727,SL49727,201,Thorny skate,Amblyraja radiata,13.5,0.7297,,,,134000,2902,Copepods - 3 mm or less,Copepoda (s.c) - Small,1,Undigested/freshly eaten,,,1,0.0026,,
"4T Southern Gulf of St. Lawrence Ecosystem Trawl Survey (RV Survey, Needler)",glf4t2005,2005,153,,202,S. L.,2006-02-23,2006,49727,SL49727,201,Thorny skate,Amblyraja radiata,13.5,0.7297,,,,134001,2700,Mysid shrimp,Mysidacea (o.),2,Slight,,,1,0.0113,,
"4T Southern Gulf of St. Lawrence Ecosystem Trawl Survey (RV Survey, Needler)",glf4t2005,2005,153,,202,S. L.,2006-02-23,2006,49727,SL49727,201,Thorny skate,Amblyraja radiata,13.5,0.7297,,,,134002,2971,Diastylis sp.,Diastylis,2,Slight,,,1,0.0622,,
"4T Southern Gulf of St. Lawrence Ecosystem Trawl Survey (RV Survey, Needler)",glf4t2005,2005,153,,202,S. L.,2006-02-23,2006,49727,SL49727,201,Thorny skate,Amblyraja radiata,13.5,0.7297,,,,134003,2811,Gammaridae unidentified,Gammaridae,2,Slight,,,1,0.3349,,
"4T Southern Gulf of St. Lawrence Ecosystem Trawl Survey (RV Survey, Needler)",glf4t2005,2005,153,,202,S. L.,2006-02-23,2006,49727,SL49727,201,Thorny skate,Amblyraja radiata,13.5,0.7297,,,,134004,3100,Bristle worm unidentified,Polychaeta,3,Intermediate,,,1,0.0185,,
"4T Southern Gulf of St. Lawrence Ecosystem Trawl Survey (RV Survey, Needler)",glf4t2005,2005,153,,202,S. L.,2006-02-23,2006,49727,SL49727,201,Thorny skate,Amblyraja radiata,13.5,0.7297,,,,134005,2000,Crustacean unidentified,Crustacea,4,Advanced,,,1,0.1525,,
"4T Southern Gulf of St. Lawrence Ecosystem Trawl Survey (RV Survey, Needler)",glf4t2005,2005,153,,202,S. L.,2006-02-23,2006,49727,SL49727,201,Thorny skate,Amblyraja radiata,13.5,0.7297,,,,134006,9100,Mucus,Mucus,,,,,1,0.1453,,
"4T Southern Gulf of St. Lawrence Ecosystem Trawl Survey (RV Survey, Needler)",glf4t2005,2005,153,,203,S. L.,2006-02-21,2006,49728,SL49728,201,Thorny skate,Amblyraja radiata,16.8,1.4357,,,,134007,2700,Mysid shrimp,Mysidacea (o.),2,Slight,,,1,0.0125,,
"4T Southern Gulf of St. Lawrence Ecosystem Trawl Survey (RV Survey, Needler)",glf4t2005,2005,153,,203,S. L.,2006-02-21,2006,49728,SL49728,201,Thorny skate,Amblyraja radiata,16.8,1.4357,,,,134008,2971,Diastylis sp.,Diastylis,2,Slight,,,1,0.0649,,
"4T Southern Gulf of St. Lawrence Ecosystem Trawl Survey (RV Survey, Needler)",glf4t2005,2005,153,,203,S. L.,2006-02-21,2006,49728,SL49728,201,Thorny skate,Amblyraja radiata,16.8,1.4357,,,,134009,2902,Copepods - 3 mm or less,Copepoda (s.c) - Small,1,Undigested/freshly eaten,,,1,0.0017,,
"4T Southern Gulf of St. Lawrence Ecosystem Trawl Survey (RV Survey, Needler)",glf4t2005,2005,153,,203,S. L.,2006-02-21,2006,49728,SL49728,201,Thorny skate,Amblyraja radiata,16.8,1.4357,,,,134010,2811,Gammaridae unidentified,Gammaridae,2,Slight,,,1,0.7004,,
"4T Southern Gulf of St. Lawrence Ecosystem Trawl Survey (RV Survey, Needler)",glf4t2005,2005,153,,203,S. L.,2006-02-21,2006,49728,SL49728,201,Thorny skate,Amblyraja radiata,16.8,1.4357,,,,134011,3100,Bristle worm unidentified,Polychaeta,2,Slight,,,1,0.0159,,
"4T Southern Gulf of St. Lawrence Ecosystem Trawl Survey (RV Survey, Needler)",glf4t2005,2005,153,,203,S. L.,2006-02-21,2006,49728,SL49728,201,Thorny skate,Amblyraja radiata,16.8,1.4357,,,,134012,2000,Crustacean unidentified,Crustacea,4,Advanced,,,1,0.3941,,
"4T Southern Gulf of St. Lawrence Ecosystem Trawl Survey (RV Survey, Needler)",glf4t2005,2005,153,,203,S. L.,2006-02-21,2006,49728,SL49728,201,Thorny skate,Amblyraja radiata,16.8,1.4357,,,,134013,9100,Mucus,Mucus,,,,,1,0.2462,,
"4T Southern Gulf of St. Lawrence Ecosystem Trawl Survey (RV Survey, Needler)",glf4t2005,2005,153,,204,S. L.,2006-02-23,2006,49729,SL49729,201,Thorny skate,Amblyraja radiata,13.3,0.1784,,,,134014,2971,Diastylis sp.,Diastylis,1,Undigested/freshly eaten,,,1,0.0431,,
"4T Southern Gulf of St. Lawrence Ecosystem Trawl Survey (RV Survey, Needler)",glf4t2005,2005,153,,204,S. L.,2006-02-23,2006,49729,SL49729,201,Thorny skate,Amblyraja radiata,13.3,0.1784,,,,134015,2811,Gammaridae unidentified,Gammaridae,2,Slight,,,1,0.0084,,
"4T Southern Gulf of St. Lawrence Ecosystem Trawl Survey (RV Survey, Needler)",glf4t2005,2005,153,,204,S. L.,2006-02-23,2006,49729,SL49729,201,Thorny skate,Amblyraja radiata,13.3,0.1784,,,,134016,2000,Crustacean unidentified,Crustacea,4,Advanced,,,1,0.0311,,
"4T Southern Gulf of St. Lawrence Ecosystem Trawl Survey (RV Survey, Needler)",glf4t2005,2005,153,,204,S. L.,2006-02-23,2006,49729,SL49729,201,Thorny skate,Amblyraja radiata,13.3,0.1784,,,,134017,9100,Mucus,Mucus,,,,,1,0.0958,,
"4T Southern Gulf of St. Lawrence Ecosystem Trawl Survey (RV Survey, Needler)",glf4t2005,2005,153,,33,S. L.,2005-12-19,2005,49730,SL49730,202,Smooth skate,Malacoraja senta,47.0,4.5368,,,,134018,2559,Hermit Crabs (sf.),Paguridae,2,Slight,,,1,1.7906,,
"4T Southern Gulf of St. Lawrence Ecosystem Trawl Survey (RV Survey, Needler)",glf4t2005,2005,153,,33,S. L.,2005-12-19,2005,49730,SL49730,202,Smooth skate,Malacoraja senta,47.0,4.5368,,,,134019,2811,Gammaridae unidentified,Gammaridae,2,Slight,,,1,0.3349,,
"4T Southern Gulf of St. Lawrence Ecosystem Trawl Survey (RV Survey, Needler)",glf4t2005,2005,153,,33,S. L.,2005-12-19,2005,49730,SL49730,202,Smooth skate,Malacoraja senta,47.0,4.5368,,,,134020,2700,Mysid shrimp,Mysidacea (o.),2,Slight,,,1,0.0757,,
"4T Southern Gulf of St. Lawrence Ecosystem Trawl Survey (RV Survey, Needler)",glf4t2005,2005,153,,33,S. L.,2005-12-19,2005,49730,SL49730,202,Smooth skate,Malacoraja senta,47.0,4.5368,,,,134021,2331,Greenland shrimp,Eualus macilentus,2,Slight,,,1,0.1636,,
"4T Southern Gulf of St. Lawrence Ecosystem Trawl Survey (RV Survey, Needler)",glf4t2005,2005,153,,33,S. L.,2005-12-19,2005,49730,SL49730,202,Smooth skate,Malacoraja senta,47.0,4.5368,,,,134022,2212,Aesop shrimp,Pandalus montagui,3,Intermediate,,,1,1.2944,,
"4T Southern Gulf of St. Lawrence Ecosystem Trawl Survey (RV Survey, Needler)",glf4t2005,2005,153,,33,S. L.,2005-12-19,2005,49730,SL49730,202,Smooth skate,Malacoraja senta,47.0,4.5368,,,,134023,2500,Crab sp.,Crab sp.,4,Advanced,,,1,0.2215,,
"4T Southern Gulf of St. Lawrence Ecosystem Trawl Survey (RV Survey, Needler)",glf4t2005,2005,153,,33,S. L.,2005-12-19,2005,49730,SL49730,202,Smooth skate,Malacoraja senta,47.0,4.5368,,,,134024,2000,Crustacean unidentified,Crustacea,4,Advanced,,,1,0.4367,,
"4T Southern Gulf of St. Lawrence Ecosystem Trawl Survey (RV Survey, Needler)",glf4t2005,2005,153,,33,S. L.,2005-12-19,2005,49730,SL49730,202,Smooth skate,Malacoraja senta,47.0,4.5368,,,,134025,2811,Gammaridae unidentified,Gammaridae,2,Slight,,,1,0.1662,,
"4T Southern Gulf of St. Lawrence Ecosystem Trawl Survey (RV Survey, Needler)",glf4t2005,2005,153,,33,S. L.,2005-12-19,2005,49730,SL49730,202,Smooth skate,Malacoraja senta,47.0,4.5368,,,,134026,9300,Seaweed/Algae/Kelp unidentified,Obsolete,1,Undigested/freshly eaten,,,1,0.0532,,
"4T Southern Gulf of St. Lawrence Ecosystem Trawl Survey (RV Survey, Needler)",glf4t2005,2005,153,,34,S. L.,2006-02-22,2006,49731,SL49731,202,Smooth skate,Malacoraja senta,32.3,1.9692,,,,134027,2331,Greenland shrimp,Eualus macilentus,1,Undigested/freshly eaten,,,1,0.3938,,
"4T Southern Gulf of St. Lawrence Ecosystem Trawl Survey (RV Survey, Needler)",glf4t2005,2005,153,,34,S. L.,2006-02-22,2006,49731,SL49731,202,Smooth skate,Malacoraja senta,32.3,1.9692,,,,134028,2811,Gammaridae unidentified,Gammaridae,2,Slight,,,1,0.0916,,
"4T Southern Gulf of St. Lawrence Ecosystem Trawl Survey (RV Survey, Needler)",glf4t2005,2005,153,,34,S. L.,2006-02-22,2006,49731,SL49731,202,Smooth skate,Malacoraja senta,32.3,1.9692,,,,134029,2980,Isopoda unidentified,Isopoda,2,Slight,,,1,0.0972,,
"4T Southern Gulf of St. Lawrence Ecosystem Trawl Survey (RV Survey, Needler)",glf4t2005,2005,153,,34,S. L.,2006-02-22,2006,49731,SL49731,202,Smooth skate,Malacoraja senta,32.3,1.9692,,,,134030,880,Atlantic hookear sculpin,Artediellus atlanticus,2,Slight,22.0,,1,0.099,,
"4T Southern Gulf of St. Lawrence Ecosystem Trawl Survey (RV Survey, Needler)",glf4t2005,2005,153,,34,S. L.,2006-02-22,2006,49731,SL49731,202,Smooth skate,Malacoraja senta,32.3,1.9692,,,,134031,2330,Eualus unidentified,Eualus,2,Slight,,,1,0.159,,
"4T Southern Gulf of St. Lawrence Ecosystem Trawl Survey (RV Survey, Needler)",glf4t2005,2005,153,,34,S. L.,2006-02-22,2006,49731,SL49731,202,Smooth skate,Malacoraja senta,32.3,1.9692,,,,134032,9100,Mucus,Mucus,,,,,1,1.1286,,
"4T Southern Gulf of St. Lawrence Ecosystem Trawl Survey (RV Survey, Needler)",glf4t2005,2005,153,,35,S. L.,2006-02-22,2006,49732,SL49732,202,Smooth skate,Malacoraja senta,26.1,1.5802,,,,134033,2700,Mysid shrimp,Mysidacea (o.),3,Intermediate,,,1,0.0091,,
"4T Southern Gulf of St. Lawrence Ecosystem Trawl Survey (RV Survey, Needler)",glf4t2005,2005,153,,35,S. L.,2006-02-22,2006,49732,SL49732,202,Smooth skate,Malacoraja senta,26.1,1.5802,,,,134034,3100,Bristle worm unidentified,Polychaeta,1,Undigested/freshly eaten,,,1,0.0293,,
"4T Southern Gulf of St. Lawrence Ecosystem Trawl Survey (RV Survey, Needler)",glf4t2005,2005,153,,35,S. L.,2006-02-22,2006,49732,SL49732,202,Smooth skate,Malacoraja senta,26.1,1.5802,,,,134035,2980,Isopoda unidentified,Isopoda,3,Intermediate,,,1,0.077,,
"4T Southern Gulf of St. Lawrence Ecosystem Trawl Survey (RV Survey, Needler)",glf4t2005,2005,153,,35,S. L.,2006-02-22,2006,49732,SL49732,202,Smooth skate,Malacoraja senta,26.1,1.5802,,,,134036,2811,Gammaridae unidentified,Gammaridae,2,Slight,,,1,0.737,,
"4T Southern Gulf of St. Lawrence Ecosystem Trawl Survey (RV Survey, Needler)",glf4t2005,2005,153,,35,S. L.,2006-02-22,2006,49732,SL49732,202,Smooth skate,Malacoraja senta,26.1,1.5802,,,,134037,2000,Crustacean unidentified,Crustacea,4,Advanced,,,1,0.2073,,
"4T Southern Gulf of St. Lawrence Ecosystem Trawl Survey (RV Survey, Needler)",glf4t2005,2005,153,,35,S. L.,2006-02-22,2006,49732,SL49732,202,Smooth skate,Malacoraja senta,26.1,1.5802,,,,134038,9100,Mucus,Mucus,,,,,1,0.5205,,
"4T Southern Gulf of St. Lawrence Ecosystem Trawl Survey (RV Survey, Needler)",glf4t2005,2005,153,,36,S. L.,2006-02-21,2006,49733,SL49733,202,Smooth skate,Malacoraja senta,23.0,1.4012,,,,134039,2700,Mysid shrimp,Mysidacea (o.),2,Slight,,,1,0.0821,,
"4T Southern Gulf of St. Lawrence Ecosystem Trawl Survey (RV Survey, Needler)",glf4t2005,2005,153,,36,S. L.,2006-02-21,2006,49733,SL49733,202,Smooth skate,Malacoraja senta,23.0,1.4012,,,,134040,2330,Eualus unidentified,Eualus,2,Slight,,,1,0.0989,,
"4T Southern Gulf of St. Lawrence Ecosystem Trawl Survey (RV Survey, Needler)",glf4t2005,2005,153,,36,S. L.,2006-02-21,2006,49733,SL49733,202,Smooth skate,Malacoraja senta,23.0,1.4012,,,,134041,2811,Gammaridae unidentified,Gammaridae,2,Slight,,,1,0.5619,,
"4T Southern Gulf of St. Lawrence Ecosystem Trawl Survey (RV Survey, Needler)",glf4t2005,2005,153,,36,S. L.,2006-02-21,2006,49733,SL49733,202,Smooth skate,Malacoraja senta,23.0,1.4012,,,,134042,2000,Crustacean unidentified,Crustacea,4,Advanced,,,1,0.1762,,
"4T Southern Gulf of St. Lawrence Ecosystem Trawl Survey (RV Survey, Needler)",glf4t2005,2005,153,,36,S. L.,2006-02-21,2006,49733,SL49733,202,Smooth skate,Malacoraja senta,23.0,1.4012,,,,134043,9100,Mucus,Mucus,,,,,1,0.4821,,
"4T Southern Gulf of St. Lawrence Ecosystem Trawl Survey (RV Survey, Needler)",glf4t2005,2005,153,,37,S. L.,2006-02-22,2006,49734,SL49734,202,Smooth skate,Malacoraja senta,31.2,2.9809,,,,134044,2971,Diastylis sp.,Diastylis,2,Slight,,,1,0.0156,,
"4T Southern Gulf of St. Lawrence Ecosystem Trawl Survey (RV Survey, Needler)",glf4t2005,2005,153,,37,S. L.,2006-02-22,2006,49734,SL49734,202,Smooth skate,Malacoraja senta,31.2,2.9809,,,,134045,2700,Mysid shrimp,Mysidacea (o.),2,Slight,,,1,0.1414,,
"4T Southern Gulf of St. Lawrence Ecosystem Trawl Survey (RV Survey, Needler)",glf4t2005,2005,153,,37,S. L.,2006-02-22,2006,49734,SL49734,202,Smooth skate,Malacoraja senta,31.2,2.9809,,,,134046,2100,Decapod unidentified,Decapoda,4,Advanced,,,1,0.0277,,
"4T Southern Gulf of St. Lawrence Ecosystem Trawl Survey (RV Survey, Needler)",glf4t2005,2005,153,,37,S. L.,2006-02-22,2006,49734,SL49734,202,Smooth skate,Malacoraja senta,31.2,2.9809,,,,134047,2980,Isopoda unidentified,Isopoda,2,Slight,,,1,0.3798,,
"4T Southern Gulf of St. Lawrence Ecosystem Trawl Survey (RV Survey, Needler)",glf4t2005,2005,153,,37,S. L.,2006-02-22,2006,49734,SL49734,202,Smooth skate,Malacoraja senta,31.2,2.9809,,,,134048,2811,Gammaridae unidentified,Gammaridae,2,Slight,,,1,0.8981,,
"4T Southern Gulf of St. Lawrence Ecosystem Trawl Survey (RV Survey, Needler)",glf4t2005,2005,153,,37,S. L.,2006-02-22,2006,49734,SL49734,202,Smooth skate,Malacoraja senta,31.2,2.9809,,,,134049,3100,Bristle worm unidentified,Polychaeta,1,Undigested/freshly eaten,,,1,0.0689,,
"4T Southern Gulf of St. Lawrence Ecosystem Trawl Survey (RV Survey, Needler)",glf4t2005,2005,153,,37,S. L.,2006-02-22,2006,49734,SL49734,202,Smooth skate,Malacoraja senta,31.2,2.9809,,,,134050,2000,Crustacean unidentified,Crustacea,4,Advanced,,,1,0.4196,,
"4T Southern Gulf of St. Lawrence Ecosystem Trawl Survey (RV Survey, Needler)",glf4t2005,2005,153,,37,S. L.,2006-02-22,2006,49734,SL49734,202,Smooth skate,Malacoraja senta,31.2,2.9809,,,,134051,2500,Crab sp.,Crab sp.,3,Intermediate,4.0,,1,0.0258,,
"4T Southern Gulf of St. Lawrence Ecosystem Trawl Survey (RV Survey, Needler)",glf4t2005,2005,153,,37,S. L.,2006-02-22,2006,49734,SL49734,202,Smooth skate,Malacoraja senta,31.2,2.9809,,,,134052,9100,Mucus,Mucus,,,,,1,0.909,,
"4T Southern Gulf of St. Lawrence Ecosystem Trawl Survey (RV Survey, Needler)",glf4t2005,2005,153,,37,S. L.,2006-02-22,2006,49734,SL49734,202,Smooth skate,Malacoraja senta,31.2,2.9809,,,,134053,2330,Eualus unidentified,Eualus,2,Slight,,,1,0.095,,
"4T Southern Gulf of St. Lawrence Ecosystem Trawl Survey (RV Survey, Needler)",glf4t2005,2005,154,,205,S. L.,2005-12-20,2005,49735,SL49735,201,Thorny skate,Amblyraja radiata,57.0,124.4376,,,,134054,4514,Squid unidentified,"Loliginidae,ommastrephidae f.",2,Slight,190.0,,1,103.4756,,
"4T Southern Gulf of St. Lawrence Ecosystem Trawl Survey (RV Survey, Needler)",glf4t2005,2005,154,,205,S. L.,2005-12-20,2005,49735,SL49735,201,Thorny skate,Amblyraja radiata,57.0,124.4376,,,,134055,2811,Gammaridae unidentified,Gammaridae,2,Slight,,,1,0.0321,,
"4T Southern Gulf of St. Lawrence Ecosystem Trawl Survey (RV Survey, Needler)",glf4t2005,2005,154,,205,S. L.,2005-12-20,2005,49735,SL49735,201,Thorny skate,Amblyraja radiata,57.0,124.4376,,,,134056,7600,Trematoda unidentified,Trematoda,1,Undigested/freshly eaten,,,1,0.3315,,
"4T Southern Gulf of St. Lawrence Ecosystem Trawl Survey (RV Survey, Needler)",glf4t2005,2005,154,,205,S. L.,2005-12-20,2005,49735,SL49735,201,Thorny skate,Amblyraja radiata,57.0,124.4376,,,,134057,70,Atlantic mackerel,Scomber scombrus,3,Intermediate,,,1,6.5807,,
"4T Southern Gulf of St. Lawrence Ecosystem Trawl Survey (RV Survey, Needler)",glf4t2005,2005,154,,205,S. L.,2005-12-20,2005,49735,SL49735,201,Thorny skate,Amblyraja radiata,57.0,124.4376,,,,134058,9000,Digested remains unidentified,"Unid remains,digested",4,Advanced,,,1,14.0177,,
"4T Southern Gulf of St. Lawrence Ecosystem Trawl Survey (RV Survey, Needler)",glf4t2005,2005,154,,38,S. L.,2005-12-19,2005,49736,SL49736,202,Smooth skate,Malacoraja senta,44.0,2.7163,,,,134059,9300,Seaweed/Algae/Kelp unidentified,Obsolete,1,Undigested/freshly eaten,,,1,0.009,,
"4T Southern Gulf of St. Lawrence Ecosystem Trawl Survey (RV Survey, Needler)",glf4t2005,2005,154,,38,S. L.,2005-12-19,2005,49736,SL49736,202,Smooth skate,Malacoraja senta,44.0,2.7163,,,,134060,2811,Gammaridae unidentified,Gammaridae,2,Slight,,,1,0.1748,,
"4T Southern Gulf of St. Lawrence Ecosystem Trawl Survey (RV Survey, Needler)",glf4t2005,2005,154,,38,S. L.,2005-12-19,2005,49736,SL49736,202,Smooth skate,Malacoraja senta,44.0,2.7163,,,,134061,2100,Decapod unidentified,Decapoda,4,Advanced,,,1,0.8949,,
"4T Southern Gulf of St. Lawrence Ecosystem Trawl Survey (RV Survey, Needler)",glf4t2005,2005,154,,38,S. L.,2005-12-19,2005,49736,SL49736,202,Smooth skate,Malacoraja senta,44.0,2.7163,,,,134062,2000,Crustacean unidentified,Crustacea,4,Advanced,,,1,1.6376,,
"4T Southern Gulf of St. Lawrence Ecosystem Trawl Survey (RV Survey, Needler)",glf4t2005,2005,154,,39,S. L.,2006-01-06,2006,49737,SL49737,202,Smooth skate,Malacoraja senta,11.3,0.2554,,,,134063,2811,Gammaridae unidentified,Gammaridae,2,Slight,,,1,0.1371,,
"4T Southern Gulf of St. Lawrence Ecosystem Trawl Survey (RV Survey, Needler)",glf4t2005,2005,154,,39,S. L.,2006-01-06,2006,49737,SL49737,202,Smooth skate,Malacoraja senta,11.3,0.2554,,,,134064,2900,Copepods,Copepoda,3,Intermediate,,,1,0.0011,,
"4T Southern Gulf of St. Lawrence Ecosystem Trawl Survey (RV Survey, Needler)",glf4t2005,2005,154,,39,S. L.,2006-01-06,2006,49737,SL49737,202,Smooth skate,Malacoraja senta,11.3,0.2554,,,,134065,2000,Crustacean unidentified,Crustacea,4,Advanced,,,1,0.049,,
"4T Southern Gulf of St. Lawrence Ecosystem Trawl Survey (RV Survey, Needler)",glf4t2005,2005,154,,39,S. L.,2006-01-06,2006,49737,SL49737,202,Smooth skate,Malacoraja senta,11.3,0.2554,,,,134066,9100,Mucus,Mucus,,,,,1,0.0682,,
"4T Southern Gulf of St. Lawrence Ecosystem Trawl Survey (RV Survey, Needler)",glf4t2005,2005,121,,59,S. L.,2005-12-20,2005,49738,SL49738,201,Thorny skate,Amblyraja radiata,38.0,5.5201,,,,134067,2811,Gammaridae unidentified,Gammaridae,3,Intermediate,,,1,2.7366,,
"4T Southern Gulf of St. Lawrence Ecosystem Trawl Survey (RV Survey, Needler)",glf4t2005,2005,121,,59,S. L.,2005-12-20,2005,49738,SL49738,201,Thorny skate,Amblyraja radiata,38.0,5.5201,,,,134068,2100,Decapod unidentified,Decapoda,4,Advanced,,,1,1.348,,
"4T Southern Gulf of St. Lawrence Ecosystem Trawl Survey (RV Survey, Needler)",glf4t2005,2005,121,,59,S. L.,2005-12-20,2005,49738,SL49738,201,Thorny skate,Amblyraja radiata,38.0,5.5201,,,,134069,2000,Crustacean unidentified,Crustacea,4,Advanced,,,1,0.8997,,
"4T Southern Gulf of St. Lawrence Ecosystem Trawl Survey (RV Survey, Needler)",glf4t2005,2005,121,,59,S. L.,2005-12-20,2005,49738,SL49738,201,Thorny skate,Amblyraja radiata,38.0,5.5201,,,,134070,3100,Bristle worm unidentified,Polychaeta,3,Intermediate,,,1,0.5358,,
"4T Southern Gulf of St. Lawrence Ecosystem Trawl Survey (RV Survey, Needler)",glf4t2005,2005,121,,58,S. L.,2005-12-21,2005,49739,SL49739,201,Thorny skate,Amblyraja radiata,32.0,0.3655,,,,134071,3100,Bristle worm unidentified,Polychaeta,2,Slight,,,1,0.179,,
"4T Southern Gulf of St. Lawrence Ecosystem Trawl Survey (RV Survey, Needler)",glf4t2005,2005,121,,58,S. L.,2005-12-21,2005,49739,SL49739,201,Thorny skate,Amblyraja radiata,32.0,0.3655,,,,134072,9100,Mucus,Mucus,,,,,1,0.1865,,
"4T Southern Gulf of St. Lawrence Ecosystem Trawl Survey (RV Survey, Needler)",glf4t2005,2005,121,,55,S. L.,2005-12-21,2005,49740,SL49740,201,Thorny skate,Amblyraja radiata,43.0,1.1927,,,,134073,3100,Bristle worm unidentified,Polychaeta,2,Slight,,,1,0.0935,,
"4T Southern Gulf of St. Lawrence Ecosystem Trawl Survey (RV Survey, Needler)",glf4t2005,2005,121,,55,S. L.,2005-12-21,2005,49740,SL49740,201,Thorny skate,Amblyraja radiata,43.0,1.1927,,,,134074,9100,Mucus,Mucus,,,,,1,1.0992,,
"4T Southern Gulf of St. Lawrence Ecosystem Trawl Survey (RV Survey, Needler)",glf4t2005,2005,121,,56,S. L.,2005-12-21,2005,49741,SL49741,201,Thorny skate,Amblyraja radiata,36.0,2.5632,,,,134075,2811,Gammaridae unidentified,Gammaridae,2,Slight,,,1,0.1071,,
"4T Southern Gulf of St. Lawrence Ecosystem Trawl Survey (RV Survey, Needler)",glf4t2005,2005,121,,56,S. L.,2005-12-21,2005,49741,SL49741,201,Thorny skate,Amblyraja radiata,36.0,2.5632,,,,134076,2910,Calanus sp.,Calanus sp.,2,Slight,,,1,0.0116,,
"4T Southern Gulf of St. Lawrence Ecosystem Trawl Survey (RV Survey, Needler)",glf4t2005,2005,121,,56,S. L.,2005-12-21,2005,49741,SL49741,201,Thorny skate,Amblyraja radiata,36.0,2.5632,,,,134077,3100,Bristle worm unidentified,Polychaeta,2,Slight,,,1,2.4445,,
"4T Southern Gulf of St. Lawrence Ecosystem Trawl Survey (RV Survey, Needler)",glf4t2005,2005,121,,53,S. L.,2005-12-21,2005,49742,SL49742,201,Thorny skate,Amblyraja radiata,39.0,3.1001,,,,134078,2811,Gammaridae unidentified,Gammaridae,2,Slight,,,1,2.9277,,
"4T Southern Gulf of St. Lawrence Ecosystem Trawl Survey (RV Survey, Needler)",glf4t2005,2005,121,,53,S. L.,2005-12-21,2005,49742,SL49742,201,Thorny skate,Amblyraja radiata,39.0,3.1001,,,,134079,3100,Bristle worm unidentified,Polychaeta,3,Intermediate,,,1,0.1724,,
"4T Southern Gulf of St. Lawrence Ecosystem Trawl Survey (RV Survey, Needler)",glf4t2005,2005,121,,52,S. L.,2005-12-21,2005,49743,SL49743,201,Thorny skate,Amblyraja radiata,40.0,6.4655,,,,134080,2211,Northern shrimp,Pandalus borealis,3,Intermediate,,,1,3.8019,,
"4T Southern Gulf of St. Lawrence Ecosystem Trawl Survey (RV Survey, Needler)",glf4t2005,2005,121,,52,S. L.,2005-12-21,2005,49743,SL49743,201,Thorny skate,Amblyraja radiata,40.0,6.4655,,,,134081,3100,Bristle worm unidentified,Polychaeta,3,Intermediate,,,1,0.0886,,
"4T Southern Gulf of St. Lawrence Ecosystem Trawl Survey (RV Survey, Needler)",glf4t2005,2005,121,,52,S. L.,2005-12-21,2005,49743,SL49743,201,Thorny skate,Amblyraja radiata,40.0,6.4655,,,,134082,9100,Mucus,Mucus,,,,,1,2.575,,
"4T Southern Gulf of St. Lawrence Ecosystem Trawl Survey (RV Survey, Needler)",glf4t2005,2005,121,,62,S. L.,2005-12-22,2005,49744,SL49744,201,Thorny skate,Amblyraja radiata,34.0,4.7266,,,,134083,2906,Hyperiidae unidentified,Hyperiidae,2,Slight,,,1,0.137,,
"4T Southern Gulf of St. Lawrence Ecosystem Trawl Survey (RV Survey, Needler)",glf4t2005,2005,121,,62,S. L.,2005-12-22,2005,49744,SL49744,201,Thorny skate,Amblyraja radiata,34.0,4.7266,,,,134084,2211,Northern shrimp,Pandalus borealis,3,Intermediate,,,1,0.884,,
"4T Southern Gulf of St. Lawrence Ecosystem Trawl Survey (RV Survey, Needler)",glf4t2005,2005,121,,62,S. L.,2005-12-22,2005,49744,SL49744,201,Thorny skate,Amblyraja radiata,34.0,4.7266,,,,134085,2811,Gammaridae unidentified,Gammaridae,3,Intermediate,,,1,0.1407,,
"4T Southern Gulf of St. Lawrence Ecosystem Trawl Survey (RV Survey, Needler)",glf4t2005,2005,121,,62,S. L.,2005-12-22,2005,49744,SL49744,201,Thorny skate,Amblyraja radiata,34.0,4.7266,,,,134086,3100,Bristle worm unidentified,Polychaeta,3,Intermediate,,,1,3.1543,,
"4T Southern Gulf of St. Lawrence Ecosystem Trawl Survey (RV Survey, Needler)",glf4t2005,2005,121,,62,S. L.,2005-12-22,2005,49744,SL49744,201,Thorny skate,Amblyraja radiata,34.0,4.7266,,,,134087,90,Fish unidentified,"Unid. fish (larvae,juvenile and adults)",,,,,1,0.4106,,
"4T Southern Gulf of St. Lawrence Ecosystem Trawl Survey (RV Survey, Needler)",glf4t2005,2005,121,,61,S. L.,2005-12-22,2005,49745,SL49745,201,Thorny skate,Amblyraja radiata,48.0,6.2165,,,,134088,2811,Gammaridae unidentified,Gammaridae,3,Intermediate,,,1,0.56,,
"4T Southern Gulf of St. Lawrence Ecosystem Trawl Survey (RV Survey, Needler)",glf4t2005,2005,121,,61,S. L.,2005-12-22,2005,49745,SL49745,201,Thorny skate,Amblyraja radiata,48.0,6.2165,,,,134089,3100,Bristle worm unidentified,Polychaeta,3,Intermediate,,,1,0.7834,,
"4T Southern Gulf of St. Lawrence Ecosystem Trawl Survey (RV Survey, Needler)",glf4t2005,2005,121,,61,S. L.,2005-12-22,2005,49745,SL49745,201,Thorny skate,Amblyraja radiata,48.0,6.2165,,,,134090,2100,Decapod unidentified,Decapoda,4,Advanced,,,1,3.2274,,
"4T Southern Gulf of St. Lawrence Ecosystem Trawl Survey (RV Survey, Needler)",glf4t2005,2005,121,,61,S. L.,2005-12-22,2005,49745,SL49745,201,Thorny skate,Amblyraja radiata,48.0,6.2165,,,,134091,9100,Mucus,Mucus,,,,,1,1.6457,,
"4T Southern Gulf of St. Lawrence Ecosystem Trawl Survey (RV Survey, Needler)",glf4t2005,2005,121,,60,S. L.,2005-12-22,2005,49746,SL49746,201,Thorny skate,Amblyraja radiata,36.0,1.952,,,,134092,2600,Krill,Euphausiacea,2,Slight,,,1,0.0929,,
"4T Southern Gulf of St. Lawrence Ecosystem Trawl Survey (RV Survey, Needler)",glf4t2005,2005,121,,60,S. L.,2005-12-22,2005,49746,SL49746,201,Thorny skate,Amblyraja radiata,36.0,1.952,,,,134093,2906,Hyperiidae unidentified,Hyperiidae,2,Slight,,,1,0.4458,,
"4T Southern Gulf of St. Lawrence Ecosystem Trawl Survey (RV Survey, Needler)",glf4t2005,2005,121,,60,S. L.,2005-12-22,2005,49746,SL49746,201,Thorny skate,Amblyraja radiata,36.0,1.952,,,,134094,2811,Gammaridae unidentified,Gammaridae,3,Intermediate,,,1,0.159,,
"4T Southern Gulf of St. Lawrence Ecosystem Trawl Survey (RV Survey, Needler)",glf4t2005,2005,121,,60,S. L.,2005-12-22,2005,49746,SL49746,201,Thorny skate,Amblyraja radiata,36.0,1.952,,,,134095,3100,Bristle worm unidentified,Polychaeta,2,Slight,,,1,1.2505,,
"4T Southern Gulf of St. Lawrence Ecosystem Trawl Survey (RV Survey, Needler)",glf4t2005,2005,121,,60,S. L.,2005-12-22,2005,49746,SL49746,201,Thorny skate,Amblyraja radiata,36.0,1.952,,,,134096,2700,Mysid shrimp,Mysidacea (o.),2,Slight,,,1,0.0038,,
"4T Southern Gulf of St. Lawrence Ecosystem Trawl Survey (RV Survey, Needler)",glf4t2005,2005,121,,51,S. L.,2005-12-22,2005,49747,SL49747,201,Thorny skate,Amblyraja radiata,50.0,6.9678,,,,134097,2221,Pink glass shrimp,Pasiphaea multidentata,1,Undigested/freshly eaten,,,1,1.1015,,
"4T Southern Gulf of St. Lawrence Ecosystem Trawl Survey (RV Survey, Needler)",glf4t2005,2005,121,,51,S. L.,2005-12-22,2005,49747,SL49747,201,Thorny skate,Amblyraja radiata,50.0,6.9678,,,,134098,2811,Gammaridae unidentified,Gammaridae,3,Intermediate,,,1,1.4133,,
"4T Southern Gulf of St. Lawrence Ecosystem Trawl Survey (RV Survey, Needler)",glf4t2005,2005,121,,51,S. L.,2005-12-22,2005,49747,SL49747,201,Thorny skate,Amblyraja radiata,50.0,6.9678,,,,134099,3100,Bristle worm unidentified,Polychaeta,3,Intermediate,,,1,0.4114,,
"4T Southern Gulf of St. Lawrence Ecosystem Trawl Survey (RV Survey, Needler)",glf4t2005,2005,121,,51,S. L.,2005-12-22,2005,49747,SL49747,201,Thorny skate,Amblyraja radiata,50.0,6.9678,,,,134100,9100,Mucus,Mucus,,,,,1,4.0416,,
"4T Southern Gulf of St. Lawrence Ecosystem Trawl Survey (RV Survey, Needler)",glf4t2005,2005,121,,54,S. L.,2005-12-23,2005,49748,SL49748,201,Thorny skate,Amblyraja radiata,39.0,13.9199,,,,134101,2211,Northern shrimp,Pandalus borealis,3,Intermediate,,,1,9.5656,,
"4T Southern Gulf of St. Lawrence Ecosystem Trawl Survey (RV Survey, Needler)",glf4t2005,2005,121,,54,S. L.,2005-12-23,2005,49748,SL49748,201,Thorny skate,Amblyraja radiata,39.0,13.9199,,,,134102,2811,Gammaridae unidentified,Gammaridae,3,Intermediate,,,1,0.3466,,
"4T Southern Gulf of St. Lawrence Ecosystem Trawl Survey (RV Survey, Needler)",glf4t2005,2005,121,,54,S. L.,2005-12-23,2005,49748,SL49748,201,Thorny skate,Amblyraja radiata,39.0,13.9199,,,,134103,3100,Bristle worm unidentified,Polychaeta,3,Intermediate,,,1,0.5608,,
"4T Southern Gulf of St. Lawrence Ecosystem Trawl Survey (RV Survey, Needler)",glf4t2005,2005,121,,54,S. L.,2005-12-23,2005,49748,SL49748,201,Thorny skate,Amblyraja radiata,39.0,13.9199,,,,134104,9100,Mucus,Mucus,,,,,1,3.4469,,
"4T Southern Gulf of St. Lawrence Ecosystem Trawl Survey (RV Survey, Needler)",glf4t2005,2005,121,,57,S. L.,2006-01-04,2006,49749,SL49749,201,Thorny skate,Amblyraja radiata,56.0,20.9306,,,,134105,2211,Northern shrimp,Pandalus borealis,2,Slight,,,1,9.9063,,
"4T Southern Gulf of St. Lawrence Ecosystem Trawl Survey (RV Survey, Needler)",glf4t2005,2005,121,,57,S. L.,2006-01-04,2006,49749,SL49749,201,Thorny skate,Amblyraja radiata,56.0,20.9306,,,,134106,2811,Gammaridae unidentified,Gammaridae,3,Intermediate,,,1,0.8777,,
"4T Southern Gulf of St. Lawrence Ecosystem Trawl Survey (RV Survey, Needler)",glf4t2005,2005,121,,57,S. L.,2006-01-04,2006,49749,SL49749,201,Thorny skate,Amblyraja radiata,56.0,20.9306,,,,134107,90,Fish unidentified,"Unid. fish (larvae,juvenile and adults)",2,Slight,,,1,4.4577,,
"4T Southern Gulf of St. Lawrence Ecosystem Trawl Survey (RV Survey, Needler)",glf4t2005,2005,121,,57,S. L.,2006-01-04,2006,49749,SL49749,201,Thorny skate,Amblyraja radiata,56.0,20.9306,,,,134108,9000,Digested remains unidentified,"Unid remains,digested",4,Advanced,,,1,0.8612,,
"4T Southern Gulf of St. Lawrence Ecosystem Trawl Survey (RV Survey, Needler)",glf4t2005,2005,121,,57,S. L.,2006-01-04,2006,49749,SL49749,201,Thorny skate,Amblyraja radiata,56.0,20.9306,,,,134109,9100,Mucus,Mucus,,,,,1,4.8277,,
"4T Southern Gulf of St. Lawrence Ecosystem Trawl Survey (RV Survey, Needler)",glf4t2005,2005,121,,63,S. L.,2006-02-20,2006,49750,SL49750,201,Thorny skate,Amblyraja radiata,21.9,2.1341,,,,134110,2700,Mysid shrimp,Mysidacea (o.),2,Slight,,,1,0.2435,,
"4T Southern Gulf of St. Lawrence Ecosystem Trawl Survey (RV Survey, Needler)",glf4t2005,2005,121,,63,S. L.,2006-02-20,2006,49750,SL49750,201,Thorny skate,Amblyraja radiata,21.9,2.1341,,,,134111,2221,Pink glass shrimp,Pasiphaea multidentata,2,Slight,,,1,0.6597,,
"4T Southern Gulf of St. Lawrence Ecosystem Trawl Survey (RV Survey, Needler)",glf4t2005,2005,121,,63,S. L.,2006-02-20,2006,49750,SL49750,201,Thorny skate,Amblyraja radiata,21.9,2.1341,,,,134112,3100,Bristle worm unidentified,Polychaeta,2,Slight,,,1,0.4378,,
"4T Southern Gulf of St. Lawrence Ecosystem Trawl Survey (RV Survey, Needler)",glf4t2005,2005,121,,63,S. L.,2006-02-20,2006,49750,SL49750,201,Thorny skate,Amblyraja radiata,21.9,2.1341,,,,134113,2000,Crustacean unidentified,Crustacea,4,Advanced,,,1,0.2153,,
"4T Southern Gulf of St. Lawrence Ecosystem Trawl Survey (RV Survey, Needler)",glf4t2005,2005,121,,63,S. L.,2006-02-20,2006,49750,SL49750,201,Thorny skate,Amblyraja radiata,21.9,2.1341,,,,134114,9100,Mucus,Mucus,,,,,1,0.5778,,
"4T Southern Gulf of St. Lawrence Ecosystem Trawl Survey (RV Survey, Needler)",glf4t2005,2005,121,,64,S. L.,2006-02-20,2006,49751,SL49751,201,Thorny skate,Amblyraja radiata,24.2,1.8345,,,,134115,2700,Mysid shrimp,Mysidacea (o.),2,Slight,,,1,0.0143,,
"4T Southern Gulf of St. Lawrence Ecosystem Trawl Survey (RV Survey, Needler)",glf4t2005,2005,121,,64,S. L.,2006-02-20,2006,49751,SL49751,201,Thorny skate,Amblyraja radiata,24.2,1.8345,,,,134116,2900,Copepods,Copepoda,1,Undigested/freshly eaten,,,1,0.0033,,
"4T Southern Gulf of St. Lawrence Ecosystem Trawl Survey (RV Survey, Needler)",glf4t2005,2005,121,,64,S. L.,2006-02-20,2006,49751,SL49751,201,Thorny skate,Amblyraja radiata,24.2,1.8345,,,,134117,2811,Gammaridae unidentified,Gammaridae,2,Slight,,,1,0.108,,
"4T Southern Gulf of St. Lawrence Ecosystem Trawl Survey (RV Survey, Needler)",glf4t2005,2005,121,,64,S. L.,2006-02-20,2006,49751,SL49751,201,Thorny skate,Amblyraja radiata,24.2,1.8345,,,,134118,3100,Bristle worm unidentified,Polychaeta,2,Slight,,,1,0.9689,,
"4T Southern Gulf of St. Lawrence Ecosystem Trawl Survey (RV Survey, Needler)",glf4t2005,2005,121,,64,S. L.,2006-02-20,2006,49751,SL49751,201,Thorny skate,Amblyraja radiata,24.2,1.8345,,,,134119,2000,Crustacean unidentified,Crustacea,4,Advanced,,,1,0.1862,,
"4T Southern Gulf of St. Lawrence Ecosystem Trawl Survey (RV Survey, Needler)",glf4t2005,2005,121,,64,S. L.,2006-02-20,2006,49751,SL49751,201,Thorny skate,Amblyraja radiata,24.2,1.8345,,,,134120,9100,Mucus,Mucus,,,,,1,0.5538,,
"4T Southern Gulf of St. Lawrence Ecosystem Trawl Survey (RV Survey, Needler)",glf4t2005,2005,121,,67,S. L.,2006-02-20,2006,49752,SL49752,201,Thorny skate,Amblyraja radiata,26.6,4.8755,,,,134121,2700,Mysid shrimp,Mysidacea (o.),2,Slight,,,1,0.0829,,
"4T Southern Gulf of St. Lawrence Ecosystem Trawl Survey (RV Survey, Needler)",glf4t2005,2005,121,,67,S. L.,2006-02-20,2006,49752,SL49752,201,Thorny skate,Amblyraja radiata,26.6,4.8755,,,,134122,7100,Round worm unidentified,Nematoda,1,Undigested/freshly eaten,,,1,0.0244,,
"4T Southern Gulf of St. Lawrence Ecosystem Trawl Survey (RV Survey, Needler)",glf4t2005,2005,121,,67,S. L.,2006-02-20,2006,49752,SL49752,201,Thorny skate,Amblyraja radiata,26.6,4.8755,,,,134123,3100,Bristle worm unidentified,Polychaeta,2,Slight,,,1,0.0477,,
"4T Southern Gulf of St. Lawrence Ecosystem Trawl Survey (RV Survey, Needler)",glf4t2005,2005,121,,67,S. L.,2006-02-20,2006,49752,SL49752,201,Thorny skate,Amblyraja radiata,26.6,4.8755,,,,134124,90,Fish unidentified,"Unid. fish (larvae,juvenile and adults)",3,Intermediate,,,1,0.5252,,
"4T Southern Gulf of St. Lawrence Ecosystem Trawl Survey (RV Survey, Needler)",glf4t2005,2005,121,,67,S. L.,2006-02-20,2006,49752,SL49752,201,Thorny skate,Amblyraja radiata,26.6,4.8755,,,,134125,2811,Gammaridae unidentified,Gammaridae,3,Intermediate,,,1,2.7283,,
"4T Southern Gulf of St. Lawrence Ecosystem Trawl Survey (RV Survey, Needler)",glf4t2005,2005,121,,67,S. L.,2006-02-20,2006,49752,SL49752,201,Thorny skate,Amblyraja radiata,26.6,4.8755,,,,134126,9100,Mucus,Mucus,,,,,1,1.467,,
"4T Southern Gulf of St. Lawrence Ecosystem Trawl Survey (RV Survey, Needler)",glf4t2005,2005,121,,68,S. L.,2006-02-20,2006,49753,SL49753,201,Thorny skate,Amblyraja radiata,12.6,0.26,,,,134127,2902,Copepods - 3 mm or less,Copepoda (s.c) - Small,2,Slight,,,1,0.0798,,
"4T Southern Gulf of St. Lawrence Ecosystem Trawl Survey (RV Survey, Needler)",glf4t2005,2005,121,,68,S. L.,2006-02-20,2006,49753,SL49753,201,Thorny skate,Amblyraja radiata,12.6,0.26,,,,134128,9100,Mucus,Mucus,,,,,1,0.1802,,
"4T Southern Gulf of St. Lawrence Ecosystem Trawl Survey (RV Survey, Needler)",glf4t2005,2005,121,,66,S. L.,2006-02-20,2006,49754,SL49754,201,Thorny skate,Amblyraja radiata,25.1,2.8126,,,,134129,3100,Bristle worm unidentified,Polychaeta,3,Intermediate,,,1,1.2747,,
"4T Southern Gulf of St. Lawrence Ecosystem Trawl Survey (RV Survey, Needler)",glf4t2005,2005,121,,66,S. L.,2006-02-20,2006,49754,SL49754,201,Thorny skate,Amblyraja radiata,25.1,2.8126,,,,134130,2526,Snow crab,Chionoecetes opilio,2,Slight,11.0,,1,0.5972,,
"4T Southern Gulf of St. Lawrence Ecosystem Trawl Survey (RV Survey, Needler)",glf4t2005,2005,121,,66,S. L.,2006-02-20,2006,49754,SL49754,201,Thorny skate,Amblyraja radiata,25.1,2.8126,,,,134131,2700,Mysid shrimp,Mysidacea (o.),2,Slight,,,1,0.0337,,
"4T Southern Gulf of St. Lawrence Ecosystem Trawl Survey (RV Survey, Needler)",glf4t2005,2005,121,,66,S. L.,2006-02-20,2006,49754,SL49754,201,Thorny skate,Amblyraja radiata,25.1,2.8126,,,,134132,2811,Gammaridae unidentified,Gammaridae,2,Slight,,,1,0.496,,
"4T Southern Gulf of St. Lawrence Ecosystem Trawl Survey (RV Survey, Needler)",glf4t2005,2005,121,,66,S. L.,2006-02-20,2006,49754,SL49754,201,Thorny skate,Amblyraja radiata,25.1,2.8126,,,,134133,9100,Mucus,Mucus,,,,,1,0.411,,
"4T Southern Gulf of St. Lawrence Ecosystem Trawl Survey (RV Survey, Needler)",glf4t2005,2005,121,,65,S. L.,2006-02-21,2006,49755,SL49755,201,Thorny skate,Amblyraja radiata,24.6,2.991,,,,134134,3100,Bristle worm unidentified,Polychaeta,2,Slight,,,1,0.0783,,
"4T Southern Gulf of St. Lawrence Ecosystem Trawl Survey (RV Survey, Needler)",glf4t2005,2005,121,,65,S. L.,2006-02-21,2006,49755,SL49755,201,Thorny skate,Amblyraja radiata,24.6,2.991,,,,134135,2100,Decapod unidentified,Decapoda,4,Advanced,,,1,2.0272,,
"4T Southern Gulf of St. Lawrence Ecosystem Trawl Survey (RV Survey, Needler)",glf4t2005,2005,121,,65,S. L.,2006-02-21,2006,49755,SL49755,201,Thorny skate,Amblyraja radiata,24.6,2.991,,,,134136,9100,Mucus,Mucus,,,,,1,0.8855,,
