cruise_name,cruise_number,cruise_year,set,strata,fish_number,samplers,processing_date,processing_year,predator_id,stomach_id,predator_species_code,predator_species_common_name,predator_species_latin_name,somatic_length_cm,stomach_wt_g,content_wt_g,predator_comments,predator_invalid_reason,prey_id,prey_species_code,prey_species_common_name,prey_species_latin_name,digestion_level_id,digestion_level_description,somatic_length_mm,length_comment,number_of_prey,somatic_wt_g,otolith_length_mm,prey_comments
"4T Southern Gulf of St. Lawrence Ecosystem Trawl Survey (RV Survey, Needler)",glf4t2004,2004,97,,,S. L.,2005-02-09,2005,47953,SL47953,23,Redfish unidentified,Sebastes,19.8,0.924,,,,127983,2910,Calanus sp.,Calanus sp.,2,Slight,,,1,0.924,,
"4T Southern Gulf of St. Lawrence Ecosystem Trawl Survey (RV Survey, Needler)",glf4t2004,2004,97,,,S. L.,2005-01-19,2005,47954,SL47954,31,Greenland halibut,Reinhardtius hippoglossoides,26.1,0.738,,,,127984,2906,Hyperiidae unidentified,Hyperiidae,3,Intermediate,,,1,0.738,,
"4T Southern Gulf of St. Lawrence Ecosystem Trawl Survey (RV Survey, Needler)",glf4t2004,2004,97,,,S. L.,2005-01-19,2005,47955,SL47955,31,Greenland halibut,Reinhardtius hippoglossoides,37.0,0.0,,,,127985,,,,,,,,1,,,
"4T Southern Gulf of St. Lawrence Ecosystem Trawl Survey (RV Survey, Needler)",glf4t2004,2004,97,,,S. L.,2005-01-19,2005,47956,SL47956,31,Greenland halibut,Reinhardtius hippoglossoides,36.0,0.0,,,,127986,,,,,,,,1,,,
"4T Southern Gulf of St. Lawrence Ecosystem Trawl Survey (RV Survey, Needler)",glf4t2004,2004,97,,,S. L.,2005-01-19,2005,47957,SL47957,31,Greenland halibut,Reinhardtius hippoglossoides,35.0,0.0,,,,127987,,,,,,,,1,,,
"4T Southern Gulf of St. Lawrence Ecosystem Trawl Survey (RV Survey, Needler)",glf4t2004,2004,97,,,S. L.,2005-01-19,2005,47958,SL47958,31,Greenland halibut,Reinhardtius hippoglossoides,32.0,0.0,,,,127988,,,,,,,,1,,,
"4T Southern Gulf of St. Lawrence Ecosystem Trawl Survey (RV Survey, Needler)",glf4t2004,2004,97,,,S. L.,2005-01-24,2005,47960,SL47960,40,American plaice,Hippoglossoides platessoides,24.5,0.42,,,,127991,9000,Digested remains unidentified,"Unid remains,digested",4,Advanced,,,1,0.42,,
"4T Southern Gulf of St. Lawrence Ecosystem Trawl Survey (RV Survey, Needler)",glf4t2004,2004,97,,,S. L.,2005-03-30,2005,47964,SL47964,64,Capelin,Mallotus villosus,10.3,0.382,,,,127999,2902,Copepods - 3 mm or less,Copepoda (s.c) - Small,2,Slight,,,1,0.382,,
"4T Southern Gulf of St. Lawrence Ecosystem Trawl Survey (RV Survey, Needler)",glf4t2004,2004,97,,,S. L.,2005-02-23,2005,47969,SL47969,304,Moustache sculpin,Triglops murrayi,11.3,0.02,,,,128008,3100,Bristle worm unidentified,Polychaeta,3,Intermediate,,,1,0.02,,
"4T Southern Gulf of St. Lawrence Ecosystem Trawl Survey (RV Survey, Needler)",glf4t2004,2004,97,,,S. L.,2005-03-18,2005,47973,SL47973,340,Alligatorfish,Aspidophoroides monopterygius,10.8,0.025,,,,128015,2811,Gammaridae unidentified,Gammaridae,2,Slight,,,1,0.025,,
"4T Southern Gulf of St. Lawrence Ecosystem Trawl Survey (RV Survey, Needler)",glf4t2004,2004,97,,,S. L.,2005-02-28,2005,47979,SL47979,512,Dusky snailfish,Liparis gibbus,10.3,2.664,,,,128031,2906,Hyperiidae unidentified,Hyperiidae,2,Slight,,,1,2.664,,
"4T Southern Gulf of St. Lawrence Ecosystem Trawl Survey (RV Survey, Needler)",glf4t2004,2004,97,,,S. L.,2005-03-21,2005,47983,SL47983,623,Daubed shanny,Leptoclinus maculatus,9.9,0.0,,,,128043,,,,,,,,1,,,
"4T Southern Gulf of St. Lawrence Ecosystem Trawl Survey (RV Survey, Needler)",glf4t2004,2004,97,,,S. L.,2005-03-21,2005,47985,SL47985,623,Daubed shanny,Leptoclinus maculatus,9.5,0.005,,,,128046,,,,,,,,1,0.005,,
"4T Southern Gulf of St. Lawrence Ecosystem Trawl Survey (RV Survey, Needler)",glf4t2004,2004,97,,,S. L.,2005-02-28,2005,47987,SL47987,626,Fourline snakeblenny,Eumesogrammus praecisus,8.6,0.054,,,,128050,3100,Bristle worm unidentified,Polychaeta,3,Intermediate,,,1,0.054,,
"4T Southern Gulf of St. Lawrence Ecosystem Trawl Survey (RV Survey, Needler)",glf4t2004,2004,97,,,S. L.,2005-03-20,2005,47990,SL47990,632,Stout eelblenny,Anisarchus medius,11.9,0.111,,,,128056,9500,Mud,,,,,,1,0.111,,
"4T Southern Gulf of St. Lawrence Ecosystem Trawl Survey (RV Survey, Needler)",glf4t2004,2004,98,,,S. L.,2005-01-18,2005,47992,SL47992,12,White hake,Urophycis tenuis,54.0,10.009,,,,128059,2211,Northern shrimp,Pandalus borealis,3,Intermediate,,,1,10.009,,
"4T Southern Gulf of St. Lawrence Ecosystem Trawl Survey (RV Survey, Needler)",glf4t2004,2004,98,,,S. L.,2005-01-18,2005,47993,SL47993,12,White hake,Urophycis tenuis,36.0,9.232,,,,128060,2211,Northern shrimp,Pandalus borealis,3,Intermediate,,,1,9.232,,
"4T Southern Gulf of St. Lawrence Ecosystem Trawl Survey (RV Survey, Needler)",glf4t2004,2004,98,,,S. L.,2005-01-18,2005,47996,SL47996,30,Atlantic halibut,Hippoglossus hippoglossus,77.0,0.0,,,,128065,,,,,,,,1,,,
"4T Southern Gulf of St. Lawrence Ecosystem Trawl Survey (RV Survey, Needler)",glf4t2004,2004,98,,,S. L.,2005-02-28,2005,47997,SL47997,30,Atlantic halibut,Hippoglossus hippoglossus,130.0,475.1,,,,128066,31,Greenland halibut,Reinhardtius hippoglossoides,3,Intermediate,365.0,,1,475.1,,
"4T Southern Gulf of St. Lawrence Ecosystem Trawl Survey (RV Survey, Needler)",glf4t2004,2004,98,,,S. L.,2005-01-18,2005,47998,SL47998,31,Greenland halibut,Reinhardtius hippoglossoides,50.0,4.882,,,,128067,2211,Northern shrimp,Pandalus borealis,2,Slight,,,1,4.882,,
"4T Southern Gulf of St. Lawrence Ecosystem Trawl Survey (RV Survey, Needler)",glf4t2004,2004,98,,,S. L.,2005-01-18,2005,47999,SL47999,31,Greenland halibut,Reinhardtius hippoglossoides,55.0,0.0,,,,128068,,,,,,,,1,,,
"4T Southern Gulf of St. Lawrence Ecosystem Trawl Survey (RV Survey, Needler)",glf4t2004,2004,98,,,S. L.,2005-01-18,2005,48000,SL48000,31,Greenland halibut,Reinhardtius hippoglossoides,61.0,0.085,,,,128069,90,Fish unidentified,"Unid. fish (larvae,juvenile and adults)",4,Advanced,,,1,0.085,,
"4T Southern Gulf of St. Lawrence Ecosystem Trawl Survey (RV Survey, Needler)",glf4t2004,2004,98,,,S. L.,2005-01-18,2005,48002,SL48002,31,Greenland halibut,Reinhardtius hippoglossoides,41.0,0.0,,,,128072,,,,,,,,1,,,
"4T Southern Gulf of St. Lawrence Ecosystem Trawl Survey (RV Survey, Needler)",glf4t2004,2004,98,,,S. L.,2004-12-02,2004,48003,SL48003,40,American plaice,Hippoglossoides platessoides,36.0,0.0,,,,128073,,,,,,,,1,,,
"4T Southern Gulf of St. Lawrence Ecosystem Trawl Survey (RV Survey, Needler)",glf4t2004,2004,98,,,S. L.,2005-01-12,2005,48004,SL48004,40,American plaice,Hippoglossoides platessoides,25.8,0.0,,,,128074,,,,,,,,1,,,
"4T Southern Gulf of St. Lawrence Ecosystem Trawl Survey (RV Survey, Needler)",glf4t2004,2004,98,,,S. L.,2005-01-12,2005,48005,SL48005,40,American plaice,Hippoglossoides platessoides,13.5,0.0,,,,128075,,,,,,,,1,,,
"4T Southern Gulf of St. Lawrence Ecosystem Trawl Survey (RV Survey, Needler)",glf4t2004,2004,98,,,J. R.,2005-03-07,2005,48008,JR48008,60,Atlantic herring,Clupea harengus,20.7,0.0,,,,128082,,,,,,,,1,,,
"4T Southern Gulf of St. Lawrence Ecosystem Trawl Survey (RV Survey, Needler)",glf4t2004,2004,98,,,J. R.,2005-03-07,2005,48009,JR48009,60,Atlantic herring,Clupea harengus,25.4,0.0,,,,128083,,,,,,,,1,,,
"4T Southern Gulf of St. Lawrence Ecosystem Trawl Survey (RV Survey, Needler)",glf4t2004,2004,98,,,S. L.,2005-03-30,2005,48010,SL48010,64,Capelin,Mallotus villosus,14.2,0.171,,,,128084,2600,Krill,Euphausiacea,2,Slight,,,1,0.171,,
"4T Southern Gulf of St. Lawrence Ecosystem Trawl Survey (RV Survey, Needler)",glf4t2004,2004,98,,,S. L.,2005-03-30,2005,48011,SL48011,64,Capelin,Mallotus villosus,14.2,0.0,,,,128085,,,,,,,,1,,,
"4T Southern Gulf of St. Lawrence Ecosystem Trawl Survey (RV Survey, Needler)",glf4t2004,2004,98,,,S. L.,2005-03-30,2005,48012,SL48012,64,Capelin,Mallotus villosus,14.6,0.12,,,,128086,2906,Hyperiidae unidentified,Hyperiidae,2,Slight,,,1,0.12,,
"4T Southern Gulf of St. Lawrence Ecosystem Trawl Survey (RV Survey, Needler)",glf4t2004,2004,98,,,S. L.,2005-03-30,2005,48013,SL48013,64,Capelin,Mallotus villosus,14.6,0.018,,,,128087,2906,Hyperiidae unidentified,Hyperiidae,3,Intermediate,,,1,0.018,,
"4T Southern Gulf of St. Lawrence Ecosystem Trawl Survey (RV Survey, Needler)",glf4t2004,2004,98,,,S. L.,2005-03-30,2005,48014,SL48014,64,Capelin,Mallotus villosus,11.2,0.085,,,,128088,2910,Calanus sp.,Calanus sp.,3,Intermediate,,,1,0.085,,
"4T Southern Gulf of St. Lawrence Ecosystem Trawl Survey (RV Survey, Needler)",glf4t2004,2004,98,,,S. L.,2004-12-03,2004,48015,SL48015,112,Longfin hake,Phycis chesteri,28.9,0.0,,,,128089,,,,,,,,1,,,
"4T Southern Gulf of St. Lawrence Ecosystem Trawl Survey (RV Survey, Needler)",glf4t2004,2004,98,,,S. L.,2005-04-03,2005,48016,SL48016,241,Mud Hagfish,Myxine limosa,34.0,0.0,,,,128090,,,,,,,,1,,,
"4T Southern Gulf of St. Lawrence Ecosystem Trawl Survey (RV Survey, Needler)",glf4t2004,2004,98,,,S. L.,2005-04-03,2005,48017,SL48017,241,Mud Hagfish,Myxine limosa,34.5,0.0,,,,128091,,,,,,,,1,,,
"4T Southern Gulf of St. Lawrence Ecosystem Trawl Survey (RV Survey, Needler)",glf4t2004,2004,98,,,S. L.,2005-04-03,2005,48018,SL48018,241,Mud Hagfish,Myxine limosa,29.5,0.0,,,,128092,,,,,,,,1,,,
"4T Southern Gulf of St. Lawrence Ecosystem Trawl Survey (RV Survey, Needler)",glf4t2004,2004,98,,,S. L.,2005-04-03,2005,48019,SL48019,241,Mud Hagfish,Myxine limosa,34.5,0.0,,,,128093,,,,,,,,1,,,
"4T Southern Gulf of St. Lawrence Ecosystem Trawl Survey (RV Survey, Needler)",glf4t2004,2004,98,,,S. L.,2005-04-03,2005,48020,SL48020,241,Mud Hagfish,Myxine limosa,31.0,0.0,,,,128094,,,,,,,,1,,,
"4T Southern Gulf of St. Lawrence Ecosystem Trawl Survey (RV Survey, Needler)",glf4t2004,2004,98,,,S. L.,2005-03-16,2005,48021,SL48021,410,Marlin-spike grenadier,Nezumia bairdii,13.7,0.004,,,,128095,2902,Copepods - 3 mm or less,Copepoda (s.c) - Small,2,Slight,,,1,0.004,,
"4T Southern Gulf of St. Lawrence Ecosystem Trawl Survey (RV Survey, Needler)",glf4t2004,2004,98,,,S. L.,2005-03-23,2005,48023,SL48023,712,White barracudina,Arctozenus risso,23.5,2.432,,,,128101,2600,Krill,Euphausiacea,2,Slight,,,1,2.432,,
"4T Southern Gulf of St. Lawrence Ecosystem Trawl Survey (RV Survey, Needler)",glf4t2004,2004,98,,,S. L.,2005-03-23,2005,48024,SL48024,712,White barracudina,Arctozenus risso,24.9,3.583,,,,128102,2600,Krill,Euphausiacea,2,Slight,,,1,3.583,,
"4T Southern Gulf of St. Lawrence Ecosystem Trawl Survey (RV Survey, Needler)",glf4t2004,2004,98,,,S. L.,2005-03-23,2005,48025,SL48025,712,White barracudina,Arctozenus risso,23.0,1.476,,,,128103,2600,Krill,Euphausiacea,3,Intermediate,,,1,1.476,,
"4T Southern Gulf of St. Lawrence Ecosystem Trawl Survey (RV Survey, Needler)",glf4t2004,2004,98,,,S. L.,2005-03-23,2005,48026,SL48026,712,White barracudina,Arctozenus risso,19.9,1.067,,,,128104,2600,Krill,Euphausiacea,3,Intermediate,,,1,1.067,,
"4T Southern Gulf of St. Lawrence Ecosystem Trawl Survey (RV Survey, Needler)",glf4t2004,2004,99,,,S. L.,2005-02-23,2005,48029,SL48029,12,White hake,Urophycis tenuis,37.0,8.837,,,,128109,2211,Northern shrimp,Pandalus borealis,2,Slight,,,1,8.837,,
"4T Southern Gulf of St. Lawrence Ecosystem Trawl Survey (RV Survey, Needler)",glf4t2004,2004,99,,,S. L.,2005-01-18,2005,48031,SL48031,31,Greenland halibut,Reinhardtius hippoglossoides,53.0,5.343,,,,128112,2100,Decapod unidentified,Decapoda,4,Advanced,,,1,5.343,,
"4T Southern Gulf of St. Lawrence Ecosystem Trawl Survey (RV Survey, Needler)",glf4t2004,2004,99,,,S. L.,2005-01-18,2005,48032,SL48032,31,Greenland halibut,Reinhardtius hippoglossoides,49.0,0.01,,,,128113,2811,Gammaridae unidentified,Gammaridae,2,Slight,,,1,0.01,,
"4T Southern Gulf of St. Lawrence Ecosystem Trawl Survey (RV Survey, Needler)",glf4t2004,2004,99,,,S. L.,2005-01-19,2005,48035,SL48035,31,Greenland halibut,Reinhardtius hippoglossoides,44.0,0.03,,,,128118,2100,Decapod unidentified,Decapoda,2,Slight,,,1,0.03,,
"4T Southern Gulf of St. Lawrence Ecosystem Trawl Survey (RV Survey, Needler)",glf4t2004,2004,99,,185,S. L.,2005-01-20,2005,48036,SL48036,40,American plaice,Hippoglossoides platessoides,38.0,0.082,,,,128119,2100,Decapod unidentified,Decapoda,2,Slight,,,1,0.082,,
"4T Southern Gulf of St. Lawrence Ecosystem Trawl Survey (RV Survey, Needler)",glf4t2004,2004,99,,,S. L.,2005-02-09,2005,48037,SL48037,40,American plaice,Hippoglossoides platessoides,35.0,0.0,,,,128120,,,,,,,,1,,,
"4T Southern Gulf of St. Lawrence Ecosystem Trawl Survey (RV Survey, Needler)",glf4t2004,2004,99,,,S. L.,2005-02-23,2005,48038,SL48038,40,American plaice,Hippoglossoides platessoides,31.0,0.0,,,,128121,,,,,,,,1,,,
"4T Southern Gulf of St. Lawrence Ecosystem Trawl Survey (RV Survey, Needler)",glf4t2004,2004,99,,,S. L.,2005-01-24,2005,48043,SL48043,41,Witch flounder,Glyptocephalus cynoglossus,15.0,0.053,,,,128136,3100,Bristle worm unidentified,Polychaeta,3,Intermediate,,,1,0.053,,
"4T Southern Gulf of St. Lawrence Ecosystem Trawl Survey (RV Survey, Needler)",glf4t2004,2004,99,,,J. R.,2005-03-07,2005,48045,JR48045,60,Atlantic herring,Clupea harengus,25.3,0.0,,,,128139,,,,,,,,1,,,
"4T Southern Gulf of St. Lawrence Ecosystem Trawl Survey (RV Survey, Needler)",glf4t2004,2004,99,,,J. R.,2005-03-07,2005,48046,JR48046,60,Atlantic herring,Clupea harengus,28.0,0.0,,,,128140,,,,,,,,1,,,
"4T Southern Gulf of St. Lawrence Ecosystem Trawl Survey (RV Survey, Needler)",glf4t2004,2004,99,,,S. L.,2005-03-30,2005,48048,SL48048,64,Capelin,Mallotus villosus,14.4,0.0,,,,128143,,,,,,,,1,,,
"4T Southern Gulf of St. Lawrence Ecosystem Trawl Survey (RV Survey, Needler)",glf4t2004,2004,99,,,S. L.,2005-03-30,2005,48049,SL48049,64,Capelin,Mallotus villosus,15.0,0.0,,,,128144,,,,,,,,1,,,
"4T Southern Gulf of St. Lawrence Ecosystem Trawl Survey (RV Survey, Needler)",glf4t2004,2004,99,,,S. L.,2005-03-30,2005,48051,SL48051,64,Capelin,Mallotus villosus,12.3,0.306,,,,128147,2600,Krill,Euphausiacea,2,Slight,,,1,0.306,,
"4T Southern Gulf of St. Lawrence Ecosystem Trawl Survey (RV Survey, Needler)",glf4t2004,2004,99,,,S. L.,2005-03-30,2005,48052,SL48052,64,Capelin,Mallotus villosus,10.2,0.078,,,,128148,2910,Calanus sp.,Calanus sp.,2,Slight,,,1,0.078,,
"4T Southern Gulf of St. Lawrence Ecosystem Trawl Survey (RV Survey, Needler)",glf4t2004,2004,99,,,S. L.,2005-01-20,2005,48053,SL48053,112,Longfin hake,Phycis chesteri,29.0,0.117,,,,128149,2600,Krill,Euphausiacea,2,Slight,,,1,0.111,,
"4T Southern Gulf of St. Lawrence Ecosystem Trawl Survey (RV Survey, Needler)",glf4t2004,2004,99,,,S. L.,2005-02-09,2005,48054,SL48054,114,Fourbeard rockling,Enchelyopus cimbrius,26.5,1.826,,,,128150,2100,Decapod unidentified,Decapoda,4,Advanced,,,1,1.826,,
"4T Southern Gulf of St. Lawrence Ecosystem Trawl Survey (RV Survey, Needler)",glf4t2004,2004,99,,,S. L.,2005-01-20,2005,48059,SL48059,201,Thorny skate,Amblyraja radiata,49.0,0.025,,,,128169,2000,Crustacean unidentified,Crustacea,4,Advanced,,,1,0.025,,
"4T Southern Gulf of St. Lawrence Ecosystem Trawl Survey (RV Survey, Needler)",glf4t2004,2004,99,,,S. L.,2005-02-09,2005,48062,SL48062,202,Smooth skate,Malacoraja senta,49.0,10.759,,,,128176,2211,Northern shrimp,Pandalus borealis,3,Intermediate,,,1,10.759,,
"4T Southern Gulf of St. Lawrence Ecosystem Trawl Survey (RV Survey, Needler)",glf4t2004,2004,99,,,S. L.,2005-04-03,2005,48064,SL48064,241,Mud Hagfish,Myxine limosa,38.0,0.0,,,,128180,,,,,,,,1,,,
"4T Southern Gulf of St. Lawrence Ecosystem Trawl Survey (RV Survey, Needler)",glf4t2004,2004,99,,,S. L.,2005-03-20,2005,48065,SL48065,623,Daubed shanny,Leptoclinus maculatus,9.0,0.054,,,,128181,3100,Bristle worm unidentified,Polychaeta,3,Intermediate,,,1,0.054,,
"4T Southern Gulf of St. Lawrence Ecosystem Trawl Survey (RV Survey, Needler)",glf4t2004,2004,99,,,S. L.,2005-03-20,2005,48066,SL48066,712,White barracudina,Arctozenus risso,22.6,0.645,,,,128182,2600,Krill,Euphausiacea,3,Intermediate,,,1,0.645,,
"4T Southern Gulf of St. Lawrence Ecosystem Trawl Survey (RV Survey, Needler)",glf4t2004,2004,99,,,S. L.,2005-03-20,2005,48067,SL48067,712,White barracudina,Arctozenus risso,24.5,3.459,,,,128183,2600,Krill,Euphausiacea,2,Slight,,,1,3.459,,
"4T Southern Gulf of St. Lawrence Ecosystem Trawl Survey (RV Survey, Needler)",glf4t2004,2004,99,,,S. L.,2005-03-20,2005,48068,SL48068,712,White barracudina,Arctozenus risso,22.5,1.387,,,,128184,2600,Krill,Euphausiacea,2,Slight,,,1,1.387,,
"4T Southern Gulf of St. Lawrence Ecosystem Trawl Survey (RV Survey, Needler)",glf4t2004,2004,102,,,S. L.,2005-02-21,2005,48070,SL48070,23,Redfish unidentified,Sebastes,29.0,0.016,,,,128187,9000,Digested remains unidentified,"Unid remains,digested",4,Advanced,,,1,0.016,,
"4T Southern Gulf of St. Lawrence Ecosystem Trawl Survey (RV Survey, Needler)",glf4t2004,2004,102,,,S. L.,2005-02-21,2005,48071,SL48071,23,Redfish unidentified,Sebastes,30.0,0.0,,,,128188,,,,,,,,1,,,
"4T Southern Gulf of St. Lawrence Ecosystem Trawl Survey (RV Survey, Needler)",glf4t2004,2004,102,,,S. L.,2005-02-21,2005,48072,SL48072,23,Redfish unidentified,Sebastes,22.0,0.0,,,,128189,,,,,,,,1,,,
"4T Southern Gulf of St. Lawrence Ecosystem Trawl Survey (RV Survey, Needler)",glf4t2004,2004,102,,,S. L.,2005-02-22,2005,48075,SL48075,30,Atlantic halibut,Hippoglossus hippoglossus,34.0,0.0,,,,128195,,,,,,,,1,,,
"4T Southern Gulf of St. Lawrence Ecosystem Trawl Survey (RV Survey, Needler)",glf4t2004,2004,102,,,S. L.,2005-02-22,2005,48076,SL48076,30,Atlantic halibut,Hippoglossus hippoglossus,57.0,0.003,,,,128196,7000,Parasitic roundworm unidentified,"Parasites,round worms",1,Undigested/freshly eaten,,,1,0.003,,
"4T Southern Gulf of St. Lawrence Ecosystem Trawl Survey (RV Survey, Needler)",glf4t2004,2004,102,,,S. L.,2005-02-22,2005,48077,SL48077,30,Atlantic halibut,Hippoglossus hippoglossus,44.0,0.0,,,,128197,,,,,,,,1,,,
"4T Southern Gulf of St. Lawrence Ecosystem Trawl Survey (RV Survey, Needler)",glf4t2004,2004,102,,,S. L.,2004-12-05,2004,48079,SL48079,31,Greenland halibut,Reinhardtius hippoglossoides,39.0,0.422,,,,128200,2600,Krill,Euphausiacea,3,Intermediate,,,1,0.422,,
"4T Southern Gulf of St. Lawrence Ecosystem Trawl Survey (RV Survey, Needler)",glf4t2004,2004,102,,,S. L.,2004-12-05,2004,48080,SL48080,31,Greenland halibut,Reinhardtius hippoglossoides,52.0,0.0,,,,128201,,,,,,,,1,,,
"4T Southern Gulf of St. Lawrence Ecosystem Trawl Survey (RV Survey, Needler)",glf4t2004,2004,102,,,S. L.,2004-12-05,2004,48081,SL48081,31,Greenland halibut,Reinhardtius hippoglossoides,54.0,0.0,,,,128202,,,,,,,,1,,,
"4T Southern Gulf of St. Lawrence Ecosystem Trawl Survey (RV Survey, Needler)",glf4t2004,2004,102,,,S. L.,2004-12-05,2004,48082,SL48082,31,Greenland halibut,Reinhardtius hippoglossoides,45.0,0.0,,,,128203,,,,,,,,1,,,
"4T Southern Gulf of St. Lawrence Ecosystem Trawl Survey (RV Survey, Needler)",glf4t2004,2004,102,,,S. L.,2004-12-05,2004,48083,SL48083,40,American plaice,Hippoglossoides platessoides,24.0,0.148,,,,128204,3100,Bristle worm unidentified,Polychaeta,3,Intermediate,,,1,0.148,,
"4T Southern Gulf of St. Lawrence Ecosystem Trawl Survey (RV Survey, Needler)",glf4t2004,2004,102,,,S. L.,2004-12-05,2004,48084,SL48084,40,American plaice,Hippoglossoides platessoides,29.0,0.01,,,,128205,9000,Digested remains unidentified,"Unid remains,digested",4,Advanced,,,1,0.01,,
"4T Southern Gulf of St. Lawrence Ecosystem Trawl Survey (RV Survey, Needler)",glf4t2004,2004,102,,,S. L.,2004-12-05,2004,48086,SL48086,40,American plaice,Hippoglossoides platessoides,36.0,0.0,,,,128208,,,,,,,,1,,,
"4T Southern Gulf of St. Lawrence Ecosystem Trawl Survey (RV Survey, Needler)",glf4t2004,2004,102,,,S. L.,2004-12-05,2004,48087,SL48087,40,American plaice,Hippoglossoides platessoides,34.0,0.0,,,,128209,,,,,,,,1,,,
"4T Southern Gulf of St. Lawrence Ecosystem Trawl Survey (RV Survey, Needler)",glf4t2004,2004,102,,,S. L.,2005-04-01,2005,48093,SL48093,64,Capelin,Mallotus villosus,15.2,0.481,,,,128224,2600,Krill,Euphausiacea,3,Intermediate,,,1,0.481,,
"4T Southern Gulf of St. Lawrence Ecosystem Trawl Survey (RV Survey, Needler)",glf4t2004,2004,102,,,S. L.,2005-04-01,2005,48094,SL48094,64,Capelin,Mallotus villosus,12.4,0.0,,,,128225,,,,,,,,1,,,
"4T Southern Gulf of St. Lawrence Ecosystem Trawl Survey (RV Survey, Needler)",glf4t2004,2004,102,,,S. L.,2005-04-01,2005,48095,SL48095,64,Capelin,Mallotus villosus,14.6,0.0,,,,128226,,,,,,,,1,,,
"4T Southern Gulf of St. Lawrence Ecosystem Trawl Survey (RV Survey, Needler)",glf4t2004,2004,102,,,S. L.,2005-04-01,2005,48097,SL48097,64,Capelin,Mallotus villosus,11.5,0.0,,,,128229,,,,,,,,1,,,
"4T Southern Gulf of St. Lawrence Ecosystem Trawl Survey (RV Survey, Needler)",glf4t2004,2004,102,,,S. L.,2005-02-21,2005,48099,SL48099,114,Fourbeard rockling,Enchelyopus cimbrius,16.5,0.36,,,,128232,2811,Gammaridae unidentified,Gammaridae,2,Slight,,,1,0.36,,
"4T Southern Gulf of St. Lawrence Ecosystem Trawl Survey (RV Survey, Needler)",glf4t2004,2004,102,,,S. L.,2005-02-22,2005,48104,SL48104,201,Thorny skate,Amblyraja radiata,15.5,0.005,,,,128248,3100,Bristle worm unidentified,Polychaeta,3,Intermediate,,,1,0.005,,
"4T Southern Gulf of St. Lawrence Ecosystem Trawl Survey (RV Survey, Needler)",glf4t2004,2004,102,,,S. L.,2005-03-30,2005,48108,SL48108,241,Mud Hagfish,Myxine limosa,35.0,0.053,,,,128264,9000,Digested remains unidentified,"Unid remains,digested",2,Slight,,,1,0.053,,
"4T Southern Gulf of St. Lawrence Ecosystem Trawl Survey (RV Survey, Needler)",glf4t2004,2004,102,,,S. L.,2005-03-30,2005,48109,SL48109,241,Mud Hagfish,Myxine limosa,30.5,0.0,,,,128265,,,,,,,,1,,,
"4T Southern Gulf of St. Lawrence Ecosystem Trawl Survey (RV Survey, Needler)",glf4t2004,2004,102,,,S. L.,2005-02-22,2005,48112,SL48112,647,Vahl's eelpout,Lycodes vahlii,28.0,0.081,,,,128271,3100,Bristle worm unidentified,Polychaeta,3,Intermediate,,,1,0.081,,
"4T Southern Gulf of St. Lawrence Ecosystem Trawl Survey (RV Survey, Needler)",glf4t2004,2004,103,,,S. L.,2005-02-21,2005,48113,SL48113,23,Redfish unidentified,Sebastes,28.0,0.0,,,,128272,,,,,,,,1,,,
"4T Southern Gulf of St. Lawrence Ecosystem Trawl Survey (RV Survey, Needler)",glf4t2004,2004,103,,,S. L.,2005-02-21,2005,48114,SL48114,30,Atlantic halibut,Hippoglossus hippoglossus,63.0,3.063,,,,128273,90,Fish unidentified,"Unid. fish (larvae,juvenile and adults)",2,Slight,,,1,3.063,,
"4T Southern Gulf of St. Lawrence Ecosystem Trawl Survey (RV Survey, Needler)",glf4t2004,2004,103,,,S. L.,2004-12-05,2004,48115,SL48115,31,Greenland halibut,Reinhardtius hippoglossoides,26.0,0.0,,,,128274,,,,,,,,1,,,
"4T Southern Gulf of St. Lawrence Ecosystem Trawl Survey (RV Survey, Needler)",glf4t2004,2004,103,,,S. L.,2004-12-05,2004,48118,SL48118,31,Greenland halibut,Reinhardtius hippoglossoides,34.0,1.582,,,,128280,2906,Hyperiidae unidentified,Hyperiidae,3,Intermediate,,,1,1.582,,
"4T Southern Gulf of St. Lawrence Ecosystem Trawl Survey (RV Survey, Needler)",glf4t2004,2004,103,,,S. L.,2004-12-04,2004,48120,SL48120,40,American plaice,Hippoglossoides platessoides,22.8,2.087,,,,128286,2906,Hyperiidae unidentified,Hyperiidae,2,Slight,,,1,2.087,,
"4T Southern Gulf of St. Lawrence Ecosystem Trawl Survey (RV Survey, Needler)",glf4t2004,2004,103,,,S. L.,2004-12-04,2004,48122,SL48122,40,American plaice,Hippoglossoides platessoides,25.7,0.048,,,,128289,9000,Digested remains unidentified,"Unid remains,digested",4,Advanced,,,1,0.048,,
"4T Southern Gulf of St. Lawrence Ecosystem Trawl Survey (RV Survey, Needler)",glf4t2004,2004,103,,,S. L.,2004-12-04,2004,48123,SL48123,40,American plaice,Hippoglossoides platessoides,31.0,0.481,,,,128290,2906,Hyperiidae unidentified,Hyperiidae,3,Intermediate,,,1,0.481,,
"4T Southern Gulf of St. Lawrence Ecosystem Trawl Survey (RV Survey, Needler)",glf4t2004,2004,103,,,S. L.,2004-12-04,2004,48124,SL48124,40,American plaice,Hippoglossoides platessoides,37.0,0.255,,,,128291,2100,Decapod unidentified,Decapoda,4,Advanced,,,1,0.255,,
"4T Southern Gulf of St. Lawrence Ecosystem Trawl Survey (RV Survey, Needler)",glf4t2004,2004,103,,,S. L.,2005-03-31,2005,48125,SL48125,64,Capelin,Mallotus villosus,12.8,0.005,,,,128292,2000,Crustacean unidentified,Crustacea,4,Advanced,,,1,0.005,,
"4T Southern Gulf of St. Lawrence Ecosystem Trawl Survey (RV Survey, Needler)",glf4t2004,2004,103,,,S. L.,2005-03-31,2005,48126,SL48126,64,Capelin,Mallotus villosus,11.6,0.0,,,,128293,,,,,,,,1,,,
"4T Southern Gulf of St. Lawrence Ecosystem Trawl Survey (RV Survey, Needler)",glf4t2004,2004,103,,,S. L.,2005-03-31,2005,48127,SL48127,64,Capelin,Mallotus villosus,11.5,0.402,,,,128294,2600,Krill,Euphausiacea,2,Slight,,,1,0.402,,
"4T Southern Gulf of St. Lawrence Ecosystem Trawl Survey (RV Survey, Needler)",glf4t2004,2004,103,,,S. L.,2005-03-31,2005,48128,SL48128,64,Capelin,Mallotus villosus,12.0,0.13,,,,128295,2600,Krill,Euphausiacea,2,Slight,,,1,0.13,,
"4T Southern Gulf of St. Lawrence Ecosystem Trawl Survey (RV Survey, Needler)",glf4t2004,2004,103,,,S. L.,2005-03-31,2005,48129,SL48129,64,Capelin,Mallotus villosus,10.8,0.142,,,,128296,2600,Krill,Euphausiacea,2,Slight,,,1,0.142,,
"4T Southern Gulf of St. Lawrence Ecosystem Trawl Survey (RV Survey, Needler)",glf4t2004,2004,103,,,S. L.,2005-03-20,2005,48140,SL48140,623,Daubed shanny,Leptoclinus maculatus,10.0,0.0,,,,128340,,,,,,,,1,,,
"4T Southern Gulf of St. Lawrence Ecosystem Trawl Survey (RV Survey, Needler)",glf4t2004,2004,103,,,S. L.,2005-02-22,2005,48142,SL48142,626,Fourline snakeblenny,Eumesogrammus praecisus,12.1,0.0,,,,128343,,,,,,,,1,,,
"4T Southern Gulf of St. Lawrence Ecosystem Trawl Survey (RV Survey, Needler)",glf4t2004,2004,104,,,S. L.,2005-02-09,2005,48143,SL48143,23,Redfish unidentified,Sebastes,31.0,0.0,,,,128344,,,,,,,,1,,,
"4T Southern Gulf of St. Lawrence Ecosystem Trawl Survey (RV Survey, Needler)",glf4t2004,2004,104,,,S. L.,2005-01-24,2005,48144,SL48144,31,Greenland halibut,Reinhardtius hippoglossoides,7.2,0.087,,,,128345,2700,Mysid shrimp,Mysidacea (o.),3,Intermediate,,,1,0.087,,
"4T Southern Gulf of St. Lawrence Ecosystem Trawl Survey (RV Survey, Needler)",glf4t2004,2004,104,,,S. L.,2005-01-24,2005,48146,SL48146,31,Greenland halibut,Reinhardtius hippoglossoides,6.9,0.069,,,,128346,2700,Mysid shrimp,Mysidacea (o.),3,Intermediate,,,1,0.069,,
"4T Southern Gulf of St. Lawrence Ecosystem Trawl Survey (RV Survey, Needler)",glf4t2004,2004,104,,,S. L.,2004-12-05,2004,48147,SL48147,40,American plaice,Hippoglossoides platessoides,28.1,0.172,,,,128347,2700,Mysid shrimp,Mysidacea (o.),2,Slight,,,1,0.172,,
"4T Southern Gulf of St. Lawrence Ecosystem Trawl Survey (RV Survey, Needler)",glf4t2004,2004,104,,,S. L.,2004-12-05,2004,48150,SL48150,40,American plaice,Hippoglossoides platessoides,33.0,3.985,,,,128354,2100,Decapod unidentified,Decapoda,4,Advanced,,,1,3.985,,
"4T Southern Gulf of St. Lawrence Ecosystem Trawl Survey (RV Survey, Needler)",glf4t2004,2004,104,,,S. L.,2004-12-05,2004,48151,SL48151,40,American plaice,Hippoglossoides platessoides,34.0,2.727,,,,128355,2212,Aesop shrimp,Pandalus montagui,3,Intermediate,,,1,2.727,,
"4T Southern Gulf of St. Lawrence Ecosystem Trawl Survey (RV Survey, Needler)",glf4t2004,2004,104,,,J. R.,2005-03-07,2005,48152,JR48152,60,Atlantic herring,Clupea harengus,27.0,0.824,,,,128356,2700,Mysid shrimp,Mysidacea (o.),2,Slight,,,1,0.824,,
"4T Southern Gulf of St. Lawrence Ecosystem Trawl Survey (RV Survey, Needler)",glf4t2004,2004,104,,,S. L.,2005-04-01,2005,48157,SL48157,64,Capelin,Mallotus villosus,11.1,0.005,,,,128369,2902,Copepods - 3 mm or less,Copepoda (s.c) - Small,2,Slight,,,1,0.005,,
"4T Southern Gulf of St. Lawrence Ecosystem Trawl Survey (RV Survey, Needler)",glf4t2004,2004,104,,,S. L.,2005-04-01,2005,48158,SL48158,64,Capelin,Mallotus villosus,10.9,0.226,,,,128370,2910,Calanus sp.,Calanus sp.,2,Slight,,,1,0.226,,
"4T Southern Gulf of St. Lawrence Ecosystem Trawl Survey (RV Survey, Needler)",glf4t2004,2004,104,,,S. L.,2005-04-01,2005,48160,SL48160,64,Capelin,Mallotus villosus,10.0,0.024,,,,128373,2910,Calanus sp.,Calanus sp.,2,Slight,,,1,0.024,,
"4T Southern Gulf of St. Lawrence Ecosystem Trawl Survey (RV Survey, Needler)",glf4t2004,2004,104,,,S. L.,2005-04-01,2005,48161,SL48161,64,Capelin,Mallotus villosus,11.4,0.001,,,,128374,2900,Copepods,Copepoda,4,Advanced,,,1,0.001,,
"4T Southern Gulf of St. Lawrence Ecosystem Trawl Survey (RV Survey, Needler)",glf4t2004,2004,104,,,S. L.,2005-02-23,2005,48164,SL48164,304,Moustache sculpin,Triglops murrayi,13.1,0.317,,,,128379,2600,Krill,Euphausiacea,3,Intermediate,,,1,0.317,,
"4T Southern Gulf of St. Lawrence Ecosystem Trawl Survey (RV Survey, Needler)",glf4t2004,2004,104,,,S. L.,2005-02-23,2005,48169,SL48169,512,Dusky snailfish,Liparis gibbus,15.1,0.928,,,,128395,2906,Hyperiidae unidentified,Hyperiidae,2,Slight,,,1,0.928,,
"4T Southern Gulf of St. Lawrence Ecosystem Trawl Survey (RV Survey, Needler)",glf4t2004,2004,104,,,S. L.,2005-03-23,2005,48171,SL48171,616,Fish doctor,Gymnelus viridis,13.8,0.0,,,,128400,,,,,,,,1,,,
"4T Southern Gulf of St. Lawrence Ecosystem Trawl Survey (RV Survey, Needler)",glf4t2004,2004,104,,,S. L.,2005-03-16,2005,48172,SL48172,622,Snakeblenny,Lumpenus lampretaeformis,20.8,0.116,,,,128401,3100,Bristle worm unidentified,Polychaeta,3,Intermediate,,,1,0.116,,
"4T Southern Gulf of St. Lawrence Ecosystem Trawl Survey (RV Survey, Needler)",glf4t2004,2004,104,,,S. L.,2005-03-21,2005,48174,SL48174,623,Daubed shanny,Leptoclinus maculatus,12.0,0.161,,,,128404,2600,Krill,Euphausiacea,3,Intermediate,,,1,0.161,,
"4T Southern Gulf of St. Lawrence Ecosystem Trawl Survey (RV Survey, Needler)",glf4t2004,2004,104,,,S. L.,2005-03-21,2005,48176,SL48176,623,Daubed shanny,Leptoclinus maculatus,11.5,0.098,,,,128407,3100,Bristle worm unidentified,Polychaeta,3,Intermediate,,,1,0.098,,
"4T Southern Gulf of St. Lawrence Ecosystem Trawl Survey (RV Survey, Needler)",glf4t2004,2004,104,,,S. L.,2005-03-21,2005,48177,SL48177,623,Daubed shanny,Leptoclinus maculatus,9.7,0.0,,,,128408,,,,,,,,1,,,
"4T Southern Gulf of St. Lawrence Ecosystem Trawl Survey (RV Survey, Needler)",glf4t2004,2004,104,,,S. L.,2005-03-21,2005,48178,SL48178,623,Daubed shanny,Leptoclinus maculatus,9.0,0.0,,,,128409,,,,,,,,1,,,
"4T Southern Gulf of St. Lawrence Ecosystem Trawl Survey (RV Survey, Needler)",glf4t2004,2004,104,,,S. L.,2005-02-09,2005,48179,SL48179,626,Fourline snakeblenny,Eumesogrammus praecisus,17.8,0.028,,,,128410,2811,Gammaridae unidentified,Gammaridae,2,Slight,,,1,0.028,,
"4T Southern Gulf of St. Lawrence Ecosystem Trawl Survey (RV Survey, Needler)",glf4t2004,2004,104,,,S. L.,2005-02-09,2005,48181,SL48181,626,Fourline snakeblenny,Eumesogrammus praecisus,18.5,2.373,,,,128413,2212,Aesop shrimp,Pandalus montagui,3,Intermediate,,,1,2.373,,
"4T Southern Gulf of St. Lawrence Ecosystem Trawl Survey (RV Survey, Needler)",glf4t2004,2004,104,,,S. L.,2005-02-09,2005,48182,SL48182,626,Fourline snakeblenny,Eumesogrammus praecisus,16.0,0.037,,,,128414,3100,Bristle worm unidentified,Polychaeta,3,Intermediate,,,1,0.037,,
"4T Southern Gulf of St. Lawrence Ecosystem Trawl Survey (RV Survey, Needler)",glf4t2004,2004,104,,,S. L.,2005-03-20,2005,48183,SL48183,646,Atlantic soft pout,Melanostigma atlanticum,9.0,0.0,,,,128415,,,,,,,,1,,,
"4T Southern Gulf of St. Lawrence Ecosystem Trawl Survey (RV Survey, Needler)",glf4t2004,2004,104,,,S. L.,2005-03-28,2005,48184,SL48184,647,Vahl's eelpout,Lycodes vahlii,13.0,0.002,,,,128416,9000,Digested remains unidentified,"Unid remains,digested",4,Advanced,,,1,0.002,,
"4T Southern Gulf of St. Lawrence Ecosystem Trawl Survey (RV Survey, Needler)",glf4t2004,2004,105,,,S. L.,2005-01-28,2005,48185,SL48185,31,Greenland halibut,Reinhardtius hippoglossoides,7.1,0.066,,,,128417,2700,Mysid shrimp,Mysidacea (o.),3,Intermediate,,,1,0.066,,
"4T Southern Gulf of St. Lawrence Ecosystem Trawl Survey (RV Survey, Needler)",glf4t2004,2004,105,,,S. L.,2005-01-28,2005,48186,SL48186,31,Greenland halibut,Reinhardtius hippoglossoides,7.3,0.037,,,,128418,2000,Crustacean unidentified,Crustacea,4,Advanced,,,1,0.037,,
"4T Southern Gulf of St. Lawrence Ecosystem Trawl Survey (RV Survey, Needler)",glf4t2004,2004,105,,,S. L.,2005-01-28,2005,48187,SL48187,31,Greenland halibut,Reinhardtius hippoglossoides,7.1,0.075,,,,128419,2100,Decapod unidentified,Decapoda,3,Intermediate,,,1,0.075,,
"4T Southern Gulf of St. Lawrence Ecosystem Trawl Survey (RV Survey, Needler)",glf4t2004,2004,105,,,S. L.,2005-01-28,2005,48188,SL48188,31,Greenland halibut,Reinhardtius hippoglossoides,6.6,0.146,,,,128420,2700,Mysid shrimp,Mysidacea (o.),3,Intermediate,,,1,0.146,,
"4T Southern Gulf of St. Lawrence Ecosystem Trawl Survey (RV Survey, Needler)",glf4t2004,2004,105,,,S. L.,2005-01-28,2005,48189,SL48189,31,Greenland halibut,Reinhardtius hippoglossoides,6.7,0.072,,,,128421,2700,Mysid shrimp,Mysidacea (o.),3,Intermediate,,,1,0.072,,
"4T Southern Gulf of St. Lawrence Ecosystem Trawl Survey (RV Survey, Needler)",glf4t2004,2004,105,,,S. L.,2004-12-06,2004,48191,SL48191,40,American plaice,Hippoglossoides platessoides,24.7,0.0,,,,128424,,,,,,,,1,,,
"4T Southern Gulf of St. Lawrence Ecosystem Trawl Survey (RV Survey, Needler)",glf4t2004,2004,105,,,S. L.,2004-12-06,2004,48192,SL48192,40,American plaice,Hippoglossoides platessoides,19.8,0.913,,,,128425,2331,Greenland shrimp,Eualus macilentus,2,Slight,,,1,0.913,,
"4T Southern Gulf of St. Lawrence Ecosystem Trawl Survey (RV Survey, Needler)",glf4t2004,2004,105,,,S. L.,2005-04-01,2005,48193,SL48193,64,Capelin,Mallotus villosus,11.3,0.014,,,,128426,2902,Copepods - 3 mm or less,Copepoda (s.c) - Small,2,Slight,,,1,0.014,,
"4T Southern Gulf of St. Lawrence Ecosystem Trawl Survey (RV Survey, Needler)",glf4t2004,2004,105,,,S. L.,2005-04-01,2005,48194,SL48194,64,Capelin,Mallotus villosus,10.4,0.045,,,,128427,2902,Copepods - 3 mm or less,Copepoda (s.c) - Small,3,Intermediate,,,1,0.045,,
"4T Southern Gulf of St. Lawrence Ecosystem Trawl Survey (RV Survey, Needler)",glf4t2004,2004,105,,,S. L.,2005-04-01,2005,48195,SL48195,64,Capelin,Mallotus villosus,9.8,0.022,,,,128428,2902,Copepods - 3 mm or less,Copepoda (s.c) - Small,2,Slight,,,1,0.022,,
"4T Southern Gulf of St. Lawrence Ecosystem Trawl Survey (RV Survey, Needler)",glf4t2004,2004,105,,,S. L.,2005-04-01,2005,48196,SL48196,64,Capelin,Mallotus villosus,10.5,0.033,,,,128429,2900,Copepods,Copepoda,4,Advanced,,,1,0.033,,
"4T Southern Gulf of St. Lawrence Ecosystem Trawl Survey (RV Survey, Needler)",glf4t2004,2004,105,,,S. L.,2005-04-01,2005,48197,SL48197,64,Capelin,Mallotus villosus,9.2,0.008,,,,128430,2902,Copepods - 3 mm or less,Copepoda (s.c) - Small,2,Slight,,,1,0.008,,
"4T Southern Gulf of St. Lawrence Ecosystem Trawl Survey (RV Survey, Needler)",glf4t2004,2004,105,,,S. L.,2005-03-24,2005,48202,SL48202,623,Daubed shanny,Leptoclinus maculatus,9.8,0.002,,,,128444,2902,Copepods - 3 mm or less,Copepoda (s.c) - Small,2,Slight,,,1,0.002,,
"4T Southern Gulf of St. Lawrence Ecosystem Trawl Survey (RV Survey, Needler)",glf4t2004,2004,105,,,S. L.,2005-03-24,2005,48203,SL48203,623,Daubed shanny,Leptoclinus maculatus,9.2,0.022,,,,128445,9000,Digested remains unidentified,"Unid remains,digested",4,Advanced,,,1,0.022,,
"4T Southern Gulf of St. Lawrence Ecosystem Trawl Survey (RV Survey, Needler)",glf4t2004,2004,105,,,S. L.,2005-02-14,2005,48205,SL48205,626,Fourline snakeblenny,Eumesogrammus praecisus,19.9,0.022,,,,128448,2700,Mysid shrimp,Mysidacea (o.),3,Intermediate,,,1,0.022,,
"4T Southern Gulf of St. Lawrence Ecosystem Trawl Survey (RV Survey, Needler)",glf4t2004,2004,106,,,S. L.,2004-12-02,2004,48212,SL48212,40,American plaice,Hippoglossoides platessoides,29.0,9.751,,,,128472,2600,Krill,Euphausiacea,2,Slight,,,1,9.751,,
"4T Southern Gulf of St. Lawrence Ecosystem Trawl Survey (RV Survey, Needler)",glf4t2004,2004,106,,,S. L.,2005-04-01,2005,48216,SL48216,64,Capelin,Mallotus villosus,12.1,0.072,,,,128480,2700,Mysid shrimp,Mysidacea (o.),3,Intermediate,,,1,0.072,,
"4T Southern Gulf of St. Lawrence Ecosystem Trawl Survey (RV Survey, Needler)",glf4t2004,2004,106,,,S. L.,2005-04-01,2005,48217,SL48217,64,Capelin,Mallotus villosus,9.8,0.008,,,,128481,2902,Copepods - 3 mm or less,Copepoda (s.c) - Small,2,Slight,,,1,0.008,,
"4T Southern Gulf of St. Lawrence Ecosystem Trawl Survey (RV Survey, Needler)",glf4t2004,2004,106,,,S. L.,2005-04-01,2005,48218,SL48218,64,Capelin,Mallotus villosus,9.0,0.009,,,,128482,2902,Copepods - 3 mm or less,Copepoda (s.c) - Small,2,Slight,,,1,0.009,,
"4T Southern Gulf of St. Lawrence Ecosystem Trawl Survey (RV Survey, Needler)",glf4t2004,2004,106,,,S. L.,2005-01-19,2005,48219,SL48219,118,Greenland cod,Gadus macrocephalus,36.0,27.759,,,,128483,2600,Krill,Euphausiacea,3,Intermediate,,,1,27.759,,
"4T Southern Gulf of St. Lawrence Ecosystem Trawl Survey (RV Survey, Needler)",glf4t2004,2004,106,,,S. L.,2005-03-19,2005,48222,SL48222,512,Dusky snailfish,Liparis gibbus,4.0,0.023,,,,128489,2902,Copepods - 3 mm or less,Copepoda (s.c) - Small,2,Slight,,,1,0.023,,
"4T Southern Gulf of St. Lawrence Ecosystem Trawl Survey (RV Survey, Needler)",glf4t2004,2004,106,,,S. L.,2005-02-23,2005,48224,SL48224,626,Fourline snakeblenny,Eumesogrammus praecisus,16.8,0.432,,,,128492,2600,Krill,Euphausiacea,3,Intermediate,,,1,0.432,,
"4T Southern Gulf of St. Lawrence Ecosystem Trawl Survey (RV Survey, Needler)",glf4t2004,2004,106,,,S. L.,2005-03-19,2005,48226,SL48226,880,Atlantic hookear sculpin,Artediellus atlanticus,5.0,0.253,,,,128495,2700,Mysid shrimp,Mysidacea (o.),2,Slight,,,1,0.253,,
"4T Southern Gulf of St. Lawrence Ecosystem Trawl Survey (RV Survey, Needler)",glf4t2004,2004,108,,,S. L.,2005-03-18,2005,48227,SL48227,31,Greenland halibut,Reinhardtius hippoglossoides,6.4,0.119,,,,128496,2600,Krill,Euphausiacea,3,Intermediate,,,1,0.119,,
"4T Southern Gulf of St. Lawrence Ecosystem Trawl Survey (RV Survey, Needler)",glf4t2004,2004,108,,,S. L.,2005-03-18,2005,48228,SL48228,31,Greenland halibut,Reinhardtius hippoglossoides,6.9,0.0,,,,128497,,,,,,,,1,,,
"4T Southern Gulf of St. Lawrence Ecosystem Trawl Survey (RV Survey, Needler)",glf4t2004,2004,108,,,S. L.,2005-03-18,2005,48229,SL48229,31,Greenland halibut,Reinhardtius hippoglossoides,6.1,0.152,,,,128498,2600,Krill,Euphausiacea,3,Intermediate,,,1,0.152,,
"4T Southern Gulf of St. Lawrence Ecosystem Trawl Survey (RV Survey, Needler)",glf4t2004,2004,108,,,S. L.,2005-03-18,2005,48230,SL48230,31,Greenland halibut,Reinhardtius hippoglossoides,6.6,0.174,,,,128499,2600,Krill,Euphausiacea,3,Intermediate,,,1,0.174,,
"4T Southern Gulf of St. Lawrence Ecosystem Trawl Survey (RV Survey, Needler)",glf4t2004,2004,108,,,S. L.,2004-12-02,2004,48233,SL48233,40,American plaice,Hippoglossoides platessoides,18.7,0.286,,,,128504,290,Herring/Smelt,Clupeidae/Osmeridae (f.),3,Intermediate,38.0,,1,0.286,,
"4T Southern Gulf of St. Lawrence Ecosystem Trawl Survey (RV Survey, Needler)",glf4t2004,2004,108,,,S. L.,2004-12-02,2004,48235,SL48235,40,American plaice,Hippoglossoides platessoides,27.0,0.0,,,,128507,,,,,,,,1,,,
"4T Southern Gulf of St. Lawrence Ecosystem Trawl Survey (RV Survey, Needler)",glf4t2004,2004,108,,,S. L.,2005-04-03,2005,48237,SL48237,64,Capelin,Mallotus villosus,13.8,0.384,,,,128511,2600,Krill,Euphausiacea,2,Slight,,,1,0.384,,
"4T Southern Gulf of St. Lawrence Ecosystem Trawl Survey (RV Survey, Needler)",glf4t2004,2004,108,,,S. L.,2005-04-03,2005,48238,SL48238,64,Capelin,Mallotus villosus,12.8,0.21,,,,128512,2600,Krill,Euphausiacea,2,Slight,,,1,0.21,,
"4T Southern Gulf of St. Lawrence Ecosystem Trawl Survey (RV Survey, Needler)",glf4t2004,2004,108,,,S. L.,2005-02-23,2005,48241,SL48241,314,Spatulate sculpin,Icelus spatula,11.9,0.326,,,,128517,2331,Greenland shrimp,Eualus macilentus,3,Intermediate,,,1,0.326,,
"4T Southern Gulf of St. Lawrence Ecosystem Trawl Survey (RV Survey, Needler)",glf4t2004,2004,108,,,S. L.,2005-02-23,2005,48242,SL48242,314,Spatulate sculpin,Icelus spatula,12.2,0.512,,,,128518,2600,Krill,Euphausiacea,2,Slight,,,1,0.512,,
"4T Southern Gulf of St. Lawrence Ecosystem Trawl Survey (RV Survey, Needler)",glf4t2004,2004,108,,,S. L.,2005-02-23,2005,48244,SL48244,314,Spatulate sculpin,Icelus spatula,10.8,0.474,,,,128521,2100,Decapod unidentified,Decapoda,4,Advanced,,,1,0.474,,
"4T Southern Gulf of St. Lawrence Ecosystem Trawl Survey (RV Survey, Needler)",glf4t2004,2004,108,,,S. L.,2005-02-23,2005,48245,SL48245,314,Spatulate sculpin,Icelus spatula,9.0,0.001,,,,128522,2980,Isopoda unidentified,Isopoda,2,Slight,,,1,0.001,,
"4T Southern Gulf of St. Lawrence Ecosystem Trawl Survey (RV Survey, Needler)",glf4t2004,2004,108,,,S. L.,2005-02-24,2005,48247,SL48247,340,Alligatorfish,Aspidophoroides monopterygius,12.6,0.03,,,,128525,2000,Crustacean unidentified,Crustacea,4,Advanced,,,1,0.03,,
"4T Southern Gulf of St. Lawrence Ecosystem Trawl Survey (RV Survey, Needler)",glf4t2004,2004,108,,,S. L.,2005-02-24,2005,48250,SL48250,340,Alligatorfish,Aspidophoroides monopterygius,11.2,0.005,,,,128531,2811,Gammaridae unidentified,Gammaridae,2,Slight,,,1,0.005,,
"4T Southern Gulf of St. Lawrence Ecosystem Trawl Survey (RV Survey, Needler)",glf4t2004,2004,108,,,S. L.,2005-02-09,2005,48256,SL48256,512,Dusky snailfish,Liparis gibbus,19.2,2.584,,,,128549,2100,Decapod unidentified,Decapoda,4,Advanced,,,1,2.584,,
"4T Southern Gulf of St. Lawrence Ecosystem Trawl Survey (RV Survey, Needler)",glf4t2004,2004,108,,,S. L.,2005-02-09,2005,48257,SL48257,512,Dusky snailfish,Liparis gibbus,18.0,2.777,,,,128550,2100,Decapod unidentified,Decapoda,4,Advanced,,,1,2.777,,
"4T Southern Gulf of St. Lawrence Ecosystem Trawl Survey (RV Survey, Needler)",glf4t2004,2004,108,,,S. L.,2005-03-27,2005,48261,SL48261,616,Fish doctor,Gymnelus viridis,11.1,0.086,,,,128558,2811,Gammaridae unidentified,Gammaridae,4,Advanced,,,1,0.086,,
"4T Southern Gulf of St. Lawrence Ecosystem Trawl Survey (RV Survey, Needler)",glf4t2004,2004,108,,,S. L.,2005-03-27,2005,48262,SL48262,616,Fish doctor,Gymnelus viridis,14.1,0.109,,,,128559,2811,Gammaridae unidentified,Gammaridae,2,Slight,,,1,0.109,,
"4T Southern Gulf of St. Lawrence Ecosystem Trawl Survey (RV Survey, Needler)",glf4t2004,2004,108,,,S. L.,2005-03-21,2005,48264,SL48264,623,Daubed shanny,Leptoclinus maculatus,11.8,0.065,,,,128562,9500,Mud,,,,,,1,0.065,,
"4T Southern Gulf of St. Lawrence Ecosystem Trawl Survey (RV Survey, Needler)",glf4t2004,2004,108,,,S. L.,2005-03-21,2005,48265,SL48265,623,Daubed shanny,Leptoclinus maculatus,11.3,0.07,,,,128563,2906,Hyperiidae unidentified,Hyperiidae,3,Intermediate,,,1,0.07,,
"4T Southern Gulf of St. Lawrence Ecosystem Trawl Survey (RV Survey, Needler)",glf4t2004,2004,108,,,S. L.,2005-03-21,2005,48266,SL48266,623,Daubed shanny,Leptoclinus maculatus,9.7,0.004,,,,128564,2000,Crustacean unidentified,Crustacea,4,Advanced,,,1,0.004,,
"4T Southern Gulf of St. Lawrence Ecosystem Trawl Survey (RV Survey, Needler)",glf4t2004,2004,108,,,S. L.,2005-03-21,2005,48267,SL48267,623,Daubed shanny,Leptoclinus maculatus,9.1,0.02,,,,128565,2910,Calanus sp.,Calanus sp.,3,Intermediate,,,1,0.02,,
"4T Southern Gulf of St. Lawrence Ecosystem Trawl Survey (RV Survey, Needler)",glf4t2004,2004,108,,,S. L.,2005-03-20,2005,48269,SL48269,632,Stout eelblenny,Anisarchus medius,15.7,0.189,,,,128570,2000,Crustacean unidentified,Crustacea,4,Advanced,,,1,0.189,,
"4T Southern Gulf of St. Lawrence Ecosystem Trawl Survey (RV Survey, Needler)",glf4t2004,2004,108,,,S. L.,2005-03-20,2005,48271,SL48271,632,Stout eelblenny,Anisarchus medius,11.5,0.017,,,,128576,9000,Digested remains unidentified,"Unid remains,digested",4,Advanced,,,1,0.017,,
"4T Southern Gulf of St. Lawrence Ecosystem Trawl Survey (RV Survey, Needler)",glf4t2004,2004,108,,,S. L.,2005-02-10,2005,48273,SL48273,647,Vahl's eelpout,Lycodes vahlii,18.2,0.707,,,,128577,2100,Decapod unidentified,Decapoda,4,Advanced,,,1,0.707,,
"4T Southern Gulf of St. Lawrence Ecosystem Trawl Survey (RV Survey, Needler)",glf4t2004,2004,108,,,S. L.,2005-02-10,2005,48274,SL48274,647,Vahl's eelpout,Lycodes vahlii,17.2,0.0,,,,128578,,,,,,,,1,,,
"4T Southern Gulf of St. Lawrence Ecosystem Trawl Survey (RV Survey, Needler)",glf4t2004,2004,108,,,S. L.,2005-02-10,2005,48275,SL48275,647,Vahl's eelpout,Lycodes vahlii,15.1,0.0,,,,128579,,,,,,,,1,,,
"4T Southern Gulf of St. Lawrence Ecosystem Trawl Survey (RV Survey, Needler)",glf4t2004,2004,108,,,S. L.,2005-02-10,2005,48276,SL48276,647,Vahl's eelpout,Lycodes vahlii,11.3,0.0,,,,128580,,,,,,,,1,,,
"4T Southern Gulf of St. Lawrence Ecosystem Trawl Survey (RV Survey, Needler)",glf4t2004,2004,108,,,S. L.,2005-02-10,2005,48277,SL48277,647,Vahl's eelpout,Lycodes vahlii,10.6,0.0,,,,128581,,,,,,,,1,,,
"4T Southern Gulf of St. Lawrence Ecosystem Trawl Survey (RV Survey, Needler)",glf4t2004,2004,110,,,S. L.,2005-01-20,2005,48280,SL48280,31,Greenland halibut,Reinhardtius hippoglossoides,15.0,0.216,,,,128588,2906,Hyperiidae unidentified,Hyperiidae,3,Intermediate,,,1,0.216,,
"4T Southern Gulf of St. Lawrence Ecosystem Trawl Survey (RV Survey, Needler)",glf4t2004,2004,110,,,S. L.,2005-03-31,2005,48281,SL48281,64,Capelin,Mallotus villosus,13.2,0.251,,,,128589,2700,Mysid shrimp,Mysidacea (o.),2,Slight,,,1,0.251,,
"4T Southern Gulf of St. Lawrence Ecosystem Trawl Survey (RV Survey, Needler)",glf4t2004,2004,110,,,S. L.,2005-03-31,2005,48282,SL48282,64,Capelin,Mallotus villosus,14.4,0.0,,,,128590,,,,,,,,1,,,
"4T Southern Gulf of St. Lawrence Ecosystem Trawl Survey (RV Survey, Needler)",glf4t2004,2004,110,,,S. L.,2005-03-31,2005,48283,SL48283,64,Capelin,Mallotus villosus,14.4,0.0,,,,128591,,,,,,,,1,,,
"4T Southern Gulf of St. Lawrence Ecosystem Trawl Survey (RV Survey, Needler)",glf4t2004,2004,110,,,S. L.,2005-03-31,2005,48284,SL48284,64,Capelin,Mallotus villosus,11.6,0.0,,,,128592,,,,,,,,1,,,
"4T Southern Gulf of St. Lawrence Ecosystem Trawl Survey (RV Survey, Needler)",glf4t2004,2004,110,,,S. L.,2005-03-31,2005,48286,SL48286,64,Capelin,Mallotus villosus,10.8,0.007,,,,128595,2910,Calanus sp.,Calanus sp.,2,Slight,,,1,0.007,,
"4T Southern Gulf of St. Lawrence Ecosystem Trawl Survey (RV Survey, Needler)",glf4t2004,2004,110,,,S. L.,2005-03-19,2005,48291,SL48291,304,Moustache sculpin,Triglops murrayi,8.0,0.136,,,,128606,2700,Mysid shrimp,Mysidacea (o.),3,Intermediate,,,1,0.136,,
"4T Southern Gulf of St. Lawrence Ecosystem Trawl Survey (RV Survey, Needler)",glf4t2004,2004,110,,,S. L.,2005-03-22,2005,48292,SL48292,314,Spatulate sculpin,Icelus spatula,12.6,0.282,,,,128607,2100,Decapod unidentified,Decapoda,4,Advanced,,,1,0.282,,
"4T Southern Gulf of St. Lawrence Ecosystem Trawl Survey (RV Survey, Needler)",glf4t2004,2004,110,,,S. L.,2005-03-22,2005,48293,SL48293,314,Spatulate sculpin,Icelus spatula,10.3,0.209,,,,128608,2100,Decapod unidentified,Decapoda,4,Advanced,,,1,0.209,,
"4T Southern Gulf of St. Lawrence Ecosystem Trawl Survey (RV Survey, Needler)",glf4t2004,2004,110,,,S. L.,2005-03-22,2005,48294,SL48294,314,Spatulate sculpin,Icelus spatula,5.4,0.073,,,,128609,2700,Mysid shrimp,Mysidacea (o.),3,Intermediate,,,1,0.073,,
"4T Southern Gulf of St. Lawrence Ecosystem Trawl Survey (RV Survey, Needler)",glf4t2004,2004,110,,,S. L.,2005-03-16,2005,48295,SL48295,340,Alligatorfish,Aspidophoroides monopterygius,14.2,0.099,,,,128610,2811,Gammaridae unidentified,Gammaridae,2,Slight,,,1,0.099,,
"4T Southern Gulf of St. Lawrence Ecosystem Trawl Survey (RV Survey, Needler)",glf4t2004,2004,110,,,S. L.,2005-02-17,2005,48305,SL48305,512,Dusky snailfish,Liparis gibbus,12.9,1.908,,,,128634,2100,Decapod unidentified,Decapoda,4,Advanced,,,1,1.908,,
"4T Southern Gulf of St. Lawrence Ecosystem Trawl Survey (RV Survey, Needler)",glf4t2004,2004,110,,,S. L.,2005-02-17,2005,48306,SL48306,512,Dusky snailfish,Liparis gibbus,17.0,3.781,,,,128635,2411,Arctic argid,Argis dentata,2,Slight,,,1,3.781,,
"4T Southern Gulf of St. Lawrence Ecosystem Trawl Survey (RV Survey, Needler)",glf4t2004,2004,110,,,S. L.,2005-02-17,2005,48307,SL48307,512,Dusky snailfish,Liparis gibbus,16.6,0.0,,,,128636,,,,,,,,1,,,
"4T Southern Gulf of St. Lawrence Ecosystem Trawl Survey (RV Survey, Needler)",glf4t2004,2004,110,,,S. L.,2005-02-17,2005,48308,SL48308,620,Laval's eelpout,Lycodes lavalaei,48.0,0.0,,,,128637,,,,,,,,1,,,
"4T Southern Gulf of St. Lawrence Ecosystem Trawl Survey (RV Survey, Needler)",glf4t2004,2004,110,,,S. L.,2005-03-27,2005,48309,SL48309,623,Daubed shanny,Leptoclinus maculatus,13.1,0.0,,,,128638,,,,,,,,1,,,
"4T Southern Gulf of St. Lawrence Ecosystem Trawl Survey (RV Survey, Needler)",glf4t2004,2004,110,,,S. L.,2005-03-27,2005,48310,SL48310,623,Daubed shanny,Leptoclinus maculatus,11.8,0.0,,,,128639,,,,,,,,1,,,
"4T Southern Gulf of St. Lawrence Ecosystem Trawl Survey (RV Survey, Needler)",glf4t2004,2004,110,,,S. L.,2005-03-27,2005,48311,SL48311,623,Daubed shanny,Leptoclinus maculatus,10.8,0.0,,,,128640,,,,,,,,1,,,
"4T Southern Gulf of St. Lawrence Ecosystem Trawl Survey (RV Survey, Needler)",glf4t2004,2004,110,,,S. L.,2005-03-27,2005,48312,SL48312,623,Daubed shanny,Leptoclinus maculatus,9.5,0.021,,,,128641,2910,Calanus sp.,Calanus sp.,2,Slight,,,1,0.021,,
"4T Southern Gulf of St. Lawrence Ecosystem Trawl Survey (RV Survey, Needler)",glf4t2004,2004,110,,,S. L.,2005-03-27,2005,48313,SL48313,623,Daubed shanny,Leptoclinus maculatus,9.9,0.0,,,,128642,,,,,,,,1,,,
"4T Southern Gulf of St. Lawrence Ecosystem Trawl Survey (RV Survey, Needler)",glf4t2004,2004,110,,,S. L.,2005-03-23,2005,48315,SL48315,632,Stout eelblenny,Anisarchus medius,9.0,0.025,,,,128645,3100,Bristle worm unidentified,Polychaeta,3,Intermediate,,,1,0.025,,
"4T Southern Gulf of St. Lawrence Ecosystem Trawl Survey (RV Survey, Needler)",glf4t2004,2004,110,,,S. L.,2005-03-23,2005,48318,SL48318,632,Stout eelblenny,Anisarchus medius,12.3,0.039,,,,128651,9500,Mud,,,,,,1,0.039,,
"4T Southern Gulf of St. Lawrence Ecosystem Trawl Survey (RV Survey, Needler)",glf4t2004,2004,110,,,S. L.,2005-03-22,2005,48320,SL48320,647,Vahl's eelpout,Lycodes vahlii,17.9,0.0,,,,128655,,,,,,,,1,,,
"4T Southern Gulf of St. Lawrence Ecosystem Trawl Survey (RV Survey, Needler)",glf4t2004,2004,110,,,S. L.,2005-03-22,2005,48321,SL48321,647,Vahl's eelpout,Lycodes vahlii,17.8,0.0,,,,128656,,,,,,,,1,,,
"4T Southern Gulf of St. Lawrence Ecosystem Trawl Survey (RV Survey, Needler)",glf4t2004,2004,110,,,S. L.,2005-03-22,2005,48322,SL48322,647,Vahl's eelpout,Lycodes vahlii,11.3,0.0,,,,128657,,,,,,,,1,,,
"4T Southern Gulf of St. Lawrence Ecosystem Trawl Survey (RV Survey, Needler)",glf4t2004,2004,110,,,S. L.,2005-03-22,2005,48323,SL48323,647,Vahl's eelpout,Lycodes vahlii,10.2,0.595,,,,128658,623,Daubed shanny,Leptoclinus maculatus,2,Slight,59.0,,1,0.595,,
"4T Southern Gulf of St. Lawrence Ecosystem Trawl Survey (RV Survey, Needler)",glf4t2004,2004,111,,,S. L.,2005-02-15,2005,48326,SL48326,10,Atlantic cod,Gadus morhua,45.0,0.0,,,,128663,,,,,,,,1,,,
"4T Southern Gulf of St. Lawrence Ecosystem Trawl Survey (RV Survey, Needler)",glf4t2004,2004,111,,,S. L.,2005-04-03,2005,48327,SL48327,10,Atlantic cod,Gadus morhua,8.9,0.147,,,,128664,2700,Mysid shrimp,Mysidacea (o.),4,Advanced,,,1,0.147,,
"4T Southern Gulf of St. Lawrence Ecosystem Trawl Survey (RV Survey, Needler)",glf4t2004,2004,111,,,S. L.,2005-04-03,2005,48328,SL48328,10,Atlantic cod,Gadus morhua,8.3,0.192,,,,128665,2700,Mysid shrimp,Mysidacea (o.),4,Advanced,,,1,0.192,,
"4T Southern Gulf of St. Lawrence Ecosystem Trawl Survey (RV Survey, Needler)",glf4t2004,2004,111,,,S. L.,2005-04-03,2005,48329,SL48329,10,Atlantic cod,Gadus morhua,8.5,0.185,,,,128666,2700,Mysid shrimp,Mysidacea (o.),3,Intermediate,,,1,0.185,,
"4T Southern Gulf of St. Lawrence Ecosystem Trawl Survey (RV Survey, Needler)",glf4t2004,2004,111,,,S. L.,2005-04-03,2005,48330,SL48330,10,Atlantic cod,Gadus morhua,8.8,0.454,,,,128667,2700,Mysid shrimp,Mysidacea (o.),2,Slight,,,1,0.454,,
"4T Southern Gulf of St. Lawrence Ecosystem Trawl Survey (RV Survey, Needler)",glf4t2004,2004,111,,,S. L.,2004-12-06,2004,48332,SL48332,40,American plaice,Hippoglossoides platessoides,26.9,0.557,,,,128674,2700,Mysid shrimp,Mysidacea (o.),2,Slight,,,1,0.557,,
"4T Southern Gulf of St. Lawrence Ecosystem Trawl Survey (RV Survey, Needler)",glf4t2004,2004,111,,,S. L.,2004-12-06,2004,48333,SL48333,40,American plaice,Hippoglossoides platessoides,22.8,0.725,,,,128675,2700,Mysid shrimp,Mysidacea (o.),2,Slight,,,1,0.725,,
"4T Southern Gulf of St. Lawrence Ecosystem Trawl Survey (RV Survey, Needler)",glf4t2004,2004,111,,,S. L.,2004-12-06,2004,48336,SL48336,43,Winter flounder,Pseudopleuronectes americanus,20.4,2.352,,,,128680,3100,Bristle worm unidentified,Polychaeta,2,Slight,,,1,2.352,,
"4T Southern Gulf of St. Lawrence Ecosystem Trawl Survey (RV Survey, Needler)",glf4t2004,2004,111,,,S. L.,2004-12-06,2004,48337,SL48337,43,Winter flounder,Pseudopleuronectes americanus,24.9,0.361,,,,128681,9000,Digested remains unidentified,"Unid remains,digested",4,Advanced,,,1,0.361,,
"4T Southern Gulf of St. Lawrence Ecosystem Trawl Survey (RV Survey, Needler)",glf4t2004,2004,111,,,S. L.,2004-12-06,2004,48338,SL48338,43,Winter flounder,Pseudopleuronectes americanus,28.2,9.654,,,,128682,3100,Bristle worm unidentified,Polychaeta,2,Slight,,,1,9.654,,
"4T Southern Gulf of St. Lawrence Ecosystem Trawl Survey (RV Survey, Needler)",glf4t2004,2004,111,,,S. L.,2004-12-06,2004,48339,SL48339,43,Winter flounder,Pseudopleuronectes americanus,27.2,0.028,,,,128683,9000,Digested remains unidentified,"Unid remains,digested",4,Advanced,,,1,0.028,,
"4T Southern Gulf of St. Lawrence Ecosystem Trawl Survey (RV Survey, Needler)",glf4t2004,2004,111,,,S. L.,2005-03-31,2005,48342,SL48342,64,Capelin,Mallotus villosus,12.7,0.0,,,,128694,,,,,,,,1,,,
"4T Southern Gulf of St. Lawrence Ecosystem Trawl Survey (RV Survey, Needler)",glf4t2004,2004,111,,,S. L.,2005-03-31,2005,48343,SL48343,64,Capelin,Mallotus villosus,13.9,0.0,,,,128695,,,,,,,,1,,,
"4T Southern Gulf of St. Lawrence Ecosystem Trawl Survey (RV Survey, Needler)",glf4t2004,2004,111,,,S. L.,2005-03-31,2005,48344,SL48344,64,Capelin,Mallotus villosus,13.0,0.0,,,,128696,,,,,,,,1,,,
"4T Southern Gulf of St. Lawrence Ecosystem Trawl Survey (RV Survey, Needler)",glf4t2004,2004,111,,,S. L.,2005-03-31,2005,48345,SL48345,64,Capelin,Mallotus villosus,14.1,0.081,,,,128697,2700,Mysid shrimp,Mysidacea (o.),3,Intermediate,,,1,0.081,,
"4T Southern Gulf of St. Lawrence Ecosystem Trawl Survey (RV Survey, Needler)",glf4t2004,2004,111,,,S. L.,2005-03-31,2005,48346,SL48346,64,Capelin,Mallotus villosus,11.2,0.178,,,,128698,2902,Copepods - 3 mm or less,Copepoda (s.c) - Small,2,Slight,,,1,0.178,,
"4T Southern Gulf of St. Lawrence Ecosystem Trawl Survey (RV Survey, Needler)",glf4t2004,2004,111,,,S. L.,2005-02-15,2005,48350,SL48350,114,Fourbeard rockling,Enchelyopus cimbrius,12.2,0.115,,,,128707,2411,Arctic argid,Argis dentata,2,Slight,,,1,0.115,,
"4T Southern Gulf of St. Lawrence Ecosystem Trawl Survey (RV Survey, Needler)",glf4t2004,2004,111,,,S. L.,2005-02-15,2005,48351,SL48351,114,Fourbeard rockling,Enchelyopus cimbrius,11.5,0.137,,,,128708,2411,Arctic argid,Argis dentata,2,Slight,,,1,0.137,,
"4T Southern Gulf of St. Lawrence Ecosystem Trawl Survey (RV Survey, Needler)",glf4t2004,2004,111,,,S. L.,2004-12-06,2004,48356,SL48356,301,Shorthorn sculpin,Myoxocephalus scorpius,19.4,4.226,,,,128720,2411,Arctic argid,Argis dentata,3,Intermediate,,,1,4.226,,
"4T Southern Gulf of St. Lawrence Ecosystem Trawl Survey (RV Survey, Needler)",glf4t2004,2004,111,,,S. L.,2004-12-06,2004,48357,SL48357,301,Shorthorn sculpin,Myoxocephalus scorpius,24.2,0.184,,,,128721,2700,Mysid shrimp,Mysidacea (o.),3,Intermediate,,,1,0.184,,
"4T Southern Gulf of St. Lawrence Ecosystem Trawl Survey (RV Survey, Needler)",glf4t2004,2004,111,,,S. L.,2005-02-15,2005,48359,SL48359,302,Arctic staghorn sculpin,Gymnocanthus tricuspis,19.0,0.06,,,,128725,3100,Bristle worm unidentified,Polychaeta,3,Intermediate,,,1,0.06,,
"4T Southern Gulf of St. Lawrence Ecosystem Trawl Survey (RV Survey, Needler)",glf4t2004,2004,111,,,S. L.,2005-02-15,2005,48360,SL48360,304,Moustache sculpin,Triglops murrayi,14.5,0.124,,,,128726,2700,Mysid shrimp,Mysidacea (o.),2,Slight,,,1,0.124,,
"4T Southern Gulf of St. Lawrence Ecosystem Trawl Survey (RV Survey, Needler)",glf4t2004,2004,111,,,S. L.,2005-02-15,2005,48361,SL48361,304,Moustache sculpin,Triglops murrayi,12.9,0.448,,,,128727,2700,Mysid shrimp,Mysidacea (o.),2,Slight,,,1,0.448,,
"4T Southern Gulf of St. Lawrence Ecosystem Trawl Survey (RV Survey, Needler)",glf4t2004,2004,111,,,S. L.,2005-02-15,2005,48363,SL48363,304,Moustache sculpin,Triglops murrayi,14.1,0.644,,,,128730,2700,Mysid shrimp,Mysidacea (o.),2,Slight,,,1,0.644,,
"4T Southern Gulf of St. Lawrence Ecosystem Trawl Survey (RV Survey, Needler)",glf4t2004,2004,111,,,S. L.,2005-02-15,2005,48364,SL48364,304,Moustache sculpin,Triglops murrayi,8.1,0.184,,,,128731,2700,Mysid shrimp,Mysidacea (o.),3,Intermediate,,,1,0.184,,
"4T Southern Gulf of St. Lawrence Ecosystem Trawl Survey (RV Survey, Needler)",glf4t2004,2004,111,,,S. L.,2005-03-19,2005,48366,SL48366,340,Alligatorfish,Aspidophoroides monopterygius,15.1,0.018,,,,128734,2811,Gammaridae unidentified,Gammaridae,3,Intermediate,,,1,0.018,,
"4T Southern Gulf of St. Lawrence Ecosystem Trawl Survey (RV Survey, Needler)",glf4t2004,2004,111,,,S. L.,2005-03-19,2005,48368,SL48368,340,Alligatorfish,Aspidophoroides monopterygius,9.2,0.017,,,,128737,2000,Crustacean unidentified,Crustacea,4,Advanced,,,1,0.017,,
"4T Southern Gulf of St. Lawrence Ecosystem Trawl Survey (RV Survey, Needler)",glf4t2004,2004,111,,,S. L.,2005-03-19,2005,48369,SL48369,340,Alligatorfish,Aspidophoroides monopterygius,8.0,0.002,,,,128738,2811,Gammaridae unidentified,Gammaridae,3,Intermediate,,,1,0.002,,
"4T Southern Gulf of St. Lawrence Ecosystem Trawl Survey (RV Survey, Needler)",glf4t2004,2004,111,,,S. L.,2005-03-27,2005,48371,SL48371,623,Daubed shanny,Leptoclinus maculatus,8.6,0.015,,,,128741,2900,Copepods,Copepoda,4,Advanced,,,1,0.015,,
"4T Southern Gulf of St. Lawrence Ecosystem Trawl Survey (RV Survey, Needler)",glf4t2004,2004,111,,,S. L.,2005-03-27,2005,48372,SL48372,623,Daubed shanny,Leptoclinus maculatus,10.3,0.0,,,,128742,,,,,,,,1,,,
"4T Southern Gulf of St. Lawrence Ecosystem Trawl Survey (RV Survey, Needler)",glf4t2004,2004,111,,,S. L.,2005-03-27,2005,48373,SL48373,623,Daubed shanny,Leptoclinus maculatus,9.4,0.0,,,,128743,,,,,,,,1,,,
"4T Southern Gulf of St. Lawrence Ecosystem Trawl Survey (RV Survey, Needler)",glf4t2004,2004,111,,,S. L.,2005-03-27,2005,48374,SL48374,623,Daubed shanny,Leptoclinus maculatus,9.1,0.003,,,,128744,9000,Digested remains unidentified,"Unid remains,digested",4,Advanced,,,1,0.003,,
"4T Southern Gulf of St. Lawrence Ecosystem Trawl Survey (RV Survey, Needler)",glf4t2004,2004,111,,,S. L.,2005-03-27,2005,48375,SL48375,623,Daubed shanny,Leptoclinus maculatus,9.3,0.008,,,,128745,2000,Crustacean unidentified,Crustacea,4,Advanced,,,1,0.008,,
"4T Southern Gulf of St. Lawrence Ecosystem Trawl Survey (RV Survey, Needler)",glf4t2004,2004,111,,,S. L.,2005-03-19,2005,48376,SL48376,632,Stout eelblenny,Anisarchus medius,12.4,0.17,,,,128746,9500,Mud,,,,,,1,0.17,,
"4T Southern Gulf of St. Lawrence Ecosystem Trawl Survey (RV Survey, Needler)",glf4t2004,2004,111,,,S. L.,2005-03-19,2005,48377,SL48377,632,Stout eelblenny,Anisarchus medius,12.5,0.042,,,,128747,9500,Mud,,,,,,1,0.042,,
"4T Southern Gulf of St. Lawrence Ecosystem Trawl Survey (RV Survey, Needler)",glf4t2004,2004,111,,,S. L.,2005-03-19,2005,48379,SL48379,632,Stout eelblenny,Anisarchus medius,12.3,0.071,,,,128750,9500,Mud,,,,,,1,0.071,,
"4T Southern Gulf of St. Lawrence Ecosystem Trawl Survey (RV Survey, Needler)",glf4t2004,2004,111,,,S. L.,2005-03-16,2005,48381,SL48381,880,Atlantic hookear sculpin,Artediellus atlanticus,4.5,0.011,,,,128754,2811,Gammaridae unidentified,Gammaridae,3,Intermediate,,,1,0.01,,
"4T Southern Gulf of St. Lawrence Ecosystem Trawl Survey (RV Survey, Needler)",glf4t2004,2004,111,,,S. L.,2005-03-19,2005,48382,SL48382,880,Atlantic hookear sculpin,Artediellus atlanticus,5.0,0.025,,,,128755,2000,Crustacean unidentified,Crustacea,4,Advanced,,,1,0.025,,
"4T Southern Gulf of St. Lawrence Ecosystem Trawl Survey (RV Survey, Needler)",glf4t2004,2004,112,,,S. L.,2005-01-17,2005,48383,SL48383,40,American plaice,Hippoglossoides platessoides,28.5,0.1,,,,128756,6200,Brittle star unidentified,Ophiuroidea,,,,,1,0.1,,
"4T Southern Gulf of St. Lawrence Ecosystem Trawl Survey (RV Survey, Needler)",glf4t2004,2004,112,,,S. L.,2004-12-02,2004,48388,SL48388,43,Winter flounder,Pseudopleuronectes americanus,18.1,0.0,,,,128771,,,,,,,,1,,,
"4T Southern Gulf of St. Lawrence Ecosystem Trawl Survey (RV Survey, Needler)",glf4t2004,2004,112,,,S. L.,2004-12-02,2004,48389,SL48389,43,Winter flounder,Pseudopleuronectes americanus,16.8,0.0,,,,128772,,,,,,,,1,,,
"4T Southern Gulf of St. Lawrence Ecosystem Trawl Survey (RV Survey, Needler)",glf4t2004,2004,112,,,S. L.,2004-12-02,2004,48390,SL48390,43,Winter flounder,Pseudopleuronectes americanus,24.1,0.0,,,,128773,,,,,,,,1,,,
"4T Southern Gulf of St. Lawrence Ecosystem Trawl Survey (RV Survey, Needler)",glf4t2004,2004,112,,,S. L.,2004-12-02,2004,48391,SL48391,43,Winter flounder,Pseudopleuronectes americanus,21.4,0.0,,,,128774,,,,,,,,1,,,
"4T Southern Gulf of St. Lawrence Ecosystem Trawl Survey (RV Survey, Needler)",glf4t2004,2004,112,,,S. L.,2004-12-02,2004,48392,SL48392,43,Winter flounder,Pseudopleuronectes americanus,25.7,0.0,,,,128775,,,,,,,,1,,,
"4T Southern Gulf of St. Lawrence Ecosystem Trawl Survey (RV Survey, Needler)",glf4t2004,2004,112,,,S. L.,2005-03-31,2005,48393,SL48393,64,Capelin,Mallotus villosus,15.8,0.202,,,,128776,2600,Krill,Euphausiacea,2,Slight,,,1,0.202,,
"4T Southern Gulf of St. Lawrence Ecosystem Trawl Survey (RV Survey, Needler)",glf4t2004,2004,112,,,S. L.,2005-03-31,2005,48394,SL48394,64,Capelin,Mallotus villosus,11.3,0.0,,,,128777,,,,,,,,1,,,
"4T Southern Gulf of St. Lawrence Ecosystem Trawl Survey (RV Survey, Needler)",glf4t2004,2004,112,,,S. L.,2005-03-31,2005,48395,SL48395,64,Capelin,Mallotus villosus,11.6,0.0,,,,128778,,,,,,,,1,,,
"4T Southern Gulf of St. Lawrence Ecosystem Trawl Survey (RV Survey, Needler)",glf4t2004,2004,112,,,S. L.,2005-03-31,2005,48396,SL48396,64,Capelin,Mallotus villosus,10.8,0.0,,,,128779,,,,,,,,1,,,
"4T Southern Gulf of St. Lawrence Ecosystem Trawl Survey (RV Survey, Needler)",glf4t2004,2004,112,,,S. L.,2005-03-31,2005,48397,SL48397,64,Capelin,Mallotus villosus,10.6,0.0,,,,128780,,,,,,,,1,,,
"4T Southern Gulf of St. Lawrence Ecosystem Trawl Survey (RV Survey, Needler)",glf4t2004,2004,112,,,S. L.,2004-12-02,2004,48400,SL48400,300,Longhorn sculpin,Myoxocephalus octodecemspinosus,25.0,2.791,,,,128791,2100,Decapod unidentified,Decapoda,4,Advanced,,,1,2.791,,
"4T Southern Gulf of St. Lawrence Ecosystem Trawl Survey (RV Survey, Needler)",glf4t2004,2004,112,,,S. L.,2004-12-02,2004,48406,SL48406,301,Shorthorn sculpin,Myoxocephalus scorpius,17.4,2.179,,,,128804,880,Atlantic hookear sculpin,Artediellus atlanticus,2,Slight,58.0,,1,2.179,,
"4T Southern Gulf of St. Lawrence Ecosystem Trawl Survey (RV Survey, Needler)",glf4t2004,2004,112,,,S. L.,2004-12-02,2004,48409,SL48409,302,Arctic staghorn sculpin,Gymnocanthus tricuspis,23.5,0.456,,,,128810,4210,Buccinum unidentified,Buccinum,2,Slight,,,1,0.456,,
"4T Southern Gulf of St. Lawrence Ecosystem Trawl Survey (RV Survey, Needler)",glf4t2004,2004,112,,,S. L.,2004-12-02,2004,48411,SL48411,302,Arctic staghorn sculpin,Gymnocanthus tricuspis,17.2,0.921,,,,128815,3100,Bristle worm unidentified,Polychaeta,3,Intermediate,,,1,0.921,,
"4T Southern Gulf of St. Lawrence Ecosystem Trawl Survey (RV Survey, Needler)",glf4t2004,2004,112,,,S. L.,2004-12-02,2004,48412,SL48412,302,Arctic staghorn sculpin,Gymnocanthus tricuspis,15.8,0.77,,,,128816,2000,Crustacean unidentified,Crustacea,4,Advanced,,,1,0.77,,
"4T Southern Gulf of St. Lawrence Ecosystem Trawl Survey (RV Survey, Needler)",glf4t2004,2004,112,,,S. L.,2004-12-02,2004,48413,SL48413,302,Arctic staghorn sculpin,Gymnocanthus tricuspis,15.0,1.921,,,,128817,2212,Aesop shrimp,Pandalus montagui,3,Intermediate,,,1,1.921,,
"4T Southern Gulf of St. Lawrence Ecosystem Trawl Survey (RV Survey, Needler)",glf4t2004,2004,112,,,S. L.,2005-03-08,2005,48415,SL48415,304,Moustache sculpin,Triglops murrayi,11.0,0.0,,,,128822,,,,,,,,1,,,
"4T Southern Gulf of St. Lawrence Ecosystem Trawl Survey (RV Survey, Needler)",glf4t2004,2004,112,,,S. L.,2005-03-08,2005,48416,SL48416,304,Moustache sculpin,Triglops murrayi,10.5,0.0,,,,128823,,,,,,,,1,,,
"4T Southern Gulf of St. Lawrence Ecosystem Trawl Survey (RV Survey, Needler)",glf4t2004,2004,112,,,S. L.,2005-03-08,2005,48417,SL48417,304,Moustache sculpin,Triglops murrayi,10.7,0.305,,,,128824,2700,Mysid shrimp,Mysidacea (o.),2,Slight,,,1,0.305,,
"4T Southern Gulf of St. Lawrence Ecosystem Trawl Survey (RV Survey, Needler)",glf4t2004,2004,112,,,S. L.,2005-03-29,2005,48422,SL48422,340,Alligatorfish,Aspidophoroides monopterygius,11.6,0.051,,,,128834,2700,Mysid shrimp,Mysidacea (o.),2,Slight,,,1,0.051,,
"4T Southern Gulf of St. Lawrence Ecosystem Trawl Survey (RV Survey, Needler)",glf4t2004,2004,112,,,S. L.,2005-03-29,2005,48423,SL48423,340,Alligatorfish,Aspidophoroides monopterygius,9.8,0.0,,,,128835,,,,,,,,1,,,
"4T Southern Gulf of St. Lawrence Ecosystem Trawl Survey (RV Survey, Needler)",glf4t2004,2004,112,,,S. L.,2005-02-24,2005,48427,SL48427,512,Dusky snailfish,Liparis gibbus,17.7,4.655,,,,128847,2331,Greenland shrimp,Eualus macilentus,2,Slight,,,1,4.655,,
"4T Southern Gulf of St. Lawrence Ecosystem Trawl Survey (RV Survey, Needler)",glf4t2004,2004,112,,,S. L.,2005-03-09,2005,48430,SL48430,622,Snakeblenny,Lumpenus lampretaeformis,30.9,0.028,,,,128857,9000,Digested remains unidentified,"Unid remains,digested",4,Advanced,,,1,0.028,,
"4T Southern Gulf of St. Lawrence Ecosystem Trawl Survey (RV Survey, Needler)",glf4t2004,2004,112,,,S. L.,2005-03-09,2005,48432,SL48432,622,Snakeblenny,Lumpenus lampretaeformis,31.1,0.229,,,,128861,9500,Mud,,,,,,1,0.229,,
"4T Southern Gulf of St. Lawrence Ecosystem Trawl Survey (RV Survey, Needler)",glf4t2004,2004,112,,,S. L.,2005-03-22,2005,48433,SL48433,623,Daubed shanny,Leptoclinus maculatus,12.0,0.061,,,,128862,3100,Bristle worm unidentified,Polychaeta,3,Intermediate,,,1,0.061,,
"4T Southern Gulf of St. Lawrence Ecosystem Trawl Survey (RV Survey, Needler)",glf4t2004,2004,112,,,S. L.,2005-03-22,2005,48435,SL48435,623,Daubed shanny,Leptoclinus maculatus,11.6,0.038,,,,128865,2000,Crustacean unidentified,Crustacea,4,Advanced,,,1,0.038,,
"4T Southern Gulf of St. Lawrence Ecosystem Trawl Survey (RV Survey, Needler)",glf4t2004,2004,112,,,S. L.,2005-03-22,2005,48436,SL48436,623,Daubed shanny,Leptoclinus maculatus,10.8,0.019,,,,128866,90,Fish unidentified,"Unid. fish (larvae,juvenile and adults)",4,Advanced,,,1,0.019,,
"4T Southern Gulf of St. Lawrence Ecosystem Trawl Survey (RV Survey, Needler)",glf4t2004,2004,112,,,S. L.,2005-03-22,2005,48439,SL48439,632,Stout eelblenny,Anisarchus medius,9.6,0.008,,,,128871,2000,Crustacean unidentified,Crustacea,4,Advanced,,,1,0.008,,
"4T Southern Gulf of St. Lawrence Ecosystem Trawl Survey (RV Survey, Needler)",glf4t2004,2004,112,,,S. L.,2005-03-22,2005,48440,SL48440,632,Stout eelblenny,Anisarchus medius,11.1,0.054,,,,128872,2811,Gammaridae unidentified,Gammaridae,2,Slight,,,1,0.054,,
"4T Southern Gulf of St. Lawrence Ecosystem Trawl Survey (RV Survey, Needler)",glf4t2004,2004,112,,,S. L.,2005-03-22,2005,48441,SL48441,632,Stout eelblenny,Anisarchus medius,10.7,0.014,,,,128873,2000,Crustacean unidentified,Crustacea,4,Advanced,,,1,0.014,,
"4T Southern Gulf of St. Lawrence Ecosystem Trawl Survey (RV Survey, Needler)",glf4t2004,2004,113,,,S. L.,2004-12-04,2004,48443,SL48443,40,American plaice,Hippoglossoides platessoides,28.5,1.453,,,,128876,2212,Aesop shrimp,Pandalus montagui,2,Slight,,,1,1.453,,
"4T Southern Gulf of St. Lawrence Ecosystem Trawl Survey (RV Survey, Needler)",glf4t2004,2004,113,,,S. L.,2004-12-04,2004,48444,SL48444,40,American plaice,Hippoglossoides platessoides,20.0,0.0,,,,128877,,,,,,,,1,,,
"4T Southern Gulf of St. Lawrence Ecosystem Trawl Survey (RV Survey, Needler)",glf4t2004,2004,113,,,S. L.,2004-12-04,2004,48445,SL48445,40,American plaice,Hippoglossoides platessoides,19.6,0.066,,,,128878,2700,Mysid shrimp,Mysidacea (o.),2,Slight,,,1,0.066,,
"4T Southern Gulf of St. Lawrence Ecosystem Trawl Survey (RV Survey, Needler)",glf4t2004,2004,113,,,S. L.,2004-12-05,2004,48446,SL48446,43,Winter flounder,Pseudopleuronectes americanus,23.0,0.089,,,,128879,9000,Digested remains unidentified,"Unid remains,digested",4,Advanced,,,1,0.089,,
"4T Southern Gulf of St. Lawrence Ecosystem Trawl Survey (RV Survey, Needler)",glf4t2004,2004,113,,,S. L.,2004-12-05,2004,48447,SL48447,43,Winter flounder,Pseudopleuronectes americanus,21.3,0.223,,,,128880,3100,Bristle worm unidentified,Polychaeta,3,Intermediate,,,1,0.223,,
"4T Southern Gulf of St. Lawrence Ecosystem Trawl Survey (RV Survey, Needler)",glf4t2004,2004,113,,,S. L.,2004-12-05,2004,48448,SL48448,43,Winter flounder,Pseudopleuronectes americanus,21.3,0.0,,,,128881,,,,,,,,1,,,
"4T Southern Gulf of St. Lawrence Ecosystem Trawl Survey (RV Survey, Needler)",glf4t2004,2004,113,,,S. L.,2004-12-05,2004,48449,SL48449,43,Winter flounder,Pseudopleuronectes americanus,22.6,0.0,,,,128882,,,,,,,,1,,,
"4T Southern Gulf of St. Lawrence Ecosystem Trawl Survey (RV Survey, Needler)",glf4t2004,2004,113,,,S. L.,2005-03-15,2005,48452,SL48452,340,Alligatorfish,Aspidophoroides monopterygius,9.4,0.0,,,,128891,,,,,,,,1,,,
"4T Southern Gulf of St. Lawrence Ecosystem Trawl Survey (RV Survey, Needler)",glf4t2004,2004,113,,,S. L.,2005-03-20,2005,48453,SL48453,623,Daubed shanny,Leptoclinus maculatus,11.2,0.025,,,,128892,2700,Mysid shrimp,Mysidacea (o.),3,Intermediate,,,1,0.025,,
"4T Southern Gulf of St. Lawrence Ecosystem Trawl Survey (RV Survey, Needler)",glf4t2004,2004,113,,,S. L.,2005-03-16,2005,48458,SL48458,632,Stout eelblenny,Anisarchus medius,10.2,0.025,,,,128901,9000,Digested remains unidentified,"Unid remains,digested",4,Advanced,,,1,0.025,,
"4T Southern Gulf of St. Lawrence Ecosystem Trawl Survey (RV Survey, Needler)",glf4t2004,2004,114,,,S. L.,2005-03-30,2005,48461,SL48461,64,Capelin,Mallotus villosus,17.2,0.0,,,,128906,,,,,,,,1,,,
"4T Southern Gulf of St. Lawrence Ecosystem Trawl Survey (RV Survey, Needler)",glf4t2004,2004,114,,,S. L.,2005-03-31,2005,48464,SL48464,64,Capelin,Mallotus villosus,13.4,0.31,,,,128909,2600,Krill,Euphausiacea,2,Slight,,,1,0.31,,
"4T Southern Gulf of St. Lawrence Ecosystem Trawl Survey (RV Survey, Needler)",glf4t2004,2004,114,,,S. L.,2005-03-31,2005,48465,SL48465,64,Capelin,Mallotus villosus,11.8,0.028,,,,128910,2700,Mysid shrimp,Mysidacea (o.),2,Slight,,,1,0.028,,
"4T Southern Gulf of St. Lawrence Ecosystem Trawl Survey (RV Survey, Needler)",glf4t2004,2004,114,,,S. L.,2005-03-31,2005,48466,SL48466,64,Capelin,Mallotus villosus,11.7,0.115,,,,128911,2600,Krill,Euphausiacea,2,Slight,,,1,0.115,,
"4T Southern Gulf of St. Lawrence Ecosystem Trawl Survey (RV Survey, Needler)",glf4t2004,2004,114,,,S. L.,2005-03-31,2005,48467,SL48467,64,Capelin,Mallotus villosus,11.2,0.0,,,,128912,,,,,,,,1,,,
"4T Southern Gulf of St. Lawrence Ecosystem Trawl Survey (RV Survey, Needler)",glf4t2004,2004,114,,,S. L.,2005-03-31,2005,48468,SL48468,64,Capelin,Mallotus villosus,8.1,0.003,,,,128913,2910,Calanus sp.,Calanus sp.,2,Slight,,,1,0.003,,
"4T Southern Gulf of St. Lawrence Ecosystem Trawl Survey (RV Survey, Needler)",glf4t2004,2004,114,,,S. L.,2005-03-21,2005,48469,SL48469,623,Daubed shanny,Leptoclinus maculatus,13.9,0.0,,,,128914,,,,,,,,1,,,
"4T Southern Gulf of St. Lawrence Ecosystem Trawl Survey (RV Survey, Needler)",glf4t2004,2004,114,,,S. L.,2005-03-21,2005,48470,SL48470,623,Daubed shanny,Leptoclinus maculatus,14.1,0.0,,,,128915,,,,,,,,1,,,
"4T Southern Gulf of St. Lawrence Ecosystem Trawl Survey (RV Survey, Needler)",glf4t2004,2004,114,,,S. L.,2005-03-21,2005,48471,SL48471,623,Daubed shanny,Leptoclinus maculatus,10.0,0.0,,,,128916,,,,,,,,1,,,
"4T Southern Gulf of St. Lawrence Ecosystem Trawl Survey (RV Survey, Needler)",glf4t2004,2004,114,,,S. L.,2005-03-21,2005,48472,SL48472,623,Daubed shanny,Leptoclinus maculatus,9.6,0.0,,,,128917,,,,,,,,1,,,
"4T Southern Gulf of St. Lawrence Ecosystem Trawl Survey (RV Survey, Needler)",glf4t2004,2004,114,,,S. L.,2005-03-21,2005,48473,SL48473,623,Daubed shanny,Leptoclinus maculatus,9.2,0.0,,,,128918,,,,,,,,1,,,
"4T Southern Gulf of St. Lawrence Ecosystem Trawl Survey (RV Survey, Needler)",glf4t2004,2004,114,,,S. L.,2005-03-21,2005,48475,SL48475,632,Stout eelblenny,Anisarchus medius,12.9,0.07,,,,128922,9500,Mud,,,,,,1,0.07,,
"4T Southern Gulf of St. Lawrence Ecosystem Trawl Survey (RV Survey, Needler)",glf4t2004,2004,114,,,S. L.,2005-03-21,2005,48476,SL48476,632,Stout eelblenny,Anisarchus medius,13.7,0.058,,,,128923,9500,Mud,,,,,,1,0.058,,
"4T Southern Gulf of St. Lawrence Ecosystem Trawl Survey (RV Survey, Needler)",glf4t2004,2004,114,,,S. L.,2005-03-21,2005,48478,SL48478,632,Stout eelblenny,Anisarchus medius,7.4,0.02,,,,128926,9000,Digested remains unidentified,"Unid remains,digested",4,Advanced,,,1,0.02,,
"4T Southern Gulf of St. Lawrence Ecosystem Trawl Survey (RV Survey, Needler)",glf4t2004,2004,115,,,S. L.,2005-04-03,2005,48480,SL48480,64,Capelin,Mallotus villosus,10.1,0.116,,,,128929,2600,Krill,Euphausiacea,2,Slight,,,1,0.116,,
"4T Southern Gulf of St. Lawrence Ecosystem Trawl Survey (RV Survey, Needler)",glf4t2004,2004,115,,,S. L.,2005-04-03,2005,48482,SL48482,64,Capelin,Mallotus villosus,10.6,0.0,,,,128932,,,,,,,,1,,,
"4T Southern Gulf of St. Lawrence Ecosystem Trawl Survey (RV Survey, Needler)",glf4t2004,2004,115,,,S. L.,2005-04-03,2005,48483,SL48483,64,Capelin,Mallotus villosus,5.8,0.0,,,,128933,,,,,,,,1,,,
"4T Southern Gulf of St. Lawrence Ecosystem Trawl Survey (RV Survey, Needler)",glf4t2004,2004,115,,,S. L.,2005-03-27,2005,48485,SL48485,623,Daubed shanny,Leptoclinus maculatus,9.0,0.0,,,,128934,,,,,,,,1,,,
"4T Southern Gulf of St. Lawrence Ecosystem Trawl Survey (RV Survey, Needler)",glf4t2004,2004,115,,,S. L.,2005-03-27,2005,48486,SL48486,623,Daubed shanny,Leptoclinus maculatus,9.8,0.001,,,,128935,2000,Crustacean unidentified,Crustacea,4,Advanced,,,1,0.001,,
"4T Southern Gulf of St. Lawrence Ecosystem Trawl Survey (RV Survey, Needler)",glf4t2004,2004,115,,,S. L.,2005-03-27,2005,48487,SL48487,623,Daubed shanny,Leptoclinus maculatus,10.0,0.0,,,,128936,,,,,,,,1,,,
"4T Southern Gulf of St. Lawrence Ecosystem Trawl Survey (RV Survey, Needler)",glf4t2004,2004,115,,,S. L.,2005-03-27,2005,48488,SL48488,623,Daubed shanny,Leptoclinus maculatus,8.3,0.0,,,,128937,,,,,,,,1,,,
"4T Southern Gulf of St. Lawrence Ecosystem Trawl Survey (RV Survey, Needler)",glf4t2004,2004,116,,,S. L.,2005-01-18,2005,48491,SL48491,30,Atlantic halibut,Hippoglossus hippoglossus,56.0,0.534,,,,128945,2312,Polar shrimp,Lebbeus polaris,2,Slight,,,1,0.534,,
"4T Southern Gulf of St. Lawrence Ecosystem Trawl Survey (RV Survey, Needler)",glf4t2004,2004,116,,,S. L.,2004-12-02,2004,48494,SL48494,300,Longhorn sculpin,Myoxocephalus octodecemspinosus,20.0,0.0,,,,128955,,,,,,,,1,,,
"4T Southern Gulf of St. Lawrence Ecosystem Trawl Survey (RV Survey, Needler)",glf4t2004,2004,116,,,S. L.,2004-12-02,2004,48495,SL48495,300,Longhorn sculpin,Myoxocephalus octodecemspinosus,20.4,0.0,,,,128956,,,,,,,,1,,,
"4T Southern Gulf of St. Lawrence Ecosystem Trawl Survey (RV Survey, Needler)",glf4t2004,2004,116,,,S. L.,2004-12-02,2004,48496,SL48496,300,Longhorn sculpin,Myoxocephalus octodecemspinosus,24.1,0.0,,,,128957,,,,,,,,1,,,
"4T Southern Gulf of St. Lawrence Ecosystem Trawl Survey (RV Survey, Needler)",glf4t2004,2004,116,,,S. L.,2005-03-29,2005,48499,SL48499,302,Arctic staghorn sculpin,Gymnocanthus tricuspis,15.0,0.282,,,,128966,4000,Mollusc unidentified,Mollusca,,,,,1,0.282,,
"4T Southern Gulf of St. Lawrence Ecosystem Trawl Survey (RV Survey, Needler)",glf4t2004,2004,118,,,S. L.,2004-12-05,2004,48503,SL48503,40,American plaice,Hippoglossoides platessoides,25.2,0.022,,,,128975,9000,Digested remains unidentified,"Unid remains,digested",4,Advanced,,,1,0.022,,
"4T Southern Gulf of St. Lawrence Ecosystem Trawl Survey (RV Survey, Needler)",glf4t2004,2004,118,,,S. L.,2005-02-22,2005,48516,SL48516,304,Moustache sculpin,Triglops murrayi,11.0,0.018,,,,129024,2700,Mysid shrimp,Mysidacea (o.),3,Intermediate,,,1,0.018,,
"4T Southern Gulf of St. Lawrence Ecosystem Trawl Survey (RV Survey, Needler)",glf4t2004,2004,118,,,S. L.,2005-02-22,2005,48518,SL48518,304,Moustache sculpin,Triglops murrayi,12.0,0.0,,,,129028,,,,,,,,1,,,
"4T Southern Gulf of St. Lawrence Ecosystem Trawl Survey (RV Survey, Needler)",glf4t2004,2004,118,,,S. L.,2005-02-22,2005,48519,SL48519,304,Moustache sculpin,Triglops murrayi,11.4,0.129,,,,129029,2700,Mysid shrimp,Mysidacea (o.),2,Slight,,,1,0.129,,
"4T Southern Gulf of St. Lawrence Ecosystem Trawl Survey (RV Survey, Needler)",glf4t2004,2004,118,,,S. L.,2005-02-22,2005,48520,SL48520,304,Moustache sculpin,Triglops murrayi,10.5,0.066,,,,129030,2700,Mysid shrimp,Mysidacea (o.),2,Slight,,,1,0.066,,
"4T Southern Gulf of St. Lawrence Ecosystem Trawl Survey (RV Survey, Needler)",glf4t2004,2004,118,,,S. L.,2005-02-22,2005,48522,SL48522,340,Alligatorfish,Aspidophoroides monopterygius,11.1,0.04,,,,129033,2811,Gammaridae unidentified,Gammaridae,2,Slight,,,1,0.04,,
"4T Southern Gulf of St. Lawrence Ecosystem Trawl Survey (RV Survey, Needler)",glf4t2004,2004,118,,,S. L.,2005-02-22,2005,48525,SL48525,340,Alligatorfish,Aspidophoroides monopterygius,13.1,0.019,,,,129038,2811,Gammaridae unidentified,Gammaridae,2,Slight,,,1,0.019,,
"4T Southern Gulf of St. Lawrence Ecosystem Trawl Survey (RV Survey, Needler)",glf4t2004,2004,118,,,S. L.,2005-03-19,2005,48526,SL48526,341,Arctic alligatorfish,Aspidophoroides olrikii,6.5,0.043,,,,129039,2811,Gammaridae unidentified,Gammaridae,3,Intermediate,,,1,0.043,,
"4T Southern Gulf of St. Lawrence Ecosystem Trawl Survey (RV Survey, Needler)",glf4t2004,2004,118,,,S. L.,2005-03-19,2005,48527,SL48527,341,Arctic alligatorfish,Aspidophoroides olrikii,7.1,0.014,,,,129040,2811,Gammaridae unidentified,Gammaridae,3,Intermediate,,,1,0.014,,
"4T Southern Gulf of St. Lawrence Ecosystem Trawl Survey (RV Survey, Needler)",glf4t2004,2004,118,,,S. L.,2005-03-20,2005,48528,SL48528,341,Arctic alligatorfish,Aspidophoroides olrikii,6.5,0.001,,,,129041,9000,Digested remains unidentified,"Unid remains,digested",4,Advanced,,,1,0.001,,
"4T Southern Gulf of St. Lawrence Ecosystem Trawl Survey (RV Survey, Needler)",glf4t2004,2004,118,,,S. L.,2005-03-20,2005,48529,SL48529,341,Arctic alligatorfish,Aspidophoroides olrikii,5.9,0.038,,,,129042,2811,Gammaridae unidentified,Gammaridae,2,Slight,,,1,0.038,,
"4T Southern Gulf of St. Lawrence Ecosystem Trawl Survey (RV Survey, Needler)",glf4t2004,2004,118,,,S. L.,2005-03-20,2005,48530,SL48530,341,Arctic alligatorfish,Aspidophoroides olrikii,5.9,0.005,,,,129043,2811,Gammaridae unidentified,Gammaridae,3,Intermediate,,,1,0.005,,
"4T Southern Gulf of St. Lawrence Ecosystem Trawl Survey (RV Survey, Needler)",glf4t2004,2004,118,,,S. L.,2005-02-21,2005,48531,SL48531,502,Atlantic spiny lumpsucker,Eumicrotremus spinosus,8.5,0.0,,,,129044,,,,,,,,1,,,
"4T Southern Gulf of St. Lawrence Ecosystem Trawl Survey (RV Survey, Needler)",glf4t2004,2004,118,,,S. L.,2005-03-22,2005,48532,SL48532,616,Fish doctor,Gymnelus viridis,16.0,0.0,,,,129045,,,,,,,,1,,,
"4T Southern Gulf of St. Lawrence Ecosystem Trawl Survey (RV Survey, Needler)",glf4t2004,2004,118,,,S. L.,2005-03-23,2005,48533,SL48533,616,Fish doctor,Gymnelus viridis,13.5,0.0,,,,129046,,,,,,,,1,,,
"4T Southern Gulf of St. Lawrence Ecosystem Trawl Survey (RV Survey, Needler)",glf4t2004,2004,118,,,S. L.,2005-02-22,2005,48535,SL48535,620,Laval's eelpout,Lycodes lavalaei,38.6,1.501,,,,129050,2811,Gammaridae unidentified,Gammaridae,3,Intermediate,,,1,1.501,,
"4T Southern Gulf of St. Lawrence Ecosystem Trawl Survey (RV Survey, Needler)",glf4t2004,2004,118,,,S. L.,2005-02-22,2005,48537,SL48537,620,Laval's eelpout,Lycodes lavalaei,10.6,0.073,,,,129053,2811,Gammaridae unidentified,Gammaridae,2,Slight,,,1,0.073,,
"4T Southern Gulf of St. Lawrence Ecosystem Trawl Survey (RV Survey, Needler)",glf4t2004,2004,118,,,S. L.,2005-03-20,2005,48540,SL48540,623,Daubed shanny,Leptoclinus maculatus,13.4,0.0,,,,129059,,,,,,,,1,,,
"4T Southern Gulf of St. Lawrence Ecosystem Trawl Survey (RV Survey, Needler)",glf4t2004,2004,118,,,S. L.,2005-03-20,2005,48541,SL48541,623,Daubed shanny,Leptoclinus maculatus,11.5,0.176,,,,129060,3100,Bristle worm unidentified,Polychaeta,3,Intermediate,,,1,0.176,,
"4T Southern Gulf of St. Lawrence Ecosystem Trawl Survey (RV Survey, Needler)",glf4t2004,2004,118,,,S. L.,2005-02-21,2005,48544,SL48544,626,Fourline snakeblenny,Eumesogrammus praecisus,14.6,0.767,,,,129065,3100,Bristle worm unidentified,Polychaeta,2,Slight,,,1,0.767,,
"4T Southern Gulf of St. Lawrence Ecosystem Trawl Survey (RV Survey, Needler)",glf4t2004,2004,118,,,S. L.,2005-02-21,2005,48545,SL48545,626,Fourline snakeblenny,Eumesogrammus praecisus,15.2,0.0,,,,129066,,,,,,,,1,,,
"4T Southern Gulf of St. Lawrence Ecosystem Trawl Survey (RV Survey, Needler)",glf4t2004,2004,118,,,S. L.,2005-02-28,2005,48549,SL48549,626,Fourline snakeblenny,Eumesogrammus praecisus,18.2,0.0,,,,129074,,,,,,,,1,,,
"4T Southern Gulf of St. Lawrence Ecosystem Trawl Survey (RV Survey, Needler)",glf4t2004,2004,118,,,S. L.,2005-02-28,2005,48550,SL48550,626,Fourline snakeblenny,Eumesogrammus praecisus,14.6,0.136,,,,129075,3100,Bristle worm unidentified,Polychaeta,3,Intermediate,,,1,0.136,,
"4T Southern Gulf of St. Lawrence Ecosystem Trawl Survey (RV Survey, Needler)",glf4t2004,2004,118,,,S. L.,2005-02-28,2005,48551,SL48551,626,Fourline snakeblenny,Eumesogrammus praecisus,14.4,0.034,,,,129076,3100,Bristle worm unidentified,Polychaeta,3,Intermediate,,,1,0.034,,
"4T Southern Gulf of St. Lawrence Ecosystem Trawl Survey (RV Survey, Needler)",glf4t2004,2004,118,,,S. L.,2005-02-28,2005,48552,SL48552,626,Fourline snakeblenny,Eumesogrammus praecisus,13.9,0.0,,,,129077,,,,,,,,1,,,
"4T Southern Gulf of St. Lawrence Ecosystem Trawl Survey (RV Survey, Needler)",glf4t2004,2004,119,,,S. L.,2004-12-05,2004,48557,SL48557,40,American plaice,Hippoglossoides platessoides,18.2,0.03,,,,129088,2700,Mysid shrimp,Mysidacea (o.),2,Slight,,,1,0.03,,
"4T Southern Gulf of St. Lawrence Ecosystem Trawl Survey (RV Survey, Needler)",glf4t2004,2004,119,,,S. L.,2004-12-05,2004,48558,SL48558,40,American plaice,Hippoglossoides platessoides,23.5,0.548,,,,129089,2700,Mysid shrimp,Mysidacea (o.),2,Slight,,,1,0.548,,
"4T Southern Gulf of St. Lawrence Ecosystem Trawl Survey (RV Survey, Needler)",glf4t2004,2004,119,,,S. L.,2005-03-09,2005,48560,SL48560,40,American plaice,Hippoglossoides platessoides,34.0,0.023,,,,129092,2811,Gammaridae unidentified,Gammaridae,2,Slight,,,1,0.023,,
"4T Southern Gulf of St. Lawrence Ecosystem Trawl Survey (RV Survey, Needler)",glf4t2004,2004,119,,,S. L.,2005-03-09,2005,48567,SL48567,43,Winter flounder,Pseudopleuronectes americanus,23.0,0.0,,,,129119,,,,,,,,1,,,
"4T Southern Gulf of St. Lawrence Ecosystem Trawl Survey (RV Survey, Needler)",glf4t2004,2004,119,,,S. L.,2004-12-04,2004,48571,SL48571,300,Longhorn sculpin,Myoxocephalus octodecemspinosus,15.6,0.0,,,,129127,,,,,,,,1,,,
"4T Southern Gulf of St. Lawrence Ecosystem Trawl Survey (RV Survey, Needler)",glf4t2004,2004,119,,,S. L.,2004-12-04,2004,48572,SL48572,300,Longhorn sculpin,Myoxocephalus octodecemspinosus,16.2,0.234,,,,129128,2700,Mysid shrimp,Mysidacea (o.),2,Slight,,,1,0.234,,
"4T Southern Gulf of St. Lawrence Ecosystem Trawl Survey (RV Survey, Needler)",glf4t2004,2004,119,,,S. L.,2005-03-09,2005,48576,SL48576,302,Arctic staghorn sculpin,Gymnocanthus tricuspis,13.8,0.0,,,,129153,,,,,,,,1,,,
"4T Southern Gulf of St. Lawrence Ecosystem Trawl Survey (RV Survey, Needler)",glf4t2004,2004,119,,,S. L.,2005-03-16,2005,48577,SL48577,302,Arctic staghorn sculpin,Gymnocanthus tricuspis,9.2,0.0,,,,129154,,,,,,,,1,,,
"4T Southern Gulf of St. Lawrence Ecosystem Trawl Survey (RV Survey, Needler)",glf4t2004,2004,119,,,S. L.,2005-03-16,2005,48578,SL48578,302,Arctic staghorn sculpin,Gymnocanthus tricuspis,8.3,0.0,,,,129155,,,,,,,,1,,,
"4T Southern Gulf of St. Lawrence Ecosystem Trawl Survey (RV Survey, Needler)",glf4t2004,2004,119,,,S. L.,2005-03-08,2005,48579,SL48579,304,Moustache sculpin,Triglops murrayi,9.8,0.018,,,,129156,2000,Crustacean unidentified,Crustacea,4,Advanced,,,1,0.018,,
"4T Southern Gulf of St. Lawrence Ecosystem Trawl Survey (RV Survey, Needler)",glf4t2004,2004,119,,,S. L.,2005-03-08,2005,48580,SL48580,304,Moustache sculpin,Triglops murrayi,10.3,0.07,,,,129157,2700,Mysid shrimp,Mysidacea (o.),3,Intermediate,,,1,0.07,,
"4T Southern Gulf of St. Lawrence Ecosystem Trawl Survey (RV Survey, Needler)",glf4t2004,2004,119,,,S. L.,2005-03-22,2005,48581,SL48581,340,Alligatorfish,Aspidophoroides monopterygius,11.9,0.039,,,,129158,2000,Crustacean unidentified,Crustacea,4,Advanced,,,1,0.039,,
"4T Southern Gulf of St. Lawrence Ecosystem Trawl Survey (RV Survey, Needler)",glf4t2004,2004,119,,,S. L.,2005-03-22,2005,48582,SL48582,340,Alligatorfish,Aspidophoroides monopterygius,11.6,0.0,,,,129159,,,,,,,,1,,,
"4T Southern Gulf of St. Lawrence Ecosystem Trawl Survey (RV Survey, Needler)",glf4t2004,2004,119,,,S. L.,2005-03-22,2005,48584,SL48584,340,Alligatorfish,Aspidophoroides monopterygius,12.4,0.024,,,,129162,2700,Mysid shrimp,Mysidacea (o.),2,Slight,,,1,0.024,,
"4T Southern Gulf of St. Lawrence Ecosystem Trawl Survey (RV Survey, Needler)",glf4t2004,2004,119,,,S. L.,2005-03-20,2005,48588,SL48588,623,Daubed shanny,Leptoclinus maculatus,10.5,0.0,,,,129177,,,,,,,,1,,,
"4T Southern Gulf of St. Lawrence Ecosystem Trawl Survey (RV Survey, Needler)",glf4t2004,2004,119,,,S. L.,2005-03-16,2005,48589,SL48589,880,Atlantic hookear sculpin,Artediellus atlanticus,5.5,0.0,,,,129178,,,,,,,,1,,,
"4T Southern Gulf of St. Lawrence Ecosystem Trawl Survey (RV Survey, Needler)",glf4t2004,2004,119,,,S. L.,2005-03-16,2005,48590,SL48590,880,Atlantic hookear sculpin,Artediellus atlanticus,4.0,0.0,,,,129179,,,,,,,,1,,,
"4T Southern Gulf of St. Lawrence Ecosystem Trawl Survey (RV Survey, Needler)",glf4t2004,2004,120,,,S. L.,2005-01-18,2005,48592,SL48592,42,Yellowtail flounder,Limanda ferruginea,23.9,0.0,,,,129183,,,,,,,,1,,,
"4T Southern Gulf of St. Lawrence Ecosystem Trawl Survey (RV Survey, Needler)",glf4t2004,2004,120,,,S. L.,2005-01-18,2005,48593,SL48593,42,Yellowtail flounder,Limanda ferruginea,25.5,0.007,,,,129184,9000,Digested remains unidentified,"Unid remains,digested",4,Advanced,,,1,0.007,,
"4T Southern Gulf of St. Lawrence Ecosystem Trawl Survey (RV Survey, Needler)",glf4t2004,2004,120,,,S. L.,2005-01-18,2005,48595,SL48595,42,Yellowtail flounder,Limanda ferruginea,24.0,0.095,,,,129188,6500,Sand dollar unidentified,Clypeasteroida,2,Slight,,,1,0.095,,
"4T Southern Gulf of St. Lawrence Ecosystem Trawl Survey (RV Survey, Needler)",glf4t2004,2004,120,,,S. L.,2005-01-18,2005,48596,SL48596,42,Yellowtail flounder,Limanda ferruginea,20.6,0.873,,,,129189,9500,Mud,,,,,,1,0.873,,
"4T Southern Gulf of St. Lawrence Ecosystem Trawl Survey (RV Survey, Needler)",glf4t2004,2004,120,,,S. L.,2005-02-10,2005,48597,SL48597,50,Atlantic wolffish,Anarhichas lupus,29.0,0.614,,,,129190,2316,Parrot bladed shrimp,Spirontocaris spinus,2,Slight,,,1,0.614,,
"4T Southern Gulf of St. Lawrence Ecosystem Trawl Survey (RV Survey, Needler)",glf4t2004,2004,120,,,S. L.,2005-01-19,2005,48605,SL48605,118,Greenland cod,Gadus macrocephalus,34.0,0.31,,,,129209,9000,Digested remains unidentified,"Unid remains,digested",4,Advanced,,,1,0.31,,
"4T Southern Gulf of St. Lawrence Ecosystem Trawl Survey (RV Survey, Needler)",glf4t2004,2004,120,,,S. L.,2004-12-02,2004,48608,SL48608,300,Longhorn sculpin,Myoxocephalus octodecemspinosus,19.5,0.0,,,,129214,,,,,,,,1,,,
"4T Southern Gulf of St. Lawrence Ecosystem Trawl Survey (RV Survey, Needler)",glf4t2004,2004,120,,,S. L.,2004-12-02,2004,48609,SL48609,300,Longhorn sculpin,Myoxocephalus octodecemspinosus,18.6,0.0,,,,129215,,,,,,,,1,,,
"4T Southern Gulf of St. Lawrence Ecosystem Trawl Survey (RV Survey, Needler)",glf4t2004,2004,120,,,S. L.,2004-12-02,2004,48610,SL48610,300,Longhorn sculpin,Myoxocephalus octodecemspinosus,22.7,0.0,,,,129216,,,,,,,,1,,,
"4T Southern Gulf of St. Lawrence Ecosystem Trawl Survey (RV Survey, Needler)",glf4t2004,2004,120,,,S. L.,2005-01-19,2005,48613,SL48613,300,Longhorn sculpin,Myoxocephalus octodecemspinosus,36.0,0.0,,,,129221,,,,,,,,1,,,
"4T Southern Gulf of St. Lawrence Ecosystem Trawl Survey (RV Survey, Needler)",glf4t2004,2004,120,,,S. L.,2005-01-19,2005,48614,SL48614,301,Shorthorn sculpin,Myoxocephalus scorpius,21.6,0.0,,,,129222,,,,,,,,1,,,
"4T Southern Gulf of St. Lawrence Ecosystem Trawl Survey (RV Survey, Needler)",glf4t2004,2004,120,,,S. L.,2005-01-19,2005,48615,SL48615,301,Shorthorn sculpin,Myoxocephalus scorpius,14.0,0.0,,,,129223,,,,,,,,1,,,
"4T Southern Gulf of St. Lawrence Ecosystem Trawl Survey (RV Survey, Needler)",glf4t2004,2004,120,,,S. L.,2005-01-28,2005,48616,SL48616,302,Arctic staghorn sculpin,Gymnocanthus tricuspis,7.8,0.0,,,,129224,,,,,,,,1,,,
"4T Southern Gulf of St. Lawrence Ecosystem Trawl Survey (RV Survey, Needler)",glf4t2004,2004,120,,,S. L.,2005-01-28,2005,48617,SL48617,302,Arctic staghorn sculpin,Gymnocanthus tricuspis,9.1,0.0,,,,129225,,,,,,,,1,,,
"4T Southern Gulf of St. Lawrence Ecosystem Trawl Survey (RV Survey, Needler)",glf4t2004,2004,120,,,S. L.,2005-02-16,2005,48621,SL48621,304,Moustache sculpin,Triglops murrayi,9.0,0.0,,,,129232,,,,,,,,1,,,
"4T Southern Gulf of St. Lawrence Ecosystem Trawl Survey (RV Survey, Needler)",glf4t2004,2004,120,,,S. L.,2005-02-16,2005,48622,SL48622,304,Moustache sculpin,Triglops murrayi,8.1,0.024,,,,129233,2811,Gammaridae unidentified,Gammaridae,3,Intermediate,,,1,0.024,,
"4T Southern Gulf of St. Lawrence Ecosystem Trawl Survey (RV Survey, Needler)",glf4t2004,2004,120,,,S. L.,2005-01-19,2005,48623,SL48623,320,Sea raven,Hemitripterus americanus,19.0,3.61,,,,129234,304,Moustache sculpin,Triglops murrayi,3,Intermediate,81.0,,1,3.61,,
"4T Southern Gulf of St. Lawrence Ecosystem Trawl Survey (RV Survey, Needler)",glf4t2004,2004,120,,,S. L.,2005-01-19,2005,48624,SL48624,320,Sea raven,Hemitripterus americanus,23.0,0.0,,,,129235,,,,,,,,1,,,
"4T Southern Gulf of St. Lawrence Ecosystem Trawl Survey (RV Survey, Needler)",glf4t2004,2004,120,,,S. L.,2005-01-19,2005,48625,SL48625,320,Sea raven,Hemitripterus americanus,31.0,0.189,,,,129236,2211,Northern shrimp,Pandalus borealis,3,Intermediate,,,1,0.189,,
"4T Southern Gulf of St. Lawrence Ecosystem Trawl Survey (RV Survey, Needler)",glf4t2004,2004,120,,,S. L.,2005-01-19,2005,48626,SL48626,320,Sea raven,Hemitripterus americanus,38.0,0.0,,,,129237,,,,,,,,1,,,
"4T Southern Gulf of St. Lawrence Ecosystem Trawl Survey (RV Survey, Needler)",glf4t2004,2004,120,,,S. L.,2005-02-23,2005,48627,SL48627,340,Alligatorfish,Aspidophoroides monopterygius,11.7,0.013,,,,129238,2811,Gammaridae unidentified,Gammaridae,2,Slight,,,1,0.013,,
"4T Southern Gulf of St. Lawrence Ecosystem Trawl Survey (RV Survey, Needler)",glf4t2004,2004,120,,,S. L.,2005-02-23,2005,48628,SL48628,340,Alligatorfish,Aspidophoroides monopterygius,11.4,0.003,,,,129239,2811,Gammaridae unidentified,Gammaridae,3,Intermediate,,,1,0.003,,
"4T Southern Gulf of St. Lawrence Ecosystem Trawl Survey (RV Survey, Needler)",glf4t2004,2004,120,,,S. L.,2005-02-23,2005,48629,SL48629,340,Alligatorfish,Aspidophoroides monopterygius,7.9,0.002,,,,129240,2811,Gammaridae unidentified,Gammaridae,2,Slight,,,1,0.002,,
"4T Southern Gulf of St. Lawrence Ecosystem Trawl Survey (RV Survey, Needler)",glf4t2004,2004,120,,,S. L.,2005-02-23,2005,48630,SL48630,340,Alligatorfish,Aspidophoroides monopterygius,7.6,0.005,,,,129241,2811,Gammaridae unidentified,Gammaridae,3,Intermediate,,,1,0.005,,
"4T Southern Gulf of St. Lawrence Ecosystem Trawl Survey (RV Survey, Needler)",glf4t2004,2004,120,,,S. L.,2005-04-03,2005,48631,SL48631,361,Three-spined stickleback,Gasterosteus aculeatus,4.0,0.133,,,,129242,2000,Crustacean unidentified,Crustacea,4,Advanced,,,1,0.133,,
"4T Southern Gulf of St. Lawrence Ecosystem Trawl Survey (RV Survey, Needler)",glf4t2004,2004,120,,,S. L.,2005-04-03,2005,48632,SL48632,361,Three-spined stickleback,Gasterosteus aculeatus,4.0,0.04,,,,129243,2000,Crustacean unidentified,Crustacea,4,Advanced,,,1,0.04,,
"4T Southern Gulf of St. Lawrence Ecosystem Trawl Survey (RV Survey, Needler)",glf4t2004,2004,120,,,S. L.,2005-03-22,2005,48633,SL48633,623,Daubed shanny,Leptoclinus maculatus,9.0,0.032,,,,129244,2906,Hyperiidae unidentified,Hyperiidae,4,Advanced,,,1,0.032,,
"4T Southern Gulf of St. Lawrence Ecosystem Trawl Survey (RV Survey, Needler)",glf4t2004,2004,120,,,S. L.,2005-02-23,2005,48635,SL48635,640,Ocean pout,Zoarces americanus,20.6,0.011,,,,129247,6200,Brittle star unidentified,Ophiuroidea,2,Slight,,,1,0.011,,
"4T Southern Gulf of St. Lawrence Ecosystem Trawl Survey (RV Survey, Needler)",glf4t2004,2004,120,,,S. L.,2005-02-23,2005,48636,SL48636,640,Ocean pout,Zoarces americanus,16.2,0.0,,,,129248,,,,,,,,1,,,
"4T Southern Gulf of St. Lawrence Ecosystem Trawl Survey (RV Survey, Needler)",glf4t2004,2004,120,,,S. L.,2005-03-19,2005,48637,SL48637,880,Atlantic hookear sculpin,Artediellus atlanticus,5.0,0.044,,,,129249,3100,Bristle worm unidentified,Polychaeta,3,Intermediate,,,1,0.044,,
"4T Southern Gulf of St. Lawrence Ecosystem Trawl Survey (RV Survey, Needler)",glf4t2004,2004,121,,,S. L.,2005-03-16,2005,48640,SL48640,304,Moustache sculpin,Triglops murrayi,10.8,0.099,,,,129259,2700,Mysid shrimp,Mysidacea (o.),3,Intermediate,,,1,0.099,,
"4T Southern Gulf of St. Lawrence Ecosystem Trawl Survey (RV Survey, Needler)",glf4t2004,2004,121,,,S. L.,2005-03-19,2005,48641,SL48641,314,Spatulate sculpin,Icelus spatula,7.5,0.083,,,,129260,2700,Mysid shrimp,Mysidacea (o.),3,Intermediate,,,1,0.083,,
"4T Southern Gulf of St. Lawrence Ecosystem Trawl Survey (RV Survey, Needler)",glf4t2004,2004,121,,,S. L.,2005-03-19,2005,48642,SL48642,314,Spatulate sculpin,Icelus spatula,5.5,0.058,,,,129261,2700,Mysid shrimp,Mysidacea (o.),3,Intermediate,,,1,0.058,,
"4T Southern Gulf of St. Lawrence Ecosystem Trawl Survey (RV Survey, Needler)",glf4t2004,2004,121,,,S. L.,2005-03-19,2005,48643,SL48643,314,Spatulate sculpin,Icelus spatula,4.5,0.062,,,,129262,2700,Mysid shrimp,Mysidacea (o.),3,Intermediate,,,1,0.062,,
"4T Southern Gulf of St. Lawrence Ecosystem Trawl Survey (RV Survey, Needler)",glf4t2004,2004,121,,,S. L.,2005-03-19,2005,48644,SL48644,314,Spatulate sculpin,Icelus spatula,4.7,0.009,,,,129263,2700,Mysid shrimp,Mysidacea (o.),3,Intermediate,,,1,0.009,,
"4T Southern Gulf of St. Lawrence Ecosystem Trawl Survey (RV Survey, Needler)",glf4t2004,2004,121,,,S. L.,2005-03-19,2005,48646,SL48646,341,Arctic alligatorfish,Aspidophoroides olrikii,6.0,0.002,,,,129266,,,,,,,,1,0.002,,
"4T Southern Gulf of St. Lawrence Ecosystem Trawl Survey (RV Survey, Needler)",glf4t2004,2004,121,,,S. L.,2005-03-19,2005,48647,SL48647,341,Arctic alligatorfish,Aspidophoroides olrikii,6.6,0.015,,,,129267,2811,Gammaridae unidentified,Gammaridae,2,Slight,,,1,0.015,,
"4T Southern Gulf of St. Lawrence Ecosystem Trawl Survey (RV Survey, Needler)",glf4t2004,2004,121,,,S. L.,2005-03-19,2005,48649,SL48649,341,Arctic alligatorfish,Aspidophoroides olrikii,6.5,0.004,,,,129268,9000,Digested remains unidentified,"Unid remains,digested",4,Advanced,,,1,0.004,,
"4T Southern Gulf of St. Lawrence Ecosystem Trawl Survey (RV Survey, Needler)",glf4t2004,2004,121,,,S. L.,2005-03-19,2005,48650,SL48650,341,Arctic alligatorfish,Aspidophoroides olrikii,5.7,0.001,,,,129269,2811,Gammaridae unidentified,Gammaridae,3,Intermediate,,,1,0.001,,
"4T Southern Gulf of St. Lawrence Ecosystem Trawl Survey (RV Survey, Needler)",glf4t2004,2004,121,,,S. L.,2005-04-04,2005,48652,SL48652,361,Three-spined stickleback,Gasterosteus aculeatus,5.5,0.0,,,,129272,,,,,,,,1,,,
"4T Southern Gulf of St. Lawrence Ecosystem Trawl Survey (RV Survey, Needler)",glf4t2004,2004,121,,,S. L.,2005-04-04,2005,48653,SL48653,361,Three-spined stickleback,Gasterosteus aculeatus,5.2,0.002,,,,129273,2900,Copepods,Copepoda,4,Advanced,,,1,0.002,,
"4T Southern Gulf of St. Lawrence Ecosystem Trawl Survey (RV Survey, Needler)",glf4t2004,2004,121,,,S. L.,2005-04-04,2005,48654,SL48654,361,Three-spined stickleback,Gasterosteus aculeatus,5.0,0.0,,,,129274,,,,,,,,1,,,
"4T Southern Gulf of St. Lawrence Ecosystem Trawl Survey (RV Survey, Needler)",glf4t2004,2004,121,,,S. L.,2005-04-04,2005,48655,SL48655,361,Three-spined stickleback,Gasterosteus aculeatus,4.7,0.012,,,,129275,2900,Copepods,Copepoda,4,Advanced,,,1,0.012,,
"4T Southern Gulf of St. Lawrence Ecosystem Trawl Survey (RV Survey, Needler)",glf4t2004,2004,121,,,S. L.,2005-04-04,2005,48656,SL48656,361,Three-spined stickleback,Gasterosteus aculeatus,4.4,0.009,,,,129276,2900,Copepods,Copepoda,4,Advanced,,,1,0.009,,
"4T Southern Gulf of St. Lawrence Ecosystem Trawl Survey (RV Survey, Needler)",glf4t2004,2004,121,,,S. L.,2005-02-23,2005,48658,SL48658,502,Atlantic spiny lumpsucker,Eumicrotremus spinosus,7.2,0.014,,,,129281,1305,Invertebrate eggs other,Eggs - Invertebrate,2,Slight,,,1,0.014,,
"4T Southern Gulf of St. Lawrence Ecosystem Trawl Survey (RV Survey, Needler)",glf4t2004,2004,121,,,S. L.,2005-02-23,2005,48659,SL48659,512,Dusky snailfish,Liparis gibbus,9.6,0.0,,,,129282,,,,,,,,1,,,
"4T Southern Gulf of St. Lawrence Ecosystem Trawl Survey (RV Survey, Needler)",glf4t2004,2004,121,,,S. L.,2005-03-22,2005,48661,SL48661,616,Fish doctor,Gymnelus viridis,13.3,0.0,,,,129286,,,,,,,,1,,,
"4T Southern Gulf of St. Lawrence Ecosystem Trawl Survey (RV Survey, Needler)",glf4t2004,2004,121,,,S. L.,2005-03-27,2005,48663,SL48663,623,Daubed shanny,Leptoclinus maculatus,11.1,0.0,,,,129289,,,,,,,,1,,,
"4T Southern Gulf of St. Lawrence Ecosystem Trawl Survey (RV Survey, Needler)",glf4t2004,2004,121,,,S. L.,2005-03-27,2005,48664,SL48664,623,Daubed shanny,Leptoclinus maculatus,12.5,0.028,,,,129290,2811,Gammaridae unidentified,Gammaridae,3,Intermediate,,,1,0.028,,
"4T Southern Gulf of St. Lawrence Ecosystem Trawl Survey (RV Survey, Needler)",glf4t2004,2004,121,,,S. L.,2005-03-27,2005,48665,SL48665,623,Daubed shanny,Leptoclinus maculatus,9.2,0.013,,,,129291,9000,Digested remains unidentified,"Unid remains,digested",4,Advanced,,,1,0.013,,
"4T Southern Gulf of St. Lawrence Ecosystem Trawl Survey (RV Survey, Needler)",glf4t2004,2004,121,,,S. L.,2005-03-23,2005,48667,SL48667,623,Daubed shanny,Leptoclinus maculatus,9.3,0.014,,,,129294,9000,Digested remains unidentified,"Unid remains,digested",4,Advanced,,,1,0.014,,
"4T Southern Gulf of St. Lawrence Ecosystem Trawl Survey (RV Survey, Needler)",glf4t2004,2004,121,,,S. L.,2005-02-15,2005,48669,SL48669,626,Fourline snakeblenny,Eumesogrammus praecisus,16.2,0.017,,,,129297,9000,Digested remains unidentified,"Unid remains,digested",4,Advanced,,,1,0.017,,
"4T Southern Gulf of St. Lawrence Ecosystem Trawl Survey (RV Survey, Needler)",glf4t2004,2004,121,,,S. L.,2005-02-15,2005,48670,SL48670,626,Fourline snakeblenny,Eumesogrammus praecisus,15.1,0.0,,,,129298,,,,,,,,1,,,
"4T Southern Gulf of St. Lawrence Ecosystem Trawl Survey (RV Survey, Needler)",glf4t2004,2004,121,,,S. L.,2005-03-29,2005,48674,SL48674,632,Stout eelblenny,Anisarchus medius,8.0,0.0,,,,129308,,,,,,,,1,,,
"4T Southern Gulf of St. Lawrence Ecosystem Trawl Survey (RV Survey, Needler)",glf4t2004,2004,121,,,S. L.,2005-03-18,2005,48675,SL48675,647,Vahl's eelpout,Lycodes vahlii,12.9,0.0,,,,129309,,,,,,,,1,,,
"4T Southern Gulf of St. Lawrence Ecosystem Trawl Survey (RV Survey, Needler)",glf4t2004,2004,121,,,S. L.,2005-03-19,2005,48676,SL48676,880,Atlantic hookear sculpin,Artediellus atlanticus,4.5,0.0,,,,129310,,,,,,,,1,,,
"4T Southern Gulf of St. Lawrence Ecosystem Trawl Survey (RV Survey, Needler)",glf4t2004,2004,121,,,S. L.,2005-03-19,2005,48677,SL48677,880,Atlantic hookear sculpin,Artediellus atlanticus,5.1,0.068,,,,129311,2700,Mysid shrimp,Mysidacea (o.),3,Intermediate,,,1,0.068,,
"4T Southern Gulf of St. Lawrence Ecosystem Trawl Survey (RV Survey, Needler)",glf4t2004,2004,121,,,S. L.,2005-03-19,2005,48678,SL48678,880,Atlantic hookear sculpin,Artediellus atlanticus,4.1,0.007,,,,129312,9700,Sand,Sand,,,,,1,0.007,,
"4T Southern Gulf of St. Lawrence Ecosystem Trawl Survey (RV Survey, Needler)",glf4t2004,2004,121,,,S. L.,2005-03-19,2005,48679,SL48679,880,Atlantic hookear sculpin,Artediellus atlanticus,4.6,0.006,,,,129313,2910,Calanus sp.,Calanus sp.,2,Slight,,,1,0.006,,
"4T Southern Gulf of St. Lawrence Ecosystem Trawl Survey (RV Survey, Needler)",glf4t2004,2004,121,,,S. L.,2005-03-21,2005,48681,SL48681,880,Atlantic hookear sculpin,Artediellus atlanticus,6.7,0.0,,,,129316,,,,,,,,1,,,
"4T Southern Gulf of St. Lawrence Ecosystem Trawl Survey (RV Survey, Needler)",glf4t2004,2004,122,,,S. L.,2004-12-02,2004,48682,SL48682,40,American plaice,Hippoglossoides platessoides,27.5,5.11,,,,129317,2700,Mysid shrimp,Mysidacea (o.),2,Slight,,,1,5.11,,
"4T Southern Gulf of St. Lawrence Ecosystem Trawl Survey (RV Survey, Needler)",glf4t2004,2004,122,,,S. L.,2004-12-02,2004,48683,SL48683,40,American plaice,Hippoglossoides platessoides,19.3,0.697,,,,129318,2700,Mysid shrimp,Mysidacea (o.),2,Slight,,,1,0.697,,
"4T Southern Gulf of St. Lawrence Ecosystem Trawl Survey (RV Survey, Needler)",glf4t2004,2004,122,,,S. L.,2004-12-02,2004,48684,SL48684,40,American plaice,Hippoglossoides platessoides,20.4,0.165,,,,129319,2700,Mysid shrimp,Mysidacea (o.),3,Intermediate,,,1,0.165,,
"4T Southern Gulf of St. Lawrence Ecosystem Trawl Survey (RV Survey, Needler)",glf4t2004,2004,122,,,S. L.,2004-12-02,2004,48686,SL48686,40,American plaice,Hippoglossoides platessoides,23.3,0.573,,,,129322,2100,Decapod unidentified,Decapoda,3,Intermediate,,,1,0.573,,
"4T Southern Gulf of St. Lawrence Ecosystem Trawl Survey (RV Survey, Needler)",glf4t2004,2004,122,,,S. L.,2004-12-13,2004,48688,SL48688,40,American plaice,Hippoglossoides platessoides,21.9,0.129,,,,129326,2811,Gammaridae unidentified,Gammaridae,3,Intermediate,,,1,0.129,,
"4T Southern Gulf of St. Lawrence Ecosystem Trawl Survey (RV Survey, Needler)",glf4t2004,2004,122,,,S. L.,2004-12-13,2004,48691,SL48691,40,American plaice,Hippoglossoides platessoides,19.5,0.558,,,,129335,2700,Mysid shrimp,Mysidacea (o.),2,Slight,,,1,0.558,,
"4T Southern Gulf of St. Lawrence Ecosystem Trawl Survey (RV Survey, Needler)",glf4t2004,2004,122,,,S. L.,2005-02-23,2005,48694,SL48694,314,Spatulate sculpin,Icelus spatula,6.0,0.105,,,,129340,2700,Mysid shrimp,Mysidacea (o.),2,Slight,,,1,0.105,,
"4T Southern Gulf of St. Lawrence Ecosystem Trawl Survey (RV Survey, Needler)",glf4t2004,2004,122,,,S. L.,2005-02-23,2005,48695,SL48695,314,Spatulate sculpin,Icelus spatula,5.9,0.055,,,,129341,2000,Crustacean unidentified,Crustacea,4,Advanced,,,1,0.055,,
"4T Southern Gulf of St. Lawrence Ecosystem Trawl Survey (RV Survey, Needler)",glf4t2004,2004,122,,,S. L.,2005-02-23,2005,48696,SL48696,314,Spatulate sculpin,Icelus spatula,4.7,0.107,,,,129342,2700,Mysid shrimp,Mysidacea (o.),3,Intermediate,,,1,0.107,,
"4T Southern Gulf of St. Lawrence Ecosystem Trawl Survey (RV Survey, Needler)",glf4t2004,2004,122,,,S. L.,2005-03-22,2005,48698,SL48698,623,Daubed shanny,Leptoclinus maculatus,9.2,0.103,,,,129345,2700,Mysid shrimp,Mysidacea (o.),2,Slight,,,1,0.103,,
"4T Southern Gulf of St. Lawrence Ecosystem Trawl Survey (RV Survey, Needler)",glf4t2004,2004,122,,,S. L.,2005-03-22,2005,48700,SL48700,623,Daubed shanny,Leptoclinus maculatus,9.6,0.001,,,,129348,2902,Copepods - 3 mm or less,Copepoda (s.c) - Small,3,Intermediate,,,1,0.001,,
"4T Southern Gulf of St. Lawrence Ecosystem Trawl Survey (RV Survey, Needler)",glf4t2004,2004,122,,,S. L.,2005-03-23,2005,48701,SL48701,623,Daubed shanny,Leptoclinus maculatus,11.7,0.032,,,,129349,3100,Bristle worm unidentified,Polychaeta,3,Intermediate,,,1,0.032,,
"4T Southern Gulf of St. Lawrence Ecosystem Trawl Survey (RV Survey, Needler)",glf4t2004,2004,121,,,S. L.,2005-03-19,2005,48702,SL48702,880,Atlantic hookear sculpin,Artediellus atlanticus,6.3,0.0,,,,129350,,,,,,,,1,,,
"4T Southern Gulf of St. Lawrence Ecosystem Trawl Survey (RV Survey, Needler)",glf4t2004,2004,4,,,J. R.,2005-03-14,2005,48703,JR48703,62,Alewife,Alosa pseudoharengus,20.8,0.004,,,,129351,,,,2,Slight,,,1,0.003,,
"4T Southern Gulf of St. Lawrence Ecosystem Trawl Survey (RV Survey, Needler)",glf4t2004,2004,4,,,J. R.,2005-03-14,2005,48703,JR48703,62,Alewife,Alosa pseudoharengus,20.8,0.004,,,,129352,4200,Snails/Slugs unidentified,Gastropoda,2,Slight,,,1,0.001,,
"4T Southern Gulf of St. Lawrence Ecosystem Trawl Survey (RV Survey, Needler)",glf4t2004,2004,97,,,S. L.,2005-01-24,2005,48704,SL48704,40,American plaice,Hippoglossoides platessoides,27.5,3.538,,,,129353,2906,Hyperiidae unidentified,Hyperiidae,3,Intermediate,,,1,3.498,,
"4T Southern Gulf of St. Lawrence Ecosystem Trawl Survey (RV Survey, Needler)",glf4t2004,2004,97,,,S. L.,2005-01-24,2005,48704,SL48704,40,American plaice,Hippoglossoides platessoides,27.5,3.538,,,,129354,2811,Gammaridae unidentified,Gammaridae,3,Intermediate,,,1,0.04,,
"4T Southern Gulf of St. Lawrence Ecosystem Trawl Survey (RV Survey, Needler)",glf4t2004,2004,97,,,S. L.,2005-01-24,2005,48705,SL48705,40,American plaice,Hippoglossoides platessoides,18.7,0.817,,,,129355,2600,Krill,Euphausiacea,3,Intermediate,,,1,0.42,,
"4T Southern Gulf of St. Lawrence Ecosystem Trawl Survey (RV Survey, Needler)",glf4t2004,2004,97,,,S. L.,2005-01-24,2005,48705,SL48705,40,American plaice,Hippoglossoides platessoides,18.7,0.817,,,,129356,2906,Hyperiidae unidentified,Hyperiidae,3,Intermediate,,,1,0.397,,
"4T Southern Gulf of St. Lawrence Ecosystem Trawl Survey (RV Survey, Needler)",glf4t2004,2004,97,,,S. L.,2005-01-24,2005,48706,SL48706,40,American plaice,Hippoglossoides platessoides,20.2,0.554,,,,129357,2600,Krill,Euphausiacea,3,Intermediate,,,1,0.228,,
"4T Southern Gulf of St. Lawrence Ecosystem Trawl Survey (RV Survey, Needler)",glf4t2004,2004,97,,,S. L.,2005-01-24,2005,48706,SL48706,40,American plaice,Hippoglossoides platessoides,20.2,0.554,,,,129358,2906,Hyperiidae unidentified,Hyperiidae,3,Intermediate,,,1,0.326,,
"4T Southern Gulf of St. Lawrence Ecosystem Trawl Survey (RV Survey, Needler)",glf4t2004,2004,97,,,S. L.,2005-01-24,2005,48707,SL48707,40,American plaice,Hippoglossoides platessoides,19.5,0.175,,,,129359,2906,Hyperiidae unidentified,Hyperiidae,3,Intermediate,,,1,0.13,,
"4T Southern Gulf of St. Lawrence Ecosystem Trawl Survey (RV Survey, Needler)",glf4t2004,2004,97,,,S. L.,2005-01-24,2005,48707,SL48707,40,American plaice,Hippoglossoides platessoides,19.5,0.175,,,,129360,2000,Crustacean unidentified,Crustacea,4,Advanced,,,1,0.034,,
"4T Southern Gulf of St. Lawrence Ecosystem Trawl Survey (RV Survey, Needler)",glf4t2004,2004,97,,,S. L.,2005-01-24,2005,48707,SL48707,40,American plaice,Hippoglossoides platessoides,19.5,0.175,,,,129361,9000,Digested remains unidentified,"Unid remains,digested",4,Advanced,,,1,0.011,,
"4T Southern Gulf of St. Lawrence Ecosystem Trawl Survey (RV Survey, Needler)",glf4t2004,2004,97,,,S. L.,2005-03-30,2005,48708,SL48708,64,Capelin,Mallotus villosus,12.3,0.229,,,,129362,2910,Calanus sp.,Calanus sp.,2,Slight,,,1,0.213,,
"4T Southern Gulf of St. Lawrence Ecosystem Trawl Survey (RV Survey, Needler)",glf4t2004,2004,97,,,S. L.,2005-03-30,2005,48708,SL48708,64,Capelin,Mallotus villosus,12.3,0.229,,,,129363,2902,Copepods - 3 mm or less,Copepoda (s.c) - Small,2,Slight,,,1,0.016,,
"4T Southern Gulf of St. Lawrence Ecosystem Trawl Survey (RV Survey, Needler)",glf4t2004,2004,97,,,S. L.,2005-03-30,2005,48709,SL48709,64,Capelin,Mallotus villosus,10.7,0.366,,,,129364,2910,Calanus sp.,Calanus sp.,2,Slight,,,1,0.025,,
"4T Southern Gulf of St. Lawrence Ecosystem Trawl Survey (RV Survey, Needler)",glf4t2004,2004,97,,,S. L.,2005-03-30,2005,48709,SL48709,64,Capelin,Mallotus villosus,10.7,0.366,,,,129365,2902,Copepods - 3 mm or less,Copepoda (s.c) - Small,2,Slight,,,1,0.341,,
"4T Southern Gulf of St. Lawrence Ecosystem Trawl Survey (RV Survey, Needler)",glf4t2004,2004,97,,,S. L.,2005-03-30,2005,48710,SL48710,64,Capelin,Mallotus villosus,11.4,0.314,,,,129366,2600,Krill,Euphausiacea,2,Slight,,,1,0.277,,
"4T Southern Gulf of St. Lawrence Ecosystem Trawl Survey (RV Survey, Needler)",glf4t2004,2004,97,,,S. L.,2005-03-30,2005,48710,SL48710,64,Capelin,Mallotus villosus,11.4,0.314,,,,129367,2910,Calanus sp.,Calanus sp.,3,Intermediate,,,1,0.037,,
"4T Southern Gulf of St. Lawrence Ecosystem Trawl Survey (RV Survey, Needler)",glf4t2004,2004,97,,,S. L.,2005-03-30,2005,48711,SL48711,64,Capelin,Mallotus villosus,11.4,0.17,,,,129368,2910,Calanus sp.,Calanus sp.,2,Slight,,,1,0.02,,
"4T Southern Gulf of St. Lawrence Ecosystem Trawl Survey (RV Survey, Needler)",glf4t2004,2004,97,,,S. L.,2005-03-30,2005,48711,SL48711,64,Capelin,Mallotus villosus,11.4,0.17,,,,129369,2902,Copepods - 3 mm or less,Copepoda (s.c) - Small,2,Slight,,,1,0.15,,
"4T Southern Gulf of St. Lawrence Ecosystem Trawl Survey (RV Survey, Needler)",glf4t2004,2004,97,,,S. L.,2005-02-28,2005,48712,SL48712,314,Spatulate sculpin,Icelus spatula,13.0,0.811,,,,129370,2100,Decapod unidentified,Decapoda,4,Advanced,,,1,0.6,,
"4T Southern Gulf of St. Lawrence Ecosystem Trawl Survey (RV Survey, Needler)",glf4t2004,2004,97,,,S. L.,2005-02-28,2005,48712,SL48712,314,Spatulate sculpin,Icelus spatula,13.0,0.811,,,,129371,2312,Polar shrimp,Lebbeus polaris,3,Intermediate,,,1,0.211,,
"4T Southern Gulf of St. Lawrence Ecosystem Trawl Survey (RV Survey, Needler)",glf4t2004,2004,97,,,S. L.,2005-02-28,2005,48713,SL48713,314,Spatulate sculpin,Icelus spatula,6.4,0.183,,,,129372,2811,Gammaridae unidentified,Gammaridae,2,Slight,,,1,0.099,,
"4T Southern Gulf of St. Lawrence Ecosystem Trawl Survey (RV Survey, Needler)",glf4t2004,2004,97,,,S. L.,2005-02-28,2005,48713,SL48713,314,Spatulate sculpin,Icelus spatula,6.4,0.183,,,,129373,2100,Decapod unidentified,Decapoda,4,Advanced,,,1,0.084,,
"4T Southern Gulf of St. Lawrence Ecosystem Trawl Survey (RV Survey, Needler)",glf4t2004,2004,97,,,S. L.,2005-01-20,2005,48714,SL48714,320,Sea raven,Hemitripterus americanus,22.7,7.166,,,,129374,2331,Greenland shrimp,Eualus macilentus,2,Slight,,,1,1.089,,
"4T Southern Gulf of St. Lawrence Ecosystem Trawl Survey (RV Survey, Needler)",glf4t2004,2004,97,,,S. L.,2005-01-20,2005,48714,SL48714,320,Sea raven,Hemitripterus americanus,22.7,7.166,,,,129375,2211,Northern shrimp,Pandalus borealis,2,Slight,,,1,6.077,,
"4T Southern Gulf of St. Lawrence Ecosystem Trawl Survey (RV Survey, Needler)",glf4t2004,2004,97,,,S. L.,2005-02-23,2005,48715,SL48715,350,Atlantic poacher,Leptagonus decagonus,17.5,0.154,,,,129376,2700,Mysid shrimp,Mysidacea (o.),3,Intermediate,,,1,0.02,,
"4T Southern Gulf of St. Lawrence Ecosystem Trawl Survey (RV Survey, Needler)",glf4t2004,2004,97,,,S. L.,2005-02-23,2005,48715,SL48715,350,Atlantic poacher,Leptagonus decagonus,17.5,0.154,,,,129377,3100,Bristle worm unidentified,Polychaeta,2,Slight,,,1,0.087,,
"4T Southern Gulf of St. Lawrence Ecosystem Trawl Survey (RV Survey, Needler)",glf4t2004,2004,97,,,S. L.,2005-02-23,2005,48715,SL48715,350,Atlantic poacher,Leptagonus decagonus,17.5,0.154,,,,129378,2902,Copepods - 3 mm or less,Copepoda (s.c) - Small,2,Slight,,,1,0.047,,
"4T Southern Gulf of St. Lawrence Ecosystem Trawl Survey (RV Survey, Needler)",glf4t2004,2004,97,,,S. L.,2005-02-23,2005,48716,SL48716,350,Atlantic poacher,Leptagonus decagonus,19.4,0.151,,,,129379,2811,Gammaridae unidentified,Gammaridae,2,Slight,,,1,0.062,,
"4T Southern Gulf of St. Lawrence Ecosystem Trawl Survey (RV Survey, Needler)",glf4t2004,2004,97,,,S. L.,2005-02-23,2005,48716,SL48716,350,Atlantic poacher,Leptagonus decagonus,19.4,0.151,,,,129380,2902,Copepods - 3 mm or less,Copepoda (s.c) - Small,2,Slight,,,1,0.036,,
"4T Southern Gulf of St. Lawrence Ecosystem Trawl Survey (RV Survey, Needler)",glf4t2004,2004,97,,,S. L.,2005-02-23,2005,48716,SL48716,350,Atlantic poacher,Leptagonus decagonus,19.4,0.151,,,,129381,2000,Crustacean unidentified,Crustacea,4,Advanced,,,1,0.053,,
"4T Southern Gulf of St. Lawrence Ecosystem Trawl Survey (RV Survey, Needler)",glf4t2004,2004,97,,,S. L.,2005-02-23,2005,48717,SL48717,350,Atlantic poacher,Leptagonus decagonus,18.6,0.191,,,,129382,2700,Mysid shrimp,Mysidacea (o.),3,Intermediate,,,1,0.028,,
"4T Southern Gulf of St. Lawrence Ecosystem Trawl Survey (RV Survey, Needler)",glf4t2004,2004,97,,,S. L.,2005-02-23,2005,48717,SL48717,350,Atlantic poacher,Leptagonus decagonus,18.6,0.191,,,,129383,2811,Gammaridae unidentified,Gammaridae,3,Intermediate,,,1,0.034,,
"4T Southern Gulf of St. Lawrence Ecosystem Trawl Survey (RV Survey, Needler)",glf4t2004,2004,97,,,S. L.,2005-02-23,2005,48717,SL48717,350,Atlantic poacher,Leptagonus decagonus,18.6,0.191,,,,129384,2902,Copepods - 3 mm or less,Copepoda (s.c) - Small,2,Slight,,,1,0.082,,
"4T Southern Gulf of St. Lawrence Ecosystem Trawl Survey (RV Survey, Needler)",glf4t2004,2004,97,,,S. L.,2005-02-23,2005,48717,SL48717,350,Atlantic poacher,Leptagonus decagonus,18.6,0.191,,,,129385,2000,Crustacean unidentified,Crustacea,4,Advanced,,,1,0.047,,
"4T Southern Gulf of St. Lawrence Ecosystem Trawl Survey (RV Survey, Needler)",glf4t2004,2004,97,,,S. L.,2005-02-23,2005,48718,SL48718,350,Atlantic poacher,Leptagonus decagonus,16.7,0.221,,,,129386,2902,Copepods - 3 mm or less,Copepoda (s.c) - Small,2,Slight,,,1,0.043,,
"4T Southern Gulf of St. Lawrence Ecosystem Trawl Survey (RV Survey, Needler)",glf4t2004,2004,97,,,S. L.,2005-02-23,2005,48718,SL48718,350,Atlantic poacher,Leptagonus decagonus,16.7,0.221,,,,129387,2900,Copepods,Copepoda,4,Advanced,,,1,0.178,,
"4T Southern Gulf of St. Lawrence Ecosystem Trawl Survey (RV Survey, Needler)",glf4t2004,2004,97,,,S. L.,2005-02-23,2005,48719,SL48719,350,Atlantic poacher,Leptagonus decagonus,14.2,0.179,,,,129388,2700,Mysid shrimp,Mysidacea (o.),2,Slight,,,1,0.017,,
"4T Southern Gulf of St. Lawrence Ecosystem Trawl Survey (RV Survey, Needler)",glf4t2004,2004,97,,,S. L.,2005-02-23,2005,48719,SL48719,350,Atlantic poacher,Leptagonus decagonus,14.2,0.179,,,,129389,2902,Copepods - 3 mm or less,Copepoda (s.c) - Small,2,Slight,,,1,0.037,,
"4T Southern Gulf of St. Lawrence Ecosystem Trawl Survey (RV Survey, Needler)",glf4t2004,2004,97,,,S. L.,2005-02-23,2005,48719,SL48719,350,Atlantic poacher,Leptagonus decagonus,14.2,0.179,,,,129390,2900,Copepods,Copepoda,4,Advanced,,,1,0.125,,
"4T Southern Gulf of St. Lawrence Ecosystem Trawl Survey (RV Survey, Needler)",glf4t2004,2004,97,,,S. L.,2005-03-20,2005,48720,SL48720,622,Snakeblenny,Lumpenus lampretaeformis,15.7,0.045,,,,129391,2811,Gammaridae unidentified,Gammaridae,3,Intermediate,,,1,0.007,,
"4T Southern Gulf of St. Lawrence Ecosystem Trawl Survey (RV Survey, Needler)",glf4t2004,2004,97,,,S. L.,2005-03-20,2005,48720,SL48720,622,Snakeblenny,Lumpenus lampretaeformis,15.7,0.045,,,,129392,3100,Bristle worm unidentified,Polychaeta,3,Intermediate,,,1,0.038,,
"4T Southern Gulf of St. Lawrence Ecosystem Trawl Survey (RV Survey, Needler)",glf4t2004,2004,97,,,S. L.,2005-03-21,2005,48721,SL48721,623,Daubed shanny,Leptoclinus maculatus,12.0,0.079,,,,129393,2902,Copepods - 3 mm or less,Copepoda (s.c) - Small,3,Intermediate,,,1,0.004,,
"4T Southern Gulf of St. Lawrence Ecosystem Trawl Survey (RV Survey, Needler)",glf4t2004,2004,97,,,S. L.,2005-03-21,2005,48721,SL48721,623,Daubed shanny,Leptoclinus maculatus,12.0,0.079,,,,129394,2971,Diastylis sp.,Diastylis,2,Slight,,,1,0.001,,
"4T Southern Gulf of St. Lawrence Ecosystem Trawl Survey (RV Survey, Needler)",glf4t2004,2004,97,,,S. L.,2005-03-21,2005,48721,SL48721,623,Daubed shanny,Leptoclinus maculatus,12.0,0.079,,,,129395,2000,Crustacean unidentified,Crustacea,4,Advanced,,,1,0.038,,
"4T Southern Gulf of St. Lawrence Ecosystem Trawl Survey (RV Survey, Needler)",glf4t2004,2004,97,,,S. L.,2005-03-21,2005,48721,SL48721,623,Daubed shanny,Leptoclinus maculatus,12.0,0.079,,,,129396,9000,Digested remains unidentified,"Unid remains,digested",4,Advanced,,,1,0.02,,
"4T Southern Gulf of St. Lawrence Ecosystem Trawl Survey (RV Survey, Needler)",glf4t2004,2004,97,,,S. L.,2005-03-21,2005,48721,SL48721,623,Daubed shanny,Leptoclinus maculatus,12.0,0.079,,,,129397,,,,,,,,1,0.016,,
"4T Southern Gulf of St. Lawrence Ecosystem Trawl Survey (RV Survey, Needler)",glf4t2004,2004,97,,,S. L.,2005-03-21,2005,48722,SL48722,623,Daubed shanny,Leptoclinus maculatus,11.7,0.037,,,,129398,2902,Copepods - 3 mm or less,Copepoda (s.c) - Small,2,Slight,,,1,0.003,,
"4T Southern Gulf of St. Lawrence Ecosystem Trawl Survey (RV Survey, Needler)",glf4t2004,2004,97,,,S. L.,2005-03-21,2005,48722,SL48722,623,Daubed shanny,Leptoclinus maculatus,11.7,0.037,,,,129399,4300,Bivalve unidentified,Bivalvia,3,Intermediate,,,1,0.001,,
"4T Southern Gulf of St. Lawrence Ecosystem Trawl Survey (RV Survey, Needler)",glf4t2004,2004,97,,,S. L.,2005-03-21,2005,48722,SL48722,623,Daubed shanny,Leptoclinus maculatus,11.7,0.037,,,,129400,2811,Gammaridae unidentified,Gammaridae,3,Intermediate,,,1,0.019,,
"4T Southern Gulf of St. Lawrence Ecosystem Trawl Survey (RV Survey, Needler)",glf4t2004,2004,97,,,S. L.,2005-03-21,2005,48722,SL48722,623,Daubed shanny,Leptoclinus maculatus,11.7,0.037,,,,129401,3100,Bristle worm unidentified,Polychaeta,3,Intermediate,,,1,0.014,,
"4T Southern Gulf of St. Lawrence Ecosystem Trawl Survey (RV Survey, Needler)",glf4t2004,2004,97,,,S. L.,2005-03-21,2005,48723,SL48723,623,Daubed shanny,Leptoclinus maculatus,8.8,0.006,,,,129402,2000,Crustacean unidentified,Crustacea,4,Advanced,,,1,0.001,,
"4T Southern Gulf of St. Lawrence Ecosystem Trawl Survey (RV Survey, Needler)",glf4t2004,2004,97,,,S. L.,2005-03-21,2005,48723,SL48723,623,Daubed shanny,Leptoclinus maculatus,8.8,0.006,,,,129403,9000,Digested remains unidentified,"Unid remains,digested",4,Advanced,,,1,0.005,,
"4T Southern Gulf of St. Lawrence Ecosystem Trawl Survey (RV Survey, Needler)",glf4t2004,2004,97,,,S. L.,2005-02-28,2005,48724,SL48724,626,Fourline snakeblenny,Eumesogrammus praecisus,11.9,0.21,,,,129404,2100,Decapod unidentified,Decapoda,3,Intermediate,,,1,0.055,,
"4T Southern Gulf of St. Lawrence Ecosystem Trawl Survey (RV Survey, Needler)",glf4t2004,2004,97,,,S. L.,2005-02-28,2005,48724,SL48724,626,Fourline snakeblenny,Eumesogrammus praecisus,11.9,0.21,,,,129405,9300,Seaweed/Algae/Kelp unidentified,Obsolete,1,Undigested/freshly eaten,,,1,0.019,,
"4T Southern Gulf of St. Lawrence Ecosystem Trawl Survey (RV Survey, Needler)",glf4t2004,2004,97,,,S. L.,2005-02-28,2005,48724,SL48724,626,Fourline snakeblenny,Eumesogrammus praecisus,11.9,0.21,,,,129406,3100,Bristle worm unidentified,Polychaeta,3,Intermediate,,,1,0.136,,
"4T Southern Gulf of St. Lawrence Ecosystem Trawl Survey (RV Survey, Needler)",glf4t2004,2004,97,,,S. L.,2005-02-28,2005,48725,SL48725,626,Fourline snakeblenny,Eumesogrammus praecisus,9.1,0.186,,,,129407,2811,Gammaridae unidentified,Gammaridae,2,Slight,,,1,0.145,,
"4T Southern Gulf of St. Lawrence Ecosystem Trawl Survey (RV Survey, Needler)",glf4t2004,2004,97,,,S. L.,2005-02-28,2005,48725,SL48725,626,Fourline snakeblenny,Eumesogrammus praecisus,9.1,0.186,,,,129408,2000,Crustacean unidentified,Crustacea,4,Advanced,,,1,0.028,,
"4T Southern Gulf of St. Lawrence Ecosystem Trawl Survey (RV Survey, Needler)",glf4t2004,2004,97,,,S. L.,2005-02-28,2005,48725,SL48725,626,Fourline snakeblenny,Eumesogrammus praecisus,9.1,0.186,,,,129409,9000,Digested remains unidentified,"Unid remains,digested",4,Advanced,,,1,0.013,,
"4T Southern Gulf of St. Lawrence Ecosystem Trawl Survey (RV Survey, Needler)",glf4t2004,2004,97,,,S. L.,2005-03-20,2005,48726,SL48726,632,Stout eelblenny,Anisarchus medius,11.6,0.064,,,,129410,2906,Hyperiidae unidentified,Hyperiidae,3,Intermediate,,,1,0.06,,
"4T Southern Gulf of St. Lawrence Ecosystem Trawl Survey (RV Survey, Needler)",glf4t2004,2004,97,,,S. L.,2005-03-20,2005,48726,SL48726,632,Stout eelblenny,Anisarchus medius,11.6,0.064,,,,129411,9000,Digested remains unidentified,"Unid remains,digested",4,Advanced,,,1,0.014,,
"4T Southern Gulf of St. Lawrence Ecosystem Trawl Survey (RV Survey, Needler)",glf4t2004,2004,98,,,S. L.,2005-01-18,2005,48727,SL48727,12,White hake,Urophycis tenuis,54.0,24.407,,,,129412,2211,Northern shrimp,Pandalus borealis,2,Slight,,,1,24.369,,
"4T Southern Gulf of St. Lawrence Ecosystem Trawl Survey (RV Survey, Needler)",glf4t2004,2004,98,,,S. L.,2005-01-18,2005,48727,SL48727,12,White hake,Urophycis tenuis,54.0,24.407,,,,129413,7100,Round worm unidentified,Nematoda,1,Undigested/freshly eaten,,,1,0.038,,
"4T Southern Gulf of St. Lawrence Ecosystem Trawl Survey (RV Survey, Needler)",glf4t2004,2004,98,,,S. L.,2005-01-18,2005,48728,SL48728,12,White hake,Urophycis tenuis,43.0,14.07,,,,129414,2211,Northern shrimp,Pandalus borealis,2,Slight,,,1,12.5,,
"4T Southern Gulf of St. Lawrence Ecosystem Trawl Survey (RV Survey, Needler)",glf4t2004,2004,98,,,S. L.,2005-01-18,2005,48728,SL48728,12,White hake,Urophycis tenuis,43.0,14.07,,,,129415,2811,Gammaridae unidentified,Gammaridae,2,Slight,,,1,1.57,,
"4T Southern Gulf of St. Lawrence Ecosystem Trawl Survey (RV Survey, Needler)",glf4t2004,2004,98,,,S. L.,2005-01-18,2005,48729,SL48729,12,White hake,Urophycis tenuis,44.0,17.518,,,,129416,7100,Round worm unidentified,Nematoda,1,Undigested/freshly eaten,,,1,0.375,,
"4T Southern Gulf of St. Lawrence Ecosystem Trawl Survey (RV Survey, Needler)",glf4t2004,2004,98,,,S. L.,2005-01-18,2005,48729,SL48729,12,White hake,Urophycis tenuis,44.0,17.518,,,,129417,2211,Northern shrimp,Pandalus borealis,2,Slight,,,1,17.143,,
"4T Southern Gulf of St. Lawrence Ecosystem Trawl Survey (RV Survey, Needler)",glf4t2004,2004,98,,,S. L.,2005-01-18,2005,48730,SL48730,31,Greenland halibut,Reinhardtius hippoglossoides,48.0,0.615,,,,129418,7100,Round worm unidentified,Nematoda,1,Undigested/freshly eaten,,,1,0.582,,
"4T Southern Gulf of St. Lawrence Ecosystem Trawl Survey (RV Survey, Needler)",glf4t2004,2004,98,,,S. L.,2005-01-18,2005,48730,SL48730,31,Greenland halibut,Reinhardtius hippoglossoides,48.0,0.615,,,,129419,2100,Decapod unidentified,Decapoda,2,Slight,,,1,0.033,,
"4T Southern Gulf of St. Lawrence Ecosystem Trawl Survey (RV Survey, Needler)",glf4t2004,2004,98,,,S. L.,2004-12-02,2004,48731,SL48731,41,Witch flounder,Glyptocephalus cynoglossus,28.5,0.265,,,,129420,9000,Digested remains unidentified,"Unid remains,digested",4,Advanced,,,1,0.09,,
"4T Southern Gulf of St. Lawrence Ecosystem Trawl Survey (RV Survey, Needler)",glf4t2004,2004,98,,,S. L.,2004-12-02,2004,48731,SL48731,41,Witch flounder,Glyptocephalus cynoglossus,28.5,0.265,,,,129421,3100,Bristle worm unidentified,Polychaeta,3,Intermediate,,,1,0.175,,
"4T Southern Gulf of St. Lawrence Ecosystem Trawl Survey (RV Survey, Needler)",glf4t2004,2004,98,,,S. L.,2004-12-02,2004,48732,SL48732,41,Witch flounder,Glyptocephalus cynoglossus,21.9,0.168,,,,129422,9000,Digested remains unidentified,"Unid remains,digested",4,Advanced,,,1,0.138,,
"4T Southern Gulf of St. Lawrence Ecosystem Trawl Survey (RV Survey, Needler)",glf4t2004,2004,98,,,S. L.,2004-12-02,2004,48732,SL48732,41,Witch flounder,Glyptocephalus cynoglossus,21.9,0.168,,,,129423,2811,Gammaridae unidentified,Gammaridae,3,Intermediate,,,1,0.005,,
"4T Southern Gulf of St. Lawrence Ecosystem Trawl Survey (RV Survey, Needler)",glf4t2004,2004,98,,,S. L.,2004-12-02,2004,48732,SL48732,41,Witch flounder,Glyptocephalus cynoglossus,21.9,0.168,,,,129424,3100,Bristle worm unidentified,Polychaeta,3,Intermediate,,,1,0.023,,
"4T Southern Gulf of St. Lawrence Ecosystem Trawl Survey (RV Survey, Needler)",glf4t2004,2004,98,,,S. L.,2004-12-02,2004,48732,SL48732,41,Witch flounder,Glyptocephalus cynoglossus,21.9,0.168,,,,129425,1701,Marine invertebrates,Unid. marine invertebrata,4,Advanced,,,1,0.002,,
"4T Southern Gulf of St. Lawrence Ecosystem Trawl Survey (RV Survey, Needler)",glf4t2004,2004,98,,,S. L.,2005-03-16,2005,48733,SL48733,410,Marlin-spike grenadier,Nezumia bairdii,9.7,0.047,,,,129426,2700,Mysid shrimp,Mysidacea (o.),3,Intermediate,,,1,0.023,,
"4T Southern Gulf of St. Lawrence Ecosystem Trawl Survey (RV Survey, Needler)",glf4t2004,2004,98,,,S. L.,2005-03-16,2005,48733,SL48733,410,Marlin-spike grenadier,Nezumia bairdii,9.7,0.047,,,,129427,2902,Copepods - 3 mm or less,Copepoda (s.c) - Small,2,Slight,,,1,0.024,,
"4T Southern Gulf of St. Lawrence Ecosystem Trawl Survey (RV Survey, Needler)",glf4t2004,2004,98,,,S. L.,2005-03-16,2005,48733,SL48733,410,Marlin-spike grenadier,Nezumia bairdii,9.7,0.047,,,,129428,2811,Gammaridae unidentified,Gammaridae,2,Slight,,,1,0.003,,
"4T Southern Gulf of St. Lawrence Ecosystem Trawl Survey (RV Survey, Needler)",glf4t2004,2004,98,,,S. L.,2005-03-16,2005,48733,SL48733,410,Marlin-spike grenadier,Nezumia bairdii,9.7,0.047,,,,129429,9300,Seaweed/Algae/Kelp unidentified,Obsolete,1,Undigested/freshly eaten,,,1,0.001,,
"4T Southern Gulf of St. Lawrence Ecosystem Trawl Survey (RV Survey, Needler)",glf4t2004,2004,98,,,S. L.,2005-03-16,2005,48733,SL48733,410,Marlin-spike grenadier,Nezumia bairdii,9.7,0.047,,,,129430,2000,Crustacean unidentified,Crustacea,4,Advanced,,,1,0.001,,
"4T Southern Gulf of St. Lawrence Ecosystem Trawl Survey (RV Survey, Needler)",glf4t2004,2004,99,,,S. L.,2005-01-20,2005,48734,SL48734,12,White hake,Urophycis tenuis,41.0,9.324,,,,129431,7100,Round worm unidentified,Nematoda,1,Undigested/freshly eaten,,,1,0.035,,
"4T Southern Gulf of St. Lawrence Ecosystem Trawl Survey (RV Survey, Needler)",glf4t2004,2004,99,,,S. L.,2005-01-20,2005,48734,SL48734,12,White hake,Urophycis tenuis,41.0,9.324,,,,129432,2211,Northern shrimp,Pandalus borealis,1,Undigested/freshly eaten,,,1,9.289,,
"4T Southern Gulf of St. Lawrence Ecosystem Trawl Survey (RV Survey, Needler)",glf4t2004,2004,99,,,S. L.,2005-01-20,2005,48735,SL48735,12,White hake,Urophycis tenuis,32.0,7.505,,,,129433,2211,Northern shrimp,Pandalus borealis,2,Slight,,,1,7.084,,
"4T Southern Gulf of St. Lawrence Ecosystem Trawl Survey (RV Survey, Needler)",glf4t2004,2004,99,,,S. L.,2005-01-20,2005,48735,SL48735,12,White hake,Urophycis tenuis,32.0,7.505,,,,129434,7100,Round worm unidentified,Nematoda,1,Undigested/freshly eaten,,,1,0.421,,
"4T Southern Gulf of St. Lawrence Ecosystem Trawl Survey (RV Survey, Needler)",glf4t2004,2004,99,,,S. L.,2005-03-22,2005,48736,SL48736,12,White hake,Urophycis tenuis,40.0,9.451,,,,129435,2211,Northern shrimp,Pandalus borealis,2,Slight,,,1,7.703,,
"4T Southern Gulf of St. Lawrence Ecosystem Trawl Survey (RV Survey, Needler)",glf4t2004,2004,99,,,S. L.,2005-03-22,2005,48736,SL48736,12,White hake,Urophycis tenuis,40.0,9.451,,,,129436,2211,Northern shrimp,Pandalus borealis,3,Intermediate,,,1,1.748,,
"4T Southern Gulf of St. Lawrence Ecosystem Trawl Survey (RV Survey, Needler)",glf4t2004,2004,99,,,S. L.,2005-01-18,2005,48737,SL48737,31,Greenland halibut,Reinhardtius hippoglossoides,38.0,0.123,,,,129437,7100,Round worm unidentified,Nematoda,1,Undigested/freshly eaten,,,1,0.019,,
"4T Southern Gulf of St. Lawrence Ecosystem Trawl Survey (RV Survey, Needler)",glf4t2004,2004,99,,,S. L.,2005-01-18,2005,48737,SL48737,31,Greenland halibut,Reinhardtius hippoglossoides,38.0,0.123,,,,129438,2600,Krill,Euphausiacea,2,Slight,,,1,0.104,,
"4T Southern Gulf of St. Lawrence Ecosystem Trawl Survey (RV Survey, Needler)",glf4t2004,2004,99,,,S. L.,2005-01-19,2005,48738,SL48738,31,Greenland halibut,Reinhardtius hippoglossoides,26.0,3.238,,,,129439,2221,Pink glass shrimp,Pasiphaea multidentata,2,Slight,,,1,2.034,,
"4T Southern Gulf of St. Lawrence Ecosystem Trawl Survey (RV Survey, Needler)",glf4t2004,2004,99,,,S. L.,2005-01-19,2005,48738,SL48738,31,Greenland halibut,Reinhardtius hippoglossoides,26.0,3.238,,,,129440,2221,Pink glass shrimp,Pasiphaea multidentata,3,Intermediate,,,1,1.204,,
"4T Southern Gulf of St. Lawrence Ecosystem Trawl Survey (RV Survey, Needler)",glf4t2004,2004,99,,,S. L.,2005-01-20,2005,48739,SL48739,41,Witch flounder,Glyptocephalus cynoglossus,34.0,0.474,,,,129441,2811,Gammaridae unidentified,Gammaridae,2,Slight,,,1,0.06,,
"4T Southern Gulf of St. Lawrence Ecosystem Trawl Survey (RV Survey, Needler)",glf4t2004,2004,99,,,S. L.,2005-01-20,2005,48739,SL48739,41,Witch flounder,Glyptocephalus cynoglossus,34.0,0.474,,,,129442,3100,Bristle worm unidentified,Polychaeta,2,Slight,,,1,0.06,,
"4T Southern Gulf of St. Lawrence Ecosystem Trawl Survey (RV Survey, Needler)",glf4t2004,2004,99,,,S. L.,2005-01-20,2005,48739,SL48739,41,Witch flounder,Glyptocephalus cynoglossus,34.0,0.474,,,,129443,9000,Digested remains unidentified,"Unid remains,digested",4,Advanced,,,1,0.354,,
"4T Southern Gulf of St. Lawrence Ecosystem Trawl Survey (RV Survey, Needler)",glf4t2004,2004,99,,,S. L.,2005-01-20,2005,48740,SL48740,41,Witch flounder,Glyptocephalus cynoglossus,35.0,0.771,,,,129444,2811,Gammaridae unidentified,Gammaridae,2,Slight,,,1,0.634,,
"4T Southern Gulf of St. Lawrence Ecosystem Trawl Survey (RV Survey, Needler)",glf4t2004,2004,99,,,S. L.,2005-01-20,2005,48740,SL48740,41,Witch flounder,Glyptocephalus cynoglossus,35.0,0.771,,,,129445,3100,Bristle worm unidentified,Polychaeta,3,Intermediate,,,1,0.072,,
"4T Southern Gulf of St. Lawrence Ecosystem Trawl Survey (RV Survey, Needler)",glf4t2004,2004,99,,,S. L.,2005-01-20,2005,48740,SL48740,41,Witch flounder,Glyptocephalus cynoglossus,35.0,0.771,,,,129446,9000,Digested remains unidentified,"Unid remains,digested",4,Advanced,,,1,0.065,,
"4T Southern Gulf of St. Lawrence Ecosystem Trawl Survey (RV Survey, Needler)",glf4t2004,2004,99,,,S. L.,2005-01-24,2005,48741,SL48741,41,Witch flounder,Glyptocephalus cynoglossus,30.0,0.487,,,,129447,3100,Bristle worm unidentified,Polychaeta,3,Intermediate,,,1,0.116,,
"4T Southern Gulf of St. Lawrence Ecosystem Trawl Survey (RV Survey, Needler)",glf4t2004,2004,99,,,S. L.,2005-01-24,2005,48741,SL48741,41,Witch flounder,Glyptocephalus cynoglossus,30.0,0.487,,,,129448,2811,Gammaridae unidentified,Gammaridae,3,Intermediate,,,1,0.359,,
"4T Southern Gulf of St. Lawrence Ecosystem Trawl Survey (RV Survey, Needler)",glf4t2004,2004,99,,,S. L.,2005-01-24,2005,48741,SL48741,41,Witch flounder,Glyptocephalus cynoglossus,30.0,0.487,,,,129449,2971,Diastylis sp.,Diastylis,2,Slight,,,1,0.006,,
"4T Southern Gulf of St. Lawrence Ecosystem Trawl Survey (RV Survey, Needler)",glf4t2004,2004,99,,,S. L.,2005-01-24,2005,48741,SL48741,41,Witch flounder,Glyptocephalus cynoglossus,30.0,0.487,,,,129450,4300,Bivalve unidentified,Bivalvia,3,Intermediate,,,1,0.006,,
"4T Southern Gulf of St. Lawrence Ecosystem Trawl Survey (RV Survey, Needler)",glf4t2004,2004,99,,,S. L.,2005-01-24,2005,48742,SL48742,41,Witch flounder,Glyptocephalus cynoglossus,27.0,0.498,,,,129451,2811,Gammaridae unidentified,Gammaridae,3,Intermediate,,,1,0.255,,
"4T Southern Gulf of St. Lawrence Ecosystem Trawl Survey (RV Survey, Needler)",glf4t2004,2004,99,,,S. L.,2005-01-24,2005,48742,SL48742,41,Witch flounder,Glyptocephalus cynoglossus,27.0,0.498,,,,129452,2600,Krill,Euphausiacea,3,Intermediate,,,1,0.127,,
"4T Southern Gulf of St. Lawrence Ecosystem Trawl Survey (RV Survey, Needler)",glf4t2004,2004,99,,,S. L.,2005-01-24,2005,48742,SL48742,41,Witch flounder,Glyptocephalus cynoglossus,27.0,0.498,,,,129453,2971,Diastylis sp.,Diastylis,2,Slight,,,1,0.008,,
"4T Southern Gulf of St. Lawrence Ecosystem Trawl Survey (RV Survey, Needler)",glf4t2004,2004,99,,,S. L.,2005-01-24,2005,48742,SL48742,41,Witch flounder,Glyptocephalus cynoglossus,27.0,0.498,,,,129454,3100,Bristle worm unidentified,Polychaeta,3,Intermediate,,,1,0.108,,
"4T Southern Gulf of St. Lawrence Ecosystem Trawl Survey (RV Survey, Needler)",glf4t2004,2004,99,,,J. R.,2005-03-07,2005,48743,JR48743,60,Atlantic herring,Clupea harengus,20.5,0.875,,,,129455,2000,Crustacean unidentified,Crustacea,4,Advanced,,,1,0.193,,
"4T Southern Gulf of St. Lawrence Ecosystem Trawl Survey (RV Survey, Needler)",glf4t2004,2004,99,,,J. R.,2005-03-07,2005,48743,JR48743,60,Atlantic herring,Clupea harengus,20.5,0.875,,,,129456,2600,Krill,Euphausiacea,2,Slight,,,1,0.682,,
"4T Southern Gulf of St. Lawrence Ecosystem Trawl Survey (RV Survey, Needler)",glf4t2004,2004,99,,,J. R.,2005-03-07,2005,48744,JR48744,60,Atlantic herring,Clupea harengus,25.7,3.92,,,,129457,2000,Crustacean unidentified,Crustacea,4,Advanced,,,1,0.892,,
"4T Southern Gulf of St. Lawrence Ecosystem Trawl Survey (RV Survey, Needler)",glf4t2004,2004,99,,,J. R.,2005-03-07,2005,48744,JR48744,60,Atlantic herring,Clupea harengus,25.7,3.92,,,,129458,2600,Krill,Euphausiacea,3,Intermediate,,,1,3.028,,
"4T Southern Gulf of St. Lawrence Ecosystem Trawl Survey (RV Survey, Needler)",glf4t2004,2004,99,,,S. L.,2005-03-30,2005,48745,SL48745,64,Capelin,Mallotus villosus,12.2,0.095,,,,129459,2906,Hyperiidae unidentified,Hyperiidae,2,Slight,,,1,0.032,,
"4T Southern Gulf of St. Lawrence Ecosystem Trawl Survey (RV Survey, Needler)",glf4t2004,2004,99,,,S. L.,2005-03-30,2005,48745,SL48745,64,Capelin,Mallotus villosus,12.2,0.095,,,,129460,2910,Calanus sp.,Calanus sp.,2,Slight,,,1,0.063,,
"4T Southern Gulf of St. Lawrence Ecosystem Trawl Survey (RV Survey, Needler)",glf4t2004,2004,99,,,S. L.,2005-02-09,2005,48746,SL48746,114,Fourbeard rockling,Enchelyopus cimbrius,22.9,0.363,,,,129461,2910,Calanus sp.,Calanus sp.,2,Slight,,,1,0.009,,
"4T Southern Gulf of St. Lawrence Ecosystem Trawl Survey (RV Survey, Needler)",glf4t2004,2004,99,,,S. L.,2005-02-09,2005,48746,SL48746,114,Fourbeard rockling,Enchelyopus cimbrius,22.9,0.363,,,,129462,2811,Gammaridae unidentified,Gammaridae,2,Slight,,,1,0.038,,
"4T Southern Gulf of St. Lawrence Ecosystem Trawl Survey (RV Survey, Needler)",glf4t2004,2004,99,,,S. L.,2005-02-09,2005,48746,SL48746,114,Fourbeard rockling,Enchelyopus cimbrius,22.9,0.363,,,,129463,2906,Hyperiidae unidentified,Hyperiidae,3,Intermediate,,,1,0.046,,
"4T Southern Gulf of St. Lawrence Ecosystem Trawl Survey (RV Survey, Needler)",glf4t2004,2004,99,,,S. L.,2005-02-09,2005,48746,SL48746,114,Fourbeard rockling,Enchelyopus cimbrius,22.9,0.363,,,,129464,2600,Krill,Euphausiacea,2,Slight,,,1,0.025,,
"4T Southern Gulf of St. Lawrence Ecosystem Trawl Survey (RV Survey, Needler)",glf4t2004,2004,99,,,S. L.,2005-02-09,2005,48746,SL48746,114,Fourbeard rockling,Enchelyopus cimbrius,22.9,0.363,,,,129465,2000,Crustacean unidentified,Crustacea,4,Advanced,,,1,0.027,,
"4T Southern Gulf of St. Lawrence Ecosystem Trawl Survey (RV Survey, Needler)",glf4t2004,2004,99,,,S. L.,2005-02-09,2005,48746,SL48746,114,Fourbeard rockling,Enchelyopus cimbrius,22.9,0.363,,,,129466,3100,Bristle worm unidentified,Polychaeta,3,Intermediate,,,1,0.218,,
"4T Southern Gulf of St. Lawrence Ecosystem Trawl Survey (RV Survey, Needler)",glf4t2004,2004,99,,,S. L.,2005-02-09,2005,48747,SL48747,114,Fourbeard rockling,Enchelyopus cimbrius,21.7,0.521,,,,129467,2906,Hyperiidae unidentified,Hyperiidae,2,Slight,,,1,0.159,,
"4T Southern Gulf of St. Lawrence Ecosystem Trawl Survey (RV Survey, Needler)",glf4t2004,2004,99,,,S. L.,2005-02-09,2005,48747,SL48747,114,Fourbeard rockling,Enchelyopus cimbrius,21.7,0.521,,,,129468,2600,Krill,Euphausiacea,2,Slight,,,1,0.034,,
"4T Southern Gulf of St. Lawrence Ecosystem Trawl Survey (RV Survey, Needler)",glf4t2004,2004,99,,,S. L.,2005-02-09,2005,48747,SL48747,114,Fourbeard rockling,Enchelyopus cimbrius,21.7,0.521,,,,129469,3100,Bristle worm unidentified,Polychaeta,3,Intermediate,,,1,0.134,,
"4T Southern Gulf of St. Lawrence Ecosystem Trawl Survey (RV Survey, Needler)",glf4t2004,2004,99,,,S. L.,2005-02-09,2005,48747,SL48747,114,Fourbeard rockling,Enchelyopus cimbrius,21.7,0.521,,,,129470,2811,Gammaridae unidentified,Gammaridae,3,Intermediate,,,1,0.194,,
"4T Southern Gulf of St. Lawrence Ecosystem Trawl Survey (RV Survey, Needler)",glf4t2004,2004,99,,,S. L.,2005-02-09,2005,48748,SL48748,114,Fourbeard rockling,Enchelyopus cimbrius,14.5,0.164,,,,129471,2600,Krill,Euphausiacea,3,Intermediate,,,1,0.011,,
"4T Southern Gulf of St. Lawrence Ecosystem Trawl Survey (RV Survey, Needler)",glf4t2004,2004,99,,,S. L.,2005-02-09,2005,48748,SL48748,114,Fourbeard rockling,Enchelyopus cimbrius,14.5,0.164,,,,129472,2910,Calanus sp.,Calanus sp.,2,Slight,,,1,0.003,,
"4T Southern Gulf of St. Lawrence Ecosystem Trawl Survey (RV Survey, Needler)",glf4t2004,2004,99,,,S. L.,2005-02-09,2005,48748,SL48748,114,Fourbeard rockling,Enchelyopus cimbrius,14.5,0.164,,,,129473,2811,Gammaridae unidentified,Gammaridae,2,Slight,,,1,0.012,,
"4T Southern Gulf of St. Lawrence Ecosystem Trawl Survey (RV Survey, Needler)",glf4t2004,2004,99,,,S. L.,2005-02-09,2005,48748,SL48748,114,Fourbeard rockling,Enchelyopus cimbrius,14.5,0.164,,,,129474,3100,Bristle worm unidentified,Polychaeta,3,Intermediate,,,1,0.138,,
"4T Southern Gulf of St. Lawrence Ecosystem Trawl Survey (RV Survey, Needler)",glf4t2004,2004,99,,,S. L.,2005-01-20,2005,48749,SL48749,201,Thorny skate,Amblyraja radiata,44.0,6.163,,,,129475,7000,Parasitic roundworm unidentified,"Parasites,round worms",1,Undigested/freshly eaten,,,1,0.09,,
"4T Southern Gulf of St. Lawrence Ecosystem Trawl Survey (RV Survey, Needler)",glf4t2004,2004,99,,,S. L.,2005-01-20,2005,48749,SL48749,201,Thorny skate,Amblyraja radiata,44.0,6.163,,,,129476,3100,Bristle worm unidentified,Polychaeta,3,Intermediate,,,1,0.511,,
"4T Southern Gulf of St. Lawrence Ecosystem Trawl Survey (RV Survey, Needler)",glf4t2004,2004,99,,,S. L.,2005-01-20,2005,48749,SL48749,201,Thorny skate,Amblyraja radiata,44.0,6.163,,,,129477,2811,Gammaridae unidentified,Gammaridae,2,Slight,,,1,4.588,,
"4T Southern Gulf of St. Lawrence Ecosystem Trawl Survey (RV Survey, Needler)",glf4t2004,2004,99,,,S. L.,2005-01-20,2005,48749,SL48749,201,Thorny skate,Amblyraja radiata,44.0,6.163,,,,129478,2000,Crustacean unidentified,Crustacea,4,Advanced,,,1,0.974,,
"4T Southern Gulf of St. Lawrence Ecosystem Trawl Survey (RV Survey, Needler)",glf4t2004,2004,99,,,S. L.,2005-01-20,2005,48750,SL48750,202,Smooth skate,Malacoraja senta,47.0,13.479,,,,129479,2211,Northern shrimp,Pandalus borealis,3,Intermediate,,,1,9.4,,
"4T Southern Gulf of St. Lawrence Ecosystem Trawl Survey (RV Survey, Needler)",glf4t2004,2004,99,,,S. L.,2005-01-20,2005,48750,SL48750,202,Smooth skate,Malacoraja senta,47.0,13.479,,,,129480,2100,Decapod unidentified,Decapoda,4,Advanced,,,1,3.438,,
"4T Southern Gulf of St. Lawrence Ecosystem Trawl Survey (RV Survey, Needler)",glf4t2004,2004,99,,,S. L.,2005-01-20,2005,48750,SL48750,202,Smooth skate,Malacoraja senta,47.0,13.479,,,,129481,9000,Digested remains unidentified,"Unid remains,digested",4,Advanced,,,1,0.641,,
"4T Southern Gulf of St. Lawrence Ecosystem Trawl Survey (RV Survey, Needler)",glf4t2004,2004,99,,,S. L.,2005-01-20,2005,48751,SL48751,202,Smooth skate,Malacoraja senta,49.0,26.202,,,,129482,2211,Northern shrimp,Pandalus borealis,2,Slight,,,1,23.753,,
"4T Southern Gulf of St. Lawrence Ecosystem Trawl Survey (RV Survey, Needler)",glf4t2004,2004,99,,,S. L.,2005-01-20,2005,48751,SL48751,202,Smooth skate,Malacoraja senta,49.0,26.202,,,,129483,2100,Decapod unidentified,Decapoda,4,Advanced,,,1,2.391,,
"4T Southern Gulf of St. Lawrence Ecosystem Trawl Survey (RV Survey, Needler)",glf4t2004,2004,99,,,S. L.,2005-01-20,2005,48751,SL48751,202,Smooth skate,Malacoraja senta,49.0,26.202,,,,129484,7100,Round worm unidentified,Nematoda,1,Undigested/freshly eaten,,,1,0.058,,
"4T Southern Gulf of St. Lawrence Ecosystem Trawl Survey (RV Survey, Needler)",glf4t2004,2004,99,,,S. L.,2005-02-09,2005,48752,SL48752,221,Black dogfish,Centroscyllium fabricii,53.0,3.541,,,,129485,2221,Pink glass shrimp,Pasiphaea multidentata,3,Intermediate,,,1,0.764,,
"4T Southern Gulf of St. Lawrence Ecosystem Trawl Survey (RV Survey, Needler)",glf4t2004,2004,99,,,S. L.,2005-02-09,2005,48752,SL48752,221,Black dogfish,Centroscyllium fabricii,53.0,3.541,,,,129486,2100,Decapod unidentified,Decapoda,4,Advanced,,,1,1.023,,
"4T Southern Gulf of St. Lawrence Ecosystem Trawl Survey (RV Survey, Needler)",glf4t2004,2004,99,,,S. L.,2005-02-09,2005,48752,SL48752,221,Black dogfish,Centroscyllium fabricii,53.0,3.541,,,,129487,2211,Northern shrimp,Pandalus borealis,3,Intermediate,,,1,1.754,,
"4T Southern Gulf of St. Lawrence Ecosystem Trawl Survey (RV Survey, Needler)",glf4t2004,2004,102,,,S. L.,2005-02-22,2005,48753,SL48753,12,White hake,Urophycis tenuis,28.0,0.137,,,,129488,2700,Mysid shrimp,Mysidacea (o.),2,Slight,,,1,0.034,,
"4T Southern Gulf of St. Lawrence Ecosystem Trawl Survey (RV Survey, Needler)",glf4t2004,2004,102,,,S. L.,2005-02-22,2005,48753,SL48753,12,White hake,Urophycis tenuis,28.0,0.137,,,,129489,2811,Gammaridae unidentified,Gammaridae,2,Slight,,,1,0.103,,
"4T Southern Gulf of St. Lawrence Ecosystem Trawl Survey (RV Survey, Needler)",glf4t2004,2004,102,,,S. L.,2005-02-21,2005,48754,SL48754,23,Redfish unidentified,Sebastes,30.0,0.14,,,,129490,2700,Mysid shrimp,Mysidacea (o.),3,Intermediate,,,1,0.007,,
"4T Southern Gulf of St. Lawrence Ecosystem Trawl Survey (RV Survey, Needler)",glf4t2004,2004,102,,,S. L.,2005-02-21,2005,48754,SL48754,23,Redfish unidentified,Sebastes,30.0,0.14,,,,129491,2000,Crustacean unidentified,Crustacea,4,Advanced,,,1,0.133,,
"4T Southern Gulf of St. Lawrence Ecosystem Trawl Survey (RV Survey, Needler)",glf4t2004,2004,102,,,S. L.,2005-02-21,2005,48755,SL48755,23,Redfish unidentified,Sebastes,43.0,8.874,,,,129492,2211,Northern shrimp,Pandalus borealis,2,Slight,,,1,4.412,,
"4T Southern Gulf of St. Lawrence Ecosystem Trawl Survey (RV Survey, Needler)",glf4t2004,2004,102,,,S. L.,2005-02-21,2005,48755,SL48755,23,Redfish unidentified,Sebastes,43.0,8.874,,,,129493,2221,Pink glass shrimp,Pasiphaea multidentata,2,Slight,,,1,0.424,,
"4T Southern Gulf of St. Lawrence Ecosystem Trawl Survey (RV Survey, Needler)",glf4t2004,2004,102,,,S. L.,2005-02-21,2005,48755,SL48755,23,Redfish unidentified,Sebastes,43.0,8.874,,,,129494,2100,Decapod unidentified,Decapoda,4,Advanced,,,1,4.038,,
"4T Southern Gulf of St. Lawrence Ecosystem Trawl Survey (RV Survey, Needler)",glf4t2004,2004,102,,,S. L.,2004-12-05,2004,48756,SL48756,31,Greenland halibut,Reinhardtius hippoglossoides,25.4,3.292,,,,129495,2906,Hyperiidae unidentified,Hyperiidae,3,Intermediate,,,1,3.066,,
"4T Southern Gulf of St. Lawrence Ecosystem Trawl Survey (RV Survey, Needler)",glf4t2004,2004,102,,,S. L.,2004-12-05,2004,48756,SL48756,31,Greenland halibut,Reinhardtius hippoglossoides,25.4,3.292,,,,129496,2100,Decapod unidentified,Decapoda,4,Advanced,,,1,0.226,,
"4T Southern Gulf of St. Lawrence Ecosystem Trawl Survey (RV Survey, Needler)",glf4t2004,2004,102,,,S. L.,2004-12-05,2004,48757,SL48757,40,American plaice,Hippoglossoides platessoides,31.0,0.586,,,,129497,2811,Gammaridae unidentified,Gammaridae,3,Intermediate,,,1,0.374,,
"4T Southern Gulf of St. Lawrence Ecosystem Trawl Survey (RV Survey, Needler)",glf4t2004,2004,102,,,S. L.,2004-12-05,2004,48757,SL48757,40,American plaice,Hippoglossoides platessoides,31.0,0.586,,,,129498,9000,Digested remains unidentified,"Unid remains,digested",4,Advanced,,,1,0.212,,
"4T Southern Gulf of St. Lawrence Ecosystem Trawl Survey (RV Survey, Needler)",glf4t2004,2004,102,,,S. L.,2004-12-05,2004,48758,SL48758,41,Witch flounder,Glyptocephalus cynoglossus,29.5,0.766,,,,129499,3100,Bristle worm unidentified,Polychaeta,2,Slight,,,1,0.142,,
"4T Southern Gulf of St. Lawrence Ecosystem Trawl Survey (RV Survey, Needler)",glf4t2004,2004,102,,,S. L.,2004-12-05,2004,48758,SL48758,41,Witch flounder,Glyptocephalus cynoglossus,29.5,0.766,,,,129500,9000,Digested remains unidentified,"Unid remains,digested",4,Advanced,,,1,0.624,,
"4T Southern Gulf of St. Lawrence Ecosystem Trawl Survey (RV Survey, Needler)",glf4t2004,2004,102,,,S. L.,2004-12-05,2004,48759,SL48759,41,Witch flounder,Glyptocephalus cynoglossus,28.7,0.661,,,,129501,3100,Bristle worm unidentified,Polychaeta,3,Intermediate,,,1,0.036,,
"4T Southern Gulf of St. Lawrence Ecosystem Trawl Survey (RV Survey, Needler)",glf4t2004,2004,102,,,S. L.,2004-12-05,2004,48759,SL48759,41,Witch flounder,Glyptocephalus cynoglossus,28.7,0.661,,,,129502,9000,Digested remains unidentified,"Unid remains,digested",4,Advanced,,,1,0.625,,
"4T Southern Gulf of St. Lawrence Ecosystem Trawl Survey (RV Survey, Needler)",glf4t2004,2004,102,,,S. L.,2004-12-05,2004,48760,SL48760,41,Witch flounder,Glyptocephalus cynoglossus,27.3,1.258,,,,129503,3100,Bristle worm unidentified,Polychaeta,3,Intermediate,,,1,0.262,,
"4T Southern Gulf of St. Lawrence Ecosystem Trawl Survey (RV Survey, Needler)",glf4t2004,2004,102,,,S. L.,2004-12-05,2004,48760,SL48760,41,Witch flounder,Glyptocephalus cynoglossus,27.3,1.258,,,,129504,2811,Gammaridae unidentified,Gammaridae,3,Intermediate,,,1,0.01,,
"4T Southern Gulf of St. Lawrence Ecosystem Trawl Survey (RV Survey, Needler)",glf4t2004,2004,102,,,S. L.,2004-12-05,2004,48760,SL48760,41,Witch flounder,Glyptocephalus cynoglossus,27.3,1.258,,,,129505,9000,Digested remains unidentified,"Unid remains,digested",4,Advanced,,,1,0.986,,
"4T Southern Gulf of St. Lawrence Ecosystem Trawl Survey (RV Survey, Needler)",glf4t2004,2004,102,,,S. L.,2004-12-05,2004,48761,SL48761,41,Witch flounder,Glyptocephalus cynoglossus,34.4,1.414,,,,129506,2811,Gammaridae unidentified,Gammaridae,3,Intermediate,,,1,0.444,,
"4T Southern Gulf of St. Lawrence Ecosystem Trawl Survey (RV Survey, Needler)",glf4t2004,2004,102,,,S. L.,2004-12-05,2004,48761,SL48761,41,Witch flounder,Glyptocephalus cynoglossus,34.4,1.414,,,,129507,3100,Bristle worm unidentified,Polychaeta,3,Intermediate,,,1,0.028,,
"4T Southern Gulf of St. Lawrence Ecosystem Trawl Survey (RV Survey, Needler)",glf4t2004,2004,102,,,S. L.,2004-12-05,2004,48761,SL48761,41,Witch flounder,Glyptocephalus cynoglossus,34.4,1.414,,,,129508,9000,Digested remains unidentified,"Unid remains,digested",4,Advanced,,,1,0.928,,
"4T Southern Gulf of St. Lawrence Ecosystem Trawl Survey (RV Survey, Needler)",glf4t2004,2004,102,,,S. L.,2004-12-05,2004,48761,SL48761,41,Witch flounder,Glyptocephalus cynoglossus,34.4,1.414,,,,129509,4300,Bivalve unidentified,Bivalvia,3,Intermediate,,,1,0.014,,
"4T Southern Gulf of St. Lawrence Ecosystem Trawl Survey (RV Survey, Needler)",glf4t2004,2004,102,,,S. L.,2004-12-05,2004,48762,SL48762,41,Witch flounder,Glyptocephalus cynoglossus,26.5,1.375,,,,129510,2811,Gammaridae unidentified,Gammaridae,3,Intermediate,,,1,0.185,,
"4T Southern Gulf of St. Lawrence Ecosystem Trawl Survey (RV Survey, Needler)",glf4t2004,2004,102,,,S. L.,2004-12-05,2004,48762,SL48762,41,Witch flounder,Glyptocephalus cynoglossus,26.5,1.375,,,,129511,3100,Bristle worm unidentified,Polychaeta,3,Intermediate,,,1,0.15,,
"4T Southern Gulf of St. Lawrence Ecosystem Trawl Survey (RV Survey, Needler)",glf4t2004,2004,102,,,S. L.,2004-12-05,2004,48762,SL48762,41,Witch flounder,Glyptocephalus cynoglossus,26.5,1.375,,,,129512,9000,Digested remains unidentified,"Unid remains,digested",4,Advanced,,,1,1.04,,
"4T Southern Gulf of St. Lawrence Ecosystem Trawl Survey (RV Survey, Needler)",glf4t2004,2004,102,,,S. L.,2005-04-01,2005,48763,SL48763,64,Capelin,Mallotus villosus,14.2,0.015,,,,129513,2906,Hyperiidae unidentified,Hyperiidae,3,Intermediate,,,1,0.001,,
"4T Southern Gulf of St. Lawrence Ecosystem Trawl Survey (RV Survey, Needler)",glf4t2004,2004,102,,,S. L.,2005-04-01,2005,48763,SL48763,64,Capelin,Mallotus villosus,14.2,0.015,,,,129514,2000,Crustacean unidentified,Crustacea,4,Advanced,,,1,0.014,,
"4T Southern Gulf of St. Lawrence Ecosystem Trawl Survey (RV Survey, Needler)",glf4t2004,2004,102,,,S. L.,2005-02-21,2005,48764,SL48764,114,Fourbeard rockling,Enchelyopus cimbrius,19.0,0.615,,,,129515,2811,Gammaridae unidentified,Gammaridae,2,Slight,,,1,0.601,,
"4T Southern Gulf of St. Lawrence Ecosystem Trawl Survey (RV Survey, Needler)",glf4t2004,2004,102,,,S. L.,2005-02-21,2005,48764,SL48764,114,Fourbeard rockling,Enchelyopus cimbrius,19.0,0.615,,,,129516,3100,Bristle worm unidentified,Polychaeta,2,Slight,,,1,0.014,,
"4T Southern Gulf of St. Lawrence Ecosystem Trawl Survey (RV Survey, Needler)",glf4t2004,2004,102,,,S. L.,2005-02-21,2005,48765,SL48765,114,Fourbeard rockling,Enchelyopus cimbrius,19.0,0.129,,,,129517,2800,Amphipod unidentified,Amphipoda,4,Advanced,,,1,0.128,,
"4T Southern Gulf of St. Lawrence Ecosystem Trawl Survey (RV Survey, Needler)",glf4t2004,2004,102,,,S. L.,2005-02-21,2005,48765,SL48765,114,Fourbeard rockling,Enchelyopus cimbrius,19.0,0.129,,,,129518,9405,Land insects,Insecta (c.),2,Slight,,,1,0.001,,
"4T Southern Gulf of St. Lawrence Ecosystem Trawl Survey (RV Survey, Needler)",glf4t2004,2004,102,,,S. L.,2005-02-22,2005,48766,SL48766,201,Thorny skate,Amblyraja radiata,57.0,14.295,,,,129519,2211,Northern shrimp,Pandalus borealis,2,Slight,,,1,10.503,,
"4T Southern Gulf of St. Lawrence Ecosystem Trawl Survey (RV Survey, Needler)",glf4t2004,2004,102,,,S. L.,2005-02-22,2005,48766,SL48766,201,Thorny skate,Amblyraja radiata,57.0,14.295,,,,129520,2211,Northern shrimp,Pandalus borealis,3,Intermediate,,,1,2.802,,
"4T Southern Gulf of St. Lawrence Ecosystem Trawl Survey (RV Survey, Needler)",glf4t2004,2004,102,,,S. L.,2005-02-22,2005,48766,SL48766,201,Thorny skate,Amblyraja radiata,57.0,14.295,,,,129521,7600,Trematoda unidentified,Trematoda,1,Undigested/freshly eaten,,,1,0.99,,
"4T Southern Gulf of St. Lawrence Ecosystem Trawl Survey (RV Survey, Needler)",glf4t2004,2004,102,,,S. L.,2005-02-22,2005,48767,SL48767,201,Thorny skate,Amblyraja radiata,27.2,7.875,,,,129522,2221,Pink glass shrimp,Pasiphaea multidentata,2,Slight,,,1,5.17,,
"4T Southern Gulf of St. Lawrence Ecosystem Trawl Survey (RV Survey, Needler)",glf4t2004,2004,102,,,S. L.,2005-02-22,2005,48767,SL48767,201,Thorny skate,Amblyraja radiata,27.2,7.875,,,,129523,2906,Hyperiidae unidentified,Hyperiidae,2,Slight,,,1,0.705,,
"4T Southern Gulf of St. Lawrence Ecosystem Trawl Survey (RV Survey, Needler)",glf4t2004,2004,102,,,S. L.,2005-02-22,2005,48767,SL48767,201,Thorny skate,Amblyraja radiata,27.2,7.875,,,,129524,2811,Gammaridae unidentified,Gammaridae,3,Intermediate,,,1,1.494,,
"4T Southern Gulf of St. Lawrence Ecosystem Trawl Survey (RV Survey, Needler)",glf4t2004,2004,102,,,S. L.,2005-02-22,2005,48767,SL48767,201,Thorny skate,Amblyraja radiata,27.2,7.875,,,,129525,2800,Amphipod unidentified,Amphipoda,4,Advanced,,,1,0.463,,
"4T Southern Gulf of St. Lawrence Ecosystem Trawl Survey (RV Survey, Needler)",glf4t2004,2004,102,,,S. L.,2005-02-22,2005,48767,SL48767,201,Thorny skate,Amblyraja radiata,27.2,7.875,,,,129526,7100,Round worm unidentified,Nematoda,1,Undigested/freshly eaten,,,1,0.043,,
"4T Southern Gulf of St. Lawrence Ecosystem Trawl Survey (RV Survey, Needler)",glf4t2004,2004,102,,,S. L.,2005-02-22,2005,48768,SL48768,201,Thorny skate,Amblyraja radiata,16.4,0.634,,,,129527,2700,Mysid shrimp,Mysidacea (o.),3,Intermediate,,,1,0.062,,
"4T Southern Gulf of St. Lawrence Ecosystem Trawl Survey (RV Survey, Needler)",glf4t2004,2004,102,,,S. L.,2005-02-22,2005,48768,SL48768,201,Thorny skate,Amblyraja radiata,16.4,0.634,,,,129528,2902,Copepods - 3 mm or less,Copepoda (s.c) - Small,2,Slight,,,1,0.037,,
"4T Southern Gulf of St. Lawrence Ecosystem Trawl Survey (RV Survey, Needler)",glf4t2004,2004,102,,,S. L.,2005-02-22,2005,48768,SL48768,201,Thorny skate,Amblyraja radiata,16.4,0.634,,,,129529,2000,Crustacean unidentified,Crustacea,4,Advanced,,,1,0.358,,
"4T Southern Gulf of St. Lawrence Ecosystem Trawl Survey (RV Survey, Needler)",glf4t2004,2004,102,,,S. L.,2005-02-22,2005,48768,SL48768,201,Thorny skate,Amblyraja radiata,16.4,0.634,,,,129530,9000,Digested remains unidentified,"Unid remains,digested",4,Advanced,,,1,0.173,,
"4T Southern Gulf of St. Lawrence Ecosystem Trawl Survey (RV Survey, Needler)",glf4t2004,2004,102,,,S. L.,2005-02-22,2005,48768,SL48768,201,Thorny skate,Amblyraja radiata,16.4,0.634,,,,129531,2971,Diastylis sp.,Diastylis,3,Intermediate,,,1,0.004,,
"4T Southern Gulf of St. Lawrence Ecosystem Trawl Survey (RV Survey, Needler)",glf4t2004,2004,102,,,S. L.,2005-02-22,2005,48769,SL48769,201,Thorny skate,Amblyraja radiata,15.4,0.709,,,,129532,3100,Bristle worm unidentified,Polychaeta,3,Intermediate,,,1,0.164,,
"4T Southern Gulf of St. Lawrence Ecosystem Trawl Survey (RV Survey, Needler)",glf4t2004,2004,102,,,S. L.,2005-02-22,2005,48769,SL48769,201,Thorny skate,Amblyraja radiata,15.4,0.709,,,,129533,2811,Gammaridae unidentified,Gammaridae,2,Slight,,,1,0.064,,
"4T Southern Gulf of St. Lawrence Ecosystem Trawl Survey (RV Survey, Needler)",glf4t2004,2004,102,,,S. L.,2005-02-22,2005,48769,SL48769,201,Thorny skate,Amblyraja radiata,15.4,0.709,,,,129534,2902,Copepods - 3 mm or less,Copepoda (s.c) - Small,2,Slight,,,1,0.067,,
"4T Southern Gulf of St. Lawrence Ecosystem Trawl Survey (RV Survey, Needler)",glf4t2004,2004,102,,,S. L.,2005-02-22,2005,48769,SL48769,201,Thorny skate,Amblyraja radiata,15.4,0.709,,,,129535,2700,Mysid shrimp,Mysidacea (o.),3,Intermediate,,,1,0.005,,
"4T Southern Gulf of St. Lawrence Ecosystem Trawl Survey (RV Survey, Needler)",glf4t2004,2004,102,,,S. L.,2005-02-22,2005,48769,SL48769,201,Thorny skate,Amblyraja radiata,15.4,0.709,,,,129536,2000,Crustacean unidentified,Crustacea,4,Advanced,,,1,0.095,,
"4T Southern Gulf of St. Lawrence Ecosystem Trawl Survey (RV Survey, Needler)",glf4t2004,2004,102,,,S. L.,2005-02-22,2005,48769,SL48769,201,Thorny skate,Amblyraja radiata,15.4,0.709,,,,129537,9000,Digested remains unidentified,"Unid remains,digested",4,Advanced,,,1,0.314,,
"4T Southern Gulf of St. Lawrence Ecosystem Trawl Survey (RV Survey, Needler)",glf4t2004,2004,102,,,S. L.,2005-02-22,2005,48770,SL48770,202,Smooth skate,Malacoraja senta,27.5,1.737,,,,129538,2811,Gammaridae unidentified,Gammaridae,3,Intermediate,,,1,1.412,,
"4T Southern Gulf of St. Lawrence Ecosystem Trawl Survey (RV Survey, Needler)",glf4t2004,2004,102,,,S. L.,2005-02-22,2005,48770,SL48770,202,Smooth skate,Malacoraja senta,27.5,1.737,,,,129539,2906,Hyperiidae unidentified,Hyperiidae,3,Intermediate,,,1,0.084,,
"4T Southern Gulf of St. Lawrence Ecosystem Trawl Survey (RV Survey, Needler)",glf4t2004,2004,102,,,S. L.,2005-02-22,2005,48770,SL48770,202,Smooth skate,Malacoraja senta,27.5,1.737,,,,129540,2902,Copepods - 3 mm or less,Copepoda (s.c) - Small,2,Slight,,,1,0.038,,
"4T Southern Gulf of St. Lawrence Ecosystem Trawl Survey (RV Survey, Needler)",glf4t2004,2004,102,,,S. L.,2005-02-22,2005,48770,SL48770,202,Smooth skate,Malacoraja senta,27.5,1.737,,,,129541,2212,Aesop shrimp,Pandalus montagui,2,Slight,,,1,0.013,,
"4T Southern Gulf of St. Lawrence Ecosystem Trawl Survey (RV Survey, Needler)",glf4t2004,2004,102,,,S. L.,2005-02-22,2005,48770,SL48770,202,Smooth skate,Malacoraja senta,27.5,1.737,,,,129542,2000,Crustacean unidentified,Crustacea,4,Advanced,,,1,0.19,,
"4T Southern Gulf of St. Lawrence Ecosystem Trawl Survey (RV Survey, Needler)",glf4t2004,2004,102,,,S. L.,2005-03-30,2005,48771,SL48771,241,Mud Hagfish,Myxine limosa,39.0,1.035,,,,129543,90,Fish unidentified,"Unid. fish (larvae,juvenile and adults)",4,Advanced,,,1,0.616,,
"4T Southern Gulf of St. Lawrence Ecosystem Trawl Survey (RV Survey, Needler)",glf4t2004,2004,102,,,S. L.,2005-03-30,2005,48771,SL48771,241,Mud Hagfish,Myxine limosa,39.0,1.035,,,,129544,2100,Decapod unidentified,Decapoda,,,,,1,0.06,,
"4T Southern Gulf of St. Lawrence Ecosystem Trawl Survey (RV Survey, Needler)",glf4t2004,2004,102,,,S. L.,2005-03-30,2005,48771,SL48771,241,Mud Hagfish,Myxine limosa,39.0,1.035,,,,129545,9000,Digested remains unidentified,"Unid remains,digested",4,Advanced,,,1,0.03,,
"4T Southern Gulf of St. Lawrence Ecosystem Trawl Survey (RV Survey, Needler)",glf4t2004,2004,102,,,S. L.,2005-03-30,2005,48771,SL48771,241,Mud Hagfish,Myxine limosa,39.0,1.035,,,,129546,90,Fish unidentified,"Unid. fish (larvae,juvenile and adults)",2,Slight,,,1,0.329,,
"4T Southern Gulf of St. Lawrence Ecosystem Trawl Survey (RV Survey, Needler)",glf4t2004,2004,102,,,S. L.,2005-02-22,2005,48772,SL48772,647,Vahl's eelpout,Lycodes vahlii,30.6,0.37,,,,129547,2811,Gammaridae unidentified,Gammaridae,2,Slight,,,1,0.001,,
"4T Southern Gulf of St. Lawrence Ecosystem Trawl Survey (RV Survey, Needler)",glf4t2004,2004,102,,,S. L.,2005-02-22,2005,48772,SL48772,647,Vahl's eelpout,Lycodes vahlii,30.6,0.37,,,,129548,3100,Bristle worm unidentified,Polychaeta,2,Slight,,,1,0.369,,
"4T Southern Gulf of St. Lawrence Ecosystem Trawl Survey (RV Survey, Needler)",glf4t2004,2004,102,,,S. L.,2005-02-22,2005,48773,SL48773,647,Vahl's eelpout,Lycodes vahlii,31.7,0.307,,,,129549,4300,Bivalve unidentified,Bivalvia,2,Slight,,,1,0.007,,
"4T Southern Gulf of St. Lawrence Ecosystem Trawl Survey (RV Survey, Needler)",glf4t2004,2004,102,,,S. L.,2005-02-22,2005,48773,SL48773,647,Vahl's eelpout,Lycodes vahlii,31.7,0.307,,,,129550,9300,Seaweed/Algae/Kelp unidentified,Obsolete,2,Slight,,,1,0.009,,
"4T Southern Gulf of St. Lawrence Ecosystem Trawl Survey (RV Survey, Needler)",glf4t2004,2004,102,,,S. L.,2005-02-22,2005,48773,SL48773,647,Vahl's eelpout,Lycodes vahlii,31.7,0.307,,,,129551,3100,Bristle worm unidentified,Polychaeta,3,Intermediate,,,1,0.291,,
"4T Southern Gulf of St. Lawrence Ecosystem Trawl Survey (RV Survey, Needler)",glf4t2004,2004,103,,,S. L.,2004-12-05,2004,48774,SL48774,31,Greenland halibut,Reinhardtius hippoglossoides,26.1,1.742,,,,129552,2906,Hyperiidae unidentified,Hyperiidae,3,Intermediate,,,1,0.678,,
"4T Southern Gulf of St. Lawrence Ecosystem Trawl Survey (RV Survey, Needler)",glf4t2004,2004,103,,,S. L.,2004-12-05,2004,48774,SL48774,31,Greenland halibut,Reinhardtius hippoglossoides,26.1,1.742,,,,129553,2000,Crustacean unidentified,Crustacea,4,Advanced,,,1,1.064,,
"4T Southern Gulf of St. Lawrence Ecosystem Trawl Survey (RV Survey, Needler)",glf4t2004,2004,103,,,S. L.,2004-12-05,2004,48775,SL48775,31,Greenland halibut,Reinhardtius hippoglossoides,43.0,6.317,,,,129554,2212,Aesop shrimp,Pandalus montagui,3,Intermediate,,,1,2.184,,
"4T Southern Gulf of St. Lawrence Ecosystem Trawl Survey (RV Survey, Needler)",glf4t2004,2004,103,,,S. L.,2004-12-05,2004,48775,SL48775,31,Greenland halibut,Reinhardtius hippoglossoides,43.0,6.317,,,,129555,2906,Hyperiidae unidentified,Hyperiidae,3,Intermediate,,,1,0.384,,
"4T Southern Gulf of St. Lawrence Ecosystem Trawl Survey (RV Survey, Needler)",glf4t2004,2004,103,,,S. L.,2004-12-05,2004,48775,SL48775,31,Greenland halibut,Reinhardtius hippoglossoides,43.0,6.317,,,,129556,2100,Decapod unidentified,Decapoda,4,Advanced,,,1,3.749,,
"4T Southern Gulf of St. Lawrence Ecosystem Trawl Survey (RV Survey, Needler)",glf4t2004,2004,103,,,S. L.,2004-12-05,2004,48776,SL48776,31,Greenland halibut,Reinhardtius hippoglossoides,44.0,18.507,,,,129557,2906,Hyperiidae unidentified,Hyperiidae,3,Intermediate,,,1,3.074,,
"4T Southern Gulf of St. Lawrence Ecosystem Trawl Survey (RV Survey, Needler)",glf4t2004,2004,103,,,S. L.,2004-12-05,2004,48776,SL48776,31,Greenland halibut,Reinhardtius hippoglossoides,44.0,18.507,,,,129558,2000,Crustacean unidentified,Crustacea,4,Advanced,,,1,0.144,,
"4T Southern Gulf of St. Lawrence Ecosystem Trawl Survey (RV Survey, Needler)",glf4t2004,2004,103,,,S. L.,2004-12-05,2004,48776,SL48776,31,Greenland halibut,Reinhardtius hippoglossoides,44.0,18.507,,,,129559,9000,Digested remains unidentified,"Unid remains,digested",4,Advanced,,,1,1.75,,
"4T Southern Gulf of St. Lawrence Ecosystem Trawl Survey (RV Survey, Needler)",glf4t2004,2004,103,,,S. L.,2004-12-05,2004,48776,SL48776,31,Greenland halibut,Reinhardtius hippoglossoides,44.0,18.507,,,,129560,90,Fish unidentified,"Unid. fish (larvae,juvenile and adults)",4,Advanced,,,1,2.0,,
"4T Southern Gulf of St. Lawrence Ecosystem Trawl Survey (RV Survey, Needler)",glf4t2004,2004,103,,,S. L.,2004-12-05,2004,48776,SL48776,31,Greenland halibut,Reinhardtius hippoglossoides,44.0,18.507,,,,129561,18,Gadiformes unidentified,Gadiformes,3,Intermediate,133.0,,1,11.539,,
"4T Southern Gulf of St. Lawrence Ecosystem Trawl Survey (RV Survey, Needler)",glf4t2004,2004,103,,,S. L.,2004-12-04,2004,48777,SL48777,40,American plaice,Hippoglossoides platessoides,21.0,2.288,,,,129562,2906,Hyperiidae unidentified,Hyperiidae,2,Slight,,,1,2.132,,
"4T Southern Gulf of St. Lawrence Ecosystem Trawl Survey (RV Survey, Needler)",glf4t2004,2004,103,,,S. L.,2004-12-04,2004,48777,SL48777,40,American plaice,Hippoglossoides platessoides,21.0,2.288,,,,129563,2600,Krill,Euphausiacea,3,Intermediate,,,1,0.156,,
"4T Southern Gulf of St. Lawrence Ecosystem Trawl Survey (RV Survey, Needler)",glf4t2004,2004,103,,,S. L.,2005-02-21,2005,48778,SL48778,114,Fourbeard rockling,Enchelyopus cimbrius,21.0,1.735,,,,129564,2331,Greenland shrimp,Eualus macilentus,2,Slight,,,1,0.913,,
"4T Southern Gulf of St. Lawrence Ecosystem Trawl Survey (RV Survey, Needler)",glf4t2004,2004,103,,,S. L.,2005-02-21,2005,48778,SL48778,114,Fourbeard rockling,Enchelyopus cimbrius,21.0,1.735,,,,129565,2906,Hyperiidae unidentified,Hyperiidae,3,Intermediate,,,1,0.097,,
"4T Southern Gulf of St. Lawrence Ecosystem Trawl Survey (RV Survey, Needler)",glf4t2004,2004,103,,,S. L.,2005-02-21,2005,48778,SL48778,114,Fourbeard rockling,Enchelyopus cimbrius,21.0,1.735,,,,129566,2811,Gammaridae unidentified,Gammaridae,2,Slight,,,1,0.262,,
"4T Southern Gulf of St. Lawrence Ecosystem Trawl Survey (RV Survey, Needler)",glf4t2004,2004,103,,,S. L.,2005-02-21,2005,48778,SL48778,114,Fourbeard rockling,Enchelyopus cimbrius,21.0,1.735,,,,129567,2700,Mysid shrimp,Mysidacea (o.),3,Intermediate,,,1,0.081,,
"4T Southern Gulf of St. Lawrence Ecosystem Trawl Survey (RV Survey, Needler)",glf4t2004,2004,103,,,S. L.,2005-02-21,2005,48778,SL48778,114,Fourbeard rockling,Enchelyopus cimbrius,21.0,1.735,,,,129568,2600,Krill,Euphausiacea,3,Intermediate,,,1,0.316,,
"4T Southern Gulf of St. Lawrence Ecosystem Trawl Survey (RV Survey, Needler)",glf4t2004,2004,103,,,S. L.,2005-02-21,2005,48778,SL48778,114,Fourbeard rockling,Enchelyopus cimbrius,21.0,1.735,,,,129569,9000,Digested remains unidentified,"Unid remains,digested",4,Advanced,,,1,0.066,,
"4T Southern Gulf of St. Lawrence Ecosystem Trawl Survey (RV Survey, Needler)",glf4t2004,2004,103,,,S. L.,2005-02-21,2005,48779,SL48779,114,Fourbeard rockling,Enchelyopus cimbrius,10.1,0.046,,,,129570,2811,Gammaridae unidentified,Gammaridae,2,Slight,,,1,0.005,,
"4T Southern Gulf of St. Lawrence Ecosystem Trawl Survey (RV Survey, Needler)",glf4t2004,2004,103,,,S. L.,2005-02-21,2005,48779,SL48779,114,Fourbeard rockling,Enchelyopus cimbrius,10.1,0.046,,,,129571,2940,Tanaidae f.,Tanaidae f.,2,Slight,,,1,0.035,,
"4T Southern Gulf of St. Lawrence Ecosystem Trawl Survey (RV Survey, Needler)",glf4t2004,2004,103,,,S. L.,2005-02-21,2005,48779,SL48779,114,Fourbeard rockling,Enchelyopus cimbrius,10.1,0.046,,,,129572,2902,Copepods - 3 mm or less,Copepoda (s.c) - Small,2,Slight,,,1,0.001,,
"4T Southern Gulf of St. Lawrence Ecosystem Trawl Survey (RV Survey, Needler)",glf4t2004,2004,103,,,S. L.,2005-02-21,2005,48779,SL48779,114,Fourbeard rockling,Enchelyopus cimbrius,10.1,0.046,,,,129573,3100,Bristle worm unidentified,Polychaeta,3,Intermediate,,,1,0.002,,
"4T Southern Gulf of St. Lawrence Ecosystem Trawl Survey (RV Survey, Needler)",glf4t2004,2004,103,,,S. L.,2005-02-21,2005,48779,SL48779,114,Fourbeard rockling,Enchelyopus cimbrius,10.1,0.046,,,,129574,2980,Isopoda unidentified,Isopoda,2,Slight,,,1,0.003,,
"4T Southern Gulf of St. Lawrence Ecosystem Trawl Survey (RV Survey, Needler)",glf4t2004,2004,103,,,S. L.,2005-02-22,2005,48780,SL48780,201,Thorny skate,Amblyraja radiata,19.4,1.004,,,,129575,2600,Krill,Euphausiacea,3,Intermediate,,,1,0.369,,
"4T Southern Gulf of St. Lawrence Ecosystem Trawl Survey (RV Survey, Needler)",glf4t2004,2004,103,,,S. L.,2005-02-22,2005,48780,SL48780,201,Thorny skate,Amblyraja radiata,19.4,1.004,,,,129576,2000,Crustacean unidentified,Crustacea,4,Advanced,,,1,0.398,,
"4T Southern Gulf of St. Lawrence Ecosystem Trawl Survey (RV Survey, Needler)",glf4t2004,2004,103,,,S. L.,2005-02-22,2005,48780,SL48780,201,Thorny skate,Amblyraja radiata,19.4,1.004,,,,129577,2906,Hyperiidae unidentified,Hyperiidae,4,Advanced,,,1,0.096,,
"4T Southern Gulf of St. Lawrence Ecosystem Trawl Survey (RV Survey, Needler)",glf4t2004,2004,103,,,S. L.,2005-02-22,2005,48780,SL48780,201,Thorny skate,Amblyraja radiata,19.4,1.004,,,,129578,1305,Invertebrate eggs other,Eggs - Invertebrate,2,Slight,,,1,0.025,,
"4T Southern Gulf of St. Lawrence Ecosystem Trawl Survey (RV Survey, Needler)",glf4t2004,2004,103,,,S. L.,2005-02-22,2005,48780,SL48780,201,Thorny skate,Amblyraja radiata,19.4,1.004,,,,129579,2811,Gammaridae unidentified,Gammaridae,2,Slight,,,1,0.104,,
"4T Southern Gulf of St. Lawrence Ecosystem Trawl Survey (RV Survey, Needler)",glf4t2004,2004,103,,,S. L.,2005-02-22,2005,48780,SL48780,201,Thorny skate,Amblyraja radiata,19.4,1.004,,,,129580,2902,Copepods - 3 mm or less,Copepoda (s.c) - Small,2,Slight,,,1,0.012,,
"4T Southern Gulf of St. Lawrence Ecosystem Trawl Survey (RV Survey, Needler)",glf4t2004,2004,103,,,S. L.,2005-02-22,2005,48781,SL48781,201,Thorny skate,Amblyraja radiata,16.4,1.415,,,,129581,2906,Hyperiidae unidentified,Hyperiidae,2,Slight,,,1,0.176,,
"4T Southern Gulf of St. Lawrence Ecosystem Trawl Survey (RV Survey, Needler)",glf4t2004,2004,103,,,S. L.,2005-02-22,2005,48781,SL48781,201,Thorny skate,Amblyraja radiata,16.4,1.415,,,,129582,2700,Mysid shrimp,Mysidacea (o.),2,Slight,,,1,0.022,,
"4T Southern Gulf of St. Lawrence Ecosystem Trawl Survey (RV Survey, Needler)",glf4t2004,2004,103,,,S. L.,2005-02-22,2005,48781,SL48781,201,Thorny skate,Amblyraja radiata,16.4,1.415,,,,129583,2600,Krill,Euphausiacea,3,Intermediate,,,1,0.437,,
"4T Southern Gulf of St. Lawrence Ecosystem Trawl Survey (RV Survey, Needler)",glf4t2004,2004,103,,,S. L.,2005-02-22,2005,48781,SL48781,201,Thorny skate,Amblyraja radiata,16.4,1.415,,,,129584,2910,Calanus sp.,Calanus sp.,2,Slight,,,1,0.008,,
"4T Southern Gulf of St. Lawrence Ecosystem Trawl Survey (RV Survey, Needler)",glf4t2004,2004,103,,,S. L.,2005-02-22,2005,48781,SL48781,201,Thorny skate,Amblyraja radiata,16.4,1.415,,,,129585,2902,Copepods - 3 mm or less,Copepoda (s.c) - Small,2,Slight,,,1,0.013,,
"4T Southern Gulf of St. Lawrence Ecosystem Trawl Survey (RV Survey, Needler)",glf4t2004,2004,103,,,S. L.,2005-02-22,2005,48781,SL48781,201,Thorny skate,Amblyraja radiata,16.4,1.415,,,,129586,1305,Invertebrate eggs other,Eggs - Invertebrate,,,,,1,0.016,,
"4T Southern Gulf of St. Lawrence Ecosystem Trawl Survey (RV Survey, Needler)",glf4t2004,2004,103,,,S. L.,2005-02-22,2005,48781,SL48781,201,Thorny skate,Amblyraja radiata,16.4,1.415,,,,129587,2000,Crustacean unidentified,Crustacea,4,Advanced,,,1,0.638,,
"4T Southern Gulf of St. Lawrence Ecosystem Trawl Survey (RV Survey, Needler)",glf4t2004,2004,103,,,S. L.,2005-02-22,2005,48781,SL48781,201,Thorny skate,Amblyraja radiata,16.4,1.415,,,,129588,2811,Gammaridae unidentified,Gammaridae,3,Intermediate,,,1,0.105,,
"4T Southern Gulf of St. Lawrence Ecosystem Trawl Survey (RV Survey, Needler)",glf4t2004,2004,103,,,S. L.,2005-02-21,2005,48782,SL48782,350,Atlantic poacher,Leptagonus decagonus,19.0,0.417,,,,129589,2902,Copepods - 3 mm or less,Copepoda (s.c) - Small,2,Slight,,,1,0.293,,
"4T Southern Gulf of St. Lawrence Ecosystem Trawl Survey (RV Survey, Needler)",glf4t2004,2004,103,,,S. L.,2005-02-21,2005,48782,SL48782,350,Atlantic poacher,Leptagonus decagonus,19.0,0.417,,,,129590,2700,Mysid shrimp,Mysidacea (o.),3,Intermediate,,,1,0.088,,
"4T Southern Gulf of St. Lawrence Ecosystem Trawl Survey (RV Survey, Needler)",glf4t2004,2004,103,,,S. L.,2005-02-21,2005,48782,SL48782,350,Atlantic poacher,Leptagonus decagonus,19.0,0.417,,,,129591,2811,Gammaridae unidentified,Gammaridae,2,Slight,,,1,0.036,,
"4T Southern Gulf of St. Lawrence Ecosystem Trawl Survey (RV Survey, Needler)",glf4t2004,2004,103,,,S. L.,2005-02-22,2005,48783,SL48783,622,Snakeblenny,Lumpenus lampretaeformis,34.3,0.19,,,,129592,7100,Round worm unidentified,Nematoda,1,Undigested/freshly eaten,,,1,0.001,,
"4T Southern Gulf of St. Lawrence Ecosystem Trawl Survey (RV Survey, Needler)",glf4t2004,2004,103,,,S. L.,2005-02-22,2005,48783,SL48783,622,Snakeblenny,Lumpenus lampretaeformis,34.3,0.19,,,,129593,4300,Bivalve unidentified,Bivalvia,3,Intermediate,,,1,0.004,,
"4T Southern Gulf of St. Lawrence Ecosystem Trawl Survey (RV Survey, Needler)",glf4t2004,2004,103,,,S. L.,2005-02-22,2005,48783,SL48783,622,Snakeblenny,Lumpenus lampretaeformis,34.3,0.19,,,,129594,2811,Gammaridae unidentified,Gammaridae,2,Slight,,,1,0.001,,
"4T Southern Gulf of St. Lawrence Ecosystem Trawl Survey (RV Survey, Needler)",glf4t2004,2004,103,,,S. L.,2005-02-22,2005,48783,SL48783,622,Snakeblenny,Lumpenus lampretaeformis,34.3,0.19,,,,129595,2971,Diastylis sp.,Diastylis,3,Intermediate,,,1,0.001,,
"4T Southern Gulf of St. Lawrence Ecosystem Trawl Survey (RV Survey, Needler)",glf4t2004,2004,103,,,S. L.,2005-02-22,2005,48783,SL48783,622,Snakeblenny,Lumpenus lampretaeformis,34.3,0.19,,,,129596,3100,Bristle worm unidentified,Polychaeta,3,Intermediate,,,1,0.183,,
"4T Southern Gulf of St. Lawrence Ecosystem Trawl Survey (RV Survey, Needler)",glf4t2004,2004,103,,,S. L.,2005-02-22,2005,48784,SL48784,622,Snakeblenny,Lumpenus lampretaeformis,32.3,0.129,,,,129597,4300,Bivalve unidentified,Bivalvia,2,Slight,,,1,0.007,,
"4T Southern Gulf of St. Lawrence Ecosystem Trawl Survey (RV Survey, Needler)",glf4t2004,2004,103,,,S. L.,2005-02-22,2005,48784,SL48784,622,Snakeblenny,Lumpenus lampretaeformis,32.3,0.129,,,,129598,3100,Bristle worm unidentified,Polychaeta,3,Intermediate,,,1,0.122,,
"4T Southern Gulf of St. Lawrence Ecosystem Trawl Survey (RV Survey, Needler)",glf4t2004,2004,103,,,S. L.,2005-02-22,2005,48785,SL48785,622,Snakeblenny,Lumpenus lampretaeformis,35.1,0.151,,,,129599,4300,Bivalve unidentified,Bivalvia,2,Slight,,,1,0.001,,
"4T Southern Gulf of St. Lawrence Ecosystem Trawl Survey (RV Survey, Needler)",glf4t2004,2004,103,,,S. L.,2005-02-22,2005,48785,SL48785,622,Snakeblenny,Lumpenus lampretaeformis,35.1,0.151,,,,129600,3100,Bristle worm unidentified,Polychaeta,3,Intermediate,,,1,0.15,,
"4T Southern Gulf of St. Lawrence Ecosystem Trawl Survey (RV Survey, Needler)",glf4t2004,2004,103,,,S. L.,2005-02-22,2005,48786,SL48786,622,Snakeblenny,Lumpenus lampretaeformis,32.0,0.2,,,,129601,7100,Round worm unidentified,Nematoda,1,Undigested/freshly eaten,,,1,0.001,,
"4T Southern Gulf of St. Lawrence Ecosystem Trawl Survey (RV Survey, Needler)",glf4t2004,2004,103,,,S. L.,2005-02-22,2005,48786,SL48786,622,Snakeblenny,Lumpenus lampretaeformis,32.0,0.2,,,,129602,3100,Bristle worm unidentified,Polychaeta,3,Intermediate,,,1,0.198,,
"4T Southern Gulf of St. Lawrence Ecosystem Trawl Survey (RV Survey, Needler)",glf4t2004,2004,103,,,S. L.,2005-02-22,2005,48786,SL48786,622,Snakeblenny,Lumpenus lampretaeformis,32.0,0.2,,,,129603,4300,Bivalve unidentified,Bivalvia,2,Slight,,,1,0.001,,
"4T Southern Gulf of St. Lawrence Ecosystem Trawl Survey (RV Survey, Needler)",glf4t2004,2004,103,,,S. L.,2005-02-22,2005,48787,SL48787,622,Snakeblenny,Lumpenus lampretaeformis,29.5,0.333,,,,129604,7100,Round worm unidentified,Nematoda,1,Undigested/freshly eaten,,,1,0.001,,
"4T Southern Gulf of St. Lawrence Ecosystem Trawl Survey (RV Survey, Needler)",glf4t2004,2004,103,,,S. L.,2005-02-22,2005,48787,SL48787,622,Snakeblenny,Lumpenus lampretaeformis,29.5,0.333,,,,129605,3100,Bristle worm unidentified,Polychaeta,3,Intermediate,,,1,0.313,,
"4T Southern Gulf of St. Lawrence Ecosystem Trawl Survey (RV Survey, Needler)",glf4t2004,2004,103,,,S. L.,2005-02-22,2005,48787,SL48787,622,Snakeblenny,Lumpenus lampretaeformis,29.5,0.333,,,,129606,2000,Crustacean unidentified,Crustacea,4,Advanced,,,1,0.019,,
"4T Southern Gulf of St. Lawrence Ecosystem Trawl Survey (RV Survey, Needler)",glf4t2004,2004,103,,,S. L.,2005-02-22,2005,48788,SL48788,626,Fourline snakeblenny,Eumesogrammus praecisus,19.7,0.262,,,,129607,3100,Bristle worm unidentified,Polychaeta,3,Intermediate,,,1,0.257,,
"4T Southern Gulf of St. Lawrence Ecosystem Trawl Survey (RV Survey, Needler)",glf4t2004,2004,103,,,S. L.,2005-02-22,2005,48788,SL48788,626,Fourline snakeblenny,Eumesogrammus praecisus,19.7,0.262,,,,129608,2000,Crustacean unidentified,Crustacea,4,Advanced,,,1,0.005,,
"4T Southern Gulf of St. Lawrence Ecosystem Trawl Survey (RV Survey, Needler)",glf4t2004,2004,104,,,S. L.,2004-12-05,2004,48789,SL48789,40,American plaice,Hippoglossoides platessoides,23.8,0.723,,,,129609,2700,Mysid shrimp,Mysidacea (o.),3,Intermediate,,,1,0.173,,
"4T Southern Gulf of St. Lawrence Ecosystem Trawl Survey (RV Survey, Needler)",glf4t2004,2004,104,,,S. L.,2004-12-05,2004,48789,SL48789,40,American plaice,Hippoglossoides platessoides,23.8,0.723,,,,129610,2100,Decapod unidentified,Decapoda,4,Advanced,,,1,0.17,,
"4T Southern Gulf of St. Lawrence Ecosystem Trawl Survey (RV Survey, Needler)",glf4t2004,2004,104,,,S. L.,2004-12-05,2004,48789,SL48789,40,American plaice,Hippoglossoides platessoides,23.8,0.723,,,,129611,90,Fish unidentified,"Unid. fish (larvae,juvenile and adults)",4,Advanced,,,1,0.129,,
"4T Southern Gulf of St. Lawrence Ecosystem Trawl Survey (RV Survey, Needler)",glf4t2004,2004,104,,,S. L.,2004-12-05,2004,48789,SL48789,40,American plaice,Hippoglossoides platessoides,23.8,0.723,,,,129612,9000,Digested remains unidentified,"Unid remains,digested",4,Advanced,,,1,0.231,,
"4T Southern Gulf of St. Lawrence Ecosystem Trawl Survey (RV Survey, Needler)",glf4t2004,2004,104,,,S. L.,2004-12-05,2004,48790,SL48790,40,American plaice,Hippoglossoides platessoides,21.1,0.355,,,,129613,2700,Mysid shrimp,Mysidacea (o.),2,Slight,,,1,0.144,,
"4T Southern Gulf of St. Lawrence Ecosystem Trawl Survey (RV Survey, Needler)",glf4t2004,2004,104,,,S. L.,2004-12-05,2004,48790,SL48790,40,American plaice,Hippoglossoides platessoides,21.1,0.355,,,,129614,2600,Krill,Euphausiacea,3,Intermediate,,,1,0.211,,
"4T Southern Gulf of St. Lawrence Ecosystem Trawl Survey (RV Survey, Needler)",glf4t2004,2004,104,,,J. R.,2005-03-23,2005,48791,JR48791,63,Rainbow smelt,Osmerus mordax,20.5,0.206,,,,129615,2565,Thalassinidae (f.),Thalassinidae (f.),2,Slight,,,1,0.001,,
"4T Southern Gulf of St. Lawrence Ecosystem Trawl Survey (RV Survey, Needler)",glf4t2004,2004,104,,,J. R.,2005-03-23,2005,48791,JR48791,63,Rainbow smelt,Osmerus mordax,20.5,0.206,,,,129616,2600,Krill,Euphausiacea,2,Slight,,,1,0.205,,
"4T Southern Gulf of St. Lawrence Ecosystem Trawl Survey (RV Survey, Needler)",glf4t2004,2004,104,,,J. R.,2005-03-23,2005,48792,JR48792,63,Rainbow smelt,Osmerus mordax,19.0,0.557,,,,129617,2100,Decapod unidentified,Decapoda,,,,,1,0.011,,
"4T Southern Gulf of St. Lawrence Ecosystem Trawl Survey (RV Survey, Needler)",glf4t2004,2004,104,,,J. R.,2005-03-23,2005,48792,JR48792,63,Rainbow smelt,Osmerus mordax,19.0,0.557,,,,129618,2600,Krill,Euphausiacea,2,Slight,,,1,0.121,,
"4T Southern Gulf of St. Lawrence Ecosystem Trawl Survey (RV Survey, Needler)",glf4t2004,2004,104,,,J. R.,2005-03-23,2005,48792,JR48792,63,Rainbow smelt,Osmerus mordax,19.0,0.557,,,,129619,2811,Gammaridae unidentified,Gammaridae,2,Slight,,,1,0.304,,
"4T Southern Gulf of St. Lawrence Ecosystem Trawl Survey (RV Survey, Needler)",glf4t2004,2004,104,,,J. R.,2005-03-23,2005,48792,JR48792,63,Rainbow smelt,Osmerus mordax,19.0,0.557,,,,129620,2900,Copepods,Copepoda,,,,,1,0.001,,
"4T Southern Gulf of St. Lawrence Ecosystem Trawl Survey (RV Survey, Needler)",glf4t2004,2004,104,,,J. R.,2005-03-23,2005,48792,JR48792,63,Rainbow smelt,Osmerus mordax,19.0,0.557,,,,129621,2971,Diastylis sp.,Diastylis,2,Slight,,,1,0.12,,
"4T Southern Gulf of St. Lawrence Ecosystem Trawl Survey (RV Survey, Needler)",glf4t2004,2004,104,,,J. R.,2005-03-23,2005,48793,JR48793,63,Rainbow smelt,Osmerus mordax,18.5,0.141,,,,129622,2600,Krill,Euphausiacea,,,,,1,0.137,,
"4T Southern Gulf of St. Lawrence Ecosystem Trawl Survey (RV Survey, Needler)",glf4t2004,2004,104,,,J. R.,2005-03-23,2005,48793,JR48793,63,Rainbow smelt,Osmerus mordax,18.5,0.141,,,,129623,2900,Copepods,Copepoda,,,,,1,0.004,,
"4T Southern Gulf of St. Lawrence Ecosystem Trawl Survey (RV Survey, Needler)",glf4t2004,2004,104,,,J. R.,2005-03-23,2005,48794,JR48794,63,Rainbow smelt,Osmerus mordax,19.3,0.563,,,,129624,2600,Krill,Euphausiacea,,,,,1,0.433,,
"4T Southern Gulf of St. Lawrence Ecosystem Trawl Survey (RV Survey, Needler)",glf4t2004,2004,104,,,J. R.,2005-03-23,2005,48794,JR48794,63,Rainbow smelt,Osmerus mordax,19.3,0.563,,,,129625,2811,Gammaridae unidentified,Gammaridae,,,,,1,0.103,,
"4T Southern Gulf of St. Lawrence Ecosystem Trawl Survey (RV Survey, Needler)",glf4t2004,2004,104,,,J. R.,2005-03-23,2005,48794,JR48794,63,Rainbow smelt,Osmerus mordax,19.3,0.563,,,,129626,2910,Calanus sp.,Calanus sp.,,,,,1,0.017,,
"4T Southern Gulf of St. Lawrence Ecosystem Trawl Survey (RV Survey, Needler)",glf4t2004,2004,104,,,S. L.,2005-04-01,2005,48795,SL48795,64,Capelin,Mallotus villosus,11.2,0.037,,,,129627,2700,Mysid shrimp,Mysidacea (o.),3,Intermediate,,,1,0.006,,
"4T Southern Gulf of St. Lawrence Ecosystem Trawl Survey (RV Survey, Needler)",glf4t2004,2004,104,,,S. L.,2005-04-01,2005,48795,SL48795,64,Capelin,Mallotus villosus,11.2,0.037,,,,129628,2910,Calanus sp.,Calanus sp.,3,Intermediate,,,1,0.031,,
"4T Southern Gulf of St. Lawrence Ecosystem Trawl Survey (RV Survey, Needler)",glf4t2004,2004,104,,,S. L.,2005-01-19,2005,48796,SL48796,302,Arctic staghorn sculpin,Gymnocanthus tricuspis,20.0,1.539,,,,129629,2600,Krill,Euphausiacea,3,Intermediate,,,1,0.495,,
"4T Southern Gulf of St. Lawrence Ecosystem Trawl Survey (RV Survey, Needler)",glf4t2004,2004,104,,,S. L.,2005-01-19,2005,48796,SL48796,302,Arctic staghorn sculpin,Gymnocanthus tricuspis,20.0,1.539,,,,129630,2000,Crustacean unidentified,Crustacea,4,Advanced,,,1,0.244,,
"4T Southern Gulf of St. Lawrence Ecosystem Trawl Survey (RV Survey, Needler)",glf4t2004,2004,104,,,S. L.,2005-02-23,2005,48797,SL48797,304,Moustache sculpin,Triglops murrayi,13.7,0.461,,,,129631,2700,Mysid shrimp,Mysidacea (o.),3,Intermediate,,,1,0.033,,
"4T Southern Gulf of St. Lawrence Ecosystem Trawl Survey (RV Survey, Needler)",glf4t2004,2004,104,,,S. L.,2005-02-23,2005,48797,SL48797,304,Moustache sculpin,Triglops murrayi,13.7,0.461,,,,129632,2906,Hyperiidae unidentified,Hyperiidae,2,Slight,,,1,0.428,,
"4T Southern Gulf of St. Lawrence Ecosystem Trawl Survey (RV Survey, Needler)",glf4t2004,2004,104,,,S. L.,2005-03-19,2005,48798,SL48798,340,Alligatorfish,Aspidophoroides monopterygius,8.8,0.003,,,,129633,2902,Copepods - 3 mm or less,Copepoda (s.c) - Small,2,Slight,,,1,0.001,,
"4T Southern Gulf of St. Lawrence Ecosystem Trawl Survey (RV Survey, Needler)",glf4t2004,2004,104,,,S. L.,2005-03-19,2005,48798,SL48798,340,Alligatorfish,Aspidophoroides monopterygius,8.8,0.003,,,,129634,2811,Gammaridae unidentified,Gammaridae,2,Slight,,,1,0.001,,
"4T Southern Gulf of St. Lawrence Ecosystem Trawl Survey (RV Survey, Needler)",glf4t2004,2004,104,,,S. L.,2005-03-19,2005,48798,SL48798,340,Alligatorfish,Aspidophoroides monopterygius,8.8,0.003,,,,129635,2000,Crustacean unidentified,Crustacea,4,Advanced,,,1,0.001,,
"4T Southern Gulf of St. Lawrence Ecosystem Trawl Survey (RV Survey, Needler)",glf4t2004,2004,104,,,S. L.,2005-02-23,2005,48799,SL48799,350,Atlantic poacher,Leptagonus decagonus,14.2,0.37,,,,129636,2811,Gammaridae unidentified,Gammaridae,2,Slight,,,1,0.219,,
"4T Southern Gulf of St. Lawrence Ecosystem Trawl Survey (RV Survey, Needler)",glf4t2004,2004,104,,,S. L.,2005-02-23,2005,48799,SL48799,350,Atlantic poacher,Leptagonus decagonus,14.2,0.37,,,,129637,2700,Mysid shrimp,Mysidacea (o.),3,Intermediate,,,1,0.067,,
"4T Southern Gulf of St. Lawrence Ecosystem Trawl Survey (RV Survey, Needler)",glf4t2004,2004,104,,,S. L.,2005-02-23,2005,48799,SL48799,350,Atlantic poacher,Leptagonus decagonus,14.2,0.37,,,,129638,2902,Copepods - 3 mm or less,Copepoda (s.c) - Small,2,Slight,,,1,0.084,,
"4T Southern Gulf of St. Lawrence Ecosystem Trawl Survey (RV Survey, Needler)",glf4t2004,2004,104,,,S. L.,2005-02-23,2005,48800,SL48800,350,Atlantic poacher,Leptagonus decagonus,17.6,0.429,,,,129639,2811,Gammaridae unidentified,Gammaridae,2,Slight,,,1,0.163,,
"4T Southern Gulf of St. Lawrence Ecosystem Trawl Survey (RV Survey, Needler)",glf4t2004,2004,104,,,S. L.,2005-02-23,2005,48800,SL48800,350,Atlantic poacher,Leptagonus decagonus,17.6,0.429,,,,129640,2700,Mysid shrimp,Mysidacea (o.),3,Intermediate,,,1,0.104,,
"4T Southern Gulf of St. Lawrence Ecosystem Trawl Survey (RV Survey, Needler)",glf4t2004,2004,104,,,S. L.,2005-02-23,2005,48800,SL48800,350,Atlantic poacher,Leptagonus decagonus,17.6,0.429,,,,129641,2902,Copepods - 3 mm or less,Copepoda (s.c) - Small,2,Slight,,,1,0.042,,
"4T Southern Gulf of St. Lawrence Ecosystem Trawl Survey (RV Survey, Needler)",glf4t2004,2004,104,,,S. L.,2005-02-23,2005,48800,SL48800,350,Atlantic poacher,Leptagonus decagonus,17.6,0.429,,,,129642,2000,Crustacean unidentified,Crustacea,4,Advanced,,,1,0.12,,
"4T Southern Gulf of St. Lawrence Ecosystem Trawl Survey (RV Survey, Needler)",glf4t2004,2004,104,,,S. L.,2005-02-23,2005,48801,SL48801,512,Dusky snailfish,Liparis gibbus,20.2,6.1,,,,129643,2411,Arctic argid,Argis dentata,3,Intermediate,,,1,1.756,,
"4T Southern Gulf of St. Lawrence Ecosystem Trawl Survey (RV Survey, Needler)",glf4t2004,2004,104,,,S. L.,2005-02-23,2005,48801,SL48801,512,Dusky snailfish,Liparis gibbus,20.2,6.1,,,,129644,2312,Polar shrimp,Lebbeus polaris,2,Slight,,,1,0.865,,
"4T Southern Gulf of St. Lawrence Ecosystem Trawl Survey (RV Survey, Needler)",glf4t2004,2004,104,,,S. L.,2005-02-23,2005,48801,SL48801,512,Dusky snailfish,Liparis gibbus,20.2,6.1,,,,129645,2331,Greenland shrimp,Eualus macilentus,2,Slight,,,1,1.792,,
"4T Southern Gulf of St. Lawrence Ecosystem Trawl Survey (RV Survey, Needler)",glf4t2004,2004,104,,,S. L.,2005-02-23,2005,48801,SL48801,512,Dusky snailfish,Liparis gibbus,20.2,6.1,,,,129646,2100,Decapod unidentified,Decapoda,4,Advanced,,,1,1.633,,
"4T Southern Gulf of St. Lawrence Ecosystem Trawl Survey (RV Survey, Needler)",glf4t2004,2004,104,,,S. L.,2005-02-23,2005,48801,SL48801,512,Dusky snailfish,Liparis gibbus,20.2,6.1,,,,129647,2811,Gammaridae unidentified,Gammaridae,2,Slight,,,1,0.054,,
"4T Southern Gulf of St. Lawrence Ecosystem Trawl Survey (RV Survey, Needler)",glf4t2004,2004,104,,,S. L.,2005-02-23,2005,48802,SL48802,512,Dusky snailfish,Liparis gibbus,13.9,2.302,,,,129648,2000,Crustacean unidentified,Crustacea,4,Advanced,,,1,1.048,,
"4T Southern Gulf of St. Lawrence Ecosystem Trawl Survey (RV Survey, Needler)",glf4t2004,2004,104,,,S. L.,2005-02-23,2005,48802,SL48802,512,Dusky snailfish,Liparis gibbus,13.9,2.302,,,,129649,2211,Northern shrimp,Pandalus borealis,3,Intermediate,,,1,0.998,,
"4T Southern Gulf of St. Lawrence Ecosystem Trawl Survey (RV Survey, Needler)",glf4t2004,2004,104,,,S. L.,2005-02-23,2005,48802,SL48802,512,Dusky snailfish,Liparis gibbus,13.9,2.302,,,,129650,2811,Gammaridae unidentified,Gammaridae,2,Slight,,,1,0.086,,
"4T Southern Gulf of St. Lawrence Ecosystem Trawl Survey (RV Survey, Needler)",glf4t2004,2004,104,,,S. L.,2005-02-23,2005,48802,SL48802,512,Dusky snailfish,Liparis gibbus,13.9,2.302,,,,129651,2906,Hyperiidae unidentified,Hyperiidae,3,Intermediate,,,1,0.17,,
"4T Southern Gulf of St. Lawrence Ecosystem Trawl Survey (RV Survey, Needler)",glf4t2004,2004,104,,,S. L.,2005-03-16,2005,48803,SL48803,622,Snakeblenny,Lumpenus lampretaeformis,18.4,0.066,,,,129652,2902,Copepods - 3 mm or less,Copepoda (s.c) - Small,2,Slight,,,1,0.001,,
"4T Southern Gulf of St. Lawrence Ecosystem Trawl Survey (RV Survey, Needler)",glf4t2004,2004,104,,,S. L.,2005-03-16,2005,48803,SL48803,622,Snakeblenny,Lumpenus lampretaeformis,18.4,0.066,,,,129653,3100,Bristle worm unidentified,Polychaeta,3,Intermediate,,,1,0.065,,
"4T Southern Gulf of St. Lawrence Ecosystem Trawl Survey (RV Survey, Needler)",glf4t2004,2004,104,,,S. L.,2005-03-21,2005,48804,SL48804,623,Daubed shanny,Leptoclinus maculatus,10.9,0.065,,,,129654,3100,Bristle worm unidentified,Polychaeta,3,Intermediate,,,1,0.064,,
"4T Southern Gulf of St. Lawrence Ecosystem Trawl Survey (RV Survey, Needler)",glf4t2004,2004,104,,,S. L.,2005-03-21,2005,48804,SL48804,623,Daubed shanny,Leptoclinus maculatus,10.9,0.065,,,,129655,2900,Copepods,Copepoda,4,Advanced,,,1,0.001,,
"4T Southern Gulf of St. Lawrence Ecosystem Trawl Survey (RV Survey, Needler)",glf4t2004,2004,104,,,S. L.,2005-02-09,2005,48805,SL48805,626,Fourline snakeblenny,Eumesogrammus praecisus,16.3,1.744,,,,129656,2312,Polar shrimp,Lebbeus polaris,2,Slight,,,1,0.932,,
"4T Southern Gulf of St. Lawrence Ecosystem Trawl Survey (RV Survey, Needler)",glf4t2004,2004,104,,,S. L.,2005-02-09,2005,48805,SL48805,626,Fourline snakeblenny,Eumesogrammus praecisus,16.3,1.744,,,,129657,2811,Gammaridae unidentified,Gammaridae,2,Slight,,,1,0.812,,
"4T Southern Gulf of St. Lawrence Ecosystem Trawl Survey (RV Survey, Needler)",glf4t2004,2004,105,,,S. L.,2004-12-06,2004,48806,SL48806,40,American plaice,Hippoglossoides platessoides,26.5,1.344,,,,129658,2331,Greenland shrimp,Eualus macilentus,3,Intermediate,,,1,1.238,,
"4T Southern Gulf of St. Lawrence Ecosystem Trawl Survey (RV Survey, Needler)",glf4t2004,2004,105,,,S. L.,2004-12-06,2004,48806,SL48806,40,American plaice,Hippoglossoides platessoides,26.5,1.344,,,,129659,2811,Gammaridae unidentified,Gammaridae,2,Slight,,,1,0.106,,
"4T Southern Gulf of St. Lawrence Ecosystem Trawl Survey (RV Survey, Needler)",glf4t2004,2004,105,,,S. L.,2005-02-22,2005,48807,SL48807,512,Dusky snailfish,Liparis gibbus,18.0,2.581,,,,129660,2331,Greenland shrimp,Eualus macilentus,3,Intermediate,,,1,1.045,,
"4T Southern Gulf of St. Lawrence Ecosystem Trawl Survey (RV Survey, Needler)",glf4t2004,2004,105,,,S. L.,2005-02-22,2005,48807,SL48807,512,Dusky snailfish,Liparis gibbus,18.0,2.581,,,,129661,2100,Decapod unidentified,Decapoda,4,Advanced,,,1,1.536,,
"4T Southern Gulf of St. Lawrence Ecosystem Trawl Survey (RV Survey, Needler)",glf4t2004,2004,105,,,S. L.,2005-03-24,2005,48808,SL48808,623,Daubed shanny,Leptoclinus maculatus,13.3,0.225,,,,129662,2811,Gammaridae unidentified,Gammaridae,2,Slight,,,1,0.047,,
"4T Southern Gulf of St. Lawrence Ecosystem Trawl Survey (RV Survey, Needler)",glf4t2004,2004,105,,,S. L.,2005-03-24,2005,48808,SL48808,623,Daubed shanny,Leptoclinus maculatus,13.3,0.225,,,,129663,3100,Bristle worm unidentified,Polychaeta,3,Intermediate,,,1,0.016,,
"4T Southern Gulf of St. Lawrence Ecosystem Trawl Survey (RV Survey, Needler)",glf4t2004,2004,105,,,S. L.,2005-03-24,2005,48808,SL48808,623,Daubed shanny,Leptoclinus maculatus,13.3,0.225,,,,129664,2600,Krill,Euphausiacea,3,Intermediate,,,1,0.044,,
"4T Southern Gulf of St. Lawrence Ecosystem Trawl Survey (RV Survey, Needler)",glf4t2004,2004,105,,,S. L.,2005-03-24,2005,48808,SL48808,623,Daubed shanny,Leptoclinus maculatus,13.3,0.225,,,,129665,2000,Crustacean unidentified,Crustacea,4,Advanced,,,1,0.118,,
"4T Southern Gulf of St. Lawrence Ecosystem Trawl Survey (RV Survey, Needler)",glf4t2004,2004,105,,,S. L.,2005-03-24,2005,48809,SL48809,623,Daubed shanny,Leptoclinus maculatus,12.0,0.144,,,,129666,2700,Mysid shrimp,Mysidacea (o.),2,Slight,,,1,0.089,,
"4T Southern Gulf of St. Lawrence Ecosystem Trawl Survey (RV Survey, Needler)",glf4t2004,2004,105,,,S. L.,2005-03-24,2005,48809,SL48809,623,Daubed shanny,Leptoclinus maculatus,12.0,0.144,,,,129667,2811,Gammaridae unidentified,Gammaridae,3,Intermediate,,,1,0.038,,
"4T Southern Gulf of St. Lawrence Ecosystem Trawl Survey (RV Survey, Needler)",glf4t2004,2004,105,,,S. L.,2005-03-24,2005,48809,SL48809,623,Daubed shanny,Leptoclinus maculatus,12.0,0.144,,,,129668,2902,Copepods - 3 mm or less,Copepoda (s.c) - Small,2,Slight,,,1,0.001,,
"4T Southern Gulf of St. Lawrence Ecosystem Trawl Survey (RV Survey, Needler)",glf4t2004,2004,105,,,S. L.,2005-03-24,2005,48809,SL48809,623,Daubed shanny,Leptoclinus maculatus,12.0,0.144,,,,129669,3100,Bristle worm unidentified,Polychaeta,3,Intermediate,,,1,0.016,,
"4T Southern Gulf of St. Lawrence Ecosystem Trawl Survey (RV Survey, Needler)",glf4t2004,2004,105,,,S. L.,2005-03-24,2005,48810,SL48810,623,Daubed shanny,Leptoclinus maculatus,12.1,0.073,,,,129670,3100,Bristle worm unidentified,Polychaeta,3,Intermediate,,,1,0.019,,
"4T Southern Gulf of St. Lawrence Ecosystem Trawl Survey (RV Survey, Needler)",glf4t2004,2004,105,,,S. L.,2005-03-24,2005,48810,SL48810,623,Daubed shanny,Leptoclinus maculatus,12.1,0.073,,,,129671,2000,Crustacean unidentified,Crustacea,4,Advanced,,,1,0.023,,
"4T Southern Gulf of St. Lawrence Ecosystem Trawl Survey (RV Survey, Needler)",glf4t2004,2004,105,,,S. L.,2005-03-24,2005,48810,SL48810,623,Daubed shanny,Leptoclinus maculatus,12.1,0.073,,,,129672,2600,Krill,Euphausiacea,4,Advanced,,,1,0.031,,
"4T Southern Gulf of St. Lawrence Ecosystem Trawl Survey (RV Survey, Needler)",glf4t2004,2004,105,,,S. L.,2005-02-14,2005,48811,SL48811,626,Fourline snakeblenny,Eumesogrammus praecisus,20.3,0.528,,,,129673,9000,Digested remains unidentified,"Unid remains,digested",4,Advanced,,,1,0.238,,
"4T Southern Gulf of St. Lawrence Ecosystem Trawl Survey (RV Survey, Needler)",glf4t2004,2004,105,,,S. L.,2005-02-14,2005,48811,SL48811,626,Fourline snakeblenny,Eumesogrammus praecisus,20.3,0.528,,,,129674,2100,Decapod unidentified,Decapoda,3,Intermediate,,,1,0.29,,
"4T Southern Gulf of St. Lawrence Ecosystem Trawl Survey (RV Survey, Needler)",glf4t2004,2004,105,,,S. L.,2005-02-14,2005,48812,SL48812,626,Fourline snakeblenny,Eumesogrammus praecisus,17.8,1.416,,,,129675,2331,Greenland shrimp,Eualus macilentus,2,Slight,,,1,0.749,,
"4T Southern Gulf of St. Lawrence Ecosystem Trawl Survey (RV Survey, Needler)",glf4t2004,2004,105,,,S. L.,2005-02-14,2005,48812,SL48812,626,Fourline snakeblenny,Eumesogrammus praecisus,17.8,1.416,,,,129676,2811,Gammaridae unidentified,Gammaridae,2,Slight,,,1,0.048,,
"4T Southern Gulf of St. Lawrence Ecosystem Trawl Survey (RV Survey, Needler)",glf4t2004,2004,105,,,S. L.,2005-02-14,2005,48812,SL48812,626,Fourline snakeblenny,Eumesogrammus praecisus,17.8,1.416,,,,129677,2100,Decapod unidentified,Decapoda,4,Advanced,,,1,0.619,,
"4T Southern Gulf of St. Lawrence Ecosystem Trawl Survey (RV Survey, Needler)",glf4t2004,2004,106,,,S. L.,2005-01-18,2005,48813,SL48813,10,Atlantic cod,Gadus morhua,52.0,2.282,,,,129678,2700,Mysid shrimp,Mysidacea (o.),2,Slight,,,1,0.024,,
"4T Southern Gulf of St. Lawrence Ecosystem Trawl Survey (RV Survey, Needler)",glf4t2004,2004,106,,,S. L.,2005-01-18,2005,48813,SL48813,10,Atlantic cod,Gadus morhua,52.0,2.282,,,,129679,2600,Krill,Euphausiacea,3,Intermediate,,,1,0.497,,
"4T Southern Gulf of St. Lawrence Ecosystem Trawl Survey (RV Survey, Needler)",glf4t2004,2004,106,,,S. L.,2005-01-18,2005,48813,SL48813,10,Atlantic cod,Gadus morhua,52.0,2.282,,,,129680,2500,Crab sp.,Crab sp.,4,Advanced,,,1,1.5,,
"4T Southern Gulf of St. Lawrence Ecosystem Trawl Survey (RV Survey, Needler)",glf4t2004,2004,106,,,S. L.,2005-01-18,2005,48813,SL48813,10,Atlantic cod,Gadus morhua,52.0,2.282,,,,129681,9000,Digested remains unidentified,"Unid remains,digested",4,Advanced,,,1,0.261,,
"4T Southern Gulf of St. Lawrence Ecosystem Trawl Survey (RV Survey, Needler)",glf4t2004,2004,106,,57,S. L.,2005-01-18,2005,48814,SL48814,10,Atlantic cod,Gadus morhua,25.0,5.646,,,,129682,2700,Mysid shrimp,Mysidacea (o.),2,Slight,,,1,0.442,,
"4T Southern Gulf of St. Lawrence Ecosystem Trawl Survey (RV Survey, Needler)",glf4t2004,2004,106,,57,S. L.,2005-01-18,2005,48814,SL48814,10,Atlantic cod,Gadus morhua,25.0,5.646,,,,129683,2333,Circumpolar shrimp,Eualus gaimardii,2,Slight,,,1,0.266,,
"4T Southern Gulf of St. Lawrence Ecosystem Trawl Survey (RV Survey, Needler)",glf4t2004,2004,106,,57,S. L.,2005-01-18,2005,48814,SL48814,10,Atlantic cod,Gadus morhua,25.0,5.646,,,,129684,2212,Aesop shrimp,Pandalus montagui,2,Slight,,,1,3.894,,
"4T Southern Gulf of St. Lawrence Ecosystem Trawl Survey (RV Survey, Needler)",glf4t2004,2004,106,,57,S. L.,2005-01-18,2005,48814,SL48814,10,Atlantic cod,Gadus morhua,25.0,5.646,,,,129685,2100,Decapod unidentified,Decapoda,4,Advanced,,,1,0.996,,
"4T Southern Gulf of St. Lawrence Ecosystem Trawl Survey (RV Survey, Needler)",glf4t2004,2004,106,,57,S. L.,2005-01-18,2005,48814,SL48814,10,Atlantic cod,Gadus morhua,25.0,5.646,,,,129686,4300,Bivalve unidentified,Bivalvia,3,Intermediate,,,1,0.048,,
"4T Southern Gulf of St. Lawrence Ecosystem Trawl Survey (RV Survey, Needler)",glf4t2004,2004,106,,,S. L.,2005-01-18,2005,48815,SL48815,10,Atlantic cod,Gadus morhua,37.0,2.531,,,,129687,2312,Polar shrimp,Lebbeus polaris,2,Slight,,,1,0.87,,
"4T Southern Gulf of St. Lawrence Ecosystem Trawl Survey (RV Survey, Needler)",glf4t2004,2004,106,,,S. L.,2005-01-18,2005,48815,SL48815,10,Atlantic cod,Gadus morhua,37.0,2.531,,,,129688,2212,Aesop shrimp,Pandalus montagui,2,Slight,,,1,1.099,,
"4T Southern Gulf of St. Lawrence Ecosystem Trawl Survey (RV Survey, Needler)",glf4t2004,2004,106,,,S. L.,2005-01-18,2005,48815,SL48815,10,Atlantic cod,Gadus morhua,37.0,2.531,,,,129689,2700,Mysid shrimp,Mysidacea (o.),2,Slight,,,1,0.16,,
"4T Southern Gulf of St. Lawrence Ecosystem Trawl Survey (RV Survey, Needler)",glf4t2004,2004,106,,,S. L.,2005-01-18,2005,48815,SL48815,10,Atlantic cod,Gadus morhua,37.0,2.531,,,,129690,2100,Decapod unidentified,Decapoda,4,Advanced,,,1,0.402,,
"4T Southern Gulf of St. Lawrence Ecosystem Trawl Survey (RV Survey, Needler)",glf4t2004,2004,106,,56,S. L.,2005-01-19,2005,48816,SL48816,10,Atlantic cod,Gadus morhua,43.0,2.394,,,,129691,2700,Mysid shrimp,Mysidacea (o.),2,Slight,,,1,0.096,,
"4T Southern Gulf of St. Lawrence Ecosystem Trawl Survey (RV Survey, Needler)",glf4t2004,2004,106,,56,S. L.,2005-01-19,2005,48816,SL48816,10,Atlantic cod,Gadus morhua,43.0,2.394,,,,129692,2333,Circumpolar shrimp,Eualus gaimardii,3,Intermediate,,,1,0.156,,
"4T Southern Gulf of St. Lawrence Ecosystem Trawl Survey (RV Survey, Needler)",glf4t2004,2004,106,,56,S. L.,2005-01-19,2005,48816,SL48816,10,Atlantic cod,Gadus morhua,43.0,2.394,,,,129693,2100,Decapod unidentified,Decapoda,4,Advanced,,,1,2.142,,
"4T Southern Gulf of St. Lawrence Ecosystem Trawl Survey (RV Survey, Needler)",glf4t2004,2004,106,,,S. L.,2005-01-19,2005,48817,SL48817,10,Atlantic cod,Gadus morhua,24.0,2.355,,,,129694,2700,Mysid shrimp,Mysidacea (o.),2,Slight,,,1,1.014,,
"4T Southern Gulf of St. Lawrence Ecosystem Trawl Survey (RV Survey, Needler)",glf4t2004,2004,106,,,S. L.,2005-01-19,2005,48817,SL48817,10,Atlantic cod,Gadus morhua,24.0,2.355,,,,129695,2600,Krill,Euphausiacea,3,Intermediate,,,1,1.263,,
"4T Southern Gulf of St. Lawrence Ecosystem Trawl Survey (RV Survey, Needler)",glf4t2004,2004,106,,,S. L.,2005-01-19,2005,48817,SL48817,10,Atlantic cod,Gadus morhua,24.0,2.355,,,,129696,9000,Digested remains unidentified,"Unid remains,digested",4,Advanced,,,1,0.073,,
"4T Southern Gulf of St. Lawrence Ecosystem Trawl Survey (RV Survey, Needler)",glf4t2004,2004,106,,,S. L.,2005-01-19,2005,48817,SL48817,10,Atlantic cod,Gadus morhua,24.0,2.355,,,,129697,2811,Gammaridae unidentified,Gammaridae,3,Intermediate,,,1,0.005,,
"4T Southern Gulf of St. Lawrence Ecosystem Trawl Survey (RV Survey, Needler)",glf4t2004,2004,106,,,S. L.,2004-12-02,2004,48818,SL48818,40,American plaice,Hippoglossoides platessoides,22.0,3.096,,,,129698,2600,Krill,Euphausiacea,2,Slight,,,1,2.355,,
"4T Southern Gulf of St. Lawrence Ecosystem Trawl Survey (RV Survey, Needler)",glf4t2004,2004,106,,,S. L.,2004-12-02,2004,48818,SL48818,40,American plaice,Hippoglossoides platessoides,22.0,3.096,,,,129699,2700,Mysid shrimp,Mysidacea (o.),2,Slight,,,1,0.684,,
"4T Southern Gulf of St. Lawrence Ecosystem Trawl Survey (RV Survey, Needler)",glf4t2004,2004,106,,,S. L.,2004-12-02,2004,48818,SL48818,40,American plaice,Hippoglossoides platessoides,22.0,3.096,,,,129700,90,Fish unidentified,"Unid. fish (larvae,juvenile and adults)",4,Advanced,,,1,0.057,,
"4T Southern Gulf of St. Lawrence Ecosystem Trawl Survey (RV Survey, Needler)",glf4t2004,2004,106,,,S. L.,2005-04-01,2005,48819,SL48819,64,Capelin,Mallotus villosus,10.9,0.105,,,,129701,2600,Krill,Euphausiacea,3,Intermediate,,,1,0.088,,
"4T Southern Gulf of St. Lawrence Ecosystem Trawl Survey (RV Survey, Needler)",glf4t2004,2004,106,,,S. L.,2005-04-01,2005,48819,SL48819,64,Capelin,Mallotus villosus,10.9,0.105,,,,129702,2910,Calanus sp.,Calanus sp.,2,Slight,,,1,0.017,,
"4T Southern Gulf of St. Lawrence Ecosystem Trawl Survey (RV Survey, Needler)",glf4t2004,2004,106,,,S. L.,2005-04-01,2005,48820,SL48820,64,Capelin,Mallotus villosus,11.2,0.1,,,,129703,2910,Calanus sp.,Calanus sp.,2,Slight,,,1,0.064,,
"4T Southern Gulf of St. Lawrence Ecosystem Trawl Survey (RV Survey, Needler)",glf4t2004,2004,106,,,S. L.,2005-04-01,2005,48820,SL48820,64,Capelin,Mallotus villosus,11.2,0.1,,,,129704,2700,Mysid shrimp,Mysidacea (o.),3,Intermediate,,,1,0.036,,
"4T Southern Gulf of St. Lawrence Ecosystem Trawl Survey (RV Survey, Needler)",glf4t2004,2004,106,,,S. L.,2005-04-03,2005,48821,SL48821,361,Three-spined stickleback,Gasterosteus aculeatus,7.0,0.109,,,,129705,2902,Copepods - 3 mm or less,Copepoda (s.c) - Small,2,Slight,,,1,0.108,,
"4T Southern Gulf of St. Lawrence Ecosystem Trawl Survey (RV Survey, Needler)",glf4t2004,2004,106,,,S. L.,2005-04-03,2005,48821,SL48821,361,Three-spined stickleback,Gasterosteus aculeatus,7.0,0.109,,,,129706,2700,Mysid shrimp,Mysidacea (o.),3,Intermediate,,,1,0.001,,
"4T Southern Gulf of St. Lawrence Ecosystem Trawl Survey (RV Survey, Needler)",glf4t2004,2004,106,,,S. L.,2005-02-23,2005,48822,SL48822,501,Lumpfish,Cyclopterus lumpus,9.8,1.844,,,,129707,2900,Copepods,Copepoda,4,Advanced,,,1,1.664,,
"4T Southern Gulf of St. Lawrence Ecosystem Trawl Survey (RV Survey, Needler)",glf4t2004,2004,106,,,S. L.,2005-02-23,2005,48822,SL48822,501,Lumpfish,Cyclopterus lumpus,9.8,1.844,,,,129708,2800,Amphipod unidentified,Amphipoda,4,Advanced,,,1,0.138,,
"4T Southern Gulf of St. Lawrence Ecosystem Trawl Survey (RV Survey, Needler)",glf4t2004,2004,106,,,S. L.,2005-02-23,2005,48822,SL48822,501,Lumpfish,Cyclopterus lumpus,9.8,1.844,,,,129709,2551,Larva - Lobster,Larvae - Homarus americanus,2,Slight,,,1,0.042,,
"4T Southern Gulf of St. Lawrence Ecosystem Trawl Survey (RV Survey, Needler)",glf4t2004,2004,106,,,S. L.,2005-02-23,2005,48823,SL48823,626,Fourline snakeblenny,Eumesogrammus praecisus,18.0,1.035,,,,129710,2811,Gammaridae unidentified,Gammaridae,2,Slight,,,1,0.189,,
"4T Southern Gulf of St. Lawrence Ecosystem Trawl Survey (RV Survey, Needler)",glf4t2004,2004,106,,,S. L.,2005-02-23,2005,48823,SL48823,626,Fourline snakeblenny,Eumesogrammus praecisus,18.0,1.035,,,,129711,3100,Bristle worm unidentified,Polychaeta,3,Intermediate,,,1,0.846,,
"4T Southern Gulf of St. Lawrence Ecosystem Trawl Survey (RV Survey, Needler)",glf4t2004,2004,106,,,S. L.,2005-02-23,2005,48824,SL48824,626,Fourline snakeblenny,Eumesogrammus praecisus,12.2,0.13,,,,129712,2700,Mysid shrimp,Mysidacea (o.),2,Slight,,,1,0.034,,
"4T Southern Gulf of St. Lawrence Ecosystem Trawl Survey (RV Survey, Needler)",glf4t2004,2004,106,,,S. L.,2005-02-23,2005,48824,SL48824,626,Fourline snakeblenny,Eumesogrammus praecisus,12.2,0.13,,,,129713,9000,Digested remains unidentified,"Unid remains,digested",4,Advanced,,,1,0.096,,
"4T Southern Gulf of St. Lawrence Ecosystem Trawl Survey (RV Survey, Needler)",glf4t2004,2004,108,,,S. L.,2004-12-02,2004,48825,SL48825,40,American plaice,Hippoglossoides platessoides,22.5,1.301,,,,129714,90,Fish unidentified,"Unid. fish (larvae,juvenile and adults)",3,Intermediate,,,1,1.192,,
"4T Southern Gulf of St. Lawrence Ecosystem Trawl Survey (RV Survey, Needler)",glf4t2004,2004,108,,,S. L.,2004-12-02,2004,48825,SL48825,40,American plaice,Hippoglossoides platessoides,22.5,1.301,,,,129715,2700,Mysid shrimp,Mysidacea (o.),3,Intermediate,,,1,0.109,,
"4T Southern Gulf of St. Lawrence Ecosystem Trawl Survey (RV Survey, Needler)",glf4t2004,2004,108,,,S. L.,2004-12-02,2004,48826,SL48826,40,American plaice,Hippoglossoides platessoides,23.0,0.469,,,,129716,2700,Mysid shrimp,Mysidacea (o.),2,Slight,,,1,0.203,,
"4T Southern Gulf of St. Lawrence Ecosystem Trawl Survey (RV Survey, Needler)",glf4t2004,2004,108,,,S. L.,2004-12-02,2004,48826,SL48826,40,American plaice,Hippoglossoides platessoides,23.0,0.469,,,,129717,2100,Decapod unidentified,Decapoda,4,Advanced,,,1,0.266,,
"4T Southern Gulf of St. Lawrence Ecosystem Trawl Survey (RV Survey, Needler)",glf4t2004,2004,108,,,S. L.,2004-12-02,2004,48827,SL48827,40,American plaice,Hippoglossoides platessoides,33.0,16.302,,,,129718,2212,Aesop shrimp,Pandalus montagui,2,Slight,,,1,14.948,,
"4T Southern Gulf of St. Lawrence Ecosystem Trawl Survey (RV Survey, Needler)",glf4t2004,2004,108,,,S. L.,2004-12-02,2004,48827,SL48827,40,American plaice,Hippoglossoides platessoides,33.0,16.302,,,,129719,2100,Decapod unidentified,Decapoda,4,Advanced,,,1,1.354,,
"4T Southern Gulf of St. Lawrence Ecosystem Trawl Survey (RV Survey, Needler)",glf4t2004,2004,108,,,S. L.,2005-04-03,2005,48828,SL48828,64,Capelin,Mallotus villosus,14.1,0.173,,,,129720,2700,Mysid shrimp,Mysidacea (o.),2,Slight,,,1,0.07,,
"4T Southern Gulf of St. Lawrence Ecosystem Trawl Survey (RV Survey, Needler)",glf4t2004,2004,108,,,S. L.,2005-04-03,2005,48828,SL48828,64,Capelin,Mallotus villosus,14.1,0.173,,,,129721,2902,Copepods - 3 mm or less,Copepoda (s.c) - Small,2,Slight,,,1,0.006,,
"4T Southern Gulf of St. Lawrence Ecosystem Trawl Survey (RV Survey, Needler)",glf4t2004,2004,108,,,S. L.,2005-04-03,2005,48828,SL48828,64,Capelin,Mallotus villosus,14.1,0.173,,,,129722,9000,Digested remains unidentified,"Unid remains,digested",4,Advanced,,,1,0.097,,
"4T Southern Gulf of St. Lawrence Ecosystem Trawl Survey (RV Survey, Needler)",glf4t2004,2004,108,,,S. L.,2005-04-03,2005,48829,SL48829,64,Capelin,Mallotus villosus,11.8,0.286,,,,129723,2700,Mysid shrimp,Mysidacea (o.),2,Slight,,,1,0.128,,
"4T Southern Gulf of St. Lawrence Ecosystem Trawl Survey (RV Survey, Needler)",glf4t2004,2004,108,,,S. L.,2005-04-03,2005,48829,SL48829,64,Capelin,Mallotus villosus,11.8,0.286,,,,129724,2600,Krill,Euphausiacea,3,Intermediate,,,1,0.158,,
"4T Southern Gulf of St. Lawrence Ecosystem Trawl Survey (RV Survey, Needler)",glf4t2004,2004,108,,,S. L.,2005-04-03,2005,48830,SL48830,64,Capelin,Mallotus villosus,9.3,0.079,,,,129725,2910,Calanus sp.,Calanus sp.,2,Slight,,,1,0.015,,
"4T Southern Gulf of St. Lawrence Ecosystem Trawl Survey (RV Survey, Needler)",glf4t2004,2004,108,,,S. L.,2005-04-03,2005,48830,SL48830,64,Capelin,Mallotus villosus,9.3,0.079,,,,129726,2902,Copepods - 3 mm or less,Copepoda (s.c) - Small,3,Intermediate,,,1,0.064,,
"4T Southern Gulf of St. Lawrence Ecosystem Trawl Survey (RV Survey, Needler)",glf4t2004,2004,108,,,S. L.,2005-02-23,2005,48831,SL48831,314,Spatulate sculpin,Icelus spatula,10.0,0.252,,,,129727,2811,Gammaridae unidentified,Gammaridae,2,Slight,,,1,0.002,,
"4T Southern Gulf of St. Lawrence Ecosystem Trawl Survey (RV Survey, Needler)",glf4t2004,2004,108,,,S. L.,2005-02-23,2005,48831,SL48831,314,Spatulate sculpin,Icelus spatula,10.0,0.252,,,,129728,2000,Crustacean unidentified,Crustacea,4,Advanced,,,1,0.25,,
"4T Southern Gulf of St. Lawrence Ecosystem Trawl Survey (RV Survey, Needler)",glf4t2004,2004,108,,,S. L.,2005-02-24,2005,48832,SL48832,340,Alligatorfish,Aspidophoroides monopterygius,12.9,0.045,,,,129729,2811,Gammaridae unidentified,Gammaridae,2,Slight,,,1,0.004,,
"4T Southern Gulf of St. Lawrence Ecosystem Trawl Survey (RV Survey, Needler)",glf4t2004,2004,108,,,S. L.,2005-02-24,2005,48832,SL48832,340,Alligatorfish,Aspidophoroides monopterygius,12.9,0.045,,,,129730,2906,Hyperiidae unidentified,Hyperiidae,3,Intermediate,,,1,0.041,,
"4T Southern Gulf of St. Lawrence Ecosystem Trawl Survey (RV Survey, Needler)",glf4t2004,2004,108,,,S. L.,2005-02-24,2005,48833,SL48833,340,Alligatorfish,Aspidophoroides monopterygius,13.7,0.042,,,,129731,2811,Gammaridae unidentified,Gammaridae,2,Slight,,,1,0.013,,
"4T Southern Gulf of St. Lawrence Ecosystem Trawl Survey (RV Survey, Needler)",glf4t2004,2004,108,,,S. L.,2005-02-24,2005,48833,SL48833,340,Alligatorfish,Aspidophoroides monopterygius,13.7,0.042,,,,129732,2000,Crustacean unidentified,Crustacea,4,Advanced,,,1,0.028,,
"4T Southern Gulf of St. Lawrence Ecosystem Trawl Survey (RV Survey, Needler)",glf4t2004,2004,108,,,S. L.,2005-02-24,2005,48833,SL48833,340,Alligatorfish,Aspidophoroides monopterygius,13.7,0.042,,,,129733,,,,,,,,1,0.001,,
"4T Southern Gulf of St. Lawrence Ecosystem Trawl Survey (RV Survey, Needler)",glf4t2004,2004,108,,,S. L.,2005-02-24,2005,48834,SL48834,340,Alligatorfish,Aspidophoroides monopterygius,11.4,0.022,,,,129734,2906,Hyperiidae unidentified,Hyperiidae,2,Slight,,,1,0.003,,
"4T Southern Gulf of St. Lawrence Ecosystem Trawl Survey (RV Survey, Needler)",glf4t2004,2004,108,,,S. L.,2005-02-24,2005,48834,SL48834,340,Alligatorfish,Aspidophoroides monopterygius,11.4,0.022,,,,129735,2811,Gammaridae unidentified,Gammaridae,2,Slight,,,1,0.019,,
"4T Southern Gulf of St. Lawrence Ecosystem Trawl Survey (RV Survey, Needler)",glf4t2004,2004,108,,,S. L.,2005-02-28,2005,48835,SL48835,350,Atlantic poacher,Leptagonus decagonus,17.3,0.256,,,,129736,2902,Copepods - 3 mm or less,Copepoda (s.c) - Small,2,Slight,,,1,0.07,,
"4T Southern Gulf of St. Lawrence Ecosystem Trawl Survey (RV Survey, Needler)",glf4t2004,2004,108,,,S. L.,2005-02-28,2005,48835,SL48835,350,Atlantic poacher,Leptagonus decagonus,17.3,0.256,,,,129737,2900,Copepods,Copepoda,4,Advanced,,,1,0.161,,
"4T Southern Gulf of St. Lawrence Ecosystem Trawl Survey (RV Survey, Needler)",glf4t2004,2004,108,,,S. L.,2005-02-28,2005,48835,SL48835,350,Atlantic poacher,Leptagonus decagonus,17.3,0.256,,,,129738,2700,Mysid shrimp,Mysidacea (o.),3,Intermediate,,,1,0.025,,
"4T Southern Gulf of St. Lawrence Ecosystem Trawl Survey (RV Survey, Needler)",glf4t2004,2004,108,,,S. L.,2005-02-28,2005,48836,SL48836,350,Atlantic poacher,Leptagonus decagonus,19.7,0.502,,,,129739,2700,Mysid shrimp,Mysidacea (o.),3,Intermediate,,,1,0.3,,
"4T Southern Gulf of St. Lawrence Ecosystem Trawl Survey (RV Survey, Needler)",glf4t2004,2004,108,,,S. L.,2005-02-28,2005,48836,SL48836,350,Atlantic poacher,Leptagonus decagonus,19.7,0.502,,,,129740,2902,Copepods - 3 mm or less,Copepoda (s.c) - Small,2,Slight,,,1,0.079,,
"4T Southern Gulf of St. Lawrence Ecosystem Trawl Survey (RV Survey, Needler)",glf4t2004,2004,108,,,S. L.,2005-02-28,2005,48836,SL48836,350,Atlantic poacher,Leptagonus decagonus,19.7,0.502,,,,129741,2811,Gammaridae unidentified,Gammaridae,3,Intermediate,,,1,0.006,,
"4T Southern Gulf of St. Lawrence Ecosystem Trawl Survey (RV Survey, Needler)",glf4t2004,2004,108,,,S. L.,2005-02-28,2005,48836,SL48836,350,Atlantic poacher,Leptagonus decagonus,19.7,0.502,,,,129742,2000,Crustacean unidentified,Crustacea,4,Advanced,,,1,0.117,,
"4T Southern Gulf of St. Lawrence Ecosystem Trawl Survey (RV Survey, Needler)",glf4t2004,2004,108,,,S. L.,2005-02-28,2005,48837,SL48837,350,Atlantic poacher,Leptagonus decagonus,20.6,0.338,,,,129743,9001,Fish/Invertebrates unidentified,Unid fish and invertebrates,4,Advanced,,,1,0.217,,
"4T Southern Gulf of St. Lawrence Ecosystem Trawl Survey (RV Survey, Needler)",glf4t2004,2004,108,,,S. L.,2005-02-28,2005,48837,SL48837,350,Atlantic poacher,Leptagonus decagonus,20.6,0.338,,,,129744,2700,Mysid shrimp,Mysidacea (o.),2,Slight,,,1,0.065,,
"4T Southern Gulf of St. Lawrence Ecosystem Trawl Survey (RV Survey, Needler)",glf4t2004,2004,108,,,S. L.,2005-02-28,2005,48837,SL48837,350,Atlantic poacher,Leptagonus decagonus,20.6,0.338,,,,129745,2902,Copepods - 3 mm or less,Copepoda (s.c) - Small,2,Slight,,,1,0.051,,
"4T Southern Gulf of St. Lawrence Ecosystem Trawl Survey (RV Survey, Needler)",glf4t2004,2004,108,,,S. L.,2005-02-28,2005,48837,SL48837,350,Atlantic poacher,Leptagonus decagonus,20.6,0.338,,,,129746,2811,Gammaridae unidentified,Gammaridae,3,Intermediate,,,1,0.005,,
"4T Southern Gulf of St. Lawrence Ecosystem Trawl Survey (RV Survey, Needler)",glf4t2004,2004,108,,,S. L.,2005-02-28,2005,48838,SL48838,350,Atlantic poacher,Leptagonus decagonus,19.3,0.317,,,,129747,2700,Mysid shrimp,Mysidacea (o.),2,Slight,,,1,0.039,,
"4T Southern Gulf of St. Lawrence Ecosystem Trawl Survey (RV Survey, Needler)",glf4t2004,2004,108,,,S. L.,2005-02-28,2005,48838,SL48838,350,Atlantic poacher,Leptagonus decagonus,19.3,0.317,,,,129748,2811,Gammaridae unidentified,Gammaridae,3,Intermediate,,,1,0.013,,
"4T Southern Gulf of St. Lawrence Ecosystem Trawl Survey (RV Survey, Needler)",glf4t2004,2004,108,,,S. L.,2005-02-28,2005,48838,SL48838,350,Atlantic poacher,Leptagonus decagonus,19.3,0.317,,,,129749,2902,Copepods - 3 mm or less,Copepoda (s.c) - Small,2,Slight,,,1,0.043,,
"4T Southern Gulf of St. Lawrence Ecosystem Trawl Survey (RV Survey, Needler)",glf4t2004,2004,108,,,S. L.,2005-02-28,2005,48838,SL48838,350,Atlantic poacher,Leptagonus decagonus,19.3,0.317,,,,129750,2000,Crustacean unidentified,Crustacea,4,Advanced,,,1,0.222,,
"4T Southern Gulf of St. Lawrence Ecosystem Trawl Survey (RV Survey, Needler)",glf4t2004,2004,108,,,S. L.,2005-02-28,2005,48839,SL48839,350,Atlantic poacher,Leptagonus decagonus,11.7,0.021,,,,129751,2902,Copepods - 3 mm or less,Copepoda (s.c) - Small,3,Intermediate,,,1,0.006,,
"4T Southern Gulf of St. Lawrence Ecosystem Trawl Survey (RV Survey, Needler)",glf4t2004,2004,108,,,S. L.,2005-02-28,2005,48839,SL48839,350,Atlantic poacher,Leptagonus decagonus,11.7,0.021,,,,129752,2000,Crustacean unidentified,Crustacea,4,Advanced,,,1,0.015,,
"4T Southern Gulf of St. Lawrence Ecosystem Trawl Survey (RV Survey, Needler)",glf4t2004,2004,108,,,S. L.,2005-02-10,2005,48840,SL48840,512,Dusky snailfish,Liparis gibbus,23.3,5.286,,,,129753,2331,Greenland shrimp,Eualus macilentus,2,Slight,,,1,5.041,,
"4T Southern Gulf of St. Lawrence Ecosystem Trawl Survey (RV Survey, Needler)",glf4t2004,2004,108,,,S. L.,2005-02-10,2005,48840,SL48840,512,Dusky snailfish,Liparis gibbus,23.3,5.286,,,,129754,2700,Mysid shrimp,Mysidacea (o.),3,Intermediate,,,1,0.069,,
"4T Southern Gulf of St. Lawrence Ecosystem Trawl Survey (RV Survey, Needler)",glf4t2004,2004,108,,,S. L.,2005-02-10,2005,48840,SL48840,512,Dusky snailfish,Liparis gibbus,23.3,5.286,,,,129755,2100,Decapod unidentified,Decapoda,4,Advanced,,,1,0.176,,
"4T Southern Gulf of St. Lawrence Ecosystem Trawl Survey (RV Survey, Needler)",glf4t2004,2004,108,,,S. L.,2005-02-10,2005,48841,SL48841,512,Dusky snailfish,Liparis gibbus,13.1,1.914,,,,129756,2811,Gammaridae unidentified,Gammaridae,2,Slight,,,1,0.02,,
"4T Southern Gulf of St. Lawrence Ecosystem Trawl Survey (RV Survey, Needler)",glf4t2004,2004,108,,,S. L.,2005-02-10,2005,48841,SL48841,512,Dusky snailfish,Liparis gibbus,13.1,1.914,,,,129757,2100,Decapod unidentified,Decapoda,4,Advanced,,,1,1.894,,
"4T Southern Gulf of St. Lawrence Ecosystem Trawl Survey (RV Survey, Needler)",glf4t2004,2004,108,,,S. L.,2005-02-10,2005,48842,SL48842,512,Dusky snailfish,Liparis gibbus,13.0,0.735,,,,129758,2906,Hyperiidae unidentified,Hyperiidae,4,Advanced,,,1,0.673,,
"4T Southern Gulf of St. Lawrence Ecosystem Trawl Survey (RV Survey, Needler)",glf4t2004,2004,108,,,S. L.,2005-02-10,2005,48842,SL48842,512,Dusky snailfish,Liparis gibbus,13.0,0.735,,,,129759,2811,Gammaridae unidentified,Gammaridae,3,Intermediate,,,1,0.062,,
"4T Southern Gulf of St. Lawrence Ecosystem Trawl Survey (RV Survey, Needler)",glf4t2004,2004,108,,,S. L.,2005-03-21,2005,48843,SL48843,623,Daubed shanny,Leptoclinus maculatus,11.5,0.11,,,,129760,2000,Crustacean unidentified,Crustacea,4,Advanced,,,1,0.001,,
"4T Southern Gulf of St. Lawrence Ecosystem Trawl Survey (RV Survey, Needler)",glf4t2004,2004,108,,,S. L.,2005-03-21,2005,48843,SL48843,623,Daubed shanny,Leptoclinus maculatus,11.5,0.11,,,,129761,3100,Bristle worm unidentified,Polychaeta,3,Intermediate,,,1,0.109,,
"4T Southern Gulf of St. Lawrence Ecosystem Trawl Survey (RV Survey, Needler)",glf4t2004,2004,108,,,S. L.,2005-03-20,2005,48844,SL48844,632,Stout eelblenny,Anisarchus medius,13.7,0.12,,,,129762,2811,Gammaridae unidentified,Gammaridae,3,Intermediate,,,1,0.024,,
"4T Southern Gulf of St. Lawrence Ecosystem Trawl Survey (RV Survey, Needler)",glf4t2004,2004,108,,,S. L.,2005-03-20,2005,48844,SL48844,632,Stout eelblenny,Anisarchus medius,13.7,0.12,,,,129763,2000,Crustacean unidentified,Crustacea,4,Advanced,,,1,0.008,,
"4T Southern Gulf of St. Lawrence Ecosystem Trawl Survey (RV Survey, Needler)",glf4t2004,2004,108,,,S. L.,2005-03-20,2005,48844,SL48844,632,Stout eelblenny,Anisarchus medius,13.7,0.12,,,,129764,3100,Bristle worm unidentified,Polychaeta,3,Intermediate,,,1,0.001,,
"4T Southern Gulf of St. Lawrence Ecosystem Trawl Survey (RV Survey, Needler)",glf4t2004,2004,108,,,S. L.,2005-03-20,2005,48844,SL48844,632,Stout eelblenny,Anisarchus medius,13.7,0.12,,,,129765,9500,Mud,,,,,,1,0.087,,
"4T Southern Gulf of St. Lawrence Ecosystem Trawl Survey (RV Survey, Needler)",glf4t2004,2004,108,,,S. L.,2005-03-20,2005,48845,SL48845,632,Stout eelblenny,Anisarchus medius,14.1,0.106,,,,129766,2700,Mysid shrimp,Mysidacea (o.),2,Slight,,,1,0.039,,
"4T Southern Gulf of St. Lawrence Ecosystem Trawl Survey (RV Survey, Needler)",glf4t2004,2004,108,,,S. L.,2005-03-20,2005,48845,SL48845,632,Stout eelblenny,Anisarchus medius,14.1,0.106,,,,129767,2700,Mysid shrimp,Mysidacea (o.),4,Advanced,,,1,0.029,,
"4T Southern Gulf of St. Lawrence Ecosystem Trawl Survey (RV Survey, Needler)",glf4t2004,2004,108,,,S. L.,2005-03-20,2005,48845,SL48845,632,Stout eelblenny,Anisarchus medius,14.1,0.106,,,,129768,3100,Bristle worm unidentified,Polychaeta,3,Intermediate,,,1,0.001,,
"4T Southern Gulf of St. Lawrence Ecosystem Trawl Survey (RV Survey, Needler)",glf4t2004,2004,108,,,S. L.,2005-03-20,2005,48845,SL48845,632,Stout eelblenny,Anisarchus medius,14.1,0.106,,,,129769,9300,Seaweed/Algae/Kelp unidentified,Obsolete,1,Undigested/freshly eaten,,,1,0.001,,
"4T Southern Gulf of St. Lawrence Ecosystem Trawl Survey (RV Survey, Needler)",glf4t2004,2004,108,,,S. L.,2005-03-20,2005,48845,SL48845,632,Stout eelblenny,Anisarchus medius,14.1,0.106,,,,129770,9500,Mud,,,,,,1,0.036,,
"4T Southern Gulf of St. Lawrence Ecosystem Trawl Survey (RV Survey, Needler)",glf4t2004,2004,110,,,S. L.,2005-02-15,2005,48846,SL48846,10,Atlantic cod,Gadus morhua,53.0,31.088,,,,129771,626,Fourline snakeblenny,Eumesogrammus praecisus,1,Undigested/freshly eaten,188.0,,1,29.996,,
"4T Southern Gulf of St. Lawrence Ecosystem Trawl Survey (RV Survey, Needler)",glf4t2004,2004,110,,,S. L.,2005-02-15,2005,48846,SL48846,10,Atlantic cod,Gadus morhua,53.0,31.088,,,,129772,90,Fish unidentified,"Unid. fish (larvae,juvenile and adults)",4,Advanced,,,1,1.092,,
"4T Southern Gulf of St. Lawrence Ecosystem Trawl Survey (RV Survey, Needler)",glf4t2004,2004,110,,,S. L.,2005-03-19,2005,48847,SL48847,10,Atlantic cod,Gadus morhua,46.0,7.2,,,,129773,2331,Greenland shrimp,Eualus macilentus,2,Slight,,,1,0.923,,
"4T Southern Gulf of St. Lawrence Ecosystem Trawl Survey (RV Survey, Needler)",glf4t2004,2004,110,,,S. L.,2005-03-19,2005,48847,SL48847,10,Atlantic cod,Gadus morhua,46.0,7.2,,,,129774,90,Fish unidentified,"Unid. fish (larvae,juvenile and adults)",3,Intermediate,,,1,2.272,,
"4T Southern Gulf of St. Lawrence Ecosystem Trawl Survey (RV Survey, Needler)",glf4t2004,2004,110,,,S. L.,2005-03-19,2005,48847,SL48847,10,Atlantic cod,Gadus morhua,46.0,7.2,,,,129775,90,Fish unidentified,"Unid. fish (larvae,juvenile and adults)",3,Intermediate,,,1,1.072,,
"4T Southern Gulf of St. Lawrence Ecosystem Trawl Survey (RV Survey, Needler)",glf4t2004,2004,110,,,S. L.,2005-03-19,2005,48847,SL48847,10,Atlantic cod,Gadus morhua,46.0,7.2,,,,129776,90,Fish unidentified,"Unid. fish (larvae,juvenile and adults)",3,Intermediate,,,1,2.933,,
"4T Southern Gulf of St. Lawrence Ecosystem Trawl Survey (RV Survey, Needler)",glf4t2004,2004,110,,,S. L.,2005-03-31,2005,48848,SL48848,64,Capelin,Mallotus villosus,10.4,0.105,,,,129777,2700,Mysid shrimp,Mysidacea (o.),2,Slight,,,1,0.101,,
"4T Southern Gulf of St. Lawrence Ecosystem Trawl Survey (RV Survey, Needler)",glf4t2004,2004,110,,,S. L.,2005-03-31,2005,48848,SL48848,64,Capelin,Mallotus villosus,10.4,0.105,,,,129778,2910,Calanus sp.,Calanus sp.,3,Intermediate,,,1,0.004,,
"4T Southern Gulf of St. Lawrence Ecosystem Trawl Survey (RV Survey, Needler)",glf4t2004,2004,110,,,J. R.,2005-03-22,2005,48849,JR48849,70,Atlantic mackerel,Scomber scombrus,18.0,0.375,,,,129779,2351,Podon sp.,Podon sp.,2,Slight,,,1,0.002,,
"4T Southern Gulf of St. Lawrence Ecosystem Trawl Survey (RV Survey, Needler)",glf4t2004,2004,110,,,J. R.,2005-03-22,2005,48849,JR48849,70,Atlantic mackerel,Scomber scombrus,18.0,0.375,,,,129780,2900,Copepods,Copepoda,2,Slight,,,1,0.372,,
"4T Southern Gulf of St. Lawrence Ecosystem Trawl Survey (RV Survey, Needler)",glf4t2004,2004,110,,,J. R.,2005-03-22,2005,48849,JR48849,70,Atlantic mackerel,Scomber scombrus,18.0,0.375,,,,129781,4300,Bivalve unidentified,Bivalvia,2,Slight,,,1,0.001,,
"4T Southern Gulf of St. Lawrence Ecosystem Trawl Survey (RV Survey, Needler)",glf4t2004,2004,110,,,S. L.,2005-03-17,2005,48850,SL48850,114,Fourbeard rockling,Enchelyopus cimbrius,16.0,0.201,,,,129782,2811,Gammaridae unidentified,Gammaridae,3,Intermediate,,,1,0.171,,
"4T Southern Gulf of St. Lawrence Ecosystem Trawl Survey (RV Survey, Needler)",glf4t2004,2004,110,,,S. L.,2005-03-17,2005,48850,SL48850,114,Fourbeard rockling,Enchelyopus cimbrius,16.0,0.201,,,,129783,3100,Bristle worm unidentified,Polychaeta,3,Intermediate,,,1,0.03,,
"4T Southern Gulf of St. Lawrence Ecosystem Trawl Survey (RV Survey, Needler)",glf4t2004,2004,110,,,S. L.,2005-03-17,2005,48851,SL48851,114,Fourbeard rockling,Enchelyopus cimbrius,16.0,0.154,,,,129784,2811,Gammaridae unidentified,Gammaridae,3,Intermediate,,,1,0.089,,
"4T Southern Gulf of St. Lawrence Ecosystem Trawl Survey (RV Survey, Needler)",glf4t2004,2004,110,,,S. L.,2005-03-17,2005,48851,SL48851,114,Fourbeard rockling,Enchelyopus cimbrius,16.0,0.154,,,,129785,3100,Bristle worm unidentified,Polychaeta,3,Intermediate,,,1,0.06,,
"4T Southern Gulf of St. Lawrence Ecosystem Trawl Survey (RV Survey, Needler)",glf4t2004,2004,110,,,S. L.,2005-03-17,2005,48851,SL48851,114,Fourbeard rockling,Enchelyopus cimbrius,16.0,0.154,,,,129786,2971,Diastylis sp.,Diastylis,2,Slight,,,1,0.005,,
"4T Southern Gulf of St. Lawrence Ecosystem Trawl Survey (RV Survey, Needler)",glf4t2004,2004,110,,,S. L.,2005-03-19,2005,48852,SL48852,304,Moustache sculpin,Triglops murrayi,11.4,0.41,,,,129787,2700,Mysid shrimp,Mysidacea (o.),3,Intermediate,,,1,0.071,,
"4T Southern Gulf of St. Lawrence Ecosystem Trawl Survey (RV Survey, Needler)",glf4t2004,2004,110,,,S. L.,2005-03-19,2005,48852,SL48852,304,Moustache sculpin,Triglops murrayi,11.4,0.41,,,,129788,2100,Decapod unidentified,Decapoda,4,Advanced,,,1,0.339,,
"4T Southern Gulf of St. Lawrence Ecosystem Trawl Survey (RV Survey, Needler)",glf4t2004,2004,110,,,S. L.,2005-03-16,2005,48853,SL48853,340,Alligatorfish,Aspidophoroides monopterygius,10.0,0.003,,,,129789,2811,Gammaridae unidentified,Gammaridae,3,Intermediate,,,1,0.002,,
"4T Southern Gulf of St. Lawrence Ecosystem Trawl Survey (RV Survey, Needler)",glf4t2004,2004,110,,,S. L.,2005-03-16,2005,48853,SL48853,340,Alligatorfish,Aspidophoroides monopterygius,10.0,0.003,,,,129790,9300,Seaweed/Algae/Kelp unidentified,Obsolete,1,Undigested/freshly eaten,,,1,0.001,,
"4T Southern Gulf of St. Lawrence Ecosystem Trawl Survey (RV Survey, Needler)",glf4t2004,2004,110,,,S. L.,2005-02-24,2005,48854,SL48854,350,Atlantic poacher,Leptagonus decagonus,13.8,0.044,,,,129791,2902,Copepods - 3 mm or less,Copepoda (s.c) - Small,2,Slight,,,1,0.016,,
"4T Southern Gulf of St. Lawrence Ecosystem Trawl Survey (RV Survey, Needler)",glf4t2004,2004,110,,,S. L.,2005-02-24,2005,48854,SL48854,350,Atlantic poacher,Leptagonus decagonus,13.8,0.044,,,,129792,2000,Crustacean unidentified,Crustacea,4,Advanced,,,1,0.027,,
"4T Southern Gulf of St. Lawrence Ecosystem Trawl Survey (RV Survey, Needler)",glf4t2004,2004,110,,,S. L.,2005-02-24,2005,48855,SL48855,350,Atlantic poacher,Leptagonus decagonus,13.8,0.131,,,,129793,2700,Mysid shrimp,Mysidacea (o.),3,Intermediate,,,1,0.067,,
"4T Southern Gulf of St. Lawrence Ecosystem Trawl Survey (RV Survey, Needler)",glf4t2004,2004,110,,,S. L.,2005-02-24,2005,48855,SL48855,350,Atlantic poacher,Leptagonus decagonus,13.8,0.131,,,,129794,2811,Gammaridae unidentified,Gammaridae,2,Slight,,,1,0.014,,
"4T Southern Gulf of St. Lawrence Ecosystem Trawl Survey (RV Survey, Needler)",glf4t2004,2004,110,,,S. L.,2005-02-24,2005,48855,SL48855,350,Atlantic poacher,Leptagonus decagonus,13.8,0.131,,,,129795,2902,Copepods - 3 mm or less,Copepoda (s.c) - Small,2,Slight,,,1,0.006,,
"4T Southern Gulf of St. Lawrence Ecosystem Trawl Survey (RV Survey, Needler)",glf4t2004,2004,110,,,S. L.,2005-02-24,2005,48855,SL48855,350,Atlantic poacher,Leptagonus decagonus,13.8,0.131,,,,129796,2000,Crustacean unidentified,Crustacea,4,Advanced,,,1,0.044,,
"4T Southern Gulf of St. Lawrence Ecosystem Trawl Survey (RV Survey, Needler)",glf4t2004,2004,110,,,S. L.,2005-02-24,2005,48856,SL48856,350,Atlantic poacher,Leptagonus decagonus,14.0,0.064,,,,129797,2811,Gammaridae unidentified,Gammaridae,2,Slight,,,1,0.009,,
"4T Southern Gulf of St. Lawrence Ecosystem Trawl Survey (RV Survey, Needler)",glf4t2004,2004,110,,,S. L.,2005-02-24,2005,48856,SL48856,350,Atlantic poacher,Leptagonus decagonus,14.0,0.064,,,,129798,2902,Copepods - 3 mm or less,Copepoda (s.c) - Small,2,Slight,,,1,0.011,,
"4T Southern Gulf of St. Lawrence Ecosystem Trawl Survey (RV Survey, Needler)",glf4t2004,2004,110,,,S. L.,2005-02-24,2005,48856,SL48856,350,Atlantic poacher,Leptagonus decagonus,14.0,0.064,,,,129799,2700,Mysid shrimp,Mysidacea (o.),3,Intermediate,,,1,0.004,,
"4T Southern Gulf of St. Lawrence Ecosystem Trawl Survey (RV Survey, Needler)",glf4t2004,2004,110,,,S. L.,2005-02-24,2005,48856,SL48856,350,Atlantic poacher,Leptagonus decagonus,14.0,0.064,,,,129800,2000,Crustacean unidentified,Crustacea,4,Advanced,,,1,0.04,,
"4T Southern Gulf of St. Lawrence Ecosystem Trawl Survey (RV Survey, Needler)",glf4t2004,2004,110,,,S. L.,2005-02-24,2005,48857,SL48857,350,Atlantic poacher,Leptagonus decagonus,9.7,0.052,,,,129801,2811,Gammaridae unidentified,Gammaridae,2,Slight,,,1,0.044,,
"4T Southern Gulf of St. Lawrence Ecosystem Trawl Survey (RV Survey, Needler)",glf4t2004,2004,110,,,S. L.,2005-02-24,2005,48857,SL48857,350,Atlantic poacher,Leptagonus decagonus,9.7,0.052,,,,129802,2700,Mysid shrimp,Mysidacea (o.),2,Slight,,,1,0.008,,
"4T Southern Gulf of St. Lawrence Ecosystem Trawl Survey (RV Survey, Needler)",glf4t2004,2004,110,,,S. L.,2005-02-17,2005,48858,SL48858,512,Dusky snailfish,Liparis gibbus,17.7,1.869,,,,129803,2811,Gammaridae unidentified,Gammaridae,3,Intermediate,,,1,0.076,,
"4T Southern Gulf of St. Lawrence Ecosystem Trawl Survey (RV Survey, Needler)",glf4t2004,2004,110,,,S. L.,2005-02-17,2005,48858,SL48858,512,Dusky snailfish,Liparis gibbus,17.7,1.869,,,,129804,2400,Crangonid shrimp unidentified,Crangonidae,3,Intermediate,,,1,0.091,,
"4T Southern Gulf of St. Lawrence Ecosystem Trawl Survey (RV Survey, Needler)",glf4t2004,2004,110,,,S. L.,2005-02-17,2005,48858,SL48858,512,Dusky snailfish,Liparis gibbus,17.7,1.869,,,,129805,2100,Decapod unidentified,Decapoda,4,Advanced,,,1,1.408,,
"4T Southern Gulf of St. Lawrence Ecosystem Trawl Survey (RV Survey, Needler)",glf4t2004,2004,110,,,S. L.,2005-02-17,2005,48858,SL48858,512,Dusky snailfish,Liparis gibbus,17.7,1.869,,,,129806,90,Fish unidentified,"Unid. fish (larvae,juvenile and adults)",3,Intermediate,,,1,0.294,,
"4T Southern Gulf of St. Lawrence Ecosystem Trawl Survey (RV Survey, Needler)",glf4t2004,2004,110,,,S. L.,2005-02-17,2005,48859,SL48859,512,Dusky snailfish,Liparis gibbus,20.4,2.584,,,,129807,2331,Greenland shrimp,Eualus macilentus,3,Intermediate,,,1,0.681,,
"4T Southern Gulf of St. Lawrence Ecosystem Trawl Survey (RV Survey, Needler)",glf4t2004,2004,110,,,S. L.,2005-02-17,2005,48859,SL48859,512,Dusky snailfish,Liparis gibbus,20.4,2.584,,,,129808,2100,Decapod unidentified,Decapoda,4,Advanced,,,1,1.903,,
"4T Southern Gulf of St. Lawrence Ecosystem Trawl Survey (RV Survey, Needler)",glf4t2004,2004,110,,,S. L.,2005-02-17,2005,48860,SL48860,512,Dusky snailfish,Liparis gibbus,15.8,1.28,,,,129809,2906,Hyperiidae unidentified,Hyperiidae,4,Advanced,,,1,0.225,,
"4T Southern Gulf of St. Lawrence Ecosystem Trawl Survey (RV Survey, Needler)",glf4t2004,2004,110,,,S. L.,2005-02-17,2005,48860,SL48860,512,Dusky snailfish,Liparis gibbus,15.8,1.28,,,,129810,2000,Crustacean unidentified,Crustacea,4,Advanced,,,1,0.865,,
"4T Southern Gulf of St. Lawrence Ecosystem Trawl Survey (RV Survey, Needler)",glf4t2004,2004,110,,,S. L.,2005-02-17,2005,48860,SL48860,512,Dusky snailfish,Liparis gibbus,15.8,1.28,,,,129811,90,Fish unidentified,"Unid. fish (larvae,juvenile and adults)",3,Intermediate,,,1,0.19,,
"4T Southern Gulf of St. Lawrence Ecosystem Trawl Survey (RV Survey, Needler)",glf4t2004,2004,110,,,S. L.,2005-03-23,2005,48861,SL48861,632,Stout eelblenny,Anisarchus medius,12.8,0.102,,,,129812,2000,Crustacean unidentified,Crustacea,4,Advanced,,,1,0.002,,
"4T Southern Gulf of St. Lawrence Ecosystem Trawl Survey (RV Survey, Needler)",glf4t2004,2004,110,,,S. L.,2005-03-23,2005,48861,SL48861,632,Stout eelblenny,Anisarchus medius,12.8,0.102,,,,129813,9500,Mud,,,,,,1,0.1,,
"4T Southern Gulf of St. Lawrence Ecosystem Trawl Survey (RV Survey, Needler)",glf4t2004,2004,110,,,S. L.,2005-03-23,2005,48862,SL48862,632,Stout eelblenny,Anisarchus medius,15.5,0.072,,,,129814,9500,Mud,,,,,,1,0.071,,
"4T Southern Gulf of St. Lawrence Ecosystem Trawl Survey (RV Survey, Needler)",glf4t2004,2004,110,,,S. L.,2005-03-23,2005,48862,SL48862,632,Stout eelblenny,Anisarchus medius,15.5,0.072,,,,129815,9200,Stones/Rocks,Stones and rocks,,,,,1,0.001,,
"4T Southern Gulf of St. Lawrence Ecosystem Trawl Survey (RV Survey, Needler)",glf4t2004,2004,110,,,S. L.,2005-03-23,2005,48863,SL48863,632,Stout eelblenny,Anisarchus medius,12.6,0.129,,,,129816,2811,Gammaridae unidentified,Gammaridae,2,Slight,,,1,0.086,,
"4T Southern Gulf of St. Lawrence Ecosystem Trawl Survey (RV Survey, Needler)",glf4t2004,2004,110,,,S. L.,2005-03-23,2005,48863,SL48863,632,Stout eelblenny,Anisarchus medius,12.6,0.129,,,,129817,3100,Bristle worm unidentified,Polychaeta,3,Intermediate,,,1,0.003,,
"4T Southern Gulf of St. Lawrence Ecosystem Trawl Survey (RV Survey, Needler)",glf4t2004,2004,110,,,S. L.,2005-03-23,2005,48863,SL48863,632,Stout eelblenny,Anisarchus medius,12.6,0.129,,,,129818,9500,Mud,,,,,,1,0.04,,
"4T Southern Gulf of St. Lawrence Ecosystem Trawl Survey (RV Survey, Needler)",glf4t2004,2004,110,,,S. L.,2005-03-23,2005,48864,SL48864,632,Stout eelblenny,Anisarchus medius,8.3,0.053,,,,129819,2000,Crustacean unidentified,Crustacea,4,Advanced,,,1,0.012,,
"4T Southern Gulf of St. Lawrence Ecosystem Trawl Survey (RV Survey, Needler)",glf4t2004,2004,110,,,S. L.,2005-03-23,2005,48864,SL48864,632,Stout eelblenny,Anisarchus medius,8.3,0.053,,,,129820,2902,Copepods - 3 mm or less,Copepoda (s.c) - Small,2,Slight,,,1,0.002,,
"4T Southern Gulf of St. Lawrence Ecosystem Trawl Survey (RV Survey, Needler)",glf4t2004,2004,110,,,S. L.,2005-03-23,2005,48864,SL48864,632,Stout eelblenny,Anisarchus medius,8.3,0.053,,,,129821,9000,Digested remains unidentified,"Unid remains,digested",4,Advanced,,,1,0.039,,
"4T Southern Gulf of St. Lawrence Ecosystem Trawl Survey (RV Survey, Needler)",glf4t2004,2004,110,,,S. L.,2005-03-22,2005,48865,SL48865,647,Vahl's eelpout,Lycodes vahlii,6.7,0.012,,,,129822,2902,Copepods - 3 mm or less,Copepoda (s.c) - Small,2,Slight,,,1,0.001,,
"4T Southern Gulf of St. Lawrence Ecosystem Trawl Survey (RV Survey, Needler)",glf4t2004,2004,110,,,S. L.,2005-03-22,2005,48865,SL48865,647,Vahl's eelpout,Lycodes vahlii,6.7,0.012,,,,129823,3100,Bristle worm unidentified,Polychaeta,3,Intermediate,,,1,0.011,,
"4T Southern Gulf of St. Lawrence Ecosystem Trawl Survey (RV Survey, Needler)",glf4t2004,2004,110,,,S. L.,2005-03-22,2005,48866,SL48866,647,Vahl's eelpout,Lycodes vahlii,6.8,0.012,,,,129824,2811,Gammaridae unidentified,Gammaridae,2,Slight,,,1,0.005,,
"4T Southern Gulf of St. Lawrence Ecosystem Trawl Survey (RV Survey, Needler)",glf4t2004,2004,110,,,S. L.,2005-03-22,2005,48866,SL48866,647,Vahl's eelpout,Lycodes vahlii,6.8,0.012,,,,129825,2000,Crustacean unidentified,Crustacea,4,Advanced,,,1,0.007,,
"4T Southern Gulf of St. Lawrence Ecosystem Trawl Survey (RV Survey, Needler)",glf4t2004,2004,111,,,S. L.,2004-12-06,2004,48867,SL48867,40,American plaice,Hippoglossoides platessoides,28.2,4.309,,,,129826,2700,Mysid shrimp,Mysidacea (o.),2,Slight,,,1,0.57,,
"4T Southern Gulf of St. Lawrence Ecosystem Trawl Survey (RV Survey, Needler)",glf4t2004,2004,111,,,S. L.,2004-12-06,2004,48867,SL48867,40,American plaice,Hippoglossoides platessoides,28.2,4.309,,,,129827,6200,Brittle star unidentified,Ophiuroidea,2,Slight,,,1,0.169,,
"4T Southern Gulf of St. Lawrence Ecosystem Trawl Survey (RV Survey, Needler)",glf4t2004,2004,111,,,S. L.,2004-12-06,2004,48867,SL48867,40,American plaice,Hippoglossoides platessoides,28.2,4.309,,,,129828,2411,Arctic argid,Argis dentata,2,Slight,,,1,0.97,,
"4T Southern Gulf of St. Lawrence Ecosystem Trawl Survey (RV Survey, Needler)",glf4t2004,2004,111,,,S. L.,2004-12-06,2004,48867,SL48867,40,American plaice,Hippoglossoides platessoides,28.2,4.309,,,,129829,623,Daubed shanny,Leptoclinus maculatus,3,Intermediate,56.0,,1,0.704,,
"4T Southern Gulf of St. Lawrence Ecosystem Trawl Survey (RV Survey, Needler)",glf4t2004,2004,111,,,S. L.,2004-12-06,2004,48867,SL48867,40,American plaice,Hippoglossoides platessoides,28.2,4.309,,,,129830,623,Daubed shanny,Leptoclinus maculatus,3,Intermediate,,,1,0.637,,
"4T Southern Gulf of St. Lawrence Ecosystem Trawl Survey (RV Survey, Needler)",glf4t2004,2004,111,,,S. L.,2004-12-06,2004,48867,SL48867,40,American plaice,Hippoglossoides platessoides,28.2,4.309,,,,129831,90,Fish unidentified,"Unid. fish (larvae,juvenile and adults)",4,Advanced,,,1,1.259,,
"4T Southern Gulf of St. Lawrence Ecosystem Trawl Survey (RV Survey, Needler)",glf4t2004,2004,111,,,S. L.,2004-12-06,2004,48868,SL48868,40,American plaice,Hippoglossoides platessoides,46.0,3.626,,,,129832,4354,Yoldia unidentified,Yoldia,1,Undigested/freshly eaten,,,1,3.607,,
"4T Southern Gulf of St. Lawrence Ecosystem Trawl Survey (RV Survey, Needler)",glf4t2004,2004,111,,,S. L.,2004-12-06,2004,48868,SL48868,40,American plaice,Hippoglossoides platessoides,46.0,3.626,,,,129833,6200,Brittle star unidentified,Ophiuroidea,2,Slight,,,1,0.019,,
"4T Southern Gulf of St. Lawrence Ecosystem Trawl Survey (RV Survey, Needler)",glf4t2004,2004,111,,,S. L.,2004-12-06,2004,48869,SL48869,40,American plaice,Hippoglossoides platessoides,33.0,2.021,,,,129834,311,Sculpin unidentified,Cottidae,3,Intermediate,72.0,,1,1.376,,
"4T Southern Gulf of St. Lawrence Ecosystem Trawl Survey (RV Survey, Needler)",glf4t2004,2004,111,,,S. L.,2004-12-06,2004,48869,SL48869,40,American plaice,Hippoglossoides platessoides,33.0,2.021,,,,129835,623,Daubed shanny,Leptoclinus maculatus,3,Intermediate,48.0,,1,0.645,,
"4T Southern Gulf of St. Lawrence Ecosystem Trawl Survey (RV Survey, Needler)",glf4t2004,2004,111,,,S. L.,2004-11-05,2004,48870,SL48870,43,Winter flounder,Pseudopleuronectes americanus,25.0,0.399,,,,129836,9000,Digested remains unidentified,"Unid remains,digested",4,Advanced,,,1,0.094,,
"4T Southern Gulf of St. Lawrence Ecosystem Trawl Survey (RV Survey, Needler)",glf4t2004,2004,111,,,S. L.,2004-11-05,2004,48870,SL48870,43,Winter flounder,Pseudopleuronectes americanus,25.0,0.399,,,,129837,9100,Mucus,Mucus,4,Advanced,,,1,0.305,,
"4T Southern Gulf of St. Lawrence Ecosystem Trawl Survey (RV Survey, Needler)",glf4t2004,2004,111,,,S. L.,2004-11-05,2004,48871,SL48871,43,Winter flounder,Pseudopleuronectes americanus,21.8,0.751,,,,129838,3100,Bristle worm unidentified,Polychaeta,3,Intermediate,,,1,0.165,,
"4T Southern Gulf of St. Lawrence Ecosystem Trawl Survey (RV Survey, Needler)",glf4t2004,2004,111,,,S. L.,2004-11-05,2004,48871,SL48871,43,Winter flounder,Pseudopleuronectes americanus,21.8,0.751,,,,129839,6200,Brittle star unidentified,Ophiuroidea,2,Slight,,,1,0.005,,
"4T Southern Gulf of St. Lawrence Ecosystem Trawl Survey (RV Survey, Needler)",glf4t2004,2004,111,,,S. L.,2004-11-05,2004,48871,SL48871,43,Winter flounder,Pseudopleuronectes americanus,21.8,0.751,,,,129840,6100,Starfish unidentified,Asteroidea,2,Slight,,,1,0.013,,
"4T Southern Gulf of St. Lawrence Ecosystem Trawl Survey (RV Survey, Needler)",glf4t2004,2004,111,,,S. L.,2004-11-05,2004,48871,SL48871,43,Winter flounder,Pseudopleuronectes americanus,21.8,0.751,,,,129841,4700,Chitons unidentified,Polyplacophora,2,Slight,,,1,0.004,,
"4T Southern Gulf of St. Lawrence Ecosystem Trawl Survey (RV Survey, Needler)",glf4t2004,2004,111,,,S. L.,2004-11-05,2004,48871,SL48871,43,Winter flounder,Pseudopleuronectes americanus,21.8,0.751,,,,129842,5200,Limpet unidentified,Archaeogastropoda o.,1,Undigested/freshly eaten,,,1,0.007,,
"4T Southern Gulf of St. Lawrence Ecosystem Trawl Survey (RV Survey, Needler)",glf4t2004,2004,111,,,S. L.,2004-11-05,2004,48871,SL48871,43,Winter flounder,Pseudopleuronectes americanus,21.8,0.751,,,,129843,2800,Amphipod unidentified,Amphipoda,4,Advanced,,,1,0.013,,
"4T Southern Gulf of St. Lawrence Ecosystem Trawl Survey (RV Survey, Needler)",glf4t2004,2004,111,,,S. L.,2004-11-05,2004,48871,SL48871,43,Winter flounder,Pseudopleuronectes americanus,21.8,0.751,,,,129844,9000,Digested remains unidentified,"Unid remains,digested",4,Advanced,,,1,0.099,,
"4T Southern Gulf of St. Lawrence Ecosystem Trawl Survey (RV Survey, Needler)",glf4t2004,2004,111,,,S. L.,2004-11-05,2004,48871,SL48871,43,Winter flounder,Pseudopleuronectes americanus,21.8,0.751,,,,129845,9100,Mucus,Mucus,4,Advanced,,,1,0.445,,
"4T Southern Gulf of St. Lawrence Ecosystem Trawl Survey (RV Survey, Needler)",glf4t2004,2004,111,,,S. L.,2005-02-15,2005,48872,SL48872,114,Fourbeard rockling,Enchelyopus cimbrius,22.3,0.608,,,,129846,2411,Arctic argid,Argis dentata,3,Intermediate,,,1,0.099,,
"4T Southern Gulf of St. Lawrence Ecosystem Trawl Survey (RV Survey, Needler)",glf4t2004,2004,111,,,S. L.,2005-02-15,2005,48872,SL48872,114,Fourbeard rockling,Enchelyopus cimbrius,22.3,0.608,,,,129847,2417,Sevenspine bay shrimp,Crangon septemspinosa,3,Intermediate,,,1,0.413,,
"4T Southern Gulf of St. Lawrence Ecosystem Trawl Survey (RV Survey, Needler)",glf4t2004,2004,111,,,S. L.,2005-02-15,2005,48872,SL48872,114,Fourbeard rockling,Enchelyopus cimbrius,22.3,0.608,,,,129848,90,Fish unidentified,"Unid. fish (larvae,juvenile and adults)",3,Intermediate,,,1,0.096,,
"4T Southern Gulf of St. Lawrence Ecosystem Trawl Survey (RV Survey, Needler)",glf4t2004,2004,111,,,S. L.,2005-02-15,2005,48873,SL48873,114,Fourbeard rockling,Enchelyopus cimbrius,22.6,1.444,,,,129849,2411,Arctic argid,Argis dentata,2,Slight,,,1,1.399,,
"4T Southern Gulf of St. Lawrence Ecosystem Trawl Survey (RV Survey, Needler)",glf4t2004,2004,111,,,S. L.,2005-02-15,2005,48873,SL48873,114,Fourbeard rockling,Enchelyopus cimbrius,22.6,1.444,,,,129850,2000,Crustacean unidentified,Crustacea,4,Advanced,,,1,0.045,,
"4T Southern Gulf of St. Lawrence Ecosystem Trawl Survey (RV Survey, Needler)",glf4t2004,2004,111,,,S. L.,2005-02-15,2005,48874,SL48874,114,Fourbeard rockling,Enchelyopus cimbrius,17.2,1.112,,,,129851,2411,Arctic argid,Argis dentata,2,Slight,,,1,0.755,,
"4T Southern Gulf of St. Lawrence Ecosystem Trawl Survey (RV Survey, Needler)",glf4t2004,2004,111,,,S. L.,2005-02-15,2005,48874,SL48874,114,Fourbeard rockling,Enchelyopus cimbrius,17.2,1.112,,,,129852,2331,Greenland shrimp,Eualus macilentus,3,Intermediate,,,1,0.298,,
"4T Southern Gulf of St. Lawrence Ecosystem Trawl Survey (RV Survey, Needler)",glf4t2004,2004,111,,,S. L.,2005-02-15,2005,48874,SL48874,114,Fourbeard rockling,Enchelyopus cimbrius,17.2,1.112,,,,129853,3100,Bristle worm unidentified,Polychaeta,3,Intermediate,,,1,0.059,,
"4T Southern Gulf of St. Lawrence Ecosystem Trawl Survey (RV Survey, Needler)",glf4t2004,2004,111,,,S. L.,2004-12-06,2004,48875,SL48875,300,Longhorn sculpin,Myoxocephalus octodecemspinosus,25.4,3.517,,,,129854,2700,Mysid shrimp,Mysidacea (o.),2,Slight,,,1,0.231,,
"4T Southern Gulf of St. Lawrence Ecosystem Trawl Survey (RV Survey, Needler)",glf4t2004,2004,111,,,S. L.,2004-12-06,2004,48875,SL48875,300,Longhorn sculpin,Myoxocephalus octodecemspinosus,25.4,3.517,,,,129855,2600,Krill,Euphausiacea,3,Intermediate,,,1,0.327,,
"4T Southern Gulf of St. Lawrence Ecosystem Trawl Survey (RV Survey, Needler)",glf4t2004,2004,111,,,S. L.,2004-12-06,2004,48875,SL48875,300,Longhorn sculpin,Myoxocephalus octodecemspinosus,25.4,3.517,,,,129856,90,Fish unidentified,"Unid. fish (larvae,juvenile and adults)",4,Advanced,,,1,2.959,,
"4T Southern Gulf of St. Lawrence Ecosystem Trawl Survey (RV Survey, Needler)",glf4t2004,2004,111,,,S. L.,2004-12-06,2004,48876,SL48876,300,Longhorn sculpin,Myoxocephalus octodecemspinosus,22.9,2.817,,,,129857,2411,Arctic argid,Argis dentata,3,Intermediate,,,1,2.404,,
"4T Southern Gulf of St. Lawrence Ecosystem Trawl Survey (RV Survey, Needler)",glf4t2004,2004,111,,,S. L.,2004-12-06,2004,48876,SL48876,300,Longhorn sculpin,Myoxocephalus octodecemspinosus,22.9,2.817,,,,129858,2700,Mysid shrimp,Mysidacea (o.),2,Slight,,,1,0.063,,
"4T Southern Gulf of St. Lawrence Ecosystem Trawl Survey (RV Survey, Needler)",glf4t2004,2004,111,,,S. L.,2004-12-06,2004,48876,SL48876,300,Longhorn sculpin,Myoxocephalus octodecemspinosus,22.9,2.817,,,,129859,2600,Krill,Euphausiacea,3,Intermediate,,,1,0.35,,
"4T Southern Gulf of St. Lawrence Ecosystem Trawl Survey (RV Survey, Needler)",glf4t2004,2004,111,,,S. L.,2004-12-06,2004,48877,SL48877,301,Shorthorn sculpin,Myoxocephalus scorpius,18.3,5.715,,,,129860,2212,Aesop shrimp,Pandalus montagui,3,Intermediate,,,1,4.403,,
"4T Southern Gulf of St. Lawrence Ecosystem Trawl Survey (RV Survey, Needler)",glf4t2004,2004,111,,,S. L.,2004-12-06,2004,48877,SL48877,301,Shorthorn sculpin,Myoxocephalus scorpius,18.3,5.715,,,,129861,2700,Mysid shrimp,Mysidacea (o.),3,Intermediate,,,1,0.369,,
"4T Southern Gulf of St. Lawrence Ecosystem Trawl Survey (RV Survey, Needler)",glf4t2004,2004,111,,,S. L.,2004-12-06,2004,48877,SL48877,301,Shorthorn sculpin,Myoxocephalus scorpius,18.3,5.715,,,,129862,2000,Crustacean unidentified,Crustacea,4,Advanced,,,1,0.943,,
"4T Southern Gulf of St. Lawrence Ecosystem Trawl Survey (RV Survey, Needler)",glf4t2004,2004,111,,,S. L.,2004-12-06,2004,48878,SL48878,301,Shorthorn sculpin,Myoxocephalus scorpius,22.0,5.114,,,,129863,2700,Mysid shrimp,Mysidacea (o.),3,Intermediate,,,1,1.531,,
"4T Southern Gulf of St. Lawrence Ecosystem Trawl Survey (RV Survey, Needler)",glf4t2004,2004,111,,,S. L.,2004-12-06,2004,48878,SL48878,301,Shorthorn sculpin,Myoxocephalus scorpius,22.0,5.114,,,,129864,2212,Aesop shrimp,Pandalus montagui,3,Intermediate,,,1,3.583,,
"4T Southern Gulf of St. Lawrence Ecosystem Trawl Survey (RV Survey, Needler)",glf4t2004,2004,111,,,S. L.,2005-02-15,2005,48879,SL48879,301,Shorthorn sculpin,Myoxocephalus scorpius,36.0,21.978,,,,129865,2411,Arctic argid,Argis dentata,2,Slight,,,1,20.043,,
"4T Southern Gulf of St. Lawrence Ecosystem Trawl Survey (RV Survey, Needler)",glf4t2004,2004,111,,,S. L.,2005-02-15,2005,48879,SL48879,301,Shorthorn sculpin,Myoxocephalus scorpius,36.0,21.978,,,,129866,2700,Mysid shrimp,Mysidacea (o.),2,Slight,,,1,0.136,,
"4T Southern Gulf of St. Lawrence Ecosystem Trawl Survey (RV Survey, Needler)",glf4t2004,2004,111,,,S. L.,2005-02-15,2005,48879,SL48879,301,Shorthorn sculpin,Myoxocephalus scorpius,36.0,21.978,,,,129867,8300,Anthozoa unidentified,Anthozoa,2,Slight,,,1,1.799,,
"4T Southern Gulf of St. Lawrence Ecosystem Trawl Survey (RV Survey, Needler)",glf4t2004,2004,111,,,S. L.,2005-02-15,2005,48880,SL48880,304,Moustache sculpin,Triglops murrayi,11.5,0.655,,,,129868,2700,Mysid shrimp,Mysidacea (o.),2,Slight,,,1,0.599,,
"4T Southern Gulf of St. Lawrence Ecosystem Trawl Survey (RV Survey, Needler)",glf4t2004,2004,111,,,S. L.,2005-02-15,2005,48880,SL48880,304,Moustache sculpin,Triglops murrayi,11.5,0.655,,,,129869,9000,Digested remains unidentified,"Unid remains,digested",4,Advanced,,,1,0.056,,
"4T Southern Gulf of St. Lawrence Ecosystem Trawl Survey (RV Survey, Needler)",glf4t2004,2004,111,,,S. L.,2005-03-19,2005,48881,SL48881,340,Alligatorfish,Aspidophoroides monopterygius,11.1,0.03,,,,129870,2902,Copepods - 3 mm or less,Copepoda (s.c) - Small,2,Slight,,,1,0.022,,
"4T Southern Gulf of St. Lawrence Ecosystem Trawl Survey (RV Survey, Needler)",glf4t2004,2004,111,,,S. L.,2005-03-19,2005,48881,SL48881,340,Alligatorfish,Aspidophoroides monopterygius,11.1,0.03,,,,129871,2000,Crustacean unidentified,Crustacea,4,Advanced,,,1,0.008,,
"4T Southern Gulf of St. Lawrence Ecosystem Trawl Survey (RV Survey, Needler)",glf4t2004,2004,111,,,S. L.,2005-03-19,2005,48882,SL48882,340,Alligatorfish,Aspidophoroides monopterygius,13.2,0.071,,,,129872,2700,Mysid shrimp,Mysidacea (o.),3,Intermediate,,,1,0.068,,
"4T Southern Gulf of St. Lawrence Ecosystem Trawl Survey (RV Survey, Needler)",glf4t2004,2004,111,,,S. L.,2005-03-19,2005,48882,SL48882,340,Alligatorfish,Aspidophoroides monopterygius,13.2,0.071,,,,129873,2811,Gammaridae unidentified,Gammaridae,3,Intermediate,,,1,0.003,,
"4T Southern Gulf of St. Lawrence Ecosystem Trawl Survey (RV Survey, Needler)",glf4t2004,2004,111,,,S. L.,2005-02-23,2005,48883,SL48883,622,Snakeblenny,Lumpenus lampretaeformis,35.0,0.256,,,,129874,3100,Bristle worm unidentified,Polychaeta,2,Slight,,,1,0.122,,
"4T Southern Gulf of St. Lawrence Ecosystem Trawl Survey (RV Survey, Needler)",glf4t2004,2004,111,,,S. L.,2005-02-23,2005,48883,SL48883,622,Snakeblenny,Lumpenus lampretaeformis,35.0,0.256,,,,129875,9700,Sand,Sand,,,,,1,0.134,,
"4T Southern Gulf of St. Lawrence Ecosystem Trawl Survey (RV Survey, Needler)",glf4t2004,2004,111,,,S. L.,2005-03-19,2005,48884,SL48884,632,Stout eelblenny,Anisarchus medius,13.6,0.078,,,,129876,9000,Digested remains unidentified,"Unid remains,digested",4,Advanced,,,1,0.075,,
"4T Southern Gulf of St. Lawrence Ecosystem Trawl Survey (RV Survey, Needler)",glf4t2004,2004,111,,,S. L.,2005-03-19,2005,48884,SL48884,632,Stout eelblenny,Anisarchus medius,13.6,0.078,,,,129877,2000,Crustacean unidentified,Crustacea,4,Advanced,,,1,0.003,,
"4T Southern Gulf of St. Lawrence Ecosystem Trawl Survey (RV Survey, Needler)",glf4t2004,2004,111,,,S. L.,2005-03-19,2005,48885,SL48885,632,Stout eelblenny,Anisarchus medius,10.1,0.088,,,,129878,2900,Copepods,Copepoda,4,Advanced,,,1,0.008,,
"4T Southern Gulf of St. Lawrence Ecosystem Trawl Survey (RV Survey, Needler)",glf4t2004,2004,111,,,S. L.,2005-03-19,2005,48885,SL48885,632,Stout eelblenny,Anisarchus medius,10.1,0.088,,,,129879,3100,Bristle worm unidentified,Polychaeta,3,Intermediate,,,1,0.002,,
"4T Southern Gulf of St. Lawrence Ecosystem Trawl Survey (RV Survey, Needler)",glf4t2004,2004,111,,,S. L.,2005-03-19,2005,48885,SL48885,632,Stout eelblenny,Anisarchus medius,10.1,0.088,,,,129880,9000,Digested remains unidentified,"Unid remains,digested",4,Advanced,,,1,0.078,,
"4T Southern Gulf of St. Lawrence Ecosystem Trawl Survey (RV Survey, Needler)",glf4t2004,2004,112,,,S. L.,2005-01-17,2005,48886,SL48886,40,American plaice,Hippoglossoides platessoides,28.8,0.941,,,,129881,2312,Polar shrimp,Lebbeus polaris,2,Slight,,,1,0.41,,
"4T Southern Gulf of St. Lawrence Ecosystem Trawl Survey (RV Survey, Needler)",glf4t2004,2004,112,,,S. L.,2005-01-17,2005,48886,SL48886,40,American plaice,Hippoglossoides platessoides,28.8,0.941,,,,129882,2700,Mysid shrimp,Mysidacea (o.),2,Slight,,,1,0.288,,
"4T Southern Gulf of St. Lawrence Ecosystem Trawl Survey (RV Survey, Needler)",glf4t2004,2004,112,,,S. L.,2005-01-17,2005,48886,SL48886,40,American plaice,Hippoglossoides platessoides,28.8,0.941,,,,129883,6400,Sea urchin unidentified,Strongylocentrotus,2,Slight,,,1,0.217,,
"4T Southern Gulf of St. Lawrence Ecosystem Trawl Survey (RV Survey, Needler)",glf4t2004,2004,112,,,S. L.,2005-01-17,2005,48886,SL48886,40,American plaice,Hippoglossoides platessoides,28.8,0.941,,,,129884,2811,Gammaridae unidentified,Gammaridae,2,Slight,,,1,0.026,,
"4T Southern Gulf of St. Lawrence Ecosystem Trawl Survey (RV Survey, Needler)",glf4t2004,2004,112,,,S. L.,2005-01-17,2005,48887,SL48887,40,American plaice,Hippoglossoides platessoides,28.9,0.236,,,,129885,3100,Bristle worm unidentified,Polychaeta,2,Slight,,,1,0.13,,
"4T Southern Gulf of St. Lawrence Ecosystem Trawl Survey (RV Survey, Needler)",glf4t2004,2004,112,,,S. L.,2005-01-17,2005,48887,SL48887,40,American plaice,Hippoglossoides platessoides,28.9,0.236,,,,129886,6200,Brittle star unidentified,Ophiuroidea,2,Slight,,,1,0.023,,
"4T Southern Gulf of St. Lawrence Ecosystem Trawl Survey (RV Survey, Needler)",glf4t2004,2004,112,,,S. L.,2005-01-17,2005,48887,SL48887,40,American plaice,Hippoglossoides platessoides,28.9,0.236,,,,129887,2811,Gammaridae unidentified,Gammaridae,2,Slight,,,1,0.067,,
"4T Southern Gulf of St. Lawrence Ecosystem Trawl Survey (RV Survey, Needler)",glf4t2004,2004,112,,,S. L.,2005-01-17,2005,48887,SL48887,40,American plaice,Hippoglossoides platessoides,28.9,0.236,,,,129888,9300,Seaweed/Algae/Kelp unidentified,Obsolete,2,Slight,,,1,0.016,,
"4T Southern Gulf of St. Lawrence Ecosystem Trawl Survey (RV Survey, Needler)",glf4t2004,2004,112,,,S. L.,2005-01-17,2005,48888,SL48888,40,American plaice,Hippoglossoides platessoides,27.8,4.379,,,,129889,3100,Bristle worm unidentified,Polychaeta,2,Slight,,,1,4.308,,
"4T Southern Gulf of St. Lawrence Ecosystem Trawl Survey (RV Survey, Needler)",glf4t2004,2004,112,,,S. L.,2005-01-17,2005,48888,SL48888,40,American plaice,Hippoglossoides platessoides,27.8,4.379,,,,129890,2700,Mysid shrimp,Mysidacea (o.),2,Slight,,,1,0.034,,
"4T Southern Gulf of St. Lawrence Ecosystem Trawl Survey (RV Survey, Needler)",glf4t2004,2004,112,,,S. L.,2005-01-17,2005,48888,SL48888,40,American plaice,Hippoglossoides platessoides,27.8,4.379,,,,129891,6200,Brittle star unidentified,Ophiuroidea,2,Slight,,,1,0.037,,
"4T Southern Gulf of St. Lawrence Ecosystem Trawl Survey (RV Survey, Needler)",glf4t2004,2004,112,,,S. L.,2005-01-17,2005,48889,SL48889,40,American plaice,Hippoglossoides platessoides,20.5,0.252,,,,129892,9405,Land insects,Insecta (c.),2,Slight,,,1,0.03,,
"4T Southern Gulf of St. Lawrence Ecosystem Trawl Survey (RV Survey, Needler)",glf4t2004,2004,112,,,S. L.,2005-01-17,2005,48889,SL48889,40,American plaice,Hippoglossoides platessoides,20.5,0.252,,,,129893,2700,Mysid shrimp,Mysidacea (o.),2,Slight,,,1,0.1,,
"4T Southern Gulf of St. Lawrence Ecosystem Trawl Survey (RV Survey, Needler)",glf4t2004,2004,112,,,S. L.,2005-01-17,2005,48889,SL48889,40,American plaice,Hippoglossoides platessoides,20.5,0.252,,,,129894,3100,Bristle worm unidentified,Polychaeta,2,Slight,,,1,0.122,,
"4T Southern Gulf of St. Lawrence Ecosystem Trawl Survey (RV Survey, Needler)",glf4t2004,2004,112,,,S. L.,2005-02-24,2005,48890,SL48890,122,Cunner,Tautogolabrus adspersus,20.0,1.779,,,,129895,6200,Brittle star unidentified,Ophiuroidea,3,Intermediate,,,1,1.199,,
"4T Southern Gulf of St. Lawrence Ecosystem Trawl Survey (RV Survey, Needler)",glf4t2004,2004,112,,,S. L.,2005-02-24,2005,48890,SL48890,122,Cunner,Tautogolabrus adspersus,20.0,1.779,,,,129896,3100,Bristle worm unidentified,Polychaeta,3,Intermediate,,,1,0.052,,
"4T Southern Gulf of St. Lawrence Ecosystem Trawl Survey (RV Survey, Needler)",glf4t2004,2004,112,,,S. L.,2005-02-24,2005,48890,SL48890,122,Cunner,Tautogolabrus adspersus,20.0,1.779,,,,129897,9300,Seaweed/Algae/Kelp unidentified,Obsolete,1,Undigested/freshly eaten,,,1,0.014,,
"4T Southern Gulf of St. Lawrence Ecosystem Trawl Survey (RV Survey, Needler)",glf4t2004,2004,112,,,S. L.,2005-02-24,2005,48890,SL48890,122,Cunner,Tautogolabrus adspersus,20.0,1.779,,,,129898,9000,Digested remains unidentified,"Unid remains,digested",4,Advanced,,,1,0.032,,
"4T Southern Gulf of St. Lawrence Ecosystem Trawl Survey (RV Survey, Needler)",glf4t2004,2004,112,,,S. L.,2005-02-24,2005,48890,SL48890,122,Cunner,Tautogolabrus adspersus,20.0,1.779,,,,129899,2513,Atlantic rock crab,Cancer irroratus,3,Intermediate,,,1,0.36,,
"4T Southern Gulf of St. Lawrence Ecosystem Trawl Survey (RV Survey, Needler)",glf4t2004,2004,112,,,S. L.,2005-02-24,2005,48890,SL48890,122,Cunner,Tautogolabrus adspersus,20.0,1.779,,,,129900,4300,Bivalve unidentified,Bivalvia,3,Intermediate,,,1,0.111,,
"4T Southern Gulf of St. Lawrence Ecosystem Trawl Survey (RV Survey, Needler)",glf4t2004,2004,112,,,S. L.,2005-02-24,2005,48890,SL48890,122,Cunner,Tautogolabrus adspersus,20.0,1.779,,,,129901,4316,Astarte unidentified,Astarte,3,Intermediate,,,1,0.011,,
"4T Southern Gulf of St. Lawrence Ecosystem Trawl Survey (RV Survey, Needler)",glf4t2004,2004,112,,,S. L.,2004-12-02,2004,48891,SL48891,300,Longhorn sculpin,Myoxocephalus octodecemspinosus,26.4,9.782,,,,129902,2411,Arctic argid,Argis dentata,2,Slight,,,1,7.264,,
"4T Southern Gulf of St. Lawrence Ecosystem Trawl Survey (RV Survey, Needler)",glf4t2004,2004,112,,,S. L.,2004-12-02,2004,48891,SL48891,300,Longhorn sculpin,Myoxocephalus octodecemspinosus,26.4,9.782,,,,129903,90,Fish unidentified,"Unid. fish (larvae,juvenile and adults)",4,Advanced,,,1,0.25,,
"4T Southern Gulf of St. Lawrence Ecosystem Trawl Survey (RV Survey, Needler)",glf4t2004,2004,112,,,S. L.,2004-12-02,2004,48891,SL48891,300,Longhorn sculpin,Myoxocephalus octodecemspinosus,26.4,9.782,,,,129904,2100,Decapod unidentified,Decapoda,4,Advanced,,,1,2.268,,
"4T Southern Gulf of St. Lawrence Ecosystem Trawl Survey (RV Survey, Needler)",glf4t2004,2004,112,,,S. L.,2004-12-02,2004,48892,SL48892,300,Longhorn sculpin,Myoxocephalus octodecemspinosus,26.7,14.441,,,,129905,2411,Arctic argid,Argis dentata,2,Slight,,,1,13.82,,
"4T Southern Gulf of St. Lawrence Ecosystem Trawl Survey (RV Survey, Needler)",glf4t2004,2004,112,,,S. L.,2004-12-02,2004,48892,SL48892,300,Longhorn sculpin,Myoxocephalus octodecemspinosus,26.7,14.441,,,,129906,2100,Decapod unidentified,Decapoda,4,Advanced,,,1,0.446,,
"4T Southern Gulf of St. Lawrence Ecosystem Trawl Survey (RV Survey, Needler)",glf4t2004,2004,112,,,S. L.,2004-12-02,2004,48892,SL48892,300,Longhorn sculpin,Myoxocephalus octodecemspinosus,26.7,14.441,,,,129907,2811,Gammaridae unidentified,Gammaridae,2,Slight,,,1,0.175,,
"4T Southern Gulf of St. Lawrence Ecosystem Trawl Survey (RV Survey, Needler)",glf4t2004,2004,112,,,S. L.,2004-12-02,2004,48893,SL48893,300,Longhorn sculpin,Myoxocephalus octodecemspinosus,19.8,1.525,,,,129908,9300,Seaweed/Algae/Kelp unidentified,Obsolete,2,Slight,,,1,0.032,,
"4T Southern Gulf of St. Lawrence Ecosystem Trawl Survey (RV Survey, Needler)",glf4t2004,2004,112,,,S. L.,2004-12-02,2004,48893,SL48893,300,Longhorn sculpin,Myoxocephalus octodecemspinosus,19.8,1.525,,,,129909,2411,Arctic argid,Argis dentata,3,Intermediate,,,1,0.709,,
"4T Southern Gulf of St. Lawrence Ecosystem Trawl Survey (RV Survey, Needler)",glf4t2004,2004,112,,,S. L.,2004-12-02,2004,48893,SL48893,300,Longhorn sculpin,Myoxocephalus octodecemspinosus,19.8,1.525,,,,129910,2100,Decapod unidentified,Decapoda,4,Advanced,,,1,0.784,,
"4T Southern Gulf of St. Lawrence Ecosystem Trawl Survey (RV Survey, Needler)",glf4t2004,2004,112,,,S. L.,2004-12-02,2004,48894,SL48894,300,Longhorn sculpin,Myoxocephalus octodecemspinosus,18.9,2.727,,,,129911,616,Fish doctor,Gymnelus viridis,3,Intermediate,88.0,,1,2.614,,
"4T Southern Gulf of St. Lawrence Ecosystem Trawl Survey (RV Survey, Needler)",glf4t2004,2004,112,,,S. L.,2004-12-02,2004,48894,SL48894,300,Longhorn sculpin,Myoxocephalus octodecemspinosus,18.9,2.727,,,,129912,2700,Mysid shrimp,Mysidacea (o.),3,Intermediate,,,1,0.113,,
"4T Southern Gulf of St. Lawrence Ecosystem Trawl Survey (RV Survey, Needler)",glf4t2004,2004,112,,,S. L.,2004-12-02,2004,48895,SL48895,301,Shorthorn sculpin,Myoxocephalus scorpius,25.1,7.246,,,,129913,2411,Arctic argid,Argis dentata,3,Intermediate,,,1,5.168,,
"4T Southern Gulf of St. Lawrence Ecosystem Trawl Survey (RV Survey, Needler)",glf4t2004,2004,112,,,S. L.,2004-12-02,2004,48895,SL48895,301,Shorthorn sculpin,Myoxocephalus scorpius,25.1,7.246,,,,129914,9000,Digested remains unidentified,"Unid remains,digested",4,Advanced,,,1,2.078,,
"4T Southern Gulf of St. Lawrence Ecosystem Trawl Survey (RV Survey, Needler)",glf4t2004,2004,112,,,S. L.,2004-12-02,2004,48896,SL48896,301,Shorthorn sculpin,Myoxocephalus scorpius,19.1,0.804,,,,129915,623,Daubed shanny,Leptoclinus maculatus,3,Intermediate,53.0,,1,0.518,,
"4T Southern Gulf of St. Lawrence Ecosystem Trawl Survey (RV Survey, Needler)",glf4t2004,2004,112,,,S. L.,2004-12-02,2004,48896,SL48896,301,Shorthorn sculpin,Myoxocephalus scorpius,19.1,0.804,,,,129916,2100,Decapod unidentified,Decapoda,4,Advanced,,,1,0.286,,
"4T Southern Gulf of St. Lawrence Ecosystem Trawl Survey (RV Survey, Needler)",glf4t2004,2004,112,,,S. L.,2004-12-02,2004,48897,SL48897,301,Shorthorn sculpin,Myoxocephalus scorpius,21.1,1.686,,,,129917,2333,Circumpolar shrimp,Eualus gaimardii,3,Intermediate,,,1,0.58,,
"4T Southern Gulf of St. Lawrence Ecosystem Trawl Survey (RV Survey, Needler)",glf4t2004,2004,112,,,S. L.,2004-12-02,2004,48897,SL48897,301,Shorthorn sculpin,Myoxocephalus scorpius,21.1,1.686,,,,129918,2421,Sevenline shrimp,Sabinea septemcarinata,3,Intermediate,,,1,1.106,,
"4T Southern Gulf of St. Lawrence Ecosystem Trawl Survey (RV Survey, Needler)",glf4t2004,2004,112,,,S. L.,2004-12-02,2004,48898,SL48898,301,Shorthorn sculpin,Myoxocephalus scorpius,20.6,1.064,,,,129919,2411,Arctic argid,Argis dentata,3,Intermediate,,,1,0.345,,
"4T Southern Gulf of St. Lawrence Ecosystem Trawl Survey (RV Survey, Needler)",glf4t2004,2004,112,,,S. L.,2004-12-02,2004,48898,SL48898,301,Shorthorn sculpin,Myoxocephalus scorpius,20.6,1.064,,,,129920,2331,Greenland shrimp,Eualus macilentus,3,Intermediate,,,1,0.35,,
"4T Southern Gulf of St. Lawrence Ecosystem Trawl Survey (RV Survey, Needler)",glf4t2004,2004,112,,,S. L.,2004-12-02,2004,48898,SL48898,301,Shorthorn sculpin,Myoxocephalus scorpius,20.6,1.064,,,,129921,9000,Digested remains unidentified,"Unid remains,digested",4,Advanced,,,1,0.369,,
"4T Southern Gulf of St. Lawrence Ecosystem Trawl Survey (RV Survey, Needler)",glf4t2004,2004,112,,,S. L.,2004-12-02,2004,48899,SL48899,302,Arctic staghorn sculpin,Gymnocanthus tricuspis,24.0,6.119,,,,129922,2411,Arctic argid,Argis dentata,2,Slight,,,1,5.491,,
"4T Southern Gulf of St. Lawrence Ecosystem Trawl Survey (RV Survey, Needler)",glf4t2004,2004,112,,,S. L.,2004-12-02,2004,48899,SL48899,302,Arctic staghorn sculpin,Gymnocanthus tricuspis,24.0,6.119,,,,129923,9000,Digested remains unidentified,"Unid remains,digested",4,Advanced,,,1,0.459,,
"4T Southern Gulf of St. Lawrence Ecosystem Trawl Survey (RV Survey, Needler)",glf4t2004,2004,112,,,S. L.,2004-12-02,2004,48899,SL48899,302,Arctic staghorn sculpin,Gymnocanthus tricuspis,24.0,6.119,,,,129924,9400,Garbage man-made,"Foreign articles,garbage",1,Undigested/freshly eaten,,,1,0.037,,
"4T Southern Gulf of St. Lawrence Ecosystem Trawl Survey (RV Survey, Needler)",glf4t2004,2004,112,,,S. L.,2004-12-02,2004,48899,SL48899,302,Arctic staghorn sculpin,Gymnocanthus tricuspis,24.0,6.119,,,,129925,3100,Bristle worm unidentified,Polychaeta,3,Intermediate,,,1,0.132,,
"4T Southern Gulf of St. Lawrence Ecosystem Trawl Survey (RV Survey, Needler)",glf4t2004,2004,112,,,S. L.,2005-03-08,2005,48900,SL48900,304,Moustache sculpin,Triglops murrayi,11.9,0.539,,,,129926,2331,Greenland shrimp,Eualus macilentus,3,Intermediate,,,1,0.275,,
"4T Southern Gulf of St. Lawrence Ecosystem Trawl Survey (RV Survey, Needler)",glf4t2004,2004,112,,,S. L.,2005-03-08,2005,48900,SL48900,304,Moustache sculpin,Triglops murrayi,11.9,0.539,,,,129927,2700,Mysid shrimp,Mysidacea (o.),2,Slight,,,1,0.189,,
"4T Southern Gulf of St. Lawrence Ecosystem Trawl Survey (RV Survey, Needler)",glf4t2004,2004,112,,,S. L.,2005-03-08,2005,48900,SL48900,304,Moustache sculpin,Triglops murrayi,11.9,0.539,,,,129928,2910,Calanus sp.,Calanus sp.,2,Slight,,,1,0.034,,
"4T Southern Gulf of St. Lawrence Ecosystem Trawl Survey (RV Survey, Needler)",glf4t2004,2004,112,,,S. L.,2005-03-08,2005,48900,SL48900,304,Moustache sculpin,Triglops murrayi,11.9,0.539,,,,129929,2900,Copepods,Copepoda,4,Advanced,,,1,0.041,,
"4T Southern Gulf of St. Lawrence Ecosystem Trawl Survey (RV Survey, Needler)",glf4t2004,2004,112,,,S. L.,2005-03-08,2005,48901,SL48901,304,Moustache sculpin,Triglops murrayi,11.7,0.73,,,,129930,2700,Mysid shrimp,Mysidacea (o.),2,Slight,,,1,0.101,,
"4T Southern Gulf of St. Lawrence Ecosystem Trawl Survey (RV Survey, Needler)",glf4t2004,2004,112,,,S. L.,2005-03-08,2005,48901,SL48901,304,Moustache sculpin,Triglops murrayi,11.7,0.73,,,,129931,2331,Greenland shrimp,Eualus macilentus,2,Slight,,,1,0.517,,
"4T Southern Gulf of St. Lawrence Ecosystem Trawl Survey (RV Survey, Needler)",glf4t2004,2004,112,,,S. L.,2005-03-08,2005,48901,SL48901,304,Moustache sculpin,Triglops murrayi,11.7,0.73,,,,129932,2000,Crustacean unidentified,Crustacea,4,Advanced,,,1,0.112,,
"4T Southern Gulf of St. Lawrence Ecosystem Trawl Survey (RV Survey, Needler)",glf4t2004,2004,112,,,S. L.,2005-03-29,2005,48902,SL48902,340,Alligatorfish,Aspidophoroides monopterygius,13.1,0.003,,,,129933,2811,Gammaridae unidentified,Gammaridae,2,Slight,,,1,0.002,,
"4T Southern Gulf of St. Lawrence Ecosystem Trawl Survey (RV Survey, Needler)",glf4t2004,2004,112,,,S. L.,2005-03-29,2005,48902,SL48902,340,Alligatorfish,Aspidophoroides monopterygius,13.1,0.003,,,,129934,2000,Crustacean unidentified,Crustacea,4,Advanced,,,1,0.001,,
"4T Southern Gulf of St. Lawrence Ecosystem Trawl Survey (RV Survey, Needler)",glf4t2004,2004,112,,,S. L.,2005-03-29,2005,48903,SL48903,340,Alligatorfish,Aspidophoroides monopterygius,12.3,0.097,,,,129935,2811,Gammaridae unidentified,Gammaridae,3,Intermediate,,,1,0.096,,
"4T Southern Gulf of St. Lawrence Ecosystem Trawl Survey (RV Survey, Needler)",glf4t2004,2004,112,,,S. L.,2005-03-29,2005,48903,SL48903,340,Alligatorfish,Aspidophoroides monopterygius,12.3,0.097,,,,129936,2902,Copepods - 3 mm or less,Copepoda (s.c) - Small,2,Slight,,,1,0.001,,
"4T Southern Gulf of St. Lawrence Ecosystem Trawl Survey (RV Survey, Needler)",glf4t2004,2004,112,,,S. L.,2005-03-29,2005,48904,SL48904,340,Alligatorfish,Aspidophoroides monopterygius,11.5,0.093,,,,129937,2700,Mysid shrimp,Mysidacea (o.),2,Slight,,,1,0.089,,
"4T Southern Gulf of St. Lawrence Ecosystem Trawl Survey (RV Survey, Needler)",glf4t2004,2004,112,,,S. L.,2005-03-29,2005,48904,SL48904,340,Alligatorfish,Aspidophoroides monopterygius,11.5,0.093,,,,129938,2811,Gammaridae unidentified,Gammaridae,3,Intermediate,,,1,0.004,,
"4T Southern Gulf of St. Lawrence Ecosystem Trawl Survey (RV Survey, Needler)",glf4t2004,2004,112,,,S. L.,2005-02-24,2005,48905,SL48905,512,Dusky snailfish,Liparis gibbus,23.2,11.1,,,,129939,2411,Arctic argid,Argis dentata,2,Slight,,,1,2.025,,
"4T Southern Gulf of St. Lawrence Ecosystem Trawl Survey (RV Survey, Needler)",glf4t2004,2004,112,,,S. L.,2005-02-24,2005,48905,SL48905,512,Dusky snailfish,Liparis gibbus,23.2,11.1,,,,129940,2212,Aesop shrimp,Pandalus montagui,2,Slight,,,1,4.143,,
"4T Southern Gulf of St. Lawrence Ecosystem Trawl Survey (RV Survey, Needler)",glf4t2004,2004,112,,,S. L.,2005-02-24,2005,48905,SL48905,512,Dusky snailfish,Liparis gibbus,23.2,11.1,,,,129941,2331,Greenland shrimp,Eualus macilentus,3,Intermediate,,,1,0.285,,
"4T Southern Gulf of St. Lawrence Ecosystem Trawl Survey (RV Survey, Needler)",glf4t2004,2004,112,,,S. L.,2005-02-24,2005,48905,SL48905,512,Dusky snailfish,Liparis gibbus,23.2,11.1,,,,129942,2100,Decapod unidentified,Decapoda,4,Advanced,,,1,3.68,,
"4T Southern Gulf of St. Lawrence Ecosystem Trawl Survey (RV Survey, Needler)",glf4t2004,2004,112,,,S. L.,2005-02-24,2005,48905,SL48905,512,Dusky snailfish,Liparis gibbus,23.2,11.1,,,,129943,90,Fish unidentified,"Unid. fish (larvae,juvenile and adults)",3,Intermediate,45.0,,1,0.374,,
"4T Southern Gulf of St. Lawrence Ecosystem Trawl Survey (RV Survey, Needler)",glf4t2004,2004,112,,,S. L.,2005-02-24,2005,48905,SL48905,512,Dusky snailfish,Liparis gibbus,23.2,11.1,,,,129944,2316,Parrot bladed shrimp,Spirontocaris spinus,3,Intermediate,,,1,0.593,,
"4T Southern Gulf of St. Lawrence Ecosystem Trawl Survey (RV Survey, Needler)",glf4t2004,2004,112,,,S. L.,2005-02-24,2005,48906,SL48906,512,Dusky snailfish,Liparis gibbus,21.7,5.414,,,,129945,2411,Arctic argid,Argis dentata,2,Slight,,,1,0.362,,
"4T Southern Gulf of St. Lawrence Ecosystem Trawl Survey (RV Survey, Needler)",glf4t2004,2004,112,,,S. L.,2005-02-24,2005,48906,SL48906,512,Dusky snailfish,Liparis gibbus,21.7,5.414,,,,129946,2331,Greenland shrimp,Eualus macilentus,2,Slight,,,1,0.538,,
"4T Southern Gulf of St. Lawrence Ecosystem Trawl Survey (RV Survey, Needler)",glf4t2004,2004,112,,,S. L.,2005-02-24,2005,48906,SL48906,512,Dusky snailfish,Liparis gibbus,21.7,5.414,,,,129947,2100,Decapod unidentified,Decapoda,4,Advanced,,,1,4.514,,
"4T Southern Gulf of St. Lawrence Ecosystem Trawl Survey (RV Survey, Needler)",glf4t2004,2004,112,,,S. L.,2005-02-24,2005,48907,SL48907,512,Dusky snailfish,Liparis gibbus,19.0,7.325,,,,129948,623,Daubed shanny,Leptoclinus maculatus,2,Slight,129.0,,1,7.09,,
"4T Southern Gulf of St. Lawrence Ecosystem Trawl Survey (RV Survey, Needler)",glf4t2004,2004,112,,,S. L.,2005-02-24,2005,48907,SL48907,512,Dusky snailfish,Liparis gibbus,19.0,7.325,,,,129949,2411,Arctic argid,Argis dentata,3,Intermediate,,,1,0.235,,
"4T Southern Gulf of St. Lawrence Ecosystem Trawl Survey (RV Survey, Needler)",glf4t2004,2004,112,,,S. L.,2005-02-24,2005,48908,SL48908,512,Dusky snailfish,Liparis gibbus,17.2,2.018,,,,129950,90,Fish unidentified,"Unid. fish (larvae,juvenile and adults)",4,Advanced,,,1,0.089,,
"4T Southern Gulf of St. Lawrence Ecosystem Trawl Survey (RV Survey, Needler)",glf4t2004,2004,112,,,S. L.,2005-02-24,2005,48908,SL48908,512,Dusky snailfish,Liparis gibbus,17.2,2.018,,,,129951,3100,Bristle worm unidentified,Polychaeta,3,Intermediate,,,1,0.136,,
"4T Southern Gulf of St. Lawrence Ecosystem Trawl Survey (RV Survey, Needler)",glf4t2004,2004,112,,,S. L.,2005-02-24,2005,48908,SL48908,512,Dusky snailfish,Liparis gibbus,17.2,2.018,,,,129952,2331,Greenland shrimp,Eualus macilentus,2,Slight,,,1,0.73,,
"4T Southern Gulf of St. Lawrence Ecosystem Trawl Survey (RV Survey, Needler)",glf4t2004,2004,112,,,S. L.,2005-02-24,2005,48908,SL48908,512,Dusky snailfish,Liparis gibbus,17.2,2.018,,,,129953,9300,Seaweed/Algae/Kelp unidentified,Obsolete,1,Undigested/freshly eaten,,,1,0.02,,
"4T Southern Gulf of St. Lawrence Ecosystem Trawl Survey (RV Survey, Needler)",glf4t2004,2004,112,,,S. L.,2005-02-24,2005,48908,SL48908,512,Dusky snailfish,Liparis gibbus,17.2,2.018,,,,129954,2100,Decapod unidentified,Decapoda,4,Advanced,,,1,0.508,,
"4T Southern Gulf of St. Lawrence Ecosystem Trawl Survey (RV Survey, Needler)",glf4t2004,2004,112,,,S. L.,2005-02-24,2005,48908,SL48908,512,Dusky snailfish,Liparis gibbus,17.2,2.018,,,,129955,2212,Aesop shrimp,Pandalus montagui,2,Slight,,,1,0.535,,
"4T Southern Gulf of St. Lawrence Ecosystem Trawl Survey (RV Survey, Needler)",glf4t2004,2004,112,,,S. L.,2005-02-10,2005,48909,SL48909,620,Laval's eelpout,Lycodes lavalaei,67.0,6.807,,,,129956,2331,Greenland shrimp,Eualus macilentus,2,Slight,,,1,1.691,,
"4T Southern Gulf of St. Lawrence Ecosystem Trawl Survey (RV Survey, Needler)",glf4t2004,2004,112,,,S. L.,2005-02-10,2005,48909,SL48909,620,Laval's eelpout,Lycodes lavalaei,67.0,6.807,,,,129957,2411,Arctic argid,Argis dentata,2,Slight,,,1,4.705,,
"4T Southern Gulf of St. Lawrence Ecosystem Trawl Survey (RV Survey, Needler)",glf4t2004,2004,112,,,S. L.,2005-02-10,2005,48909,SL48909,620,Laval's eelpout,Lycodes lavalaei,67.0,6.807,,,,129958,2100,Decapod unidentified,Decapoda,4,Advanced,,,1,0.411,,
"4T Southern Gulf of St. Lawrence Ecosystem Trawl Survey (RV Survey, Needler)",glf4t2004,2004,112,,,S. L.,2005-03-09,2005,48910,SL48910,622,Snakeblenny,Lumpenus lampretaeformis,32.2,0.059,,,,129959,2811,Gammaridae unidentified,Gammaridae,3,Intermediate,,,1,0.001,,
"4T Southern Gulf of St. Lawrence Ecosystem Trawl Survey (RV Survey, Needler)",glf4t2004,2004,112,,,S. L.,2005-03-09,2005,48910,SL48910,622,Snakeblenny,Lumpenus lampretaeformis,32.2,0.059,,,,129960,3100,Bristle worm unidentified,Polychaeta,3,Intermediate,,,1,0.002,,
"4T Southern Gulf of St. Lawrence Ecosystem Trawl Survey (RV Survey, Needler)",glf4t2004,2004,112,,,S. L.,2005-03-09,2005,48910,SL48910,622,Snakeblenny,Lumpenus lampretaeformis,32.2,0.059,,,,129961,9000,Digested remains unidentified,"Unid remains,digested",4,Advanced,,,1,0.056,,
"4T Southern Gulf of St. Lawrence Ecosystem Trawl Survey (RV Survey, Needler)",glf4t2004,2004,112,,,S. L.,2005-03-22,2005,48911,SL48911,623,Daubed shanny,Leptoclinus maculatus,13.1,0.113,,,,129962,2000,Crustacean unidentified,Crustacea,4,Advanced,,,1,0.003,,
"4T Southern Gulf of St. Lawrence Ecosystem Trawl Survey (RV Survey, Needler)",glf4t2004,2004,112,,,S. L.,2005-03-22,2005,48911,SL48911,623,Daubed shanny,Leptoclinus maculatus,13.1,0.113,,,,129963,3100,Bristle worm unidentified,Polychaeta,3,Intermediate,,,1,0.11,,
"4T Southern Gulf of St. Lawrence Ecosystem Trawl Survey (RV Survey, Needler)",glf4t2004,2004,112,,,S. L.,2005-03-22,2005,48912,SL48912,632,Stout eelblenny,Anisarchus medius,11.4,0.051,,,,129964,2700,Mysid shrimp,Mysidacea (o.),3,Intermediate,,,1,0.024,,
"4T Southern Gulf of St. Lawrence Ecosystem Trawl Survey (RV Survey, Needler)",glf4t2004,2004,112,,,S. L.,2005-03-22,2005,48912,SL48912,632,Stout eelblenny,Anisarchus medius,11.4,0.051,,,,129965,9000,Digested remains unidentified,"Unid remains,digested",4,Advanced,,,1,0.027,,
"4T Southern Gulf of St. Lawrence Ecosystem Trawl Survey (RV Survey, Needler)",glf4t2004,2004,112,,,S. L.,2005-03-22,2005,48913,SL48913,632,Stout eelblenny,Anisarchus medius,10.9,0.033,,,,129966,2000,Crustacean unidentified,Crustacea,4,Advanced,,,1,0.019,,
"4T Southern Gulf of St. Lawrence Ecosystem Trawl Survey (RV Survey, Needler)",glf4t2004,2004,112,,,S. L.,2005-03-22,2005,48913,SL48913,632,Stout eelblenny,Anisarchus medius,10.9,0.033,,,,129967,9000,Digested remains unidentified,"Unid remains,digested",4,Advanced,,,1,0.014,,
"4T Southern Gulf of St. Lawrence Ecosystem Trawl Survey (RV Survey, Needler)",glf4t2004,2004,112,,,S. L.,2005-02-23,2005,48914,SL48914,647,Vahl's eelpout,Lycodes vahlii,20.0,0.816,,,,129968,2312,Polar shrimp,Lebbeus polaris,3,Intermediate,,,1,0.278,,
"4T Southern Gulf of St. Lawrence Ecosystem Trawl Survey (RV Survey, Needler)",glf4t2004,2004,112,,,S. L.,2005-02-23,2005,48914,SL48914,647,Vahl's eelpout,Lycodes vahlii,20.0,0.816,,,,129969,2811,Gammaridae unidentified,Gammaridae,2,Slight,,,1,0.538,,
"4T Southern Gulf of St. Lawrence Ecosystem Trawl Survey (RV Survey, Needler)",glf4t2004,2004,113,,,S. L.,2004-12-05,2004,48915,SL48915,43,Winter flounder,Pseudopleuronectes americanus,22.3,0.924,,,,129970,9000,Digested remains unidentified,"Unid remains,digested",4,Advanced,,,1,0.174,,
"4T Southern Gulf of St. Lawrence Ecosystem Trawl Survey (RV Survey, Needler)",glf4t2004,2004,113,,,S. L.,2004-12-05,2004,48915,SL48915,43,Winter flounder,Pseudopleuronectes americanus,22.3,0.924,,,,129971,3100,Bristle worm unidentified,Polychaeta,3,Intermediate,,,1,0.75,,
"4T Southern Gulf of St. Lawrence Ecosystem Trawl Survey (RV Survey, Needler)",glf4t2004,2004,113,,,S. L.,2004-12-04,2004,48916,SL48916,301,Shorthorn sculpin,Myoxocephalus scorpius,20.6,4.207,,,,129972,2333,Circumpolar shrimp,Eualus gaimardii,2,Slight,,,1,0.154,,
"4T Southern Gulf of St. Lawrence Ecosystem Trawl Survey (RV Survey, Needler)",glf4t2004,2004,113,,,S. L.,2004-12-04,2004,48916,SL48916,301,Shorthorn sculpin,Myoxocephalus scorpius,20.6,4.207,,,,129973,2811,Gammaridae unidentified,Gammaridae,2,Slight,,,1,0.33,,
"4T Southern Gulf of St. Lawrence Ecosystem Trawl Survey (RV Survey, Needler)",glf4t2004,2004,113,,,S. L.,2004-12-04,2004,48916,SL48916,301,Shorthorn sculpin,Myoxocephalus scorpius,20.6,4.207,,,,129974,9000,Digested remains unidentified,"Unid remains,digested",4,Advanced,,,1,0.353,,
"4T Southern Gulf of St. Lawrence Ecosystem Trawl Survey (RV Survey, Needler)",glf4t2004,2004,113,,,S. L.,2004-12-04,2004,48916,SL48916,301,Shorthorn sculpin,Myoxocephalus scorpius,20.6,4.207,,,,129975,623,Daubed shanny,Leptoclinus maculatus,3,Intermediate,82.0,,1,1.111,,
"4T Southern Gulf of St. Lawrence Ecosystem Trawl Survey (RV Survey, Needler)",glf4t2004,2004,113,,,S. L.,2004-12-04,2004,48916,SL48916,301,Shorthorn sculpin,Myoxocephalus scorpius,20.6,4.207,,,,129976,623,Daubed shanny,Leptoclinus maculatus,3,Intermediate,49.0,,1,0.653,,
"4T Southern Gulf of St. Lawrence Ecosystem Trawl Survey (RV Survey, Needler)",glf4t2004,2004,113,,,S. L.,2004-12-04,2004,48916,SL48916,301,Shorthorn sculpin,Myoxocephalus scorpius,20.6,4.207,,,,129977,350,Atlantic poacher,Leptagonus decagonus,3,Intermediate,53.0,,1,1.606,,
"4T Southern Gulf of St. Lawrence Ecosystem Trawl Survey (RV Survey, Needler)",glf4t2004,2004,113,,,S. L.,2005-03-20,2005,48917,SL48917,623,Daubed shanny,Leptoclinus maculatus,11.9,0.006,,,,129978,2971,Diastylis sp.,Diastylis,3,Intermediate,,,1,0.002,,
"4T Southern Gulf of St. Lawrence Ecosystem Trawl Survey (RV Survey, Needler)",glf4t2004,2004,113,,,S. L.,2005-03-20,2005,48917,SL48917,623,Daubed shanny,Leptoclinus maculatus,11.9,0.006,,,,129979,3100,Bristle worm unidentified,Polychaeta,3,Intermediate,,,1,0.004,,
"4T Southern Gulf of St. Lawrence Ecosystem Trawl Survey (RV Survey, Needler)",glf4t2004,2004,113,,,S. L.,2005-03-20,2005,48918,SL48918,623,Daubed shanny,Leptoclinus maculatus,11.8,0.077,,,,129980,2811,Gammaridae unidentified,Gammaridae,3,Intermediate,,,1,0.022,,
"4T Southern Gulf of St. Lawrence Ecosystem Trawl Survey (RV Survey, Needler)",glf4t2004,2004,113,,,S. L.,2005-03-20,2005,48918,SL48918,623,Daubed shanny,Leptoclinus maculatus,11.8,0.077,,,,129981,9000,Digested remains unidentified,"Unid remains,digested",4,Advanced,,,1,0.055,,
"4T Southern Gulf of St. Lawrence Ecosystem Trawl Survey (RV Survey, Needler)",glf4t2004,2004,113,,,S. L.,2005-03-20,2005,48919,SL48919,623,Daubed shanny,Leptoclinus maculatus,11.0,0.076,,,,129982,4200,Snails/Slugs unidentified,Gastropoda,2,Slight,,,1,0.015,,
"4T Southern Gulf of St. Lawrence Ecosystem Trawl Survey (RV Survey, Needler)",glf4t2004,2004,113,,,S. L.,2005-03-20,2005,48919,SL48919,623,Daubed shanny,Leptoclinus maculatus,11.0,0.076,,,,129983,3100,Bristle worm unidentified,Polychaeta,3,Intermediate,,,1,0.061,,
"4T Southern Gulf of St. Lawrence Ecosystem Trawl Survey (RV Survey, Needler)",glf4t2004,2004,113,,,S. L.,2005-03-09,2005,48920,SL48920,626,Fourline snakeblenny,Eumesogrammus praecisus,20.0,0.267,,,,129984,2811,Gammaridae unidentified,Gammaridae,3,Intermediate,,,1,0.05,,
"4T Southern Gulf of St. Lawrence Ecosystem Trawl Survey (RV Survey, Needler)",glf4t2004,2004,113,,,S. L.,2005-03-09,2005,48920,SL48920,626,Fourline snakeblenny,Eumesogrammus praecisus,20.0,0.267,,,,129985,3100,Bristle worm unidentified,Polychaeta,3,Intermediate,,,1,0.217,,
"4T Southern Gulf of St. Lawrence Ecosystem Trawl Survey (RV Survey, Needler)",glf4t2004,2004,113,,,S. L.,2005-03-16,2005,48921,SL48921,632,Stout eelblenny,Anisarchus medius,10.7,0.044,,,,129986,2811,Gammaridae unidentified,Gammaridae,3,Intermediate,,,1,0.001,,
"4T Southern Gulf of St. Lawrence Ecosystem Trawl Survey (RV Survey, Needler)",glf4t2004,2004,113,,,S. L.,2005-03-16,2005,48921,SL48921,632,Stout eelblenny,Anisarchus medius,10.7,0.044,,,,129987,9000,Digested remains unidentified,"Unid remains,digested",4,Advanced,,,1,0.043,,
"4T Southern Gulf of St. Lawrence Ecosystem Trawl Survey (RV Survey, Needler)",glf4t2004,2004,113,,,S. L.,2005-03-09,2005,48922,SL48922,647,Vahl's eelpout,Lycodes vahlii,32.1,0.093,,,,129988,2811,Gammaridae unidentified,Gammaridae,2,Slight,,,1,0.052,,
"4T Southern Gulf of St. Lawrence Ecosystem Trawl Survey (RV Survey, Needler)",glf4t2004,2004,113,,,S. L.,2005-03-09,2005,48922,SL48922,647,Vahl's eelpout,Lycodes vahlii,32.1,0.093,,,,129989,3100,Bristle worm unidentified,Polychaeta,3,Intermediate,,,1,0.041,,
"4T Southern Gulf of St. Lawrence Ecosystem Trawl Survey (RV Survey, Needler)",glf4t2004,2004,114,,,S. L.,2005-03-30,2005,48923,SL48923,64,Capelin,Mallotus villosus,13.8,0.009,,,,129990,2906,Hyperiidae unidentified,Hyperiidae,2,Slight,,,1,0.004,,
"4T Southern Gulf of St. Lawrence Ecosystem Trawl Survey (RV Survey, Needler)",glf4t2004,2004,114,,,S. L.,2005-03-30,2005,48923,SL48923,64,Capelin,Mallotus villosus,13.8,0.009,,,,129991,2000,Crustacean unidentified,Crustacea,4,Advanced,,,1,0.005,,
"4T Southern Gulf of St. Lawrence Ecosystem Trawl Survey (RV Survey, Needler)",glf4t2004,2004,114,,,S. L.,2005-03-21,2005,48924,SL48924,632,Stout eelblenny,Anisarchus medius,15.5,0.111,,,,129992,2700,Mysid shrimp,Mysidacea (o.),2,Slight,,,1,0.021,,
"4T Southern Gulf of St. Lawrence Ecosystem Trawl Survey (RV Survey, Needler)",glf4t2004,2004,114,,,S. L.,2005-03-21,2005,48924,SL48924,632,Stout eelblenny,Anisarchus medius,15.5,0.111,,,,129993,2000,Crustacean unidentified,Crustacea,4,Advanced,,,1,0.003,,
"4T Southern Gulf of St. Lawrence Ecosystem Trawl Survey (RV Survey, Needler)",glf4t2004,2004,114,,,S. L.,2005-03-21,2005,48924,SL48924,632,Stout eelblenny,Anisarchus medius,15.5,0.111,,,,129994,9500,Mud,,,,,,1,0.087,,
"4T Southern Gulf of St. Lawrence Ecosystem Trawl Survey (RV Survey, Needler)",glf4t2004,2004,114,,,S. L.,2005-03-21,2005,48925,SL48925,632,Stout eelblenny,Anisarchus medius,11.5,0.131,,,,129995,2600,Krill,Euphausiacea,2,Slight,,,1,0.124,,
"4T Southern Gulf of St. Lawrence Ecosystem Trawl Survey (RV Survey, Needler)",glf4t2004,2004,114,,,S. L.,2005-03-21,2005,48925,SL48925,632,Stout eelblenny,Anisarchus medius,11.5,0.131,,,,129996,2910,Calanus sp.,Calanus sp.,2,Slight,,,1,0.007,,
"4T Southern Gulf of St. Lawrence Ecosystem Trawl Survey (RV Survey, Needler)",glf4t2004,2004,115,,,S. L.,2005-04-03,2005,48926,SL48926,10,Atlantic cod,Gadus morhua,5.0,0.012,,,,129997,2902,Copepods - 3 mm or less,Copepoda (s.c) - Small,2,Slight,,,1,0.004,,
"4T Southern Gulf of St. Lawrence Ecosystem Trawl Survey (RV Survey, Needler)",glf4t2004,2004,115,,,S. L.,2005-04-03,2005,48926,SL48926,10,Atlantic cod,Gadus morhua,5.0,0.012,,,,129998,2900,Copepods,Copepoda,4,Advanced,,,1,0.008,,
"4T Southern Gulf of St. Lawrence Ecosystem Trawl Survey (RV Survey, Needler)",glf4t2004,2004,115,,,S. L.,2005-04-03,2005,48927,SL48927,64,Capelin,Mallotus villosus,9.7,0.035,,,,129999,2910,Calanus sp.,Calanus sp.,2,Slight,,,1,0.005,,
"4T Southern Gulf of St. Lawrence Ecosystem Trawl Survey (RV Survey, Needler)",glf4t2004,2004,115,,,S. L.,2005-04-03,2005,48927,SL48927,64,Capelin,Mallotus villosus,9.7,0.035,,,,130000,2900,Copepods,Copepoda,4,Advanced,,,1,0.03,,
"4T Southern Gulf of St. Lawrence Ecosystem Trawl Survey (RV Survey, Needler)",glf4t2004,2004,116,,,S. L.,2005-01-18,2005,48928,SL48928,30,Atlantic halibut,Hippoglossus hippoglossus,36.0,6.196,,,,130001,2332,Arctic eualid,Eualus fabricii,2,Slight,,,1,0.392,,
"4T Southern Gulf of St. Lawrence Ecosystem Trawl Survey (RV Survey, Needler)",glf4t2004,2004,116,,,S. L.,2005-01-18,2005,48928,SL48928,30,Atlantic halibut,Hippoglossus hippoglossus,36.0,6.196,,,,130002,2211,Northern shrimp,Pandalus borealis,3,Intermediate,,,1,0.685,,
"4T Southern Gulf of St. Lawrence Ecosystem Trawl Survey (RV Survey, Needler)",glf4t2004,2004,116,,,S. L.,2005-01-18,2005,48928,SL48928,30,Atlantic halibut,Hippoglossus hippoglossus,36.0,6.196,,,,130003,90,Fish unidentified,"Unid. fish (larvae,juvenile and adults)",2,Slight,52.0,,1,0.885,,
"4T Southern Gulf of St. Lawrence Ecosystem Trawl Survey (RV Survey, Needler)",glf4t2004,2004,116,,,S. L.,2005-01-18,2005,48928,SL48928,30,Atlantic halibut,Hippoglossus hippoglossus,36.0,6.196,,,,130004,90,Fish unidentified,"Unid. fish (larvae,juvenile and adults)",4,Advanced,,,1,4.234,,
"4T Southern Gulf of St. Lawrence Ecosystem Trawl Survey (RV Survey, Needler)",glf4t2004,2004,116,,,S. L.,2005-01-18,2005,48929,SL48929,30,Atlantic halibut,Hippoglossus hippoglossus,36.0,1.456,,,,130005,623,Daubed shanny,Leptoclinus maculatus,2,Slight,68.0,,1,0.904,,
"4T Southern Gulf of St. Lawrence Ecosystem Trawl Survey (RV Survey, Needler)",glf4t2004,2004,116,,,S. L.,2005-01-18,2005,48929,SL48929,30,Atlantic halibut,Hippoglossus hippoglossus,36.0,1.456,,,,130006,623,Daubed shanny,Leptoclinus maculatus,2,Slight,40.0,,1,0.372,,
"4T Southern Gulf of St. Lawrence Ecosystem Trawl Survey (RV Survey, Needler)",glf4t2004,2004,116,,,S. L.,2005-01-18,2005,48929,SL48929,30,Atlantic halibut,Hippoglossus hippoglossus,36.0,1.456,,,,130007,9000,Digested remains unidentified,"Unid remains,digested",4,Advanced,,,1,0.18,,
"4T Southern Gulf of St. Lawrence Ecosystem Trawl Survey (RV Survey, Needler)",glf4t2004,2004,116,,,S. L.,2005-01-19,2005,48930,SL48930,30,Atlantic halibut,Hippoglossus hippoglossus,34.0,2.281,,,,130008,2700,Mysid shrimp,Mysidacea (o.),2,Slight,,,1,1.021,,
"4T Southern Gulf of St. Lawrence Ecosystem Trawl Survey (RV Survey, Needler)",glf4t2004,2004,116,,,S. L.,2005-01-19,2005,48930,SL48930,30,Atlantic halibut,Hippoglossus hippoglossus,34.0,2.281,,,,130009,2212,Aesop shrimp,Pandalus montagui,2,Slight,,,1,0.112,,
"4T Southern Gulf of St. Lawrence Ecosystem Trawl Survey (RV Survey, Needler)",glf4t2004,2004,116,,,S. L.,2005-01-19,2005,48930,SL48930,30,Atlantic halibut,Hippoglossus hippoglossus,34.0,2.281,,,,130010,2417,Sevenspine bay shrimp,Crangon septemspinosa,2,Slight,,,1,0.236,,
"4T Southern Gulf of St. Lawrence Ecosystem Trawl Survey (RV Survey, Needler)",glf4t2004,2004,116,,,S. L.,2005-01-19,2005,48930,SL48930,30,Atlantic halibut,Hippoglossus hippoglossus,34.0,2.281,,,,130011,2100,Decapod unidentified,Decapoda,3,Intermediate,,,1,0.041,,
"4T Southern Gulf of St. Lawrence Ecosystem Trawl Survey (RV Survey, Needler)",glf4t2004,2004,116,,,S. L.,2005-01-19,2005,48930,SL48930,30,Atlantic halibut,Hippoglossus hippoglossus,34.0,2.281,,,,130012,49,Flounder unidentified (f.),Pleuronectidae (f.),3,Intermediate,,,1,0.871,,
"4T Southern Gulf of St. Lawrence Ecosystem Trawl Survey (RV Survey, Needler)",glf4t2004,2004,116,,,S. L.,2005-01-19,2005,48931,SL48931,30,Atlantic halibut,Hippoglossus hippoglossus,38.0,0.722,,,,130013,49,Flounder unidentified (f.),Pleuronectidae (f.),3,Intermediate,16.0,,1,0.038,,
"4T Southern Gulf of St. Lawrence Ecosystem Trawl Survey (RV Survey, Needler)",glf4t2004,2004,116,,,S. L.,2005-01-19,2005,48931,SL48931,30,Atlantic halibut,Hippoglossus hippoglossus,38.0,0.722,,,,130014,49,Flounder unidentified (f.),Pleuronectidae (f.),3,Intermediate,22.0,,1,0.096,,
"4T Southern Gulf of St. Lawrence Ecosystem Trawl Survey (RV Survey, Needler)",glf4t2004,2004,116,,,S. L.,2005-01-19,2005,48931,SL48931,30,Atlantic halibut,Hippoglossus hippoglossus,38.0,0.722,,,,130015,2700,Mysid shrimp,Mysidacea (o.),2,Slight,,,1,0.225,,
"4T Southern Gulf of St. Lawrence Ecosystem Trawl Survey (RV Survey, Needler)",glf4t2004,2004,116,,,S. L.,2005-01-19,2005,48931,SL48931,30,Atlantic halibut,Hippoglossus hippoglossus,38.0,0.722,,,,130016,90,Fish unidentified,"Unid. fish (larvae,juvenile and adults)",4,Advanced,,,1,0.363,,
"4T Southern Gulf of St. Lawrence Ecosystem Trawl Survey (RV Survey, Needler)",glf4t2004,2004,116,,,S. L.,2004-12-02,2004,48932,SL48932,300,Longhorn sculpin,Myoxocephalus octodecemspinosus,22.5,1.442,,,,130017,40,American plaice,Hippoglossoides platessoides,3,Intermediate,17.0,,1,0.058,,
"4T Southern Gulf of St. Lawrence Ecosystem Trawl Survey (RV Survey, Needler)",glf4t2004,2004,116,,,S. L.,2004-12-02,2004,48932,SL48932,300,Longhorn sculpin,Myoxocephalus octodecemspinosus,22.5,1.442,,,,130018,40,American plaice,Hippoglossoides platessoides,3,Intermediate,,,1,0.064,,
"4T Southern Gulf of St. Lawrence Ecosystem Trawl Survey (RV Survey, Needler)",glf4t2004,2004,116,,,S. L.,2004-12-02,2004,48932,SL48932,300,Longhorn sculpin,Myoxocephalus octodecemspinosus,22.5,1.442,,,,130019,40,American plaice,Hippoglossoides platessoides,3,Intermediate,17.0,,1,0.072,,
"4T Southern Gulf of St. Lawrence Ecosystem Trawl Survey (RV Survey, Needler)",glf4t2004,2004,116,,,S. L.,2004-12-02,2004,48932,SL48932,300,Longhorn sculpin,Myoxocephalus octodecemspinosus,22.5,1.442,,,,130020,40,American plaice,Hippoglossoides platessoides,3,Intermediate,15.0,,1,0.06,,
"4T Southern Gulf of St. Lawrence Ecosystem Trawl Survey (RV Survey, Needler)",glf4t2004,2004,116,,,S. L.,2004-12-02,2004,48932,SL48932,300,Longhorn sculpin,Myoxocephalus octodecemspinosus,22.5,1.442,,,,130021,40,American plaice,Hippoglossoides platessoides,4,Advanced,,,1,1.116,,
"4T Southern Gulf of St. Lawrence Ecosystem Trawl Survey (RV Survey, Needler)",glf4t2004,2004,116,,,S. L.,2004-12-02,2004,48932,SL48932,300,Longhorn sculpin,Myoxocephalus octodecemspinosus,22.5,1.442,,,,130022,4310,Clam unidentified,Protobranchia/Heteroconchia,,,,,1,0.072,,
"4T Southern Gulf of St. Lawrence Ecosystem Trawl Survey (RV Survey, Needler)",glf4t2004,2004,116,,,S. L.,2004-12-02,2004,48933,SL48933,300,Longhorn sculpin,Myoxocephalus octodecemspinosus,25.5,1.687,,,,130023,2811,Gammaridae unidentified,Gammaridae,2,Slight,,,1,0.031,,
"4T Southern Gulf of St. Lawrence Ecosystem Trawl Survey (RV Survey, Needler)",glf4t2004,2004,116,,,S. L.,2004-12-02,2004,48933,SL48933,300,Longhorn sculpin,Myoxocephalus octodecemspinosus,25.5,1.687,,,,130024,90,Fish unidentified,"Unid. fish (larvae,juvenile and adults)",4,Advanced,,,1,1.656,,
"4T Southern Gulf of St. Lawrence Ecosystem Trawl Survey (RV Survey, Needler)",glf4t2004,2004,118,,,S. L.,2004-12-05,2004,48934,SL48934,40,American plaice,Hippoglossoides platessoides,26.0,0.975,,,,130025,9000,Digested remains unidentified,"Unid remains,digested",4,Advanced,,,1,0.4,,
"4T Southern Gulf of St. Lawrence Ecosystem Trawl Survey (RV Survey, Needler)",glf4t2004,2004,118,,,S. L.,2004-12-05,2004,48934,SL48934,40,American plaice,Hippoglossoides platessoides,26.0,0.975,,,,130026,2700,Mysid shrimp,Mysidacea (o.),2,Slight,,,1,0.277,,
"4T Southern Gulf of St. Lawrence Ecosystem Trawl Survey (RV Survey, Needler)",glf4t2004,2004,118,,,S. L.,2004-12-05,2004,48934,SL48934,40,American plaice,Hippoglossoides platessoides,26.0,0.975,,,,130027,3100,Bristle worm unidentified,Polychaeta,2,Slight,,,1,0.298,,
"4T Southern Gulf of St. Lawrence Ecosystem Trawl Survey (RV Survey, Needler)",glf4t2004,2004,118,,,S. L.,2004-12-05,2004,48935,SL48935,40,American plaice,Hippoglossoides platessoides,27.0,0.038,,,,130028,9000,Digested remains unidentified,"Unid remains,digested",4,Advanced,,,1,0.003,,
"4T Southern Gulf of St. Lawrence Ecosystem Trawl Survey (RV Survey, Needler)",glf4t2004,2004,118,,,S. L.,2004-12-05,2004,48935,SL48935,40,American plaice,Hippoglossoides platessoides,27.0,0.038,,,,130029,2700,Mysid shrimp,Mysidacea (o.),3,Intermediate,,,1,0.021,,
"4T Southern Gulf of St. Lawrence Ecosystem Trawl Survey (RV Survey, Needler)",glf4t2004,2004,118,,,S. L.,2004-12-05,2004,48935,SL48935,40,American plaice,Hippoglossoides platessoides,27.0,0.038,,,,130030,2811,Gammaridae unidentified,Gammaridae,2,Slight,,,1,0.014,,
"4T Southern Gulf of St. Lawrence Ecosystem Trawl Survey (RV Survey, Needler)",glf4t2004,2004,118,,,S. L.,2004-12-05,2004,48936,SL48936,40,American plaice,Hippoglossoides platessoides,30.2,2.362,,,,130031,9000,Digested remains unidentified,"Unid remains,digested",4,Advanced,,,1,2.185,,
"4T Southern Gulf of St. Lawrence Ecosystem Trawl Survey (RV Survey, Needler)",glf4t2004,2004,118,,,S. L.,2004-12-05,2004,48936,SL48936,40,American plaice,Hippoglossoides platessoides,30.2,2.362,,,,130032,4300,Bivalve unidentified,Bivalvia,3,Intermediate,,,1,0.177,,
"4T Southern Gulf of St. Lawrence Ecosystem Trawl Survey (RV Survey, Needler)",glf4t2004,2004,118,,,S. L.,2004-12-05,2004,48937,SL48937,40,American plaice,Hippoglossoides platessoides,31.1,0.321,,,,130033,9000,Digested remains unidentified,"Unid remains,digested",4,Advanced,,,1,0.271,,
"4T Southern Gulf of St. Lawrence Ecosystem Trawl Survey (RV Survey, Needler)",glf4t2004,2004,118,,,S. L.,2004-12-05,2004,48937,SL48937,40,American plaice,Hippoglossoides platessoides,31.1,0.321,,,,130034,3100,Bristle worm unidentified,Polychaeta,3,Intermediate,,,1,0.05,,
"4T Southern Gulf of St. Lawrence Ecosystem Trawl Survey (RV Survey, Needler)",glf4t2004,2004,118,,,S. L.,2004-12-05,2004,48938,SL48938,42,Yellowtail flounder,Limanda ferruginea,29.0,4.355,,,,130035,9000,Digested remains unidentified,"Unid remains,digested",4,Advanced,,,1,3.519,,
"4T Southern Gulf of St. Lawrence Ecosystem Trawl Survey (RV Survey, Needler)",glf4t2004,2004,118,,,S. L.,2004-12-05,2004,48938,SL48938,42,Yellowtail flounder,Limanda ferruginea,29.0,4.355,,,,130036,4300,Bivalve unidentified,Bivalvia,3,Intermediate,,,1,0.013,,
"4T Southern Gulf of St. Lawrence Ecosystem Trawl Survey (RV Survey, Needler)",glf4t2004,2004,118,,,S. L.,2004-12-05,2004,48938,SL48938,42,Yellowtail flounder,Limanda ferruginea,29.0,4.355,,,,130037,2811,Gammaridae unidentified,Gammaridae,2,Slight,,,1,0.776,,
"4T Southern Gulf of St. Lawrence Ecosystem Trawl Survey (RV Survey, Needler)",glf4t2004,2004,118,,,S. L.,2004-12-05,2004,48938,SL48938,42,Yellowtail flounder,Limanda ferruginea,29.0,4.355,,,,130038,3100,Bristle worm unidentified,Polychaeta,3,Intermediate,,,1,0.037,,
"4T Southern Gulf of St. Lawrence Ecosystem Trawl Survey (RV Survey, Needler)",glf4t2004,2004,118,,,S. L.,2004-12-05,2004,48939,SL48939,42,Yellowtail flounder,Limanda ferruginea,24.0,2.522,,,,130039,9000,Digested remains unidentified,"Unid remains,digested",4,Advanced,,,1,0.985,,
"4T Southern Gulf of St. Lawrence Ecosystem Trawl Survey (RV Survey, Needler)",glf4t2004,2004,118,,,S. L.,2004-12-05,2004,48939,SL48939,42,Yellowtail flounder,Limanda ferruginea,24.0,2.522,,,,130040,2811,Gammaridae unidentified,Gammaridae,2,Slight,,,1,1.142,,
"4T Southern Gulf of St. Lawrence Ecosystem Trawl Survey (RV Survey, Needler)",glf4t2004,2004,118,,,S. L.,2004-12-05,2004,48939,SL48939,42,Yellowtail flounder,Limanda ferruginea,24.0,2.522,,,,130041,2971,Diastylis sp.,Diastylis,2,Slight,,,1,0.041,,
"4T Southern Gulf of St. Lawrence Ecosystem Trawl Survey (RV Survey, Needler)",glf4t2004,2004,118,,,S. L.,2004-12-05,2004,48939,SL48939,42,Yellowtail flounder,Limanda ferruginea,24.0,2.522,,,,130042,3100,Bristle worm unidentified,Polychaeta,3,Intermediate,,,1,0.354,,
"4T Southern Gulf of St. Lawrence Ecosystem Trawl Survey (RV Survey, Needler)",glf4t2004,2004,118,,,S. L.,2004-12-05,2004,48940,SL48940,42,Yellowtail flounder,Limanda ferruginea,20.6,1.398,,,,130043,9000,Digested remains unidentified,"Unid remains,digested",4,Advanced,,,1,1.275,,
"4T Southern Gulf of St. Lawrence Ecosystem Trawl Survey (RV Survey, Needler)",glf4t2004,2004,118,,,S. L.,2004-12-05,2004,48940,SL48940,42,Yellowtail flounder,Limanda ferruginea,20.6,1.398,,,,130044,2811,Gammaridae unidentified,Gammaridae,2,Slight,,,1,0.055,,
"4T Southern Gulf of St. Lawrence Ecosystem Trawl Survey (RV Survey, Needler)",glf4t2004,2004,118,,,S. L.,2004-12-05,2004,48940,SL48940,42,Yellowtail flounder,Limanda ferruginea,20.6,1.398,,,,130045,3100,Bristle worm unidentified,Polychaeta,3,Intermediate,,,1,0.06,,
"4T Southern Gulf of St. Lawrence Ecosystem Trawl Survey (RV Survey, Needler)",glf4t2004,2004,118,,,S. L.,2004-12-05,2004,48940,SL48940,42,Yellowtail flounder,Limanda ferruginea,20.6,1.398,,,,130046,4300,Bivalve unidentified,Bivalvia,2,Slight,,,1,0.008,,
"4T Southern Gulf of St. Lawrence Ecosystem Trawl Survey (RV Survey, Needler)",glf4t2004,2004,118,,,S. L.,2004-12-05,2004,48941,SL48941,42,Yellowtail flounder,Limanda ferruginea,20.8,1.376,,,,130047,9000,Digested remains unidentified,"Unid remains,digested",4,Advanced,,,1,0.503,,
"4T Southern Gulf of St. Lawrence Ecosystem Trawl Survey (RV Survey, Needler)",glf4t2004,2004,118,,,S. L.,2004-12-05,2004,48941,SL48941,42,Yellowtail flounder,Limanda ferruginea,20.8,1.376,,,,130048,2811,Gammaridae unidentified,Gammaridae,2,Slight,,,1,0.811,,
"4T Southern Gulf of St. Lawrence Ecosystem Trawl Survey (RV Survey, Needler)",glf4t2004,2004,118,,,S. L.,2004-12-05,2004,48941,SL48941,42,Yellowtail flounder,Limanda ferruginea,20.8,1.376,,,,130049,4300,Bivalve unidentified,Bivalvia,2,Slight,,,1,0.002,,
"4T Southern Gulf of St. Lawrence Ecosystem Trawl Survey (RV Survey, Needler)",glf4t2004,2004,118,,,S. L.,2004-12-05,2004,48941,SL48941,42,Yellowtail flounder,Limanda ferruginea,20.8,1.376,,,,130050,2971,Diastylis sp.,Diastylis,2,Slight,,,1,0.06,,
"4T Southern Gulf of St. Lawrence Ecosystem Trawl Survey (RV Survey, Needler)",glf4t2004,2004,118,,,S. L.,2004-12-05,2004,48942,SL48942,42,Yellowtail flounder,Limanda ferruginea,19.9,2.271,,,,130051,9000,Digested remains unidentified,"Unid remains,digested",4,Advanced,,,1,0.635,,
"4T Southern Gulf of St. Lawrence Ecosystem Trawl Survey (RV Survey, Needler)",glf4t2004,2004,118,,,S. L.,2004-12-05,2004,48942,SL48942,42,Yellowtail flounder,Limanda ferruginea,19.9,2.271,,,,130052,2811,Gammaridae unidentified,Gammaridae,2,Slight,,,1,1.621,,
"4T Southern Gulf of St. Lawrence Ecosystem Trawl Survey (RV Survey, Needler)",glf4t2004,2004,118,,,S. L.,2004-12-05,2004,48942,SL48942,42,Yellowtail flounder,Limanda ferruginea,19.9,2.271,,,,130053,3100,Bristle worm unidentified,Polychaeta,3,Intermediate,,,1,0.013,,
"4T Southern Gulf of St. Lawrence Ecosystem Trawl Survey (RV Survey, Needler)",glf4t2004,2004,118,,,S. L.,2004-12-05,2004,48942,SL48942,42,Yellowtail flounder,Limanda ferruginea,19.9,2.271,,,,130054,4300,Bivalve unidentified,Bivalvia,2,Slight,,,1,0.002,,
"4T Southern Gulf of St. Lawrence Ecosystem Trawl Survey (RV Survey, Needler)",glf4t2004,2004,118,,,S. L.,2005-02-21,2005,48943,SL48943,118,Greenland cod,Gadus macrocephalus,35.0,4.596,,,,130055,2811,Gammaridae unidentified,Gammaridae,2,Slight,,,1,0.556,,
"4T Southern Gulf of St. Lawrence Ecosystem Trawl Survey (RV Survey, Needler)",glf4t2004,2004,118,,,S. L.,2005-02-21,2005,48943,SL48943,118,Greenland cod,Gadus macrocephalus,35.0,4.596,,,,130056,2600,Krill,Euphausiacea,3,Intermediate,,,1,1.523,,
"4T Southern Gulf of St. Lawrence Ecosystem Trawl Survey (RV Survey, Needler)",glf4t2004,2004,118,,,S. L.,2005-02-21,2005,48943,SL48943,118,Greenland cod,Gadus macrocephalus,35.0,4.596,,,,130057,2312,Polar shrimp,Lebbeus polaris,2,Slight,,,1,0.528,,
"4T Southern Gulf of St. Lawrence Ecosystem Trawl Survey (RV Survey, Needler)",glf4t2004,2004,118,,,S. L.,2005-02-21,2005,48943,SL48943,118,Greenland cod,Gadus macrocephalus,35.0,4.596,,,,130058,2100,Decapod unidentified,Decapoda,4,Advanced,,,1,1.989,,
"4T Southern Gulf of St. Lawrence Ecosystem Trawl Survey (RV Survey, Needler)",glf4t2004,2004,118,,,S. L.,2005-02-21,2005,48944,SL48944,118,Greenland cod,Gadus macrocephalus,33.0,8.226,,,,130059,2600,Krill,Euphausiacea,2,Slight,,,1,7.993,,
"4T Southern Gulf of St. Lawrence Ecosystem Trawl Survey (RV Survey, Needler)",glf4t2004,2004,118,,,S. L.,2005-02-21,2005,48944,SL48944,118,Greenland cod,Gadus macrocephalus,33.0,8.226,,,,130060,2811,Gammaridae unidentified,Gammaridae,3,Intermediate,,,1,0.233,,
"4T Southern Gulf of St. Lawrence Ecosystem Trawl Survey (RV Survey, Needler)",glf4t2004,2004,118,,,S. L.,2005-02-21,2005,48945,SL48945,118,Greenland cod,Gadus macrocephalus,34.0,3.75,,,,130061,2312,Polar shrimp,Lebbeus polaris,3,Intermediate,,,1,0.847,,
"4T Southern Gulf of St. Lawrence Ecosystem Trawl Survey (RV Survey, Needler)",glf4t2004,2004,118,,,S. L.,2005-02-21,2005,48945,SL48945,118,Greenland cod,Gadus macrocephalus,34.0,3.75,,,,130062,2700,Mysid shrimp,Mysidacea (o.),2,Slight,,,1,0.189,,
"4T Southern Gulf of St. Lawrence Ecosystem Trawl Survey (RV Survey, Needler)",glf4t2004,2004,118,,,S. L.,2005-02-21,2005,48945,SL48945,118,Greenland cod,Gadus macrocephalus,34.0,3.75,,,,130063,2331,Greenland shrimp,Eualus macilentus,3,Intermediate,,,1,0.094,,
"4T Southern Gulf of St. Lawrence Ecosystem Trawl Survey (RV Survey, Needler)",glf4t2004,2004,118,,,S. L.,2005-02-21,2005,48945,SL48945,118,Greenland cod,Gadus macrocephalus,34.0,3.75,,,,130064,2811,Gammaridae unidentified,Gammaridae,3,Intermediate,,,1,0.063,,
"4T Southern Gulf of St. Lawrence Ecosystem Trawl Survey (RV Survey, Needler)",glf4t2004,2004,118,,,S. L.,2005-02-21,2005,48945,SL48945,118,Greenland cod,Gadus macrocephalus,34.0,3.75,,,,130065,3100,Bristle worm unidentified,Polychaeta,2,Slight,,,1,2.557,,
"4T Southern Gulf of St. Lawrence Ecosystem Trawl Survey (RV Survey, Needler)",glf4t2004,2004,118,,,S. L.,2005-02-21,2005,48946,SL48946,118,Greenland cod,Gadus macrocephalus,32.0,5.017,,,,130066,2906,Hyperiidae unidentified,Hyperiidae,2,Slight,,,1,0.324,,
"4T Southern Gulf of St. Lawrence Ecosystem Trawl Survey (RV Survey, Needler)",glf4t2004,2004,118,,,S. L.,2005-02-21,2005,48946,SL48946,118,Greenland cod,Gadus macrocephalus,32.0,5.017,,,,130067,2700,Mysid shrimp,Mysidacea (o.),2,Slight,,,1,0.02,,
"4T Southern Gulf of St. Lawrence Ecosystem Trawl Survey (RV Survey, Needler)",glf4t2004,2004,118,,,S. L.,2005-02-21,2005,48946,SL48946,118,Greenland cod,Gadus macrocephalus,32.0,5.017,,,,130068,2811,Gammaridae unidentified,Gammaridae,2,Slight,,,1,0.04,,
"4T Southern Gulf of St. Lawrence Ecosystem Trawl Survey (RV Survey, Needler)",glf4t2004,2004,118,,,S. L.,2005-02-21,2005,48946,SL48946,118,Greenland cod,Gadus macrocephalus,32.0,5.017,,,,130069,2312,Polar shrimp,Lebbeus polaris,2,Slight,,,1,1.019,,
"4T Southern Gulf of St. Lawrence Ecosystem Trawl Survey (RV Survey, Needler)",glf4t2004,2004,118,,,S. L.,2005-02-21,2005,48946,SL48946,118,Greenland cod,Gadus macrocephalus,32.0,5.017,,,,130070,3100,Bristle worm unidentified,Polychaeta,3,Intermediate,,,1,0.021,,
"4T Southern Gulf of St. Lawrence Ecosystem Trawl Survey (RV Survey, Needler)",glf4t2004,2004,118,,,S. L.,2005-02-21,2005,48946,SL48946,118,Greenland cod,Gadus macrocephalus,32.0,5.017,,,,130071,2000,Crustacean unidentified,Crustacea,4,Advanced,,,1,0.659,,
"4T Southern Gulf of St. Lawrence Ecosystem Trawl Survey (RV Survey, Needler)",glf4t2004,2004,118,,,S. L.,2005-02-21,2005,48946,SL48946,118,Greenland cod,Gadus macrocephalus,32.0,5.017,,,,130072,2100,Decapod unidentified,Decapoda,3,Intermediate,,,1,0.01,,
"4T Southern Gulf of St. Lawrence Ecosystem Trawl Survey (RV Survey, Needler)",glf4t2004,2004,118,,,S. L.,2005-02-22,2005,48947,SL48947,118,Greenland cod,Gadus macrocephalus,33.3,0.017,,,,130073,2700,Mysid shrimp,Mysidacea (o.),3,Intermediate,,,1,0.007,,
"4T Southern Gulf of St. Lawrence Ecosystem Trawl Survey (RV Survey, Needler)",glf4t2004,2004,118,,,S. L.,2005-02-22,2005,48947,SL48947,118,Greenland cod,Gadus macrocephalus,33.3,0.017,,,,130074,90,Fish unidentified,"Unid. fish (larvae,juvenile and adults)",,,,,1,0.01,,
"4T Southern Gulf of St. Lawrence Ecosystem Trawl Survey (RV Survey, Needler)",glf4t2004,2004,118,,,S. L.,2005-02-22,2005,48948,SL48948,302,Arctic staghorn sculpin,Gymnocanthus tricuspis,7.6,0.213,,,,130075,2811,Gammaridae unidentified,Gammaridae,2,Slight,,,1,0.061,,
"4T Southern Gulf of St. Lawrence Ecosystem Trawl Survey (RV Survey, Needler)",glf4t2004,2004,118,,,S. L.,2005-02-22,2005,48948,SL48948,302,Arctic staghorn sculpin,Gymnocanthus tricuspis,7.6,0.213,,,,130076,2971,Diastylis sp.,Diastylis,2,Slight,,,1,0.048,,
"4T Southern Gulf of St. Lawrence Ecosystem Trawl Survey (RV Survey, Needler)",glf4t2004,2004,118,,,S. L.,2005-02-22,2005,48948,SL48948,302,Arctic staghorn sculpin,Gymnocanthus tricuspis,7.6,0.213,,,,130077,9300,Seaweed/Algae/Kelp unidentified,Obsolete,1,Undigested/freshly eaten,,,1,0.003,,
"4T Southern Gulf of St. Lawrence Ecosystem Trawl Survey (RV Survey, Needler)",glf4t2004,2004,118,,,S. L.,2005-02-22,2005,48948,SL48948,302,Arctic staghorn sculpin,Gymnocanthus tricuspis,7.6,0.213,,,,130078,3100,Bristle worm unidentified,Polychaeta,3,Intermediate,,,1,0.005,,
"4T Southern Gulf of St. Lawrence Ecosystem Trawl Survey (RV Survey, Needler)",glf4t2004,2004,118,,,S. L.,2005-02-22,2005,48948,SL48948,302,Arctic staghorn sculpin,Gymnocanthus tricuspis,7.6,0.213,,,,130079,9000,Digested remains unidentified,"Unid remains,digested",4,Advanced,,,1,0.084,,
"4T Southern Gulf of St. Lawrence Ecosystem Trawl Survey (RV Survey, Needler)",glf4t2004,2004,118,,,S. L.,2005-02-22,2005,48948,SL48948,302,Arctic staghorn sculpin,Gymnocanthus tricuspis,7.6,0.213,,,,130080,2000,Crustacean unidentified,Crustacea,4,Advanced,,,1,0.012,,
"4T Southern Gulf of St. Lawrence Ecosystem Trawl Survey (RV Survey, Needler)",glf4t2004,2004,118,,,S. L.,2005-02-22,2005,48949,SL48949,304,Moustache sculpin,Triglops murrayi,11.2,0.143,,,,130081,2700,Mysid shrimp,Mysidacea (o.),2,Slight,,,1,0.135,,
"4T Southern Gulf of St. Lawrence Ecosystem Trawl Survey (RV Survey, Needler)",glf4t2004,2004,118,,,S. L.,2005-02-22,2005,48949,SL48949,304,Moustache sculpin,Triglops murrayi,11.2,0.143,,,,130082,2811,Gammaridae unidentified,Gammaridae,3,Intermediate,,,1,0.005,,
"4T Southern Gulf of St. Lawrence Ecosystem Trawl Survey (RV Survey, Needler)",glf4t2004,2004,118,,,S. L.,2005-02-22,2005,48949,SL48949,304,Moustache sculpin,Triglops murrayi,11.2,0.143,,,,130083,3100,Bristle worm unidentified,Polychaeta,3,Intermediate,,,1,0.003,,
"4T Southern Gulf of St. Lawrence Ecosystem Trawl Survey (RV Survey, Needler)",glf4t2004,2004,118,,,S. L.,2005-02-22,2005,48950,SL48950,340,Alligatorfish,Aspidophoroides monopterygius,10.5,0.01,,,,130084,2811,Gammaridae unidentified,Gammaridae,2,Slight,,,1,0.009,,
"4T Southern Gulf of St. Lawrence Ecosystem Trawl Survey (RV Survey, Needler)",glf4t2004,2004,118,,,S. L.,2005-02-22,2005,48950,SL48950,340,Alligatorfish,Aspidophoroides monopterygius,10.5,0.01,,,,130085,,,,2,Slight,,,1,0.001,,
"4T Southern Gulf of St. Lawrence Ecosystem Trawl Survey (RV Survey, Needler)",glf4t2004,2004,118,,,S. L.,2005-02-22,2005,48951,SL48951,340,Alligatorfish,Aspidophoroides monopterygius,10.9,0.002,,,,130086,2940,Tanaidae f.,Tanaidae f.,2,Slight,,,1,0.001,,
"4T Southern Gulf of St. Lawrence Ecosystem Trawl Survey (RV Survey, Needler)",glf4t2004,2004,118,,,S. L.,2005-02-22,2005,48951,SL48951,340,Alligatorfish,Aspidophoroides monopterygius,10.9,0.002,,,,130087,2811,Gammaridae unidentified,Gammaridae,3,Intermediate,,,1,0.001,,
"4T Southern Gulf of St. Lawrence Ecosystem Trawl Survey (RV Survey, Needler)",glf4t2004,2004,118,,,S. L.,2005-02-22,2005,48952,SL48952,340,Alligatorfish,Aspidophoroides monopterygius,13.6,0.005,,,,130088,2940,Tanaidae f.,Tanaidae f.,2,Slight,,,1,0.001,,
"4T Southern Gulf of St. Lawrence Ecosystem Trawl Survey (RV Survey, Needler)",glf4t2004,2004,118,,,S. L.,2005-02-22,2005,48952,SL48952,340,Alligatorfish,Aspidophoroides monopterygius,13.6,0.005,,,,130089,2000,Crustacean unidentified,Crustacea,4,Advanced,,,1,0.004,,
"4T Southern Gulf of St. Lawrence Ecosystem Trawl Survey (RV Survey, Needler)",glf4t2004,2004,118,,,S. L.,2005-02-21,2005,48953,SL48953,620,Laval's eelpout,Lycodes lavalaei,41.0,2.056,,,,130090,2700,Mysid shrimp,Mysidacea (o.),2,Slight,,,1,1.542,,
"4T Southern Gulf of St. Lawrence Ecosystem Trawl Survey (RV Survey, Needler)",glf4t2004,2004,118,,,S. L.,2005-02-21,2005,48953,SL48953,620,Laval's eelpout,Lycodes lavalaei,41.0,2.056,,,,130091,2811,Gammaridae unidentified,Gammaridae,2,Slight,,,1,0.214,,
"4T Southern Gulf of St. Lawrence Ecosystem Trawl Survey (RV Survey, Needler)",glf4t2004,2004,118,,,S. L.,2005-02-21,2005,48953,SL48953,620,Laval's eelpout,Lycodes lavalaei,41.0,2.056,,,,130092,2411,Arctic argid,Argis dentata,2,Slight,,,1,0.3,,
"4T Southern Gulf of St. Lawrence Ecosystem Trawl Survey (RV Survey, Needler)",glf4t2004,2004,118,,,S. L.,2005-02-22,2005,48954,SL48954,620,Laval's eelpout,Lycodes lavalaei,27.0,0.482,,,,130093,2811,Gammaridae unidentified,Gammaridae,2,Slight,,,1,0.478,,
"4T Southern Gulf of St. Lawrence Ecosystem Trawl Survey (RV Survey, Needler)",glf4t2004,2004,118,,,S. L.,2005-02-22,2005,48954,SL48954,620,Laval's eelpout,Lycodes lavalaei,27.0,0.482,,,,130094,2971,Diastylis sp.,Diastylis,3,Intermediate,,,1,0.004,,
"4T Southern Gulf of St. Lawrence Ecosystem Trawl Survey (RV Survey, Needler)",glf4t2004,2004,118,,,S. L.,2005-03-20,2005,48955,SL48955,623,Daubed shanny,Leptoclinus maculatus,11.8,0.065,,,,130095,2811,Gammaridae unidentified,Gammaridae,2,Slight,,,1,0.011,,
"4T Southern Gulf of St. Lawrence Ecosystem Trawl Survey (RV Survey, Needler)",glf4t2004,2004,118,,,S. L.,2005-03-20,2005,48955,SL48955,623,Daubed shanny,Leptoclinus maculatus,11.8,0.065,,,,130096,2700,Mysid shrimp,Mysidacea (o.),3,Intermediate,,,1,0.054,,
"4T Southern Gulf of St. Lawrence Ecosystem Trawl Survey (RV Survey, Needler)",glf4t2004,2004,118,,,S. L.,2005-03-20,2005,48956,SL48956,623,Daubed shanny,Leptoclinus maculatus,11.1,0.035,,,,130097,2811,Gammaridae unidentified,Gammaridae,3,Intermediate,,,1,0.014,,
"4T Southern Gulf of St. Lawrence Ecosystem Trawl Survey (RV Survey, Needler)",glf4t2004,2004,118,,,S. L.,2005-03-20,2005,48956,SL48956,623,Daubed shanny,Leptoclinus maculatus,11.1,0.035,,,,130098,2971,Diastylis sp.,Diastylis,3,Intermediate,,,1,0.002,,
"4T Southern Gulf of St. Lawrence Ecosystem Trawl Survey (RV Survey, Needler)",glf4t2004,2004,118,,,S. L.,2005-03-20,2005,48956,SL48956,623,Daubed shanny,Leptoclinus maculatus,11.1,0.035,,,,130099,9000,Digested remains unidentified,"Unid remains,digested",4,Advanced,,,1,0.019,,
"4T Southern Gulf of St. Lawrence Ecosystem Trawl Survey (RV Survey, Needler)",glf4t2004,2004,118,,,S. L.,2005-03-20,2005,48957,SL48957,623,Daubed shanny,Leptoclinus maculatus,11.5,0.041,,,,130100,2811,Gammaridae unidentified,Gammaridae,3,Intermediate,,,1,0.006,,
"4T Southern Gulf of St. Lawrence Ecosystem Trawl Survey (RV Survey, Needler)",glf4t2004,2004,118,,,S. L.,2005-03-20,2005,48957,SL48957,623,Daubed shanny,Leptoclinus maculatus,11.5,0.041,,,,130101,9000,Digested remains unidentified,"Unid remains,digested",4,Advanced,,,1,0.035,,
"4T Southern Gulf of St. Lawrence Ecosystem Trawl Survey (RV Survey, Needler)",glf4t2004,2004,118,,,S. L.,2005-02-21,2005,48958,SL48958,626,Fourline snakeblenny,Eumesogrammus praecisus,16.7,0.141,,,,130102,3100,Bristle worm unidentified,Polychaeta,3,Intermediate,,,1,0.138,,
"4T Southern Gulf of St. Lawrence Ecosystem Trawl Survey (RV Survey, Needler)",glf4t2004,2004,118,,,S. L.,2005-02-21,2005,48958,SL48958,626,Fourline snakeblenny,Eumesogrammus praecisus,16.7,0.141,,,,130103,2000,Crustacean unidentified,Crustacea,4,Advanced,,,1,0.003,,
"4T Southern Gulf of St. Lawrence Ecosystem Trawl Survey (RV Survey, Needler)",glf4t2004,2004,118,,,S. L.,2005-02-21,2005,48959,SL48959,626,Fourline snakeblenny,Eumesogrammus praecisus,16.0,0.029,,,,130104,2940,Tanaidae f.,Tanaidae f.,2,Slight,,,1,0.001,,
"4T Southern Gulf of St. Lawrence Ecosystem Trawl Survey (RV Survey, Needler)",glf4t2004,2004,118,,,S. L.,2005-02-21,2005,48959,SL48959,626,Fourline snakeblenny,Eumesogrammus praecisus,16.0,0.029,,,,130105,9000,Digested remains unidentified,"Unid remains,digested",4,Advanced,,,1,0.028,,
"4T Southern Gulf of St. Lawrence Ecosystem Trawl Survey (RV Survey, Needler)",glf4t2004,2004,118,,,S. L.,2005-02-21,2005,48960,SL48960,626,Fourline snakeblenny,Eumesogrammus praecisus,15.5,0.036,,,,130106,3100,Bristle worm unidentified,Polychaeta,2,Slight,,,1,0.028,,
"4T Southern Gulf of St. Lawrence Ecosystem Trawl Survey (RV Survey, Needler)",glf4t2004,2004,118,,,S. L.,2005-02-21,2005,48960,SL48960,626,Fourline snakeblenny,Eumesogrammus praecisus,15.5,0.036,,,,130107,9300,Seaweed/Algae/Kelp unidentified,Obsolete,,,,,1,0.008,,
"4T Southern Gulf of St. Lawrence Ecosystem Trawl Survey (RV Survey, Needler)",glf4t2004,2004,118,,,S. L.,2005-02-28,2005,48961,SL48961,626,Fourline snakeblenny,Eumesogrammus praecisus,15.6,0.177,,,,130108,2811,Gammaridae unidentified,Gammaridae,3,Intermediate,,,1,0.111,,
"4T Southern Gulf of St. Lawrence Ecosystem Trawl Survey (RV Survey, Needler)",glf4t2004,2004,118,,,S. L.,2005-02-28,2005,48961,SL48961,626,Fourline snakeblenny,Eumesogrammus praecisus,15.6,0.177,,,,130109,9300,Seaweed/Algae/Kelp unidentified,Obsolete,1,Undigested/freshly eaten,,,1,0.024,,
"4T Southern Gulf of St. Lawrence Ecosystem Trawl Survey (RV Survey, Needler)",glf4t2004,2004,118,,,S. L.,2005-02-28,2005,48961,SL48961,626,Fourline snakeblenny,Eumesogrammus praecisus,15.6,0.177,,,,130110,9000,Digested remains unidentified,"Unid remains,digested",4,Advanced,,,1,0.042,,
"4T Southern Gulf of St. Lawrence Ecosystem Trawl Survey (RV Survey, Needler)",glf4t2004,2004,118,,,S. L.,2005-03-20,2005,48962,SL48962,880,Atlantic hookear sculpin,Artediellus atlanticus,5.7,0.015,,,,130111,2811,Gammaridae unidentified,Gammaridae,3,Intermediate,,,1,0.005,,
"4T Southern Gulf of St. Lawrence Ecosystem Trawl Survey (RV Survey, Needler)",glf4t2004,2004,118,,,S. L.,2005-03-20,2005,48962,SL48962,880,Atlantic hookear sculpin,Artediellus atlanticus,5.7,0.015,,,,130112,9700,Sand,Sand,,,,,1,0.01,,
"4T Southern Gulf of St. Lawrence Ecosystem Trawl Survey (RV Survey, Needler)",glf4t2004,2004,118,,,S. L.,2005-03-20,2005,48963,SL48963,880,Atlantic hookear sculpin,Artediellus atlanticus,5.0,0.012,,,,130113,2811,Gammaridae unidentified,Gammaridae,3,Intermediate,,,1,0.008,,
"4T Southern Gulf of St. Lawrence Ecosystem Trawl Survey (RV Survey, Needler)",glf4t2004,2004,118,,,S. L.,2005-03-20,2005,48963,SL48963,880,Atlantic hookear sculpin,Artediellus atlanticus,5.0,0.012,,,,130114,2940,Tanaidae f.,Tanaidae f.,2,Slight,,,1,0.001,,
"4T Southern Gulf of St. Lawrence Ecosystem Trawl Survey (RV Survey, Needler)",glf4t2004,2004,118,,,S. L.,2005-03-20,2005,48963,SL48963,880,Atlantic hookear sculpin,Artediellus atlanticus,5.0,0.012,,,,130115,2971,Diastylis sp.,Diastylis,2,Slight,,,1,0.002,,
"4T Southern Gulf of St. Lawrence Ecosystem Trawl Survey (RV Survey, Needler)",glf4t2004,2004,118,,,S. L.,2005-03-20,2005,48963,SL48963,880,Atlantic hookear sculpin,Artediellus atlanticus,5.0,0.012,,,,130116,2980,Isopoda unidentified,Isopoda,3,Intermediate,,,1,0.001,,
"4T Southern Gulf of St. Lawrence Ecosystem Trawl Survey (RV Survey, Needler)",glf4t2004,2004,118,,,S. L.,2005-03-20,2005,48964,SL48964,880,Atlantic hookear sculpin,Artediellus atlanticus,5.2,0.03,,,,130117,3100,Bristle worm unidentified,Polychaeta,3,Intermediate,,,1,0.029,,
"4T Southern Gulf of St. Lawrence Ecosystem Trawl Survey (RV Survey, Needler)",glf4t2004,2004,118,,,S. L.,2005-03-20,2005,48964,SL48964,880,Atlantic hookear sculpin,Artediellus atlanticus,5.2,0.03,,,,130118,9200,Stones/Rocks,Stones and rocks,,,,,1,0.001,,
"4T Southern Gulf of St. Lawrence Ecosystem Trawl Survey (RV Survey, Needler)",glf4t2004,2004,118,,,S. L.,2005-03-20,2005,48965,SL48965,880,Atlantic hookear sculpin,Artediellus atlanticus,4.5,0.011,,,,130119,2902,Copepods - 3 mm or less,Copepoda (s.c) - Small,2,Slight,,,1,0.002,,
"4T Southern Gulf of St. Lawrence Ecosystem Trawl Survey (RV Survey, Needler)",glf4t2004,2004,118,,,S. L.,2005-03-20,2005,48965,SL48965,880,Atlantic hookear sculpin,Artediellus atlanticus,4.5,0.011,,,,130120,9500,Mud,,,,,,1,0.009,,
"4T Southern Gulf of St. Lawrence Ecosystem Trawl Survey (RV Survey, Needler)",glf4t2004,2004,119,,,S. L.,2004-12-05,2004,48966,SL48966,40,American plaice,Hippoglossoides platessoides,27.5,1.261,,,,130121,2700,Mysid shrimp,Mysidacea (o.),2,Slight,,,1,0.25,,
"4T Southern Gulf of St. Lawrence Ecosystem Trawl Survey (RV Survey, Needler)",glf4t2004,2004,119,,,S. L.,2004-12-05,2004,48966,SL48966,40,American plaice,Hippoglossoides platessoides,27.5,1.261,,,,130122,9000,Digested remains unidentified,"Unid remains,digested",4,Advanced,,,1,1.011,,
"4T Southern Gulf of St. Lawrence Ecosystem Trawl Survey (RV Survey, Needler)",glf4t2004,2004,119,,,S. L.,2005-03-09,2005,48967,SL48967,40,American plaice,Hippoglossoides platessoides,33.0,2.855,,,,130123,2700,Mysid shrimp,Mysidacea (o.),2,Slight,,,1,0.664,,
"4T Southern Gulf of St. Lawrence Ecosystem Trawl Survey (RV Survey, Needler)",glf4t2004,2004,119,,,S. L.,2005-03-09,2005,48967,SL48967,40,American plaice,Hippoglossoides platessoides,33.0,2.855,,,,130124,2811,Gammaridae unidentified,Gammaridae,2,Slight,,,1,0.055,,
"4T Southern Gulf of St. Lawrence Ecosystem Trawl Survey (RV Survey, Needler)",glf4t2004,2004,119,,,S. L.,2005-03-09,2005,48967,SL48967,40,American plaice,Hippoglossoides platessoides,33.0,2.855,,,,130125,3100,Bristle worm unidentified,Polychaeta,3,Intermediate,,,1,0.57,,
"4T Southern Gulf of St. Lawrence Ecosystem Trawl Survey (RV Survey, Needler)",glf4t2004,2004,119,,,S. L.,2005-03-09,2005,48967,SL48967,40,American plaice,Hippoglossoides platessoides,33.0,2.855,,,,130126,9300,Seaweed/Algae/Kelp unidentified,Obsolete,1,Undigested/freshly eaten,,,1,0.036,,
"4T Southern Gulf of St. Lawrence Ecosystem Trawl Survey (RV Survey, Needler)",glf4t2004,2004,119,,,S. L.,2005-03-09,2005,48967,SL48967,40,American plaice,Hippoglossoides platessoides,33.0,2.855,,,,130127,9700,Sand,Sand,,,,,1,0.42,,
"4T Southern Gulf of St. Lawrence Ecosystem Trawl Survey (RV Survey, Needler)",glf4t2004,2004,119,,,S. L.,2005-03-09,2005,48967,SL48967,40,American plaice,Hippoglossoides platessoides,33.0,2.855,,,,130128,9000,Digested remains unidentified,"Unid remains,digested",,,,,1,0.861,,
"4T Southern Gulf of St. Lawrence Ecosystem Trawl Survey (RV Survey, Needler)",glf4t2004,2004,119,,,S. L.,2005-03-09,2005,48967,SL48967,40,American plaice,Hippoglossoides platessoides,33.0,2.855,,,,130129,90,Fish unidentified,"Unid. fish (larvae,juvenile and adults)",3,Intermediate,49.0,,1,0.249,,
"4T Southern Gulf of St. Lawrence Ecosystem Trawl Survey (RV Survey, Needler)",glf4t2004,2004,119,,,S. L.,2004-12-05,2004,48968,SL48968,42,Yellowtail flounder,Limanda ferruginea,24.7,1.394,,,,130130,2811,Gammaridae unidentified,Gammaridae,3,Intermediate,,,1,0.558,,
"4T Southern Gulf of St. Lawrence Ecosystem Trawl Survey (RV Survey, Needler)",glf4t2004,2004,119,,,S. L.,2004-12-05,2004,48968,SL48968,42,Yellowtail flounder,Limanda ferruginea,24.7,1.394,,,,130131,2700,Mysid shrimp,Mysidacea (o.),3,Intermediate,,,1,0.016,,
"4T Southern Gulf of St. Lawrence Ecosystem Trawl Survey (RV Survey, Needler)",glf4t2004,2004,119,,,S. L.,2004-12-05,2004,48968,SL48968,42,Yellowtail flounder,Limanda ferruginea,24.7,1.394,,,,130132,6400,Sea urchin unidentified,Strongylocentrotus,3,Intermediate,,,1,0.126,,
"4T Southern Gulf of St. Lawrence Ecosystem Trawl Survey (RV Survey, Needler)",glf4t2004,2004,119,,,S. L.,2004-12-05,2004,48968,SL48968,42,Yellowtail flounder,Limanda ferruginea,24.7,1.394,,,,130133,9000,Digested remains unidentified,"Unid remains,digested",4,Advanced,,,1,0.694,,
"4T Southern Gulf of St. Lawrence Ecosystem Trawl Survey (RV Survey, Needler)",glf4t2004,2004,119,,,S. L.,2004-12-05,2004,48969,SL48969,42,Yellowtail flounder,Limanda ferruginea,26.3,1.24,,,,130134,9000,Digested remains unidentified,"Unid remains,digested",4,Advanced,,,1,0.882,,
"4T Southern Gulf of St. Lawrence Ecosystem Trawl Survey (RV Survey, Needler)",glf4t2004,2004,119,,,S. L.,2004-12-05,2004,48969,SL48969,42,Yellowtail flounder,Limanda ferruginea,26.3,1.24,,,,130135,4300,Bivalve unidentified,Bivalvia,3,Intermediate,,,1,0.07,,
"4T Southern Gulf of St. Lawrence Ecosystem Trawl Survey (RV Survey, Needler)",glf4t2004,2004,119,,,S. L.,2004-12-05,2004,48969,SL48969,42,Yellowtail flounder,Limanda ferruginea,26.3,1.24,,,,130136,2811,Gammaridae unidentified,Gammaridae,2,Slight,,,1,0.069,,
"4T Southern Gulf of St. Lawrence Ecosystem Trawl Survey (RV Survey, Needler)",glf4t2004,2004,119,,,S. L.,2004-12-05,2004,48969,SL48969,42,Yellowtail flounder,Limanda ferruginea,26.3,1.24,,,,130137,3100,Bristle worm unidentified,Polychaeta,2,Slight,,,1,0.219,,
"4T Southern Gulf of St. Lawrence Ecosystem Trawl Survey (RV Survey, Needler)",glf4t2004,2004,119,,,S. L.,2004-12-05,2004,48970,SL48970,42,Yellowtail flounder,Limanda ferruginea,20.7,0.253,,,,130138,2811,Gammaridae unidentified,Gammaridae,3,Intermediate,,,1,0.033,,
"4T Southern Gulf of St. Lawrence Ecosystem Trawl Survey (RV Survey, Needler)",glf4t2004,2004,119,,,S. L.,2004-12-05,2004,48970,SL48970,42,Yellowtail flounder,Limanda ferruginea,20.7,0.253,,,,130139,4300,Bivalve unidentified,Bivalvia,3,Intermediate,,,1,0.003,,
"4T Southern Gulf of St. Lawrence Ecosystem Trawl Survey (RV Survey, Needler)",glf4t2004,2004,119,,,S. L.,2004-12-05,2004,48970,SL48970,42,Yellowtail flounder,Limanda ferruginea,20.7,0.253,,,,130140,9000,Digested remains unidentified,"Unid remains,digested",4,Advanced,,,1,0.217,,
"4T Southern Gulf of St. Lawrence Ecosystem Trawl Survey (RV Survey, Needler)",glf4t2004,2004,119,,,S. L.,2004-12-05,2004,48971,SL48971,42,Yellowtail flounder,Limanda ferruginea,17.1,0.295,,,,130141,2811,Gammaridae unidentified,Gammaridae,3,Intermediate,,,1,0.054,,
"4T Southern Gulf of St. Lawrence Ecosystem Trawl Survey (RV Survey, Needler)",glf4t2004,2004,119,,,S. L.,2004-12-05,2004,48971,SL48971,42,Yellowtail flounder,Limanda ferruginea,17.1,0.295,,,,130142,2700,Mysid shrimp,Mysidacea (o.),2,Slight,,,1,0.027,,
"4T Southern Gulf of St. Lawrence Ecosystem Trawl Survey (RV Survey, Needler)",glf4t2004,2004,119,,,S. L.,2004-12-05,2004,48971,SL48971,42,Yellowtail flounder,Limanda ferruginea,17.1,0.295,,,,130143,3100,Bristle worm unidentified,Polychaeta,3,Intermediate,,,1,0.026,,
"4T Southern Gulf of St. Lawrence Ecosystem Trawl Survey (RV Survey, Needler)",glf4t2004,2004,119,,,S. L.,2004-12-05,2004,48971,SL48971,42,Yellowtail flounder,Limanda ferruginea,17.1,0.295,,,,130144,6400,Sea urchin unidentified,Strongylocentrotus,2,Slight,,,1,0.005,,
"4T Southern Gulf of St. Lawrence Ecosystem Trawl Survey (RV Survey, Needler)",glf4t2004,2004,119,,,S. L.,2004-12-05,2004,48971,SL48971,42,Yellowtail flounder,Limanda ferruginea,17.1,0.295,,,,130145,9000,Digested remains unidentified,"Unid remains,digested",4,Advanced,,,1,0.183,,
"4T Southern Gulf of St. Lawrence Ecosystem Trawl Survey (RV Survey, Needler)",glf4t2004,2004,119,,,S. L.,2004-12-05,2004,48972,SL48972,42,Yellowtail flounder,Limanda ferruginea,15.3,0.288,,,,130146,2811,Gammaridae unidentified,Gammaridae,2,Slight,,,1,0.2,,
"4T Southern Gulf of St. Lawrence Ecosystem Trawl Survey (RV Survey, Needler)",glf4t2004,2004,119,,,S. L.,2004-12-05,2004,48972,SL48972,42,Yellowtail flounder,Limanda ferruginea,15.3,0.288,,,,130147,2971,Diastylis sp.,Diastylis,2,Slight,,,1,0.007,,
"4T Southern Gulf of St. Lawrence Ecosystem Trawl Survey (RV Survey, Needler)",glf4t2004,2004,119,,,S. L.,2004-12-05,2004,48972,SL48972,42,Yellowtail flounder,Limanda ferruginea,15.3,0.288,,,,130148,9000,Digested remains unidentified,"Unid remains,digested",4,Advanced,,,1,0.081,,
"4T Southern Gulf of St. Lawrence Ecosystem Trawl Survey (RV Survey, Needler)",glf4t2004,2004,119,,,S. L.,2004-12-04,2004,48973,SL48973,300,Longhorn sculpin,Myoxocephalus octodecemspinosus,24.7,2.897,,,,130149,2700,Mysid shrimp,Mysidacea (o.),2,Slight,,,1,2.88,,
"4T Southern Gulf of St. Lawrence Ecosystem Trawl Survey (RV Survey, Needler)",glf4t2004,2004,119,,,S. L.,2004-12-04,2004,48973,SL48973,300,Longhorn sculpin,Myoxocephalus octodecemspinosus,24.7,2.897,,,,130150,2811,Gammaridae unidentified,Gammaridae,2,Slight,,,1,0.017,,
"4T Southern Gulf of St. Lawrence Ecosystem Trawl Survey (RV Survey, Needler)",glf4t2004,2004,119,,,S. L.,2004-12-04,2004,48974,SL48974,300,Longhorn sculpin,Myoxocephalus octodecemspinosus,21.7,1.818,,,,130151,2411,Arctic argid,Argis dentata,2,Slight,,,1,1.286,,
"4T Southern Gulf of St. Lawrence Ecosystem Trawl Survey (RV Survey, Needler)",glf4t2004,2004,119,,,S. L.,2004-12-04,2004,48974,SL48974,300,Longhorn sculpin,Myoxocephalus octodecemspinosus,21.7,1.818,,,,130152,2700,Mysid shrimp,Mysidacea (o.),2,Slight,,,1,0.434,,
"4T Southern Gulf of St. Lawrence Ecosystem Trawl Survey (RV Survey, Needler)",glf4t2004,2004,119,,,S. L.,2004-12-04,2004,48974,SL48974,300,Longhorn sculpin,Myoxocephalus octodecemspinosus,21.7,1.818,,,,130153,2000,Crustacean unidentified,Crustacea,4,Advanced,,,1,0.098,,
"4T Southern Gulf of St. Lawrence Ecosystem Trawl Survey (RV Survey, Needler)",glf4t2004,2004,119,,,S. L.,2004-12-04,2004,48975,SL48975,300,Longhorn sculpin,Myoxocephalus octodecemspinosus,20.7,1.133,,,,130154,2411,Arctic argid,Argis dentata,3,Intermediate,,,1,0.456,,
"4T Southern Gulf of St. Lawrence Ecosystem Trawl Survey (RV Survey, Needler)",glf4t2004,2004,119,,,S. L.,2004-12-04,2004,48975,SL48975,300,Longhorn sculpin,Myoxocephalus octodecemspinosus,20.7,1.133,,,,130155,2700,Mysid shrimp,Mysidacea (o.),2,Slight,,,1,0.677,,
"4T Southern Gulf of St. Lawrence Ecosystem Trawl Survey (RV Survey, Needler)",glf4t2004,2004,119,,,S. L.,2005-03-19,2005,48976,SL48976,301,Shorthorn sculpin,Myoxocephalus scorpius,35.0,35.755,,,,130156,7100,Round worm unidentified,Nematoda,1,Undigested/freshly eaten,,,1,0.046,,
"4T Southern Gulf of St. Lawrence Ecosystem Trawl Survey (RV Survey, Needler)",glf4t2004,2004,119,,,S. L.,2005-03-19,2005,48976,SL48976,301,Shorthorn sculpin,Myoxocephalus scorpius,35.0,35.755,,,,130157,2521,Arctic Lyre Crab/Lesser toad crab,Hyas coarctatus,2,Slight,27.0,,1,11.056,,
"4T Southern Gulf of St. Lawrence Ecosystem Trawl Survey (RV Survey, Needler)",glf4t2004,2004,119,,,S. L.,2005-03-19,2005,48976,SL48976,301,Shorthorn sculpin,Myoxocephalus scorpius,35.0,35.755,,,,130158,2521,Arctic Lyre Crab/Lesser toad crab,Hyas coarctatus,2,Slight,26.0,,1,7.867,,
"4T Southern Gulf of St. Lawrence Ecosystem Trawl Survey (RV Survey, Needler)",glf4t2004,2004,119,,,S. L.,2005-03-19,2005,48976,SL48976,301,Shorthorn sculpin,Myoxocephalus scorpius,35.0,35.755,,,,130159,2521,Arctic Lyre Crab/Lesser toad crab,Hyas coarctatus,2,Slight,26.0,,1,11.093,,
"4T Southern Gulf of St. Lawrence Ecosystem Trawl Survey (RV Survey, Needler)",glf4t2004,2004,119,,,S. L.,2005-03-19,2005,48976,SL48976,301,Shorthorn sculpin,Myoxocephalus scorpius,35.0,35.755,,,,130160,2521,Arctic Lyre Crab/Lesser toad crab,Hyas coarctatus,3,Intermediate,,,1,3.752,,
"4T Southern Gulf of St. Lawrence Ecosystem Trawl Survey (RV Survey, Needler)",glf4t2004,2004,119,,,S. L.,2005-03-19,2005,48976,SL48976,301,Shorthorn sculpin,Myoxocephalus scorpius,35.0,35.755,,,,130161,2521,Arctic Lyre Crab/Lesser toad crab,Hyas coarctatus,2,Slight,,,1,1.439,,
"4T Southern Gulf of St. Lawrence Ecosystem Trawl Survey (RV Survey, Needler)",glf4t2004,2004,119,,,S. L.,2005-03-19,2005,48976,SL48976,301,Shorthorn sculpin,Myoxocephalus scorpius,35.0,35.755,,,,130162,9300,Seaweed/Algae/Kelp unidentified,Obsolete,1,Undigested/freshly eaten,,,1,0.23,,
"4T Southern Gulf of St. Lawrence Ecosystem Trawl Survey (RV Survey, Needler)",glf4t2004,2004,119,,,S. L.,2005-03-19,2005,48976,SL48976,301,Shorthorn sculpin,Myoxocephalus scorpius,35.0,35.755,,,,130163,4300,Bivalve unidentified,Bivalvia,3,Intermediate,,,1,0.272,,
"4T Southern Gulf of St. Lawrence Ecosystem Trawl Survey (RV Survey, Needler)",glf4t2004,2004,119,,,S. L.,2005-03-22,2005,48977,SL48977,301,Shorthorn sculpin,Myoxocephalus scorpius,32.0,40.095,,,,130164,2521,Arctic Lyre Crab/Lesser toad crab,Hyas coarctatus,2,Slight,28.0,,1,11.129,,
"4T Southern Gulf of St. Lawrence Ecosystem Trawl Survey (RV Survey, Needler)",glf4t2004,2004,119,,,S. L.,2005-03-22,2005,48977,SL48977,301,Shorthorn sculpin,Myoxocephalus scorpius,32.0,40.095,,,,130165,2526,Snow crab,Chionoecetes opilio,2,Slight,26.0,,1,5.0,,
"4T Southern Gulf of St. Lawrence Ecosystem Trawl Survey (RV Survey, Needler)",glf4t2004,2004,119,,,S. L.,2005-03-22,2005,48977,SL48977,301,Shorthorn sculpin,Myoxocephalus scorpius,32.0,40.095,,,,130166,2526,Snow crab,Chionoecetes opilio,2,Slight,28.0,,1,8.468,,
"4T Southern Gulf of St. Lawrence Ecosystem Trawl Survey (RV Survey, Needler)",glf4t2004,2004,119,,,S. L.,2005-03-22,2005,48977,SL48977,301,Shorthorn sculpin,Myoxocephalus scorpius,32.0,40.095,,,,130167,9300,Seaweed/Algae/Kelp unidentified,Obsolete,,,,,1,0.203,,
"4T Southern Gulf of St. Lawrence Ecosystem Trawl Survey (RV Survey, Needler)",glf4t2004,2004,119,,,S. L.,2005-03-22,2005,48977,SL48977,301,Shorthorn sculpin,Myoxocephalus scorpius,32.0,40.095,,,,130168,2811,Gammaridae unidentified,Gammaridae,2,Slight,,,1,0.431,,
"4T Southern Gulf of St. Lawrence Ecosystem Trawl Survey (RV Survey, Needler)",glf4t2004,2004,119,,,S. L.,2005-03-22,2005,48977,SL48977,301,Shorthorn sculpin,Myoxocephalus scorpius,32.0,40.095,,,,130169,3100,Bristle worm unidentified,Polychaeta,3,Intermediate,,,1,0.874,,
"4T Southern Gulf of St. Lawrence Ecosystem Trawl Survey (RV Survey, Needler)",glf4t2004,2004,119,,,S. L.,2005-03-22,2005,48977,SL48977,301,Shorthorn sculpin,Myoxocephalus scorpius,32.0,40.095,,,,130170,2521,Arctic Lyre Crab/Lesser toad crab,Hyas coarctatus,3,Intermediate,23.0,,1,4.644,,
"4T Southern Gulf of St. Lawrence Ecosystem Trawl Survey (RV Survey, Needler)",glf4t2004,2004,119,,,S. L.,2005-03-22,2005,48977,SL48977,301,Shorthorn sculpin,Myoxocephalus scorpius,32.0,40.095,,,,130171,2500,Crab sp.,Crab sp.,4,Advanced,,,1,3.846,,
"4T Southern Gulf of St. Lawrence Ecosystem Trawl Survey (RV Survey, Needler)",glf4t2004,2004,119,,,S. L.,2005-03-22,2005,48977,SL48977,301,Shorthorn sculpin,Myoxocephalus scorpius,32.0,40.095,,,,130172,2500,Crab sp.,Crab sp.,2,Slight,,,1,5.5,,
"4T Southern Gulf of St. Lawrence Ecosystem Trawl Survey (RV Survey, Needler)",glf4t2004,2004,119,,,S. L.,2005-03-22,2005,48978,SL48978,301,Shorthorn sculpin,Myoxocephalus scorpius,34.0,44.533,,,,130173,2521,Arctic Lyre Crab/Lesser toad crab,Hyas coarctatus,2,Slight,21.0,,1,5.109,,
"4T Southern Gulf of St. Lawrence Ecosystem Trawl Survey (RV Survey, Needler)",glf4t2004,2004,119,,,S. L.,2005-03-22,2005,48978,SL48978,301,Shorthorn sculpin,Myoxocephalus scorpius,34.0,44.533,,,,130174,2521,Arctic Lyre Crab/Lesser toad crab,Hyas coarctatus,2,Slight,19.0,,1,4.939,,
"4T Southern Gulf of St. Lawrence Ecosystem Trawl Survey (RV Survey, Needler)",glf4t2004,2004,119,,,S. L.,2005-03-22,2005,48978,SL48978,301,Shorthorn sculpin,Myoxocephalus scorpius,34.0,44.533,,,,130175,2521,Arctic Lyre Crab/Lesser toad crab,Hyas coarctatus,2,Slight,26.0,,1,11.466,,
"4T Southern Gulf of St. Lawrence Ecosystem Trawl Survey (RV Survey, Needler)",glf4t2004,2004,119,,,S. L.,2005-03-22,2005,48978,SL48978,301,Shorthorn sculpin,Myoxocephalus scorpius,34.0,44.533,,,,130176,2521,Arctic Lyre Crab/Lesser toad crab,Hyas coarctatus,3,Intermediate,26.0,,1,8.67,,
"4T Southern Gulf of St. Lawrence Ecosystem Trawl Survey (RV Survey, Needler)",glf4t2004,2004,119,,,S. L.,2005-03-22,2005,48978,SL48978,301,Shorthorn sculpin,Myoxocephalus scorpius,34.0,44.533,,,,130177,2526,Snow crab,Chionoecetes opilio,2,Slight,33.0,,1,10.639,,
"4T Southern Gulf of St. Lawrence Ecosystem Trawl Survey (RV Survey, Needler)",glf4t2004,2004,119,,,S. L.,2005-03-22,2005,48978,SL48978,301,Shorthorn sculpin,Myoxocephalus scorpius,34.0,44.533,,,,130178,9300,Seaweed/Algae/Kelp unidentified,Obsolete,1,Undigested/freshly eaten,,,1,0.103,,
"4T Southern Gulf of St. Lawrence Ecosystem Trawl Survey (RV Survey, Needler)",glf4t2004,2004,119,,,S. L.,2005-03-22,2005,48978,SL48978,301,Shorthorn sculpin,Myoxocephalus scorpius,34.0,44.533,,,,130179,2500,Crab sp.,Crab sp.,2,Slight,,,1,3.607,,
"4T Southern Gulf of St. Lawrence Ecosystem Trawl Survey (RV Survey, Needler)",glf4t2004,2004,119,,,S. L.,2005-03-22,2005,48979,SL48979,340,Alligatorfish,Aspidophoroides monopterygius,13.4,0.011,,,,130180,2811,Gammaridae unidentified,Gammaridae,2,Slight,,,1,0.006,,
"4T Southern Gulf of St. Lawrence Ecosystem Trawl Survey (RV Survey, Needler)",glf4t2004,2004,119,,,S. L.,2005-03-22,2005,48979,SL48979,340,Alligatorfish,Aspidophoroides monopterygius,13.4,0.011,,,,130181,2971,Diastylis sp.,Diastylis,2,Slight,,,1,0.005,,
"4T Southern Gulf of St. Lawrence Ecosystem Trawl Survey (RV Survey, Needler)",glf4t2004,2004,119,,,S. L.,2005-03-22,2005,48980,SL48980,340,Alligatorfish,Aspidophoroides monopterygius,12.0,0.039,,,,130182,2700,Mysid shrimp,Mysidacea (o.),3,Intermediate,,,1,0.019,,
"4T Southern Gulf of St. Lawrence Ecosystem Trawl Survey (RV Survey, Needler)",glf4t2004,2004,119,,,S. L.,2005-03-22,2005,48980,SL48980,340,Alligatorfish,Aspidophoroides monopterygius,12.0,0.039,,,,130183,2811,Gammaridae unidentified,Gammaridae,3,Intermediate,,,1,0.004,,
"4T Southern Gulf of St. Lawrence Ecosystem Trawl Survey (RV Survey, Needler)",glf4t2004,2004,119,,,S. L.,2005-03-22,2005,48980,SL48980,340,Alligatorfish,Aspidophoroides monopterygius,12.0,0.039,,,,130184,2902,Copepods - 3 mm or less,Copepoda (s.c) - Small,3,Intermediate,,,1,0.003,,
"4T Southern Gulf of St. Lawrence Ecosystem Trawl Survey (RV Survey, Needler)",glf4t2004,2004,119,,,S. L.,2005-03-22,2005,48980,SL48980,340,Alligatorfish,Aspidophoroides monopterygius,12.0,0.039,,,,130185,2000,Crustacean unidentified,Crustacea,4,Advanced,,,1,0.008,,
"4T Southern Gulf of St. Lawrence Ecosystem Trawl Survey (RV Survey, Needler)",glf4t2004,2004,119,,,S. L.,2005-03-22,2005,48980,SL48980,340,Alligatorfish,Aspidophoroides monopterygius,12.0,0.039,,,,130186,2971,Diastylis sp.,Diastylis,,,,,1,0.005,,
"4T Southern Gulf of St. Lawrence Ecosystem Trawl Survey (RV Survey, Needler)",glf4t2004,2004,119,,,S. L.,2005-03-22,2005,48981,SL48981,502,Atlantic spiny lumpsucker,Eumicrotremus spinosus,7.2,0.023,,,,130187,2906,Hyperiidae unidentified,Hyperiidae,2,Slight,,,1,0.009,,
"4T Southern Gulf of St. Lawrence Ecosystem Trawl Survey (RV Survey, Needler)",glf4t2004,2004,119,,,S. L.,2005-03-22,2005,48981,SL48981,502,Atlantic spiny lumpsucker,Eumicrotremus spinosus,7.2,0.023,,,,130188,,,,2,Slight,,,1,0.007,,
"4T Southern Gulf of St. Lawrence Ecosystem Trawl Survey (RV Survey, Needler)",glf4t2004,2004,119,,,S. L.,2005-03-22,2005,48981,SL48981,502,Atlantic spiny lumpsucker,Eumicrotremus spinosus,7.2,0.023,,,,130189,2811,Gammaridae unidentified,Gammaridae,3,Intermediate,,,1,0.001,,
"4T Southern Gulf of St. Lawrence Ecosystem Trawl Survey (RV Survey, Needler)",glf4t2004,2004,119,,,S. L.,2005-03-22,2005,48981,SL48981,502,Atlantic spiny lumpsucker,Eumicrotremus spinosus,7.2,0.023,,,,130190,1831,Oikopleura sp.,Oikopleura sp.,2,Slight,,,1,0.003,,
"4T Southern Gulf of St. Lawrence Ecosystem Trawl Survey (RV Survey, Needler)",glf4t2004,2004,119,,,S. L.,2005-03-22,2005,48981,SL48981,502,Atlantic spiny lumpsucker,Eumicrotremus spinosus,7.2,0.023,,,,130191,,,,3,Intermediate,,,1,0.003,,
"4T Southern Gulf of St. Lawrence Ecosystem Trawl Survey (RV Survey, Needler)",glf4t2004,2004,119,,,S. L.,2005-03-22,2005,48982,SL48982,502,Atlantic spiny lumpsucker,Eumicrotremus spinosus,7.0,0.073,,,,130192,2906,Hyperiidae unidentified,Hyperiidae,2,Slight,,,1,0.039,,
"4T Southern Gulf of St. Lawrence Ecosystem Trawl Survey (RV Survey, Needler)",glf4t2004,2004,119,,,S. L.,2005-03-22,2005,48982,SL48982,502,Atlantic spiny lumpsucker,Eumicrotremus spinosus,7.0,0.073,,,,130193,1831,Oikopleura sp.,Oikopleura sp.,2,Slight,,,1,0.005,,
"4T Southern Gulf of St. Lawrence Ecosystem Trawl Survey (RV Survey, Needler)",glf4t2004,2004,119,,,S. L.,2005-03-22,2005,48982,SL48982,502,Atlantic spiny lumpsucker,Eumicrotremus spinosus,7.0,0.073,,,,130194,2906,Hyperiidae unidentified,Hyperiidae,4,Advanced,,,1,0.027,,
"4T Southern Gulf of St. Lawrence Ecosystem Trawl Survey (RV Survey, Needler)",glf4t2004,2004,119,,,S. L.,2005-03-22,2005,48982,SL48982,502,Atlantic spiny lumpsucker,Eumicrotremus spinosus,7.0,0.073,,,,130195,,,,,,,,1,0.002,,
"4T Southern Gulf of St. Lawrence Ecosystem Trawl Survey (RV Survey, Needler)",glf4t2004,2004,120,,,S. L.,2005-01-18,2005,48983,SL48983,30,Atlantic halibut,Hippoglossus hippoglossus,32.0,4.651,,,,130196,2559,Hermit Crabs (sf.),Paguridae,3,Intermediate,,,1,2.335,,
"4T Southern Gulf of St. Lawrence Ecosystem Trawl Survey (RV Survey, Needler)",glf4t2004,2004,120,,,S. L.,2005-01-18,2005,48983,SL48983,30,Atlantic halibut,Hippoglossus hippoglossus,32.0,4.651,,,,130197,90,Fish unidentified,"Unid. fish (larvae,juvenile and adults)",4,Advanced,,,1,1.337,,
"4T Southern Gulf of St. Lawrence Ecosystem Trawl Survey (RV Survey, Needler)",glf4t2004,2004,120,,,S. L.,2005-01-18,2005,48983,SL48983,30,Atlantic halibut,Hippoglossus hippoglossus,32.0,4.651,,,,130198,340,Alligatorfish,Aspidophoroides monopterygius,3,Intermediate,103.0,,1,0.979,,
"4T Southern Gulf of St. Lawrence Ecosystem Trawl Survey (RV Survey, Needler)",glf4t2004,2004,120,,,S. L.,2005-01-18,2005,48984,SL48984,42,Yellowtail flounder,Limanda ferruginea,19.7,0.501,,,,130199,2811,Gammaridae unidentified,Gammaridae,2,Slight,,,1,0.019,,
"4T Southern Gulf of St. Lawrence Ecosystem Trawl Survey (RV Survey, Needler)",glf4t2004,2004,120,,,S. L.,2005-01-18,2005,48984,SL48984,42,Yellowtail flounder,Limanda ferruginea,19.7,0.501,,,,130200,4300,Bivalve unidentified,Bivalvia,2,Slight,,,1,0.03,,
"4T Southern Gulf of St. Lawrence Ecosystem Trawl Survey (RV Survey, Needler)",glf4t2004,2004,120,,,S. L.,2005-01-18,2005,48984,SL48984,42,Yellowtail flounder,Limanda ferruginea,19.7,0.501,,,,130201,9000,Digested remains unidentified,"Unid remains,digested",4,Advanced,,,1,0.452,,
"4T Southern Gulf of St. Lawrence Ecosystem Trawl Survey (RV Survey, Needler)",glf4t2004,2004,120,,,J. R.,2005-03-07,2005,48985,JR48985,60,Atlantic herring,Clupea harengus,27.5,0.969,,,,130202,2902,Copepods - 3 mm or less,Copepoda (s.c) - Small,2,Slight,,,1,0.462,,
"4T Southern Gulf of St. Lawrence Ecosystem Trawl Survey (RV Survey, Needler)",glf4t2004,2004,120,,,J. R.,2005-03-07,2005,48985,JR48985,60,Atlantic herring,Clupea harengus,27.5,0.969,,,,130203,2900,Copepods,Copepoda,4,Advanced,,,1,0.507,,
"4T Southern Gulf of St. Lawrence Ecosystem Trawl Survey (RV Survey, Needler)",glf4t2004,2004,120,,,J. R.,2005-03-07,2005,48986,JR48986,60,Atlantic herring,Clupea harengus,28.6,1.45,,,,130204,2900,Copepods,Copepoda,4,Advanced,,,1,0.313,,
"4T Southern Gulf of St. Lawrence Ecosystem Trawl Survey (RV Survey, Needler)",glf4t2004,2004,120,,,J. R.,2005-03-07,2005,48986,JR48986,60,Atlantic herring,Clupea harengus,28.6,1.45,,,,130205,2902,Copepods - 3 mm or less,Copepoda (s.c) - Small,2,Slight,,,1,1.137,,
"4T Southern Gulf of St. Lawrence Ecosystem Trawl Survey (RV Survey, Needler)",glf4t2004,2004,120,,,J. R.,2005-03-07,2005,48987,JR48987,60,Atlantic herring,Clupea harengus,27.5,0.243,,,,130206,2900,Copepods,Copepoda,1,Undigested/freshly eaten,,,1,0.001,,
"4T Southern Gulf of St. Lawrence Ecosystem Trawl Survey (RV Survey, Needler)",glf4t2004,2004,120,,,J. R.,2005-03-07,2005,48987,JR48987,60,Atlantic herring,Clupea harengus,27.5,0.243,,,,130207,2900,Copepods,Copepoda,4,Advanced,,,1,0.242,,
"4T Southern Gulf of St. Lawrence Ecosystem Trawl Survey (RV Survey, Needler)",glf4t2004,2004,120,,,J. R.,2005-03-07,2005,48988,JR48988,60,Atlantic herring,Clupea harengus,29.7,1.409,,,,130208,2700,Mysid shrimp,Mysidacea (o.),2,Slight,,,1,0.031,,
"4T Southern Gulf of St. Lawrence Ecosystem Trawl Survey (RV Survey, Needler)",glf4t2004,2004,120,,,J. R.,2005-03-07,2005,48988,JR48988,60,Atlantic herring,Clupea harengus,29.7,1.409,,,,130209,2902,Copepods - 3 mm or less,Copepoda (s.c) - Small,2,Slight,,,1,1.378,,
"4T Southern Gulf of St. Lawrence Ecosystem Trawl Survey (RV Survey, Needler)",glf4t2004,2004,120,,,J. R.,2005-03-07,2005,48989,JR48989,60,Atlantic herring,Clupea harengus,32.4,0.788,,,,130210,2902,Copepods - 3 mm or less,Copepoda (s.c) - Small,4,Advanced,,,1,0.121,,
"4T Southern Gulf of St. Lawrence Ecosystem Trawl Survey (RV Survey, Needler)",glf4t2004,2004,120,,,J. R.,2005-03-07,2005,48989,JR48989,60,Atlantic herring,Clupea harengus,32.4,0.788,,,,130211,2900,Copepods,Copepoda,2,Slight,,,1,0.767,,
"4T Southern Gulf of St. Lawrence Ecosystem Trawl Survey (RV Survey, Needler)",glf4t2004,2004,120,,,S. L.,2005-01-18,2005,48990,SL48990,118,Greenland cod,Gadus macrocephalus,39.0,4.474,,,,130212,2317,Doll eualid,Eualus pusiolus,2,Slight,,,1,0.331,,
"4T Southern Gulf of St. Lawrence Ecosystem Trawl Survey (RV Survey, Needler)",glf4t2004,2004,120,,,S. L.,2005-01-18,2005,48990,SL48990,118,Greenland cod,Gadus macrocephalus,39.0,4.474,,,,130213,2332,Arctic eualid,Eualus fabricii,2,Slight,,,1,0.649,,
"4T Southern Gulf of St. Lawrence Ecosystem Trawl Survey (RV Survey, Needler)",glf4t2004,2004,120,,,S. L.,2005-01-18,2005,48990,SL48990,118,Greenland cod,Gadus macrocephalus,39.0,4.474,,,,130214,2312,Polar shrimp,Lebbeus polaris,2,Slight,,,1,1.261,,
"4T Southern Gulf of St. Lawrence Ecosystem Trawl Survey (RV Survey, Needler)",glf4t2004,2004,120,,,S. L.,2005-01-18,2005,48990,SL48990,118,Greenland cod,Gadus macrocephalus,39.0,4.474,,,,130215,3100,Bristle worm unidentified,Polychaeta,3,Intermediate,,,1,0.303,,
"4T Southern Gulf of St. Lawrence Ecosystem Trawl Survey (RV Survey, Needler)",glf4t2004,2004,120,,,S. L.,2005-01-18,2005,48990,SL48990,118,Greenland cod,Gadus macrocephalus,39.0,4.474,,,,130216,2100,Decapod unidentified,Decapoda,4,Advanced,,,1,1.93,,
"4T Southern Gulf of St. Lawrence Ecosystem Trawl Survey (RV Survey, Needler)",glf4t2004,2004,120,,,S. L.,2005-01-18,2005,48991,SL48991,118,Greenland cod,Gadus macrocephalus,36.0,12.914,,,,130217,2212,Aesop shrimp,Pandalus montagui,2,Slight,,,1,0.853,,
"4T Southern Gulf of St. Lawrence Ecosystem Trawl Survey (RV Survey, Needler)",glf4t2004,2004,120,,,S. L.,2005-01-18,2005,48991,SL48991,118,Greenland cod,Gadus macrocephalus,36.0,12.914,,,,130218,2100,Decapod unidentified,Decapoda,4,Advanced,,,1,1.056,,
"4T Southern Gulf of St. Lawrence Ecosystem Trawl Survey (RV Survey, Needler)",glf4t2004,2004,120,,,S. L.,2005-01-18,2005,48991,SL48991,118,Greenland cod,Gadus macrocephalus,36.0,12.914,,,,130219,90,Fish unidentified,"Unid. fish (larvae,juvenile and adults)",4,Advanced,,,1,11.005,,
"4T Southern Gulf of St. Lawrence Ecosystem Trawl Survey (RV Survey, Needler)",glf4t2004,2004,120,,,S. L.,2005-01-19,2005,48992,SL48992,118,Greenland cod,Gadus macrocephalus,37.0,2.556,,,,130220,2312,Polar shrimp,Lebbeus polaris,3,Intermediate,,,1,1.177,,
"4T Southern Gulf of St. Lawrence Ecosystem Trawl Survey (RV Survey, Needler)",glf4t2004,2004,120,,,S. L.,2005-01-19,2005,48992,SL48992,118,Greenland cod,Gadus macrocephalus,37.0,2.556,,,,130221,2100,Decapod unidentified,Decapoda,4,Advanced,,,1,1.379,,
"4T Southern Gulf of St. Lawrence Ecosystem Trawl Survey (RV Survey, Needler)",glf4t2004,2004,120,,,S. L.,2005-02-15,2005,48993,SL48993,118,Greenland cod,Gadus macrocephalus,45.0,154.431,,,,130222,10,Atlantic cod,Gadus morhua,3,Intermediate,,,1,143.2,,
"4T Southern Gulf of St. Lawrence Ecosystem Trawl Survey (RV Survey, Needler)",glf4t2004,2004,120,,,S. L.,2005-02-15,2005,48993,SL48993,118,Greenland cod,Gadus macrocephalus,45.0,154.431,,,,130223,9000,Digested remains unidentified,"Unid remains,digested",4,Advanced,,,1,11.231,,
"4T Southern Gulf of St. Lawrence Ecosystem Trawl Survey (RV Survey, Needler)",glf4t2004,2004,120,,,S. L.,2004-12-02,2004,48994,SL48994,300,Longhorn sculpin,Myoxocephalus octodecemspinosus,24.9,1.433,,,,130224,2212,Aesop shrimp,Pandalus montagui,2,Slight,,,1,0.79,,
"4T Southern Gulf of St. Lawrence Ecosystem Trawl Survey (RV Survey, Needler)",glf4t2004,2004,120,,,S. L.,2004-12-02,2004,48994,SL48994,300,Longhorn sculpin,Myoxocephalus octodecemspinosus,24.9,1.433,,,,130225,2100,Decapod unidentified,Decapoda,4,Advanced,,,1,0.643,,
"4T Southern Gulf of St. Lawrence Ecosystem Trawl Survey (RV Survey, Needler)",glf4t2004,2004,120,,,S. L.,2004-12-02,2004,48995,SL48995,300,Longhorn sculpin,Myoxocephalus octodecemspinosus,24.2,1.924,,,,130226,2212,Aesop shrimp,Pandalus montagui,2,Slight,,,1,1.75,,
"4T Southern Gulf of St. Lawrence Ecosystem Trawl Survey (RV Survey, Needler)",glf4t2004,2004,120,,,S. L.,2004-12-02,2004,48995,SL48995,300,Longhorn sculpin,Myoxocephalus octodecemspinosus,24.2,1.924,,,,130227,9000,Digested remains unidentified,"Unid remains,digested",4,Advanced,,,1,0.174,,
"4T Southern Gulf of St. Lawrence Ecosystem Trawl Survey (RV Survey, Needler)",glf4t2004,2004,120,,,S. L.,2005-02-15,2005,48996,SL48996,304,Moustache sculpin,Triglops murrayi,13.7,0.341,,,,130228,2100,Decapod unidentified,Decapoda,4,Advanced,,,1,0.319,,
"4T Southern Gulf of St. Lawrence Ecosystem Trawl Survey (RV Survey, Needler)",glf4t2004,2004,120,,,S. L.,2005-02-15,2005,48996,SL48996,304,Moustache sculpin,Triglops murrayi,13.7,0.341,,,,130229,2312,Polar shrimp,Lebbeus polaris,2,Slight,,,1,0.022,,
"4T Southern Gulf of St. Lawrence Ecosystem Trawl Survey (RV Survey, Needler)",glf4t2004,2004,120,,,S. L.,2005-02-15,2005,48997,SL48997,304,Moustache sculpin,Triglops murrayi,10.2,0.04,,,,130230,2811,Gammaridae unidentified,Gammaridae,3,Intermediate,,,1,0.035,,
"4T Southern Gulf of St. Lawrence Ecosystem Trawl Survey (RV Survey, Needler)",glf4t2004,2004,120,,,S. L.,2005-02-15,2005,48997,SL48997,304,Moustache sculpin,Triglops murrayi,10.2,0.04,,,,130231,2870,Caprellidae unidentified,Caprellidae,2,Slight,,,1,0.005,,
"4T Southern Gulf of St. Lawrence Ecosystem Trawl Survey (RV Survey, Needler)",glf4t2004,2004,120,,,S. L.,2005-02-15,2005,48998,SL48998,304,Moustache sculpin,Triglops murrayi,11.1,0.004,,,,130232,2811,Gammaridae unidentified,Gammaridae,3,Intermediate,,,1,0.001,,
"4T Southern Gulf of St. Lawrence Ecosystem Trawl Survey (RV Survey, Needler)",glf4t2004,2004,120,,,S. L.,2005-02-15,2005,48998,SL48998,304,Moustache sculpin,Triglops murrayi,11.1,0.004,,,,130233,9000,Digested remains unidentified,"Unid remains,digested",4,Advanced,,,1,0.003,,
"4T Southern Gulf of St. Lawrence Ecosystem Trawl Survey (RV Survey, Needler)",glf4t2004,2004,120,,,S. L.,2005-02-27,2005,48999,SL48999,626,Fourline snakeblenny,Eumesogrammus praecisus,16.0,0.013,,,,130234,2811,Gammaridae unidentified,Gammaridae,3,Intermediate,,,1,0.006,,
"4T Southern Gulf of St. Lawrence Ecosystem Trawl Survey (RV Survey, Needler)",glf4t2004,2004,120,,,S. L.,2005-02-27,2005,48999,SL48999,626,Fourline snakeblenny,Eumesogrammus praecisus,16.0,0.013,,,,130235,,,,,,,,1,0.007,,
"4T Southern Gulf of St. Lawrence Ecosystem Trawl Survey (RV Survey, Needler)",glf4t2004,2004,121,,730,S. L.,2005-12-05,2005,49000,SL49000,10,Atlantic cod,Gadus morhua,37.0,6.0936,,,,130236,2212,Aesop shrimp,Pandalus montagui,2,Slight,,,1,1.0868,,
"4T Southern Gulf of St. Lawrence Ecosystem Trawl Survey (RV Survey, Needler)",glf4t2004,2004,121,,730,S. L.,2005-12-05,2005,49000,SL49000,10,Atlantic cod,Gadus morhua,37.0,6.0936,,,,130237,2700,Mysid shrimp,Mysidacea (o.),2,Slight,,,1,0.6161,,
"4T Southern Gulf of St. Lawrence Ecosystem Trawl Survey (RV Survey, Needler)",glf4t2004,2004,121,,730,S. L.,2005-12-05,2005,49000,SL49000,10,Atlantic cod,Gadus morhua,37.0,6.0936,,,,130238,3100,Bristle worm unidentified,Polychaeta,2,Slight,,,1,0.1709,,
"4T Southern Gulf of St. Lawrence Ecosystem Trawl Survey (RV Survey, Needler)",glf4t2004,2004,121,,730,S. L.,2005-12-05,2005,49000,SL49000,10,Atlantic cod,Gadus morhua,37.0,6.0936,,,,130239,2906,Hyperiidae unidentified,Hyperiidae,3,Intermediate,,,1,3.4265,,
"4T Southern Gulf of St. Lawrence Ecosystem Trawl Survey (RV Survey, Needler)",glf4t2004,2004,121,,730,S. L.,2005-12-05,2005,49000,SL49000,10,Atlantic cod,Gadus morhua,37.0,6.0936,,,,130240,9100,Mucus,Mucus,,,,,1,0.7933,,
"4T Southern Gulf of St. Lawrence Ecosystem Trawl Survey (RV Survey, Needler)",glf4t2004,2004,121,,,S. L.,2005-01-18,2005,49001,SL49001,118,Greenland cod,Gadus macrocephalus,35.0,3.339,,,,130241,2333,Circumpolar shrimp,Eualus gaimardii,2,Slight,,,1,1.407,,
"4T Southern Gulf of St. Lawrence Ecosystem Trawl Survey (RV Survey, Needler)",glf4t2004,2004,121,,,S. L.,2005-01-18,2005,49001,SL49001,118,Greenland cod,Gadus macrocephalus,35.0,3.339,,,,130242,2331,Greenland shrimp,Eualus macilentus,3,Intermediate,,,1,0.936,,
"4T Southern Gulf of St. Lawrence Ecosystem Trawl Survey (RV Survey, Needler)",glf4t2004,2004,121,,,S. L.,2005-01-18,2005,49001,SL49001,118,Greenland cod,Gadus macrocephalus,35.0,3.339,,,,130243,7100,Round worm unidentified,Nematoda,1,Undigested/freshly eaten,,,1,0.062,,
"4T Southern Gulf of St. Lawrence Ecosystem Trawl Survey (RV Survey, Needler)",glf4t2004,2004,121,,,S. L.,2005-01-18,2005,49001,SL49001,118,Greenland cod,Gadus macrocephalus,35.0,3.339,,,,130244,2100,Decapod unidentified,Decapoda,4,Advanced,,,1,0.934,,
"4T Southern Gulf of St. Lawrence Ecosystem Trawl Survey (RV Survey, Needler)",glf4t2004,2004,121,,,S. L.,2005-03-19,2005,49002,SL49002,340,Alligatorfish,Aspidophoroides monopterygius,10.8,0.011,,,,130245,2811,Gammaridae unidentified,Gammaridae,3,Intermediate,,,1,0.005,,
"4T Southern Gulf of St. Lawrence Ecosystem Trawl Survey (RV Survey, Needler)",glf4t2004,2004,121,,,S. L.,2005-03-19,2005,49002,SL49002,340,Alligatorfish,Aspidophoroides monopterygius,10.8,0.011,,,,130246,2870,Caprellidae unidentified,Caprellidae,2,Slight,,,1,0.006,,
"4T Southern Gulf of St. Lawrence Ecosystem Trawl Survey (RV Survey, Needler)",glf4t2004,2004,121,,,S. L.,2005-02-14,2005,49003,SL49003,350,Atlantic poacher,Leptagonus decagonus,20.5,0.5,,,,130247,2700,Mysid shrimp,Mysidacea (o.),2,Slight,,,1,0.037,,
"4T Southern Gulf of St. Lawrence Ecosystem Trawl Survey (RV Survey, Needler)",glf4t2004,2004,121,,,S. L.,2005-02-14,2005,49003,SL49003,350,Atlantic poacher,Leptagonus decagonus,20.5,0.5,,,,130248,2811,Gammaridae unidentified,Gammaridae,2,Slight,,,1,0.463,,
"4T Southern Gulf of St. Lawrence Ecosystem Trawl Survey (RV Survey, Needler)",glf4t2004,2004,121,,,S. L.,2005-02-23,2005,49004,SL49004,502,Atlantic spiny lumpsucker,Eumicrotremus spinosus,6.6,0.303,,,,130249,2906,Hyperiidae unidentified,Hyperiidae,2,Slight,,,1,0.14,,
"4T Southern Gulf of St. Lawrence Ecosystem Trawl Survey (RV Survey, Needler)",glf4t2004,2004,121,,,S. L.,2005-02-23,2005,49004,SL49004,502,Atlantic spiny lumpsucker,Eumicrotremus spinosus,6.6,0.303,,,,130250,2811,Gammaridae unidentified,Gammaridae,2,Slight,,,1,0.004,,
"4T Southern Gulf of St. Lawrence Ecosystem Trawl Survey (RV Survey, Needler)",glf4t2004,2004,121,,,S. L.,2005-02-23,2005,49004,SL49004,502,Atlantic spiny lumpsucker,Eumicrotremus spinosus,6.6,0.303,,,,130251,2906,Hyperiidae unidentified,Hyperiidae,4,Advanced,,,1,0.145,,
"4T Southern Gulf of St. Lawrence Ecosystem Trawl Survey (RV Survey, Needler)",glf4t2004,2004,121,,,S. L.,2005-02-23,2005,49004,SL49004,502,Atlantic spiny lumpsucker,Eumicrotremus spinosus,6.6,0.303,,,,130252,1305,Invertebrate eggs other,Eggs - Invertebrate,3,Intermediate,,,1,0.014,,
"4T Southern Gulf of St. Lawrence Ecosystem Trawl Survey (RV Survey, Needler)",glf4t2004,2004,121,,,S. L.,2005-02-23,2005,49005,SL49005,512,Dusky snailfish,Liparis gibbus,3.0,0.015,,,,130253,2811,Gammaridae unidentified,Gammaridae,3,Intermediate,,,1,0.006,,
"4T Southern Gulf of St. Lawrence Ecosystem Trawl Survey (RV Survey, Needler)",glf4t2004,2004,121,,,S. L.,2005-02-23,2005,49005,SL49005,512,Dusky snailfish,Liparis gibbus,3.0,0.015,,,,130254,2980,Isopoda unidentified,Isopoda,3,Intermediate,,,1,0.008,,
"4T Southern Gulf of St. Lawrence Ecosystem Trawl Survey (RV Survey, Needler)",glf4t2004,2004,121,,,S. L.,2005-02-23,2005,49005,SL49005,512,Dusky snailfish,Liparis gibbus,3.0,0.015,,,,130255,2500,Crab sp.,Crab sp.,3,Intermediate,,,1,0.001,,
"4T Southern Gulf of St. Lawrence Ecosystem Trawl Survey (RV Survey, Needler)",glf4t2004,2004,121,,,S. L.,2005-03-27,2005,49006,SL49006,623,Daubed shanny,Leptoclinus maculatus,10.8,0.013,,,,130256,2811,Gammaridae unidentified,Gammaridae,3,Intermediate,,,1,0.002,,
"4T Southern Gulf of St. Lawrence Ecosystem Trawl Survey (RV Survey, Needler)",glf4t2004,2004,121,,,S. L.,2005-03-27,2005,49006,SL49006,623,Daubed shanny,Leptoclinus maculatus,10.8,0.013,,,,130257,9000,Digested remains unidentified,"Unid remains,digested",4,Advanced,,,1,0.011,,
"4T Southern Gulf of St. Lawrence Ecosystem Trawl Survey (RV Survey, Needler)",glf4t2004,2004,121,,,S. L.,2005-03-27,2005,49007,SL49007,623,Daubed shanny,Leptoclinus maculatus,9.2,0.018,,,,130258,2811,Gammaridae unidentified,Gammaridae,3,Intermediate,,,1,0.005,,
"4T Southern Gulf of St. Lawrence Ecosystem Trawl Survey (RV Survey, Needler)",glf4t2004,2004,121,,,S. L.,2005-03-27,2005,49007,SL49007,623,Daubed shanny,Leptoclinus maculatus,9.2,0.018,,,,130259,2000,Crustacean unidentified,Crustacea,4,Advanced,,,1,0.013,,
"4T Southern Gulf of St. Lawrence Ecosystem Trawl Survey (RV Survey, Needler)",glf4t2004,2004,121,,,S. L.,2005-03-23,2005,49008,SL49008,623,Daubed shanny,Leptoclinus maculatus,9.0,0.024,,,,130260,2000,Crustacean unidentified,Crustacea,4,Advanced,,,1,0.005,,
"4T Southern Gulf of St. Lawrence Ecosystem Trawl Survey (RV Survey, Needler)",glf4t2004,2004,121,,,S. L.,2005-03-23,2005,49008,SL49008,623,Daubed shanny,Leptoclinus maculatus,9.0,0.024,,,,130261,3100,Bristle worm unidentified,Polychaeta,3,Intermediate,,,1,0.019,,
"4T Southern Gulf of St. Lawrence Ecosystem Trawl Survey (RV Survey, Needler)",glf4t2004,2004,121,,,S. L.,2005-03-22,2005,49009,SL49009,632,Stout eelblenny,Anisarchus medius,12.0,0.141,,,,130262,2700,Mysid shrimp,Mysidacea (o.),3,Intermediate,,,1,0.14,,
"4T Southern Gulf of St. Lawrence Ecosystem Trawl Survey (RV Survey, Needler)",glf4t2004,2004,121,,,S. L.,2005-03-22,2005,49009,SL49009,632,Stout eelblenny,Anisarchus medius,12.0,0.141,,,,130263,2902,Copepods - 3 mm or less,Copepoda (s.c) - Small,2,Slight,,,1,0.001,,
"4T Southern Gulf of St. Lawrence Ecosystem Trawl Survey (RV Survey, Needler)",glf4t2004,2004,121,,,S. L.,2005-03-29,2005,49010,SL49010,632,Stout eelblenny,Anisarchus medius,9.7,0.034,,,,130264,2902,Copepods - 3 mm or less,Copepoda (s.c) - Small,2,Slight,,,1,0.001,,
"4T Southern Gulf of St. Lawrence Ecosystem Trawl Survey (RV Survey, Needler)",glf4t2004,2004,121,,,S. L.,2005-03-29,2005,49010,SL49010,632,Stout eelblenny,Anisarchus medius,9.7,0.034,,,,130265,2000,Crustacean unidentified,Crustacea,4,Advanced,,,1,0.001,,
"4T Southern Gulf of St. Lawrence Ecosystem Trawl Survey (RV Survey, Needler)",glf4t2004,2004,121,,,S. L.,2005-03-29,2005,49010,SL49010,632,Stout eelblenny,Anisarchus medius,9.7,0.034,,,,130266,9000,Digested remains unidentified,"Unid remains,digested",4,Advanced,,,1,0.032,,
"4T Southern Gulf of St. Lawrence Ecosystem Trawl Survey (RV Survey, Needler)",glf4t2004,2004,121,,,S. L.,2005-03-29,2005,49011,SL49011,632,Stout eelblenny,Anisarchus medius,8.9,0.035,,,,130267,2902,Copepods - 3 mm or less,Copepoda (s.c) - Small,2,Slight,,,1,0.001,,
"4T Southern Gulf of St. Lawrence Ecosystem Trawl Survey (RV Survey, Needler)",glf4t2004,2004,121,,,S. L.,2005-03-29,2005,49011,SL49011,632,Stout eelblenny,Anisarchus medius,8.9,0.035,,,,130268,2971,Diastylis sp.,Diastylis,2,Slight,,,1,0.003,,
"4T Southern Gulf of St. Lawrence Ecosystem Trawl Survey (RV Survey, Needler)",glf4t2004,2004,121,,,S. L.,2005-03-29,2005,49011,SL49011,632,Stout eelblenny,Anisarchus medius,8.9,0.035,,,,130269,7100,Round worm unidentified,Nematoda,1,Undigested/freshly eaten,,,1,0.001,,
"4T Southern Gulf of St. Lawrence Ecosystem Trawl Survey (RV Survey, Needler)",glf4t2004,2004,121,,,S. L.,2005-03-29,2005,49011,SL49011,632,Stout eelblenny,Anisarchus medius,8.9,0.035,,,,130270,9000,Digested remains unidentified,"Unid remains,digested",4,Advanced,,,1,0.03,,
"4T Southern Gulf of St. Lawrence Ecosystem Trawl Survey (RV Survey, Needler)",glf4t2004,2004,121,,,S. L.,2005-03-19,2005,49012,SL49012,880,Atlantic hookear sculpin,Artediellus atlanticus,3.5,0.023,,,,130271,3100,Bristle worm unidentified,Polychaeta,3,Intermediate,,,1,0.013,,
"4T Southern Gulf of St. Lawrence Ecosystem Trawl Survey (RV Survey, Needler)",glf4t2004,2004,121,,,S. L.,2005-03-19,2005,49012,SL49012,880,Atlantic hookear sculpin,Artediellus atlanticus,3.5,0.023,,,,130272,2811,Gammaridae unidentified,Gammaridae,3,Intermediate,,,1,0.01,,
"4T Southern Gulf of St. Lawrence Ecosystem Trawl Survey (RV Survey, Needler)",glf4t2004,2004,122,,,S. L.,2004-12-02,2004,49013,SL49013,40,American plaice,Hippoglossoides platessoides,28.5,4.53,,,,130273,2700,Mysid shrimp,Mysidacea (o.),2,Slight,,,1,4.443,,
"4T Southern Gulf of St. Lawrence Ecosystem Trawl Survey (RV Survey, Needler)",glf4t2004,2004,122,,,S. L.,2004-12-02,2004,49013,SL49013,40,American plaice,Hippoglossoides platessoides,28.5,4.53,,,,130274,4310,Clam unidentified,Protobranchia/Heteroconchia,2,Slight,,,1,0.087,,
"4T Southern Gulf of St. Lawrence Ecosystem Trawl Survey (RV Survey, Needler)",glf4t2004,2004,122,,,S. L.,2004-12-13,2004,49014,SL49014,40,American plaice,Hippoglossoides platessoides,25.6,0.856,,,,130275,2700,Mysid shrimp,Mysidacea (o.),2,Slight,,,1,0.119,,
"4T Southern Gulf of St. Lawrence Ecosystem Trawl Survey (RV Survey, Needler)",glf4t2004,2004,122,,,S. L.,2004-12-13,2004,49014,SL49014,40,American plaice,Hippoglossoides platessoides,25.6,0.856,,,,130276,2600,Krill,Euphausiacea,2,Slight,,,1,0.522,,
"4T Southern Gulf of St. Lawrence Ecosystem Trawl Survey (RV Survey, Needler)",glf4t2004,2004,122,,,S. L.,2004-12-13,2004,49014,SL49014,40,American plaice,Hippoglossoides platessoides,25.6,0.856,,,,130277,3100,Bristle worm unidentified,Polychaeta,3,Intermediate,,,1,0.215,,
"4T Southern Gulf of St. Lawrence Ecosystem Trawl Survey (RV Survey, Needler)",glf4t2004,2004,122,,,S. L.,2004-12-13,2004,49015,SL49015,40,American plaice,Hippoglossoides platessoides,23.4,2.175,,,,130278,2700,Mysid shrimp,Mysidacea (o.),2,Slight,,,1,1.1,,
"4T Southern Gulf of St. Lawrence Ecosystem Trawl Survey (RV Survey, Needler)",glf4t2004,2004,122,,,S. L.,2004-12-13,2004,49015,SL49015,40,American plaice,Hippoglossoides platessoides,23.4,2.175,,,,130279,623,Daubed shanny,Leptoclinus maculatus,4,Advanced,36.0,,1,0.313,,
"4T Southern Gulf of St. Lawrence Ecosystem Trawl Survey (RV Survey, Needler)",glf4t2004,2004,122,,,S. L.,2004-12-13,2004,49015,SL49015,40,American plaice,Hippoglossoides platessoides,23.4,2.175,,,,130280,290,Herring/Smelt,Clupeidae/Osmeridae (f.),4,Advanced,47.0,,1,0.543,,
"4T Southern Gulf of St. Lawrence Ecosystem Trawl Survey (RV Survey, Needler)",glf4t2004,2004,122,,,S. L.,2004-12-13,2004,49015,SL49015,40,American plaice,Hippoglossoides platessoides,23.4,2.175,,,,130281,90,Fish unidentified,"Unid. fish (larvae,juvenile and adults)",4,Advanced,,,1,0.219,,
"4T Southern Gulf of St. Lawrence Ecosystem Trawl Survey (RV Survey, Needler)",glf4t2004,2004,122,,,S. L.,2004-12-13,2004,49016,SL49016,40,American plaice,Hippoglossoides platessoides,21.5,0.557,,,,130282,2331,Greenland shrimp,Eualus macilentus,2,Slight,,,1,0.298,,
"4T Southern Gulf of St. Lawrence Ecosystem Trawl Survey (RV Survey, Needler)",glf4t2004,2004,122,,,S. L.,2004-12-13,2004,49016,SL49016,40,American plaice,Hippoglossoides platessoides,21.5,0.557,,,,130283,2700,Mysid shrimp,Mysidacea (o.),2,Slight,,,1,0.161,,
"4T Southern Gulf of St. Lawrence Ecosystem Trawl Survey (RV Survey, Needler)",glf4t2004,2004,122,,,S. L.,2004-12-13,2004,49016,SL49016,40,American plaice,Hippoglossoides platessoides,21.5,0.557,,,,130284,3149,Cistenides granulata,Cistenides granulata,2,Slight,,,1,0.02,,
"4T Southern Gulf of St. Lawrence Ecosystem Trawl Survey (RV Survey, Needler)",glf4t2004,2004,122,,,S. L.,2004-12-13,2004,49016,SL49016,40,American plaice,Hippoglossoides platessoides,21.5,0.557,,,,130285,4300,Bivalve unidentified,Bivalvia,2,Slight,,,1,0.078,,
"4T Southern Gulf of St. Lawrence Ecosystem Trawl Survey (RV Survey, Needler)",glf4t2004,2004,122,,,S. L.,2005-02-23,2005,49017,SL49017,314,Spatulate sculpin,Icelus spatula,10.0,0.531,,,,130286,2700,Mysid shrimp,Mysidacea (o.),2,Slight,,,1,0.518,,
"4T Southern Gulf of St. Lawrence Ecosystem Trawl Survey (RV Survey, Needler)",glf4t2004,2004,122,,,S. L.,2005-02-23,2005,49017,SL49017,314,Spatulate sculpin,Icelus spatula,10.0,0.531,,,,130287,2811,Gammaridae unidentified,Gammaridae,2,Slight,,,1,0.013,,
"4T Southern Gulf of St. Lawrence Ecosystem Trawl Survey (RV Survey, Needler)",glf4t2004,2004,122,,,S. L.,2005-02-23,2005,49018,SL49018,314,Spatulate sculpin,Icelus spatula,7.8,0.389,,,,130288,2700,Mysid shrimp,Mysidacea (o.),2,Slight,,,1,0.326,,
"4T Southern Gulf of St. Lawrence Ecosystem Trawl Survey (RV Survey, Needler)",glf4t2004,2004,122,,,S. L.,2005-02-23,2005,49018,SL49018,314,Spatulate sculpin,Icelus spatula,7.8,0.389,,,,130289,2906,Hyperiidae unidentified,Hyperiidae,3,Intermediate,,,1,0.063,,
"4T Southern Gulf of St. Lawrence Ecosystem Trawl Survey (RV Survey, Needler)",glf4t2004,2004,122,,,S. L.,2005-03-22,2005,49019,SL49019,623,Daubed shanny,Leptoclinus maculatus,11.9,0.078,,,,130290,2000,Crustacean unidentified,Crustacea,4,Advanced,,,1,0.011,,
"4T Southern Gulf of St. Lawrence Ecosystem Trawl Survey (RV Survey, Needler)",glf4t2004,2004,122,,,S. L.,2005-03-22,2005,49019,SL49019,623,Daubed shanny,Leptoclinus maculatus,11.9,0.078,,,,130291,3100,Bristle worm unidentified,Polychaeta,3,Intermediate,,,1,0.067,,
"4T Southern Gulf of St. Lawrence Ecosystem Trawl Survey (RV Survey, Needler)",glf4t2004,2004,122,,,S. L.,2005-03-22,2005,49020,SL49020,623,Daubed shanny,Leptoclinus maculatus,9.7,0.025,,,,130292,2000,Crustacean unidentified,Crustacea,4,Advanced,,,1,0.003,,
"4T Southern Gulf of St. Lawrence Ecosystem Trawl Survey (RV Survey, Needler)",glf4t2004,2004,122,,,S. L.,2005-03-22,2005,49020,SL49020,623,Daubed shanny,Leptoclinus maculatus,9.7,0.025,,,,130293,9000,Digested remains unidentified,"Unid remains,digested",4,Advanced,,,1,0.022,,
